Copyright 1986-2022 Xilinx, Inc. All Rights Reserved. Copyright 2022-2025 Advanced Micro Devices, Inc. All Rights Reserved.
---------------------------------------------------------------------------------------------------------------------------------------------
| Tool Version : Vivado v.2025.2 (win64) Build 6299465 Fri Nov 14 19:35:11 GMT 2025
| Date         : Wed Sep 30 11:59:23 2026
| Host         : LAPTOP_Truong running 64-bit major release  (build 9200)
| Command      : report_timing_summary -delay_type max -max_paths 20 -file ./build/reproduced_9config_mem1/CSLA_WALLACE_timing.rpt
| Design       : cpu_top
| Device       : 7z030-ffg676
| Speed File   : -1  PRODUCTION 1.12 2019-11-22
| Design State : Routed
---------------------------------------------------------------------------------------------------------------------------------------------

Timing Summary Report

------------------------------------------------------------------------------------------------
| Timer Settings
| --------------
------------------------------------------------------------------------------------------------

  Enable Multi Corner Analysis               :  Yes
  Enable Pessimism Removal                   :  Yes
  Pessimism Removal Resolution               :  Nearest Common Node
  Enable Input Delay Default Clock           :  No
  Enable Preset / Clear Arcs                 :  No
  Disable Flight Delays                      :  No
  Ignore I/O Paths                           :  No
  Timing Early Launch at Borrowing Latches   :  No
  Borrow Time for Max Delay Exceptions       :  Yes
  Merge Timing Exceptions                    :  Yes
  Inter-SLR Compensation                     :  Conservative

  Corner  Analyze    Analyze    
  Name    Max Paths  Min Paths  
  ------  ---------  ---------  
  Slow    Yes        Yes        
  Fast    Yes        Yes        


------------------------------------------------------------------------------------------------
| Report Methodology
| ------------------
------------------------------------------------------------------------------------------------

Rule       Severity  Description                                 Violations  
---------  --------  ------------------------------------------  ----------  
SYNTH-6    Warning   Timing of a RAM block might be sub-optimal  4           
TIMING-18  Warning   Missing input or output delay               101         

Note: This report is based on the most recent report_methodology run and may not be up-to-date. Run report_methodology on the current design for the latest report.



check_timing report

Table of Contents
-----------------
1. checking no_clock (0)
2. checking constant_clock (0)
3. checking pulse_width_clock (0)
4. checking unconstrained_internal_endpoints (0)
5. checking no_input_delay (1)
6. checking no_output_delay (101)
7. checking multiple_clock (0)
8. checking generated_clocks (0)
9. checking loops (0)
10. checking partial_input_delay (0)
11. checking partial_output_delay (0)
12. checking latch_loops (0)

1. checking no_clock (0)
------------------------
 There are 0 register/latch pins with no clock.


2. checking constant_clock (0)
------------------------------
 There are 0 register/latch pins with constant_clock.


3. checking pulse_width_clock (0)
---------------------------------
 There are 0 register/latch pins which need pulse_width check


4. checking unconstrained_internal_endpoints (0)
------------------------------------------------
 There are 0 pins that are not constrained for maximum delay.

 There are 0 pins that are not constrained for maximum delay due to constant clock.


5. checking no_input_delay (1)
------------------------------
 There are 0 input ports with no input delay specified.

 There is 1 input port with no input delay but user has a false path constraint. (MEDIUM)


6. checking no_output_delay (101)
---------------------------------
 There are 101 ports with no output delay specified. (HIGH)

 There are 0 ports with no output delay but user has a false path constraint

 There are 0 ports with no output delay but with a timing clock defined on it or propagating through it


7. checking multiple_clock (0)
------------------------------
 There are 0 register/latch pins with multiple clocks.


8. checking generated_clocks (0)
--------------------------------
 There are 0 generated clocks that are not connected to a clock source.


9. checking loops (0)
---------------------
 There are 0 combinational loops in the design.


10. checking partial_input_delay (0)
------------------------------------
 There are 0 input ports with partial input delay specified.


11. checking partial_output_delay (0)
-------------------------------------
 There are 0 ports with partial output delay specified.


12. checking latch_loops (0)
----------------------------
 There are 0 combinational latch loops in the design through latch input



------------------------------------------------------------------------------------------------
| Design Timing Summary
| ---------------------
------------------------------------------------------------------------------------------------

    WNS(ns)      TNS(ns)  TNS Failing Endpoints  TNS Total Endpoints     WPWS(ns)     TPWS(ns)  TPWS Failing Endpoints  TPWS Total Endpoints  
    -------      -------  ---------------------  -------------------     --------     --------  ----------------------  --------------------  
     11.299        0.000                      0                 1212       14.090        0.000                       0                   351  


All user specified timing constraints are met.


------------------------------------------------------------------------------------------------
| Clock Summary
| -------------
------------------------------------------------------------------------------------------------

Clock    Waveform(ns)       Period(ns)      Frequency(MHz)
-----    ------------       ----------      --------------
sys_clk  {0.000 15.000}     30.000          33.333          


------------------------------------------------------------------------------------------------
| Intra Clock Table
| -----------------
------------------------------------------------------------------------------------------------

Clock             WNS(ns)      TNS(ns)  TNS Failing Endpoints  TNS Total Endpoints     WPWS(ns)     TPWS(ns)  TPWS Failing Endpoints  TPWS Total Endpoints  
-----             -------      -------  ---------------------  -------------------     --------     --------  ----------------------  --------------------  
sys_clk            11.299        0.000                      0                 1212       14.090        0.000                       0                   351  


------------------------------------------------------------------------------------------------
| Inter Clock Table
| -----------------
------------------------------------------------------------------------------------------------

From Clock    To Clock          WNS(ns)      TNS(ns)  TNS Failing Endpoints  TNS Total Endpoints  
----------    --------          -------      -------  ---------------------  -------------------  


------------------------------------------------------------------------------------------------
| Other Path Groups Table
| -----------------------
------------------------------------------------------------------------------------------------

Path Group    From Clock    To Clock          WNS(ns)      TNS(ns)  TNS Failing Endpoints  TNS Total Endpoints  
----------    ----------    --------          -------      -------  ---------------------  -------------------  


------------------------------------------------------------------------------------------------
| Timing Details
| --------------
------------------------------------------------------------------------------------------------


---------------------------------------------------------------------------------------------------
From Clock:  sys_clk
  To Clock:  sys_clk

Setup :            0  Failing Endpoints,  Worst Slack       11.299ns,  Total Violation        0.000ns
Hold  :           NA  Failing Endpoints,  Worst Slack           NA  ,  Total Violation           NA
PW    :            0  Failing Endpoints,  Worst Slack       14.090ns,  Total Violation        0.000ns
---------------------------------------------------------------------------------------------------


Max Delay Paths
--------------------------------------------------------------------------------------
Slack (MET) :             11.299ns  (required time - arrival time)
  Source:                 GEN_BRAM.u_core/ir_reg[24]/C
                            (rising edge-triggered cell FDCE clocked by sys_clk  {rise@0.000ns fall@15.000ns period=30.000ns})
  Destination:            GEN_BRAM.u_core/reg_file/registers_reg_r1_0_31_6_11/RAMA/I
                            (rising edge-triggered cell RAMD32 clocked by sys_clk  {rise@0.000ns fall@15.000ns period=30.000ns})
  Path Group:             sys_clk
  Path Type:              Setup (Max at Slow Process Corner)
  Requirement:            30.000ns  (sys_clk rise@30.000ns - sys_clk rise@0.000ns)
  Data Path Delay:        18.532ns  (logic 3.894ns (21.013%)  route 14.638ns (78.987%))
  Logic Levels:           24  (CARRY4=5 LUT1=1 LUT2=2 LUT3=2 LUT4=1 LUT5=5 LUT6=7 MUXF7=1)
  Clock Path Skew:        -0.021ns (DCD - SCD + CPR)
    Destination Clock Delay (DCD):    4.182ns = ( 34.182 - 30.000 ) 
    Source Clock Delay      (SCD):    4.467ns
    Clock Pessimism Removal (CPR):    0.263ns
  Clock Uncertainty:      0.035ns  ((TSJ^2 + TIJ^2)^1/2 + DJ) / 2 + PE
    Total System Jitter     (TSJ):    0.071ns
    Total Input Jitter      (TIJ):    0.000ns
    Discrete Jitter          (DJ):    0.000ns
    Phase Error              (PE):    0.000ns

    Location             Delay type                Incr(ns)  Path(ns)    Netlist Resource(s)
  -------------------------------------------------------------------    -------------------
                         (clock sys_clk rise edge)    0.000     0.000 r  
    AD23                                              0.000     0.000 r  clk (IN)
                         net (fo=0)                   0.000     0.000    clk
    AD23                 IBUF (Prop_ibuf_I_O)         0.873     0.873 r  clk_IBUF_inst/O
                         net (fo=1, routed)           1.830     2.703    clk_IBUF
    BUFGCTRL_X0Y0        BUFG (Prop_bufg_I_O)         0.120     2.823 r  clk_IBUF_BUFG_inst/O
                         net (fo=350, routed)         1.644     4.467    GEN_BRAM.u_core/clk_IBUF_BUFG
    SLICE_X11Y20         FDCE                                         r  GEN_BRAM.u_core/ir_reg[24]/C
  -------------------------------------------------------------------    -------------------
    SLICE_X11Y20         FDCE (Prop_fdce_C_Q)         0.269     4.736 f  GEN_BRAM.u_core/ir_reg[24]/Q
                         net (fo=68, routed)          1.737     6.473    GEN_BRAM.u_core/reg_file/Q[23]
    SLICE_X17Y34         LUT5 (Prop_lut5_I1_O)        0.053     6.526 r  GEN_BRAM.u_core/reg_file/u_mul_i_35/O
                         net (fo=172, routed)         1.353     7.879    GEN_BRAM.u_core/alu_mux_b/mem_reg_0
    SLICE_X8Y21          LUT4 (Prop_lut4_I2_O)        0.053     7.932 r  GEN_BRAM.u_core/alu_mux_b/u_mul_i_32/O
                         net (fo=139, routed)         0.555     8.487    GEN_BRAM.u_core/alu/u_mul/u_mul/GEN_WALLACE.u_mul/result[4]_INST_0_i_34_n_0
    SLICE_X12Y14         CARRY4 (Prop_carry4_CYINIT_O[3])
                                                      0.406     8.893 r  GEN_BRAM.u_core/alu/u_mul/u_mul/GEN_WALLACE.u_mul/result[4]_INST_0_i_24/O[3]
                         net (fo=3, routed)           0.423     9.316    GEN_BRAM.u_core/alu/u_mul/u_mul/GEN_WALLACE.u_mul/mag_b0[4]
    SLICE_X11Y14         LUT6 (Prop_lut6_I5_O)        0.142     9.458 r  GEN_BRAM.u_core/alu/u_mul/u_mul/GEN_WALLACE.u_mul/result[8]_INST_0_i_27/O
                         net (fo=68, routed)          2.333    11.791    GEN_BRAM.u_core/alu/u_mul/u_mul/GEN_WALLACE.u_mul/mag_b[4]
    SLICE_X26Y2          LUT6 (Prop_lut6_I1_O)        0.053    11.844 r  GEN_BRAM.u_core/alu/u_mul/u_mul/GEN_WALLACE.u_mul/result[28]_INST_0_i_267/O
                         net (fo=2, routed)           0.459    12.303    GEN_BRAM.u_core/alu/u_mul/u_mul/GEN_WALLACE.u_mul/l1[2]_28[21]
    SLICE_X26Y2          LUT3 (Prop_lut3_I1_O)        0.066    12.369 r  GEN_BRAM.u_core/alu/u_mul/u_mul/GEN_WALLACE.u_mul/result[28]_INST_0_i_257/O
                         net (fo=2, routed)           0.406    12.775    GEN_BRAM.u_core/alu/u_mul/u_mul/GEN_WALLACE.u_mul/l2[1]_47[22]
    SLICE_X29Y2          LUT5 (Prop_lut5_I3_O)        0.171    12.946 r  GEN_BRAM.u_core/alu/u_mul/u_mul/GEN_WALLACE.u_mul/result[28]_INST_0_i_218/O
                         net (fo=2, routed)           0.707    13.653    GEN_BRAM.u_core/alu/u_mul/u_mul/GEN_WALLACE.u_mul/l3[0]_1[22]
    SLICE_X20Y4          LUT5 (Prop_lut5_I3_O)        0.170    13.823 r  GEN_BRAM.u_core/alu/u_mul/u_mul/GEN_WALLACE.u_mul/result[24]_INST_0_i_63/O
                         net (fo=3, routed)           0.812    14.636    GEN_BRAM.u_core/alu/u_mul/u_mul/GEN_WALLACE.u_mul/l4[0]_5[22]
    SLICE_X15Y4          LUT5 (Prop_lut5_I2_O)        0.067    14.703 r  GEN_BRAM.u_core/alu/u_mul/u_mul/GEN_WALLACE.u_mul/result[24]_INST_0_i_35/O
                         net (fo=3, routed)           0.418    15.120    GEN_BRAM.u_core/alu/u_mul/u_mul/GEN_WALLACE.u_mul/l6[0]_23[22]
    SLICE_X17Y4          LUT3 (Prop_lut3_I1_O)        0.173    15.293 r  GEN_BRAM.u_core/alu/u_mul/u_mul/GEN_WALLACE.u_mul/result[24]_INST_0_i_28/O
                         net (fo=2, routed)           0.569    15.862    GEN_BRAM.u_core/alu/u_mul/u_mul/GEN_WALLACE.u_mul/l7[0]_24[22]
    SLICE_X17Y5          LUT2 (Prop_lut2_I1_O)        0.179    16.041 r  GEN_BRAM.u_core/alu/u_mul/u_mul/GEN_WALLACE.u_mul/result[24]_INST_0_i_6/O
                         net (fo=1, routed)           0.475    16.516    GEN_BRAM.u_core/alu/u_mul/u_mul/GEN_WALLACE.u_mul/final_a[22]
    SLICE_X19Y4          CARRY4 (Prop_carry4_DI[1]_CO[3])
                                                      0.414    16.930 r  GEN_BRAM.u_core/alu/u_mul/u_mul/GEN_WALLACE.u_mul/result[24]_INST_0_i_1/CO[3]
                         net (fo=1, routed)           0.000    16.930    GEN_BRAM.u_core/alu/u_mul/u_mul/GEN_WALLACE.u_mul/result[24]_INST_0_i_1_n_0
    SLICE_X19Y5          CARRY4 (Prop_carry4_CI_O[1])
                                                      0.213    17.143 f  GEN_BRAM.u_core/alu/u_mul/u_mul/GEN_WALLACE.u_mul/result[28]_INST_0_i_1/O[1]
                         net (fo=2, routed)           0.244    17.387    GEN_BRAM.u_core/alu/u_mul/u_mul/GEN_WALLACE.u_mul/unsigned_product[26]
    SLICE_X18Y6          LUT1 (Prop_lut1_I0_O)        0.152    17.539 r  GEN_BRAM.u_core/alu/u_mul/u_mul/GEN_WALLACE.u_mul/result[0]_INST_0_i_10/O
                         net (fo=1, routed)           0.000    17.539    GEN_BRAM.u_core/alu/u_mul/u_mul/GEN_WALLACE.u_mul/p_0_in[26]
    SLICE_X18Y6          CARRY4 (Prop_carry4_S[1]_CO[3])
                                                      0.310    17.849 r  GEN_BRAM.u_core/alu/u_mul/u_mul/GEN_WALLACE.u_mul/result[0]_INST_0_i_2/CO[3]
                         net (fo=1, routed)           0.000    17.849    GEN_BRAM.u_core/alu/u_mul/u_mul/GEN_WALLACE.u_mul/result[0]_INST_0_i_2_n_0
    SLICE_X18Y7          CARRY4 (Prop_carry4_CI_O[3])
                                                      0.181    18.030 f  GEN_BRAM.u_core/alu/u_mul/u_mul/GEN_WALLACE.u_mul/result[0]_INST_0_i_1/O[3]
                         net (fo=1, routed)           0.230    18.260    GEN_BRAM.u_core/alu/u_mul/u_mul/GEN_WALLACE.u_mul/signed_product0[32]
    SLICE_X17Y7          LUT6 (Prop_lut6_I5_O)        0.142    18.402 f  GEN_BRAM.u_core/alu/u_mul/u_mul/GEN_WALLACE.u_mul/result[0]_INST_0/O
                         net (fo=1, routed)           0.782    19.184    GEN_BRAM.u_core/alu/mul_result[0]
    SLICE_X17Y23         LUT6 (Prop_lut6_I0_O)        0.053    19.237 f  GEN_BRAM.u_core/alu/debug_alu_out_OBUF[0]_inst_i_11/O
                         net (fo=1, routed)           0.000    19.237    GEN_BRAM.u_core/alu/debug_alu_out_OBUF[0]_inst_i_11_n_0
    SLICE_X17Y23         MUXF7 (Prop_muxf7_I1_O)      0.129    19.366 f  GEN_BRAM.u_core/alu/debug_alu_out_OBUF[0]_inst_i_4/O
                         net (fo=1, routed)           0.388    19.754    GEN_BRAM.u_core/alu/debug_alu_out_OBUF[0]_inst_i_4_n_0
    SLICE_X18Y26         LUT6 (Prop_lut6_I5_O)        0.153    19.907 f  GEN_BRAM.u_core/alu/debug_alu_out_OBUF[0]_inst_i_1/O
                         net (fo=11, routed)          0.633    20.540    GEN_BRAM.u_core/alu/D[0]
    SLICE_X9Y22          LUT2 (Prop_lut2_I1_O)        0.053    20.593 r  GEN_BRAM.u_core/alu/mem_reg_0_i_37/O
                         net (fo=26, routed)          0.954    21.547    GEN_BRAM.u_core/dmem/registers_reg_r1_0_31_6_11_i_10
    SLICE_X3Y25          LUT5 (Prop_lut5_I4_O)        0.070    21.617 r  GEN_BRAM.u_core/dmem/registers_reg_r1_0_31_6_11_i_24/O
                         net (fo=1, routed)           0.307    21.924    GEN_BRAM.u_core/wb_mux/registers_reg_r1_0_31_6_11_i_2_0
    SLICE_X3Y24          LUT6 (Prop_lut6_I5_O)        0.169    22.093 r  GEN_BRAM.u_core/wb_mux/registers_reg_r1_0_31_6_11_i_10/O
                         net (fo=1, routed)           0.315    22.407    GEN_BRAM.u_core/divider/wb_exec[6]
    SLICE_X2Y24          LUT6 (Prop_lut6_I5_O)        0.053    22.460 r  GEN_BRAM.u_core/divider/registers_reg_r1_0_31_6_11_i_2/O
                         net (fo=2, routed)           0.538    22.998    GEN_BRAM.u_core/reg_file/registers_reg_r1_0_31_6_11/DIA0
    SLICE_X10Y22         RAMD32                                       r  GEN_BRAM.u_core/reg_file/registers_reg_r1_0_31_6_11/RAMA/I
  -------------------------------------------------------------------    -------------------

                         (clock sys_clk rise edge)   30.000    30.000 r  
    AD23                                              0.000    30.000 r  clk (IN)
                         net (fo=0)                   0.000    30.000    clk
    AD23                 IBUF (Prop_ibuf_I_O)         0.796    30.796 r  clk_IBUF_inst/O
                         net (fo=1, routed)           1.741    32.537    clk_IBUF
    BUFGCTRL_X0Y0        BUFG (Prop_bufg_I_O)         0.113    32.650 r  clk_IBUF_BUFG_inst/O
                         net (fo=350, routed)         1.532    34.182    GEN_BRAM.u_core/reg_file/registers_reg_r1_0_31_6_11/WCLK
    SLICE_X10Y22         RAMD32                                       r  GEN_BRAM.u_core/reg_file/registers_reg_r1_0_31_6_11/RAMA/CLK
                         clock pessimism              0.263    34.446    
                         clock uncertainty           -0.035    34.410    
    SLICE_X10Y22         RAMD32 (Setup_ramd32_CLK_I)
                                                     -0.113    34.297    GEN_BRAM.u_core/reg_file/registers_reg_r1_0_31_6_11/RAMA
  -------------------------------------------------------------------
                         required time                         34.297    
                         arrival time                         -22.998    
  -------------------------------------------------------------------
                         slack                                 11.299    

Slack (MET) :             11.300ns  (required time - arrival time)
  Source:                 GEN_BRAM.u_core/ir_reg[24]/C
                            (rising edge-triggered cell FDCE clocked by sys_clk  {rise@0.000ns fall@15.000ns period=30.000ns})
  Destination:            GEN_BRAM.u_core/dmem/mem_reg_1/DIADI[10]
                            (rising edge-triggered cell RAMB36E1 clocked by sys_clk  {rise@0.000ns fall@15.000ns period=30.000ns})
  Path Group:             sys_clk
  Path Type:              Setup (Max at Slow Process Corner)
  Requirement:            30.000ns  (sys_clk rise@30.000ns - sys_clk rise@0.000ns)
  Data Path Delay:        18.466ns  (logic 3.835ns (20.768%)  route 14.631ns (79.232%))
  Logic Levels:           23  (CARRY4=5 LUT1=1 LUT2=3 LUT3=2 LUT4=1 LUT5=4 LUT6=6 MUXF7=1)
  Clock Path Skew:        0.006ns (DCD - SCD + CPR)
    Destination Clock Delay (DCD):    4.216ns = ( 34.216 - 30.000 ) 
    Source Clock Delay      (SCD):    4.467ns
    Clock Pessimism Removal (CPR):    0.256ns
  Clock Uncertainty:      0.035ns  ((TSJ^2 + TIJ^2)^1/2 + DJ) / 2 + PE
    Total System Jitter     (TSJ):    0.071ns
    Total Input Jitter      (TIJ):    0.000ns
    Discrete Jitter          (DJ):    0.000ns
    Phase Error              (PE):    0.000ns

    Location             Delay type                Incr(ns)  Path(ns)    Netlist Resource(s)
  -------------------------------------------------------------------    -------------------
                         (clock sys_clk rise edge)    0.000     0.000 r  
    AD23                                              0.000     0.000 r  clk (IN)
                         net (fo=0)                   0.000     0.000    clk
    AD23                 IBUF (Prop_ibuf_I_O)         0.873     0.873 r  clk_IBUF_inst/O
                         net (fo=1, routed)           1.830     2.703    clk_IBUF
    BUFGCTRL_X0Y0        BUFG (Prop_bufg_I_O)         0.120     2.823 r  clk_IBUF_BUFG_inst/O
                         net (fo=350, routed)         1.644     4.467    GEN_BRAM.u_core/clk_IBUF_BUFG
    SLICE_X11Y20         FDCE                                         r  GEN_BRAM.u_core/ir_reg[24]/C
  -------------------------------------------------------------------    -------------------
    SLICE_X11Y20         FDCE (Prop_fdce_C_Q)         0.269     4.736 f  GEN_BRAM.u_core/ir_reg[24]/Q
                         net (fo=68, routed)          1.737     6.473    GEN_BRAM.u_core/reg_file/Q[23]
    SLICE_X17Y34         LUT5 (Prop_lut5_I1_O)        0.053     6.526 r  GEN_BRAM.u_core/reg_file/u_mul_i_35/O
                         net (fo=172, routed)         1.353     7.879    GEN_BRAM.u_core/alu_mux_b/mem_reg_0
    SLICE_X8Y21          LUT4 (Prop_lut4_I2_O)        0.053     7.932 r  GEN_BRAM.u_core/alu_mux_b/u_mul_i_32/O
                         net (fo=139, routed)         0.555     8.487    GEN_BRAM.u_core/alu/u_mul/u_mul/GEN_WALLACE.u_mul/result[4]_INST_0_i_34_n_0
    SLICE_X12Y14         CARRY4 (Prop_carry4_CYINIT_O[3])
                                                      0.406     8.893 r  GEN_BRAM.u_core/alu/u_mul/u_mul/GEN_WALLACE.u_mul/result[4]_INST_0_i_24/O[3]
                         net (fo=3, routed)           0.423     9.316    GEN_BRAM.u_core/alu/u_mul/u_mul/GEN_WALLACE.u_mul/mag_b0[4]
    SLICE_X11Y14         LUT6 (Prop_lut6_I5_O)        0.142     9.458 r  GEN_BRAM.u_core/alu/u_mul/u_mul/GEN_WALLACE.u_mul/result[8]_INST_0_i_27/O
                         net (fo=68, routed)          2.333    11.791    GEN_BRAM.u_core/alu/u_mul/u_mul/GEN_WALLACE.u_mul/mag_b[4]
    SLICE_X26Y2          LUT6 (Prop_lut6_I1_O)        0.053    11.844 r  GEN_BRAM.u_core/alu/u_mul/u_mul/GEN_WALLACE.u_mul/result[28]_INST_0_i_267/O
                         net (fo=2, routed)           0.459    12.303    GEN_BRAM.u_core/alu/u_mul/u_mul/GEN_WALLACE.u_mul/l1[2]_28[21]
    SLICE_X26Y2          LUT3 (Prop_lut3_I1_O)        0.066    12.369 r  GEN_BRAM.u_core/alu/u_mul/u_mul/GEN_WALLACE.u_mul/result[28]_INST_0_i_257/O
                         net (fo=2, routed)           0.406    12.775    GEN_BRAM.u_core/alu/u_mul/u_mul/GEN_WALLACE.u_mul/l2[1]_47[22]
    SLICE_X29Y2          LUT5 (Prop_lut5_I3_O)        0.171    12.946 r  GEN_BRAM.u_core/alu/u_mul/u_mul/GEN_WALLACE.u_mul/result[28]_INST_0_i_218/O
                         net (fo=2, routed)           0.707    13.653    GEN_BRAM.u_core/alu/u_mul/u_mul/GEN_WALLACE.u_mul/l3[0]_1[22]
    SLICE_X20Y4          LUT5 (Prop_lut5_I3_O)        0.170    13.823 r  GEN_BRAM.u_core/alu/u_mul/u_mul/GEN_WALLACE.u_mul/result[24]_INST_0_i_63/O
                         net (fo=3, routed)           0.812    14.636    GEN_BRAM.u_core/alu/u_mul/u_mul/GEN_WALLACE.u_mul/l4[0]_5[22]
    SLICE_X15Y4          LUT5 (Prop_lut5_I2_O)        0.067    14.703 r  GEN_BRAM.u_core/alu/u_mul/u_mul/GEN_WALLACE.u_mul/result[24]_INST_0_i_35/O
                         net (fo=3, routed)           0.418    15.120    GEN_BRAM.u_core/alu/u_mul/u_mul/GEN_WALLACE.u_mul/l6[0]_23[22]
    SLICE_X17Y4          LUT3 (Prop_lut3_I1_O)        0.173    15.293 r  GEN_BRAM.u_core/alu/u_mul/u_mul/GEN_WALLACE.u_mul/result[24]_INST_0_i_28/O
                         net (fo=2, routed)           0.569    15.862    GEN_BRAM.u_core/alu/u_mul/u_mul/GEN_WALLACE.u_mul/l7[0]_24[22]
    SLICE_X17Y5          LUT2 (Prop_lut2_I1_O)        0.179    16.041 r  GEN_BRAM.u_core/alu/u_mul/u_mul/GEN_WALLACE.u_mul/result[24]_INST_0_i_6/O
                         net (fo=1, routed)           0.475    16.516    GEN_BRAM.u_core/alu/u_mul/u_mul/GEN_WALLACE.u_mul/final_a[22]
    SLICE_X19Y4          CARRY4 (Prop_carry4_DI[1]_CO[3])
                                                      0.414    16.930 r  GEN_BRAM.u_core/alu/u_mul/u_mul/GEN_WALLACE.u_mul/result[24]_INST_0_i_1/CO[3]
                         net (fo=1, routed)           0.000    16.930    GEN_BRAM.u_core/alu/u_mul/u_mul/GEN_WALLACE.u_mul/result[24]_INST_0_i_1_n_0
    SLICE_X19Y5          CARRY4 (Prop_carry4_CI_O[1])
                                                      0.213    17.143 f  GEN_BRAM.u_core/alu/u_mul/u_mul/GEN_WALLACE.u_mul/result[28]_INST_0_i_1/O[1]
                         net (fo=2, routed)           0.244    17.387    GEN_BRAM.u_core/alu/u_mul/u_mul/GEN_WALLACE.u_mul/unsigned_product[26]
    SLICE_X18Y6          LUT1 (Prop_lut1_I0_O)        0.152    17.539 r  GEN_BRAM.u_core/alu/u_mul/u_mul/GEN_WALLACE.u_mul/result[0]_INST_0_i_10/O
                         net (fo=1, routed)           0.000    17.539    GEN_BRAM.u_core/alu/u_mul/u_mul/GEN_WALLACE.u_mul/p_0_in[26]
    SLICE_X18Y6          CARRY4 (Prop_carry4_S[1]_CO[3])
                                                      0.310    17.849 r  GEN_BRAM.u_core/alu/u_mul/u_mul/GEN_WALLACE.u_mul/result[0]_INST_0_i_2/CO[3]
                         net (fo=1, routed)           0.000    17.849    GEN_BRAM.u_core/alu/u_mul/u_mul/GEN_WALLACE.u_mul/result[0]_INST_0_i_2_n_0
    SLICE_X18Y7          CARRY4 (Prop_carry4_CI_O[3])
                                                      0.181    18.030 r  GEN_BRAM.u_core/alu/u_mul/u_mul/GEN_WALLACE.u_mul/result[0]_INST_0_i_1/O[3]
                         net (fo=1, routed)           0.230    18.260    GEN_BRAM.u_core/alu/u_mul/u_mul/GEN_WALLACE.u_mul/signed_product0[32]
    SLICE_X17Y7          LUT6 (Prop_lut6_I5_O)        0.142    18.402 r  GEN_BRAM.u_core/alu/u_mul/u_mul/GEN_WALLACE.u_mul/result[0]_INST_0/O
                         net (fo=1, routed)           0.782    19.184    GEN_BRAM.u_core/alu/mul_result[0]
    SLICE_X17Y23         LUT6 (Prop_lut6_I0_O)        0.053    19.237 r  GEN_BRAM.u_core/alu/debug_alu_out_OBUF[0]_inst_i_11/O
                         net (fo=1, routed)           0.000    19.237    GEN_BRAM.u_core/alu/debug_alu_out_OBUF[0]_inst_i_11_n_0
    SLICE_X17Y23         MUXF7 (Prop_muxf7_I1_O)      0.129    19.366 r  GEN_BRAM.u_core/alu/debug_alu_out_OBUF[0]_inst_i_4/O
                         net (fo=1, routed)           0.388    19.754    GEN_BRAM.u_core/alu/debug_alu_out_OBUF[0]_inst_i_4_n_0
    SLICE_X18Y26         LUT6 (Prop_lut6_I5_O)        0.153    19.907 r  GEN_BRAM.u_core/alu/debug_alu_out_OBUF[0]_inst_i_1/O
                         net (fo=11, routed)          0.633    20.540    GEN_BRAM.u_core/alu/D[0]
    SLICE_X9Y22          LUT2 (Prop_lut2_I1_O)        0.053    20.593 f  GEN_BRAM.u_core/alu/mem_reg_0_i_37/O
                         net (fo=26, routed)          0.958    21.551    GEN_BRAM.u_core/alu_mux_b/mem_reg_1_0
    SLICE_X11Y33         LUT2 (Prop_lut2_I1_O)        0.063    21.614 r  GEN_BRAM.u_core/alu_mux_b/mem_reg_1_i_21/O
                         net (fo=8, routed)           0.399    22.013    GEN_BRAM.u_core/reg_file/mem_reg_1_3
    SLICE_X13Y34         LUT6 (Prop_lut6_I2_O)        0.170    22.183 r  GEN_BRAM.u_core/reg_file/mem_reg_1_i_6/O
                         net (fo=1, routed)           0.749    22.932    GEN_BRAM.u_core/dmem/wdata[26]
    RAMB36_X0Y5          RAMB36E1                                     r  GEN_BRAM.u_core/dmem/mem_reg_1/DIADI[10]
  -------------------------------------------------------------------    -------------------

                         (clock sys_clk rise edge)   30.000    30.000 r  
    AD23                                              0.000    30.000 r  clk (IN)
                         net (fo=0)                   0.000    30.000    clk
    AD23                 IBUF (Prop_ibuf_I_O)         0.796    30.796 r  clk_IBUF_inst/O
                         net (fo=1, routed)           1.741    32.537    clk_IBUF
    BUFGCTRL_X0Y0        BUFG (Prop_bufg_I_O)         0.113    32.650 r  clk_IBUF_BUFG_inst/O
                         net (fo=350, routed)         1.566    34.216    GEN_BRAM.u_core/dmem/clk_IBUF_BUFG
    RAMB36_X0Y5          RAMB36E1                                     r  GEN_BRAM.u_core/dmem/mem_reg_1/CLKARDCLK
                         clock pessimism              0.256    34.472    
                         clock uncertainty           -0.035    34.437    
    RAMB36_X0Y5          RAMB36E1 (Setup_ramb36e1_CLKARDCLK_DIADI[10])
                                                     -0.204    34.233    GEN_BRAM.u_core/dmem/mem_reg_1
  -------------------------------------------------------------------
                         required time                         34.233    
                         arrival time                         -22.932    
  -------------------------------------------------------------------
                         slack                                 11.300    

Slack (MET) :             11.309ns  (required time - arrival time)
  Source:                 GEN_BRAM.u_core/ir_reg[24]/C
                            (rising edge-triggered cell FDCE clocked by sys_clk  {rise@0.000ns fall@15.000ns period=30.000ns})
  Destination:            GEN_BRAM.u_core/reg_file/registers_reg_r2_0_31_6_11/RAMA/I
                            (rising edge-triggered cell RAMD32 clocked by sys_clk  {rise@0.000ns fall@15.000ns period=30.000ns})
  Path Group:             sys_clk
  Path Type:              Setup (Max at Slow Process Corner)
  Requirement:            30.000ns  (sys_clk rise@30.000ns - sys_clk rise@0.000ns)
  Data Path Delay:        18.520ns  (logic 3.894ns (21.026%)  route 14.626ns (78.974%))
  Logic Levels:           24  (CARRY4=5 LUT1=1 LUT2=2 LUT3=2 LUT4=1 LUT5=5 LUT6=7 MUXF7=1)
  Clock Path Skew:        -0.022ns (DCD - SCD + CPR)
    Destination Clock Delay (DCD):    4.181ns = ( 34.181 - 30.000 ) 
    Source Clock Delay      (SCD):    4.467ns
    Clock Pessimism Removal (CPR):    0.263ns
  Clock Uncertainty:      0.035ns  ((TSJ^2 + TIJ^2)^1/2 + DJ) / 2 + PE
    Total System Jitter     (TSJ):    0.071ns
    Total Input Jitter      (TIJ):    0.000ns
    Discrete Jitter          (DJ):    0.000ns
    Phase Error              (PE):    0.000ns

    Location             Delay type                Incr(ns)  Path(ns)    Netlist Resource(s)
  -------------------------------------------------------------------    -------------------
                         (clock sys_clk rise edge)    0.000     0.000 r  
    AD23                                              0.000     0.000 r  clk (IN)
                         net (fo=0)                   0.000     0.000    clk
    AD23                 IBUF (Prop_ibuf_I_O)         0.873     0.873 r  clk_IBUF_inst/O
                         net (fo=1, routed)           1.830     2.703    clk_IBUF
    BUFGCTRL_X0Y0        BUFG (Prop_bufg_I_O)         0.120     2.823 r  clk_IBUF_BUFG_inst/O
                         net (fo=350, routed)         1.644     4.467    GEN_BRAM.u_core/clk_IBUF_BUFG
    SLICE_X11Y20         FDCE                                         r  GEN_BRAM.u_core/ir_reg[24]/C
  -------------------------------------------------------------------    -------------------
    SLICE_X11Y20         FDCE (Prop_fdce_C_Q)         0.269     4.736 f  GEN_BRAM.u_core/ir_reg[24]/Q
                         net (fo=68, routed)          1.737     6.473    GEN_BRAM.u_core/reg_file/Q[23]
    SLICE_X17Y34         LUT5 (Prop_lut5_I1_O)        0.053     6.526 r  GEN_BRAM.u_core/reg_file/u_mul_i_35/O
                         net (fo=172, routed)         1.353     7.879    GEN_BRAM.u_core/alu_mux_b/mem_reg_0
    SLICE_X8Y21          LUT4 (Prop_lut4_I2_O)        0.053     7.932 r  GEN_BRAM.u_core/alu_mux_b/u_mul_i_32/O
                         net (fo=139, routed)         0.555     8.487    GEN_BRAM.u_core/alu/u_mul/u_mul/GEN_WALLACE.u_mul/result[4]_INST_0_i_34_n_0
    SLICE_X12Y14         CARRY4 (Prop_carry4_CYINIT_O[3])
                                                      0.406     8.893 r  GEN_BRAM.u_core/alu/u_mul/u_mul/GEN_WALLACE.u_mul/result[4]_INST_0_i_24/O[3]
                         net (fo=3, routed)           0.423     9.316    GEN_BRAM.u_core/alu/u_mul/u_mul/GEN_WALLACE.u_mul/mag_b0[4]
    SLICE_X11Y14         LUT6 (Prop_lut6_I5_O)        0.142     9.458 r  GEN_BRAM.u_core/alu/u_mul/u_mul/GEN_WALLACE.u_mul/result[8]_INST_0_i_27/O
                         net (fo=68, routed)          2.333    11.791    GEN_BRAM.u_core/alu/u_mul/u_mul/GEN_WALLACE.u_mul/mag_b[4]
    SLICE_X26Y2          LUT6 (Prop_lut6_I1_O)        0.053    11.844 r  GEN_BRAM.u_core/alu/u_mul/u_mul/GEN_WALLACE.u_mul/result[28]_INST_0_i_267/O
                         net (fo=2, routed)           0.459    12.303    GEN_BRAM.u_core/alu/u_mul/u_mul/GEN_WALLACE.u_mul/l1[2]_28[21]
    SLICE_X26Y2          LUT3 (Prop_lut3_I1_O)        0.066    12.369 r  GEN_BRAM.u_core/alu/u_mul/u_mul/GEN_WALLACE.u_mul/result[28]_INST_0_i_257/O
                         net (fo=2, routed)           0.406    12.775    GEN_BRAM.u_core/alu/u_mul/u_mul/GEN_WALLACE.u_mul/l2[1]_47[22]
    SLICE_X29Y2          LUT5 (Prop_lut5_I3_O)        0.171    12.946 r  GEN_BRAM.u_core/alu/u_mul/u_mul/GEN_WALLACE.u_mul/result[28]_INST_0_i_218/O
                         net (fo=2, routed)           0.707    13.653    GEN_BRAM.u_core/alu/u_mul/u_mul/GEN_WALLACE.u_mul/l3[0]_1[22]
    SLICE_X20Y4          LUT5 (Prop_lut5_I3_O)        0.170    13.823 r  GEN_BRAM.u_core/alu/u_mul/u_mul/GEN_WALLACE.u_mul/result[24]_INST_0_i_63/O
                         net (fo=3, routed)           0.812    14.636    GEN_BRAM.u_core/alu/u_mul/u_mul/GEN_WALLACE.u_mul/l4[0]_5[22]
    SLICE_X15Y4          LUT5 (Prop_lut5_I2_O)        0.067    14.703 r  GEN_BRAM.u_core/alu/u_mul/u_mul/GEN_WALLACE.u_mul/result[24]_INST_0_i_35/O
                         net (fo=3, routed)           0.418    15.120    GEN_BRAM.u_core/alu/u_mul/u_mul/GEN_WALLACE.u_mul/l6[0]_23[22]
    SLICE_X17Y4          LUT3 (Prop_lut3_I1_O)        0.173    15.293 r  GEN_BRAM.u_core/alu/u_mul/u_mul/GEN_WALLACE.u_mul/result[24]_INST_0_i_28/O
                         net (fo=2, routed)           0.569    15.862    GEN_BRAM.u_core/alu/u_mul/u_mul/GEN_WALLACE.u_mul/l7[0]_24[22]
    SLICE_X17Y5          LUT2 (Prop_lut2_I1_O)        0.179    16.041 r  GEN_BRAM.u_core/alu/u_mul/u_mul/GEN_WALLACE.u_mul/result[24]_INST_0_i_6/O
                         net (fo=1, routed)           0.475    16.516    GEN_BRAM.u_core/alu/u_mul/u_mul/GEN_WALLACE.u_mul/final_a[22]
    SLICE_X19Y4          CARRY4 (Prop_carry4_DI[1]_CO[3])
                                                      0.414    16.930 r  GEN_BRAM.u_core/alu/u_mul/u_mul/GEN_WALLACE.u_mul/result[24]_INST_0_i_1/CO[3]
                         net (fo=1, routed)           0.000    16.930    GEN_BRAM.u_core/alu/u_mul/u_mul/GEN_WALLACE.u_mul/result[24]_INST_0_i_1_n_0
    SLICE_X19Y5          CARRY4 (Prop_carry4_CI_O[1])
                                                      0.213    17.143 f  GEN_BRAM.u_core/alu/u_mul/u_mul/GEN_WALLACE.u_mul/result[28]_INST_0_i_1/O[1]
                         net (fo=2, routed)           0.244    17.387    GEN_BRAM.u_core/alu/u_mul/u_mul/GEN_WALLACE.u_mul/unsigned_product[26]
    SLICE_X18Y6          LUT1 (Prop_lut1_I0_O)        0.152    17.539 r  GEN_BRAM.u_core/alu/u_mul/u_mul/GEN_WALLACE.u_mul/result[0]_INST_0_i_10/O
                         net (fo=1, routed)           0.000    17.539    GEN_BRAM.u_core/alu/u_mul/u_mul/GEN_WALLACE.u_mul/p_0_in[26]
    SLICE_X18Y6          CARRY4 (Prop_carry4_S[1]_CO[3])
                                                      0.310    17.849 r  GEN_BRAM.u_core/alu/u_mul/u_mul/GEN_WALLACE.u_mul/result[0]_INST_0_i_2/CO[3]
                         net (fo=1, routed)           0.000    17.849    GEN_BRAM.u_core/alu/u_mul/u_mul/GEN_WALLACE.u_mul/result[0]_INST_0_i_2_n_0
    SLICE_X18Y7          CARRY4 (Prop_carry4_CI_O[3])
                                                      0.181    18.030 f  GEN_BRAM.u_core/alu/u_mul/u_mul/GEN_WALLACE.u_mul/result[0]_INST_0_i_1/O[3]
                         net (fo=1, routed)           0.230    18.260    GEN_BRAM.u_core/alu/u_mul/u_mul/GEN_WALLACE.u_mul/signed_product0[32]
    SLICE_X17Y7          LUT6 (Prop_lut6_I5_O)        0.142    18.402 f  GEN_BRAM.u_core/alu/u_mul/u_mul/GEN_WALLACE.u_mul/result[0]_INST_0/O
                         net (fo=1, routed)           0.782    19.184    GEN_BRAM.u_core/alu/mul_result[0]
    SLICE_X17Y23         LUT6 (Prop_lut6_I0_O)        0.053    19.237 f  GEN_BRAM.u_core/alu/debug_alu_out_OBUF[0]_inst_i_11/O
                         net (fo=1, routed)           0.000    19.237    GEN_BRAM.u_core/alu/debug_alu_out_OBUF[0]_inst_i_11_n_0
    SLICE_X17Y23         MUXF7 (Prop_muxf7_I1_O)      0.129    19.366 f  GEN_BRAM.u_core/alu/debug_alu_out_OBUF[0]_inst_i_4/O
                         net (fo=1, routed)           0.388    19.754    GEN_BRAM.u_core/alu/debug_alu_out_OBUF[0]_inst_i_4_n_0
    SLICE_X18Y26         LUT6 (Prop_lut6_I5_O)        0.153    19.907 f  GEN_BRAM.u_core/alu/debug_alu_out_OBUF[0]_inst_i_1/O
                         net (fo=11, routed)          0.633    20.540    GEN_BRAM.u_core/alu/D[0]
    SLICE_X9Y22          LUT2 (Prop_lut2_I1_O)        0.053    20.593 r  GEN_BRAM.u_core/alu/mem_reg_0_i_37/O
                         net (fo=26, routed)          0.954    21.547    GEN_BRAM.u_core/dmem/registers_reg_r1_0_31_6_11_i_10
    SLICE_X3Y25          LUT5 (Prop_lut5_I4_O)        0.070    21.617 r  GEN_BRAM.u_core/dmem/registers_reg_r1_0_31_6_11_i_24/O
                         net (fo=1, routed)           0.307    21.924    GEN_BRAM.u_core/wb_mux/registers_reg_r1_0_31_6_11_i_2_0
    SLICE_X3Y24          LUT6 (Prop_lut6_I5_O)        0.169    22.093 r  GEN_BRAM.u_core/wb_mux/registers_reg_r1_0_31_6_11_i_10/O
                         net (fo=1, routed)           0.315    22.407    GEN_BRAM.u_core/divider/wb_exec[6]
    SLICE_X2Y24          LUT6 (Prop_lut6_I5_O)        0.053    22.460 r  GEN_BRAM.u_core/divider/registers_reg_r1_0_31_6_11_i_2/O
                         net (fo=2, routed)           0.526    22.987    GEN_BRAM.u_core/reg_file/registers_reg_r2_0_31_6_11/DIA0
    SLICE_X10Y23         RAMD32                                       r  GEN_BRAM.u_core/reg_file/registers_reg_r2_0_31_6_11/RAMA/I
  -------------------------------------------------------------------    -------------------

                         (clock sys_clk rise edge)   30.000    30.000 r  
    AD23                                              0.000    30.000 r  clk (IN)
                         net (fo=0)                   0.000    30.000    clk
    AD23                 IBUF (Prop_ibuf_I_O)         0.796    30.796 r  clk_IBUF_inst/O
                         net (fo=1, routed)           1.741    32.537    clk_IBUF
    BUFGCTRL_X0Y0        BUFG (Prop_bufg_I_O)         0.113    32.650 r  clk_IBUF_BUFG_inst/O
                         net (fo=350, routed)         1.531    34.181    GEN_BRAM.u_core/reg_file/registers_reg_r2_0_31_6_11/WCLK
    SLICE_X10Y23         RAMD32                                       r  GEN_BRAM.u_core/reg_file/registers_reg_r2_0_31_6_11/RAMA/CLK
                         clock pessimism              0.263    34.445    
                         clock uncertainty           -0.035    34.409    
    SLICE_X10Y23         RAMD32 (Setup_ramd32_CLK_I)
                                                     -0.113    34.296    GEN_BRAM.u_core/reg_file/registers_reg_r2_0_31_6_11/RAMA
  -------------------------------------------------------------------
                         required time                         34.296    
                         arrival time                         -22.987    
  -------------------------------------------------------------------
                         slack                                 11.309    

Slack (MET) :             11.379ns  (required time - arrival time)
  Source:                 GEN_BRAM.u_core/ir_reg[24]/C
                            (rising edge-triggered cell FDCE clocked by sys_clk  {rise@0.000ns fall@15.000ns period=30.000ns})
  Destination:            GEN_BRAM.u_core/dmem/mem_reg_1/DIADI[9]
                            (rising edge-triggered cell RAMB36E1 clocked by sys_clk  {rise@0.000ns fall@15.000ns period=30.000ns})
  Path Group:             sys_clk
  Path Type:              Setup (Max at Slow Process Corner)
  Requirement:            30.000ns  (sys_clk rise@30.000ns - sys_clk rise@0.000ns)
  Data Path Delay:        18.388ns  (logic 3.835ns (20.857%)  route 14.553ns (79.143%))
  Logic Levels:           23  (CARRY4=5 LUT1=1 LUT2=3 LUT3=2 LUT4=1 LUT5=4 LUT6=6 MUXF7=1)
  Clock Path Skew:        0.006ns (DCD - SCD + CPR)
    Destination Clock Delay (DCD):    4.216ns = ( 34.216 - 30.000 ) 
    Source Clock Delay      (SCD):    4.467ns
    Clock Pessimism Removal (CPR):    0.256ns
  Clock Uncertainty:      0.035ns  ((TSJ^2 + TIJ^2)^1/2 + DJ) / 2 + PE
    Total System Jitter     (TSJ):    0.071ns
    Total Input Jitter      (TIJ):    0.000ns
    Discrete Jitter          (DJ):    0.000ns
    Phase Error              (PE):    0.000ns

    Location             Delay type                Incr(ns)  Path(ns)    Netlist Resource(s)
  -------------------------------------------------------------------    -------------------
                         (clock sys_clk rise edge)    0.000     0.000 r  
    AD23                                              0.000     0.000 r  clk (IN)
                         net (fo=0)                   0.000     0.000    clk
    AD23                 IBUF (Prop_ibuf_I_O)         0.873     0.873 r  clk_IBUF_inst/O
                         net (fo=1, routed)           1.830     2.703    clk_IBUF
    BUFGCTRL_X0Y0        BUFG (Prop_bufg_I_O)         0.120     2.823 r  clk_IBUF_BUFG_inst/O
                         net (fo=350, routed)         1.644     4.467    GEN_BRAM.u_core/clk_IBUF_BUFG
    SLICE_X11Y20         FDCE                                         r  GEN_BRAM.u_core/ir_reg[24]/C
  -------------------------------------------------------------------    -------------------
    SLICE_X11Y20         FDCE (Prop_fdce_C_Q)         0.269     4.736 f  GEN_BRAM.u_core/ir_reg[24]/Q
                         net (fo=68, routed)          1.737     6.473    GEN_BRAM.u_core/reg_file/Q[23]
    SLICE_X17Y34         LUT5 (Prop_lut5_I1_O)        0.053     6.526 r  GEN_BRAM.u_core/reg_file/u_mul_i_35/O
                         net (fo=172, routed)         1.353     7.879    GEN_BRAM.u_core/alu_mux_b/mem_reg_0
    SLICE_X8Y21          LUT4 (Prop_lut4_I2_O)        0.053     7.932 r  GEN_BRAM.u_core/alu_mux_b/u_mul_i_32/O
                         net (fo=139, routed)         0.555     8.487    GEN_BRAM.u_core/alu/u_mul/u_mul/GEN_WALLACE.u_mul/result[4]_INST_0_i_34_n_0
    SLICE_X12Y14         CARRY4 (Prop_carry4_CYINIT_O[3])
                                                      0.406     8.893 r  GEN_BRAM.u_core/alu/u_mul/u_mul/GEN_WALLACE.u_mul/result[4]_INST_0_i_24/O[3]
                         net (fo=3, routed)           0.423     9.316    GEN_BRAM.u_core/alu/u_mul/u_mul/GEN_WALLACE.u_mul/mag_b0[4]
    SLICE_X11Y14         LUT6 (Prop_lut6_I5_O)        0.142     9.458 r  GEN_BRAM.u_core/alu/u_mul/u_mul/GEN_WALLACE.u_mul/result[8]_INST_0_i_27/O
                         net (fo=68, routed)          2.333    11.791    GEN_BRAM.u_core/alu/u_mul/u_mul/GEN_WALLACE.u_mul/mag_b[4]
    SLICE_X26Y2          LUT6 (Prop_lut6_I1_O)        0.053    11.844 r  GEN_BRAM.u_core/alu/u_mul/u_mul/GEN_WALLACE.u_mul/result[28]_INST_0_i_267/O
                         net (fo=2, routed)           0.459    12.303    GEN_BRAM.u_core/alu/u_mul/u_mul/GEN_WALLACE.u_mul/l1[2]_28[21]
    SLICE_X26Y2          LUT3 (Prop_lut3_I1_O)        0.066    12.369 r  GEN_BRAM.u_core/alu/u_mul/u_mul/GEN_WALLACE.u_mul/result[28]_INST_0_i_257/O
                         net (fo=2, routed)           0.406    12.775    GEN_BRAM.u_core/alu/u_mul/u_mul/GEN_WALLACE.u_mul/l2[1]_47[22]
    SLICE_X29Y2          LUT5 (Prop_lut5_I3_O)        0.171    12.946 r  GEN_BRAM.u_core/alu/u_mul/u_mul/GEN_WALLACE.u_mul/result[28]_INST_0_i_218/O
                         net (fo=2, routed)           0.707    13.653    GEN_BRAM.u_core/alu/u_mul/u_mul/GEN_WALLACE.u_mul/l3[0]_1[22]
    SLICE_X20Y4          LUT5 (Prop_lut5_I3_O)        0.170    13.823 r  GEN_BRAM.u_core/alu/u_mul/u_mul/GEN_WALLACE.u_mul/result[24]_INST_0_i_63/O
                         net (fo=3, routed)           0.812    14.636    GEN_BRAM.u_core/alu/u_mul/u_mul/GEN_WALLACE.u_mul/l4[0]_5[22]
    SLICE_X15Y4          LUT5 (Prop_lut5_I2_O)        0.067    14.703 r  GEN_BRAM.u_core/alu/u_mul/u_mul/GEN_WALLACE.u_mul/result[24]_INST_0_i_35/O
                         net (fo=3, routed)           0.418    15.120    GEN_BRAM.u_core/alu/u_mul/u_mul/GEN_WALLACE.u_mul/l6[0]_23[22]
    SLICE_X17Y4          LUT3 (Prop_lut3_I1_O)        0.173    15.293 r  GEN_BRAM.u_core/alu/u_mul/u_mul/GEN_WALLACE.u_mul/result[24]_INST_0_i_28/O
                         net (fo=2, routed)           0.569    15.862    GEN_BRAM.u_core/alu/u_mul/u_mul/GEN_WALLACE.u_mul/l7[0]_24[22]
    SLICE_X17Y5          LUT2 (Prop_lut2_I1_O)        0.179    16.041 r  GEN_BRAM.u_core/alu/u_mul/u_mul/GEN_WALLACE.u_mul/result[24]_INST_0_i_6/O
                         net (fo=1, routed)           0.475    16.516    GEN_BRAM.u_core/alu/u_mul/u_mul/GEN_WALLACE.u_mul/final_a[22]
    SLICE_X19Y4          CARRY4 (Prop_carry4_DI[1]_CO[3])
                                                      0.414    16.930 r  GEN_BRAM.u_core/alu/u_mul/u_mul/GEN_WALLACE.u_mul/result[24]_INST_0_i_1/CO[3]
                         net (fo=1, routed)           0.000    16.930    GEN_BRAM.u_core/alu/u_mul/u_mul/GEN_WALLACE.u_mul/result[24]_INST_0_i_1_n_0
    SLICE_X19Y5          CARRY4 (Prop_carry4_CI_O[1])
                                                      0.213    17.143 f  GEN_BRAM.u_core/alu/u_mul/u_mul/GEN_WALLACE.u_mul/result[28]_INST_0_i_1/O[1]
                         net (fo=2, routed)           0.244    17.387    GEN_BRAM.u_core/alu/u_mul/u_mul/GEN_WALLACE.u_mul/unsigned_product[26]
    SLICE_X18Y6          LUT1 (Prop_lut1_I0_O)        0.152    17.539 r  GEN_BRAM.u_core/alu/u_mul/u_mul/GEN_WALLACE.u_mul/result[0]_INST_0_i_10/O
                         net (fo=1, routed)           0.000    17.539    GEN_BRAM.u_core/alu/u_mul/u_mul/GEN_WALLACE.u_mul/p_0_in[26]
    SLICE_X18Y6          CARRY4 (Prop_carry4_S[1]_CO[3])
                                                      0.310    17.849 r  GEN_BRAM.u_core/alu/u_mul/u_mul/GEN_WALLACE.u_mul/result[0]_INST_0_i_2/CO[3]
                         net (fo=1, routed)           0.000    17.849    GEN_BRAM.u_core/alu/u_mul/u_mul/GEN_WALLACE.u_mul/result[0]_INST_0_i_2_n_0
    SLICE_X18Y7          CARRY4 (Prop_carry4_CI_O[3])
                                                      0.181    18.030 r  GEN_BRAM.u_core/alu/u_mul/u_mul/GEN_WALLACE.u_mul/result[0]_INST_0_i_1/O[3]
                         net (fo=1, routed)           0.230    18.260    GEN_BRAM.u_core/alu/u_mul/u_mul/GEN_WALLACE.u_mul/signed_product0[32]
    SLICE_X17Y7          LUT6 (Prop_lut6_I5_O)        0.142    18.402 r  GEN_BRAM.u_core/alu/u_mul/u_mul/GEN_WALLACE.u_mul/result[0]_INST_0/O
                         net (fo=1, routed)           0.782    19.184    GEN_BRAM.u_core/alu/mul_result[0]
    SLICE_X17Y23         LUT6 (Prop_lut6_I0_O)        0.053    19.237 r  GEN_BRAM.u_core/alu/debug_alu_out_OBUF[0]_inst_i_11/O
                         net (fo=1, routed)           0.000    19.237    GEN_BRAM.u_core/alu/debug_alu_out_OBUF[0]_inst_i_11_n_0
    SLICE_X17Y23         MUXF7 (Prop_muxf7_I1_O)      0.129    19.366 r  GEN_BRAM.u_core/alu/debug_alu_out_OBUF[0]_inst_i_4/O
                         net (fo=1, routed)           0.388    19.754    GEN_BRAM.u_core/alu/debug_alu_out_OBUF[0]_inst_i_4_n_0
    SLICE_X18Y26         LUT6 (Prop_lut6_I5_O)        0.153    19.907 r  GEN_BRAM.u_core/alu/debug_alu_out_OBUF[0]_inst_i_1/O
                         net (fo=11, routed)          0.633    20.540    GEN_BRAM.u_core/alu/D[0]
    SLICE_X9Y22          LUT2 (Prop_lut2_I1_O)        0.053    20.593 f  GEN_BRAM.u_core/alu/mem_reg_0_i_37/O
                         net (fo=26, routed)          0.958    21.551    GEN_BRAM.u_core/alu_mux_b/mem_reg_1_0
    SLICE_X11Y33         LUT2 (Prop_lut2_I1_O)        0.063    21.614 r  GEN_BRAM.u_core/alu_mux_b/mem_reg_1_i_21/O
                         net (fo=8, routed)           0.402    22.016    GEN_BRAM.u_core/reg_file/mem_reg_1_3
    SLICE_X12Y34         LUT6 (Prop_lut6_I2_O)        0.170    22.186 r  GEN_BRAM.u_core/reg_file/mem_reg_1_i_7/O
                         net (fo=1, routed)           0.668    22.854    GEN_BRAM.u_core/dmem/wdata[25]
    RAMB36_X0Y5          RAMB36E1                                     r  GEN_BRAM.u_core/dmem/mem_reg_1/DIADI[9]
  -------------------------------------------------------------------    -------------------

                         (clock sys_clk rise edge)   30.000    30.000 r  
    AD23                                              0.000    30.000 r  clk (IN)
                         net (fo=0)                   0.000    30.000    clk
    AD23                 IBUF (Prop_ibuf_I_O)         0.796    30.796 r  clk_IBUF_inst/O
                         net (fo=1, routed)           1.741    32.537    clk_IBUF
    BUFGCTRL_X0Y0        BUFG (Prop_bufg_I_O)         0.113    32.650 r  clk_IBUF_BUFG_inst/O
                         net (fo=350, routed)         1.566    34.216    GEN_BRAM.u_core/dmem/clk_IBUF_BUFG
    RAMB36_X0Y5          RAMB36E1                                     r  GEN_BRAM.u_core/dmem/mem_reg_1/CLKARDCLK
                         clock pessimism              0.256    34.472    
                         clock uncertainty           -0.035    34.437    
    RAMB36_X0Y5          RAMB36E1 (Setup_ramb36e1_CLKARDCLK_DIADI[9])
                                                     -0.204    34.233    GEN_BRAM.u_core/dmem/mem_reg_1
  -------------------------------------------------------------------
                         required time                         34.233    
                         arrival time                         -22.854    
  -------------------------------------------------------------------
                         slack                                 11.379    

Slack (MET) :             11.465ns  (required time - arrival time)
  Source:                 GEN_BRAM.u_core/ir_reg[24]/C
                            (rising edge-triggered cell FDCE clocked by sys_clk  {rise@0.000ns fall@15.000ns period=30.000ns})
  Destination:            GEN_BRAM.u_core/reg_file/registers_reg_r2_0_31_0_5/RAMA/I
                            (rising edge-triggered cell RAMD32 clocked by sys_clk  {rise@0.000ns fall@15.000ns period=30.000ns})
  Path Group:             sys_clk
  Path Type:              Setup (Max at Slow Process Corner)
  Requirement:            30.000ns  (sys_clk rise@30.000ns - sys_clk rise@0.000ns)
  Data Path Delay:        18.417ns  (logic 3.667ns (19.911%)  route 14.750ns (80.089%))
  Logic Levels:           23  (CARRY4=6 LUT1=1 LUT2=1 LUT3=2 LUT4=1 LUT5=6 LUT6=5 MUXF7=1)
  Clock Path Skew:        0.030ns (DCD - SCD + CPR)
    Destination Clock Delay (DCD):    4.240ns = ( 34.240 - 30.000 ) 
    Source Clock Delay      (SCD):    4.467ns
    Clock Pessimism Removal (CPR):    0.256ns
  Clock Uncertainty:      0.035ns  ((TSJ^2 + TIJ^2)^1/2 + DJ) / 2 + PE
    Total System Jitter     (TSJ):    0.071ns
    Total Input Jitter      (TIJ):    0.000ns
    Discrete Jitter          (DJ):    0.000ns
    Phase Error              (PE):    0.000ns

    Location             Delay type                Incr(ns)  Path(ns)    Netlist Resource(s)
  -------------------------------------------------------------------    -------------------
                         (clock sys_clk rise edge)    0.000     0.000 r  
    AD23                                              0.000     0.000 r  clk (IN)
                         net (fo=0)                   0.000     0.000    clk
    AD23                 IBUF (Prop_ibuf_I_O)         0.873     0.873 r  clk_IBUF_inst/O
                         net (fo=1, routed)           1.830     2.703    clk_IBUF
    BUFGCTRL_X0Y0        BUFG (Prop_bufg_I_O)         0.120     2.823 r  clk_IBUF_BUFG_inst/O
                         net (fo=350, routed)         1.644     4.467    GEN_BRAM.u_core/clk_IBUF_BUFG
    SLICE_X11Y20         FDCE                                         r  GEN_BRAM.u_core/ir_reg[24]/C
  -------------------------------------------------------------------    -------------------
    SLICE_X11Y20         FDCE (Prop_fdce_C_Q)         0.269     4.736 f  GEN_BRAM.u_core/ir_reg[24]/Q
                         net (fo=68, routed)          1.737     6.473    GEN_BRAM.u_core/reg_file/Q[23]
    SLICE_X17Y34         LUT5 (Prop_lut5_I1_O)        0.053     6.526 r  GEN_BRAM.u_core/reg_file/u_mul_i_35/O
                         net (fo=172, routed)         1.353     7.879    GEN_BRAM.u_core/alu_mux_b/mem_reg_0
    SLICE_X8Y21          LUT4 (Prop_lut4_I2_O)        0.053     7.932 r  GEN_BRAM.u_core/alu_mux_b/u_mul_i_32/O
                         net (fo=139, routed)         0.555     8.487    GEN_BRAM.u_core/alu/u_mul/u_mul/GEN_WALLACE.u_mul/result[4]_INST_0_i_34_n_0
    SLICE_X12Y14         CARRY4 (Prop_carry4_CYINIT_O[3])
                                                      0.406     8.893 r  GEN_BRAM.u_core/alu/u_mul/u_mul/GEN_WALLACE.u_mul/result[4]_INST_0_i_24/O[3]
                         net (fo=3, routed)           0.423     9.316    GEN_BRAM.u_core/alu/u_mul/u_mul/GEN_WALLACE.u_mul/mag_b0[4]
    SLICE_X11Y14         LUT6 (Prop_lut6_I5_O)        0.142     9.458 r  GEN_BRAM.u_core/alu/u_mul/u_mul/GEN_WALLACE.u_mul/result[8]_INST_0_i_27/O
                         net (fo=68, routed)          2.333    11.791    GEN_BRAM.u_core/alu/u_mul/u_mul/GEN_WALLACE.u_mul/mag_b[4]
    SLICE_X26Y2          LUT6 (Prop_lut6_I1_O)        0.053    11.844 r  GEN_BRAM.u_core/alu/u_mul/u_mul/GEN_WALLACE.u_mul/result[28]_INST_0_i_267/O
                         net (fo=2, routed)           0.459    12.303    GEN_BRAM.u_core/alu/u_mul/u_mul/GEN_WALLACE.u_mul/l1[2]_28[21]
    SLICE_X26Y2          LUT3 (Prop_lut3_I1_O)        0.066    12.369 r  GEN_BRAM.u_core/alu/u_mul/u_mul/GEN_WALLACE.u_mul/result[28]_INST_0_i_257/O
                         net (fo=2, routed)           0.406    12.775    GEN_BRAM.u_core/alu/u_mul/u_mul/GEN_WALLACE.u_mul/l2[1]_47[22]
    SLICE_X29Y2          LUT5 (Prop_lut5_I3_O)        0.171    12.946 r  GEN_BRAM.u_core/alu/u_mul/u_mul/GEN_WALLACE.u_mul/result[28]_INST_0_i_218/O
                         net (fo=2, routed)           0.707    13.653    GEN_BRAM.u_core/alu/u_mul/u_mul/GEN_WALLACE.u_mul/l3[0]_1[22]
    SLICE_X20Y4          LUT5 (Prop_lut5_I3_O)        0.170    13.823 r  GEN_BRAM.u_core/alu/u_mul/u_mul/GEN_WALLACE.u_mul/result[24]_INST_0_i_63/O
                         net (fo=3, routed)           0.812    14.636    GEN_BRAM.u_core/alu/u_mul/u_mul/GEN_WALLACE.u_mul/l4[0]_5[22]
    SLICE_X15Y4          LUT5 (Prop_lut5_I2_O)        0.067    14.703 r  GEN_BRAM.u_core/alu/u_mul/u_mul/GEN_WALLACE.u_mul/result[24]_INST_0_i_35/O
                         net (fo=3, routed)           0.418    15.120    GEN_BRAM.u_core/alu/u_mul/u_mul/GEN_WALLACE.u_mul/l6[0]_23[22]
    SLICE_X17Y4          LUT3 (Prop_lut3_I1_O)        0.173    15.293 r  GEN_BRAM.u_core/alu/u_mul/u_mul/GEN_WALLACE.u_mul/result[24]_INST_0_i_28/O
                         net (fo=2, routed)           0.569    15.862    GEN_BRAM.u_core/alu/u_mul/u_mul/GEN_WALLACE.u_mul/l7[0]_24[22]
    SLICE_X17Y5          LUT2 (Prop_lut2_I1_O)        0.179    16.041 r  GEN_BRAM.u_core/alu/u_mul/u_mul/GEN_WALLACE.u_mul/result[24]_INST_0_i_6/O
                         net (fo=1, routed)           0.475    16.516    GEN_BRAM.u_core/alu/u_mul/u_mul/GEN_WALLACE.u_mul/final_a[22]
    SLICE_X19Y4          CARRY4 (Prop_carry4_DI[1]_CO[3])
                                                      0.414    16.930 r  GEN_BRAM.u_core/alu/u_mul/u_mul/GEN_WALLACE.u_mul/result[24]_INST_0_i_1/CO[3]
                         net (fo=1, routed)           0.000    16.930    GEN_BRAM.u_core/alu/u_mul/u_mul/GEN_WALLACE.u_mul/result[24]_INST_0_i_1_n_0
    SLICE_X19Y5          CARRY4 (Prop_carry4_CI_CO[3])
                                                      0.058    16.988 r  GEN_BRAM.u_core/alu/u_mul/u_mul/GEN_WALLACE.u_mul/result[28]_INST_0_i_1/CO[3]
                         net (fo=1, routed)           0.000    16.988    GEN_BRAM.u_core/alu/u_mul/u_mul/GEN_WALLACE.u_mul/result[28]_INST_0_i_1_n_0
    SLICE_X19Y6          CARRY4 (Prop_carry4_CI_O[1])
                                                      0.213    17.201 f  GEN_BRAM.u_core/alu/u_mul/u_mul/GEN_WALLACE.u_mul/result[31]_INST_0_i_1/O[1]
                         net (fo=2, routed)           0.249    17.450    GEN_BRAM.u_core/alu/u_mul/u_mul/GEN_WALLACE.u_mul/unsigned_product[30]
    SLICE_X18Y7          LUT1 (Prop_lut1_I0_O)        0.152    17.602 r  GEN_BRAM.u_core/alu/u_mul/u_mul/GEN_WALLACE.u_mul/result[0]_INST_0_i_5/O
                         net (fo=1, routed)           0.000    17.602    GEN_BRAM.u_core/alu/u_mul/u_mul/GEN_WALLACE.u_mul/p_0_in[30]
    SLICE_X18Y7          CARRY4 (Prop_carry4_S[1]_CO[3])
                                                      0.310    17.912 r  GEN_BRAM.u_core/alu/u_mul/u_mul/GEN_WALLACE.u_mul/result[0]_INST_0_i_1/CO[3]
                         net (fo=1, routed)           0.000    17.912    GEN_BRAM.u_core/alu/u_mul/u_mul/GEN_WALLACE.u_mul/result[0]_INST_0_i_1_n_0
    SLICE_X18Y8          CARRY4 (Prop_carry4_CI_O[0])
                                                      0.135    18.047 f  GEN_BRAM.u_core/alu/u_mul/u_mul/GEN_WALLACE.u_mul/result[4]_INST_0_i_3/O[0]
                         net (fo=1, routed)           0.567    18.613    GEN_BRAM.u_core/alu/u_mul/u_mul/GEN_WALLACE.u_mul/signed_product0[33]
    SLICE_X17Y9          LUT5 (Prop_lut5_I4_O)        0.153    18.766 f  GEN_BRAM.u_core/alu/u_mul/u_mul/GEN_WALLACE.u_mul/result[1]_INST_0/O
                         net (fo=2, routed)           0.954    19.721    GEN_BRAM.u_core/reg_file/result[0]
    SLICE_X18Y27         LUT6 (Prop_lut6_I2_O)        0.053    19.774 f  GEN_BRAM.u_core/reg_file/debug_alu_out_OBUF[1]_inst_i_2/O
                         net (fo=2, routed)           0.000    19.774    GEN_BRAM.u_core/alu_mux_b/load_addr_hold_reg[1]
    SLICE_X18Y27         MUXF7 (Prop_muxf7_I0_O)      0.121    19.895 f  GEN_BRAM.u_core/alu_mux_b/debug_alu_out_OBUF[1]_inst_i_1/O
                         net (fo=43, routed)          1.336    21.231    GEN_BRAM.u_core/dmem/D[1]
    SLICE_X2Y23          LUT5 (Prop_lut5_I2_O)        0.150    21.381 r  GEN_BRAM.u_core/dmem/registers_reg_r1_0_31_0_5_i_29/O
                         net (fo=1, routed)           0.589    21.970    GEN_BRAM.u_core/wb_mux/registers_reg_r1_0_31_0_5_i_3_0
    SLICE_X4Y26          LUT6 (Prop_lut6_I4_O)        0.053    22.023 r  GEN_BRAM.u_core/wb_mux/registers_reg_r1_0_31_0_5_i_13/O
                         net (fo=1, routed)           0.212    22.235    GEN_BRAM.u_core/divider/wb_exec[0]
    SLICE_X4Y26          LUT6 (Prop_lut6_I5_O)        0.053    22.288 r  GEN_BRAM.u_core/divider/registers_reg_r1_0_31_0_5_i_3/O
                         net (fo=2, routed)           0.596    22.884    GEN_BRAM.u_core/reg_file/registers_reg_r2_0_31_0_5/DIA0
    SLICE_X6Y23          RAMD32                                       r  GEN_BRAM.u_core/reg_file/registers_reg_r2_0_31_0_5/RAMA/I
  -------------------------------------------------------------------    -------------------

                         (clock sys_clk rise edge)   30.000    30.000 r  
    AD23                                              0.000    30.000 r  clk (IN)
                         net (fo=0)                   0.000    30.000    clk
    AD23                 IBUF (Prop_ibuf_I_O)         0.796    30.796 r  clk_IBUF_inst/O
                         net (fo=1, routed)           1.741    32.537    clk_IBUF
    BUFGCTRL_X0Y0        BUFG (Prop_bufg_I_O)         0.113    32.650 r  clk_IBUF_BUFG_inst/O
                         net (fo=350, routed)         1.590    34.240    GEN_BRAM.u_core/reg_file/registers_reg_r2_0_31_0_5/WCLK
    SLICE_X6Y23          RAMD32                                       r  GEN_BRAM.u_core/reg_file/registers_reg_r2_0_31_0_5/RAMA/CLK
                         clock pessimism              0.256    34.497    
                         clock uncertainty           -0.035    34.461    
    SLICE_X6Y23          RAMD32 (Setup_ramd32_CLK_I)
                                                     -0.113    34.348    GEN_BRAM.u_core/reg_file/registers_reg_r2_0_31_0_5/RAMA
  -------------------------------------------------------------------
                         required time                         34.348    
                         arrival time                         -22.884    
  -------------------------------------------------------------------
                         slack                                 11.465    

Slack (MET) :             11.490ns  (required time - arrival time)
  Source:                 GEN_BRAM.u_core/ir_reg[24]/C
                            (rising edge-triggered cell FDCE clocked by sys_clk  {rise@0.000ns fall@15.000ns period=30.000ns})
  Destination:            GEN_BRAM.u_core/dmem/mem_reg_1/DIADI[8]
                            (rising edge-triggered cell RAMB36E1 clocked by sys_clk  {rise@0.000ns fall@15.000ns period=30.000ns})
  Path Group:             sys_clk
  Path Type:              Setup (Max at Slow Process Corner)
  Requirement:            30.000ns  (sys_clk rise@30.000ns - sys_clk rise@0.000ns)
  Data Path Delay:        18.276ns  (logic 3.835ns (20.984%)  route 14.441ns (79.016%))
  Logic Levels:           23  (CARRY4=5 LUT1=1 LUT2=3 LUT3=2 LUT4=1 LUT5=4 LUT6=6 MUXF7=1)
  Clock Path Skew:        0.006ns (DCD - SCD + CPR)
    Destination Clock Delay (DCD):    4.216ns = ( 34.216 - 30.000 ) 
    Source Clock Delay      (SCD):    4.467ns
    Clock Pessimism Removal (CPR):    0.256ns
  Clock Uncertainty:      0.035ns  ((TSJ^2 + TIJ^2)^1/2 + DJ) / 2 + PE
    Total System Jitter     (TSJ):    0.071ns
    Total Input Jitter      (TIJ):    0.000ns
    Discrete Jitter          (DJ):    0.000ns
    Phase Error              (PE):    0.000ns

    Location             Delay type                Incr(ns)  Path(ns)    Netlist Resource(s)
  -------------------------------------------------------------------    -------------------
                         (clock sys_clk rise edge)    0.000     0.000 r  
    AD23                                              0.000     0.000 r  clk (IN)
                         net (fo=0)                   0.000     0.000    clk
    AD23                 IBUF (Prop_ibuf_I_O)         0.873     0.873 r  clk_IBUF_inst/O
                         net (fo=1, routed)           1.830     2.703    clk_IBUF
    BUFGCTRL_X0Y0        BUFG (Prop_bufg_I_O)         0.120     2.823 r  clk_IBUF_BUFG_inst/O
                         net (fo=350, routed)         1.644     4.467    GEN_BRAM.u_core/clk_IBUF_BUFG
    SLICE_X11Y20         FDCE                                         r  GEN_BRAM.u_core/ir_reg[24]/C
  -------------------------------------------------------------------    -------------------
    SLICE_X11Y20         FDCE (Prop_fdce_C_Q)         0.269     4.736 f  GEN_BRAM.u_core/ir_reg[24]/Q
                         net (fo=68, routed)          1.737     6.473    GEN_BRAM.u_core/reg_file/Q[23]
    SLICE_X17Y34         LUT5 (Prop_lut5_I1_O)        0.053     6.526 r  GEN_BRAM.u_core/reg_file/u_mul_i_35/O
                         net (fo=172, routed)         1.353     7.879    GEN_BRAM.u_core/alu_mux_b/mem_reg_0
    SLICE_X8Y21          LUT4 (Prop_lut4_I2_O)        0.053     7.932 r  GEN_BRAM.u_core/alu_mux_b/u_mul_i_32/O
                         net (fo=139, routed)         0.555     8.487    GEN_BRAM.u_core/alu/u_mul/u_mul/GEN_WALLACE.u_mul/result[4]_INST_0_i_34_n_0
    SLICE_X12Y14         CARRY4 (Prop_carry4_CYINIT_O[3])
                                                      0.406     8.893 r  GEN_BRAM.u_core/alu/u_mul/u_mul/GEN_WALLACE.u_mul/result[4]_INST_0_i_24/O[3]
                         net (fo=3, routed)           0.423     9.316    GEN_BRAM.u_core/alu/u_mul/u_mul/GEN_WALLACE.u_mul/mag_b0[4]
    SLICE_X11Y14         LUT6 (Prop_lut6_I5_O)        0.142     9.458 r  GEN_BRAM.u_core/alu/u_mul/u_mul/GEN_WALLACE.u_mul/result[8]_INST_0_i_27/O
                         net (fo=68, routed)          2.333    11.791    GEN_BRAM.u_core/alu/u_mul/u_mul/GEN_WALLACE.u_mul/mag_b[4]
    SLICE_X26Y2          LUT6 (Prop_lut6_I1_O)        0.053    11.844 r  GEN_BRAM.u_core/alu/u_mul/u_mul/GEN_WALLACE.u_mul/result[28]_INST_0_i_267/O
                         net (fo=2, routed)           0.459    12.303    GEN_BRAM.u_core/alu/u_mul/u_mul/GEN_WALLACE.u_mul/l1[2]_28[21]
    SLICE_X26Y2          LUT3 (Prop_lut3_I1_O)        0.066    12.369 r  GEN_BRAM.u_core/alu/u_mul/u_mul/GEN_WALLACE.u_mul/result[28]_INST_0_i_257/O
                         net (fo=2, routed)           0.406    12.775    GEN_BRAM.u_core/alu/u_mul/u_mul/GEN_WALLACE.u_mul/l2[1]_47[22]
    SLICE_X29Y2          LUT5 (Prop_lut5_I3_O)        0.171    12.946 r  GEN_BRAM.u_core/alu/u_mul/u_mul/GEN_WALLACE.u_mul/result[28]_INST_0_i_218/O
                         net (fo=2, routed)           0.707    13.653    GEN_BRAM.u_core/alu/u_mul/u_mul/GEN_WALLACE.u_mul/l3[0]_1[22]
    SLICE_X20Y4          LUT5 (Prop_lut5_I3_O)        0.170    13.823 r  GEN_BRAM.u_core/alu/u_mul/u_mul/GEN_WALLACE.u_mul/result[24]_INST_0_i_63/O
                         net (fo=3, routed)           0.812    14.636    GEN_BRAM.u_core/alu/u_mul/u_mul/GEN_WALLACE.u_mul/l4[0]_5[22]
    SLICE_X15Y4          LUT5 (Prop_lut5_I2_O)        0.067    14.703 r  GEN_BRAM.u_core/alu/u_mul/u_mul/GEN_WALLACE.u_mul/result[24]_INST_0_i_35/O
                         net (fo=3, routed)           0.418    15.120    GEN_BRAM.u_core/alu/u_mul/u_mul/GEN_WALLACE.u_mul/l6[0]_23[22]
    SLICE_X17Y4          LUT3 (Prop_lut3_I1_O)        0.173    15.293 r  GEN_BRAM.u_core/alu/u_mul/u_mul/GEN_WALLACE.u_mul/result[24]_INST_0_i_28/O
                         net (fo=2, routed)           0.569    15.862    GEN_BRAM.u_core/alu/u_mul/u_mul/GEN_WALLACE.u_mul/l7[0]_24[22]
    SLICE_X17Y5          LUT2 (Prop_lut2_I1_O)        0.179    16.041 r  GEN_BRAM.u_core/alu/u_mul/u_mul/GEN_WALLACE.u_mul/result[24]_INST_0_i_6/O
                         net (fo=1, routed)           0.475    16.516    GEN_BRAM.u_core/alu/u_mul/u_mul/GEN_WALLACE.u_mul/final_a[22]
    SLICE_X19Y4          CARRY4 (Prop_carry4_DI[1]_CO[3])
                                                      0.414    16.930 r  GEN_BRAM.u_core/alu/u_mul/u_mul/GEN_WALLACE.u_mul/result[24]_INST_0_i_1/CO[3]
                         net (fo=1, routed)           0.000    16.930    GEN_BRAM.u_core/alu/u_mul/u_mul/GEN_WALLACE.u_mul/result[24]_INST_0_i_1_n_0
    SLICE_X19Y5          CARRY4 (Prop_carry4_CI_O[1])
                                                      0.213    17.143 f  GEN_BRAM.u_core/alu/u_mul/u_mul/GEN_WALLACE.u_mul/result[28]_INST_0_i_1/O[1]
                         net (fo=2, routed)           0.244    17.387    GEN_BRAM.u_core/alu/u_mul/u_mul/GEN_WALLACE.u_mul/unsigned_product[26]
    SLICE_X18Y6          LUT1 (Prop_lut1_I0_O)        0.152    17.539 r  GEN_BRAM.u_core/alu/u_mul/u_mul/GEN_WALLACE.u_mul/result[0]_INST_0_i_10/O
                         net (fo=1, routed)           0.000    17.539    GEN_BRAM.u_core/alu/u_mul/u_mul/GEN_WALLACE.u_mul/p_0_in[26]
    SLICE_X18Y6          CARRY4 (Prop_carry4_S[1]_CO[3])
                                                      0.310    17.849 r  GEN_BRAM.u_core/alu/u_mul/u_mul/GEN_WALLACE.u_mul/result[0]_INST_0_i_2/CO[3]
                         net (fo=1, routed)           0.000    17.849    GEN_BRAM.u_core/alu/u_mul/u_mul/GEN_WALLACE.u_mul/result[0]_INST_0_i_2_n_0
    SLICE_X18Y7          CARRY4 (Prop_carry4_CI_O[3])
                                                      0.181    18.030 r  GEN_BRAM.u_core/alu/u_mul/u_mul/GEN_WALLACE.u_mul/result[0]_INST_0_i_1/O[3]
                         net (fo=1, routed)           0.230    18.260    GEN_BRAM.u_core/alu/u_mul/u_mul/GEN_WALLACE.u_mul/signed_product0[32]
    SLICE_X17Y7          LUT6 (Prop_lut6_I5_O)        0.142    18.402 r  GEN_BRAM.u_core/alu/u_mul/u_mul/GEN_WALLACE.u_mul/result[0]_INST_0/O
                         net (fo=1, routed)           0.782    19.184    GEN_BRAM.u_core/alu/mul_result[0]
    SLICE_X17Y23         LUT6 (Prop_lut6_I0_O)        0.053    19.237 r  GEN_BRAM.u_core/alu/debug_alu_out_OBUF[0]_inst_i_11/O
                         net (fo=1, routed)           0.000    19.237    GEN_BRAM.u_core/alu/debug_alu_out_OBUF[0]_inst_i_11_n_0
    SLICE_X17Y23         MUXF7 (Prop_muxf7_I1_O)      0.129    19.366 r  GEN_BRAM.u_core/alu/debug_alu_out_OBUF[0]_inst_i_4/O
                         net (fo=1, routed)           0.388    19.754    GEN_BRAM.u_core/alu/debug_alu_out_OBUF[0]_inst_i_4_n_0
    SLICE_X18Y26         LUT6 (Prop_lut6_I5_O)        0.153    19.907 r  GEN_BRAM.u_core/alu/debug_alu_out_OBUF[0]_inst_i_1/O
                         net (fo=11, routed)          0.633    20.540    GEN_BRAM.u_core/alu/D[0]
    SLICE_X9Y22          LUT2 (Prop_lut2_I1_O)        0.053    20.593 f  GEN_BRAM.u_core/alu/mem_reg_0_i_37/O
                         net (fo=26, routed)          0.958    21.551    GEN_BRAM.u_core/alu_mux_b/mem_reg_1_0
    SLICE_X11Y33         LUT2 (Prop_lut2_I1_O)        0.063    21.614 r  GEN_BRAM.u_core/alu_mux_b/mem_reg_1_i_21/O
                         net (fo=8, routed)           0.409    22.023    GEN_BRAM.u_core/reg_file/mem_reg_1_3
    SLICE_X12Y34         LUT6 (Prop_lut6_I2_O)        0.170    22.193 r  GEN_BRAM.u_core/reg_file/mem_reg_1_i_8/O
                         net (fo=1, routed)           0.549    22.743    GEN_BRAM.u_core/dmem/wdata[24]
    RAMB36_X0Y5          RAMB36E1                                     r  GEN_BRAM.u_core/dmem/mem_reg_1/DIADI[8]
  -------------------------------------------------------------------    -------------------

                         (clock sys_clk rise edge)   30.000    30.000 r  
    AD23                                              0.000    30.000 r  clk (IN)
                         net (fo=0)                   0.000    30.000    clk
    AD23                 IBUF (Prop_ibuf_I_O)         0.796    30.796 r  clk_IBUF_inst/O
                         net (fo=1, routed)           1.741    32.537    clk_IBUF
    BUFGCTRL_X0Y0        BUFG (Prop_bufg_I_O)         0.113    32.650 r  clk_IBUF_BUFG_inst/O
                         net (fo=350, routed)         1.566    34.216    GEN_BRAM.u_core/dmem/clk_IBUF_BUFG
    RAMB36_X0Y5          RAMB36E1                                     r  GEN_BRAM.u_core/dmem/mem_reg_1/CLKARDCLK
                         clock pessimism              0.256    34.472    
                         clock uncertainty           -0.035    34.437    
    RAMB36_X0Y5          RAMB36E1 (Setup_ramb36e1_CLKARDCLK_DIADI[8])
                                                     -0.204    34.233    GEN_BRAM.u_core/dmem/mem_reg_1
  -------------------------------------------------------------------
                         required time                         34.233    
                         arrival time                         -22.743    
  -------------------------------------------------------------------
                         slack                                 11.490    

Slack (MET) :             11.503ns  (required time - arrival time)
  Source:                 GEN_BRAM.u_core/ir_reg[24]/C
                            (rising edge-triggered cell FDCE clocked by sys_clk  {rise@0.000ns fall@15.000ns period=30.000ns})
  Destination:            GEN_BRAM.u_core/dmem/mem_reg_1/DIADI[12]
                            (rising edge-triggered cell RAMB36E1 clocked by sys_clk  {rise@0.000ns fall@15.000ns period=30.000ns})
  Path Group:             sys_clk
  Path Type:              Setup (Max at Slow Process Corner)
  Requirement:            30.000ns  (sys_clk rise@30.000ns - sys_clk rise@0.000ns)
  Data Path Delay:        18.263ns  (logic 3.835ns (20.999%)  route 14.428ns (79.001%))
  Logic Levels:           23  (CARRY4=5 LUT1=1 LUT2=3 LUT3=2 LUT4=1 LUT5=4 LUT6=6 MUXF7=1)
  Clock Path Skew:        0.006ns (DCD - SCD + CPR)
    Destination Clock Delay (DCD):    4.216ns = ( 34.216 - 30.000 ) 
    Source Clock Delay      (SCD):    4.467ns
    Clock Pessimism Removal (CPR):    0.256ns
  Clock Uncertainty:      0.035ns  ((TSJ^2 + TIJ^2)^1/2 + DJ) / 2 + PE
    Total System Jitter     (TSJ):    0.071ns
    Total Input Jitter      (TIJ):    0.000ns
    Discrete Jitter          (DJ):    0.000ns
    Phase Error              (PE):    0.000ns

    Location             Delay type                Incr(ns)  Path(ns)    Netlist Resource(s)
  -------------------------------------------------------------------    -------------------
                         (clock sys_clk rise edge)    0.000     0.000 r  
    AD23                                              0.000     0.000 r  clk (IN)
                         net (fo=0)                   0.000     0.000    clk
    AD23                 IBUF (Prop_ibuf_I_O)         0.873     0.873 r  clk_IBUF_inst/O
                         net (fo=1, routed)           1.830     2.703    clk_IBUF
    BUFGCTRL_X0Y0        BUFG (Prop_bufg_I_O)         0.120     2.823 r  clk_IBUF_BUFG_inst/O
                         net (fo=350, routed)         1.644     4.467    GEN_BRAM.u_core/clk_IBUF_BUFG
    SLICE_X11Y20         FDCE                                         r  GEN_BRAM.u_core/ir_reg[24]/C
  -------------------------------------------------------------------    -------------------
    SLICE_X11Y20         FDCE (Prop_fdce_C_Q)         0.269     4.736 f  GEN_BRAM.u_core/ir_reg[24]/Q
                         net (fo=68, routed)          1.737     6.473    GEN_BRAM.u_core/reg_file/Q[23]
    SLICE_X17Y34         LUT5 (Prop_lut5_I1_O)        0.053     6.526 r  GEN_BRAM.u_core/reg_file/u_mul_i_35/O
                         net (fo=172, routed)         1.353     7.879    GEN_BRAM.u_core/alu_mux_b/mem_reg_0
    SLICE_X8Y21          LUT4 (Prop_lut4_I2_O)        0.053     7.932 r  GEN_BRAM.u_core/alu_mux_b/u_mul_i_32/O
                         net (fo=139, routed)         0.555     8.487    GEN_BRAM.u_core/alu/u_mul/u_mul/GEN_WALLACE.u_mul/result[4]_INST_0_i_34_n_0
    SLICE_X12Y14         CARRY4 (Prop_carry4_CYINIT_O[3])
                                                      0.406     8.893 r  GEN_BRAM.u_core/alu/u_mul/u_mul/GEN_WALLACE.u_mul/result[4]_INST_0_i_24/O[3]
                         net (fo=3, routed)           0.423     9.316    GEN_BRAM.u_core/alu/u_mul/u_mul/GEN_WALLACE.u_mul/mag_b0[4]
    SLICE_X11Y14         LUT6 (Prop_lut6_I5_O)        0.142     9.458 r  GEN_BRAM.u_core/alu/u_mul/u_mul/GEN_WALLACE.u_mul/result[8]_INST_0_i_27/O
                         net (fo=68, routed)          2.333    11.791    GEN_BRAM.u_core/alu/u_mul/u_mul/GEN_WALLACE.u_mul/mag_b[4]
    SLICE_X26Y2          LUT6 (Prop_lut6_I1_O)        0.053    11.844 r  GEN_BRAM.u_core/alu/u_mul/u_mul/GEN_WALLACE.u_mul/result[28]_INST_0_i_267/O
                         net (fo=2, routed)           0.459    12.303    GEN_BRAM.u_core/alu/u_mul/u_mul/GEN_WALLACE.u_mul/l1[2]_28[21]
    SLICE_X26Y2          LUT3 (Prop_lut3_I1_O)        0.066    12.369 r  GEN_BRAM.u_core/alu/u_mul/u_mul/GEN_WALLACE.u_mul/result[28]_INST_0_i_257/O
                         net (fo=2, routed)           0.406    12.775    GEN_BRAM.u_core/alu/u_mul/u_mul/GEN_WALLACE.u_mul/l2[1]_47[22]
    SLICE_X29Y2          LUT5 (Prop_lut5_I3_O)        0.171    12.946 r  GEN_BRAM.u_core/alu/u_mul/u_mul/GEN_WALLACE.u_mul/result[28]_INST_0_i_218/O
                         net (fo=2, routed)           0.707    13.653    GEN_BRAM.u_core/alu/u_mul/u_mul/GEN_WALLACE.u_mul/l3[0]_1[22]
    SLICE_X20Y4          LUT5 (Prop_lut5_I3_O)        0.170    13.823 r  GEN_BRAM.u_core/alu/u_mul/u_mul/GEN_WALLACE.u_mul/result[24]_INST_0_i_63/O
                         net (fo=3, routed)           0.812    14.636    GEN_BRAM.u_core/alu/u_mul/u_mul/GEN_WALLACE.u_mul/l4[0]_5[22]
    SLICE_X15Y4          LUT5 (Prop_lut5_I2_O)        0.067    14.703 r  GEN_BRAM.u_core/alu/u_mul/u_mul/GEN_WALLACE.u_mul/result[24]_INST_0_i_35/O
                         net (fo=3, routed)           0.418    15.120    GEN_BRAM.u_core/alu/u_mul/u_mul/GEN_WALLACE.u_mul/l6[0]_23[22]
    SLICE_X17Y4          LUT3 (Prop_lut3_I1_O)        0.173    15.293 r  GEN_BRAM.u_core/alu/u_mul/u_mul/GEN_WALLACE.u_mul/result[24]_INST_0_i_28/O
                         net (fo=2, routed)           0.569    15.862    GEN_BRAM.u_core/alu/u_mul/u_mul/GEN_WALLACE.u_mul/l7[0]_24[22]
    SLICE_X17Y5          LUT2 (Prop_lut2_I1_O)        0.179    16.041 r  GEN_BRAM.u_core/alu/u_mul/u_mul/GEN_WALLACE.u_mul/result[24]_INST_0_i_6/O
                         net (fo=1, routed)           0.475    16.516    GEN_BRAM.u_core/alu/u_mul/u_mul/GEN_WALLACE.u_mul/final_a[22]
    SLICE_X19Y4          CARRY4 (Prop_carry4_DI[1]_CO[3])
                                                      0.414    16.930 r  GEN_BRAM.u_core/alu/u_mul/u_mul/GEN_WALLACE.u_mul/result[24]_INST_0_i_1/CO[3]
                         net (fo=1, routed)           0.000    16.930    GEN_BRAM.u_core/alu/u_mul/u_mul/GEN_WALLACE.u_mul/result[24]_INST_0_i_1_n_0
    SLICE_X19Y5          CARRY4 (Prop_carry4_CI_O[1])
                                                      0.213    17.143 f  GEN_BRAM.u_core/alu/u_mul/u_mul/GEN_WALLACE.u_mul/result[28]_INST_0_i_1/O[1]
                         net (fo=2, routed)           0.244    17.387    GEN_BRAM.u_core/alu/u_mul/u_mul/GEN_WALLACE.u_mul/unsigned_product[26]
    SLICE_X18Y6          LUT1 (Prop_lut1_I0_O)        0.152    17.539 r  GEN_BRAM.u_core/alu/u_mul/u_mul/GEN_WALLACE.u_mul/result[0]_INST_0_i_10/O
                         net (fo=1, routed)           0.000    17.539    GEN_BRAM.u_core/alu/u_mul/u_mul/GEN_WALLACE.u_mul/p_0_in[26]
    SLICE_X18Y6          CARRY4 (Prop_carry4_S[1]_CO[3])
                                                      0.310    17.849 r  GEN_BRAM.u_core/alu/u_mul/u_mul/GEN_WALLACE.u_mul/result[0]_INST_0_i_2/CO[3]
                         net (fo=1, routed)           0.000    17.849    GEN_BRAM.u_core/alu/u_mul/u_mul/GEN_WALLACE.u_mul/result[0]_INST_0_i_2_n_0
    SLICE_X18Y7          CARRY4 (Prop_carry4_CI_O[3])
                                                      0.181    18.030 r  GEN_BRAM.u_core/alu/u_mul/u_mul/GEN_WALLACE.u_mul/result[0]_INST_0_i_1/O[3]
                         net (fo=1, routed)           0.230    18.260    GEN_BRAM.u_core/alu/u_mul/u_mul/GEN_WALLACE.u_mul/signed_product0[32]
    SLICE_X17Y7          LUT6 (Prop_lut6_I5_O)        0.142    18.402 r  GEN_BRAM.u_core/alu/u_mul/u_mul/GEN_WALLACE.u_mul/result[0]_INST_0/O
                         net (fo=1, routed)           0.782    19.184    GEN_BRAM.u_core/alu/mul_result[0]
    SLICE_X17Y23         LUT6 (Prop_lut6_I0_O)        0.053    19.237 r  GEN_BRAM.u_core/alu/debug_alu_out_OBUF[0]_inst_i_11/O
                         net (fo=1, routed)           0.000    19.237    GEN_BRAM.u_core/alu/debug_alu_out_OBUF[0]_inst_i_11_n_0
    SLICE_X17Y23         MUXF7 (Prop_muxf7_I1_O)      0.129    19.366 r  GEN_BRAM.u_core/alu/debug_alu_out_OBUF[0]_inst_i_4/O
                         net (fo=1, routed)           0.388    19.754    GEN_BRAM.u_core/alu/debug_alu_out_OBUF[0]_inst_i_4_n_0
    SLICE_X18Y26         LUT6 (Prop_lut6_I5_O)        0.153    19.907 r  GEN_BRAM.u_core/alu/debug_alu_out_OBUF[0]_inst_i_1/O
                         net (fo=11, routed)          0.633    20.540    GEN_BRAM.u_core/alu/D[0]
    SLICE_X9Y22          LUT2 (Prop_lut2_I1_O)        0.053    20.593 f  GEN_BRAM.u_core/alu/mem_reg_0_i_37/O
                         net (fo=26, routed)          0.958    21.551    GEN_BRAM.u_core/alu_mux_b/mem_reg_1_0
    SLICE_X11Y33         LUT2 (Prop_lut2_I1_O)        0.063    21.614 r  GEN_BRAM.u_core/alu_mux_b/mem_reg_1_i_21/O
                         net (fo=8, routed)           0.395    22.009    GEN_BRAM.u_core/reg_file/mem_reg_1_3
    SLICE_X13Y34         LUT6 (Prop_lut6_I2_O)        0.170    22.179 r  GEN_BRAM.u_core/reg_file/mem_reg_1_i_4/O
                         net (fo=1, routed)           0.550    22.730    GEN_BRAM.u_core/dmem/wdata[28]
    RAMB36_X0Y5          RAMB36E1                                     r  GEN_BRAM.u_core/dmem/mem_reg_1/DIADI[12]
  -------------------------------------------------------------------    -------------------

                         (clock sys_clk rise edge)   30.000    30.000 r  
    AD23                                              0.000    30.000 r  clk (IN)
                         net (fo=0)                   0.000    30.000    clk
    AD23                 IBUF (Prop_ibuf_I_O)         0.796    30.796 r  clk_IBUF_inst/O
                         net (fo=1, routed)           1.741    32.537    clk_IBUF
    BUFGCTRL_X0Y0        BUFG (Prop_bufg_I_O)         0.113    32.650 r  clk_IBUF_BUFG_inst/O
                         net (fo=350, routed)         1.566    34.216    GEN_BRAM.u_core/dmem/clk_IBUF_BUFG
    RAMB36_X0Y5          RAMB36E1                                     r  GEN_BRAM.u_core/dmem/mem_reg_1/CLKARDCLK
                         clock pessimism              0.256    34.472    
                         clock uncertainty           -0.035    34.437    
    RAMB36_X0Y5          RAMB36E1 (Setup_ramb36e1_CLKARDCLK_DIADI[12])
                                                     -0.204    34.233    GEN_BRAM.u_core/dmem/mem_reg_1
  -------------------------------------------------------------------
                         required time                         34.233    
                         arrival time                         -22.730    
  -------------------------------------------------------------------
                         slack                                 11.503    

Slack (MET) :             11.505ns  (required time - arrival time)
  Source:                 GEN_BRAM.u_core/ir_reg[24]/C
                            (rising edge-triggered cell FDCE clocked by sys_clk  {rise@0.000ns fall@15.000ns period=30.000ns})
  Destination:            GEN_BRAM.u_core/reg_file/registers_reg_r2_0_31_24_29/RAMA_D1/I
                            (rising edge-triggered cell RAMD32 clocked by sys_clk  {rise@0.000ns fall@15.000ns period=30.000ns})
  Path Group:             sys_clk
  Path Type:              Setup (Max at Slow Process Corner)
  Requirement:            30.000ns  (sys_clk rise@30.000ns - sys_clk rise@0.000ns)
  Data Path Delay:        18.270ns  (logic 3.502ns (19.168%)  route 14.768ns (80.832%))
  Logic Levels:           23  (CARRY4=6 LUT1=1 LUT2=1 LUT3=2 LUT4=1 LUT5=6 LUT6=6)
  Clock Path Skew:        -0.023ns (DCD - SCD + CPR)
    Destination Clock Delay (DCD):    4.187ns = ( 34.187 - 30.000 ) 
    Source Clock Delay      (SCD):    4.467ns
    Clock Pessimism Removal (CPR):    0.256ns
  Clock Uncertainty:      0.035ns  ((TSJ^2 + TIJ^2)^1/2 + DJ) / 2 + PE
    Total System Jitter     (TSJ):    0.071ns
    Total Input Jitter      (TIJ):    0.000ns
    Discrete Jitter          (DJ):    0.000ns
    Phase Error              (PE):    0.000ns

    Location             Delay type                Incr(ns)  Path(ns)    Netlist Resource(s)
  -------------------------------------------------------------------    -------------------
                         (clock sys_clk rise edge)    0.000     0.000 r  
    AD23                                              0.000     0.000 r  clk (IN)
                         net (fo=0)                   0.000     0.000    clk
    AD23                 IBUF (Prop_ibuf_I_O)         0.873     0.873 r  clk_IBUF_inst/O
                         net (fo=1, routed)           1.830     2.703    clk_IBUF
    BUFGCTRL_X0Y0        BUFG (Prop_bufg_I_O)         0.120     2.823 r  clk_IBUF_BUFG_inst/O
                         net (fo=350, routed)         1.644     4.467    GEN_BRAM.u_core/clk_IBUF_BUFG
    SLICE_X11Y20         FDCE                                         r  GEN_BRAM.u_core/ir_reg[24]/C
  -------------------------------------------------------------------    -------------------
    SLICE_X11Y20         FDCE (Prop_fdce_C_Q)         0.269     4.736 f  GEN_BRAM.u_core/ir_reg[24]/Q
                         net (fo=68, routed)          1.737     6.473    GEN_BRAM.u_core/reg_file/Q[23]
    SLICE_X17Y34         LUT5 (Prop_lut5_I1_O)        0.053     6.526 r  GEN_BRAM.u_core/reg_file/u_mul_i_35/O
                         net (fo=172, routed)         1.353     7.879    GEN_BRAM.u_core/alu_mux_b/mem_reg_0
    SLICE_X8Y21          LUT4 (Prop_lut4_I2_O)        0.053     7.932 r  GEN_BRAM.u_core/alu_mux_b/u_mul_i_32/O
                         net (fo=139, routed)         0.555     8.487    GEN_BRAM.u_core/alu/u_mul/u_mul/GEN_WALLACE.u_mul/result[4]_INST_0_i_34_n_0
    SLICE_X12Y14         CARRY4 (Prop_carry4_CYINIT_O[3])
                                                      0.406     8.893 r  GEN_BRAM.u_core/alu/u_mul/u_mul/GEN_WALLACE.u_mul/result[4]_INST_0_i_24/O[3]
                         net (fo=3, routed)           0.423     9.316    GEN_BRAM.u_core/alu/u_mul/u_mul/GEN_WALLACE.u_mul/mag_b0[4]
    SLICE_X11Y14         LUT6 (Prop_lut6_I5_O)        0.142     9.458 r  GEN_BRAM.u_core/alu/u_mul/u_mul/GEN_WALLACE.u_mul/result[8]_INST_0_i_27/O
                         net (fo=68, routed)          2.333    11.791    GEN_BRAM.u_core/alu/u_mul/u_mul/GEN_WALLACE.u_mul/mag_b[4]
    SLICE_X26Y2          LUT6 (Prop_lut6_I1_O)        0.053    11.844 r  GEN_BRAM.u_core/alu/u_mul/u_mul/GEN_WALLACE.u_mul/result[28]_INST_0_i_267/O
                         net (fo=2, routed)           0.459    12.303    GEN_BRAM.u_core/alu/u_mul/u_mul/GEN_WALLACE.u_mul/l1[2]_28[21]
    SLICE_X26Y2          LUT3 (Prop_lut3_I1_O)        0.066    12.369 r  GEN_BRAM.u_core/alu/u_mul/u_mul/GEN_WALLACE.u_mul/result[28]_INST_0_i_257/O
                         net (fo=2, routed)           0.406    12.775    GEN_BRAM.u_core/alu/u_mul/u_mul/GEN_WALLACE.u_mul/l2[1]_47[22]
    SLICE_X29Y2          LUT5 (Prop_lut5_I3_O)        0.171    12.946 r  GEN_BRAM.u_core/alu/u_mul/u_mul/GEN_WALLACE.u_mul/result[28]_INST_0_i_218/O
                         net (fo=2, routed)           0.707    13.653    GEN_BRAM.u_core/alu/u_mul/u_mul/GEN_WALLACE.u_mul/l3[0]_1[22]
    SLICE_X20Y4          LUT5 (Prop_lut5_I3_O)        0.170    13.823 r  GEN_BRAM.u_core/alu/u_mul/u_mul/GEN_WALLACE.u_mul/result[24]_INST_0_i_63/O
                         net (fo=3, routed)           0.812    14.636    GEN_BRAM.u_core/alu/u_mul/u_mul/GEN_WALLACE.u_mul/l4[0]_5[22]
    SLICE_X15Y4          LUT5 (Prop_lut5_I2_O)        0.067    14.703 r  GEN_BRAM.u_core/alu/u_mul/u_mul/GEN_WALLACE.u_mul/result[24]_INST_0_i_35/O
                         net (fo=3, routed)           0.418    15.120    GEN_BRAM.u_core/alu/u_mul/u_mul/GEN_WALLACE.u_mul/l6[0]_23[22]
    SLICE_X17Y4          LUT3 (Prop_lut3_I1_O)        0.173    15.293 r  GEN_BRAM.u_core/alu/u_mul/u_mul/GEN_WALLACE.u_mul/result[24]_INST_0_i_28/O
                         net (fo=2, routed)           0.569    15.862    GEN_BRAM.u_core/alu/u_mul/u_mul/GEN_WALLACE.u_mul/l7[0]_24[22]
    SLICE_X17Y5          LUT2 (Prop_lut2_I1_O)        0.179    16.041 r  GEN_BRAM.u_core/alu/u_mul/u_mul/GEN_WALLACE.u_mul/result[24]_INST_0_i_6/O
                         net (fo=1, routed)           0.475    16.516    GEN_BRAM.u_core/alu/u_mul/u_mul/GEN_WALLACE.u_mul/final_a[22]
    SLICE_X19Y4          CARRY4 (Prop_carry4_DI[1]_CO[3])
                                                      0.414    16.930 r  GEN_BRAM.u_core/alu/u_mul/u_mul/GEN_WALLACE.u_mul/result[24]_INST_0_i_1/CO[3]
                         net (fo=1, routed)           0.000    16.930    GEN_BRAM.u_core/alu/u_mul/u_mul/GEN_WALLACE.u_mul/result[24]_INST_0_i_1_n_0
    SLICE_X19Y5          CARRY4 (Prop_carry4_CI_CO[3])
                                                      0.058    16.988 r  GEN_BRAM.u_core/alu/u_mul/u_mul/GEN_WALLACE.u_mul/result[28]_INST_0_i_1/CO[3]
                         net (fo=1, routed)           0.000    16.988    GEN_BRAM.u_core/alu/u_mul/u_mul/GEN_WALLACE.u_mul/result[28]_INST_0_i_1_n_0
    SLICE_X19Y6          CARRY4 (Prop_carry4_CI_O[1])
                                                      0.213    17.201 f  GEN_BRAM.u_core/alu/u_mul/u_mul/GEN_WALLACE.u_mul/result[31]_INST_0_i_1/O[1]
                         net (fo=2, routed)           0.249    17.450    GEN_BRAM.u_core/alu/u_mul/u_mul/GEN_WALLACE.u_mul/unsigned_product[30]
    SLICE_X18Y7          LUT1 (Prop_lut1_I0_O)        0.152    17.602 r  GEN_BRAM.u_core/alu/u_mul/u_mul/GEN_WALLACE.u_mul/result[0]_INST_0_i_5/O
                         net (fo=1, routed)           0.000    17.602    GEN_BRAM.u_core/alu/u_mul/u_mul/GEN_WALLACE.u_mul/p_0_in[30]
    SLICE_X18Y7          CARRY4 (Prop_carry4_S[1]_CO[3])
                                                      0.310    17.912 r  GEN_BRAM.u_core/alu/u_mul/u_mul/GEN_WALLACE.u_mul/result[0]_INST_0_i_1/CO[3]
                         net (fo=1, routed)           0.000    17.912    GEN_BRAM.u_core/alu/u_mul/u_mul/GEN_WALLACE.u_mul/result[0]_INST_0_i_1_n_0
    SLICE_X18Y8          CARRY4 (Prop_carry4_CI_O[0])
                                                      0.135    18.047 r  GEN_BRAM.u_core/alu/u_mul/u_mul/GEN_WALLACE.u_mul/result[4]_INST_0_i_3/O[0]
                         net (fo=1, routed)           0.567    18.613    GEN_BRAM.u_core/alu/u_mul/u_mul/GEN_WALLACE.u_mul/signed_product0[33]
    SLICE_X17Y9          LUT5 (Prop_lut5_I4_O)        0.153    18.766 r  GEN_BRAM.u_core/alu/u_mul/u_mul/GEN_WALLACE.u_mul/result[1]_INST_0/O
                         net (fo=2, routed)           0.954    19.721    GEN_BRAM.u_core/reg_file/result[0]
    SLICE_X18Y27         LUT6 (Prop_lut6_I2_O)        0.053    19.774 r  GEN_BRAM.u_core/reg_file/debug_alu_out_OBUF[1]_inst_i_2/O
                         net (fo=2, routed)           0.142    19.916    GEN_BRAM.u_core/dmem/registers_reg_r1_0_31_12_17_i_33_0
    SLICE_X18Y27         LUT5 (Prop_lut5_I3_O)        0.053    19.969 r  GEN_BRAM.u_core/dmem/registers_reg_r1_0_31_6_11_i_37/O
                         net (fo=2, routed)           0.600    20.568    GEN_BRAM.u_core/alu/registers_reg_r1_0_31_12_17_i_18_0
    SLICE_X18Y27         LUT6 (Prop_lut6_I1_O)        0.053    20.621 r  GEN_BRAM.u_core/alu/registers_reg_r1_0_31_12_17_i_33/O
                         net (fo=16, routed)          1.025    21.646    GEN_BRAM.u_core/wb_mux/registers_reg_r1_0_31_12_17_i_6
    SLICE_X2Y28          LUT6 (Prop_lut6_I5_O)        0.053    21.699 r  GEN_BRAM.u_core/wb_mux/registers_reg_r1_0_31_24_29_i_8/O
                         net (fo=1, routed)           0.487    22.186    GEN_BRAM.u_core/divider/wb_exec[25]
    SLICE_X5Y31          LUT6 (Prop_lut6_I5_O)        0.053    22.239 r  GEN_BRAM.u_core/divider/registers_reg_r1_0_31_24_29_i_1/O
                         net (fo=2, routed)           0.498    22.737    GEN_BRAM.u_core/reg_file/registers_reg_r2_0_31_24_29/DIA1
    SLICE_X8Y32          RAMD32                                       r  GEN_BRAM.u_core/reg_file/registers_reg_r2_0_31_24_29/RAMA_D1/I
  -------------------------------------------------------------------    -------------------

                         (clock sys_clk rise edge)   30.000    30.000 r  
    AD23                                              0.000    30.000 r  clk (IN)
                         net (fo=0)                   0.000    30.000    clk
    AD23                 IBUF (Prop_ibuf_I_O)         0.796    30.796 r  clk_IBUF_inst/O
                         net (fo=1, routed)           1.741    32.537    clk_IBUF
    BUFGCTRL_X0Y0        BUFG (Prop_bufg_I_O)         0.113    32.650 r  clk_IBUF_BUFG_inst/O
                         net (fo=350, routed)         1.537    34.187    GEN_BRAM.u_core/reg_file/registers_reg_r2_0_31_24_29/WCLK
    SLICE_X8Y32          RAMD32                                       r  GEN_BRAM.u_core/reg_file/registers_reg_r2_0_31_24_29/RAMA_D1/CLK
                         clock pessimism              0.256    34.444    
                         clock uncertainty           -0.035    34.408    
    SLICE_X8Y32          RAMD32 (Setup_ramd32_CLK_I)
                                                     -0.166    34.242    GEN_BRAM.u_core/reg_file/registers_reg_r2_0_31_24_29/RAMA_D1
  -------------------------------------------------------------------
                         required time                         34.242    
                         arrival time                         -22.737    
  -------------------------------------------------------------------
                         slack                                 11.505    

Slack (MET) :             11.507ns  (required time - arrival time)
  Source:                 GEN_BRAM.u_core/ir_reg[24]/C
                            (rising edge-triggered cell FDCE clocked by sys_clk  {rise@0.000ns fall@15.000ns period=30.000ns})
  Destination:            GEN_BRAM.u_core/dmem/mem_reg_1/DIADI[14]
                            (rising edge-triggered cell RAMB36E1 clocked by sys_clk  {rise@0.000ns fall@15.000ns period=30.000ns})
  Path Group:             sys_clk
  Path Type:              Setup (Max at Slow Process Corner)
  Requirement:            30.000ns  (sys_clk rise@30.000ns - sys_clk rise@0.000ns)
  Data Path Delay:        18.260ns  (logic 3.835ns (21.003%)  route 14.425ns (78.997%))
  Logic Levels:           23  (CARRY4=5 LUT1=1 LUT2=3 LUT3=2 LUT4=1 LUT5=4 LUT6=6 MUXF7=1)
  Clock Path Skew:        0.006ns (DCD - SCD + CPR)
    Destination Clock Delay (DCD):    4.216ns = ( 34.216 - 30.000 ) 
    Source Clock Delay      (SCD):    4.467ns
    Clock Pessimism Removal (CPR):    0.256ns
  Clock Uncertainty:      0.035ns  ((TSJ^2 + TIJ^2)^1/2 + DJ) / 2 + PE
    Total System Jitter     (TSJ):    0.071ns
    Total Input Jitter      (TIJ):    0.000ns
    Discrete Jitter          (DJ):    0.000ns
    Phase Error              (PE):    0.000ns

    Location             Delay type                Incr(ns)  Path(ns)    Netlist Resource(s)
  -------------------------------------------------------------------    -------------------
                         (clock sys_clk rise edge)    0.000     0.000 r  
    AD23                                              0.000     0.000 r  clk (IN)
                         net (fo=0)                   0.000     0.000    clk
    AD23                 IBUF (Prop_ibuf_I_O)         0.873     0.873 r  clk_IBUF_inst/O
                         net (fo=1, routed)           1.830     2.703    clk_IBUF
    BUFGCTRL_X0Y0        BUFG (Prop_bufg_I_O)         0.120     2.823 r  clk_IBUF_BUFG_inst/O
                         net (fo=350, routed)         1.644     4.467    GEN_BRAM.u_core/clk_IBUF_BUFG
    SLICE_X11Y20         FDCE                                         r  GEN_BRAM.u_core/ir_reg[24]/C
  -------------------------------------------------------------------    -------------------
    SLICE_X11Y20         FDCE (Prop_fdce_C_Q)         0.269     4.736 f  GEN_BRAM.u_core/ir_reg[24]/Q
                         net (fo=68, routed)          1.737     6.473    GEN_BRAM.u_core/reg_file/Q[23]
    SLICE_X17Y34         LUT5 (Prop_lut5_I1_O)        0.053     6.526 r  GEN_BRAM.u_core/reg_file/u_mul_i_35/O
                         net (fo=172, routed)         1.353     7.879    GEN_BRAM.u_core/alu_mux_b/mem_reg_0
    SLICE_X8Y21          LUT4 (Prop_lut4_I2_O)        0.053     7.932 r  GEN_BRAM.u_core/alu_mux_b/u_mul_i_32/O
                         net (fo=139, routed)         0.555     8.487    GEN_BRAM.u_core/alu/u_mul/u_mul/GEN_WALLACE.u_mul/result[4]_INST_0_i_34_n_0
    SLICE_X12Y14         CARRY4 (Prop_carry4_CYINIT_O[3])
                                                      0.406     8.893 r  GEN_BRAM.u_core/alu/u_mul/u_mul/GEN_WALLACE.u_mul/result[4]_INST_0_i_24/O[3]
                         net (fo=3, routed)           0.423     9.316    GEN_BRAM.u_core/alu/u_mul/u_mul/GEN_WALLACE.u_mul/mag_b0[4]
    SLICE_X11Y14         LUT6 (Prop_lut6_I5_O)        0.142     9.458 r  GEN_BRAM.u_core/alu/u_mul/u_mul/GEN_WALLACE.u_mul/result[8]_INST_0_i_27/O
                         net (fo=68, routed)          2.333    11.791    GEN_BRAM.u_core/alu/u_mul/u_mul/GEN_WALLACE.u_mul/mag_b[4]
    SLICE_X26Y2          LUT6 (Prop_lut6_I1_O)        0.053    11.844 r  GEN_BRAM.u_core/alu/u_mul/u_mul/GEN_WALLACE.u_mul/result[28]_INST_0_i_267/O
                         net (fo=2, routed)           0.459    12.303    GEN_BRAM.u_core/alu/u_mul/u_mul/GEN_WALLACE.u_mul/l1[2]_28[21]
    SLICE_X26Y2          LUT3 (Prop_lut3_I1_O)        0.066    12.369 r  GEN_BRAM.u_core/alu/u_mul/u_mul/GEN_WALLACE.u_mul/result[28]_INST_0_i_257/O
                         net (fo=2, routed)           0.406    12.775    GEN_BRAM.u_core/alu/u_mul/u_mul/GEN_WALLACE.u_mul/l2[1]_47[22]
    SLICE_X29Y2          LUT5 (Prop_lut5_I3_O)        0.171    12.946 r  GEN_BRAM.u_core/alu/u_mul/u_mul/GEN_WALLACE.u_mul/result[28]_INST_0_i_218/O
                         net (fo=2, routed)           0.707    13.653    GEN_BRAM.u_core/alu/u_mul/u_mul/GEN_WALLACE.u_mul/l3[0]_1[22]
    SLICE_X20Y4          LUT5 (Prop_lut5_I3_O)        0.170    13.823 r  GEN_BRAM.u_core/alu/u_mul/u_mul/GEN_WALLACE.u_mul/result[24]_INST_0_i_63/O
                         net (fo=3, routed)           0.812    14.636    GEN_BRAM.u_core/alu/u_mul/u_mul/GEN_WALLACE.u_mul/l4[0]_5[22]
    SLICE_X15Y4          LUT5 (Prop_lut5_I2_O)        0.067    14.703 r  GEN_BRAM.u_core/alu/u_mul/u_mul/GEN_WALLACE.u_mul/result[24]_INST_0_i_35/O
                         net (fo=3, routed)           0.418    15.120    GEN_BRAM.u_core/alu/u_mul/u_mul/GEN_WALLACE.u_mul/l6[0]_23[22]
    SLICE_X17Y4          LUT3 (Prop_lut3_I1_O)        0.173    15.293 r  GEN_BRAM.u_core/alu/u_mul/u_mul/GEN_WALLACE.u_mul/result[24]_INST_0_i_28/O
                         net (fo=2, routed)           0.569    15.862    GEN_BRAM.u_core/alu/u_mul/u_mul/GEN_WALLACE.u_mul/l7[0]_24[22]
    SLICE_X17Y5          LUT2 (Prop_lut2_I1_O)        0.179    16.041 r  GEN_BRAM.u_core/alu/u_mul/u_mul/GEN_WALLACE.u_mul/result[24]_INST_0_i_6/O
                         net (fo=1, routed)           0.475    16.516    GEN_BRAM.u_core/alu/u_mul/u_mul/GEN_WALLACE.u_mul/final_a[22]
    SLICE_X19Y4          CARRY4 (Prop_carry4_DI[1]_CO[3])
                                                      0.414    16.930 r  GEN_BRAM.u_core/alu/u_mul/u_mul/GEN_WALLACE.u_mul/result[24]_INST_0_i_1/CO[3]
                         net (fo=1, routed)           0.000    16.930    GEN_BRAM.u_core/alu/u_mul/u_mul/GEN_WALLACE.u_mul/result[24]_INST_0_i_1_n_0
    SLICE_X19Y5          CARRY4 (Prop_carry4_CI_O[1])
                                                      0.213    17.143 f  GEN_BRAM.u_core/alu/u_mul/u_mul/GEN_WALLACE.u_mul/result[28]_INST_0_i_1/O[1]
                         net (fo=2, routed)           0.244    17.387    GEN_BRAM.u_core/alu/u_mul/u_mul/GEN_WALLACE.u_mul/unsigned_product[26]
    SLICE_X18Y6          LUT1 (Prop_lut1_I0_O)        0.152    17.539 r  GEN_BRAM.u_core/alu/u_mul/u_mul/GEN_WALLACE.u_mul/result[0]_INST_0_i_10/O
                         net (fo=1, routed)           0.000    17.539    GEN_BRAM.u_core/alu/u_mul/u_mul/GEN_WALLACE.u_mul/p_0_in[26]
    SLICE_X18Y6          CARRY4 (Prop_carry4_S[1]_CO[3])
                                                      0.310    17.849 r  GEN_BRAM.u_core/alu/u_mul/u_mul/GEN_WALLACE.u_mul/result[0]_INST_0_i_2/CO[3]
                         net (fo=1, routed)           0.000    17.849    GEN_BRAM.u_core/alu/u_mul/u_mul/GEN_WALLACE.u_mul/result[0]_INST_0_i_2_n_0
    SLICE_X18Y7          CARRY4 (Prop_carry4_CI_O[3])
                                                      0.181    18.030 r  GEN_BRAM.u_core/alu/u_mul/u_mul/GEN_WALLACE.u_mul/result[0]_INST_0_i_1/O[3]
                         net (fo=1, routed)           0.230    18.260    GEN_BRAM.u_core/alu/u_mul/u_mul/GEN_WALLACE.u_mul/signed_product0[32]
    SLICE_X17Y7          LUT6 (Prop_lut6_I5_O)        0.142    18.402 r  GEN_BRAM.u_core/alu/u_mul/u_mul/GEN_WALLACE.u_mul/result[0]_INST_0/O
                         net (fo=1, routed)           0.782    19.184    GEN_BRAM.u_core/alu/mul_result[0]
    SLICE_X17Y23         LUT6 (Prop_lut6_I0_O)        0.053    19.237 r  GEN_BRAM.u_core/alu/debug_alu_out_OBUF[0]_inst_i_11/O
                         net (fo=1, routed)           0.000    19.237    GEN_BRAM.u_core/alu/debug_alu_out_OBUF[0]_inst_i_11_n_0
    SLICE_X17Y23         MUXF7 (Prop_muxf7_I1_O)      0.129    19.366 r  GEN_BRAM.u_core/alu/debug_alu_out_OBUF[0]_inst_i_4/O
                         net (fo=1, routed)           0.388    19.754    GEN_BRAM.u_core/alu/debug_alu_out_OBUF[0]_inst_i_4_n_0
    SLICE_X18Y26         LUT6 (Prop_lut6_I5_O)        0.153    19.907 r  GEN_BRAM.u_core/alu/debug_alu_out_OBUF[0]_inst_i_1/O
                         net (fo=11, routed)          0.633    20.540    GEN_BRAM.u_core/alu/D[0]
    SLICE_X9Y22          LUT2 (Prop_lut2_I1_O)        0.053    20.593 f  GEN_BRAM.u_core/alu/mem_reg_0_i_37/O
                         net (fo=26, routed)          0.958    21.551    GEN_BRAM.u_core/alu_mux_b/mem_reg_1_0
    SLICE_X11Y33         LUT2 (Prop_lut2_I1_O)        0.063    21.614 r  GEN_BRAM.u_core/alu_mux_b/mem_reg_1_i_21/O
                         net (fo=8, routed)           0.395    22.009    GEN_BRAM.u_core/reg_file/mem_reg_1_3
    SLICE_X13Y34         LUT6 (Prop_lut6_I2_O)        0.170    22.179 r  GEN_BRAM.u_core/reg_file/mem_reg_1_i_2/O
                         net (fo=1, routed)           0.547    22.726    GEN_BRAM.u_core/dmem/wdata[30]
    RAMB36_X0Y5          RAMB36E1                                     r  GEN_BRAM.u_core/dmem/mem_reg_1/DIADI[14]
  -------------------------------------------------------------------    -------------------

                         (clock sys_clk rise edge)   30.000    30.000 r  
    AD23                                              0.000    30.000 r  clk (IN)
                         net (fo=0)                   0.000    30.000    clk
    AD23                 IBUF (Prop_ibuf_I_O)         0.796    30.796 r  clk_IBUF_inst/O
                         net (fo=1, routed)           1.741    32.537    clk_IBUF
    BUFGCTRL_X0Y0        BUFG (Prop_bufg_I_O)         0.113    32.650 r  clk_IBUF_BUFG_inst/O
                         net (fo=350, routed)         1.566    34.216    GEN_BRAM.u_core/dmem/clk_IBUF_BUFG
    RAMB36_X0Y5          RAMB36E1                                     r  GEN_BRAM.u_core/dmem/mem_reg_1/CLKARDCLK
                         clock pessimism              0.256    34.472    
                         clock uncertainty           -0.035    34.437    
    RAMB36_X0Y5          RAMB36E1 (Setup_ramb36e1_CLKARDCLK_DIADI[14])
                                                     -0.204    34.233    GEN_BRAM.u_core/dmem/mem_reg_1
  -------------------------------------------------------------------
                         required time                         34.233    
                         arrival time                         -22.726    
  -------------------------------------------------------------------
                         slack                                 11.507    

Slack (MET) :             11.517ns  (required time - arrival time)
  Source:                 GEN_BRAM.u_core/ir_reg[24]/C
                            (rising edge-triggered cell FDCE clocked by sys_clk  {rise@0.000ns fall@15.000ns period=30.000ns})
  Destination:            GEN_BRAM.u_core/reg_file/registers_reg_r1_0_31_6_11/RAMA_D1/I
                            (rising edge-triggered cell RAMD32 clocked by sys_clk  {rise@0.000ns fall@15.000ns period=30.000ns})
  Path Group:             sys_clk
  Path Type:              Setup (Max at Slow Process Corner)
  Requirement:            30.000ns  (sys_clk rise@30.000ns - sys_clk rise@0.000ns)
  Data Path Delay:        18.261ns  (logic 3.667ns (20.081%)  route 14.594ns (79.919%))
  Logic Levels:           23  (CARRY4=6 LUT1=1 LUT2=1 LUT3=2 LUT4=1 LUT5=6 LUT6=5 MUXF7=1)
  Clock Path Skew:        -0.021ns (DCD - SCD + CPR)
    Destination Clock Delay (DCD):    4.182ns = ( 34.182 - 30.000 ) 
    Source Clock Delay      (SCD):    4.467ns
    Clock Pessimism Removal (CPR):    0.263ns
  Clock Uncertainty:      0.035ns  ((TSJ^2 + TIJ^2)^1/2 + DJ) / 2 + PE
    Total System Jitter     (TSJ):    0.071ns
    Total Input Jitter      (TIJ):    0.000ns
    Discrete Jitter          (DJ):    0.000ns
    Phase Error              (PE):    0.000ns

    Location             Delay type                Incr(ns)  Path(ns)    Netlist Resource(s)
  -------------------------------------------------------------------    -------------------
                         (clock sys_clk rise edge)    0.000     0.000 r  
    AD23                                              0.000     0.000 r  clk (IN)
                         net (fo=0)                   0.000     0.000    clk
    AD23                 IBUF (Prop_ibuf_I_O)         0.873     0.873 r  clk_IBUF_inst/O
                         net (fo=1, routed)           1.830     2.703    clk_IBUF
    BUFGCTRL_X0Y0        BUFG (Prop_bufg_I_O)         0.120     2.823 r  clk_IBUF_BUFG_inst/O
                         net (fo=350, routed)         1.644     4.467    GEN_BRAM.u_core/clk_IBUF_BUFG
    SLICE_X11Y20         FDCE                                         r  GEN_BRAM.u_core/ir_reg[24]/C
  -------------------------------------------------------------------    -------------------
    SLICE_X11Y20         FDCE (Prop_fdce_C_Q)         0.269     4.736 f  GEN_BRAM.u_core/ir_reg[24]/Q
                         net (fo=68, routed)          1.737     6.473    GEN_BRAM.u_core/reg_file/Q[23]
    SLICE_X17Y34         LUT5 (Prop_lut5_I1_O)        0.053     6.526 r  GEN_BRAM.u_core/reg_file/u_mul_i_35/O
                         net (fo=172, routed)         1.353     7.879    GEN_BRAM.u_core/alu_mux_b/mem_reg_0
    SLICE_X8Y21          LUT4 (Prop_lut4_I2_O)        0.053     7.932 r  GEN_BRAM.u_core/alu_mux_b/u_mul_i_32/O
                         net (fo=139, routed)         0.555     8.487    GEN_BRAM.u_core/alu/u_mul/u_mul/GEN_WALLACE.u_mul/result[4]_INST_0_i_34_n_0
    SLICE_X12Y14         CARRY4 (Prop_carry4_CYINIT_O[3])
                                                      0.406     8.893 r  GEN_BRAM.u_core/alu/u_mul/u_mul/GEN_WALLACE.u_mul/result[4]_INST_0_i_24/O[3]
                         net (fo=3, routed)           0.423     9.316    GEN_BRAM.u_core/alu/u_mul/u_mul/GEN_WALLACE.u_mul/mag_b0[4]
    SLICE_X11Y14         LUT6 (Prop_lut6_I5_O)        0.142     9.458 r  GEN_BRAM.u_core/alu/u_mul/u_mul/GEN_WALLACE.u_mul/result[8]_INST_0_i_27/O
                         net (fo=68, routed)          2.333    11.791    GEN_BRAM.u_core/alu/u_mul/u_mul/GEN_WALLACE.u_mul/mag_b[4]
    SLICE_X26Y2          LUT6 (Prop_lut6_I1_O)        0.053    11.844 r  GEN_BRAM.u_core/alu/u_mul/u_mul/GEN_WALLACE.u_mul/result[28]_INST_0_i_267/O
                         net (fo=2, routed)           0.459    12.303    GEN_BRAM.u_core/alu/u_mul/u_mul/GEN_WALLACE.u_mul/l1[2]_28[21]
    SLICE_X26Y2          LUT3 (Prop_lut3_I1_O)        0.066    12.369 r  GEN_BRAM.u_core/alu/u_mul/u_mul/GEN_WALLACE.u_mul/result[28]_INST_0_i_257/O
                         net (fo=2, routed)           0.406    12.775    GEN_BRAM.u_core/alu/u_mul/u_mul/GEN_WALLACE.u_mul/l2[1]_47[22]
    SLICE_X29Y2          LUT5 (Prop_lut5_I3_O)        0.171    12.946 r  GEN_BRAM.u_core/alu/u_mul/u_mul/GEN_WALLACE.u_mul/result[28]_INST_0_i_218/O
                         net (fo=2, routed)           0.707    13.653    GEN_BRAM.u_core/alu/u_mul/u_mul/GEN_WALLACE.u_mul/l3[0]_1[22]
    SLICE_X20Y4          LUT5 (Prop_lut5_I3_O)        0.170    13.823 r  GEN_BRAM.u_core/alu/u_mul/u_mul/GEN_WALLACE.u_mul/result[24]_INST_0_i_63/O
                         net (fo=3, routed)           0.812    14.636    GEN_BRAM.u_core/alu/u_mul/u_mul/GEN_WALLACE.u_mul/l4[0]_5[22]
    SLICE_X15Y4          LUT5 (Prop_lut5_I2_O)        0.067    14.703 r  GEN_BRAM.u_core/alu/u_mul/u_mul/GEN_WALLACE.u_mul/result[24]_INST_0_i_35/O
                         net (fo=3, routed)           0.418    15.120    GEN_BRAM.u_core/alu/u_mul/u_mul/GEN_WALLACE.u_mul/l6[0]_23[22]
    SLICE_X17Y4          LUT3 (Prop_lut3_I1_O)        0.173    15.293 r  GEN_BRAM.u_core/alu/u_mul/u_mul/GEN_WALLACE.u_mul/result[24]_INST_0_i_28/O
                         net (fo=2, routed)           0.569    15.862    GEN_BRAM.u_core/alu/u_mul/u_mul/GEN_WALLACE.u_mul/l7[0]_24[22]
    SLICE_X17Y5          LUT2 (Prop_lut2_I1_O)        0.179    16.041 r  GEN_BRAM.u_core/alu/u_mul/u_mul/GEN_WALLACE.u_mul/result[24]_INST_0_i_6/O
                         net (fo=1, routed)           0.475    16.516    GEN_BRAM.u_core/alu/u_mul/u_mul/GEN_WALLACE.u_mul/final_a[22]
    SLICE_X19Y4          CARRY4 (Prop_carry4_DI[1]_CO[3])
                                                      0.414    16.930 r  GEN_BRAM.u_core/alu/u_mul/u_mul/GEN_WALLACE.u_mul/result[24]_INST_0_i_1/CO[3]
                         net (fo=1, routed)           0.000    16.930    GEN_BRAM.u_core/alu/u_mul/u_mul/GEN_WALLACE.u_mul/result[24]_INST_0_i_1_n_0
    SLICE_X19Y5          CARRY4 (Prop_carry4_CI_CO[3])
                                                      0.058    16.988 r  GEN_BRAM.u_core/alu/u_mul/u_mul/GEN_WALLACE.u_mul/result[28]_INST_0_i_1/CO[3]
                         net (fo=1, routed)           0.000    16.988    GEN_BRAM.u_core/alu/u_mul/u_mul/GEN_WALLACE.u_mul/result[28]_INST_0_i_1_n_0
    SLICE_X19Y6          CARRY4 (Prop_carry4_CI_O[1])
                                                      0.213    17.201 f  GEN_BRAM.u_core/alu/u_mul/u_mul/GEN_WALLACE.u_mul/result[31]_INST_0_i_1/O[1]
                         net (fo=2, routed)           0.249    17.450    GEN_BRAM.u_core/alu/u_mul/u_mul/GEN_WALLACE.u_mul/unsigned_product[30]
    SLICE_X18Y7          LUT1 (Prop_lut1_I0_O)        0.152    17.602 r  GEN_BRAM.u_core/alu/u_mul/u_mul/GEN_WALLACE.u_mul/result[0]_INST_0_i_5/O
                         net (fo=1, routed)           0.000    17.602    GEN_BRAM.u_core/alu/u_mul/u_mul/GEN_WALLACE.u_mul/p_0_in[30]
    SLICE_X18Y7          CARRY4 (Prop_carry4_S[1]_CO[3])
                                                      0.310    17.912 r  GEN_BRAM.u_core/alu/u_mul/u_mul/GEN_WALLACE.u_mul/result[0]_INST_0_i_1/CO[3]
                         net (fo=1, routed)           0.000    17.912    GEN_BRAM.u_core/alu/u_mul/u_mul/GEN_WALLACE.u_mul/result[0]_INST_0_i_1_n_0
    SLICE_X18Y8          CARRY4 (Prop_carry4_CI_O[0])
                                                      0.135    18.047 r  GEN_BRAM.u_core/alu/u_mul/u_mul/GEN_WALLACE.u_mul/result[4]_INST_0_i_3/O[0]
                         net (fo=1, routed)           0.567    18.613    GEN_BRAM.u_core/alu/u_mul/u_mul/GEN_WALLACE.u_mul/signed_product0[33]
    SLICE_X17Y9          LUT5 (Prop_lut5_I4_O)        0.153    18.766 r  GEN_BRAM.u_core/alu/u_mul/u_mul/GEN_WALLACE.u_mul/result[1]_INST_0/O
                         net (fo=2, routed)           0.954    19.721    GEN_BRAM.u_core/reg_file/result[0]
    SLICE_X18Y27         LUT6 (Prop_lut6_I2_O)        0.053    19.774 r  GEN_BRAM.u_core/reg_file/debug_alu_out_OBUF[1]_inst_i_2/O
                         net (fo=2, routed)           0.000    19.774    GEN_BRAM.u_core/alu_mux_b/load_addr_hold_reg[1]
    SLICE_X18Y27         MUXF7 (Prop_muxf7_I0_O)      0.121    19.895 r  GEN_BRAM.u_core/alu_mux_b/debug_alu_out_OBUF[1]_inst_i_1/O
                         net (fo=43, routed)          1.245    21.140    GEN_BRAM.u_core/dmem/D[1]
    SLICE_X4Y25          LUT5 (Prop_lut5_I2_O)        0.150    21.290 r  GEN_BRAM.u_core/dmem/registers_reg_r1_0_31_6_11_i_20/O
                         net (fo=1, routed)           0.412    21.702    GEN_BRAM.u_core/wb_mux/registers_reg_r1_0_31_6_11_i_1
    SLICE_X3Y23          LUT6 (Prop_lut6_I4_O)        0.053    21.755 r  GEN_BRAM.u_core/wb_mux/registers_reg_r1_0_31_6_11_i_8/O
                         net (fo=1, routed)           0.428    22.184    GEN_BRAM.u_core/divider/wb_exec[7]
    SLICE_X7Y23          LUT6 (Prop_lut6_I5_O)        0.053    22.237 r  GEN_BRAM.u_core/divider/registers_reg_r1_0_31_6_11_i_1/O
                         net (fo=2, routed)           0.491    22.728    GEN_BRAM.u_core/reg_file/registers_reg_r1_0_31_6_11/DIA1
    SLICE_X10Y22         RAMD32                                       r  GEN_BRAM.u_core/reg_file/registers_reg_r1_0_31_6_11/RAMA_D1/I
  -------------------------------------------------------------------    -------------------

                         (clock sys_clk rise edge)   30.000    30.000 r  
    AD23                                              0.000    30.000 r  clk (IN)
                         net (fo=0)                   0.000    30.000    clk
    AD23                 IBUF (Prop_ibuf_I_O)         0.796    30.796 r  clk_IBUF_inst/O
                         net (fo=1, routed)           1.741    32.537    clk_IBUF
    BUFGCTRL_X0Y0        BUFG (Prop_bufg_I_O)         0.113    32.650 r  clk_IBUF_BUFG_inst/O
                         net (fo=350, routed)         1.532    34.182    GEN_BRAM.u_core/reg_file/registers_reg_r1_0_31_6_11/WCLK
    SLICE_X10Y22         RAMD32                                       r  GEN_BRAM.u_core/reg_file/registers_reg_r1_0_31_6_11/RAMA_D1/CLK
                         clock pessimism              0.263    34.446    
                         clock uncertainty           -0.035    34.410    
    SLICE_X10Y22         RAMD32 (Setup_ramd32_CLK_I)
                                                     -0.166    34.244    GEN_BRAM.u_core/reg_file/registers_reg_r1_0_31_6_11/RAMA_D1
  -------------------------------------------------------------------
                         required time                         34.244    
                         arrival time                         -22.728    
  -------------------------------------------------------------------
                         slack                                 11.517    

Slack (MET) :             11.537ns  (required time - arrival time)
  Source:                 GEN_BRAM.u_core/ir_reg[24]/C
                            (rising edge-triggered cell FDCE clocked by sys_clk  {rise@0.000ns fall@15.000ns period=30.000ns})
  Destination:            GEN_BRAM.u_core/dmem/mem_reg_1/DIADI[13]
                            (rising edge-triggered cell RAMB36E1 clocked by sys_clk  {rise@0.000ns fall@15.000ns period=30.000ns})
  Path Group:             sys_clk
  Path Type:              Setup (Max at Slow Process Corner)
  Requirement:            30.000ns  (sys_clk rise@30.000ns - sys_clk rise@0.000ns)
  Data Path Delay:        18.229ns  (logic 3.835ns (21.038%)  route 14.394ns (78.962%))
  Logic Levels:           23  (CARRY4=5 LUT1=1 LUT2=3 LUT3=2 LUT4=1 LUT5=4 LUT6=6 MUXF7=1)
  Clock Path Skew:        0.006ns (DCD - SCD + CPR)
    Destination Clock Delay (DCD):    4.216ns = ( 34.216 - 30.000 ) 
    Source Clock Delay      (SCD):    4.467ns
    Clock Pessimism Removal (CPR):    0.256ns
  Clock Uncertainty:      0.035ns  ((TSJ^2 + TIJ^2)^1/2 + DJ) / 2 + PE
    Total System Jitter     (TSJ):    0.071ns
    Total Input Jitter      (TIJ):    0.000ns
    Discrete Jitter          (DJ):    0.000ns
    Phase Error              (PE):    0.000ns

    Location             Delay type                Incr(ns)  Path(ns)    Netlist Resource(s)
  -------------------------------------------------------------------    -------------------
                         (clock sys_clk rise edge)    0.000     0.000 r  
    AD23                                              0.000     0.000 r  clk (IN)
                         net (fo=0)                   0.000     0.000    clk
    AD23                 IBUF (Prop_ibuf_I_O)         0.873     0.873 r  clk_IBUF_inst/O
                         net (fo=1, routed)           1.830     2.703    clk_IBUF
    BUFGCTRL_X0Y0        BUFG (Prop_bufg_I_O)         0.120     2.823 r  clk_IBUF_BUFG_inst/O
                         net (fo=350, routed)         1.644     4.467    GEN_BRAM.u_core/clk_IBUF_BUFG
    SLICE_X11Y20         FDCE                                         r  GEN_BRAM.u_core/ir_reg[24]/C
  -------------------------------------------------------------------    -------------------
    SLICE_X11Y20         FDCE (Prop_fdce_C_Q)         0.269     4.736 f  GEN_BRAM.u_core/ir_reg[24]/Q
                         net (fo=68, routed)          1.737     6.473    GEN_BRAM.u_core/reg_file/Q[23]
    SLICE_X17Y34         LUT5 (Prop_lut5_I1_O)        0.053     6.526 r  GEN_BRAM.u_core/reg_file/u_mul_i_35/O
                         net (fo=172, routed)         1.353     7.879    GEN_BRAM.u_core/alu_mux_b/mem_reg_0
    SLICE_X8Y21          LUT4 (Prop_lut4_I2_O)        0.053     7.932 r  GEN_BRAM.u_core/alu_mux_b/u_mul_i_32/O
                         net (fo=139, routed)         0.555     8.487    GEN_BRAM.u_core/alu/u_mul/u_mul/GEN_WALLACE.u_mul/result[4]_INST_0_i_34_n_0
    SLICE_X12Y14         CARRY4 (Prop_carry4_CYINIT_O[3])
                                                      0.406     8.893 r  GEN_BRAM.u_core/alu/u_mul/u_mul/GEN_WALLACE.u_mul/result[4]_INST_0_i_24/O[3]
                         net (fo=3, routed)           0.423     9.316    GEN_BRAM.u_core/alu/u_mul/u_mul/GEN_WALLACE.u_mul/mag_b0[4]
    SLICE_X11Y14         LUT6 (Prop_lut6_I5_O)        0.142     9.458 r  GEN_BRAM.u_core/alu/u_mul/u_mul/GEN_WALLACE.u_mul/result[8]_INST_0_i_27/O
                         net (fo=68, routed)          2.333    11.791    GEN_BRAM.u_core/alu/u_mul/u_mul/GEN_WALLACE.u_mul/mag_b[4]
    SLICE_X26Y2          LUT6 (Prop_lut6_I1_O)        0.053    11.844 r  GEN_BRAM.u_core/alu/u_mul/u_mul/GEN_WALLACE.u_mul/result[28]_INST_0_i_267/O
                         net (fo=2, routed)           0.459    12.303    GEN_BRAM.u_core/alu/u_mul/u_mul/GEN_WALLACE.u_mul/l1[2]_28[21]
    SLICE_X26Y2          LUT3 (Prop_lut3_I1_O)        0.066    12.369 r  GEN_BRAM.u_core/alu/u_mul/u_mul/GEN_WALLACE.u_mul/result[28]_INST_0_i_257/O
                         net (fo=2, routed)           0.406    12.775    GEN_BRAM.u_core/alu/u_mul/u_mul/GEN_WALLACE.u_mul/l2[1]_47[22]
    SLICE_X29Y2          LUT5 (Prop_lut5_I3_O)        0.171    12.946 r  GEN_BRAM.u_core/alu/u_mul/u_mul/GEN_WALLACE.u_mul/result[28]_INST_0_i_218/O
                         net (fo=2, routed)           0.707    13.653    GEN_BRAM.u_core/alu/u_mul/u_mul/GEN_WALLACE.u_mul/l3[0]_1[22]
    SLICE_X20Y4          LUT5 (Prop_lut5_I3_O)        0.170    13.823 r  GEN_BRAM.u_core/alu/u_mul/u_mul/GEN_WALLACE.u_mul/result[24]_INST_0_i_63/O
                         net (fo=3, routed)           0.812    14.636    GEN_BRAM.u_core/alu/u_mul/u_mul/GEN_WALLACE.u_mul/l4[0]_5[22]
    SLICE_X15Y4          LUT5 (Prop_lut5_I2_O)        0.067    14.703 r  GEN_BRAM.u_core/alu/u_mul/u_mul/GEN_WALLACE.u_mul/result[24]_INST_0_i_35/O
                         net (fo=3, routed)           0.418    15.120    GEN_BRAM.u_core/alu/u_mul/u_mul/GEN_WALLACE.u_mul/l6[0]_23[22]
    SLICE_X17Y4          LUT3 (Prop_lut3_I1_O)        0.173    15.293 r  GEN_BRAM.u_core/alu/u_mul/u_mul/GEN_WALLACE.u_mul/result[24]_INST_0_i_28/O
                         net (fo=2, routed)           0.569    15.862    GEN_BRAM.u_core/alu/u_mul/u_mul/GEN_WALLACE.u_mul/l7[0]_24[22]
    SLICE_X17Y5          LUT2 (Prop_lut2_I1_O)        0.179    16.041 r  GEN_BRAM.u_core/alu/u_mul/u_mul/GEN_WALLACE.u_mul/result[24]_INST_0_i_6/O
                         net (fo=1, routed)           0.475    16.516    GEN_BRAM.u_core/alu/u_mul/u_mul/GEN_WALLACE.u_mul/final_a[22]
    SLICE_X19Y4          CARRY4 (Prop_carry4_DI[1]_CO[3])
                                                      0.414    16.930 r  GEN_BRAM.u_core/alu/u_mul/u_mul/GEN_WALLACE.u_mul/result[24]_INST_0_i_1/CO[3]
                         net (fo=1, routed)           0.000    16.930    GEN_BRAM.u_core/alu/u_mul/u_mul/GEN_WALLACE.u_mul/result[24]_INST_0_i_1_n_0
    SLICE_X19Y5          CARRY4 (Prop_carry4_CI_O[1])
                                                      0.213    17.143 f  GEN_BRAM.u_core/alu/u_mul/u_mul/GEN_WALLACE.u_mul/result[28]_INST_0_i_1/O[1]
                         net (fo=2, routed)           0.244    17.387    GEN_BRAM.u_core/alu/u_mul/u_mul/GEN_WALLACE.u_mul/unsigned_product[26]
    SLICE_X18Y6          LUT1 (Prop_lut1_I0_O)        0.152    17.539 r  GEN_BRAM.u_core/alu/u_mul/u_mul/GEN_WALLACE.u_mul/result[0]_INST_0_i_10/O
                         net (fo=1, routed)           0.000    17.539    GEN_BRAM.u_core/alu/u_mul/u_mul/GEN_WALLACE.u_mul/p_0_in[26]
    SLICE_X18Y6          CARRY4 (Prop_carry4_S[1]_CO[3])
                                                      0.310    17.849 r  GEN_BRAM.u_core/alu/u_mul/u_mul/GEN_WALLACE.u_mul/result[0]_INST_0_i_2/CO[3]
                         net (fo=1, routed)           0.000    17.849    GEN_BRAM.u_core/alu/u_mul/u_mul/GEN_WALLACE.u_mul/result[0]_INST_0_i_2_n_0
    SLICE_X18Y7          CARRY4 (Prop_carry4_CI_O[3])
                                                      0.181    18.030 r  GEN_BRAM.u_core/alu/u_mul/u_mul/GEN_WALLACE.u_mul/result[0]_INST_0_i_1/O[3]
                         net (fo=1, routed)           0.230    18.260    GEN_BRAM.u_core/alu/u_mul/u_mul/GEN_WALLACE.u_mul/signed_product0[32]
    SLICE_X17Y7          LUT6 (Prop_lut6_I5_O)        0.142    18.402 r  GEN_BRAM.u_core/alu/u_mul/u_mul/GEN_WALLACE.u_mul/result[0]_INST_0/O
                         net (fo=1, routed)           0.782    19.184    GEN_BRAM.u_core/alu/mul_result[0]
    SLICE_X17Y23         LUT6 (Prop_lut6_I0_O)        0.053    19.237 r  GEN_BRAM.u_core/alu/debug_alu_out_OBUF[0]_inst_i_11/O
                         net (fo=1, routed)           0.000    19.237    GEN_BRAM.u_core/alu/debug_alu_out_OBUF[0]_inst_i_11_n_0
    SLICE_X17Y23         MUXF7 (Prop_muxf7_I1_O)      0.129    19.366 r  GEN_BRAM.u_core/alu/debug_alu_out_OBUF[0]_inst_i_4/O
                         net (fo=1, routed)           0.388    19.754    GEN_BRAM.u_core/alu/debug_alu_out_OBUF[0]_inst_i_4_n_0
    SLICE_X18Y26         LUT6 (Prop_lut6_I5_O)        0.153    19.907 r  GEN_BRAM.u_core/alu/debug_alu_out_OBUF[0]_inst_i_1/O
                         net (fo=11, routed)          0.633    20.540    GEN_BRAM.u_core/alu/D[0]
    SLICE_X9Y22          LUT2 (Prop_lut2_I1_O)        0.053    20.593 f  GEN_BRAM.u_core/alu/mem_reg_0_i_37/O
                         net (fo=26, routed)          0.958    21.551    GEN_BRAM.u_core/alu_mux_b/mem_reg_1_0
    SLICE_X11Y33         LUT2 (Prop_lut2_I1_O)        0.063    21.614 r  GEN_BRAM.u_core/alu_mux_b/mem_reg_1_i_21/O
                         net (fo=8, routed)           0.401    22.015    GEN_BRAM.u_core/reg_file/mem_reg_1_3
    SLICE_X12Y34         LUT6 (Prop_lut6_I2_O)        0.170    22.185 r  GEN_BRAM.u_core/reg_file/mem_reg_1_i_3/O
                         net (fo=1, routed)           0.510    22.696    GEN_BRAM.u_core/dmem/wdata[29]
    RAMB36_X0Y5          RAMB36E1                                     r  GEN_BRAM.u_core/dmem/mem_reg_1/DIADI[13]
  -------------------------------------------------------------------    -------------------

                         (clock sys_clk rise edge)   30.000    30.000 r  
    AD23                                              0.000    30.000 r  clk (IN)
                         net (fo=0)                   0.000    30.000    clk
    AD23                 IBUF (Prop_ibuf_I_O)         0.796    30.796 r  clk_IBUF_inst/O
                         net (fo=1, routed)           1.741    32.537    clk_IBUF
    BUFGCTRL_X0Y0        BUFG (Prop_bufg_I_O)         0.113    32.650 r  clk_IBUF_BUFG_inst/O
                         net (fo=350, routed)         1.566    34.216    GEN_BRAM.u_core/dmem/clk_IBUF_BUFG
    RAMB36_X0Y5          RAMB36E1                                     r  GEN_BRAM.u_core/dmem/mem_reg_1/CLKARDCLK
                         clock pessimism              0.256    34.472    
                         clock uncertainty           -0.035    34.437    
    RAMB36_X0Y5          RAMB36E1 (Setup_ramb36e1_CLKARDCLK_DIADI[13])
                                                     -0.204    34.233    GEN_BRAM.u_core/dmem/mem_reg_1
  -------------------------------------------------------------------
                         required time                         34.233    
                         arrival time                         -22.696    
  -------------------------------------------------------------------
                         slack                                 11.537    

Slack (MET) :             11.542ns  (required time - arrival time)
  Source:                 GEN_BRAM.u_core/ir_reg[24]/C
                            (rising edge-triggered cell FDCE clocked by sys_clk  {rise@0.000ns fall@15.000ns period=30.000ns})
  Destination:            GEN_BRAM.u_core/reg_file/registers_reg_r2_0_31_30_31/DP/I
                            (rising edge-triggered cell RAMD32 clocked by sys_clk  {rise@0.000ns fall@15.000ns period=30.000ns})
  Path Group:             sys_clk
  Path Type:              Setup (Max at Slow Process Corner)
  Requirement:            30.000ns  (sys_clk rise@30.000ns - sys_clk rise@0.000ns)
  Data Path Delay:        18.134ns  (logic 3.502ns (19.312%)  route 14.632ns (80.688%))
  Logic Levels:           23  (CARRY4=6 LUT1=1 LUT2=1 LUT3=2 LUT4=1 LUT5=6 LUT6=6)
  Clock Path Skew:        0.037ns (DCD - SCD + CPR)
    Destination Clock Delay (DCD):    4.247ns = ( 34.247 - 30.000 ) 
    Source Clock Delay      (SCD):    4.467ns
    Clock Pessimism Removal (CPR):    0.256ns
  Clock Uncertainty:      0.035ns  ((TSJ^2 + TIJ^2)^1/2 + DJ) / 2 + PE
    Total System Jitter     (TSJ):    0.071ns
    Total Input Jitter      (TIJ):    0.000ns
    Discrete Jitter          (DJ):    0.000ns
    Phase Error              (PE):    0.000ns

    Location             Delay type                Incr(ns)  Path(ns)    Netlist Resource(s)
  -------------------------------------------------------------------    -------------------
                         (clock sys_clk rise edge)    0.000     0.000 r  
    AD23                                              0.000     0.000 r  clk (IN)
                         net (fo=0)                   0.000     0.000    clk
    AD23                 IBUF (Prop_ibuf_I_O)         0.873     0.873 r  clk_IBUF_inst/O
                         net (fo=1, routed)           1.830     2.703    clk_IBUF
    BUFGCTRL_X0Y0        BUFG (Prop_bufg_I_O)         0.120     2.823 r  clk_IBUF_BUFG_inst/O
                         net (fo=350, routed)         1.644     4.467    GEN_BRAM.u_core/clk_IBUF_BUFG
    SLICE_X11Y20         FDCE                                         r  GEN_BRAM.u_core/ir_reg[24]/C
  -------------------------------------------------------------------    -------------------
    SLICE_X11Y20         FDCE (Prop_fdce_C_Q)         0.269     4.736 f  GEN_BRAM.u_core/ir_reg[24]/Q
                         net (fo=68, routed)          1.737     6.473    GEN_BRAM.u_core/reg_file/Q[23]
    SLICE_X17Y34         LUT5 (Prop_lut5_I1_O)        0.053     6.526 r  GEN_BRAM.u_core/reg_file/u_mul_i_35/O
                         net (fo=172, routed)         1.353     7.879    GEN_BRAM.u_core/alu_mux_b/mem_reg_0
    SLICE_X8Y21          LUT4 (Prop_lut4_I2_O)        0.053     7.932 r  GEN_BRAM.u_core/alu_mux_b/u_mul_i_32/O
                         net (fo=139, routed)         0.555     8.487    GEN_BRAM.u_core/alu/u_mul/u_mul/GEN_WALLACE.u_mul/result[4]_INST_0_i_34_n_0
    SLICE_X12Y14         CARRY4 (Prop_carry4_CYINIT_O[3])
                                                      0.406     8.893 r  GEN_BRAM.u_core/alu/u_mul/u_mul/GEN_WALLACE.u_mul/result[4]_INST_0_i_24/O[3]
                         net (fo=3, routed)           0.423     9.316    GEN_BRAM.u_core/alu/u_mul/u_mul/GEN_WALLACE.u_mul/mag_b0[4]
    SLICE_X11Y14         LUT6 (Prop_lut6_I5_O)        0.142     9.458 r  GEN_BRAM.u_core/alu/u_mul/u_mul/GEN_WALLACE.u_mul/result[8]_INST_0_i_27/O
                         net (fo=68, routed)          2.333    11.791    GEN_BRAM.u_core/alu/u_mul/u_mul/GEN_WALLACE.u_mul/mag_b[4]
    SLICE_X26Y2          LUT6 (Prop_lut6_I1_O)        0.053    11.844 r  GEN_BRAM.u_core/alu/u_mul/u_mul/GEN_WALLACE.u_mul/result[28]_INST_0_i_267/O
                         net (fo=2, routed)           0.459    12.303    GEN_BRAM.u_core/alu/u_mul/u_mul/GEN_WALLACE.u_mul/l1[2]_28[21]
    SLICE_X26Y2          LUT3 (Prop_lut3_I1_O)        0.066    12.369 r  GEN_BRAM.u_core/alu/u_mul/u_mul/GEN_WALLACE.u_mul/result[28]_INST_0_i_257/O
                         net (fo=2, routed)           0.406    12.775    GEN_BRAM.u_core/alu/u_mul/u_mul/GEN_WALLACE.u_mul/l2[1]_47[22]
    SLICE_X29Y2          LUT5 (Prop_lut5_I3_O)        0.171    12.946 r  GEN_BRAM.u_core/alu/u_mul/u_mul/GEN_WALLACE.u_mul/result[28]_INST_0_i_218/O
                         net (fo=2, routed)           0.707    13.653    GEN_BRAM.u_core/alu/u_mul/u_mul/GEN_WALLACE.u_mul/l3[0]_1[22]
    SLICE_X20Y4          LUT5 (Prop_lut5_I3_O)        0.170    13.823 r  GEN_BRAM.u_core/alu/u_mul/u_mul/GEN_WALLACE.u_mul/result[24]_INST_0_i_63/O
                         net (fo=3, routed)           0.812    14.636    GEN_BRAM.u_core/alu/u_mul/u_mul/GEN_WALLACE.u_mul/l4[0]_5[22]
    SLICE_X15Y4          LUT5 (Prop_lut5_I2_O)        0.067    14.703 r  GEN_BRAM.u_core/alu/u_mul/u_mul/GEN_WALLACE.u_mul/result[24]_INST_0_i_35/O
                         net (fo=3, routed)           0.418    15.120    GEN_BRAM.u_core/alu/u_mul/u_mul/GEN_WALLACE.u_mul/l6[0]_23[22]
    SLICE_X17Y4          LUT3 (Prop_lut3_I1_O)        0.173    15.293 r  GEN_BRAM.u_core/alu/u_mul/u_mul/GEN_WALLACE.u_mul/result[24]_INST_0_i_28/O
                         net (fo=2, routed)           0.569    15.862    GEN_BRAM.u_core/alu/u_mul/u_mul/GEN_WALLACE.u_mul/l7[0]_24[22]
    SLICE_X17Y5          LUT2 (Prop_lut2_I1_O)        0.179    16.041 r  GEN_BRAM.u_core/alu/u_mul/u_mul/GEN_WALLACE.u_mul/result[24]_INST_0_i_6/O
                         net (fo=1, routed)           0.475    16.516    GEN_BRAM.u_core/alu/u_mul/u_mul/GEN_WALLACE.u_mul/final_a[22]
    SLICE_X19Y4          CARRY4 (Prop_carry4_DI[1]_CO[3])
                                                      0.414    16.930 r  GEN_BRAM.u_core/alu/u_mul/u_mul/GEN_WALLACE.u_mul/result[24]_INST_0_i_1/CO[3]
                         net (fo=1, routed)           0.000    16.930    GEN_BRAM.u_core/alu/u_mul/u_mul/GEN_WALLACE.u_mul/result[24]_INST_0_i_1_n_0
    SLICE_X19Y5          CARRY4 (Prop_carry4_CI_CO[3])
                                                      0.058    16.988 r  GEN_BRAM.u_core/alu/u_mul/u_mul/GEN_WALLACE.u_mul/result[28]_INST_0_i_1/CO[3]
                         net (fo=1, routed)           0.000    16.988    GEN_BRAM.u_core/alu/u_mul/u_mul/GEN_WALLACE.u_mul/result[28]_INST_0_i_1_n_0
    SLICE_X19Y6          CARRY4 (Prop_carry4_CI_O[1])
                                                      0.213    17.201 f  GEN_BRAM.u_core/alu/u_mul/u_mul/GEN_WALLACE.u_mul/result[31]_INST_0_i_1/O[1]
                         net (fo=2, routed)           0.249    17.450    GEN_BRAM.u_core/alu/u_mul/u_mul/GEN_WALLACE.u_mul/unsigned_product[30]
    SLICE_X18Y7          LUT1 (Prop_lut1_I0_O)        0.152    17.602 r  GEN_BRAM.u_core/alu/u_mul/u_mul/GEN_WALLACE.u_mul/result[0]_INST_0_i_5/O
                         net (fo=1, routed)           0.000    17.602    GEN_BRAM.u_core/alu/u_mul/u_mul/GEN_WALLACE.u_mul/p_0_in[30]
    SLICE_X18Y7          CARRY4 (Prop_carry4_S[1]_CO[3])
                                                      0.310    17.912 r  GEN_BRAM.u_core/alu/u_mul/u_mul/GEN_WALLACE.u_mul/result[0]_INST_0_i_1/CO[3]
                         net (fo=1, routed)           0.000    17.912    GEN_BRAM.u_core/alu/u_mul/u_mul/GEN_WALLACE.u_mul/result[0]_INST_0_i_1_n_0
    SLICE_X18Y8          CARRY4 (Prop_carry4_CI_O[0])
                                                      0.135    18.047 r  GEN_BRAM.u_core/alu/u_mul/u_mul/GEN_WALLACE.u_mul/result[4]_INST_0_i_3/O[0]
                         net (fo=1, routed)           0.567    18.613    GEN_BRAM.u_core/alu/u_mul/u_mul/GEN_WALLACE.u_mul/signed_product0[33]
    SLICE_X17Y9          LUT5 (Prop_lut5_I4_O)        0.153    18.766 r  GEN_BRAM.u_core/alu/u_mul/u_mul/GEN_WALLACE.u_mul/result[1]_INST_0/O
                         net (fo=2, routed)           0.954    19.721    GEN_BRAM.u_core/reg_file/result[0]
    SLICE_X18Y27         LUT6 (Prop_lut6_I2_O)        0.053    19.774 r  GEN_BRAM.u_core/reg_file/debug_alu_out_OBUF[1]_inst_i_2/O
                         net (fo=2, routed)           0.142    19.916    GEN_BRAM.u_core/dmem/registers_reg_r1_0_31_12_17_i_33_0
    SLICE_X18Y27         LUT5 (Prop_lut5_I3_O)        0.053    19.969 r  GEN_BRAM.u_core/dmem/registers_reg_r1_0_31_6_11_i_37/O
                         net (fo=2, routed)           0.600    20.568    GEN_BRAM.u_core/alu/registers_reg_r1_0_31_12_17_i_18_0
    SLICE_X18Y27         LUT6 (Prop_lut6_I1_O)        0.053    20.621 r  GEN_BRAM.u_core/alu/registers_reg_r1_0_31_12_17_i_33/O
                         net (fo=16, routed)          1.030    21.651    GEN_BRAM.u_core/wb_mux/registers_reg_r1_0_31_12_17_i_6
    SLICE_X3Y28          LUT6 (Prop_lut6_I5_O)        0.053    21.704 r  GEN_BRAM.u_core/wb_mux/registers_reg_r1_0_31_30_31_i_3/O
                         net (fo=1, routed)           0.470    22.174    GEN_BRAM.u_core/divider/wb_exec[30]
    SLICE_X4Y32          LUT6 (Prop_lut6_I5_O)        0.053    22.227 r  GEN_BRAM.u_core/divider/registers_reg_r1_0_31_30_31_i_1/O
                         net (fo=4, routed)           0.374    22.600    GEN_BRAM.u_core/reg_file/registers_reg_r2_0_31_30_31/D
    SLICE_X6Y32          RAMD32                                       r  GEN_BRAM.u_core/reg_file/registers_reg_r2_0_31_30_31/DP/I
  -------------------------------------------------------------------    -------------------

                         (clock sys_clk rise edge)   30.000    30.000 r  
    AD23                                              0.000    30.000 r  clk (IN)
                         net (fo=0)                   0.000    30.000    clk
    AD23                 IBUF (Prop_ibuf_I_O)         0.796    30.796 r  clk_IBUF_inst/O
                         net (fo=1, routed)           1.741    32.537    clk_IBUF
    BUFGCTRL_X0Y0        BUFG (Prop_bufg_I_O)         0.113    32.650 r  clk_IBUF_BUFG_inst/O
                         net (fo=350, routed)         1.597    34.247    GEN_BRAM.u_core/reg_file/registers_reg_r2_0_31_30_31/WCLK
    SLICE_X6Y32          RAMD32                                       r  GEN_BRAM.u_core/reg_file/registers_reg_r2_0_31_30_31/DP/CLK
                         clock pessimism              0.256    34.504    
                         clock uncertainty           -0.035    34.468    
    SLICE_X6Y32          RAMD32 (Setup_ramd32_CLK_I)
                                                     -0.326    34.142    GEN_BRAM.u_core/reg_file/registers_reg_r2_0_31_30_31/DP
  -------------------------------------------------------------------
                         required time                         34.142    
                         arrival time                         -22.600    
  -------------------------------------------------------------------
                         slack                                 11.542    

Slack (MET) :             11.562ns  (required time - arrival time)
  Source:                 GEN_BRAM.u_core/ir_reg[24]/C
                            (rising edge-triggered cell FDCE clocked by sys_clk  {rise@0.000ns fall@15.000ns period=30.000ns})
  Destination:            GEN_BRAM.u_core/reg_file/registers_reg_r1_0_31_0_5/RAMA/I
                            (rising edge-triggered cell RAMD32 clocked by sys_clk  {rise@0.000ns fall@15.000ns period=30.000ns})
  Path Group:             sys_clk
  Path Type:              Setup (Max at Slow Process Corner)
  Requirement:            30.000ns  (sys_clk rise@30.000ns - sys_clk rise@0.000ns)
  Data Path Delay:        18.318ns  (logic 3.667ns (20.019%)  route 14.651ns (79.981%))
  Logic Levels:           23  (CARRY4=6 LUT1=1 LUT2=1 LUT3=2 LUT4=1 LUT5=6 LUT6=5 MUXF7=1)
  Clock Path Skew:        0.028ns (DCD - SCD + CPR)
    Destination Clock Delay (DCD):    4.238ns = ( 34.238 - 30.000 ) 
    Source Clock Delay      (SCD):    4.467ns
    Clock Pessimism Removal (CPR):    0.256ns
  Clock Uncertainty:      0.035ns  ((TSJ^2 + TIJ^2)^1/2 + DJ) / 2 + PE
    Total System Jitter     (TSJ):    0.071ns
    Total Input Jitter      (TIJ):    0.000ns
    Discrete Jitter          (DJ):    0.000ns
    Phase Error              (PE):    0.000ns

    Location             Delay type                Incr(ns)  Path(ns)    Netlist Resource(s)
  -------------------------------------------------------------------    -------------------
                         (clock sys_clk rise edge)    0.000     0.000 r  
    AD23                                              0.000     0.000 r  clk (IN)
                         net (fo=0)                   0.000     0.000    clk
    AD23                 IBUF (Prop_ibuf_I_O)         0.873     0.873 r  clk_IBUF_inst/O
                         net (fo=1, routed)           1.830     2.703    clk_IBUF
    BUFGCTRL_X0Y0        BUFG (Prop_bufg_I_O)         0.120     2.823 r  clk_IBUF_BUFG_inst/O
                         net (fo=350, routed)         1.644     4.467    GEN_BRAM.u_core/clk_IBUF_BUFG
    SLICE_X11Y20         FDCE                                         r  GEN_BRAM.u_core/ir_reg[24]/C
  -------------------------------------------------------------------    -------------------
    SLICE_X11Y20         FDCE (Prop_fdce_C_Q)         0.269     4.736 f  GEN_BRAM.u_core/ir_reg[24]/Q
                         net (fo=68, routed)          1.737     6.473    GEN_BRAM.u_core/reg_file/Q[23]
    SLICE_X17Y34         LUT5 (Prop_lut5_I1_O)        0.053     6.526 r  GEN_BRAM.u_core/reg_file/u_mul_i_35/O
                         net (fo=172, routed)         1.353     7.879    GEN_BRAM.u_core/alu_mux_b/mem_reg_0
    SLICE_X8Y21          LUT4 (Prop_lut4_I2_O)        0.053     7.932 r  GEN_BRAM.u_core/alu_mux_b/u_mul_i_32/O
                         net (fo=139, routed)         0.555     8.487    GEN_BRAM.u_core/alu/u_mul/u_mul/GEN_WALLACE.u_mul/result[4]_INST_0_i_34_n_0
    SLICE_X12Y14         CARRY4 (Prop_carry4_CYINIT_O[3])
                                                      0.406     8.893 r  GEN_BRAM.u_core/alu/u_mul/u_mul/GEN_WALLACE.u_mul/result[4]_INST_0_i_24/O[3]
                         net (fo=3, routed)           0.423     9.316    GEN_BRAM.u_core/alu/u_mul/u_mul/GEN_WALLACE.u_mul/mag_b0[4]
    SLICE_X11Y14         LUT6 (Prop_lut6_I5_O)        0.142     9.458 r  GEN_BRAM.u_core/alu/u_mul/u_mul/GEN_WALLACE.u_mul/result[8]_INST_0_i_27/O
                         net (fo=68, routed)          2.333    11.791    GEN_BRAM.u_core/alu/u_mul/u_mul/GEN_WALLACE.u_mul/mag_b[4]
    SLICE_X26Y2          LUT6 (Prop_lut6_I1_O)        0.053    11.844 r  GEN_BRAM.u_core/alu/u_mul/u_mul/GEN_WALLACE.u_mul/result[28]_INST_0_i_267/O
                         net (fo=2, routed)           0.459    12.303    GEN_BRAM.u_core/alu/u_mul/u_mul/GEN_WALLACE.u_mul/l1[2]_28[21]
    SLICE_X26Y2          LUT3 (Prop_lut3_I1_O)        0.066    12.369 r  GEN_BRAM.u_core/alu/u_mul/u_mul/GEN_WALLACE.u_mul/result[28]_INST_0_i_257/O
                         net (fo=2, routed)           0.406    12.775    GEN_BRAM.u_core/alu/u_mul/u_mul/GEN_WALLACE.u_mul/l2[1]_47[22]
    SLICE_X29Y2          LUT5 (Prop_lut5_I3_O)        0.171    12.946 r  GEN_BRAM.u_core/alu/u_mul/u_mul/GEN_WALLACE.u_mul/result[28]_INST_0_i_218/O
                         net (fo=2, routed)           0.707    13.653    GEN_BRAM.u_core/alu/u_mul/u_mul/GEN_WALLACE.u_mul/l3[0]_1[22]
    SLICE_X20Y4          LUT5 (Prop_lut5_I3_O)        0.170    13.823 r  GEN_BRAM.u_core/alu/u_mul/u_mul/GEN_WALLACE.u_mul/result[24]_INST_0_i_63/O
                         net (fo=3, routed)           0.812    14.636    GEN_BRAM.u_core/alu/u_mul/u_mul/GEN_WALLACE.u_mul/l4[0]_5[22]
    SLICE_X15Y4          LUT5 (Prop_lut5_I2_O)        0.067    14.703 r  GEN_BRAM.u_core/alu/u_mul/u_mul/GEN_WALLACE.u_mul/result[24]_INST_0_i_35/O
                         net (fo=3, routed)           0.418    15.120    GEN_BRAM.u_core/alu/u_mul/u_mul/GEN_WALLACE.u_mul/l6[0]_23[22]
    SLICE_X17Y4          LUT3 (Prop_lut3_I1_O)        0.173    15.293 r  GEN_BRAM.u_core/alu/u_mul/u_mul/GEN_WALLACE.u_mul/result[24]_INST_0_i_28/O
                         net (fo=2, routed)           0.569    15.862    GEN_BRAM.u_core/alu/u_mul/u_mul/GEN_WALLACE.u_mul/l7[0]_24[22]
    SLICE_X17Y5          LUT2 (Prop_lut2_I1_O)        0.179    16.041 r  GEN_BRAM.u_core/alu/u_mul/u_mul/GEN_WALLACE.u_mul/result[24]_INST_0_i_6/O
                         net (fo=1, routed)           0.475    16.516    GEN_BRAM.u_core/alu/u_mul/u_mul/GEN_WALLACE.u_mul/final_a[22]
    SLICE_X19Y4          CARRY4 (Prop_carry4_DI[1]_CO[3])
                                                      0.414    16.930 r  GEN_BRAM.u_core/alu/u_mul/u_mul/GEN_WALLACE.u_mul/result[24]_INST_0_i_1/CO[3]
                         net (fo=1, routed)           0.000    16.930    GEN_BRAM.u_core/alu/u_mul/u_mul/GEN_WALLACE.u_mul/result[24]_INST_0_i_1_n_0
    SLICE_X19Y5          CARRY4 (Prop_carry4_CI_CO[3])
                                                      0.058    16.988 r  GEN_BRAM.u_core/alu/u_mul/u_mul/GEN_WALLACE.u_mul/result[28]_INST_0_i_1/CO[3]
                         net (fo=1, routed)           0.000    16.988    GEN_BRAM.u_core/alu/u_mul/u_mul/GEN_WALLACE.u_mul/result[28]_INST_0_i_1_n_0
    SLICE_X19Y6          CARRY4 (Prop_carry4_CI_O[1])
                                                      0.213    17.201 f  GEN_BRAM.u_core/alu/u_mul/u_mul/GEN_WALLACE.u_mul/result[31]_INST_0_i_1/O[1]
                         net (fo=2, routed)           0.249    17.450    GEN_BRAM.u_core/alu/u_mul/u_mul/GEN_WALLACE.u_mul/unsigned_product[30]
    SLICE_X18Y7          LUT1 (Prop_lut1_I0_O)        0.152    17.602 r  GEN_BRAM.u_core/alu/u_mul/u_mul/GEN_WALLACE.u_mul/result[0]_INST_0_i_5/O
                         net (fo=1, routed)           0.000    17.602    GEN_BRAM.u_core/alu/u_mul/u_mul/GEN_WALLACE.u_mul/p_0_in[30]
    SLICE_X18Y7          CARRY4 (Prop_carry4_S[1]_CO[3])
                                                      0.310    17.912 r  GEN_BRAM.u_core/alu/u_mul/u_mul/GEN_WALLACE.u_mul/result[0]_INST_0_i_1/CO[3]
                         net (fo=1, routed)           0.000    17.912    GEN_BRAM.u_core/alu/u_mul/u_mul/GEN_WALLACE.u_mul/result[0]_INST_0_i_1_n_0
    SLICE_X18Y8          CARRY4 (Prop_carry4_CI_O[0])
                                                      0.135    18.047 f  GEN_BRAM.u_core/alu/u_mul/u_mul/GEN_WALLACE.u_mul/result[4]_INST_0_i_3/O[0]
                         net (fo=1, routed)           0.567    18.613    GEN_BRAM.u_core/alu/u_mul/u_mul/GEN_WALLACE.u_mul/signed_product0[33]
    SLICE_X17Y9          LUT5 (Prop_lut5_I4_O)        0.153    18.766 f  GEN_BRAM.u_core/alu/u_mul/u_mul/GEN_WALLACE.u_mul/result[1]_INST_0/O
                         net (fo=2, routed)           0.954    19.721    GEN_BRAM.u_core/reg_file/result[0]
    SLICE_X18Y27         LUT6 (Prop_lut6_I2_O)        0.053    19.774 f  GEN_BRAM.u_core/reg_file/debug_alu_out_OBUF[1]_inst_i_2/O
                         net (fo=2, routed)           0.000    19.774    GEN_BRAM.u_core/alu_mux_b/load_addr_hold_reg[1]
    SLICE_X18Y27         MUXF7 (Prop_muxf7_I0_O)      0.121    19.895 f  GEN_BRAM.u_core/alu_mux_b/debug_alu_out_OBUF[1]_inst_i_1/O
                         net (fo=43, routed)          1.336    21.231    GEN_BRAM.u_core/dmem/D[1]
    SLICE_X2Y23          LUT5 (Prop_lut5_I2_O)        0.150    21.381 r  GEN_BRAM.u_core/dmem/registers_reg_r1_0_31_0_5_i_29/O
                         net (fo=1, routed)           0.589    21.970    GEN_BRAM.u_core/wb_mux/registers_reg_r1_0_31_0_5_i_3_0
    SLICE_X4Y26          LUT6 (Prop_lut6_I4_O)        0.053    22.023 r  GEN_BRAM.u_core/wb_mux/registers_reg_r1_0_31_0_5_i_13/O
                         net (fo=1, routed)           0.212    22.235    GEN_BRAM.u_core/divider/wb_exec[0]
    SLICE_X4Y26          LUT6 (Prop_lut6_I5_O)        0.053    22.288 r  GEN_BRAM.u_core/divider/registers_reg_r1_0_31_0_5_i_3/O
                         net (fo=2, routed)           0.497    22.784    GEN_BRAM.u_core/reg_file/registers_reg_r1_0_31_0_5/DIA0
    SLICE_X6Y24          RAMD32                                       r  GEN_BRAM.u_core/reg_file/registers_reg_r1_0_31_0_5/RAMA/I
  -------------------------------------------------------------------    -------------------

                         (clock sys_clk rise edge)   30.000    30.000 r  
    AD23                                              0.000    30.000 r  clk (IN)
                         net (fo=0)                   0.000    30.000    clk
    AD23                 IBUF (Prop_ibuf_I_O)         0.796    30.796 r  clk_IBUF_inst/O
                         net (fo=1, routed)           1.741    32.537    clk_IBUF
    BUFGCTRL_X0Y0        BUFG (Prop_bufg_I_O)         0.113    32.650 r  clk_IBUF_BUFG_inst/O
                         net (fo=350, routed)         1.588    34.238    GEN_BRAM.u_core/reg_file/registers_reg_r1_0_31_0_5/WCLK
    SLICE_X6Y24          RAMD32                                       r  GEN_BRAM.u_core/reg_file/registers_reg_r1_0_31_0_5/RAMA/CLK
                         clock pessimism              0.256    34.495    
                         clock uncertainty           -0.035    34.459    
    SLICE_X6Y24          RAMD32 (Setup_ramd32_CLK_I)
                                                     -0.113    34.346    GEN_BRAM.u_core/reg_file/registers_reg_r1_0_31_0_5/RAMA
  -------------------------------------------------------------------
                         required time                         34.346    
                         arrival time                         -22.784    
  -------------------------------------------------------------------
                         slack                                 11.562    

Slack (MET) :             11.563ns  (required time - arrival time)
  Source:                 GEN_BRAM.u_core/ir_reg[24]/C
                            (rising edge-triggered cell FDCE clocked by sys_clk  {rise@0.000ns fall@15.000ns period=30.000ns})
  Destination:            GEN_BRAM.u_core/dmem/mem_reg_1/DIADI[15]
                            (rising edge-triggered cell RAMB36E1 clocked by sys_clk  {rise@0.000ns fall@15.000ns period=30.000ns})
  Path Group:             sys_clk
  Path Type:              Setup (Max at Slow Process Corner)
  Requirement:            30.000ns  (sys_clk rise@30.000ns - sys_clk rise@0.000ns)
  Data Path Delay:        18.203ns  (logic 3.835ns (21.068%)  route 14.368ns (78.932%))
  Logic Levels:           23  (CARRY4=5 LUT1=1 LUT2=3 LUT3=2 LUT4=1 LUT5=4 LUT6=6 MUXF7=1)
  Clock Path Skew:        0.006ns (DCD - SCD + CPR)
    Destination Clock Delay (DCD):    4.216ns = ( 34.216 - 30.000 ) 
    Source Clock Delay      (SCD):    4.467ns
    Clock Pessimism Removal (CPR):    0.256ns
  Clock Uncertainty:      0.035ns  ((TSJ^2 + TIJ^2)^1/2 + DJ) / 2 + PE
    Total System Jitter     (TSJ):    0.071ns
    Total Input Jitter      (TIJ):    0.000ns
    Discrete Jitter          (DJ):    0.000ns
    Phase Error              (PE):    0.000ns

    Location             Delay type                Incr(ns)  Path(ns)    Netlist Resource(s)
  -------------------------------------------------------------------    -------------------
                         (clock sys_clk rise edge)    0.000     0.000 r  
    AD23                                              0.000     0.000 r  clk (IN)
                         net (fo=0)                   0.000     0.000    clk
    AD23                 IBUF (Prop_ibuf_I_O)         0.873     0.873 r  clk_IBUF_inst/O
                         net (fo=1, routed)           1.830     2.703    clk_IBUF
    BUFGCTRL_X0Y0        BUFG (Prop_bufg_I_O)         0.120     2.823 r  clk_IBUF_BUFG_inst/O
                         net (fo=350, routed)         1.644     4.467    GEN_BRAM.u_core/clk_IBUF_BUFG
    SLICE_X11Y20         FDCE                                         r  GEN_BRAM.u_core/ir_reg[24]/C
  -------------------------------------------------------------------    -------------------
    SLICE_X11Y20         FDCE (Prop_fdce_C_Q)         0.269     4.736 f  GEN_BRAM.u_core/ir_reg[24]/Q
                         net (fo=68, routed)          1.737     6.473    GEN_BRAM.u_core/reg_file/Q[23]
    SLICE_X17Y34         LUT5 (Prop_lut5_I1_O)        0.053     6.526 r  GEN_BRAM.u_core/reg_file/u_mul_i_35/O
                         net (fo=172, routed)         1.353     7.879    GEN_BRAM.u_core/alu_mux_b/mem_reg_0
    SLICE_X8Y21          LUT4 (Prop_lut4_I2_O)        0.053     7.932 r  GEN_BRAM.u_core/alu_mux_b/u_mul_i_32/O
                         net (fo=139, routed)         0.555     8.487    GEN_BRAM.u_core/alu/u_mul/u_mul/GEN_WALLACE.u_mul/result[4]_INST_0_i_34_n_0
    SLICE_X12Y14         CARRY4 (Prop_carry4_CYINIT_O[3])
                                                      0.406     8.893 r  GEN_BRAM.u_core/alu/u_mul/u_mul/GEN_WALLACE.u_mul/result[4]_INST_0_i_24/O[3]
                         net (fo=3, routed)           0.423     9.316    GEN_BRAM.u_core/alu/u_mul/u_mul/GEN_WALLACE.u_mul/mag_b0[4]
    SLICE_X11Y14         LUT6 (Prop_lut6_I5_O)        0.142     9.458 r  GEN_BRAM.u_core/alu/u_mul/u_mul/GEN_WALLACE.u_mul/result[8]_INST_0_i_27/O
                         net (fo=68, routed)          2.333    11.791    GEN_BRAM.u_core/alu/u_mul/u_mul/GEN_WALLACE.u_mul/mag_b[4]
    SLICE_X26Y2          LUT6 (Prop_lut6_I1_O)        0.053    11.844 r  GEN_BRAM.u_core/alu/u_mul/u_mul/GEN_WALLACE.u_mul/result[28]_INST_0_i_267/O
                         net (fo=2, routed)           0.459    12.303    GEN_BRAM.u_core/alu/u_mul/u_mul/GEN_WALLACE.u_mul/l1[2]_28[21]
    SLICE_X26Y2          LUT3 (Prop_lut3_I1_O)        0.066    12.369 r  GEN_BRAM.u_core/alu/u_mul/u_mul/GEN_WALLACE.u_mul/result[28]_INST_0_i_257/O
                         net (fo=2, routed)           0.406    12.775    GEN_BRAM.u_core/alu/u_mul/u_mul/GEN_WALLACE.u_mul/l2[1]_47[22]
    SLICE_X29Y2          LUT5 (Prop_lut5_I3_O)        0.171    12.946 r  GEN_BRAM.u_core/alu/u_mul/u_mul/GEN_WALLACE.u_mul/result[28]_INST_0_i_218/O
                         net (fo=2, routed)           0.707    13.653    GEN_BRAM.u_core/alu/u_mul/u_mul/GEN_WALLACE.u_mul/l3[0]_1[22]
    SLICE_X20Y4          LUT5 (Prop_lut5_I3_O)        0.170    13.823 r  GEN_BRAM.u_core/alu/u_mul/u_mul/GEN_WALLACE.u_mul/result[24]_INST_0_i_63/O
                         net (fo=3, routed)           0.812    14.636    GEN_BRAM.u_core/alu/u_mul/u_mul/GEN_WALLACE.u_mul/l4[0]_5[22]
    SLICE_X15Y4          LUT5 (Prop_lut5_I2_O)        0.067    14.703 r  GEN_BRAM.u_core/alu/u_mul/u_mul/GEN_WALLACE.u_mul/result[24]_INST_0_i_35/O
                         net (fo=3, routed)           0.418    15.120    GEN_BRAM.u_core/alu/u_mul/u_mul/GEN_WALLACE.u_mul/l6[0]_23[22]
    SLICE_X17Y4          LUT3 (Prop_lut3_I1_O)        0.173    15.293 r  GEN_BRAM.u_core/alu/u_mul/u_mul/GEN_WALLACE.u_mul/result[24]_INST_0_i_28/O
                         net (fo=2, routed)           0.569    15.862    GEN_BRAM.u_core/alu/u_mul/u_mul/GEN_WALLACE.u_mul/l7[0]_24[22]
    SLICE_X17Y5          LUT2 (Prop_lut2_I1_O)        0.179    16.041 r  GEN_BRAM.u_core/alu/u_mul/u_mul/GEN_WALLACE.u_mul/result[24]_INST_0_i_6/O
                         net (fo=1, routed)           0.475    16.516    GEN_BRAM.u_core/alu/u_mul/u_mul/GEN_WALLACE.u_mul/final_a[22]
    SLICE_X19Y4          CARRY4 (Prop_carry4_DI[1]_CO[3])
                                                      0.414    16.930 r  GEN_BRAM.u_core/alu/u_mul/u_mul/GEN_WALLACE.u_mul/result[24]_INST_0_i_1/CO[3]
                         net (fo=1, routed)           0.000    16.930    GEN_BRAM.u_core/alu/u_mul/u_mul/GEN_WALLACE.u_mul/result[24]_INST_0_i_1_n_0
    SLICE_X19Y5          CARRY4 (Prop_carry4_CI_O[1])
                                                      0.213    17.143 f  GEN_BRAM.u_core/alu/u_mul/u_mul/GEN_WALLACE.u_mul/result[28]_INST_0_i_1/O[1]
                         net (fo=2, routed)           0.244    17.387    GEN_BRAM.u_core/alu/u_mul/u_mul/GEN_WALLACE.u_mul/unsigned_product[26]
    SLICE_X18Y6          LUT1 (Prop_lut1_I0_O)        0.152    17.539 r  GEN_BRAM.u_core/alu/u_mul/u_mul/GEN_WALLACE.u_mul/result[0]_INST_0_i_10/O
                         net (fo=1, routed)           0.000    17.539    GEN_BRAM.u_core/alu/u_mul/u_mul/GEN_WALLACE.u_mul/p_0_in[26]
    SLICE_X18Y6          CARRY4 (Prop_carry4_S[1]_CO[3])
                                                      0.310    17.849 r  GEN_BRAM.u_core/alu/u_mul/u_mul/GEN_WALLACE.u_mul/result[0]_INST_0_i_2/CO[3]
                         net (fo=1, routed)           0.000    17.849    GEN_BRAM.u_core/alu/u_mul/u_mul/GEN_WALLACE.u_mul/result[0]_INST_0_i_2_n_0
    SLICE_X18Y7          CARRY4 (Prop_carry4_CI_O[3])
                                                      0.181    18.030 r  GEN_BRAM.u_core/alu/u_mul/u_mul/GEN_WALLACE.u_mul/result[0]_INST_0_i_1/O[3]
                         net (fo=1, routed)           0.230    18.260    GEN_BRAM.u_core/alu/u_mul/u_mul/GEN_WALLACE.u_mul/signed_product0[32]
    SLICE_X17Y7          LUT6 (Prop_lut6_I5_O)        0.142    18.402 r  GEN_BRAM.u_core/alu/u_mul/u_mul/GEN_WALLACE.u_mul/result[0]_INST_0/O
                         net (fo=1, routed)           0.782    19.184    GEN_BRAM.u_core/alu/mul_result[0]
    SLICE_X17Y23         LUT6 (Prop_lut6_I0_O)        0.053    19.237 r  GEN_BRAM.u_core/alu/debug_alu_out_OBUF[0]_inst_i_11/O
                         net (fo=1, routed)           0.000    19.237    GEN_BRAM.u_core/alu/debug_alu_out_OBUF[0]_inst_i_11_n_0
    SLICE_X17Y23         MUXF7 (Prop_muxf7_I1_O)      0.129    19.366 r  GEN_BRAM.u_core/alu/debug_alu_out_OBUF[0]_inst_i_4/O
                         net (fo=1, routed)           0.388    19.754    GEN_BRAM.u_core/alu/debug_alu_out_OBUF[0]_inst_i_4_n_0
    SLICE_X18Y26         LUT6 (Prop_lut6_I5_O)        0.153    19.907 r  GEN_BRAM.u_core/alu/debug_alu_out_OBUF[0]_inst_i_1/O
                         net (fo=11, routed)          0.633    20.540    GEN_BRAM.u_core/alu/D[0]
    SLICE_X9Y22          LUT2 (Prop_lut2_I1_O)        0.053    20.593 f  GEN_BRAM.u_core/alu/mem_reg_0_i_37/O
                         net (fo=26, routed)          0.958    21.551    GEN_BRAM.u_core/alu_mux_b/mem_reg_1_0
    SLICE_X11Y33         LUT2 (Prop_lut2_I1_O)        0.063    21.614 r  GEN_BRAM.u_core/alu_mux_b/mem_reg_1_i_21/O
                         net (fo=8, routed)           0.343    21.957    GEN_BRAM.u_core/reg_file/mem_reg_1_3
    SLICE_X10Y33         LUT6 (Prop_lut6_I2_O)        0.170    22.127 r  GEN_BRAM.u_core/reg_file/mem_reg_1_i_1/O
                         net (fo=1, routed)           0.543    22.670    GEN_BRAM.u_core/dmem/wdata[31]
    RAMB36_X0Y5          RAMB36E1                                     r  GEN_BRAM.u_core/dmem/mem_reg_1/DIADI[15]
  -------------------------------------------------------------------    -------------------

                         (clock sys_clk rise edge)   30.000    30.000 r  
    AD23                                              0.000    30.000 r  clk (IN)
                         net (fo=0)                   0.000    30.000    clk
    AD23                 IBUF (Prop_ibuf_I_O)         0.796    30.796 r  clk_IBUF_inst/O
                         net (fo=1, routed)           1.741    32.537    clk_IBUF
    BUFGCTRL_X0Y0        BUFG (Prop_bufg_I_O)         0.113    32.650 r  clk_IBUF_BUFG_inst/O
                         net (fo=350, routed)         1.566    34.216    GEN_BRAM.u_core/dmem/clk_IBUF_BUFG
    RAMB36_X0Y5          RAMB36E1                                     r  GEN_BRAM.u_core/dmem/mem_reg_1/CLKARDCLK
                         clock pessimism              0.256    34.472    
                         clock uncertainty           -0.035    34.437    
    RAMB36_X0Y5          RAMB36E1 (Setup_ramb36e1_CLKARDCLK_DIADI[15])
                                                     -0.204    34.233    GEN_BRAM.u_core/dmem/mem_reg_1
  -------------------------------------------------------------------
                         required time                         34.233    
                         arrival time                         -22.670    
  -------------------------------------------------------------------
                         slack                                 11.563    

Slack (MET) :             11.568ns  (required time - arrival time)
  Source:                 GEN_BRAM.u_core/ir_reg[24]/C
                            (rising edge-triggered cell FDCE clocked by sys_clk  {rise@0.000ns fall@15.000ns period=30.000ns})
  Destination:            GEN_BRAM.u_core/reg_file/registers_reg_r1_0_31_30_31/DP/I
                            (rising edge-triggered cell RAMD32 clocked by sys_clk  {rise@0.000ns fall@15.000ns period=30.000ns})
  Path Group:             sys_clk
  Path Type:              Setup (Max at Slow Process Corner)
  Requirement:            30.000ns  (sys_clk rise@30.000ns - sys_clk rise@0.000ns)
  Data Path Delay:        18.259ns  (logic 3.502ns (19.179%)  route 14.757ns (80.821%))
  Logic Levels:           23  (CARRY4=6 LUT1=1 LUT2=1 LUT3=2 LUT4=1 LUT5=6 LUT6=6)
  Clock Path Skew:        0.037ns (DCD - SCD + CPR)
    Destination Clock Delay (DCD):    4.247ns = ( 34.247 - 30.000 ) 
    Source Clock Delay      (SCD):    4.467ns
    Clock Pessimism Removal (CPR):    0.256ns
  Clock Uncertainty:      0.035ns  ((TSJ^2 + TIJ^2)^1/2 + DJ) / 2 + PE
    Total System Jitter     (TSJ):    0.071ns
    Total Input Jitter      (TIJ):    0.000ns
    Discrete Jitter          (DJ):    0.000ns
    Phase Error              (PE):    0.000ns

    Location             Delay type                Incr(ns)  Path(ns)    Netlist Resource(s)
  -------------------------------------------------------------------    -------------------
                         (clock sys_clk rise edge)    0.000     0.000 r  
    AD23                                              0.000     0.000 r  clk (IN)
                         net (fo=0)                   0.000     0.000    clk
    AD23                 IBUF (Prop_ibuf_I_O)         0.873     0.873 r  clk_IBUF_inst/O
                         net (fo=1, routed)           1.830     2.703    clk_IBUF
    BUFGCTRL_X0Y0        BUFG (Prop_bufg_I_O)         0.120     2.823 r  clk_IBUF_BUFG_inst/O
                         net (fo=350, routed)         1.644     4.467    GEN_BRAM.u_core/clk_IBUF_BUFG
    SLICE_X11Y20         FDCE                                         r  GEN_BRAM.u_core/ir_reg[24]/C
  -------------------------------------------------------------------    -------------------
    SLICE_X11Y20         FDCE (Prop_fdce_C_Q)         0.269     4.736 f  GEN_BRAM.u_core/ir_reg[24]/Q
                         net (fo=68, routed)          1.737     6.473    GEN_BRAM.u_core/reg_file/Q[23]
    SLICE_X17Y34         LUT5 (Prop_lut5_I1_O)        0.053     6.526 r  GEN_BRAM.u_core/reg_file/u_mul_i_35/O
                         net (fo=172, routed)         1.353     7.879    GEN_BRAM.u_core/alu_mux_b/mem_reg_0
    SLICE_X8Y21          LUT4 (Prop_lut4_I2_O)        0.053     7.932 r  GEN_BRAM.u_core/alu_mux_b/u_mul_i_32/O
                         net (fo=139, routed)         0.555     8.487    GEN_BRAM.u_core/alu/u_mul/u_mul/GEN_WALLACE.u_mul/result[4]_INST_0_i_34_n_0
    SLICE_X12Y14         CARRY4 (Prop_carry4_CYINIT_O[3])
                                                      0.406     8.893 r  GEN_BRAM.u_core/alu/u_mul/u_mul/GEN_WALLACE.u_mul/result[4]_INST_0_i_24/O[3]
                         net (fo=3, routed)           0.423     9.316    GEN_BRAM.u_core/alu/u_mul/u_mul/GEN_WALLACE.u_mul/mag_b0[4]
    SLICE_X11Y14         LUT6 (Prop_lut6_I5_O)        0.142     9.458 r  GEN_BRAM.u_core/alu/u_mul/u_mul/GEN_WALLACE.u_mul/result[8]_INST_0_i_27/O
                         net (fo=68, routed)          2.333    11.791    GEN_BRAM.u_core/alu/u_mul/u_mul/GEN_WALLACE.u_mul/mag_b[4]
    SLICE_X26Y2          LUT6 (Prop_lut6_I1_O)        0.053    11.844 r  GEN_BRAM.u_core/alu/u_mul/u_mul/GEN_WALLACE.u_mul/result[28]_INST_0_i_267/O
                         net (fo=2, routed)           0.459    12.303    GEN_BRAM.u_core/alu/u_mul/u_mul/GEN_WALLACE.u_mul/l1[2]_28[21]
    SLICE_X26Y2          LUT3 (Prop_lut3_I1_O)        0.066    12.369 r  GEN_BRAM.u_core/alu/u_mul/u_mul/GEN_WALLACE.u_mul/result[28]_INST_0_i_257/O
                         net (fo=2, routed)           0.406    12.775    GEN_BRAM.u_core/alu/u_mul/u_mul/GEN_WALLACE.u_mul/l2[1]_47[22]
    SLICE_X29Y2          LUT5 (Prop_lut5_I3_O)        0.171    12.946 r  GEN_BRAM.u_core/alu/u_mul/u_mul/GEN_WALLACE.u_mul/result[28]_INST_0_i_218/O
                         net (fo=2, routed)           0.707    13.653    GEN_BRAM.u_core/alu/u_mul/u_mul/GEN_WALLACE.u_mul/l3[0]_1[22]
    SLICE_X20Y4          LUT5 (Prop_lut5_I3_O)        0.170    13.823 r  GEN_BRAM.u_core/alu/u_mul/u_mul/GEN_WALLACE.u_mul/result[24]_INST_0_i_63/O
                         net (fo=3, routed)           0.812    14.636    GEN_BRAM.u_core/alu/u_mul/u_mul/GEN_WALLACE.u_mul/l4[0]_5[22]
    SLICE_X15Y4          LUT5 (Prop_lut5_I2_O)        0.067    14.703 r  GEN_BRAM.u_core/alu/u_mul/u_mul/GEN_WALLACE.u_mul/result[24]_INST_0_i_35/O
                         net (fo=3, routed)           0.418    15.120    GEN_BRAM.u_core/alu/u_mul/u_mul/GEN_WALLACE.u_mul/l6[0]_23[22]
    SLICE_X17Y4          LUT3 (Prop_lut3_I1_O)        0.173    15.293 r  GEN_BRAM.u_core/alu/u_mul/u_mul/GEN_WALLACE.u_mul/result[24]_INST_0_i_28/O
                         net (fo=2, routed)           0.569    15.862    GEN_BRAM.u_core/alu/u_mul/u_mul/GEN_WALLACE.u_mul/l7[0]_24[22]
    SLICE_X17Y5          LUT2 (Prop_lut2_I1_O)        0.179    16.041 r  GEN_BRAM.u_core/alu/u_mul/u_mul/GEN_WALLACE.u_mul/result[24]_INST_0_i_6/O
                         net (fo=1, routed)           0.475    16.516    GEN_BRAM.u_core/alu/u_mul/u_mul/GEN_WALLACE.u_mul/final_a[22]
    SLICE_X19Y4          CARRY4 (Prop_carry4_DI[1]_CO[3])
                                                      0.414    16.930 r  GEN_BRAM.u_core/alu/u_mul/u_mul/GEN_WALLACE.u_mul/result[24]_INST_0_i_1/CO[3]
                         net (fo=1, routed)           0.000    16.930    GEN_BRAM.u_core/alu/u_mul/u_mul/GEN_WALLACE.u_mul/result[24]_INST_0_i_1_n_0
    SLICE_X19Y5          CARRY4 (Prop_carry4_CI_CO[3])
                                                      0.058    16.988 r  GEN_BRAM.u_core/alu/u_mul/u_mul/GEN_WALLACE.u_mul/result[28]_INST_0_i_1/CO[3]
                         net (fo=1, routed)           0.000    16.988    GEN_BRAM.u_core/alu/u_mul/u_mul/GEN_WALLACE.u_mul/result[28]_INST_0_i_1_n_0
    SLICE_X19Y6          CARRY4 (Prop_carry4_CI_O[1])
                                                      0.213    17.201 f  GEN_BRAM.u_core/alu/u_mul/u_mul/GEN_WALLACE.u_mul/result[31]_INST_0_i_1/O[1]
                         net (fo=2, routed)           0.249    17.450    GEN_BRAM.u_core/alu/u_mul/u_mul/GEN_WALLACE.u_mul/unsigned_product[30]
    SLICE_X18Y7          LUT1 (Prop_lut1_I0_O)        0.152    17.602 r  GEN_BRAM.u_core/alu/u_mul/u_mul/GEN_WALLACE.u_mul/result[0]_INST_0_i_5/O
                         net (fo=1, routed)           0.000    17.602    GEN_BRAM.u_core/alu/u_mul/u_mul/GEN_WALLACE.u_mul/p_0_in[30]
    SLICE_X18Y7          CARRY4 (Prop_carry4_S[1]_CO[3])
                                                      0.310    17.912 r  GEN_BRAM.u_core/alu/u_mul/u_mul/GEN_WALLACE.u_mul/result[0]_INST_0_i_1/CO[3]
                         net (fo=1, routed)           0.000    17.912    GEN_BRAM.u_core/alu/u_mul/u_mul/GEN_WALLACE.u_mul/result[0]_INST_0_i_1_n_0
    SLICE_X18Y8          CARRY4 (Prop_carry4_CI_O[0])
                                                      0.135    18.047 r  GEN_BRAM.u_core/alu/u_mul/u_mul/GEN_WALLACE.u_mul/result[4]_INST_0_i_3/O[0]
                         net (fo=1, routed)           0.567    18.613    GEN_BRAM.u_core/alu/u_mul/u_mul/GEN_WALLACE.u_mul/signed_product0[33]
    SLICE_X17Y9          LUT5 (Prop_lut5_I4_O)        0.153    18.766 r  GEN_BRAM.u_core/alu/u_mul/u_mul/GEN_WALLACE.u_mul/result[1]_INST_0/O
                         net (fo=2, routed)           0.954    19.721    GEN_BRAM.u_core/reg_file/result[0]
    SLICE_X18Y27         LUT6 (Prop_lut6_I2_O)        0.053    19.774 r  GEN_BRAM.u_core/reg_file/debug_alu_out_OBUF[1]_inst_i_2/O
                         net (fo=2, routed)           0.142    19.916    GEN_BRAM.u_core/dmem/registers_reg_r1_0_31_12_17_i_33_0
    SLICE_X18Y27         LUT5 (Prop_lut5_I3_O)        0.053    19.969 r  GEN_BRAM.u_core/dmem/registers_reg_r1_0_31_6_11_i_37/O
                         net (fo=2, routed)           0.600    20.568    GEN_BRAM.u_core/alu/registers_reg_r1_0_31_12_17_i_18_0
    SLICE_X18Y27         LUT6 (Prop_lut6_I1_O)        0.053    20.621 r  GEN_BRAM.u_core/alu/registers_reg_r1_0_31_12_17_i_33/O
                         net (fo=16, routed)          1.030    21.651    GEN_BRAM.u_core/wb_mux/registers_reg_r1_0_31_12_17_i_6
    SLICE_X3Y28          LUT6 (Prop_lut6_I5_O)        0.053    21.704 r  GEN_BRAM.u_core/wb_mux/registers_reg_r1_0_31_30_31_i_3/O
                         net (fo=1, routed)           0.470    22.174    GEN_BRAM.u_core/divider/wb_exec[30]
    SLICE_X4Y32          LUT6 (Prop_lut6_I5_O)        0.053    22.227 r  GEN_BRAM.u_core/divider/registers_reg_r1_0_31_30_31_i_1/O
                         net (fo=4, routed)           0.499    22.726    GEN_BRAM.u_core/reg_file/registers_reg_r1_0_31_30_31/D
    SLICE_X6Y32          RAMD32                                       r  GEN_BRAM.u_core/reg_file/registers_reg_r1_0_31_30_31/DP/I
  -------------------------------------------------------------------    -------------------

                         (clock sys_clk rise edge)   30.000    30.000 r  
    AD23                                              0.000    30.000 r  clk (IN)
                         net (fo=0)                   0.000    30.000    clk
    AD23                 IBUF (Prop_ibuf_I_O)         0.796    30.796 r  clk_IBUF_inst/O
                         net (fo=1, routed)           1.741    32.537    clk_IBUF
    BUFGCTRL_X0Y0        BUFG (Prop_bufg_I_O)         0.113    32.650 r  clk_IBUF_BUFG_inst/O
                         net (fo=350, routed)         1.597    34.247    GEN_BRAM.u_core/reg_file/registers_reg_r1_0_31_30_31/WCLK
    SLICE_X6Y32          RAMD32                                       r  GEN_BRAM.u_core/reg_file/registers_reg_r1_0_31_30_31/DP/CLK
                         clock pessimism              0.256    34.504    
                         clock uncertainty           -0.035    34.468    
    SLICE_X6Y32          RAMD32 (Setup_ramd32_CLK_I)
                                                     -0.174    34.294    GEN_BRAM.u_core/reg_file/registers_reg_r1_0_31_30_31/DP
  -------------------------------------------------------------------
                         required time                         34.294    
                         arrival time                         -22.726    
  -------------------------------------------------------------------
                         slack                                 11.568    

Slack (MET) :             11.568ns  (required time - arrival time)
  Source:                 GEN_BRAM.u_core/ir_reg[24]/C
                            (rising edge-triggered cell FDCE clocked by sys_clk  {rise@0.000ns fall@15.000ns period=30.000ns})
  Destination:            GEN_BRAM.u_core/reg_file/registers_reg_r1_0_31_12_17/RAMC_D1/I
                            (rising edge-triggered cell RAMD32 clocked by sys_clk  {rise@0.000ns fall@15.000ns period=30.000ns})
  Path Group:             sys_clk
  Path Type:              Setup (Max at Slow Process Corner)
  Requirement:            30.000ns  (sys_clk rise@30.000ns - sys_clk rise@0.000ns)
  Data Path Delay:        18.191ns  (logic 3.519ns (19.344%)  route 14.672ns (80.656%))
  Logic Levels:           26  (CARRY4=10 LUT1=1 LUT2=1 LUT3=2 LUT4=1 LUT5=5 LUT6=6)
  Clock Path Skew:        -0.031ns (DCD - SCD + CPR)
    Destination Clock Delay (DCD):    4.179ns = ( 34.179 - 30.000 ) 
    Source Clock Delay      (SCD):    4.467ns
    Clock Pessimism Removal (CPR):    0.256ns
  Clock Uncertainty:      0.035ns  ((TSJ^2 + TIJ^2)^1/2 + DJ) / 2 + PE
    Total System Jitter     (TSJ):    0.071ns
    Total Input Jitter      (TIJ):    0.000ns
    Discrete Jitter          (DJ):    0.000ns
    Phase Error              (PE):    0.000ns

    Location             Delay type                Incr(ns)  Path(ns)    Netlist Resource(s)
  -------------------------------------------------------------------    -------------------
                         (clock sys_clk rise edge)    0.000     0.000 r  
    AD23                                              0.000     0.000 r  clk (IN)
                         net (fo=0)                   0.000     0.000    clk
    AD23                 IBUF (Prop_ibuf_I_O)         0.873     0.873 r  clk_IBUF_inst/O
                         net (fo=1, routed)           1.830     2.703    clk_IBUF
    BUFGCTRL_X0Y0        BUFG (Prop_bufg_I_O)         0.120     2.823 r  clk_IBUF_BUFG_inst/O
                         net (fo=350, routed)         1.644     4.467    GEN_BRAM.u_core/clk_IBUF_BUFG
    SLICE_X11Y20         FDCE                                         r  GEN_BRAM.u_core/ir_reg[24]/C
  -------------------------------------------------------------------    -------------------
    SLICE_X11Y20         FDCE (Prop_fdce_C_Q)         0.269     4.736 f  GEN_BRAM.u_core/ir_reg[24]/Q
                         net (fo=68, routed)          1.737     6.473    GEN_BRAM.u_core/reg_file/Q[23]
    SLICE_X17Y34         LUT5 (Prop_lut5_I1_O)        0.053     6.526 r  GEN_BRAM.u_core/reg_file/u_mul_i_35/O
                         net (fo=172, routed)         1.353     7.879    GEN_BRAM.u_core/alu_mux_b/mem_reg_0
    SLICE_X8Y21          LUT4 (Prop_lut4_I2_O)        0.053     7.932 r  GEN_BRAM.u_core/alu_mux_b/u_mul_i_32/O
                         net (fo=139, routed)         0.555     8.487    GEN_BRAM.u_core/alu/u_mul/u_mul/GEN_WALLACE.u_mul/result[4]_INST_0_i_34_n_0
    SLICE_X12Y14         CARRY4 (Prop_carry4_CYINIT_O[3])
                                                      0.406     8.893 r  GEN_BRAM.u_core/alu/u_mul/u_mul/GEN_WALLACE.u_mul/result[4]_INST_0_i_24/O[3]
                         net (fo=3, routed)           0.423     9.316    GEN_BRAM.u_core/alu/u_mul/u_mul/GEN_WALLACE.u_mul/mag_b0[4]
    SLICE_X11Y14         LUT6 (Prop_lut6_I5_O)        0.142     9.458 r  GEN_BRAM.u_core/alu/u_mul/u_mul/GEN_WALLACE.u_mul/result[8]_INST_0_i_27/O
                         net (fo=68, routed)          2.333    11.791    GEN_BRAM.u_core/alu/u_mul/u_mul/GEN_WALLACE.u_mul/mag_b[4]
    SLICE_X26Y2          LUT6 (Prop_lut6_I1_O)        0.053    11.844 r  GEN_BRAM.u_core/alu/u_mul/u_mul/GEN_WALLACE.u_mul/result[28]_INST_0_i_267/O
                         net (fo=2, routed)           0.459    12.303    GEN_BRAM.u_core/alu/u_mul/u_mul/GEN_WALLACE.u_mul/l1[2]_28[21]
    SLICE_X26Y2          LUT3 (Prop_lut3_I1_O)        0.066    12.369 r  GEN_BRAM.u_core/alu/u_mul/u_mul/GEN_WALLACE.u_mul/result[28]_INST_0_i_257/O
                         net (fo=2, routed)           0.406    12.775    GEN_BRAM.u_core/alu/u_mul/u_mul/GEN_WALLACE.u_mul/l2[1]_47[22]
    SLICE_X29Y2          LUT5 (Prop_lut5_I3_O)        0.171    12.946 r  GEN_BRAM.u_core/alu/u_mul/u_mul/GEN_WALLACE.u_mul/result[28]_INST_0_i_218/O
                         net (fo=2, routed)           0.707    13.653    GEN_BRAM.u_core/alu/u_mul/u_mul/GEN_WALLACE.u_mul/l3[0]_1[22]
    SLICE_X20Y4          LUT5 (Prop_lut5_I3_O)        0.170    13.823 r  GEN_BRAM.u_core/alu/u_mul/u_mul/GEN_WALLACE.u_mul/result[24]_INST_0_i_63/O
                         net (fo=3, routed)           0.812    14.636    GEN_BRAM.u_core/alu/u_mul/u_mul/GEN_WALLACE.u_mul/l4[0]_5[22]
    SLICE_X15Y4          LUT5 (Prop_lut5_I2_O)        0.067    14.703 r  GEN_BRAM.u_core/alu/u_mul/u_mul/GEN_WALLACE.u_mul/result[24]_INST_0_i_35/O
                         net (fo=3, routed)           0.418    15.120    GEN_BRAM.u_core/alu/u_mul/u_mul/GEN_WALLACE.u_mul/l6[0]_23[22]
    SLICE_X17Y4          LUT3 (Prop_lut3_I1_O)        0.173    15.293 r  GEN_BRAM.u_core/alu/u_mul/u_mul/GEN_WALLACE.u_mul/result[24]_INST_0_i_28/O
                         net (fo=2, routed)           0.569    15.862    GEN_BRAM.u_core/alu/u_mul/u_mul/GEN_WALLACE.u_mul/l7[0]_24[22]
    SLICE_X17Y5          LUT2 (Prop_lut2_I1_O)        0.179    16.041 r  GEN_BRAM.u_core/alu/u_mul/u_mul/GEN_WALLACE.u_mul/result[24]_INST_0_i_6/O
                         net (fo=1, routed)           0.475    16.516    GEN_BRAM.u_core/alu/u_mul/u_mul/GEN_WALLACE.u_mul/final_a[22]
    SLICE_X19Y4          CARRY4 (Prop_carry4_DI[1]_CO[3])
                                                      0.414    16.930 r  GEN_BRAM.u_core/alu/u_mul/u_mul/GEN_WALLACE.u_mul/result[24]_INST_0_i_1/CO[3]
                         net (fo=1, routed)           0.000    16.930    GEN_BRAM.u_core/alu/u_mul/u_mul/GEN_WALLACE.u_mul/result[24]_INST_0_i_1_n_0
    SLICE_X19Y5          CARRY4 (Prop_carry4_CI_CO[3])
                                                      0.058    16.988 r  GEN_BRAM.u_core/alu/u_mul/u_mul/GEN_WALLACE.u_mul/result[28]_INST_0_i_1/CO[3]
                         net (fo=1, routed)           0.000    16.988    GEN_BRAM.u_core/alu/u_mul/u_mul/GEN_WALLACE.u_mul/result[28]_INST_0_i_1_n_0
    SLICE_X19Y6          CARRY4 (Prop_carry4_CI_CO[3])
                                                      0.058    17.046 r  GEN_BRAM.u_core/alu/u_mul/u_mul/GEN_WALLACE.u_mul/result[31]_INST_0_i_1/CO[3]
                         net (fo=1, routed)           0.000    17.046    GEN_BRAM.u_core/alu/u_mul/u_mul/GEN_WALLACE.u_mul/result[31]_INST_0_i_1_n_0
    SLICE_X19Y7          CARRY4 (Prop_carry4_CI_O[2])
                                                      0.136    17.182 f  GEN_BRAM.u_core/alu/u_mul/u_mul/GEN_WALLACE.u_mul/result[4]_INST_0_i_2/O[2]
                         net (fo=2, routed)           0.429    17.611    GEN_BRAM.u_core/alu/u_mul/u_mul/GEN_WALLACE.u_mul/unsigned_product[35]
    SLICE_X18Y8          LUT1 (Prop_lut1_I0_O)        0.152    17.763 r  GEN_BRAM.u_core/alu/u_mul/u_mul/GEN_WALLACE.u_mul/result[4]_INST_0_i_18/O
                         net (fo=1, routed)           0.000    17.763    GEN_BRAM.u_core/alu/u_mul/u_mul/GEN_WALLACE.u_mul/p_0_in[35]
    SLICE_X18Y8          CARRY4 (Prop_carry4_S[2]_CO[3])
                                                      0.219    17.982 r  GEN_BRAM.u_core/alu/u_mul/u_mul/GEN_WALLACE.u_mul/result[4]_INST_0_i_3/CO[3]
                         net (fo=1, routed)           0.000    17.982    GEN_BRAM.u_core/alu/u_mul/u_mul/GEN_WALLACE.u_mul/result[4]_INST_0_i_3_n_0
    SLICE_X18Y9          CARRY4 (Prop_carry4_CI_CO[3])
                                                      0.060    18.042 r  GEN_BRAM.u_core/alu/u_mul/u_mul/GEN_WALLACE.u_mul/result[8]_INST_0_i_3/CO[3]
                         net (fo=1, routed)           0.000    18.042    GEN_BRAM.u_core/alu/u_mul/u_mul/GEN_WALLACE.u_mul/result[8]_INST_0_i_3_n_0
    SLICE_X18Y10         CARRY4 (Prop_carry4_CI_CO[3])
                                                      0.060    18.102 r  GEN_BRAM.u_core/alu/u_mul/u_mul/GEN_WALLACE.u_mul/result[12]_INST_0_i_3/CO[3]
                         net (fo=1, routed)           0.000    18.102    GEN_BRAM.u_core/alu/u_mul/u_mul/GEN_WALLACE.u_mul/result[12]_INST_0_i_3_n_0
    SLICE_X18Y11         CARRY4 (Prop_carry4_CI_CO[3])
                                                      0.060    18.162 r  GEN_BRAM.u_core/alu/u_mul/u_mul/GEN_WALLACE.u_mul/result[16]_INST_0_i_3/CO[3]
                         net (fo=1, routed)           0.000    18.162    GEN_BRAM.u_core/alu/u_mul/u_mul/GEN_WALLACE.u_mul/result[16]_INST_0_i_3_n_0
    SLICE_X18Y12         CARRY4 (Prop_carry4_CI_O[0])
                                                      0.135    18.297 r  GEN_BRAM.u_core/alu/u_mul/u_mul/GEN_WALLACE.u_mul/result[20]_INST_0_i_3/O[0]
                         net (fo=1, routed)           0.557    18.853    GEN_BRAM.u_core/alu/u_mul/u_mul/GEN_WALLACE.u_mul/signed_product0[49]
    SLICE_X17Y12         LUT5 (Prop_lut5_I4_O)        0.153    19.006 r  GEN_BRAM.u_core/alu/u_mul/u_mul/GEN_WALLACE.u_mul/result[17]_INST_0/O
                         net (fo=1, routed)           0.736    19.742    GEN_BRAM.u_core/reg_file/result[16]
    SLICE_X25Y19         LUT6 (Prop_lut6_I2_O)        0.053    19.795 r  GEN_BRAM.u_core/reg_file/debug_alu_out_OBUF[17]_inst_i_4/O
                         net (fo=1, routed)           0.488    20.283    GEN_BRAM.u_core/reg_file/debug_alu_out_OBUF[17]_inst_i_4_n_0
    SLICE_X25Y24         LUT6 (Prop_lut6_I5_O)        0.053    20.336 r  GEN_BRAM.u_core/reg_file/debug_alu_out_OBUF[17]_inst_i_1/O
                         net (fo=3, routed)           1.259    21.595    GEN_BRAM.u_core/wb_mux/debug_alu_out_OBUF[9]
    SLICE_X2Y27          LUT6 (Prop_lut6_I0_O)        0.053    21.648 r  GEN_BRAM.u_core/wb_mux/registers_reg_r1_0_31_12_17_i_16/O
                         net (fo=1, routed)           0.353    22.001    GEN_BRAM.u_core/divider/wb_exec[17]
    SLICE_X4Y27          LUT6 (Prop_lut6_I5_O)        0.053    22.054 r  GEN_BRAM.u_core/divider/registers_reg_r1_0_31_12_17_i_5/O
                         net (fo=2, routed)           0.604    22.658    GEN_BRAM.u_core/reg_file/registers_reg_r1_0_31_12_17/DIC1
    SLICE_X10Y25         RAMD32                                       r  GEN_BRAM.u_core/reg_file/registers_reg_r1_0_31_12_17/RAMC_D1/I
  -------------------------------------------------------------------    -------------------

                         (clock sys_clk rise edge)   30.000    30.000 r  
    AD23                                              0.000    30.000 r  clk (IN)
                         net (fo=0)                   0.000    30.000    clk
    AD23                 IBUF (Prop_ibuf_I_O)         0.796    30.796 r  clk_IBUF_inst/O
                         net (fo=1, routed)           1.741    32.537    clk_IBUF
    BUFGCTRL_X0Y0        BUFG (Prop_bufg_I_O)         0.113    32.650 r  clk_IBUF_BUFG_inst/O
                         net (fo=350, routed)         1.529    34.179    GEN_BRAM.u_core/reg_file/registers_reg_r1_0_31_12_17/WCLK
    SLICE_X10Y25         RAMD32                                       r  GEN_BRAM.u_core/reg_file/registers_reg_r1_0_31_12_17/RAMC_D1/CLK
                         clock pessimism              0.256    34.436    
                         clock uncertainty           -0.035    34.400    
    SLICE_X10Y25         RAMD32 (Setup_ramd32_CLK_I)
                                                     -0.174    34.226    GEN_BRAM.u_core/reg_file/registers_reg_r1_0_31_12_17/RAMC_D1
  -------------------------------------------------------------------
                         required time                         34.226    
                         arrival time                         -22.658    
  -------------------------------------------------------------------
                         slack                                 11.568    

Slack (MET) :             11.578ns  (required time - arrival time)
  Source:                 GEN_BRAM.u_core/ir_reg[24]/C
                            (rising edge-triggered cell FDCE clocked by sys_clk  {rise@0.000ns fall@15.000ns period=30.000ns})
  Destination:            GEN_BRAM.u_core/reg_file/registers_reg_r1_0_31_0_5/RAMC/I
                            (rising edge-triggered cell RAMD32 clocked by sys_clk  {rise@0.000ns fall@15.000ns period=30.000ns})
  Path Group:             sys_clk
  Path Type:              Setup (Max at Slow Process Corner)
  Requirement:            30.000ns  (sys_clk rise@30.000ns - sys_clk rise@0.000ns)
  Data Path Delay:        18.283ns  (logic 3.667ns (20.057%)  route 14.616ns (79.943%))
  Logic Levels:           23  (CARRY4=6 LUT1=1 LUT2=1 LUT3=2 LUT4=1 LUT5=6 LUT6=5 MUXF7=1)
  Clock Path Skew:        0.028ns (DCD - SCD + CPR)
    Destination Clock Delay (DCD):    4.238ns = ( 34.238 - 30.000 ) 
    Source Clock Delay      (SCD):    4.467ns
    Clock Pessimism Removal (CPR):    0.256ns
  Clock Uncertainty:      0.035ns  ((TSJ^2 + TIJ^2)^1/2 + DJ) / 2 + PE
    Total System Jitter     (TSJ):    0.071ns
    Total Input Jitter      (TIJ):    0.000ns
    Discrete Jitter          (DJ):    0.000ns
    Phase Error              (PE):    0.000ns

    Location             Delay type                Incr(ns)  Path(ns)    Netlist Resource(s)
  -------------------------------------------------------------------    -------------------
                         (clock sys_clk rise edge)    0.000     0.000 r  
    AD23                                              0.000     0.000 r  clk (IN)
                         net (fo=0)                   0.000     0.000    clk
    AD23                 IBUF (Prop_ibuf_I_O)         0.873     0.873 r  clk_IBUF_inst/O
                         net (fo=1, routed)           1.830     2.703    clk_IBUF
    BUFGCTRL_X0Y0        BUFG (Prop_bufg_I_O)         0.120     2.823 r  clk_IBUF_BUFG_inst/O
                         net (fo=350, routed)         1.644     4.467    GEN_BRAM.u_core/clk_IBUF_BUFG
    SLICE_X11Y20         FDCE                                         r  GEN_BRAM.u_core/ir_reg[24]/C
  -------------------------------------------------------------------    -------------------
    SLICE_X11Y20         FDCE (Prop_fdce_C_Q)         0.269     4.736 f  GEN_BRAM.u_core/ir_reg[24]/Q
                         net (fo=68, routed)          1.737     6.473    GEN_BRAM.u_core/reg_file/Q[23]
    SLICE_X17Y34         LUT5 (Prop_lut5_I1_O)        0.053     6.526 r  GEN_BRAM.u_core/reg_file/u_mul_i_35/O
                         net (fo=172, routed)         1.353     7.879    GEN_BRAM.u_core/alu_mux_b/mem_reg_0
    SLICE_X8Y21          LUT4 (Prop_lut4_I2_O)        0.053     7.932 r  GEN_BRAM.u_core/alu_mux_b/u_mul_i_32/O
                         net (fo=139, routed)         0.555     8.487    GEN_BRAM.u_core/alu/u_mul/u_mul/GEN_WALLACE.u_mul/result[4]_INST_0_i_34_n_0
    SLICE_X12Y14         CARRY4 (Prop_carry4_CYINIT_O[3])
                                                      0.406     8.893 r  GEN_BRAM.u_core/alu/u_mul/u_mul/GEN_WALLACE.u_mul/result[4]_INST_0_i_24/O[3]
                         net (fo=3, routed)           0.423     9.316    GEN_BRAM.u_core/alu/u_mul/u_mul/GEN_WALLACE.u_mul/mag_b0[4]
    SLICE_X11Y14         LUT6 (Prop_lut6_I5_O)        0.142     9.458 r  GEN_BRAM.u_core/alu/u_mul/u_mul/GEN_WALLACE.u_mul/result[8]_INST_0_i_27/O
                         net (fo=68, routed)          2.333    11.791    GEN_BRAM.u_core/alu/u_mul/u_mul/GEN_WALLACE.u_mul/mag_b[4]
    SLICE_X26Y2          LUT6 (Prop_lut6_I1_O)        0.053    11.844 r  GEN_BRAM.u_core/alu/u_mul/u_mul/GEN_WALLACE.u_mul/result[28]_INST_0_i_267/O
                         net (fo=2, routed)           0.459    12.303    GEN_BRAM.u_core/alu/u_mul/u_mul/GEN_WALLACE.u_mul/l1[2]_28[21]
    SLICE_X26Y2          LUT3 (Prop_lut3_I1_O)        0.066    12.369 r  GEN_BRAM.u_core/alu/u_mul/u_mul/GEN_WALLACE.u_mul/result[28]_INST_0_i_257/O
                         net (fo=2, routed)           0.406    12.775    GEN_BRAM.u_core/alu/u_mul/u_mul/GEN_WALLACE.u_mul/l2[1]_47[22]
    SLICE_X29Y2          LUT5 (Prop_lut5_I3_O)        0.171    12.946 r  GEN_BRAM.u_core/alu/u_mul/u_mul/GEN_WALLACE.u_mul/result[28]_INST_0_i_218/O
                         net (fo=2, routed)           0.707    13.653    GEN_BRAM.u_core/alu/u_mul/u_mul/GEN_WALLACE.u_mul/l3[0]_1[22]
    SLICE_X20Y4          LUT5 (Prop_lut5_I3_O)        0.170    13.823 r  GEN_BRAM.u_core/alu/u_mul/u_mul/GEN_WALLACE.u_mul/result[24]_INST_0_i_63/O
                         net (fo=3, routed)           0.812    14.636    GEN_BRAM.u_core/alu/u_mul/u_mul/GEN_WALLACE.u_mul/l4[0]_5[22]
    SLICE_X15Y4          LUT5 (Prop_lut5_I2_O)        0.067    14.703 r  GEN_BRAM.u_core/alu/u_mul/u_mul/GEN_WALLACE.u_mul/result[24]_INST_0_i_35/O
                         net (fo=3, routed)           0.418    15.120    GEN_BRAM.u_core/alu/u_mul/u_mul/GEN_WALLACE.u_mul/l6[0]_23[22]
    SLICE_X17Y4          LUT3 (Prop_lut3_I1_O)        0.173    15.293 r  GEN_BRAM.u_core/alu/u_mul/u_mul/GEN_WALLACE.u_mul/result[24]_INST_0_i_28/O
                         net (fo=2, routed)           0.569    15.862    GEN_BRAM.u_core/alu/u_mul/u_mul/GEN_WALLACE.u_mul/l7[0]_24[22]
    SLICE_X17Y5          LUT2 (Prop_lut2_I1_O)        0.179    16.041 r  GEN_BRAM.u_core/alu/u_mul/u_mul/GEN_WALLACE.u_mul/result[24]_INST_0_i_6/O
                         net (fo=1, routed)           0.475    16.516    GEN_BRAM.u_core/alu/u_mul/u_mul/GEN_WALLACE.u_mul/final_a[22]
    SLICE_X19Y4          CARRY4 (Prop_carry4_DI[1]_CO[3])
                                                      0.414    16.930 r  GEN_BRAM.u_core/alu/u_mul/u_mul/GEN_WALLACE.u_mul/result[24]_INST_0_i_1/CO[3]
                         net (fo=1, routed)           0.000    16.930    GEN_BRAM.u_core/alu/u_mul/u_mul/GEN_WALLACE.u_mul/result[24]_INST_0_i_1_n_0
    SLICE_X19Y5          CARRY4 (Prop_carry4_CI_CO[3])
                                                      0.058    16.988 r  GEN_BRAM.u_core/alu/u_mul/u_mul/GEN_WALLACE.u_mul/result[28]_INST_0_i_1/CO[3]
                         net (fo=1, routed)           0.000    16.988    GEN_BRAM.u_core/alu/u_mul/u_mul/GEN_WALLACE.u_mul/result[28]_INST_0_i_1_n_0
    SLICE_X19Y6          CARRY4 (Prop_carry4_CI_O[1])
                                                      0.213    17.201 f  GEN_BRAM.u_core/alu/u_mul/u_mul/GEN_WALLACE.u_mul/result[31]_INST_0_i_1/O[1]
                         net (fo=2, routed)           0.249    17.450    GEN_BRAM.u_core/alu/u_mul/u_mul/GEN_WALLACE.u_mul/unsigned_product[30]
    SLICE_X18Y7          LUT1 (Prop_lut1_I0_O)        0.152    17.602 r  GEN_BRAM.u_core/alu/u_mul/u_mul/GEN_WALLACE.u_mul/result[0]_INST_0_i_5/O
                         net (fo=1, routed)           0.000    17.602    GEN_BRAM.u_core/alu/u_mul/u_mul/GEN_WALLACE.u_mul/p_0_in[30]
    SLICE_X18Y7          CARRY4 (Prop_carry4_S[1]_CO[3])
                                                      0.310    17.912 r  GEN_BRAM.u_core/alu/u_mul/u_mul/GEN_WALLACE.u_mul/result[0]_INST_0_i_1/CO[3]
                         net (fo=1, routed)           0.000    17.912    GEN_BRAM.u_core/alu/u_mul/u_mul/GEN_WALLACE.u_mul/result[0]_INST_0_i_1_n_0
    SLICE_X18Y8          CARRY4 (Prop_carry4_CI_O[0])
                                                      0.135    18.047 f  GEN_BRAM.u_core/alu/u_mul/u_mul/GEN_WALLACE.u_mul/result[4]_INST_0_i_3/O[0]
                         net (fo=1, routed)           0.567    18.613    GEN_BRAM.u_core/alu/u_mul/u_mul/GEN_WALLACE.u_mul/signed_product0[33]
    SLICE_X17Y9          LUT5 (Prop_lut5_I4_O)        0.153    18.766 f  GEN_BRAM.u_core/alu/u_mul/u_mul/GEN_WALLACE.u_mul/result[1]_INST_0/O
                         net (fo=2, routed)           0.954    19.721    GEN_BRAM.u_core/reg_file/result[0]
    SLICE_X18Y27         LUT6 (Prop_lut6_I2_O)        0.053    19.774 f  GEN_BRAM.u_core/reg_file/debug_alu_out_OBUF[1]_inst_i_2/O
                         net (fo=2, routed)           0.000    19.774    GEN_BRAM.u_core/alu_mux_b/load_addr_hold_reg[1]
    SLICE_X18Y27         MUXF7 (Prop_muxf7_I0_O)      0.121    19.895 f  GEN_BRAM.u_core/alu_mux_b/debug_alu_out_OBUF[1]_inst_i_1/O
                         net (fo=43, routed)          1.341    21.236    GEN_BRAM.u_core/dmem/D[1]
    SLICE_X2Y23          LUT5 (Prop_lut5_I2_O)        0.150    21.386 r  GEN_BRAM.u_core/dmem/registers_reg_r1_0_31_0_5_i_42/O
                         net (fo=1, routed)           0.456    21.842    GEN_BRAM.u_core/wb_mux/registers_reg_r1_0_31_0_5_i_7
    SLICE_X2Y23          LUT6 (Prop_lut6_I4_O)        0.053    21.895 r  GEN_BRAM.u_core/wb_mux/registers_reg_r1_0_31_0_5_i_21/O
                         net (fo=1, routed)           0.319    22.214    GEN_BRAM.u_core/divider/wb_exec[4]
    SLICE_X2Y23          LUT6 (Prop_lut6_I5_O)        0.053    22.267 r  GEN_BRAM.u_core/divider/registers_reg_r1_0_31_0_5_i_7/O
                         net (fo=2, routed)           0.483    22.750    GEN_BRAM.u_core/reg_file/registers_reg_r1_0_31_0_5/DIC0
    SLICE_X6Y24          RAMD32                                       r  GEN_BRAM.u_core/reg_file/registers_reg_r1_0_31_0_5/RAMC/I
  -------------------------------------------------------------------    -------------------

                         (clock sys_clk rise edge)   30.000    30.000 r  
    AD23                                              0.000    30.000 r  clk (IN)
                         net (fo=0)                   0.000    30.000    clk
    AD23                 IBUF (Prop_ibuf_I_O)         0.796    30.796 r  clk_IBUF_inst/O
                         net (fo=1, routed)           1.741    32.537    clk_IBUF
    BUFGCTRL_X0Y0        BUFG (Prop_bufg_I_O)         0.113    32.650 r  clk_IBUF_BUFG_inst/O
                         net (fo=350, routed)         1.588    34.238    GEN_BRAM.u_core/reg_file/registers_reg_r1_0_31_0_5/WCLK
    SLICE_X6Y24          RAMD32                                       r  GEN_BRAM.u_core/reg_file/registers_reg_r1_0_31_0_5/RAMC/CLK
                         clock pessimism              0.256    34.495    
                         clock uncertainty           -0.035    34.459    
    SLICE_X6Y24          RAMD32 (Setup_ramd32_CLK_I)
                                                     -0.132    34.327    GEN_BRAM.u_core/reg_file/registers_reg_r1_0_31_0_5/RAMC
  -------------------------------------------------------------------
                         required time                         34.327    
                         arrival time                         -22.750    
  -------------------------------------------------------------------
                         slack                                 11.578    

Slack (MET) :             11.600ns  (required time - arrival time)
  Source:                 GEN_BRAM.u_core/ir_reg[24]/C
                            (rising edge-triggered cell FDCE clocked by sys_clk  {rise@0.000ns fall@15.000ns period=30.000ns})
  Destination:            GEN_BRAM.u_core/reg_file/registers_reg_r2_0_31_24_29/RAMC/I
                            (rising edge-triggered cell RAMD32 clocked by sys_clk  {rise@0.000ns fall@15.000ns period=30.000ns})
  Path Group:             sys_clk
  Path Type:              Setup (Max at Slow Process Corner)
  Requirement:            30.000ns  (sys_clk rise@30.000ns - sys_clk rise@0.000ns)
  Data Path Delay:        18.210ns  (logic 3.674ns (20.176%)  route 14.536ns (79.824%))
  Logic Levels:           28  (CARRY4=12 LUT1=1 LUT2=1 LUT3=2 LUT4=1 LUT5=5 LUT6=6)
  Clock Path Skew:        -0.023ns (DCD - SCD + CPR)
    Destination Clock Delay (DCD):    4.187ns = ( 34.187 - 30.000 ) 
    Source Clock Delay      (SCD):    4.467ns
    Clock Pessimism Removal (CPR):    0.256ns
  Clock Uncertainty:      0.035ns  ((TSJ^2 + TIJ^2)^1/2 + DJ) / 2 + PE
    Total System Jitter     (TSJ):    0.071ns
    Total Input Jitter      (TIJ):    0.000ns
    Discrete Jitter          (DJ):    0.000ns
    Phase Error              (PE):    0.000ns

    Location             Delay type                Incr(ns)  Path(ns)    Netlist Resource(s)
  -------------------------------------------------------------------    -------------------
                         (clock sys_clk rise edge)    0.000     0.000 r  
    AD23                                              0.000     0.000 r  clk (IN)
                         net (fo=0)                   0.000     0.000    clk
    AD23                 IBUF (Prop_ibuf_I_O)         0.873     0.873 r  clk_IBUF_inst/O
                         net (fo=1, routed)           1.830     2.703    clk_IBUF
    BUFGCTRL_X0Y0        BUFG (Prop_bufg_I_O)         0.120     2.823 r  clk_IBUF_BUFG_inst/O
                         net (fo=350, routed)         1.644     4.467    GEN_BRAM.u_core/clk_IBUF_BUFG
    SLICE_X11Y20         FDCE                                         r  GEN_BRAM.u_core/ir_reg[24]/C
  -------------------------------------------------------------------    -------------------
    SLICE_X11Y20         FDCE (Prop_fdce_C_Q)         0.269     4.736 f  GEN_BRAM.u_core/ir_reg[24]/Q
                         net (fo=68, routed)          1.737     6.473    GEN_BRAM.u_core/reg_file/Q[23]
    SLICE_X17Y34         LUT5 (Prop_lut5_I1_O)        0.053     6.526 r  GEN_BRAM.u_core/reg_file/u_mul_i_35/O
                         net (fo=172, routed)         1.353     7.879    GEN_BRAM.u_core/alu_mux_b/mem_reg_0
    SLICE_X8Y21          LUT4 (Prop_lut4_I2_O)        0.053     7.932 r  GEN_BRAM.u_core/alu_mux_b/u_mul_i_32/O
                         net (fo=139, routed)         0.555     8.487    GEN_BRAM.u_core/alu/u_mul/u_mul/GEN_WALLACE.u_mul/result[4]_INST_0_i_34_n_0
    SLICE_X12Y14         CARRY4 (Prop_carry4_CYINIT_O[3])
                                                      0.406     8.893 r  GEN_BRAM.u_core/alu/u_mul/u_mul/GEN_WALLACE.u_mul/result[4]_INST_0_i_24/O[3]
                         net (fo=3, routed)           0.423     9.316    GEN_BRAM.u_core/alu/u_mul/u_mul/GEN_WALLACE.u_mul/mag_b0[4]
    SLICE_X11Y14         LUT6 (Prop_lut6_I5_O)        0.142     9.458 r  GEN_BRAM.u_core/alu/u_mul/u_mul/GEN_WALLACE.u_mul/result[8]_INST_0_i_27/O
                         net (fo=68, routed)          2.333    11.791    GEN_BRAM.u_core/alu/u_mul/u_mul/GEN_WALLACE.u_mul/mag_b[4]
    SLICE_X26Y2          LUT6 (Prop_lut6_I1_O)        0.053    11.844 r  GEN_BRAM.u_core/alu/u_mul/u_mul/GEN_WALLACE.u_mul/result[28]_INST_0_i_267/O
                         net (fo=2, routed)           0.459    12.303    GEN_BRAM.u_core/alu/u_mul/u_mul/GEN_WALLACE.u_mul/l1[2]_28[21]
    SLICE_X26Y2          LUT3 (Prop_lut3_I1_O)        0.066    12.369 r  GEN_BRAM.u_core/alu/u_mul/u_mul/GEN_WALLACE.u_mul/result[28]_INST_0_i_257/O
                         net (fo=2, routed)           0.406    12.775    GEN_BRAM.u_core/alu/u_mul/u_mul/GEN_WALLACE.u_mul/l2[1]_47[22]
    SLICE_X29Y2          LUT5 (Prop_lut5_I3_O)        0.171    12.946 r  GEN_BRAM.u_core/alu/u_mul/u_mul/GEN_WALLACE.u_mul/result[28]_INST_0_i_218/O
                         net (fo=2, routed)           0.707    13.653    GEN_BRAM.u_core/alu/u_mul/u_mul/GEN_WALLACE.u_mul/l3[0]_1[22]
    SLICE_X20Y4          LUT5 (Prop_lut5_I3_O)        0.170    13.823 r  GEN_BRAM.u_core/alu/u_mul/u_mul/GEN_WALLACE.u_mul/result[24]_INST_0_i_63/O
                         net (fo=3, routed)           0.812    14.636    GEN_BRAM.u_core/alu/u_mul/u_mul/GEN_WALLACE.u_mul/l4[0]_5[22]
    SLICE_X15Y4          LUT5 (Prop_lut5_I2_O)        0.067    14.703 r  GEN_BRAM.u_core/alu/u_mul/u_mul/GEN_WALLACE.u_mul/result[24]_INST_0_i_35/O
                         net (fo=3, routed)           0.418    15.120    GEN_BRAM.u_core/alu/u_mul/u_mul/GEN_WALLACE.u_mul/l6[0]_23[22]
    SLICE_X17Y4          LUT3 (Prop_lut3_I1_O)        0.173    15.293 r  GEN_BRAM.u_core/alu/u_mul/u_mul/GEN_WALLACE.u_mul/result[24]_INST_0_i_28/O
                         net (fo=2, routed)           0.569    15.862    GEN_BRAM.u_core/alu/u_mul/u_mul/GEN_WALLACE.u_mul/l7[0]_24[22]
    SLICE_X17Y5          LUT2 (Prop_lut2_I1_O)        0.179    16.041 r  GEN_BRAM.u_core/alu/u_mul/u_mul/GEN_WALLACE.u_mul/result[24]_INST_0_i_6/O
                         net (fo=1, routed)           0.475    16.516    GEN_BRAM.u_core/alu/u_mul/u_mul/GEN_WALLACE.u_mul/final_a[22]
    SLICE_X19Y4          CARRY4 (Prop_carry4_DI[1]_CO[3])
                                                      0.414    16.930 r  GEN_BRAM.u_core/alu/u_mul/u_mul/GEN_WALLACE.u_mul/result[24]_INST_0_i_1/CO[3]
                         net (fo=1, routed)           0.000    16.930    GEN_BRAM.u_core/alu/u_mul/u_mul/GEN_WALLACE.u_mul/result[24]_INST_0_i_1_n_0
    SLICE_X19Y5          CARRY4 (Prop_carry4_CI_CO[3])
                                                      0.058    16.988 r  GEN_BRAM.u_core/alu/u_mul/u_mul/GEN_WALLACE.u_mul/result[28]_INST_0_i_1/CO[3]
                         net (fo=1, routed)           0.000    16.988    GEN_BRAM.u_core/alu/u_mul/u_mul/GEN_WALLACE.u_mul/result[28]_INST_0_i_1_n_0
    SLICE_X19Y6          CARRY4 (Prop_carry4_CI_CO[3])
                                                      0.058    17.046 r  GEN_BRAM.u_core/alu/u_mul/u_mul/GEN_WALLACE.u_mul/result[31]_INST_0_i_1/CO[3]
                         net (fo=1, routed)           0.000    17.046    GEN_BRAM.u_core/alu/u_mul/u_mul/GEN_WALLACE.u_mul/result[31]_INST_0_i_1_n_0
    SLICE_X19Y7          CARRY4 (Prop_carry4_CI_O[2])
                                                      0.136    17.182 f  GEN_BRAM.u_core/alu/u_mul/u_mul/GEN_WALLACE.u_mul/result[4]_INST_0_i_2/O[2]
                         net (fo=2, routed)           0.429    17.611    GEN_BRAM.u_core/alu/u_mul/u_mul/GEN_WALLACE.u_mul/unsigned_product[35]
    SLICE_X18Y8          LUT1 (Prop_lut1_I0_O)        0.152    17.763 r  GEN_BRAM.u_core/alu/u_mul/u_mul/GEN_WALLACE.u_mul/result[4]_INST_0_i_18/O
                         net (fo=1, routed)           0.000    17.763    GEN_BRAM.u_core/alu/u_mul/u_mul/GEN_WALLACE.u_mul/p_0_in[35]
    SLICE_X18Y8          CARRY4 (Prop_carry4_S[2]_CO[3])
                                                      0.219    17.982 r  GEN_BRAM.u_core/alu/u_mul/u_mul/GEN_WALLACE.u_mul/result[4]_INST_0_i_3/CO[3]
                         net (fo=1, routed)           0.000    17.982    GEN_BRAM.u_core/alu/u_mul/u_mul/GEN_WALLACE.u_mul/result[4]_INST_0_i_3_n_0
    SLICE_X18Y9          CARRY4 (Prop_carry4_CI_CO[3])
                                                      0.060    18.042 r  GEN_BRAM.u_core/alu/u_mul/u_mul/GEN_WALLACE.u_mul/result[8]_INST_0_i_3/CO[3]
                         net (fo=1, routed)           0.000    18.042    GEN_BRAM.u_core/alu/u_mul/u_mul/GEN_WALLACE.u_mul/result[8]_INST_0_i_3_n_0
    SLICE_X18Y10         CARRY4 (Prop_carry4_CI_CO[3])
                                                      0.060    18.102 r  GEN_BRAM.u_core/alu/u_mul/u_mul/GEN_WALLACE.u_mul/result[12]_INST_0_i_3/CO[3]
                         net (fo=1, routed)           0.000    18.102    GEN_BRAM.u_core/alu/u_mul/u_mul/GEN_WALLACE.u_mul/result[12]_INST_0_i_3_n_0
    SLICE_X18Y11         CARRY4 (Prop_carry4_CI_CO[3])
                                                      0.060    18.162 r  GEN_BRAM.u_core/alu/u_mul/u_mul/GEN_WALLACE.u_mul/result[16]_INST_0_i_3/CO[3]
                         net (fo=1, routed)           0.000    18.162    GEN_BRAM.u_core/alu/u_mul/u_mul/GEN_WALLACE.u_mul/result[16]_INST_0_i_3_n_0
    SLICE_X18Y12         CARRY4 (Prop_carry4_CI_CO[3])
                                                      0.060    18.222 r  GEN_BRAM.u_core/alu/u_mul/u_mul/GEN_WALLACE.u_mul/result[20]_INST_0_i_3/CO[3]
                         net (fo=1, routed)           0.000    18.222    GEN_BRAM.u_core/alu/u_mul/u_mul/GEN_WALLACE.u_mul/result[20]_INST_0_i_3_n_0
    SLICE_X18Y13         CARRY4 (Prop_carry4_CI_CO[3])
                                                      0.060    18.282 r  GEN_BRAM.u_core/alu/u_mul/u_mul/GEN_WALLACE.u_mul/result[24]_INST_0_i_3/CO[3]
                         net (fo=1, routed)           0.000    18.282    GEN_BRAM.u_core/alu/u_mul/u_mul/GEN_WALLACE.u_mul/result[24]_INST_0_i_3_n_0
    SLICE_X18Y14         CARRY4 (Prop_carry4_CI_O[3])
                                                      0.181    18.463 r  GEN_BRAM.u_core/alu/u_mul/u_mul/GEN_WALLACE.u_mul/result[28]_INST_0_i_3/O[3]
                         net (fo=1, routed)           0.445    18.908    GEN_BRAM.u_core/alu/u_mul/u_mul/GEN_WALLACE.u_mul/signed_product0[60]
    SLICE_X17Y14         LUT5 (Prop_lut5_I4_O)        0.142    19.050 r  GEN_BRAM.u_core/alu/u_mul/u_mul/GEN_WALLACE.u_mul/result[28]_INST_0/O
                         net (fo=1, routed)           1.061    20.110    GEN_BRAM.u_core/reg_file/result[25]
    SLICE_X22Y30         LUT6 (Prop_lut6_I2_O)        0.053    20.163 r  GEN_BRAM.u_core/reg_file/debug_alu_out_OBUF[28]_inst_i_4/O
                         net (fo=1, routed)           0.319    20.483    GEN_BRAM.u_core/reg_file/debug_alu_out_OBUF[28]_inst_i_4_n_0
    SLICE_X22Y30         LUT6 (Prop_lut6_I5_O)        0.053    20.536 r  GEN_BRAM.u_core/reg_file/debug_alu_out_OBUF[28]_inst_i_1/O
                         net (fo=3, routed)           1.184    21.719    GEN_BRAM.u_core/wb_mux/debug_alu_out_OBUF[20]
    SLICE_X2Y30          LUT6 (Prop_lut6_I0_O)        0.053    21.772 r  GEN_BRAM.u_core/wb_mux/registers_reg_r1_0_31_24_29_i_18/O
                         net (fo=1, routed)           0.353    22.125    GEN_BRAM.u_core/divider/wb_exec[28]
    SLICE_X4Y31          LUT6 (Prop_lut6_I5_O)        0.053    22.178 r  GEN_BRAM.u_core/divider/registers_reg_r1_0_31_24_29_i_6/O
                         net (fo=2, routed)           0.499    22.676    GEN_BRAM.u_core/reg_file/registers_reg_r2_0_31_24_29/DIC0
    SLICE_X8Y32          RAMD32                                       r  GEN_BRAM.u_core/reg_file/registers_reg_r2_0_31_24_29/RAMC/I
  -------------------------------------------------------------------    -------------------

                         (clock sys_clk rise edge)   30.000    30.000 r  
    AD23                                              0.000    30.000 r  clk (IN)
                         net (fo=0)                   0.000    30.000    clk
    AD23                 IBUF (Prop_ibuf_I_O)         0.796    30.796 r  clk_IBUF_inst/O
                         net (fo=1, routed)           1.741    32.537    clk_IBUF
    BUFGCTRL_X0Y0        BUFG (Prop_bufg_I_O)         0.113    32.650 r  clk_IBUF_BUFG_inst/O
                         net (fo=350, routed)         1.537    34.187    GEN_BRAM.u_core/reg_file/registers_reg_r2_0_31_24_29/WCLK
    SLICE_X8Y32          RAMD32                                       r  GEN_BRAM.u_core/reg_file/registers_reg_r2_0_31_24_29/RAMC/CLK
                         clock pessimism              0.256    34.444    
                         clock uncertainty           -0.035    34.408    
    SLICE_X8Y32          RAMD32 (Setup_ramd32_CLK_I)
                                                     -0.132    34.276    GEN_BRAM.u_core/reg_file/registers_reg_r2_0_31_24_29/RAMC
  -------------------------------------------------------------------
                         required time                         34.276    
                         arrival time                         -22.676    
  -------------------------------------------------------------------
                         slack                                 11.600    

Slack (MET) :             11.608ns  (required time - arrival time)
  Source:                 GEN_BRAM.u_core/ir_reg[24]/C
                            (rising edge-triggered cell FDCE clocked by sys_clk  {rise@0.000ns fall@15.000ns period=30.000ns})
  Destination:            GEN_BRAM.u_core/reg_file/registers_reg_r1_0_31_24_29/RAMA_D1/I
                            (rising edge-triggered cell RAMD32 clocked by sys_clk  {rise@0.000ns fall@15.000ns period=30.000ns})
  Path Group:             sys_clk
  Path Type:              Setup (Max at Slow Process Corner)
  Requirement:            30.000ns  (sys_clk rise@30.000ns - sys_clk rise@0.000ns)
  Data Path Delay:        18.165ns  (logic 3.502ns (19.279%)  route 14.663ns (80.721%))
  Logic Levels:           23  (CARRY4=6 LUT1=1 LUT2=1 LUT3=2 LUT4=1 LUT5=6 LUT6=6)
  Clock Path Skew:        -0.025ns (DCD - SCD + CPR)
    Destination Clock Delay (DCD):    4.185ns = ( 34.185 - 30.000 ) 
    Source Clock Delay      (SCD):    4.467ns
    Clock Pessimism Removal (CPR):    0.256ns
  Clock Uncertainty:      0.035ns  ((TSJ^2 + TIJ^2)^1/2 + DJ) / 2 + PE
    Total System Jitter     (TSJ):    0.071ns
    Total Input Jitter      (TIJ):    0.000ns
    Discrete Jitter          (DJ):    0.000ns
    Phase Error              (PE):    0.000ns

    Location             Delay type                Incr(ns)  Path(ns)    Netlist Resource(s)
  -------------------------------------------------------------------    -------------------
                         (clock sys_clk rise edge)    0.000     0.000 r  
    AD23                                              0.000     0.000 r  clk (IN)
                         net (fo=0)                   0.000     0.000    clk
    AD23                 IBUF (Prop_ibuf_I_O)         0.873     0.873 r  clk_IBUF_inst/O
                         net (fo=1, routed)           1.830     2.703    clk_IBUF
    BUFGCTRL_X0Y0        BUFG (Prop_bufg_I_O)         0.120     2.823 r  clk_IBUF_BUFG_inst/O
                         net (fo=350, routed)         1.644     4.467    GEN_BRAM.u_core/clk_IBUF_BUFG
    SLICE_X11Y20         FDCE                                         r  GEN_BRAM.u_core/ir_reg[24]/C
  -------------------------------------------------------------------    -------------------
    SLICE_X11Y20         FDCE (Prop_fdce_C_Q)         0.269     4.736 f  GEN_BRAM.u_core/ir_reg[24]/Q
                         net (fo=68, routed)          1.737     6.473    GEN_BRAM.u_core/reg_file/Q[23]
    SLICE_X17Y34         LUT5 (Prop_lut5_I1_O)        0.053     6.526 r  GEN_BRAM.u_core/reg_file/u_mul_i_35/O
                         net (fo=172, routed)         1.353     7.879    GEN_BRAM.u_core/alu_mux_b/mem_reg_0
    SLICE_X8Y21          LUT4 (Prop_lut4_I2_O)        0.053     7.932 r  GEN_BRAM.u_core/alu_mux_b/u_mul_i_32/O
                         net (fo=139, routed)         0.555     8.487    GEN_BRAM.u_core/alu/u_mul/u_mul/GEN_WALLACE.u_mul/result[4]_INST_0_i_34_n_0
    SLICE_X12Y14         CARRY4 (Prop_carry4_CYINIT_O[3])
                                                      0.406     8.893 r  GEN_BRAM.u_core/alu/u_mul/u_mul/GEN_WALLACE.u_mul/result[4]_INST_0_i_24/O[3]
                         net (fo=3, routed)           0.423     9.316    GEN_BRAM.u_core/alu/u_mul/u_mul/GEN_WALLACE.u_mul/mag_b0[4]
    SLICE_X11Y14         LUT6 (Prop_lut6_I5_O)        0.142     9.458 r  GEN_BRAM.u_core/alu/u_mul/u_mul/GEN_WALLACE.u_mul/result[8]_INST_0_i_27/O
                         net (fo=68, routed)          2.333    11.791    GEN_BRAM.u_core/alu/u_mul/u_mul/GEN_WALLACE.u_mul/mag_b[4]
    SLICE_X26Y2          LUT6 (Prop_lut6_I1_O)        0.053    11.844 r  GEN_BRAM.u_core/alu/u_mul/u_mul/GEN_WALLACE.u_mul/result[28]_INST_0_i_267/O
                         net (fo=2, routed)           0.459    12.303    GEN_BRAM.u_core/alu/u_mul/u_mul/GEN_WALLACE.u_mul/l1[2]_28[21]
    SLICE_X26Y2          LUT3 (Prop_lut3_I1_O)        0.066    12.369 r  GEN_BRAM.u_core/alu/u_mul/u_mul/GEN_WALLACE.u_mul/result[28]_INST_0_i_257/O
                         net (fo=2, routed)           0.406    12.775    GEN_BRAM.u_core/alu/u_mul/u_mul/GEN_WALLACE.u_mul/l2[1]_47[22]
    SLICE_X29Y2          LUT5 (Prop_lut5_I3_O)        0.171    12.946 r  GEN_BRAM.u_core/alu/u_mul/u_mul/GEN_WALLACE.u_mul/result[28]_INST_0_i_218/O
                         net (fo=2, routed)           0.707    13.653    GEN_BRAM.u_core/alu/u_mul/u_mul/GEN_WALLACE.u_mul/l3[0]_1[22]
    SLICE_X20Y4          LUT5 (Prop_lut5_I3_O)        0.170    13.823 r  GEN_BRAM.u_core/alu/u_mul/u_mul/GEN_WALLACE.u_mul/result[24]_INST_0_i_63/O
                         net (fo=3, routed)           0.812    14.636    GEN_BRAM.u_core/alu/u_mul/u_mul/GEN_WALLACE.u_mul/l4[0]_5[22]
    SLICE_X15Y4          LUT5 (Prop_lut5_I2_O)        0.067    14.703 r  GEN_BRAM.u_core/alu/u_mul/u_mul/GEN_WALLACE.u_mul/result[24]_INST_0_i_35/O
                         net (fo=3, routed)           0.418    15.120    GEN_BRAM.u_core/alu/u_mul/u_mul/GEN_WALLACE.u_mul/l6[0]_23[22]
    SLICE_X17Y4          LUT3 (Prop_lut3_I1_O)        0.173    15.293 r  GEN_BRAM.u_core/alu/u_mul/u_mul/GEN_WALLACE.u_mul/result[24]_INST_0_i_28/O
                         net (fo=2, routed)           0.569    15.862    GEN_BRAM.u_core/alu/u_mul/u_mul/GEN_WALLACE.u_mul/l7[0]_24[22]
    SLICE_X17Y5          LUT2 (Prop_lut2_I1_O)        0.179    16.041 r  GEN_BRAM.u_core/alu/u_mul/u_mul/GEN_WALLACE.u_mul/result[24]_INST_0_i_6/O
                         net (fo=1, routed)           0.475    16.516    GEN_BRAM.u_core/alu/u_mul/u_mul/GEN_WALLACE.u_mul/final_a[22]
    SLICE_X19Y4          CARRY4 (Prop_carry4_DI[1]_CO[3])
                                                      0.414    16.930 r  GEN_BRAM.u_core/alu/u_mul/u_mul/GEN_WALLACE.u_mul/result[24]_INST_0_i_1/CO[3]
                         net (fo=1, routed)           0.000    16.930    GEN_BRAM.u_core/alu/u_mul/u_mul/GEN_WALLACE.u_mul/result[24]_INST_0_i_1_n_0
    SLICE_X19Y5          CARRY4 (Prop_carry4_CI_CO[3])
                                                      0.058    16.988 r  GEN_BRAM.u_core/alu/u_mul/u_mul/GEN_WALLACE.u_mul/result[28]_INST_0_i_1/CO[3]
                         net (fo=1, routed)           0.000    16.988    GEN_BRAM.u_core/alu/u_mul/u_mul/GEN_WALLACE.u_mul/result[28]_INST_0_i_1_n_0
    SLICE_X19Y6          CARRY4 (Prop_carry4_CI_O[1])
                                                      0.213    17.201 f  GEN_BRAM.u_core/alu/u_mul/u_mul/GEN_WALLACE.u_mul/result[31]_INST_0_i_1/O[1]
                         net (fo=2, routed)           0.249    17.450    GEN_BRAM.u_core/alu/u_mul/u_mul/GEN_WALLACE.u_mul/unsigned_product[30]
    SLICE_X18Y7          LUT1 (Prop_lut1_I0_O)        0.152    17.602 r  GEN_BRAM.u_core/alu/u_mul/u_mul/GEN_WALLACE.u_mul/result[0]_INST_0_i_5/O
                         net (fo=1, routed)           0.000    17.602    GEN_BRAM.u_core/alu/u_mul/u_mul/GEN_WALLACE.u_mul/p_0_in[30]
    SLICE_X18Y7          CARRY4 (Prop_carry4_S[1]_CO[3])
                                                      0.310    17.912 r  GEN_BRAM.u_core/alu/u_mul/u_mul/GEN_WALLACE.u_mul/result[0]_INST_0_i_1/CO[3]
                         net (fo=1, routed)           0.000    17.912    GEN_BRAM.u_core/alu/u_mul/u_mul/GEN_WALLACE.u_mul/result[0]_INST_0_i_1_n_0
    SLICE_X18Y8          CARRY4 (Prop_carry4_CI_O[0])
                                                      0.135    18.047 r  GEN_BRAM.u_core/alu/u_mul/u_mul/GEN_WALLACE.u_mul/result[4]_INST_0_i_3/O[0]
                         net (fo=1, routed)           0.567    18.613    GEN_BRAM.u_core/alu/u_mul/u_mul/GEN_WALLACE.u_mul/signed_product0[33]
    SLICE_X17Y9          LUT5 (Prop_lut5_I4_O)        0.153    18.766 r  GEN_BRAM.u_core/alu/u_mul/u_mul/GEN_WALLACE.u_mul/result[1]_INST_0/O
                         net (fo=2, routed)           0.954    19.721    GEN_BRAM.u_core/reg_file/result[0]
    SLICE_X18Y27         LUT6 (Prop_lut6_I2_O)        0.053    19.774 r  GEN_BRAM.u_core/reg_file/debug_alu_out_OBUF[1]_inst_i_2/O
                         net (fo=2, routed)           0.142    19.916    GEN_BRAM.u_core/dmem/registers_reg_r1_0_31_12_17_i_33_0
    SLICE_X18Y27         LUT5 (Prop_lut5_I3_O)        0.053    19.969 r  GEN_BRAM.u_core/dmem/registers_reg_r1_0_31_6_11_i_37/O
                         net (fo=2, routed)           0.600    20.568    GEN_BRAM.u_core/alu/registers_reg_r1_0_31_12_17_i_18_0
    SLICE_X18Y27         LUT6 (Prop_lut6_I1_O)        0.053    20.621 r  GEN_BRAM.u_core/alu/registers_reg_r1_0_31_12_17_i_33/O
                         net (fo=16, routed)          1.025    21.646    GEN_BRAM.u_core/wb_mux/registers_reg_r1_0_31_12_17_i_6
    SLICE_X2Y28          LUT6 (Prop_lut6_I5_O)        0.053    21.699 r  GEN_BRAM.u_core/wb_mux/registers_reg_r1_0_31_24_29_i_8/O
                         net (fo=1, routed)           0.487    22.186    GEN_BRAM.u_core/divider/wb_exec[25]
    SLICE_X5Y31          LUT6 (Prop_lut6_I5_O)        0.053    22.239 r  GEN_BRAM.u_core/divider/registers_reg_r1_0_31_24_29_i_1/O
                         net (fo=2, routed)           0.393    22.632    GEN_BRAM.u_core/reg_file/registers_reg_r1_0_31_24_29/DIA1
    SLICE_X8Y31          RAMD32                                       r  GEN_BRAM.u_core/reg_file/registers_reg_r1_0_31_24_29/RAMA_D1/I
  -------------------------------------------------------------------    -------------------

                         (clock sys_clk rise edge)   30.000    30.000 r  
    AD23                                              0.000    30.000 r  clk (IN)
                         net (fo=0)                   0.000    30.000    clk
    AD23                 IBUF (Prop_ibuf_I_O)         0.796    30.796 r  clk_IBUF_inst/O
                         net (fo=1, routed)           1.741    32.537    clk_IBUF
    BUFGCTRL_X0Y0        BUFG (Prop_bufg_I_O)         0.113    32.650 r  clk_IBUF_BUFG_inst/O
                         net (fo=350, routed)         1.535    34.185    GEN_BRAM.u_core/reg_file/registers_reg_r1_0_31_24_29/WCLK
    SLICE_X8Y31          RAMD32                                       r  GEN_BRAM.u_core/reg_file/registers_reg_r1_0_31_24_29/RAMA_D1/CLK
                         clock pessimism              0.256    34.442    
                         clock uncertainty           -0.035    34.406    
    SLICE_X8Y31          RAMD32 (Setup_ramd32_CLK_I)
                                                     -0.166    34.240    GEN_BRAM.u_core/reg_file/registers_reg_r1_0_31_24_29/RAMA_D1
  -------------------------------------------------------------------
                         required time                         34.240    
                         arrival time                         -22.632    
  -------------------------------------------------------------------
                         slack                                 11.608    

Slack (MET) :             11.615ns  (required time - arrival time)
  Source:                 GEN_BRAM.u_core/ir_reg[24]/C
                            (rising edge-triggered cell FDCE clocked by sys_clk  {rise@0.000ns fall@15.000ns period=30.000ns})
  Destination:            GEN_BRAM.u_core/reg_file/registers_reg_r2_0_31_6_11/RAMA_D1/I
                            (rising edge-triggered cell RAMD32 clocked by sys_clk  {rise@0.000ns fall@15.000ns period=30.000ns})
  Path Group:             sys_clk
  Path Type:              Setup (Max at Slow Process Corner)
  Requirement:            30.000ns  (sys_clk rise@30.000ns - sys_clk rise@0.000ns)
  Data Path Delay:        18.162ns  (logic 3.667ns (20.191%)  route 14.495ns (79.809%))
  Logic Levels:           23  (CARRY4=6 LUT1=1 LUT2=1 LUT3=2 LUT4=1 LUT5=6 LUT6=5 MUXF7=1)
  Clock Path Skew:        -0.022ns (DCD - SCD + CPR)
    Destination Clock Delay (DCD):    4.181ns = ( 34.181 - 30.000 ) 
    Source Clock Delay      (SCD):    4.467ns
    Clock Pessimism Removal (CPR):    0.263ns
  Clock Uncertainty:      0.035ns  ((TSJ^2 + TIJ^2)^1/2 + DJ) / 2 + PE
    Total System Jitter     (TSJ):    0.071ns
    Total Input Jitter      (TIJ):    0.000ns
    Discrete Jitter          (DJ):    0.000ns
    Phase Error              (PE):    0.000ns

    Location             Delay type                Incr(ns)  Path(ns)    Netlist Resource(s)
  -------------------------------------------------------------------    -------------------
                         (clock sys_clk rise edge)    0.000     0.000 r  
    AD23                                              0.000     0.000 r  clk (IN)
                         net (fo=0)                   0.000     0.000    clk
    AD23                 IBUF (Prop_ibuf_I_O)         0.873     0.873 r  clk_IBUF_inst/O
                         net (fo=1, routed)           1.830     2.703    clk_IBUF
    BUFGCTRL_X0Y0        BUFG (Prop_bufg_I_O)         0.120     2.823 r  clk_IBUF_BUFG_inst/O
                         net (fo=350, routed)         1.644     4.467    GEN_BRAM.u_core/clk_IBUF_BUFG
    SLICE_X11Y20         FDCE                                         r  GEN_BRAM.u_core/ir_reg[24]/C
  -------------------------------------------------------------------    -------------------
    SLICE_X11Y20         FDCE (Prop_fdce_C_Q)         0.269     4.736 f  GEN_BRAM.u_core/ir_reg[24]/Q
                         net (fo=68, routed)          1.737     6.473    GEN_BRAM.u_core/reg_file/Q[23]
    SLICE_X17Y34         LUT5 (Prop_lut5_I1_O)        0.053     6.526 r  GEN_BRAM.u_core/reg_file/u_mul_i_35/O
                         net (fo=172, routed)         1.353     7.879    GEN_BRAM.u_core/alu_mux_b/mem_reg_0
    SLICE_X8Y21          LUT4 (Prop_lut4_I2_O)        0.053     7.932 r  GEN_BRAM.u_core/alu_mux_b/u_mul_i_32/O
                         net (fo=139, routed)         0.555     8.487    GEN_BRAM.u_core/alu/u_mul/u_mul/GEN_WALLACE.u_mul/result[4]_INST_0_i_34_n_0
    SLICE_X12Y14         CARRY4 (Prop_carry4_CYINIT_O[3])
                                                      0.406     8.893 r  GEN_BRAM.u_core/alu/u_mul/u_mul/GEN_WALLACE.u_mul/result[4]_INST_0_i_24/O[3]
                         net (fo=3, routed)           0.423     9.316    GEN_BRAM.u_core/alu/u_mul/u_mul/GEN_WALLACE.u_mul/mag_b0[4]
    SLICE_X11Y14         LUT6 (Prop_lut6_I5_O)        0.142     9.458 r  GEN_BRAM.u_core/alu/u_mul/u_mul/GEN_WALLACE.u_mul/result[8]_INST_0_i_27/O
                         net (fo=68, routed)          2.333    11.791    GEN_BRAM.u_core/alu/u_mul/u_mul/GEN_WALLACE.u_mul/mag_b[4]
    SLICE_X26Y2          LUT6 (Prop_lut6_I1_O)        0.053    11.844 r  GEN_BRAM.u_core/alu/u_mul/u_mul/GEN_WALLACE.u_mul/result[28]_INST_0_i_267/O
                         net (fo=2, routed)           0.459    12.303    GEN_BRAM.u_core/alu/u_mul/u_mul/GEN_WALLACE.u_mul/l1[2]_28[21]
    SLICE_X26Y2          LUT3 (Prop_lut3_I1_O)        0.066    12.369 r  GEN_BRAM.u_core/alu/u_mul/u_mul/GEN_WALLACE.u_mul/result[28]_INST_0_i_257/O
                         net (fo=2, routed)           0.406    12.775    GEN_BRAM.u_core/alu/u_mul/u_mul/GEN_WALLACE.u_mul/l2[1]_47[22]
    SLICE_X29Y2          LUT5 (Prop_lut5_I3_O)        0.171    12.946 r  GEN_BRAM.u_core/alu/u_mul/u_mul/GEN_WALLACE.u_mul/result[28]_INST_0_i_218/O
                         net (fo=2, routed)           0.707    13.653    GEN_BRAM.u_core/alu/u_mul/u_mul/GEN_WALLACE.u_mul/l3[0]_1[22]
    SLICE_X20Y4          LUT5 (Prop_lut5_I3_O)        0.170    13.823 r  GEN_BRAM.u_core/alu/u_mul/u_mul/GEN_WALLACE.u_mul/result[24]_INST_0_i_63/O
                         net (fo=3, routed)           0.812    14.636    GEN_BRAM.u_core/alu/u_mul/u_mul/GEN_WALLACE.u_mul/l4[0]_5[22]
    SLICE_X15Y4          LUT5 (Prop_lut5_I2_O)        0.067    14.703 r  GEN_BRAM.u_core/alu/u_mul/u_mul/GEN_WALLACE.u_mul/result[24]_INST_0_i_35/O
                         net (fo=3, routed)           0.418    15.120    GEN_BRAM.u_core/alu/u_mul/u_mul/GEN_WALLACE.u_mul/l6[0]_23[22]
    SLICE_X17Y4          LUT3 (Prop_lut3_I1_O)        0.173    15.293 r  GEN_BRAM.u_core/alu/u_mul/u_mul/GEN_WALLACE.u_mul/result[24]_INST_0_i_28/O
                         net (fo=2, routed)           0.569    15.862    GEN_BRAM.u_core/alu/u_mul/u_mul/GEN_WALLACE.u_mul/l7[0]_24[22]
    SLICE_X17Y5          LUT2 (Prop_lut2_I1_O)        0.179    16.041 r  GEN_BRAM.u_core/alu/u_mul/u_mul/GEN_WALLACE.u_mul/result[24]_INST_0_i_6/O
                         net (fo=1, routed)           0.475    16.516    GEN_BRAM.u_core/alu/u_mul/u_mul/GEN_WALLACE.u_mul/final_a[22]
    SLICE_X19Y4          CARRY4 (Prop_carry4_DI[1]_CO[3])
                                                      0.414    16.930 r  GEN_BRAM.u_core/alu/u_mul/u_mul/GEN_WALLACE.u_mul/result[24]_INST_0_i_1/CO[3]
                         net (fo=1, routed)           0.000    16.930    GEN_BRAM.u_core/alu/u_mul/u_mul/GEN_WALLACE.u_mul/result[24]_INST_0_i_1_n_0
    SLICE_X19Y5          CARRY4 (Prop_carry4_CI_CO[3])
                                                      0.058    16.988 r  GEN_BRAM.u_core/alu/u_mul/u_mul/GEN_WALLACE.u_mul/result[28]_INST_0_i_1/CO[3]
                         net (fo=1, routed)           0.000    16.988    GEN_BRAM.u_core/alu/u_mul/u_mul/GEN_WALLACE.u_mul/result[28]_INST_0_i_1_n_0
    SLICE_X19Y6          CARRY4 (Prop_carry4_CI_O[1])
                                                      0.213    17.201 f  GEN_BRAM.u_core/alu/u_mul/u_mul/GEN_WALLACE.u_mul/result[31]_INST_0_i_1/O[1]
                         net (fo=2, routed)           0.249    17.450    GEN_BRAM.u_core/alu/u_mul/u_mul/GEN_WALLACE.u_mul/unsigned_product[30]
    SLICE_X18Y7          LUT1 (Prop_lut1_I0_O)        0.152    17.602 r  GEN_BRAM.u_core/alu/u_mul/u_mul/GEN_WALLACE.u_mul/result[0]_INST_0_i_5/O
                         net (fo=1, routed)           0.000    17.602    GEN_BRAM.u_core/alu/u_mul/u_mul/GEN_WALLACE.u_mul/p_0_in[30]
    SLICE_X18Y7          CARRY4 (Prop_carry4_S[1]_CO[3])
                                                      0.310    17.912 r  GEN_BRAM.u_core/alu/u_mul/u_mul/GEN_WALLACE.u_mul/result[0]_INST_0_i_1/CO[3]
                         net (fo=1, routed)           0.000    17.912    GEN_BRAM.u_core/alu/u_mul/u_mul/GEN_WALLACE.u_mul/result[0]_INST_0_i_1_n_0
    SLICE_X18Y8          CARRY4 (Prop_carry4_CI_O[0])
                                                      0.135    18.047 r  GEN_BRAM.u_core/alu/u_mul/u_mul/GEN_WALLACE.u_mul/result[4]_INST_0_i_3/O[0]
                         net (fo=1, routed)           0.567    18.613    GEN_BRAM.u_core/alu/u_mul/u_mul/GEN_WALLACE.u_mul/signed_product0[33]
    SLICE_X17Y9          LUT5 (Prop_lut5_I4_O)        0.153    18.766 r  GEN_BRAM.u_core/alu/u_mul/u_mul/GEN_WALLACE.u_mul/result[1]_INST_0/O
                         net (fo=2, routed)           0.954    19.721    GEN_BRAM.u_core/reg_file/result[0]
    SLICE_X18Y27         LUT6 (Prop_lut6_I2_O)        0.053    19.774 r  GEN_BRAM.u_core/reg_file/debug_alu_out_OBUF[1]_inst_i_2/O
                         net (fo=2, routed)           0.000    19.774    GEN_BRAM.u_core/alu_mux_b/load_addr_hold_reg[1]
    SLICE_X18Y27         MUXF7 (Prop_muxf7_I0_O)      0.121    19.895 r  GEN_BRAM.u_core/alu_mux_b/debug_alu_out_OBUF[1]_inst_i_1/O
                         net (fo=43, routed)          1.245    21.140    GEN_BRAM.u_core/dmem/D[1]
    SLICE_X4Y25          LUT5 (Prop_lut5_I2_O)        0.150    21.290 r  GEN_BRAM.u_core/dmem/registers_reg_r1_0_31_6_11_i_20/O
                         net (fo=1, routed)           0.412    21.702    GEN_BRAM.u_core/wb_mux/registers_reg_r1_0_31_6_11_i_1
    SLICE_X3Y23          LUT6 (Prop_lut6_I4_O)        0.053    21.755 r  GEN_BRAM.u_core/wb_mux/registers_reg_r1_0_31_6_11_i_8/O
                         net (fo=1, routed)           0.428    22.184    GEN_BRAM.u_core/divider/wb_exec[7]
    SLICE_X7Y23          LUT6 (Prop_lut6_I5_O)        0.053    22.237 r  GEN_BRAM.u_core/divider/registers_reg_r1_0_31_6_11_i_1/O
                         net (fo=2, routed)           0.392    22.628    GEN_BRAM.u_core/reg_file/registers_reg_r2_0_31_6_11/DIA1
    SLICE_X10Y23         RAMD32                                       r  GEN_BRAM.u_core/reg_file/registers_reg_r2_0_31_6_11/RAMA_D1/I
  -------------------------------------------------------------------    -------------------

                         (clock sys_clk rise edge)   30.000    30.000 r  
    AD23                                              0.000    30.000 r  clk (IN)
                         net (fo=0)                   0.000    30.000    clk
    AD23                 IBUF (Prop_ibuf_I_O)         0.796    30.796 r  clk_IBUF_inst/O
                         net (fo=1, routed)           1.741    32.537    clk_IBUF
    BUFGCTRL_X0Y0        BUFG (Prop_bufg_I_O)         0.113    32.650 r  clk_IBUF_BUFG_inst/O
                         net (fo=350, routed)         1.531    34.181    GEN_BRAM.u_core/reg_file/registers_reg_r2_0_31_6_11/WCLK
    SLICE_X10Y23         RAMD32                                       r  GEN_BRAM.u_core/reg_file/registers_reg_r2_0_31_6_11/RAMA_D1/CLK
                         clock pessimism              0.263    34.445    
                         clock uncertainty           -0.035    34.409    
    SLICE_X10Y23         RAMD32 (Setup_ramd32_CLK_I)
                                                     -0.166    34.243    GEN_BRAM.u_core/reg_file/registers_reg_r2_0_31_6_11/RAMA_D1
  -------------------------------------------------------------------
                         required time                         34.243    
                         arrival time                         -22.628    
  -------------------------------------------------------------------
                         slack                                 11.615    





Pulse Width Checks
--------------------------------------------------------------------------------------
Clock Name:         sys_clk
Waveform(ns):       { 0.000 15.000 }
Period(ns):         30.000
Sources:            { clk }

Check Type        Corner  Lib Pin             Reference Pin  Required(ns)  Actual(ns)  Slack(ns)  Location       Pin
Min Period        n/a     RAMB36E1/CLKARDCLK  n/a            2.495         30.000      27.505     RAMB36_X0Y4    GEN_BRAM.u_core/dmem/mem_reg_0/CLKARDCLK
Min Period        n/a     RAMB36E1/CLKARDCLK  n/a            2.495         30.000      27.505     RAMB36_X0Y5    GEN_BRAM.u_core/dmem/mem_reg_1/CLKARDCLK
Min Period        n/a     RAMB36E1/CLKBWRCLK  n/a            2.183         30.000      27.817     RAMB36_X0Y4    GEN_BRAM.u_core/dmem/mem_reg_0/CLKBWRCLK
Min Period        n/a     RAMB36E1/CLKBWRCLK  n/a            2.183         30.000      27.817     RAMB36_X0Y5    GEN_BRAM.u_core/dmem/mem_reg_1/CLKBWRCLK
Min Period        n/a     RAMB36E1/CLKARDCLK  n/a            2.183         30.000      27.817     RAMB36_X0Y2    GEN_BRAM.u_core/imem/data_out_reg_0/CLKARDCLK
Min Period        n/a     RAMB36E1/CLKARDCLK  n/a            2.183         30.000      27.817     RAMB36_X0Y3    GEN_BRAM.u_core/imem/data_out_reg_1/CLKARDCLK
Min Period        n/a     BUFG/I              n/a            1.600         30.000      28.400     BUFGCTRL_X0Y0  clk_IBUF_BUFG_inst/I
Min Period        n/a     FDCE/C              n/a            0.750         30.000      29.250     SLICE_X9Y16    GEN_BRAM.u_core/ir_reg[31]_lopt_replica_2/C
Min Period        n/a     FDCE/C              n/a            0.750         30.000      29.250     SLICE_X9Y16    GEN_BRAM.u_core/ir_reg[31]_lopt_replica_3/C
Min Period        n/a     FDCE/C              n/a            0.750         30.000      29.250     SLICE_X8Y16    GEN_BRAM.u_core/ir_reg[5]/C
Min Period        n/a     FDCE/C              n/a            0.750         30.000      29.250     SLICE_X10Y39   GEN_BRAM.u_core/divider/count_reg[1]/C
Min Period        n/a     FDCE/C              n/a            0.750         30.000      29.250     SLICE_X9Y39    GEN_BRAM.u_core/divider/count_reg[3]/C
Min Period        n/a     FDCE/C              n/a            0.750         30.000      29.250     SLICE_X10Y27   GEN_BRAM.u_core/divider/remainder_work_reg[13]/C
Min Period        n/a     FDCE/C              n/a            0.750         30.000      29.250     SLICE_X10Y27   GEN_BRAM.u_core/divider/remainder_work_reg[15]/C
Min Period        n/a     FDCE/C              n/a            0.750         30.000      29.250     SLICE_X5Y28    GEN_BRAM.u_core/divider/remainder_work_reg[17]/C
Min Period        n/a     FDCE/C              n/a            0.750         30.000      29.250     SLICE_X10Y29   GEN_BRAM.u_core/divider/remainder_work_reg[19]/C
Min Period        n/a     FDCE/C              n/a            0.750         30.000      29.250     SLICE_X10Y29   GEN_BRAM.u_core/divider/remainder_work_reg[21]/C
Min Period        n/a     FDCE/C              n/a            0.750         30.000      29.250     SLICE_X8Y30    GEN_BRAM.u_core/divider/remainder_work_reg[23]/C
Min Period        n/a     FDCE/C              n/a            0.750         30.000      29.250     SLICE_X5Y30    GEN_BRAM.u_core/divider/remainder_work_reg[25]/C
Min Period        n/a     FDCE/C              n/a            0.750         30.000      29.250     SLICE_X10Y31   GEN_BRAM.u_core/divider/remainder_work_reg[27]/C
Low Pulse Width   Slow    RAMD32/CLK          n/a            0.910         15.000      14.090     SLICE_X6Y24    GEN_BRAM.u_core/reg_file/registers_reg_r1_0_31_0_5/RAMA/CLK
Low Pulse Width   Fast    RAMD32/CLK          n/a            0.910         15.000      14.090     SLICE_X6Y24    GEN_BRAM.u_core/reg_file/registers_reg_r1_0_31_0_5/RAMA/CLK
Low Pulse Width   Slow    RAMD32/CLK          n/a            0.910         15.000      14.090     SLICE_X6Y24    GEN_BRAM.u_core/reg_file/registers_reg_r1_0_31_0_5/RAMA_D1/CLK
Low Pulse Width   Fast    RAMD32/CLK          n/a            0.910         15.000      14.090     SLICE_X6Y24    GEN_BRAM.u_core/reg_file/registers_reg_r1_0_31_0_5/RAMA_D1/CLK
Low Pulse Width   Slow    RAMD32/CLK          n/a            0.910         15.000      14.090     SLICE_X6Y24    GEN_BRAM.u_core/reg_file/registers_reg_r1_0_31_0_5/RAMB/CLK
Low Pulse Width   Fast    RAMD32/CLK          n/a            0.910         15.000      14.090     SLICE_X6Y24    GEN_BRAM.u_core/reg_file/registers_reg_r1_0_31_0_5/RAMB/CLK
Low Pulse Width   Slow    RAMD32/CLK          n/a            0.910         15.000      14.090     SLICE_X6Y24    GEN_BRAM.u_core/reg_file/registers_reg_r1_0_31_0_5/RAMB_D1/CLK
Low Pulse Width   Fast    RAMD32/CLK          n/a            0.910         15.000      14.090     SLICE_X6Y24    GEN_BRAM.u_core/reg_file/registers_reg_r1_0_31_0_5/RAMB_D1/CLK
Low Pulse Width   Slow    RAMD32/CLK          n/a            0.910         15.000      14.090     SLICE_X6Y24    GEN_BRAM.u_core/reg_file/registers_reg_r1_0_31_0_5/RAMC/CLK
Low Pulse Width   Fast    RAMD32/CLK          n/a            0.910         15.000      14.090     SLICE_X6Y24    GEN_BRAM.u_core/reg_file/registers_reg_r1_0_31_0_5/RAMC/CLK
Low Pulse Width   Slow    RAMD32/CLK          n/a            0.910         15.000      14.090     SLICE_X6Y24    GEN_BRAM.u_core/reg_file/registers_reg_r1_0_31_0_5/RAMC_D1/CLK
Low Pulse Width   Fast    RAMD32/CLK          n/a            0.910         15.000      14.090     SLICE_X6Y24    GEN_BRAM.u_core/reg_file/registers_reg_r1_0_31_0_5/RAMC_D1/CLK
Low Pulse Width   Slow    RAMS32/CLK          n/a            0.910         15.000      14.090     SLICE_X6Y24    GEN_BRAM.u_core/reg_file/registers_reg_r1_0_31_0_5/RAMD/CLK
Low Pulse Width   Fast    RAMS32/CLK          n/a            0.910         15.000      14.090     SLICE_X6Y24    GEN_BRAM.u_core/reg_file/registers_reg_r1_0_31_0_5/RAMD/CLK
Low Pulse Width   Slow    RAMS32/CLK          n/a            0.910         15.000      14.090     SLICE_X6Y24    GEN_BRAM.u_core/reg_file/registers_reg_r1_0_31_0_5/RAMD_D1/CLK
Low Pulse Width   Fast    RAMS32/CLK          n/a            0.910         15.000      14.090     SLICE_X6Y24    GEN_BRAM.u_core/reg_file/registers_reg_r1_0_31_0_5/RAMD_D1/CLK
Low Pulse Width   Slow    RAMD32/CLK          n/a            0.910         15.000      14.090     SLICE_X10Y25   GEN_BRAM.u_core/reg_file/registers_reg_r1_0_31_12_17/RAMA/CLK
Low Pulse Width   Fast    RAMD32/CLK          n/a            0.910         15.000      14.090     SLICE_X10Y25   GEN_BRAM.u_core/reg_file/registers_reg_r1_0_31_12_17/RAMA/CLK
Low Pulse Width   Slow    RAMD32/CLK          n/a            0.910         15.000      14.090     SLICE_X10Y25   GEN_BRAM.u_core/reg_file/registers_reg_r1_0_31_12_17/RAMA_D1/CLK
Low Pulse Width   Fast    RAMD32/CLK          n/a            0.910         15.000      14.090     SLICE_X10Y25   GEN_BRAM.u_core/reg_file/registers_reg_r1_0_31_12_17/RAMA_D1/CLK
High Pulse Width  Slow    RAMD32/CLK          n/a            0.910         15.000      14.090     SLICE_X6Y24    GEN_BRAM.u_core/reg_file/registers_reg_r1_0_31_0_5/RAMA/CLK
High Pulse Width  Fast    RAMD32/CLK          n/a            0.910         15.000      14.090     SLICE_X6Y24    GEN_BRAM.u_core/reg_file/registers_reg_r1_0_31_0_5/RAMA/CLK
High Pulse Width  Slow    RAMD32/CLK          n/a            0.910         15.000      14.090     SLICE_X6Y24    GEN_BRAM.u_core/reg_file/registers_reg_r1_0_31_0_5/RAMA_D1/CLK
High Pulse Width  Fast    RAMD32/CLK          n/a            0.910         15.000      14.090     SLICE_X6Y24    GEN_BRAM.u_core/reg_file/registers_reg_r1_0_31_0_5/RAMA_D1/CLK
High Pulse Width  Slow    RAMD32/CLK          n/a            0.910         15.000      14.090     SLICE_X6Y24    GEN_BRAM.u_core/reg_file/registers_reg_r1_0_31_0_5/RAMB/CLK
High Pulse Width  Fast    RAMD32/CLK          n/a            0.910         15.000      14.090     SLICE_X6Y24    GEN_BRAM.u_core/reg_file/registers_reg_r1_0_31_0_5/RAMB/CLK
High Pulse Width  Slow    RAMD32/CLK          n/a            0.910         15.000      14.090     SLICE_X6Y24    GEN_BRAM.u_core/reg_file/registers_reg_r1_0_31_0_5/RAMB_D1/CLK
High Pulse Width  Fast    RAMD32/CLK          n/a            0.910         15.000      14.090     SLICE_X6Y24    GEN_BRAM.u_core/reg_file/registers_reg_r1_0_31_0_5/RAMB_D1/CLK
High Pulse Width  Slow    RAMD32/CLK          n/a            0.910         15.000      14.090     SLICE_X6Y24    GEN_BRAM.u_core/reg_file/registers_reg_r1_0_31_0_5/RAMC/CLK
High Pulse Width  Fast    RAMD32/CLK          n/a            0.910         15.000      14.090     SLICE_X6Y24    GEN_BRAM.u_core/reg_file/registers_reg_r1_0_31_0_5/RAMC/CLK
High Pulse Width  Slow    RAMD32/CLK          n/a            0.910         15.000      14.090     SLICE_X6Y24    GEN_BRAM.u_core/reg_file/registers_reg_r1_0_31_0_5/RAMC_D1/CLK
High Pulse Width  Fast    RAMD32/CLK          n/a            0.910         15.000      14.090     SLICE_X6Y24    GEN_BRAM.u_core/reg_file/registers_reg_r1_0_31_0_5/RAMC_D1/CLK
High Pulse Width  Slow    RAMS32/CLK          n/a            0.910         15.000      14.090     SLICE_X6Y24    GEN_BRAM.u_core/reg_file/registers_reg_r1_0_31_0_5/RAMD/CLK
High Pulse Width  Fast    RAMS32/CLK          n/a            0.910         15.000      14.090     SLICE_X6Y24    GEN_BRAM.u_core/reg_file/registers_reg_r1_0_31_0_5/RAMD/CLK
High Pulse Width  Slow    RAMS32/CLK          n/a            0.910         15.000      14.090     SLICE_X6Y24    GEN_BRAM.u_core/reg_file/registers_reg_r1_0_31_0_5/RAMD_D1/CLK
High Pulse Width  Fast    RAMS32/CLK          n/a            0.910         15.000      14.090     SLICE_X6Y24    GEN_BRAM.u_core/reg_file/registers_reg_r1_0_31_0_5/RAMD_D1/CLK
High Pulse Width  Slow    RAMD32/CLK          n/a            0.910         15.000      14.090     SLICE_X10Y25   GEN_BRAM.u_core/reg_file/registers_reg_r1_0_31_12_17/RAMA/CLK
High Pulse Width  Fast    RAMD32/CLK          n/a            0.910         15.000      14.090     SLICE_X10Y25   GEN_BRAM.u_core/reg_file/registers_reg_r1_0_31_12_17/RAMA/CLK
High Pulse Width  Slow    RAMD32/CLK          n/a            0.910         15.000      14.090     SLICE_X10Y25   GEN_BRAM.u_core/reg_file/registers_reg_r1_0_31_12_17/RAMA_D1/CLK
High Pulse Width  Fast    RAMD32/CLK          n/a            0.910         15.000      14.090     SLICE_X10Y25   GEN_BRAM.u_core/reg_file/registers_reg_r1_0_31_12_17/RAMA_D1/CLK



