Copyright 1986-2022 Xilinx, Inc. All Rights Reserved. Copyright 2022-2025 Advanced Micro Devices, Inc. All Rights Reserved.
---------------------------------------------------------------------------------------------------------------------------------------------
| Tool Version : Vivado v.2025.2 (win64) Build 6299465 Fri Nov 14 19:35:11 GMT 2025
| Date         : Wed Sep 30 12:02:04 2026
| Host         : LAPTOP_Truong running 64-bit major release  (build 9200)
| Command      : report_timing_summary -delay_type max -max_paths 20 -file ./build/reproduced_9config_mem1/CSLA_VEDIC_timing.rpt
| Design       : cpu_top
| Device       : 7z030-ffg676
| Speed File   : -1  PRODUCTION 1.12 2019-11-22
| Design State : Routed
---------------------------------------------------------------------------------------------------------------------------------------------

Timing Summary Report

------------------------------------------------------------------------------------------------
| Timer Settings
| --------------
------------------------------------------------------------------------------------------------

  Enable Multi Corner Analysis               :  Yes
  Enable Pessimism Removal                   :  Yes
  Pessimism Removal Resolution               :  Nearest Common Node
  Enable Input Delay Default Clock           :  No
  Enable Preset / Clear Arcs                 :  No
  Disable Flight Delays                      :  No
  Ignore I/O Paths                           :  No
  Timing Early Launch at Borrowing Latches   :  No
  Borrow Time for Max Delay Exceptions       :  Yes
  Merge Timing Exceptions                    :  Yes
  Inter-SLR Compensation                     :  Conservative

  Corner  Analyze    Analyze    
  Name    Max Paths  Min Paths  
  ------  ---------  ---------  
  Slow    Yes        Yes        
  Fast    Yes        Yes        


------------------------------------------------------------------------------------------------
| Report Methodology
| ------------------
------------------------------------------------------------------------------------------------

Rule       Severity  Description                                 Violations  
---------  --------  ------------------------------------------  ----------  
SYNTH-6    Warning   Timing of a RAM block might be sub-optimal  4           
TIMING-18  Warning   Missing input or output delay               101         

Note: This report is based on the most recent report_methodology run and may not be up-to-date. Run report_methodology on the current design for the latest report.



check_timing report

Table of Contents
-----------------
1. checking no_clock (0)
2. checking constant_clock (0)
3. checking pulse_width_clock (0)
4. checking unconstrained_internal_endpoints (0)
5. checking no_input_delay (1)
6. checking no_output_delay (101)
7. checking multiple_clock (0)
8. checking generated_clocks (0)
9. checking loops (0)
10. checking partial_input_delay (0)
11. checking partial_output_delay (0)
12. checking latch_loops (0)

1. checking no_clock (0)
------------------------
 There are 0 register/latch pins with no clock.


2. checking constant_clock (0)
------------------------------
 There are 0 register/latch pins with constant_clock.


3. checking pulse_width_clock (0)
---------------------------------
 There are 0 register/latch pins which need pulse_width check


4. checking unconstrained_internal_endpoints (0)
------------------------------------------------
 There are 0 pins that are not constrained for maximum delay.

 There are 0 pins that are not constrained for maximum delay due to constant clock.


5. checking no_input_delay (1)
------------------------------
 There are 0 input ports with no input delay specified.

 There is 1 input port with no input delay but user has a false path constraint. (MEDIUM)


6. checking no_output_delay (101)
---------------------------------
 There are 101 ports with no output delay specified. (HIGH)

 There are 0 ports with no output delay but user has a false path constraint

 There are 0 ports with no output delay but with a timing clock defined on it or propagating through it


7. checking multiple_clock (0)
------------------------------
 There are 0 register/latch pins with multiple clocks.


8. checking generated_clocks (0)
--------------------------------
 There are 0 generated clocks that are not connected to a clock source.


9. checking loops (0)
---------------------
 There are 0 combinational loops in the design.


10. checking partial_input_delay (0)
------------------------------------
 There are 0 input ports with partial input delay specified.


11. checking partial_output_delay (0)
-------------------------------------
 There are 0 ports with partial output delay specified.


12. checking latch_loops (0)
----------------------------
 There are 0 combinational latch loops in the design through latch input



------------------------------------------------------------------------------------------------
| Design Timing Summary
| ---------------------
------------------------------------------------------------------------------------------------

    WNS(ns)      TNS(ns)  TNS Failing Endpoints  TNS Total Endpoints     WPWS(ns)     TPWS(ns)  TPWS Failing Endpoints  TPWS Total Endpoints  
    -------      -------  ---------------------  -------------------     --------     --------  ----------------------  --------------------  
      9.653        0.000                      0                 1212       14.090        0.000                       0                   351  


All user specified timing constraints are met.


------------------------------------------------------------------------------------------------
| Clock Summary
| -------------
------------------------------------------------------------------------------------------------

Clock    Waveform(ns)       Period(ns)      Frequency(MHz)
-----    ------------       ----------      --------------
sys_clk  {0.000 15.000}     30.000          33.333          


------------------------------------------------------------------------------------------------
| Intra Clock Table
| -----------------
------------------------------------------------------------------------------------------------

Clock             WNS(ns)      TNS(ns)  TNS Failing Endpoints  TNS Total Endpoints     WPWS(ns)     TPWS(ns)  TPWS Failing Endpoints  TPWS Total Endpoints  
-----             -------      -------  ---------------------  -------------------     --------     --------  ----------------------  --------------------  
sys_clk             9.653        0.000                      0                 1212       14.090        0.000                       0                   351  


------------------------------------------------------------------------------------------------
| Inter Clock Table
| -----------------
------------------------------------------------------------------------------------------------

From Clock    To Clock          WNS(ns)      TNS(ns)  TNS Failing Endpoints  TNS Total Endpoints  
----------    --------          -------      -------  ---------------------  -------------------  


------------------------------------------------------------------------------------------------
| Other Path Groups Table
| -----------------------
------------------------------------------------------------------------------------------------

Path Group    From Clock    To Clock          WNS(ns)      TNS(ns)  TNS Failing Endpoints  TNS Total Endpoints  
----------    ----------    --------          -------      -------  ---------------------  -------------------  


------------------------------------------------------------------------------------------------
| Timing Details
| --------------
------------------------------------------------------------------------------------------------


---------------------------------------------------------------------------------------------------
From Clock:  sys_clk
  To Clock:  sys_clk

Setup :            0  Failing Endpoints,  Worst Slack        9.653ns,  Total Violation        0.000ns
Hold  :           NA  Failing Endpoints,  Worst Slack           NA  ,  Total Violation           NA
PW    :            0  Failing Endpoints,  Worst Slack       14.090ns,  Total Violation        0.000ns
---------------------------------------------------------------------------------------------------


Max Delay Paths
--------------------------------------------------------------------------------------
Slack (MET) :             9.653ns  (required time - arrival time)
  Source:                 GEN_BRAM.u_core/ir_reg[17]/C
                            (rising edge-triggered cell FDCE clocked by sys_clk  {rise@0.000ns fall@15.000ns period=30.000ns})
  Destination:            GEN_BRAM.u_core/reg_file/registers_reg_r2_0_31_0_5/RAMB_D1/I
                            (rising edge-triggered cell RAMD32 clocked by sys_clk  {rise@0.000ns fall@15.000ns period=30.000ns})
  Path Group:             sys_clk
  Path Type:              Setup (Max at Slow Process Corner)
  Requirement:            30.000ns  (sys_clk rise@30.000ns - sys_clk rise@0.000ns)
  Data Path Delay:        20.188ns  (logic 5.603ns (27.754%)  route 14.585ns (72.246%))
  Logic Levels:           33  (CARRY4=12 LUT1=1 LUT2=1 LUT3=4 LUT4=5 LUT5=2 LUT6=6 MUXF7=1 RAMD32=1)
  Clock Path Skew:        0.036ns (DCD - SCD + CPR)
    Destination Clock Delay (DCD):    4.195ns = ( 34.195 - 30.000 ) 
    Source Clock Delay      (SCD):    4.416ns
    Clock Pessimism Removal (CPR):    0.256ns
  Clock Uncertainty:      0.035ns  ((TSJ^2 + TIJ^2)^1/2 + DJ) / 2 + PE
    Total System Jitter     (TSJ):    0.071ns
    Total Input Jitter      (TIJ):    0.000ns
    Discrete Jitter          (DJ):    0.000ns
    Phase Error              (PE):    0.000ns

    Location             Delay type                Incr(ns)  Path(ns)    Netlist Resource(s)
  -------------------------------------------------------------------    -------------------
                         (clock sys_clk rise edge)    0.000     0.000 r  
    AD23                                              0.000     0.000 r  clk (IN)
                         net (fo=0)                   0.000     0.000    clk
    AD23                 IBUF (Prop_ibuf_I_O)         0.873     0.873 r  clk_IBUF_inst/O
                         net (fo=1, routed)           1.830     2.703    clk_IBUF
    BUFGCTRL_X0Y0        BUFG (Prop_bufg_I_O)         0.120     2.823 r  clk_IBUF_BUFG_inst/O
                         net (fo=350, routed)         1.593     4.416    GEN_BRAM.u_core/clk_IBUF_BUFG
    SLICE_X32Y2          FDCE                                         r  GEN_BRAM.u_core/ir_reg[17]/C
  -------------------------------------------------------------------    -------------------
    SLICE_X32Y2          FDCE (Prop_fdce_C_Q)         0.308     4.724 r  GEN_BRAM.u_core/ir_reg[17]/Q
                         net (fo=97, routed)          1.465     6.189    GEN_BRAM.u_core/reg_file/registers_reg_r1_0_31_0_5/ADDRA2
    SLICE_X10Y1          RAMD32 (Prop_ramd32_RADR2_O)
                                                      0.065     6.254 f  GEN_BRAM.u_core/reg_file/registers_reg_r1_0_31_0_5/RAMA/O
                         net (fo=10, routed)          0.756     7.009    GEN_BRAM.u_core/alu_mux_a/dataR10[0]
    SLICE_X20Y2          LUT4 (Prop_lut4_I1_O)        0.168     7.177 r  GEN_BRAM.u_core/alu_mux_a/u_adder_i_32/O
                         net (fo=90, routed)          0.906     8.083    GEN_BRAM.u_core/alu/u_mul/u_mul/GEN_VEDIC.u_mul/u2/result[1]_INST_0_i_11_n_0
    SLICE_X8Y10          CARRY4 (Prop_carry4_CYINIT_CO[3])
                                                      0.359     8.442 r  GEN_BRAM.u_core/alu/u_mul/u_mul/GEN_VEDIC.u_mul/u2/result[1]_INST_0_i_5/CO[3]
                         net (fo=1, routed)           0.000     8.442    GEN_BRAM.u_core/alu/u_mul/u_mul/GEN_VEDIC.u_mul/u2/result[1]_INST_0_i_5_n_0
    SLICE_X8Y11          CARRY4 (Prop_carry4_CI_CO[3])
                                                      0.060     8.502 r  GEN_BRAM.u_core/alu/u_mul/u_mul/GEN_VEDIC.u_mul/u2/product__0_carry_i_42__1/CO[3]
                         net (fo=1, routed)           0.000     8.502    GEN_BRAM.u_core/alu/u_mul/u_mul/GEN_VEDIC.u_mul/u2/product__0_carry_i_42__1_n_0
    SLICE_X8Y12          CARRY4 (Prop_carry4_CI_CO[3])
                                                      0.060     8.562 r  GEN_BRAM.u_core/alu/u_mul/u_mul/GEN_VEDIC.u_mul/u2/product__0_carry_i_73__0/CO[3]
                         net (fo=1, routed)           0.000     8.562    GEN_BRAM.u_core/alu/u_mul/u_mul/GEN_VEDIC.u_mul/u2/product__0_carry_i_73__0_n_0
    SLICE_X8Y13          CARRY4 (Prop_carry4_CI_O[1])
                                                      0.212     8.774 r  GEN_BRAM.u_core/alu/u_mul/u_mul/GEN_VEDIC.u_mul/u2/product__0_carry_i_41__1/O[1]
                         net (fo=1, routed)           0.273     9.047    GEN_BRAM.u_core/alu/u_mul/u_mul/GEN_VEDIC.u_mul/u2/mag_a0[14]
    SLICE_X9Y13          LUT6 (Prop_lut6_I0_O)        0.155     9.202 r  GEN_BRAM.u_core/alu/u_mul/u_mul/GEN_VEDIC.u_mul/u2/product__0_carry__4_i_15__1/O
                         net (fo=80, routed)          1.766    10.968    GEN_BRAM.u_core/alu/u_mul/u_mul/GEN_VEDIC.u_mul/u0/mag_a[13]
    SLICE_X33Y7          LUT4 (Prop_lut4_I1_O)        0.065    11.033 r  GEN_BRAM.u_core/alu/u_mul/u_mul/GEN_VEDIC.u_mul/u0/product__0_carry__0_i_93/O
                         net (fo=2, routed)           0.696    11.730    GEN_BRAM.u_core/alu/u_mul/u_mul/GEN_VEDIC.u_mul/u0/u1/u1/p1[1]
    SLICE_X32Y7          LUT3 (Prop_lut3_I0_O)        0.185    11.915 r  GEN_BRAM.u_core/alu/u_mul/u_mul/GEN_VEDIC.u_mul/u0/product__0_carry__0_i_50/O
                         net (fo=2, routed)           0.289    12.203    GEN_BRAM.u_core/alu/u_mul/u_mul/GEN_VEDIC.u_mul/u0/product__0_carry__0_i_50_n_0
    SLICE_X32Y7          LUT5 (Prop_lut5_I4_O)        0.172    12.375 r  GEN_BRAM.u_core/alu/u_mul/u_mul/GEN_VEDIC.u_mul/u0/product__0_carry__0_i_53/O
                         net (fo=1, routed)           0.000    12.375    GEN_BRAM.u_core/alu/u_mul/u_mul/GEN_VEDIC.u_mul/u0/product__0_carry__0_i_53_n_0
    SLICE_X32Y7          CARRY4 (Prop_carry4_S[2]_CO[3])
                                                      0.219    12.594 r  GEN_BRAM.u_core/alu/u_mul/u_mul/GEN_VEDIC.u_mul/u0/product__0_carry__0_i_29/CO[3]
                         net (fo=1, routed)           0.000    12.594    GEN_BRAM.u_core/alu/u_mul/u_mul/GEN_VEDIC.u_mul/u0/product__0_carry__0_i_29_n_0
    SLICE_X32Y8          CARRY4 (Prop_carry4_CI_O[0])
                                                      0.135    12.729 r  GEN_BRAM.u_core/alu/u_mul/u_mul/GEN_VEDIC.u_mul/u0/product__0_carry__1_i_36/O[0]
                         net (fo=2, routed)           0.618    13.347    GEN_BRAM.u_core/alu/u_mul/u_mul/GEN_VEDIC.u_mul/u0/u1/p1[6]
    SLICE_X30Y7          LUT3 (Prop_lut3_I0_O)        0.163    13.510 r  GEN_BRAM.u_core/alu/u_mul/u_mul/GEN_VEDIC.u_mul/u0/product__0_carry__1_i_13/O
                         net (fo=2, routed)           0.477    13.987    GEN_BRAM.u_core/alu/u_mul/u_mul/GEN_VEDIC.u_mul/u0/product__0_carry__1_i_13_n_0
    SLICE_X30Y7          LUT4 (Prop_lut4_I0_O)        0.164    14.151 r  GEN_BRAM.u_core/alu/u_mul/u_mul/GEN_VEDIC.u_mul/u0/product__0_carry__1_i_17/O
                         net (fo=1, routed)           0.000    14.151    GEN_BRAM.u_core/alu/u_mul/u_mul/GEN_VEDIC.u_mul/u0/product__0_carry__1_i_17_n_0
    SLICE_X30Y7          CARRY4 (Prop_carry4_S[3]_CO[3])
                                                      0.216    14.367 r  GEN_BRAM.u_core/alu/u_mul/u_mul/GEN_VEDIC.u_mul/u0/product__0_carry__1_i_9/CO[3]
                         net (fo=1, routed)           0.000    14.367    GEN_BRAM.u_core/alu/u_mul/u_mul/GEN_VEDIC.u_mul/u0/product__0_carry__1_i_9_n_0
    SLICE_X30Y8          CARRY4 (Prop_carry4_CI_O[0])
                                                      0.135    14.502 r  GEN_BRAM.u_core/alu/u_mul/u_mul/GEN_VEDIC.u_mul/u0/product__0_carry__2_i_9/O[0]
                         net (fo=2, routed)           0.764    15.266    GEN_BRAM.u_core/alu/u_mul/u_mul/GEN_VEDIC.u_mul/u0/p1[12]
    SLICE_X24Y8          LUT3 (Prop_lut3_I0_O)        0.164    15.430 r  GEN_BRAM.u_core/alu/u_mul/u_mul/GEN_VEDIC.u_mul/u0/product__0_carry__2_i_3__2/O
                         net (fo=2, routed)           0.355    15.786    GEN_BRAM.u_core/alu/u_mul/u_mul/GEN_VEDIC.u_mul/u0/product__0_carry__2_i_3__2_n_0
    SLICE_X24Y8          LUT4 (Prop_lut4_I3_O)        0.170    15.956 r  GEN_BRAM.u_core/alu/u_mul/u_mul/GEN_VEDIC.u_mul/u0/product__0_carry__2_i_7__2/O
                         net (fo=1, routed)           0.000    15.956    GEN_BRAM.u_core/alu/u_mul/u_mul/GEN_VEDIC.u_mul/u0/product__0_carry__2_i_7__2_n_0
    SLICE_X24Y8          CARRY4 (Prop_carry4_S[1]_O[3])
                                                      0.379    16.335 r  GEN_BRAM.u_core/alu/u_mul/u_mul/GEN_VEDIC.u_mul/u0/product__0_carry__2/O[3]
                         net (fo=2, routed)           0.753    17.088    GEN_BRAM.u_core/alu/u_mul/u_mul/GEN_VEDIC.u_mul/u0/p_1_in[23]
    SLICE_X21Y13         LUT3 (Prop_lut3_I2_O)        0.157    17.245 r  GEN_BRAM.u_core/alu/u_mul/u_mul/GEN_VEDIC.u_mul/u0/result[27]_INST_0_i_6/O
                         net (fo=2, routed)           0.443    17.688    GEN_BRAM.u_core/alu/u_mul/u_mul/GEN_VEDIC.u_mul/u0/DI[0]
    SLICE_X21Y14         LUT4 (Prop_lut4_I3_O)        0.168    17.856 r  GEN_BRAM.u_core/alu/u_mul/u_mul/GEN_VEDIC.u_mul/u0/result[27]_INST_0_i_10/O
                         net (fo=1, routed)           0.000    17.856    GEN_BRAM.u_core/alu/u_mul/u_mul/GEN_VEDIC.u_mul/u1/result[24]_INST_0_0[0]
    SLICE_X21Y14         CARRY4 (Prop_carry4_S[0]_CO[3])
                                                      0.313    18.169 r  GEN_BRAM.u_core/alu/u_mul/u_mul/GEN_VEDIC.u_mul/u1/result[27]_INST_0_i_1/CO[3]
                         net (fo=1, routed)           0.000    18.169    GEN_BRAM.u_core/alu/u_mul/u_mul/GEN_VEDIC.u_mul/u1/result[27]_INST_0_i_1_n_0
    SLICE_X21Y15         CARRY4 (Prop_carry4_CI_O[1])
                                                      0.213    18.382 f  GEN_BRAM.u_core/alu/u_mul/u_mul/GEN_VEDIC.u_mul/u1/result[31]_INST_0_i_1/O[1]
                         net (fo=2, routed)           0.361    18.743    GEN_BRAM.u_core/alu/u_mul/u_mul/GEN_VEDIC.u_mul/u1/result[31]_INST_0_i_13_0[6]
    SLICE_X19Y16         LUT1 (Prop_lut1_I0_O)        0.152    18.895 r  GEN_BRAM.u_core/alu/u_mul/u_mul/GEN_VEDIC.u_mul/u1/result[0]_INST_0_i_6/O
                         net (fo=1, routed)           0.000    18.895    GEN_BRAM.u_core/alu/u_mul/u_mul/GEN_VEDIC.u_mul/u1/p_0_in[29]
    SLICE_X19Y16         CARRY4 (Prop_carry4_S[0]_O[3])
                                                      0.357    19.252 f  GEN_BRAM.u_core/alu/u_mul/u_mul/GEN_VEDIC.u_mul/u1/result[0]_INST_0_i_1/O[3]
                         net (fo=1, routed)           0.399    19.651    GEN_BRAM.u_core/alu/u_mul/u_mul/GEN_VEDIC.u_mul/u1/signed_product0[32]
    SLICE_X15Y16         LUT6 (Prop_lut6_I5_O)        0.142    19.793 f  GEN_BRAM.u_core/alu/u_mul/u_mul/GEN_VEDIC.u_mul/u1/result[0]_INST_0/O
                         net (fo=1, routed)           0.604    20.397    GEN_BRAM.u_core/alu/mul_result[0]
    SLICE_X7Y16          LUT6 (Prop_lut6_I0_O)        0.053    20.450 f  GEN_BRAM.u_core/alu/debug_alu_out_OBUF[0]_inst_i_11/O
                         net (fo=1, routed)           0.000    20.450    GEN_BRAM.u_core/alu/debug_alu_out_OBUF[0]_inst_i_11_n_0
    SLICE_X7Y16          MUXF7 (Prop_muxf7_I1_O)      0.129    20.579 f  GEN_BRAM.u_core/alu/debug_alu_out_OBUF[0]_inst_i_4/O
                         net (fo=1, routed)           0.271    20.850    GEN_BRAM.u_core/alu/debug_alu_out_OBUF[0]_inst_i_4_n_0
    SLICE_X9Y16          LUT6 (Prop_lut6_I5_O)        0.153    21.003 f  GEN_BRAM.u_core/alu/debug_alu_out_OBUF[0]_inst_i_1/O
                         net (fo=11, routed)          0.921    21.923    GEN_BRAM.u_core/alu/D[0]
    SLICE_X8Y0           LUT2 (Prop_lut2_I1_O)        0.053    21.976 r  GEN_BRAM.u_core/alu/mem_reg_0_i_37/O
                         net (fo=26, routed)          0.931    22.908    GEN_BRAM.u_core/dmem/registers_reg_r1_0_31_6_11_i_10
    SLICE_X1Y9           LUT5 (Prop_lut5_I4_O)        0.053    22.961 r  GEN_BRAM.u_core/dmem/registers_reg_r1_0_31_0_5_i_34/O
                         net (fo=1, routed)           0.707    23.668    GEN_BRAM.u_core/wb_mux/registers_reg_r1_0_31_0_5_i_4_0
    SLICE_X1Y2           LUT6 (Prop_lut6_I5_O)        0.053    23.721 r  GEN_BRAM.u_core/wb_mux/registers_reg_r1_0_31_0_5_i_15/O
                         net (fo=1, routed)           0.194    23.915    GEN_BRAM.u_core/divider/wb_exec[3]
    SLICE_X1Y2           LUT6 (Prop_lut6_I5_O)        0.053    23.968 r  GEN_BRAM.u_core/divider/registers_reg_r1_0_31_0_5_i_4/O
                         net (fo=2, routed)           0.636    24.604    GEN_BRAM.u_core/reg_file/registers_reg_r2_0_31_0_5/DIB1
    SLICE_X10Y2          RAMD32                                       r  GEN_BRAM.u_core/reg_file/registers_reg_r2_0_31_0_5/RAMB_D1/I
  -------------------------------------------------------------------    -------------------

                         (clock sys_clk rise edge)   30.000    30.000 r  
    AD23                                              0.000    30.000 r  clk (IN)
                         net (fo=0)                   0.000    30.000    clk
    AD23                 IBUF (Prop_ibuf_I_O)         0.796    30.796 r  clk_IBUF_inst/O
                         net (fo=1, routed)           1.741    32.537    clk_IBUF
    BUFGCTRL_X0Y0        BUFG (Prop_bufg_I_O)         0.113    32.650 r  clk_IBUF_BUFG_inst/O
                         net (fo=350, routed)         1.545    34.195    GEN_BRAM.u_core/reg_file/registers_reg_r2_0_31_0_5/WCLK
    SLICE_X10Y2          RAMD32                                       r  GEN_BRAM.u_core/reg_file/registers_reg_r2_0_31_0_5/RAMB_D1/CLK
                         clock pessimism              0.256    34.452    
                         clock uncertainty           -0.035    34.416    
    SLICE_X10Y2          RAMD32 (Setup_ramd32_CLK_I)
                                                     -0.159    34.257    GEN_BRAM.u_core/reg_file/registers_reg_r2_0_31_0_5/RAMB_D1
  -------------------------------------------------------------------
                         required time                         34.257    
                         arrival time                         -24.604    
  -------------------------------------------------------------------
                         slack                                  9.653    

Slack (MET) :             9.742ns  (required time - arrival time)
  Source:                 GEN_BRAM.u_core/ir_reg[17]/C
                            (rising edge-triggered cell FDCE clocked by sys_clk  {rise@0.000ns fall@15.000ns period=30.000ns})
  Destination:            GEN_BRAM.u_core/reg_file/registers_reg_r2_0_31_6_11/RAMA/I
                            (rising edge-triggered cell RAMD32 clocked by sys_clk  {rise@0.000ns fall@15.000ns period=30.000ns})
  Path Group:             sys_clk
  Path Type:              Setup (Max at Slow Process Corner)
  Requirement:            30.000ns  (sys_clk rise@30.000ns - sys_clk rise@0.000ns)
  Data Path Delay:        20.145ns  (logic 5.728ns (28.435%)  route 14.417ns (71.566%))
  Logic Levels:           33  (CARRY4=12 LUT1=1 LUT2=1 LUT3=4 LUT4=5 LUT5=2 LUT6=6 MUXF7=1 RAMD32=1)
  Clock Path Skew:        0.035ns (DCD - SCD + CPR)
    Destination Clock Delay (DCD):    4.194ns = ( 34.194 - 30.000 ) 
    Source Clock Delay      (SCD):    4.416ns
    Clock Pessimism Removal (CPR):    0.256ns
  Clock Uncertainty:      0.035ns  ((TSJ^2 + TIJ^2)^1/2 + DJ) / 2 + PE
    Total System Jitter     (TSJ):    0.071ns
    Total Input Jitter      (TIJ):    0.000ns
    Discrete Jitter          (DJ):    0.000ns
    Phase Error              (PE):    0.000ns

    Location             Delay type                Incr(ns)  Path(ns)    Netlist Resource(s)
  -------------------------------------------------------------------    -------------------
                         (clock sys_clk rise edge)    0.000     0.000 r  
    AD23                                              0.000     0.000 r  clk (IN)
                         net (fo=0)                   0.000     0.000    clk
    AD23                 IBUF (Prop_ibuf_I_O)         0.873     0.873 r  clk_IBUF_inst/O
                         net (fo=1, routed)           1.830     2.703    clk_IBUF
    BUFGCTRL_X0Y0        BUFG (Prop_bufg_I_O)         0.120     2.823 r  clk_IBUF_BUFG_inst/O
                         net (fo=350, routed)         1.593     4.416    GEN_BRAM.u_core/clk_IBUF_BUFG
    SLICE_X32Y2          FDCE                                         r  GEN_BRAM.u_core/ir_reg[17]/C
  -------------------------------------------------------------------    -------------------
    SLICE_X32Y2          FDCE (Prop_fdce_C_Q)         0.308     4.724 r  GEN_BRAM.u_core/ir_reg[17]/Q
                         net (fo=97, routed)          1.465     6.189    GEN_BRAM.u_core/reg_file/registers_reg_r1_0_31_0_5/ADDRA2
    SLICE_X10Y1          RAMD32 (Prop_ramd32_RADR2_O)
                                                      0.065     6.254 f  GEN_BRAM.u_core/reg_file/registers_reg_r1_0_31_0_5/RAMA/O
                         net (fo=10, routed)          0.756     7.009    GEN_BRAM.u_core/alu_mux_a/dataR10[0]
    SLICE_X20Y2          LUT4 (Prop_lut4_I1_O)        0.168     7.177 r  GEN_BRAM.u_core/alu_mux_a/u_adder_i_32/O
                         net (fo=90, routed)          0.906     8.083    GEN_BRAM.u_core/alu/u_mul/u_mul/GEN_VEDIC.u_mul/u2/result[1]_INST_0_i_11_n_0
    SLICE_X8Y10          CARRY4 (Prop_carry4_CYINIT_CO[3])
                                                      0.359     8.442 r  GEN_BRAM.u_core/alu/u_mul/u_mul/GEN_VEDIC.u_mul/u2/result[1]_INST_0_i_5/CO[3]
                         net (fo=1, routed)           0.000     8.442    GEN_BRAM.u_core/alu/u_mul/u_mul/GEN_VEDIC.u_mul/u2/result[1]_INST_0_i_5_n_0
    SLICE_X8Y11          CARRY4 (Prop_carry4_CI_CO[3])
                                                      0.060     8.502 r  GEN_BRAM.u_core/alu/u_mul/u_mul/GEN_VEDIC.u_mul/u2/product__0_carry_i_42__1/CO[3]
                         net (fo=1, routed)           0.000     8.502    GEN_BRAM.u_core/alu/u_mul/u_mul/GEN_VEDIC.u_mul/u2/product__0_carry_i_42__1_n_0
    SLICE_X8Y12          CARRY4 (Prop_carry4_CI_CO[3])
                                                      0.060     8.562 r  GEN_BRAM.u_core/alu/u_mul/u_mul/GEN_VEDIC.u_mul/u2/product__0_carry_i_73__0/CO[3]
                         net (fo=1, routed)           0.000     8.562    GEN_BRAM.u_core/alu/u_mul/u_mul/GEN_VEDIC.u_mul/u2/product__0_carry_i_73__0_n_0
    SLICE_X8Y13          CARRY4 (Prop_carry4_CI_O[1])
                                                      0.212     8.774 r  GEN_BRAM.u_core/alu/u_mul/u_mul/GEN_VEDIC.u_mul/u2/product__0_carry_i_41__1/O[1]
                         net (fo=1, routed)           0.273     9.047    GEN_BRAM.u_core/alu/u_mul/u_mul/GEN_VEDIC.u_mul/u2/mag_a0[14]
    SLICE_X9Y13          LUT6 (Prop_lut6_I0_O)        0.155     9.202 r  GEN_BRAM.u_core/alu/u_mul/u_mul/GEN_VEDIC.u_mul/u2/product__0_carry__4_i_15__1/O
                         net (fo=80, routed)          1.766    10.968    GEN_BRAM.u_core/alu/u_mul/u_mul/GEN_VEDIC.u_mul/u0/mag_a[13]
    SLICE_X33Y7          LUT4 (Prop_lut4_I1_O)        0.065    11.033 r  GEN_BRAM.u_core/alu/u_mul/u_mul/GEN_VEDIC.u_mul/u0/product__0_carry__0_i_93/O
                         net (fo=2, routed)           0.696    11.730    GEN_BRAM.u_core/alu/u_mul/u_mul/GEN_VEDIC.u_mul/u0/u1/u1/p1[1]
    SLICE_X32Y7          LUT3 (Prop_lut3_I0_O)        0.185    11.915 r  GEN_BRAM.u_core/alu/u_mul/u_mul/GEN_VEDIC.u_mul/u0/product__0_carry__0_i_50/O
                         net (fo=2, routed)           0.289    12.203    GEN_BRAM.u_core/alu/u_mul/u_mul/GEN_VEDIC.u_mul/u0/product__0_carry__0_i_50_n_0
    SLICE_X32Y7          LUT5 (Prop_lut5_I4_O)        0.172    12.375 r  GEN_BRAM.u_core/alu/u_mul/u_mul/GEN_VEDIC.u_mul/u0/product__0_carry__0_i_53/O
                         net (fo=1, routed)           0.000    12.375    GEN_BRAM.u_core/alu/u_mul/u_mul/GEN_VEDIC.u_mul/u0/product__0_carry__0_i_53_n_0
    SLICE_X32Y7          CARRY4 (Prop_carry4_S[2]_CO[3])
                                                      0.219    12.594 r  GEN_BRAM.u_core/alu/u_mul/u_mul/GEN_VEDIC.u_mul/u0/product__0_carry__0_i_29/CO[3]
                         net (fo=1, routed)           0.000    12.594    GEN_BRAM.u_core/alu/u_mul/u_mul/GEN_VEDIC.u_mul/u0/product__0_carry__0_i_29_n_0
    SLICE_X32Y8          CARRY4 (Prop_carry4_CI_O[0])
                                                      0.135    12.729 r  GEN_BRAM.u_core/alu/u_mul/u_mul/GEN_VEDIC.u_mul/u0/product__0_carry__1_i_36/O[0]
                         net (fo=2, routed)           0.618    13.347    GEN_BRAM.u_core/alu/u_mul/u_mul/GEN_VEDIC.u_mul/u0/u1/p1[6]
    SLICE_X30Y7          LUT3 (Prop_lut3_I0_O)        0.163    13.510 r  GEN_BRAM.u_core/alu/u_mul/u_mul/GEN_VEDIC.u_mul/u0/product__0_carry__1_i_13/O
                         net (fo=2, routed)           0.477    13.987    GEN_BRAM.u_core/alu/u_mul/u_mul/GEN_VEDIC.u_mul/u0/product__0_carry__1_i_13_n_0
    SLICE_X30Y7          LUT4 (Prop_lut4_I0_O)        0.164    14.151 r  GEN_BRAM.u_core/alu/u_mul/u_mul/GEN_VEDIC.u_mul/u0/product__0_carry__1_i_17/O
                         net (fo=1, routed)           0.000    14.151    GEN_BRAM.u_core/alu/u_mul/u_mul/GEN_VEDIC.u_mul/u0/product__0_carry__1_i_17_n_0
    SLICE_X30Y7          CARRY4 (Prop_carry4_S[3]_CO[3])
                                                      0.216    14.367 r  GEN_BRAM.u_core/alu/u_mul/u_mul/GEN_VEDIC.u_mul/u0/product__0_carry__1_i_9/CO[3]
                         net (fo=1, routed)           0.000    14.367    GEN_BRAM.u_core/alu/u_mul/u_mul/GEN_VEDIC.u_mul/u0/product__0_carry__1_i_9_n_0
    SLICE_X30Y8          CARRY4 (Prop_carry4_CI_O[0])
                                                      0.135    14.502 r  GEN_BRAM.u_core/alu/u_mul/u_mul/GEN_VEDIC.u_mul/u0/product__0_carry__2_i_9/O[0]
                         net (fo=2, routed)           0.764    15.266    GEN_BRAM.u_core/alu/u_mul/u_mul/GEN_VEDIC.u_mul/u0/p1[12]
    SLICE_X24Y8          LUT3 (Prop_lut3_I0_O)        0.164    15.430 r  GEN_BRAM.u_core/alu/u_mul/u_mul/GEN_VEDIC.u_mul/u0/product__0_carry__2_i_3__2/O
                         net (fo=2, routed)           0.355    15.786    GEN_BRAM.u_core/alu/u_mul/u_mul/GEN_VEDIC.u_mul/u0/product__0_carry__2_i_3__2_n_0
    SLICE_X24Y8          LUT4 (Prop_lut4_I3_O)        0.170    15.956 r  GEN_BRAM.u_core/alu/u_mul/u_mul/GEN_VEDIC.u_mul/u0/product__0_carry__2_i_7__2/O
                         net (fo=1, routed)           0.000    15.956    GEN_BRAM.u_core/alu/u_mul/u_mul/GEN_VEDIC.u_mul/u0/product__0_carry__2_i_7__2_n_0
    SLICE_X24Y8          CARRY4 (Prop_carry4_S[1]_O[3])
                                                      0.379    16.335 r  GEN_BRAM.u_core/alu/u_mul/u_mul/GEN_VEDIC.u_mul/u0/product__0_carry__2/O[3]
                         net (fo=2, routed)           0.753    17.088    GEN_BRAM.u_core/alu/u_mul/u_mul/GEN_VEDIC.u_mul/u0/p_1_in[23]
    SLICE_X21Y13         LUT3 (Prop_lut3_I2_O)        0.157    17.245 r  GEN_BRAM.u_core/alu/u_mul/u_mul/GEN_VEDIC.u_mul/u0/result[27]_INST_0_i_6/O
                         net (fo=2, routed)           0.443    17.688    GEN_BRAM.u_core/alu/u_mul/u_mul/GEN_VEDIC.u_mul/u0/DI[0]
    SLICE_X21Y14         LUT4 (Prop_lut4_I3_O)        0.168    17.856 r  GEN_BRAM.u_core/alu/u_mul/u_mul/GEN_VEDIC.u_mul/u0/result[27]_INST_0_i_10/O
                         net (fo=1, routed)           0.000    17.856    GEN_BRAM.u_core/alu/u_mul/u_mul/GEN_VEDIC.u_mul/u1/result[24]_INST_0_0[0]
    SLICE_X21Y14         CARRY4 (Prop_carry4_S[0]_CO[3])
                                                      0.313    18.169 r  GEN_BRAM.u_core/alu/u_mul/u_mul/GEN_VEDIC.u_mul/u1/result[27]_INST_0_i_1/CO[3]
                         net (fo=1, routed)           0.000    18.169    GEN_BRAM.u_core/alu/u_mul/u_mul/GEN_VEDIC.u_mul/u1/result[27]_INST_0_i_1_n_0
    SLICE_X21Y15         CARRY4 (Prop_carry4_CI_O[1])
                                                      0.213    18.382 f  GEN_BRAM.u_core/alu/u_mul/u_mul/GEN_VEDIC.u_mul/u1/result[31]_INST_0_i_1/O[1]
                         net (fo=2, routed)           0.361    18.743    GEN_BRAM.u_core/alu/u_mul/u_mul/GEN_VEDIC.u_mul/u1/result[31]_INST_0_i_13_0[6]
    SLICE_X19Y16         LUT1 (Prop_lut1_I0_O)        0.152    18.895 r  GEN_BRAM.u_core/alu/u_mul/u_mul/GEN_VEDIC.u_mul/u1/result[0]_INST_0_i_6/O
                         net (fo=1, routed)           0.000    18.895    GEN_BRAM.u_core/alu/u_mul/u_mul/GEN_VEDIC.u_mul/u1/p_0_in[29]
    SLICE_X19Y16         CARRY4 (Prop_carry4_S[0]_O[3])
                                                      0.357    19.252 f  GEN_BRAM.u_core/alu/u_mul/u_mul/GEN_VEDIC.u_mul/u1/result[0]_INST_0_i_1/O[3]
                         net (fo=1, routed)           0.399    19.651    GEN_BRAM.u_core/alu/u_mul/u_mul/GEN_VEDIC.u_mul/u1/signed_product0[32]
    SLICE_X15Y16         LUT6 (Prop_lut6_I5_O)        0.142    19.793 f  GEN_BRAM.u_core/alu/u_mul/u_mul/GEN_VEDIC.u_mul/u1/result[0]_INST_0/O
                         net (fo=1, routed)           0.604    20.397    GEN_BRAM.u_core/alu/mul_result[0]
    SLICE_X7Y16          LUT6 (Prop_lut6_I0_O)        0.053    20.450 f  GEN_BRAM.u_core/alu/debug_alu_out_OBUF[0]_inst_i_11/O
                         net (fo=1, routed)           0.000    20.450    GEN_BRAM.u_core/alu/debug_alu_out_OBUF[0]_inst_i_11_n_0
    SLICE_X7Y16          MUXF7 (Prop_muxf7_I1_O)      0.129    20.579 f  GEN_BRAM.u_core/alu/debug_alu_out_OBUF[0]_inst_i_4/O
                         net (fo=1, routed)           0.271    20.850    GEN_BRAM.u_core/alu/debug_alu_out_OBUF[0]_inst_i_4_n_0
    SLICE_X9Y16          LUT6 (Prop_lut6_I5_O)        0.153    21.003 f  GEN_BRAM.u_core/alu/debug_alu_out_OBUF[0]_inst_i_1/O
                         net (fo=11, routed)          0.921    21.923    GEN_BRAM.u_core/alu/D[0]
    SLICE_X8Y0           LUT2 (Prop_lut2_I1_O)        0.053    21.976 r  GEN_BRAM.u_core/alu/mem_reg_0_i_37/O
                         net (fo=26, routed)          1.052    23.028    GEN_BRAM.u_core/dmem/registers_reg_r1_0_31_6_11_i_10
    SLICE_X1Y8           LUT5 (Prop_lut5_I4_O)        0.066    23.094 r  GEN_BRAM.u_core/dmem/registers_reg_r1_0_31_6_11_i_24/O
                         net (fo=1, routed)           0.417    23.511    GEN_BRAM.u_core/wb_mux/registers_reg_r1_0_31_6_11_i_2_0
    SLICE_X1Y4           LUT6 (Prop_lut6_I5_O)        0.165    23.676 r  GEN_BRAM.u_core/wb_mux/registers_reg_r1_0_31_6_11_i_10/O
                         net (fo=1, routed)           0.302    23.978    GEN_BRAM.u_core/divider/wb_exec[6]
    SLICE_X1Y4           LUT6 (Prop_lut6_I5_O)        0.053    24.031 r  GEN_BRAM.u_core/divider/registers_reg_r1_0_31_6_11_i_2/O
                         net (fo=2, routed)           0.529    24.560    GEN_BRAM.u_core/reg_file/registers_reg_r2_0_31_6_11/DIA0
    SLICE_X10Y4          RAMD32                                       r  GEN_BRAM.u_core/reg_file/registers_reg_r2_0_31_6_11/RAMA/I
  -------------------------------------------------------------------    -------------------

                         (clock sys_clk rise edge)   30.000    30.000 r  
    AD23                                              0.000    30.000 r  clk (IN)
                         net (fo=0)                   0.000    30.000    clk
    AD23                 IBUF (Prop_ibuf_I_O)         0.796    30.796 r  clk_IBUF_inst/O
                         net (fo=1, routed)           1.741    32.537    clk_IBUF
    BUFGCTRL_X0Y0        BUFG (Prop_bufg_I_O)         0.113    32.650 r  clk_IBUF_BUFG_inst/O
                         net (fo=350, routed)         1.544    34.194    GEN_BRAM.u_core/reg_file/registers_reg_r2_0_31_6_11/WCLK
    SLICE_X10Y4          RAMD32                                       r  GEN_BRAM.u_core/reg_file/registers_reg_r2_0_31_6_11/RAMA/CLK
                         clock pessimism              0.256    34.451    
                         clock uncertainty           -0.035    34.415    
    SLICE_X10Y4          RAMD32 (Setup_ramd32_CLK_I)
                                                     -0.113    34.302    GEN_BRAM.u_core/reg_file/registers_reg_r2_0_31_6_11/RAMA
  -------------------------------------------------------------------
                         required time                         34.302    
                         arrival time                         -24.560    
  -------------------------------------------------------------------
                         slack                                  9.742    

Slack (MET) :             9.749ns  (required time - arrival time)
  Source:                 GEN_BRAM.u_core/ir_reg[17]/C
                            (rising edge-triggered cell FDCE clocked by sys_clk  {rise@0.000ns fall@15.000ns period=30.000ns})
  Destination:            GEN_BRAM.u_core/reg_file/registers_reg_r1_0_31_0_5/RAMC_D1/I
                            (rising edge-triggered cell RAMD32 clocked by sys_clk  {rise@0.000ns fall@15.000ns period=30.000ns})
  Path Group:             sys_clk
  Path Type:              Setup (Max at Slow Process Corner)
  Requirement:            30.000ns  (sys_clk rise@30.000ns - sys_clk rise@0.000ns)
  Data Path Delay:        20.078ns  (logic 5.603ns (27.907%)  route 14.475ns (72.093%))
  Logic Levels:           33  (CARRY4=12 LUT1=1 LUT2=1 LUT3=4 LUT4=5 LUT5=2 LUT6=6 MUXF7=1 RAMD32=1)
  Clock Path Skew:        0.036ns (DCD - SCD + CPR)
    Destination Clock Delay (DCD):    4.195ns = ( 34.195 - 30.000 ) 
    Source Clock Delay      (SCD):    4.416ns
    Clock Pessimism Removal (CPR):    0.256ns
  Clock Uncertainty:      0.035ns  ((TSJ^2 + TIJ^2)^1/2 + DJ) / 2 + PE
    Total System Jitter     (TSJ):    0.071ns
    Total Input Jitter      (TIJ):    0.000ns
    Discrete Jitter          (DJ):    0.000ns
    Phase Error              (PE):    0.000ns

    Location             Delay type                Incr(ns)  Path(ns)    Netlist Resource(s)
  -------------------------------------------------------------------    -------------------
                         (clock sys_clk rise edge)    0.000     0.000 r  
    AD23                                              0.000     0.000 r  clk (IN)
                         net (fo=0)                   0.000     0.000    clk
    AD23                 IBUF (Prop_ibuf_I_O)         0.873     0.873 r  clk_IBUF_inst/O
                         net (fo=1, routed)           1.830     2.703    clk_IBUF
    BUFGCTRL_X0Y0        BUFG (Prop_bufg_I_O)         0.120     2.823 r  clk_IBUF_BUFG_inst/O
                         net (fo=350, routed)         1.593     4.416    GEN_BRAM.u_core/clk_IBUF_BUFG
    SLICE_X32Y2          FDCE                                         r  GEN_BRAM.u_core/ir_reg[17]/C
  -------------------------------------------------------------------    -------------------
    SLICE_X32Y2          FDCE (Prop_fdce_C_Q)         0.308     4.724 r  GEN_BRAM.u_core/ir_reg[17]/Q
                         net (fo=97, routed)          1.465     6.189    GEN_BRAM.u_core/reg_file/registers_reg_r1_0_31_0_5/ADDRA2
    SLICE_X10Y1          RAMD32 (Prop_ramd32_RADR2_O)
                                                      0.065     6.254 f  GEN_BRAM.u_core/reg_file/registers_reg_r1_0_31_0_5/RAMA/O
                         net (fo=10, routed)          0.756     7.009    GEN_BRAM.u_core/alu_mux_a/dataR10[0]
    SLICE_X20Y2          LUT4 (Prop_lut4_I1_O)        0.168     7.177 r  GEN_BRAM.u_core/alu_mux_a/u_adder_i_32/O
                         net (fo=90, routed)          0.906     8.083    GEN_BRAM.u_core/alu/u_mul/u_mul/GEN_VEDIC.u_mul/u2/result[1]_INST_0_i_11_n_0
    SLICE_X8Y10          CARRY4 (Prop_carry4_CYINIT_CO[3])
                                                      0.359     8.442 r  GEN_BRAM.u_core/alu/u_mul/u_mul/GEN_VEDIC.u_mul/u2/result[1]_INST_0_i_5/CO[3]
                         net (fo=1, routed)           0.000     8.442    GEN_BRAM.u_core/alu/u_mul/u_mul/GEN_VEDIC.u_mul/u2/result[1]_INST_0_i_5_n_0
    SLICE_X8Y11          CARRY4 (Prop_carry4_CI_CO[3])
                                                      0.060     8.502 r  GEN_BRAM.u_core/alu/u_mul/u_mul/GEN_VEDIC.u_mul/u2/product__0_carry_i_42__1/CO[3]
                         net (fo=1, routed)           0.000     8.502    GEN_BRAM.u_core/alu/u_mul/u_mul/GEN_VEDIC.u_mul/u2/product__0_carry_i_42__1_n_0
    SLICE_X8Y12          CARRY4 (Prop_carry4_CI_CO[3])
                                                      0.060     8.562 r  GEN_BRAM.u_core/alu/u_mul/u_mul/GEN_VEDIC.u_mul/u2/product__0_carry_i_73__0/CO[3]
                         net (fo=1, routed)           0.000     8.562    GEN_BRAM.u_core/alu/u_mul/u_mul/GEN_VEDIC.u_mul/u2/product__0_carry_i_73__0_n_0
    SLICE_X8Y13          CARRY4 (Prop_carry4_CI_O[1])
                                                      0.212     8.774 r  GEN_BRAM.u_core/alu/u_mul/u_mul/GEN_VEDIC.u_mul/u2/product__0_carry_i_41__1/O[1]
                         net (fo=1, routed)           0.273     9.047    GEN_BRAM.u_core/alu/u_mul/u_mul/GEN_VEDIC.u_mul/u2/mag_a0[14]
    SLICE_X9Y13          LUT6 (Prop_lut6_I0_O)        0.155     9.202 r  GEN_BRAM.u_core/alu/u_mul/u_mul/GEN_VEDIC.u_mul/u2/product__0_carry__4_i_15__1/O
                         net (fo=80, routed)          1.766    10.968    GEN_BRAM.u_core/alu/u_mul/u_mul/GEN_VEDIC.u_mul/u0/mag_a[13]
    SLICE_X33Y7          LUT4 (Prop_lut4_I1_O)        0.065    11.033 r  GEN_BRAM.u_core/alu/u_mul/u_mul/GEN_VEDIC.u_mul/u0/product__0_carry__0_i_93/O
                         net (fo=2, routed)           0.696    11.730    GEN_BRAM.u_core/alu/u_mul/u_mul/GEN_VEDIC.u_mul/u0/u1/u1/p1[1]
    SLICE_X32Y7          LUT3 (Prop_lut3_I0_O)        0.185    11.915 r  GEN_BRAM.u_core/alu/u_mul/u_mul/GEN_VEDIC.u_mul/u0/product__0_carry__0_i_50/O
                         net (fo=2, routed)           0.289    12.203    GEN_BRAM.u_core/alu/u_mul/u_mul/GEN_VEDIC.u_mul/u0/product__0_carry__0_i_50_n_0
    SLICE_X32Y7          LUT5 (Prop_lut5_I4_O)        0.172    12.375 r  GEN_BRAM.u_core/alu/u_mul/u_mul/GEN_VEDIC.u_mul/u0/product__0_carry__0_i_53/O
                         net (fo=1, routed)           0.000    12.375    GEN_BRAM.u_core/alu/u_mul/u_mul/GEN_VEDIC.u_mul/u0/product__0_carry__0_i_53_n_0
    SLICE_X32Y7          CARRY4 (Prop_carry4_S[2]_CO[3])
                                                      0.219    12.594 r  GEN_BRAM.u_core/alu/u_mul/u_mul/GEN_VEDIC.u_mul/u0/product__0_carry__0_i_29/CO[3]
                         net (fo=1, routed)           0.000    12.594    GEN_BRAM.u_core/alu/u_mul/u_mul/GEN_VEDIC.u_mul/u0/product__0_carry__0_i_29_n_0
    SLICE_X32Y8          CARRY4 (Prop_carry4_CI_O[0])
                                                      0.135    12.729 r  GEN_BRAM.u_core/alu/u_mul/u_mul/GEN_VEDIC.u_mul/u0/product__0_carry__1_i_36/O[0]
                         net (fo=2, routed)           0.618    13.347    GEN_BRAM.u_core/alu/u_mul/u_mul/GEN_VEDIC.u_mul/u0/u1/p1[6]
    SLICE_X30Y7          LUT3 (Prop_lut3_I0_O)        0.163    13.510 r  GEN_BRAM.u_core/alu/u_mul/u_mul/GEN_VEDIC.u_mul/u0/product__0_carry__1_i_13/O
                         net (fo=2, routed)           0.477    13.987    GEN_BRAM.u_core/alu/u_mul/u_mul/GEN_VEDIC.u_mul/u0/product__0_carry__1_i_13_n_0
    SLICE_X30Y7          LUT4 (Prop_lut4_I0_O)        0.164    14.151 r  GEN_BRAM.u_core/alu/u_mul/u_mul/GEN_VEDIC.u_mul/u0/product__0_carry__1_i_17/O
                         net (fo=1, routed)           0.000    14.151    GEN_BRAM.u_core/alu/u_mul/u_mul/GEN_VEDIC.u_mul/u0/product__0_carry__1_i_17_n_0
    SLICE_X30Y7          CARRY4 (Prop_carry4_S[3]_CO[3])
                                                      0.216    14.367 r  GEN_BRAM.u_core/alu/u_mul/u_mul/GEN_VEDIC.u_mul/u0/product__0_carry__1_i_9/CO[3]
                         net (fo=1, routed)           0.000    14.367    GEN_BRAM.u_core/alu/u_mul/u_mul/GEN_VEDIC.u_mul/u0/product__0_carry__1_i_9_n_0
    SLICE_X30Y8          CARRY4 (Prop_carry4_CI_O[0])
                                                      0.135    14.502 r  GEN_BRAM.u_core/alu/u_mul/u_mul/GEN_VEDIC.u_mul/u0/product__0_carry__2_i_9/O[0]
                         net (fo=2, routed)           0.764    15.266    GEN_BRAM.u_core/alu/u_mul/u_mul/GEN_VEDIC.u_mul/u0/p1[12]
    SLICE_X24Y8          LUT3 (Prop_lut3_I0_O)        0.164    15.430 r  GEN_BRAM.u_core/alu/u_mul/u_mul/GEN_VEDIC.u_mul/u0/product__0_carry__2_i_3__2/O
                         net (fo=2, routed)           0.355    15.786    GEN_BRAM.u_core/alu/u_mul/u_mul/GEN_VEDIC.u_mul/u0/product__0_carry__2_i_3__2_n_0
    SLICE_X24Y8          LUT4 (Prop_lut4_I3_O)        0.170    15.956 r  GEN_BRAM.u_core/alu/u_mul/u_mul/GEN_VEDIC.u_mul/u0/product__0_carry__2_i_7__2/O
                         net (fo=1, routed)           0.000    15.956    GEN_BRAM.u_core/alu/u_mul/u_mul/GEN_VEDIC.u_mul/u0/product__0_carry__2_i_7__2_n_0
    SLICE_X24Y8          CARRY4 (Prop_carry4_S[1]_O[3])
                                                      0.379    16.335 r  GEN_BRAM.u_core/alu/u_mul/u_mul/GEN_VEDIC.u_mul/u0/product__0_carry__2/O[3]
                         net (fo=2, routed)           0.753    17.088    GEN_BRAM.u_core/alu/u_mul/u_mul/GEN_VEDIC.u_mul/u0/p_1_in[23]
    SLICE_X21Y13         LUT3 (Prop_lut3_I2_O)        0.157    17.245 r  GEN_BRAM.u_core/alu/u_mul/u_mul/GEN_VEDIC.u_mul/u0/result[27]_INST_0_i_6/O
                         net (fo=2, routed)           0.443    17.688    GEN_BRAM.u_core/alu/u_mul/u_mul/GEN_VEDIC.u_mul/u0/DI[0]
    SLICE_X21Y14         LUT4 (Prop_lut4_I3_O)        0.168    17.856 r  GEN_BRAM.u_core/alu/u_mul/u_mul/GEN_VEDIC.u_mul/u0/result[27]_INST_0_i_10/O
                         net (fo=1, routed)           0.000    17.856    GEN_BRAM.u_core/alu/u_mul/u_mul/GEN_VEDIC.u_mul/u1/result[24]_INST_0_0[0]
    SLICE_X21Y14         CARRY4 (Prop_carry4_S[0]_CO[3])
                                                      0.313    18.169 r  GEN_BRAM.u_core/alu/u_mul/u_mul/GEN_VEDIC.u_mul/u1/result[27]_INST_0_i_1/CO[3]
                         net (fo=1, routed)           0.000    18.169    GEN_BRAM.u_core/alu/u_mul/u_mul/GEN_VEDIC.u_mul/u1/result[27]_INST_0_i_1_n_0
    SLICE_X21Y15         CARRY4 (Prop_carry4_CI_O[1])
                                                      0.213    18.382 f  GEN_BRAM.u_core/alu/u_mul/u_mul/GEN_VEDIC.u_mul/u1/result[31]_INST_0_i_1/O[1]
                         net (fo=2, routed)           0.361    18.743    GEN_BRAM.u_core/alu/u_mul/u_mul/GEN_VEDIC.u_mul/u1/result[31]_INST_0_i_13_0[6]
    SLICE_X19Y16         LUT1 (Prop_lut1_I0_O)        0.152    18.895 r  GEN_BRAM.u_core/alu/u_mul/u_mul/GEN_VEDIC.u_mul/u1/result[0]_INST_0_i_6/O
                         net (fo=1, routed)           0.000    18.895    GEN_BRAM.u_core/alu/u_mul/u_mul/GEN_VEDIC.u_mul/u1/p_0_in[29]
    SLICE_X19Y16         CARRY4 (Prop_carry4_S[0]_O[3])
                                                      0.357    19.252 f  GEN_BRAM.u_core/alu/u_mul/u_mul/GEN_VEDIC.u_mul/u1/result[0]_INST_0_i_1/O[3]
                         net (fo=1, routed)           0.399    19.651    GEN_BRAM.u_core/alu/u_mul/u_mul/GEN_VEDIC.u_mul/u1/signed_product0[32]
    SLICE_X15Y16         LUT6 (Prop_lut6_I5_O)        0.142    19.793 f  GEN_BRAM.u_core/alu/u_mul/u_mul/GEN_VEDIC.u_mul/u1/result[0]_INST_0/O
                         net (fo=1, routed)           0.604    20.397    GEN_BRAM.u_core/alu/mul_result[0]
    SLICE_X7Y16          LUT6 (Prop_lut6_I0_O)        0.053    20.450 f  GEN_BRAM.u_core/alu/debug_alu_out_OBUF[0]_inst_i_11/O
                         net (fo=1, routed)           0.000    20.450    GEN_BRAM.u_core/alu/debug_alu_out_OBUF[0]_inst_i_11_n_0
    SLICE_X7Y16          MUXF7 (Prop_muxf7_I1_O)      0.129    20.579 f  GEN_BRAM.u_core/alu/debug_alu_out_OBUF[0]_inst_i_4/O
                         net (fo=1, routed)           0.271    20.850    GEN_BRAM.u_core/alu/debug_alu_out_OBUF[0]_inst_i_4_n_0
    SLICE_X9Y16          LUT6 (Prop_lut6_I5_O)        0.153    21.003 f  GEN_BRAM.u_core/alu/debug_alu_out_OBUF[0]_inst_i_1/O
                         net (fo=11, routed)          0.921    21.923    GEN_BRAM.u_core/alu/D[0]
    SLICE_X8Y0           LUT2 (Prop_lut2_I1_O)        0.053    21.976 r  GEN_BRAM.u_core/alu/mem_reg_0_i_37/O
                         net (fo=26, routed)          0.940    22.916    GEN_BRAM.u_core/dmem/registers_reg_r1_0_31_6_11_i_10
    SLICE_X0Y8           LUT5 (Prop_lut5_I4_O)        0.053    22.969 r  GEN_BRAM.u_core/dmem/registers_reg_r1_0_31_0_5_i_40/O
                         net (fo=1, routed)           0.470    23.438    GEN_BRAM.u_core/wb_mux/registers_reg_r1_0_31_0_5_i_6_0
    SLICE_X0Y3           LUT6 (Prop_lut6_I5_O)        0.053    23.491 r  GEN_BRAM.u_core/wb_mux/registers_reg_r1_0_31_0_5_i_19/O
                         net (fo=1, routed)           0.449    23.940    GEN_BRAM.u_core/divider/wb_exec[5]
    SLICE_X6Y2           LUT6 (Prop_lut6_I5_O)        0.053    23.993 r  GEN_BRAM.u_core/divider/registers_reg_r1_0_31_0_5_i_6/O
                         net (fo=2, routed)           0.500    24.493    GEN_BRAM.u_core/reg_file/registers_reg_r1_0_31_0_5/DIC1
    SLICE_X10Y1          RAMD32                                       r  GEN_BRAM.u_core/reg_file/registers_reg_r1_0_31_0_5/RAMC_D1/I
  -------------------------------------------------------------------    -------------------

                         (clock sys_clk rise edge)   30.000    30.000 r  
    AD23                                              0.000    30.000 r  clk (IN)
                         net (fo=0)                   0.000    30.000    clk
    AD23                 IBUF (Prop_ibuf_I_O)         0.796    30.796 r  clk_IBUF_inst/O
                         net (fo=1, routed)           1.741    32.537    clk_IBUF
    BUFGCTRL_X0Y0        BUFG (Prop_bufg_I_O)         0.113    32.650 r  clk_IBUF_BUFG_inst/O
                         net (fo=350, routed)         1.545    34.195    GEN_BRAM.u_core/reg_file/registers_reg_r1_0_31_0_5/WCLK
    SLICE_X10Y1          RAMD32                                       r  GEN_BRAM.u_core/reg_file/registers_reg_r1_0_31_0_5/RAMC_D1/CLK
                         clock pessimism              0.256    34.452    
                         clock uncertainty           -0.035    34.416    
    SLICE_X10Y1          RAMD32 (Setup_ramd32_CLK_I)
                                                     -0.174    34.242    GEN_BRAM.u_core/reg_file/registers_reg_r1_0_31_0_5/RAMC_D1
  -------------------------------------------------------------------
                         required time                         34.242    
                         arrival time                         -24.493    
  -------------------------------------------------------------------
                         slack                                  9.749    

Slack (MET) :             9.758ns  (required time - arrival time)
  Source:                 GEN_BRAM.u_core/ir_reg[17]/C
                            (rising edge-triggered cell FDCE clocked by sys_clk  {rise@0.000ns fall@15.000ns period=30.000ns})
  Destination:            GEN_BRAM.u_core/reg_file/registers_reg_r1_0_31_0_5/RAMB_D1/I
                            (rising edge-triggered cell RAMD32 clocked by sys_clk  {rise@0.000ns fall@15.000ns period=30.000ns})
  Path Group:             sys_clk
  Path Type:              Setup (Max at Slow Process Corner)
  Requirement:            30.000ns  (sys_clk rise@30.000ns - sys_clk rise@0.000ns)
  Data Path Delay:        20.083ns  (logic 5.603ns (27.899%)  route 14.480ns (72.101%))
  Logic Levels:           33  (CARRY4=12 LUT1=1 LUT2=1 LUT3=4 LUT4=5 LUT5=2 LUT6=6 MUXF7=1 RAMD32=1)
  Clock Path Skew:        0.036ns (DCD - SCD + CPR)
    Destination Clock Delay (DCD):    4.195ns = ( 34.195 - 30.000 ) 
    Source Clock Delay      (SCD):    4.416ns
    Clock Pessimism Removal (CPR):    0.256ns
  Clock Uncertainty:      0.035ns  ((TSJ^2 + TIJ^2)^1/2 + DJ) / 2 + PE
    Total System Jitter     (TSJ):    0.071ns
    Total Input Jitter      (TIJ):    0.000ns
    Discrete Jitter          (DJ):    0.000ns
    Phase Error              (PE):    0.000ns

    Location             Delay type                Incr(ns)  Path(ns)    Netlist Resource(s)
  -------------------------------------------------------------------    -------------------
                         (clock sys_clk rise edge)    0.000     0.000 r  
    AD23                                              0.000     0.000 r  clk (IN)
                         net (fo=0)                   0.000     0.000    clk
    AD23                 IBUF (Prop_ibuf_I_O)         0.873     0.873 r  clk_IBUF_inst/O
                         net (fo=1, routed)           1.830     2.703    clk_IBUF
    BUFGCTRL_X0Y0        BUFG (Prop_bufg_I_O)         0.120     2.823 r  clk_IBUF_BUFG_inst/O
                         net (fo=350, routed)         1.593     4.416    GEN_BRAM.u_core/clk_IBUF_BUFG
    SLICE_X32Y2          FDCE                                         r  GEN_BRAM.u_core/ir_reg[17]/C
  -------------------------------------------------------------------    -------------------
    SLICE_X32Y2          FDCE (Prop_fdce_C_Q)         0.308     4.724 r  GEN_BRAM.u_core/ir_reg[17]/Q
                         net (fo=97, routed)          1.465     6.189    GEN_BRAM.u_core/reg_file/registers_reg_r1_0_31_0_5/ADDRA2
    SLICE_X10Y1          RAMD32 (Prop_ramd32_RADR2_O)
                                                      0.065     6.254 f  GEN_BRAM.u_core/reg_file/registers_reg_r1_0_31_0_5/RAMA/O
                         net (fo=10, routed)          0.756     7.009    GEN_BRAM.u_core/alu_mux_a/dataR10[0]
    SLICE_X20Y2          LUT4 (Prop_lut4_I1_O)        0.168     7.177 r  GEN_BRAM.u_core/alu_mux_a/u_adder_i_32/O
                         net (fo=90, routed)          0.906     8.083    GEN_BRAM.u_core/alu/u_mul/u_mul/GEN_VEDIC.u_mul/u2/result[1]_INST_0_i_11_n_0
    SLICE_X8Y10          CARRY4 (Prop_carry4_CYINIT_CO[3])
                                                      0.359     8.442 r  GEN_BRAM.u_core/alu/u_mul/u_mul/GEN_VEDIC.u_mul/u2/result[1]_INST_0_i_5/CO[3]
                         net (fo=1, routed)           0.000     8.442    GEN_BRAM.u_core/alu/u_mul/u_mul/GEN_VEDIC.u_mul/u2/result[1]_INST_0_i_5_n_0
    SLICE_X8Y11          CARRY4 (Prop_carry4_CI_CO[3])
                                                      0.060     8.502 r  GEN_BRAM.u_core/alu/u_mul/u_mul/GEN_VEDIC.u_mul/u2/product__0_carry_i_42__1/CO[3]
                         net (fo=1, routed)           0.000     8.502    GEN_BRAM.u_core/alu/u_mul/u_mul/GEN_VEDIC.u_mul/u2/product__0_carry_i_42__1_n_0
    SLICE_X8Y12          CARRY4 (Prop_carry4_CI_CO[3])
                                                      0.060     8.562 r  GEN_BRAM.u_core/alu/u_mul/u_mul/GEN_VEDIC.u_mul/u2/product__0_carry_i_73__0/CO[3]
                         net (fo=1, routed)           0.000     8.562    GEN_BRAM.u_core/alu/u_mul/u_mul/GEN_VEDIC.u_mul/u2/product__0_carry_i_73__0_n_0
    SLICE_X8Y13          CARRY4 (Prop_carry4_CI_O[1])
                                                      0.212     8.774 r  GEN_BRAM.u_core/alu/u_mul/u_mul/GEN_VEDIC.u_mul/u2/product__0_carry_i_41__1/O[1]
                         net (fo=1, routed)           0.273     9.047    GEN_BRAM.u_core/alu/u_mul/u_mul/GEN_VEDIC.u_mul/u2/mag_a0[14]
    SLICE_X9Y13          LUT6 (Prop_lut6_I0_O)        0.155     9.202 r  GEN_BRAM.u_core/alu/u_mul/u_mul/GEN_VEDIC.u_mul/u2/product__0_carry__4_i_15__1/O
                         net (fo=80, routed)          1.766    10.968    GEN_BRAM.u_core/alu/u_mul/u_mul/GEN_VEDIC.u_mul/u0/mag_a[13]
    SLICE_X33Y7          LUT4 (Prop_lut4_I1_O)        0.065    11.033 r  GEN_BRAM.u_core/alu/u_mul/u_mul/GEN_VEDIC.u_mul/u0/product__0_carry__0_i_93/O
                         net (fo=2, routed)           0.696    11.730    GEN_BRAM.u_core/alu/u_mul/u_mul/GEN_VEDIC.u_mul/u0/u1/u1/p1[1]
    SLICE_X32Y7          LUT3 (Prop_lut3_I0_O)        0.185    11.915 r  GEN_BRAM.u_core/alu/u_mul/u_mul/GEN_VEDIC.u_mul/u0/product__0_carry__0_i_50/O
                         net (fo=2, routed)           0.289    12.203    GEN_BRAM.u_core/alu/u_mul/u_mul/GEN_VEDIC.u_mul/u0/product__0_carry__0_i_50_n_0
    SLICE_X32Y7          LUT5 (Prop_lut5_I4_O)        0.172    12.375 r  GEN_BRAM.u_core/alu/u_mul/u_mul/GEN_VEDIC.u_mul/u0/product__0_carry__0_i_53/O
                         net (fo=1, routed)           0.000    12.375    GEN_BRAM.u_core/alu/u_mul/u_mul/GEN_VEDIC.u_mul/u0/product__0_carry__0_i_53_n_0
    SLICE_X32Y7          CARRY4 (Prop_carry4_S[2]_CO[3])
                                                      0.219    12.594 r  GEN_BRAM.u_core/alu/u_mul/u_mul/GEN_VEDIC.u_mul/u0/product__0_carry__0_i_29/CO[3]
                         net (fo=1, routed)           0.000    12.594    GEN_BRAM.u_core/alu/u_mul/u_mul/GEN_VEDIC.u_mul/u0/product__0_carry__0_i_29_n_0
    SLICE_X32Y8          CARRY4 (Prop_carry4_CI_O[0])
                                                      0.135    12.729 r  GEN_BRAM.u_core/alu/u_mul/u_mul/GEN_VEDIC.u_mul/u0/product__0_carry__1_i_36/O[0]
                         net (fo=2, routed)           0.618    13.347    GEN_BRAM.u_core/alu/u_mul/u_mul/GEN_VEDIC.u_mul/u0/u1/p1[6]
    SLICE_X30Y7          LUT3 (Prop_lut3_I0_O)        0.163    13.510 r  GEN_BRAM.u_core/alu/u_mul/u_mul/GEN_VEDIC.u_mul/u0/product__0_carry__1_i_13/O
                         net (fo=2, routed)           0.477    13.987    GEN_BRAM.u_core/alu/u_mul/u_mul/GEN_VEDIC.u_mul/u0/product__0_carry__1_i_13_n_0
    SLICE_X30Y7          LUT4 (Prop_lut4_I0_O)        0.164    14.151 r  GEN_BRAM.u_core/alu/u_mul/u_mul/GEN_VEDIC.u_mul/u0/product__0_carry__1_i_17/O
                         net (fo=1, routed)           0.000    14.151    GEN_BRAM.u_core/alu/u_mul/u_mul/GEN_VEDIC.u_mul/u0/product__0_carry__1_i_17_n_0
    SLICE_X30Y7          CARRY4 (Prop_carry4_S[3]_CO[3])
                                                      0.216    14.367 r  GEN_BRAM.u_core/alu/u_mul/u_mul/GEN_VEDIC.u_mul/u0/product__0_carry__1_i_9/CO[3]
                         net (fo=1, routed)           0.000    14.367    GEN_BRAM.u_core/alu/u_mul/u_mul/GEN_VEDIC.u_mul/u0/product__0_carry__1_i_9_n_0
    SLICE_X30Y8          CARRY4 (Prop_carry4_CI_O[0])
                                                      0.135    14.502 r  GEN_BRAM.u_core/alu/u_mul/u_mul/GEN_VEDIC.u_mul/u0/product__0_carry__2_i_9/O[0]
                         net (fo=2, routed)           0.764    15.266    GEN_BRAM.u_core/alu/u_mul/u_mul/GEN_VEDIC.u_mul/u0/p1[12]
    SLICE_X24Y8          LUT3 (Prop_lut3_I0_O)        0.164    15.430 r  GEN_BRAM.u_core/alu/u_mul/u_mul/GEN_VEDIC.u_mul/u0/product__0_carry__2_i_3__2/O
                         net (fo=2, routed)           0.355    15.786    GEN_BRAM.u_core/alu/u_mul/u_mul/GEN_VEDIC.u_mul/u0/product__0_carry__2_i_3__2_n_0
    SLICE_X24Y8          LUT4 (Prop_lut4_I3_O)        0.170    15.956 r  GEN_BRAM.u_core/alu/u_mul/u_mul/GEN_VEDIC.u_mul/u0/product__0_carry__2_i_7__2/O
                         net (fo=1, routed)           0.000    15.956    GEN_BRAM.u_core/alu/u_mul/u_mul/GEN_VEDIC.u_mul/u0/product__0_carry__2_i_7__2_n_0
    SLICE_X24Y8          CARRY4 (Prop_carry4_S[1]_O[3])
                                                      0.379    16.335 r  GEN_BRAM.u_core/alu/u_mul/u_mul/GEN_VEDIC.u_mul/u0/product__0_carry__2/O[3]
                         net (fo=2, routed)           0.753    17.088    GEN_BRAM.u_core/alu/u_mul/u_mul/GEN_VEDIC.u_mul/u0/p_1_in[23]
    SLICE_X21Y13         LUT3 (Prop_lut3_I2_O)        0.157    17.245 r  GEN_BRAM.u_core/alu/u_mul/u_mul/GEN_VEDIC.u_mul/u0/result[27]_INST_0_i_6/O
                         net (fo=2, routed)           0.443    17.688    GEN_BRAM.u_core/alu/u_mul/u_mul/GEN_VEDIC.u_mul/u0/DI[0]
    SLICE_X21Y14         LUT4 (Prop_lut4_I3_O)        0.168    17.856 r  GEN_BRAM.u_core/alu/u_mul/u_mul/GEN_VEDIC.u_mul/u0/result[27]_INST_0_i_10/O
                         net (fo=1, routed)           0.000    17.856    GEN_BRAM.u_core/alu/u_mul/u_mul/GEN_VEDIC.u_mul/u1/result[24]_INST_0_0[0]
    SLICE_X21Y14         CARRY4 (Prop_carry4_S[0]_CO[3])
                                                      0.313    18.169 r  GEN_BRAM.u_core/alu/u_mul/u_mul/GEN_VEDIC.u_mul/u1/result[27]_INST_0_i_1/CO[3]
                         net (fo=1, routed)           0.000    18.169    GEN_BRAM.u_core/alu/u_mul/u_mul/GEN_VEDIC.u_mul/u1/result[27]_INST_0_i_1_n_0
    SLICE_X21Y15         CARRY4 (Prop_carry4_CI_O[1])
                                                      0.213    18.382 f  GEN_BRAM.u_core/alu/u_mul/u_mul/GEN_VEDIC.u_mul/u1/result[31]_INST_0_i_1/O[1]
                         net (fo=2, routed)           0.361    18.743    GEN_BRAM.u_core/alu/u_mul/u_mul/GEN_VEDIC.u_mul/u1/result[31]_INST_0_i_13_0[6]
    SLICE_X19Y16         LUT1 (Prop_lut1_I0_O)        0.152    18.895 r  GEN_BRAM.u_core/alu/u_mul/u_mul/GEN_VEDIC.u_mul/u1/result[0]_INST_0_i_6/O
                         net (fo=1, routed)           0.000    18.895    GEN_BRAM.u_core/alu/u_mul/u_mul/GEN_VEDIC.u_mul/u1/p_0_in[29]
    SLICE_X19Y16         CARRY4 (Prop_carry4_S[0]_O[3])
                                                      0.357    19.252 f  GEN_BRAM.u_core/alu/u_mul/u_mul/GEN_VEDIC.u_mul/u1/result[0]_INST_0_i_1/O[3]
                         net (fo=1, routed)           0.399    19.651    GEN_BRAM.u_core/alu/u_mul/u_mul/GEN_VEDIC.u_mul/u1/signed_product0[32]
    SLICE_X15Y16         LUT6 (Prop_lut6_I5_O)        0.142    19.793 f  GEN_BRAM.u_core/alu/u_mul/u_mul/GEN_VEDIC.u_mul/u1/result[0]_INST_0/O
                         net (fo=1, routed)           0.604    20.397    GEN_BRAM.u_core/alu/mul_result[0]
    SLICE_X7Y16          LUT6 (Prop_lut6_I0_O)        0.053    20.450 f  GEN_BRAM.u_core/alu/debug_alu_out_OBUF[0]_inst_i_11/O
                         net (fo=1, routed)           0.000    20.450    GEN_BRAM.u_core/alu/debug_alu_out_OBUF[0]_inst_i_11_n_0
    SLICE_X7Y16          MUXF7 (Prop_muxf7_I1_O)      0.129    20.579 f  GEN_BRAM.u_core/alu/debug_alu_out_OBUF[0]_inst_i_4/O
                         net (fo=1, routed)           0.271    20.850    GEN_BRAM.u_core/alu/debug_alu_out_OBUF[0]_inst_i_4_n_0
    SLICE_X9Y16          LUT6 (Prop_lut6_I5_O)        0.153    21.003 f  GEN_BRAM.u_core/alu/debug_alu_out_OBUF[0]_inst_i_1/O
                         net (fo=11, routed)          0.921    21.923    GEN_BRAM.u_core/alu/D[0]
    SLICE_X8Y0           LUT2 (Prop_lut2_I1_O)        0.053    21.976 r  GEN_BRAM.u_core/alu/mem_reg_0_i_37/O
                         net (fo=26, routed)          0.931    22.908    GEN_BRAM.u_core/dmem/registers_reg_r1_0_31_6_11_i_10
    SLICE_X1Y9           LUT5 (Prop_lut5_I4_O)        0.053    22.961 r  GEN_BRAM.u_core/dmem/registers_reg_r1_0_31_0_5_i_34/O
                         net (fo=1, routed)           0.707    23.668    GEN_BRAM.u_core/wb_mux/registers_reg_r1_0_31_0_5_i_4_0
    SLICE_X1Y2           LUT6 (Prop_lut6_I5_O)        0.053    23.721 r  GEN_BRAM.u_core/wb_mux/registers_reg_r1_0_31_0_5_i_15/O
                         net (fo=1, routed)           0.194    23.915    GEN_BRAM.u_core/divider/wb_exec[3]
    SLICE_X1Y2           LUT6 (Prop_lut6_I5_O)        0.053    23.968 r  GEN_BRAM.u_core/divider/registers_reg_r1_0_31_0_5_i_4/O
                         net (fo=2, routed)           0.531    24.499    GEN_BRAM.u_core/reg_file/registers_reg_r1_0_31_0_5/DIB1
    SLICE_X10Y1          RAMD32                                       r  GEN_BRAM.u_core/reg_file/registers_reg_r1_0_31_0_5/RAMB_D1/I
  -------------------------------------------------------------------    -------------------

                         (clock sys_clk rise edge)   30.000    30.000 r  
    AD23                                              0.000    30.000 r  clk (IN)
                         net (fo=0)                   0.000    30.000    clk
    AD23                 IBUF (Prop_ibuf_I_O)         0.796    30.796 r  clk_IBUF_inst/O
                         net (fo=1, routed)           1.741    32.537    clk_IBUF
    BUFGCTRL_X0Y0        BUFG (Prop_bufg_I_O)         0.113    32.650 r  clk_IBUF_BUFG_inst/O
                         net (fo=350, routed)         1.545    34.195    GEN_BRAM.u_core/reg_file/registers_reg_r1_0_31_0_5/WCLK
    SLICE_X10Y1          RAMD32                                       r  GEN_BRAM.u_core/reg_file/registers_reg_r1_0_31_0_5/RAMB_D1/CLK
                         clock pessimism              0.256    34.452    
                         clock uncertainty           -0.035    34.416    
    SLICE_X10Y1          RAMD32 (Setup_ramd32_CLK_I)
                                                     -0.159    34.257    GEN_BRAM.u_core/reg_file/registers_reg_r1_0_31_0_5/RAMB_D1
  -------------------------------------------------------------------
                         required time                         34.257    
                         arrival time                         -24.499    
  -------------------------------------------------------------------
                         slack                                  9.758    

Slack (MET) :             9.842ns  (required time - arrival time)
  Source:                 GEN_BRAM.u_core/ir_reg[17]/C
                            (rising edge-triggered cell FDCE clocked by sys_clk  {rise@0.000ns fall@15.000ns period=30.000ns})
  Destination:            GEN_BRAM.u_core/reg_file/registers_reg_r1_0_31_6_11/RAMA/I
                            (rising edge-triggered cell RAMD32 clocked by sys_clk  {rise@0.000ns fall@15.000ns period=30.000ns})
  Path Group:             sys_clk
  Path Type:              Setup (Max at Slow Process Corner)
  Requirement:            30.000ns  (sys_clk rise@30.000ns - sys_clk rise@0.000ns)
  Data Path Delay:        20.104ns  (logic 5.728ns (28.492%)  route 14.376ns (71.508%))
  Logic Levels:           33  (CARRY4=12 LUT1=1 LUT2=1 LUT3=4 LUT4=5 LUT5=2 LUT6=6 MUXF7=1 RAMD32=1)
  Clock Path Skew:        0.094ns (DCD - SCD + CPR)
    Destination Clock Delay (DCD):    4.253ns = ( 34.253 - 30.000 ) 
    Source Clock Delay      (SCD):    4.416ns
    Clock Pessimism Removal (CPR):    0.256ns
  Clock Uncertainty:      0.035ns  ((TSJ^2 + TIJ^2)^1/2 + DJ) / 2 + PE
    Total System Jitter     (TSJ):    0.071ns
    Total Input Jitter      (TIJ):    0.000ns
    Discrete Jitter          (DJ):    0.000ns
    Phase Error              (PE):    0.000ns

    Location             Delay type                Incr(ns)  Path(ns)    Netlist Resource(s)
  -------------------------------------------------------------------    -------------------
                         (clock sys_clk rise edge)    0.000     0.000 r  
    AD23                                              0.000     0.000 r  clk (IN)
                         net (fo=0)                   0.000     0.000    clk
    AD23                 IBUF (Prop_ibuf_I_O)         0.873     0.873 r  clk_IBUF_inst/O
                         net (fo=1, routed)           1.830     2.703    clk_IBUF
    BUFGCTRL_X0Y0        BUFG (Prop_bufg_I_O)         0.120     2.823 r  clk_IBUF_BUFG_inst/O
                         net (fo=350, routed)         1.593     4.416    GEN_BRAM.u_core/clk_IBUF_BUFG
    SLICE_X32Y2          FDCE                                         r  GEN_BRAM.u_core/ir_reg[17]/C
  -------------------------------------------------------------------    -------------------
    SLICE_X32Y2          FDCE (Prop_fdce_C_Q)         0.308     4.724 r  GEN_BRAM.u_core/ir_reg[17]/Q
                         net (fo=97, routed)          1.465     6.189    GEN_BRAM.u_core/reg_file/registers_reg_r1_0_31_0_5/ADDRA2
    SLICE_X10Y1          RAMD32 (Prop_ramd32_RADR2_O)
                                                      0.065     6.254 f  GEN_BRAM.u_core/reg_file/registers_reg_r1_0_31_0_5/RAMA/O
                         net (fo=10, routed)          0.756     7.009    GEN_BRAM.u_core/alu_mux_a/dataR10[0]
    SLICE_X20Y2          LUT4 (Prop_lut4_I1_O)        0.168     7.177 r  GEN_BRAM.u_core/alu_mux_a/u_adder_i_32/O
                         net (fo=90, routed)          0.906     8.083    GEN_BRAM.u_core/alu/u_mul/u_mul/GEN_VEDIC.u_mul/u2/result[1]_INST_0_i_11_n_0
    SLICE_X8Y10          CARRY4 (Prop_carry4_CYINIT_CO[3])
                                                      0.359     8.442 r  GEN_BRAM.u_core/alu/u_mul/u_mul/GEN_VEDIC.u_mul/u2/result[1]_INST_0_i_5/CO[3]
                         net (fo=1, routed)           0.000     8.442    GEN_BRAM.u_core/alu/u_mul/u_mul/GEN_VEDIC.u_mul/u2/result[1]_INST_0_i_5_n_0
    SLICE_X8Y11          CARRY4 (Prop_carry4_CI_CO[3])
                                                      0.060     8.502 r  GEN_BRAM.u_core/alu/u_mul/u_mul/GEN_VEDIC.u_mul/u2/product__0_carry_i_42__1/CO[3]
                         net (fo=1, routed)           0.000     8.502    GEN_BRAM.u_core/alu/u_mul/u_mul/GEN_VEDIC.u_mul/u2/product__0_carry_i_42__1_n_0
    SLICE_X8Y12          CARRY4 (Prop_carry4_CI_CO[3])
                                                      0.060     8.562 r  GEN_BRAM.u_core/alu/u_mul/u_mul/GEN_VEDIC.u_mul/u2/product__0_carry_i_73__0/CO[3]
                         net (fo=1, routed)           0.000     8.562    GEN_BRAM.u_core/alu/u_mul/u_mul/GEN_VEDIC.u_mul/u2/product__0_carry_i_73__0_n_0
    SLICE_X8Y13          CARRY4 (Prop_carry4_CI_O[1])
                                                      0.212     8.774 r  GEN_BRAM.u_core/alu/u_mul/u_mul/GEN_VEDIC.u_mul/u2/product__0_carry_i_41__1/O[1]
                         net (fo=1, routed)           0.273     9.047    GEN_BRAM.u_core/alu/u_mul/u_mul/GEN_VEDIC.u_mul/u2/mag_a0[14]
    SLICE_X9Y13          LUT6 (Prop_lut6_I0_O)        0.155     9.202 r  GEN_BRAM.u_core/alu/u_mul/u_mul/GEN_VEDIC.u_mul/u2/product__0_carry__4_i_15__1/O
                         net (fo=80, routed)          1.766    10.968    GEN_BRAM.u_core/alu/u_mul/u_mul/GEN_VEDIC.u_mul/u0/mag_a[13]
    SLICE_X33Y7          LUT4 (Prop_lut4_I1_O)        0.065    11.033 r  GEN_BRAM.u_core/alu/u_mul/u_mul/GEN_VEDIC.u_mul/u0/product__0_carry__0_i_93/O
                         net (fo=2, routed)           0.696    11.730    GEN_BRAM.u_core/alu/u_mul/u_mul/GEN_VEDIC.u_mul/u0/u1/u1/p1[1]
    SLICE_X32Y7          LUT3 (Prop_lut3_I0_O)        0.185    11.915 r  GEN_BRAM.u_core/alu/u_mul/u_mul/GEN_VEDIC.u_mul/u0/product__0_carry__0_i_50/O
                         net (fo=2, routed)           0.289    12.203    GEN_BRAM.u_core/alu/u_mul/u_mul/GEN_VEDIC.u_mul/u0/product__0_carry__0_i_50_n_0
    SLICE_X32Y7          LUT5 (Prop_lut5_I4_O)        0.172    12.375 r  GEN_BRAM.u_core/alu/u_mul/u_mul/GEN_VEDIC.u_mul/u0/product__0_carry__0_i_53/O
                         net (fo=1, routed)           0.000    12.375    GEN_BRAM.u_core/alu/u_mul/u_mul/GEN_VEDIC.u_mul/u0/product__0_carry__0_i_53_n_0
    SLICE_X32Y7          CARRY4 (Prop_carry4_S[2]_CO[3])
                                                      0.219    12.594 r  GEN_BRAM.u_core/alu/u_mul/u_mul/GEN_VEDIC.u_mul/u0/product__0_carry__0_i_29/CO[3]
                         net (fo=1, routed)           0.000    12.594    GEN_BRAM.u_core/alu/u_mul/u_mul/GEN_VEDIC.u_mul/u0/product__0_carry__0_i_29_n_0
    SLICE_X32Y8          CARRY4 (Prop_carry4_CI_O[0])
                                                      0.135    12.729 r  GEN_BRAM.u_core/alu/u_mul/u_mul/GEN_VEDIC.u_mul/u0/product__0_carry__1_i_36/O[0]
                         net (fo=2, routed)           0.618    13.347    GEN_BRAM.u_core/alu/u_mul/u_mul/GEN_VEDIC.u_mul/u0/u1/p1[6]
    SLICE_X30Y7          LUT3 (Prop_lut3_I0_O)        0.163    13.510 r  GEN_BRAM.u_core/alu/u_mul/u_mul/GEN_VEDIC.u_mul/u0/product__0_carry__1_i_13/O
                         net (fo=2, routed)           0.477    13.987    GEN_BRAM.u_core/alu/u_mul/u_mul/GEN_VEDIC.u_mul/u0/product__0_carry__1_i_13_n_0
    SLICE_X30Y7          LUT4 (Prop_lut4_I0_O)        0.164    14.151 r  GEN_BRAM.u_core/alu/u_mul/u_mul/GEN_VEDIC.u_mul/u0/product__0_carry__1_i_17/O
                         net (fo=1, routed)           0.000    14.151    GEN_BRAM.u_core/alu/u_mul/u_mul/GEN_VEDIC.u_mul/u0/product__0_carry__1_i_17_n_0
    SLICE_X30Y7          CARRY4 (Prop_carry4_S[3]_CO[3])
                                                      0.216    14.367 r  GEN_BRAM.u_core/alu/u_mul/u_mul/GEN_VEDIC.u_mul/u0/product__0_carry__1_i_9/CO[3]
                         net (fo=1, routed)           0.000    14.367    GEN_BRAM.u_core/alu/u_mul/u_mul/GEN_VEDIC.u_mul/u0/product__0_carry__1_i_9_n_0
    SLICE_X30Y8          CARRY4 (Prop_carry4_CI_O[0])
                                                      0.135    14.502 r  GEN_BRAM.u_core/alu/u_mul/u_mul/GEN_VEDIC.u_mul/u0/product__0_carry__2_i_9/O[0]
                         net (fo=2, routed)           0.764    15.266    GEN_BRAM.u_core/alu/u_mul/u_mul/GEN_VEDIC.u_mul/u0/p1[12]
    SLICE_X24Y8          LUT3 (Prop_lut3_I0_O)        0.164    15.430 r  GEN_BRAM.u_core/alu/u_mul/u_mul/GEN_VEDIC.u_mul/u0/product__0_carry__2_i_3__2/O
                         net (fo=2, routed)           0.355    15.786    GEN_BRAM.u_core/alu/u_mul/u_mul/GEN_VEDIC.u_mul/u0/product__0_carry__2_i_3__2_n_0
    SLICE_X24Y8          LUT4 (Prop_lut4_I3_O)        0.170    15.956 r  GEN_BRAM.u_core/alu/u_mul/u_mul/GEN_VEDIC.u_mul/u0/product__0_carry__2_i_7__2/O
                         net (fo=1, routed)           0.000    15.956    GEN_BRAM.u_core/alu/u_mul/u_mul/GEN_VEDIC.u_mul/u0/product__0_carry__2_i_7__2_n_0
    SLICE_X24Y8          CARRY4 (Prop_carry4_S[1]_O[3])
                                                      0.379    16.335 r  GEN_BRAM.u_core/alu/u_mul/u_mul/GEN_VEDIC.u_mul/u0/product__0_carry__2/O[3]
                         net (fo=2, routed)           0.753    17.088    GEN_BRAM.u_core/alu/u_mul/u_mul/GEN_VEDIC.u_mul/u0/p_1_in[23]
    SLICE_X21Y13         LUT3 (Prop_lut3_I2_O)        0.157    17.245 r  GEN_BRAM.u_core/alu/u_mul/u_mul/GEN_VEDIC.u_mul/u0/result[27]_INST_0_i_6/O
                         net (fo=2, routed)           0.443    17.688    GEN_BRAM.u_core/alu/u_mul/u_mul/GEN_VEDIC.u_mul/u0/DI[0]
    SLICE_X21Y14         LUT4 (Prop_lut4_I3_O)        0.168    17.856 r  GEN_BRAM.u_core/alu/u_mul/u_mul/GEN_VEDIC.u_mul/u0/result[27]_INST_0_i_10/O
                         net (fo=1, routed)           0.000    17.856    GEN_BRAM.u_core/alu/u_mul/u_mul/GEN_VEDIC.u_mul/u1/result[24]_INST_0_0[0]
    SLICE_X21Y14         CARRY4 (Prop_carry4_S[0]_CO[3])
                                                      0.313    18.169 r  GEN_BRAM.u_core/alu/u_mul/u_mul/GEN_VEDIC.u_mul/u1/result[27]_INST_0_i_1/CO[3]
                         net (fo=1, routed)           0.000    18.169    GEN_BRAM.u_core/alu/u_mul/u_mul/GEN_VEDIC.u_mul/u1/result[27]_INST_0_i_1_n_0
    SLICE_X21Y15         CARRY4 (Prop_carry4_CI_O[1])
                                                      0.213    18.382 f  GEN_BRAM.u_core/alu/u_mul/u_mul/GEN_VEDIC.u_mul/u1/result[31]_INST_0_i_1/O[1]
                         net (fo=2, routed)           0.361    18.743    GEN_BRAM.u_core/alu/u_mul/u_mul/GEN_VEDIC.u_mul/u1/result[31]_INST_0_i_13_0[6]
    SLICE_X19Y16         LUT1 (Prop_lut1_I0_O)        0.152    18.895 r  GEN_BRAM.u_core/alu/u_mul/u_mul/GEN_VEDIC.u_mul/u1/result[0]_INST_0_i_6/O
                         net (fo=1, routed)           0.000    18.895    GEN_BRAM.u_core/alu/u_mul/u_mul/GEN_VEDIC.u_mul/u1/p_0_in[29]
    SLICE_X19Y16         CARRY4 (Prop_carry4_S[0]_O[3])
                                                      0.357    19.252 f  GEN_BRAM.u_core/alu/u_mul/u_mul/GEN_VEDIC.u_mul/u1/result[0]_INST_0_i_1/O[3]
                         net (fo=1, routed)           0.399    19.651    GEN_BRAM.u_core/alu/u_mul/u_mul/GEN_VEDIC.u_mul/u1/signed_product0[32]
    SLICE_X15Y16         LUT6 (Prop_lut6_I5_O)        0.142    19.793 f  GEN_BRAM.u_core/alu/u_mul/u_mul/GEN_VEDIC.u_mul/u1/result[0]_INST_0/O
                         net (fo=1, routed)           0.604    20.397    GEN_BRAM.u_core/alu/mul_result[0]
    SLICE_X7Y16          LUT6 (Prop_lut6_I0_O)        0.053    20.450 f  GEN_BRAM.u_core/alu/debug_alu_out_OBUF[0]_inst_i_11/O
                         net (fo=1, routed)           0.000    20.450    GEN_BRAM.u_core/alu/debug_alu_out_OBUF[0]_inst_i_11_n_0
    SLICE_X7Y16          MUXF7 (Prop_muxf7_I1_O)      0.129    20.579 f  GEN_BRAM.u_core/alu/debug_alu_out_OBUF[0]_inst_i_4/O
                         net (fo=1, routed)           0.271    20.850    GEN_BRAM.u_core/alu/debug_alu_out_OBUF[0]_inst_i_4_n_0
    SLICE_X9Y16          LUT6 (Prop_lut6_I5_O)        0.153    21.003 f  GEN_BRAM.u_core/alu/debug_alu_out_OBUF[0]_inst_i_1/O
                         net (fo=11, routed)          0.921    21.923    GEN_BRAM.u_core/alu/D[0]
    SLICE_X8Y0           LUT2 (Prop_lut2_I1_O)        0.053    21.976 r  GEN_BRAM.u_core/alu/mem_reg_0_i_37/O
                         net (fo=26, routed)          1.052    23.028    GEN_BRAM.u_core/dmem/registers_reg_r1_0_31_6_11_i_10
    SLICE_X1Y8           LUT5 (Prop_lut5_I4_O)        0.066    23.094 r  GEN_BRAM.u_core/dmem/registers_reg_r1_0_31_6_11_i_24/O
                         net (fo=1, routed)           0.417    23.511    GEN_BRAM.u_core/wb_mux/registers_reg_r1_0_31_6_11_i_2_0
    SLICE_X1Y4           LUT6 (Prop_lut6_I5_O)        0.165    23.676 r  GEN_BRAM.u_core/wb_mux/registers_reg_r1_0_31_6_11_i_10/O
                         net (fo=1, routed)           0.302    23.978    GEN_BRAM.u_core/divider/wb_exec[6]
    SLICE_X1Y4           LUT6 (Prop_lut6_I5_O)        0.053    24.031 r  GEN_BRAM.u_core/divider/registers_reg_r1_0_31_6_11_i_2/O
                         net (fo=2, routed)           0.488    24.519    GEN_BRAM.u_core/reg_file/registers_reg_r1_0_31_6_11/DIA0
    SLICE_X6Y4           RAMD32                                       r  GEN_BRAM.u_core/reg_file/registers_reg_r1_0_31_6_11/RAMA/I
  -------------------------------------------------------------------    -------------------

                         (clock sys_clk rise edge)   30.000    30.000 r  
    AD23                                              0.000    30.000 r  clk (IN)
                         net (fo=0)                   0.000    30.000    clk
    AD23                 IBUF (Prop_ibuf_I_O)         0.796    30.796 r  clk_IBUF_inst/O
                         net (fo=1, routed)           1.741    32.537    clk_IBUF
    BUFGCTRL_X0Y0        BUFG (Prop_bufg_I_O)         0.113    32.650 r  clk_IBUF_BUFG_inst/O
                         net (fo=350, routed)         1.603    34.253    GEN_BRAM.u_core/reg_file/registers_reg_r1_0_31_6_11/WCLK
    SLICE_X6Y4           RAMD32                                       r  GEN_BRAM.u_core/reg_file/registers_reg_r1_0_31_6_11/RAMA/CLK
                         clock pessimism              0.256    34.510    
                         clock uncertainty           -0.035    34.474    
    SLICE_X6Y4           RAMD32 (Setup_ramd32_CLK_I)
                                                     -0.113    34.361    GEN_BRAM.u_core/reg_file/registers_reg_r1_0_31_6_11/RAMA
  -------------------------------------------------------------------
                         required time                         34.361    
                         arrival time                         -24.519    
  -------------------------------------------------------------------
                         slack                                  9.842    

Slack (MET) :             9.847ns  (required time - arrival time)
  Source:                 GEN_BRAM.u_core/ir_reg[17]/C
                            (rising edge-triggered cell FDCE clocked by sys_clk  {rise@0.000ns fall@15.000ns period=30.000ns})
  Destination:            GEN_BRAM.u_core/dmem/mem_reg_1/DIADI[15]
                            (rising edge-triggered cell RAMB36E1 clocked by sys_clk  {rise@0.000ns fall@15.000ns period=30.000ns})
  Path Group:             sys_clk
  Path Type:              Setup (Max at Slow Process Corner)
  Requirement:            30.000ns  (sys_clk rise@30.000ns - sys_clk rise@0.000ns)
  Data Path Delay:        19.982ns  (logic 5.842ns (29.237%)  route 14.140ns (70.763%))
  Logic Levels:           32  (CARRY4=13 LUT1=1 LUT2=1 LUT3=5 LUT4=5 LUT5=2 LUT6=3 MUXF7=1 RAMD32=1)
  Clock Path Skew:        0.068ns (DCD - SCD + CPR)
    Destination Clock Delay (DCD):    4.227ns = ( 34.227 - 30.000 ) 
    Source Clock Delay      (SCD):    4.416ns
    Clock Pessimism Removal (CPR):    0.256ns
  Clock Uncertainty:      0.035ns  ((TSJ^2 + TIJ^2)^1/2 + DJ) / 2 + PE
    Total System Jitter     (TSJ):    0.071ns
    Total Input Jitter      (TIJ):    0.000ns
    Discrete Jitter          (DJ):    0.000ns
    Phase Error              (PE):    0.000ns

    Location             Delay type                Incr(ns)  Path(ns)    Netlist Resource(s)
  -------------------------------------------------------------------    -------------------
                         (clock sys_clk rise edge)    0.000     0.000 r  
    AD23                                              0.000     0.000 r  clk (IN)
                         net (fo=0)                   0.000     0.000    clk
    AD23                 IBUF (Prop_ibuf_I_O)         0.873     0.873 r  clk_IBUF_inst/O
                         net (fo=1, routed)           1.830     2.703    clk_IBUF
    BUFGCTRL_X0Y0        BUFG (Prop_bufg_I_O)         0.120     2.823 r  clk_IBUF_BUFG_inst/O
                         net (fo=350, routed)         1.593     4.416    GEN_BRAM.u_core/clk_IBUF_BUFG
    SLICE_X32Y2          FDCE                                         r  GEN_BRAM.u_core/ir_reg[17]/C
  -------------------------------------------------------------------    -------------------
    SLICE_X32Y2          FDCE (Prop_fdce_C_Q)         0.308     4.724 r  GEN_BRAM.u_core/ir_reg[17]/Q
                         net (fo=97, routed)          1.465     6.189    GEN_BRAM.u_core/reg_file/registers_reg_r1_0_31_0_5/ADDRA2
    SLICE_X10Y1          RAMD32 (Prop_ramd32_RADR2_O)
                                                      0.065     6.254 f  GEN_BRAM.u_core/reg_file/registers_reg_r1_0_31_0_5/RAMA/O
                         net (fo=10, routed)          0.756     7.009    GEN_BRAM.u_core/alu_mux_a/dataR10[0]
    SLICE_X20Y2          LUT4 (Prop_lut4_I1_O)        0.168     7.177 r  GEN_BRAM.u_core/alu_mux_a/u_adder_i_32/O
                         net (fo=90, routed)          0.906     8.083    GEN_BRAM.u_core/alu/u_mul/u_mul/GEN_VEDIC.u_mul/u2/result[1]_INST_0_i_11_n_0
    SLICE_X8Y10          CARRY4 (Prop_carry4_CYINIT_CO[3])
                                                      0.359     8.442 r  GEN_BRAM.u_core/alu/u_mul/u_mul/GEN_VEDIC.u_mul/u2/result[1]_INST_0_i_5/CO[3]
                         net (fo=1, routed)           0.000     8.442    GEN_BRAM.u_core/alu/u_mul/u_mul/GEN_VEDIC.u_mul/u2/result[1]_INST_0_i_5_n_0
    SLICE_X8Y11          CARRY4 (Prop_carry4_CI_CO[3])
                                                      0.060     8.502 r  GEN_BRAM.u_core/alu/u_mul/u_mul/GEN_VEDIC.u_mul/u2/product__0_carry_i_42__1/CO[3]
                         net (fo=1, routed)           0.000     8.502    GEN_BRAM.u_core/alu/u_mul/u_mul/GEN_VEDIC.u_mul/u2/product__0_carry_i_42__1_n_0
    SLICE_X8Y12          CARRY4 (Prop_carry4_CI_CO[3])
                                                      0.060     8.562 r  GEN_BRAM.u_core/alu/u_mul/u_mul/GEN_VEDIC.u_mul/u2/product__0_carry_i_73__0/CO[3]
                         net (fo=1, routed)           0.000     8.562    GEN_BRAM.u_core/alu/u_mul/u_mul/GEN_VEDIC.u_mul/u2/product__0_carry_i_73__0_n_0
    SLICE_X8Y13          CARRY4 (Prop_carry4_CI_O[1])
                                                      0.212     8.774 r  GEN_BRAM.u_core/alu/u_mul/u_mul/GEN_VEDIC.u_mul/u2/product__0_carry_i_41__1/O[1]
                         net (fo=1, routed)           0.273     9.047    GEN_BRAM.u_core/alu/u_mul/u_mul/GEN_VEDIC.u_mul/u2/mag_a0[14]
    SLICE_X9Y13          LUT6 (Prop_lut6_I0_O)        0.155     9.202 r  GEN_BRAM.u_core/alu/u_mul/u_mul/GEN_VEDIC.u_mul/u2/product__0_carry__4_i_15__1/O
                         net (fo=80, routed)          1.766    10.968    GEN_BRAM.u_core/alu/u_mul/u_mul/GEN_VEDIC.u_mul/u0/mag_a[13]
    SLICE_X33Y7          LUT4 (Prop_lut4_I1_O)        0.065    11.033 r  GEN_BRAM.u_core/alu/u_mul/u_mul/GEN_VEDIC.u_mul/u0/product__0_carry__0_i_93/O
                         net (fo=2, routed)           0.696    11.730    GEN_BRAM.u_core/alu/u_mul/u_mul/GEN_VEDIC.u_mul/u0/u1/u1/p1[1]
    SLICE_X32Y7          LUT3 (Prop_lut3_I0_O)        0.185    11.915 r  GEN_BRAM.u_core/alu/u_mul/u_mul/GEN_VEDIC.u_mul/u0/product__0_carry__0_i_50/O
                         net (fo=2, routed)           0.289    12.203    GEN_BRAM.u_core/alu/u_mul/u_mul/GEN_VEDIC.u_mul/u0/product__0_carry__0_i_50_n_0
    SLICE_X32Y7          LUT5 (Prop_lut5_I4_O)        0.172    12.375 r  GEN_BRAM.u_core/alu/u_mul/u_mul/GEN_VEDIC.u_mul/u0/product__0_carry__0_i_53/O
                         net (fo=1, routed)           0.000    12.375    GEN_BRAM.u_core/alu/u_mul/u_mul/GEN_VEDIC.u_mul/u0/product__0_carry__0_i_53_n_0
    SLICE_X32Y7          CARRY4 (Prop_carry4_S[2]_CO[3])
                                                      0.219    12.594 r  GEN_BRAM.u_core/alu/u_mul/u_mul/GEN_VEDIC.u_mul/u0/product__0_carry__0_i_29/CO[3]
                         net (fo=1, routed)           0.000    12.594    GEN_BRAM.u_core/alu/u_mul/u_mul/GEN_VEDIC.u_mul/u0/product__0_carry__0_i_29_n_0
    SLICE_X32Y8          CARRY4 (Prop_carry4_CI_O[0])
                                                      0.135    12.729 r  GEN_BRAM.u_core/alu/u_mul/u_mul/GEN_VEDIC.u_mul/u0/product__0_carry__1_i_36/O[0]
                         net (fo=2, routed)           0.618    13.347    GEN_BRAM.u_core/alu/u_mul/u_mul/GEN_VEDIC.u_mul/u0/u1/p1[6]
    SLICE_X30Y7          LUT3 (Prop_lut3_I0_O)        0.163    13.510 r  GEN_BRAM.u_core/alu/u_mul/u_mul/GEN_VEDIC.u_mul/u0/product__0_carry__1_i_13/O
                         net (fo=2, routed)           0.477    13.987    GEN_BRAM.u_core/alu/u_mul/u_mul/GEN_VEDIC.u_mul/u0/product__0_carry__1_i_13_n_0
    SLICE_X30Y7          LUT4 (Prop_lut4_I0_O)        0.164    14.151 r  GEN_BRAM.u_core/alu/u_mul/u_mul/GEN_VEDIC.u_mul/u0/product__0_carry__1_i_17/O
                         net (fo=1, routed)           0.000    14.151    GEN_BRAM.u_core/alu/u_mul/u_mul/GEN_VEDIC.u_mul/u0/product__0_carry__1_i_17_n_0
    SLICE_X30Y7          CARRY4 (Prop_carry4_S[3]_CO[3])
                                                      0.216    14.367 r  GEN_BRAM.u_core/alu/u_mul/u_mul/GEN_VEDIC.u_mul/u0/product__0_carry__1_i_9/CO[3]
                         net (fo=1, routed)           0.000    14.367    GEN_BRAM.u_core/alu/u_mul/u_mul/GEN_VEDIC.u_mul/u0/product__0_carry__1_i_9_n_0
    SLICE_X30Y8          CARRY4 (Prop_carry4_CI_O[0])
                                                      0.135    14.502 r  GEN_BRAM.u_core/alu/u_mul/u_mul/GEN_VEDIC.u_mul/u0/product__0_carry__2_i_9/O[0]
                         net (fo=2, routed)           0.764    15.266    GEN_BRAM.u_core/alu/u_mul/u_mul/GEN_VEDIC.u_mul/u0/p1[12]
    SLICE_X24Y8          LUT3 (Prop_lut3_I0_O)        0.164    15.430 r  GEN_BRAM.u_core/alu/u_mul/u_mul/GEN_VEDIC.u_mul/u0/product__0_carry__2_i_3__2/O
                         net (fo=2, routed)           0.355    15.786    GEN_BRAM.u_core/alu/u_mul/u_mul/GEN_VEDIC.u_mul/u0/product__0_carry__2_i_3__2_n_0
    SLICE_X24Y8          LUT4 (Prop_lut4_I3_O)        0.170    15.956 r  GEN_BRAM.u_core/alu/u_mul/u_mul/GEN_VEDIC.u_mul/u0/product__0_carry__2_i_7__2/O
                         net (fo=1, routed)           0.000    15.956    GEN_BRAM.u_core/alu/u_mul/u_mul/GEN_VEDIC.u_mul/u0/product__0_carry__2_i_7__2_n_0
    SLICE_X24Y8          CARRY4 (Prop_carry4_S[1]_O[3])
                                                      0.379    16.335 r  GEN_BRAM.u_core/alu/u_mul/u_mul/GEN_VEDIC.u_mul/u0/product__0_carry__2/O[3]
                         net (fo=2, routed)           0.753    17.088    GEN_BRAM.u_core/alu/u_mul/u_mul/GEN_VEDIC.u_mul/u0/p_1_in[23]
    SLICE_X21Y13         LUT3 (Prop_lut3_I2_O)        0.157    17.245 r  GEN_BRAM.u_core/alu/u_mul/u_mul/GEN_VEDIC.u_mul/u0/result[27]_INST_0_i_6/O
                         net (fo=2, routed)           0.443    17.688    GEN_BRAM.u_core/alu/u_mul/u_mul/GEN_VEDIC.u_mul/u0/DI[0]
    SLICE_X21Y14         LUT4 (Prop_lut4_I3_O)        0.168    17.856 r  GEN_BRAM.u_core/alu/u_mul/u_mul/GEN_VEDIC.u_mul/u0/result[27]_INST_0_i_10/O
                         net (fo=1, routed)           0.000    17.856    GEN_BRAM.u_core/alu/u_mul/u_mul/GEN_VEDIC.u_mul/u1/result[24]_INST_0_0[0]
    SLICE_X21Y14         CARRY4 (Prop_carry4_S[0]_CO[3])
                                                      0.313    18.169 r  GEN_BRAM.u_core/alu/u_mul/u_mul/GEN_VEDIC.u_mul/u1/result[27]_INST_0_i_1/CO[3]
                         net (fo=1, routed)           0.000    18.169    GEN_BRAM.u_core/alu/u_mul/u_mul/GEN_VEDIC.u_mul/u1/result[27]_INST_0_i_1_n_0
    SLICE_X21Y15         CARRY4 (Prop_carry4_CI_O[1])
                                                      0.213    18.382 f  GEN_BRAM.u_core/alu/u_mul/u_mul/GEN_VEDIC.u_mul/u1/result[31]_INST_0_i_1/O[1]
                         net (fo=2, routed)           0.361    18.743    GEN_BRAM.u_core/alu/u_mul/u_mul/GEN_VEDIC.u_mul/u1/result[31]_INST_0_i_13_0[6]
    SLICE_X19Y16         LUT1 (Prop_lut1_I0_O)        0.152    18.895 r  GEN_BRAM.u_core/alu/u_mul/u_mul/GEN_VEDIC.u_mul/u1/result[0]_INST_0_i_6/O
                         net (fo=1, routed)           0.000    18.895    GEN_BRAM.u_core/alu/u_mul/u_mul/GEN_VEDIC.u_mul/u1/p_0_in[29]
    SLICE_X19Y16         CARRY4 (Prop_carry4_S[0]_CO[3])
                                                      0.313    19.208 r  GEN_BRAM.u_core/alu/u_mul/u_mul/GEN_VEDIC.u_mul/u1/result[0]_INST_0_i_1/CO[3]
                         net (fo=1, routed)           0.000    19.208    GEN_BRAM.u_core/alu/u_mul/u_mul/GEN_VEDIC.u_mul/u1/result[0]_INST_0_i_1_n_0
    SLICE_X19Y17         CARRY4 (Prop_carry4_CI_O[0])
                                                      0.139    19.347 r  GEN_BRAM.u_core/alu/u_mul/u_mul/GEN_VEDIC.u_mul/u1/result[4]_INST_0_i_1/O[0]
                         net (fo=1, routed)           0.254    19.600    GEN_BRAM.u_core/alu/u_mul/u_mul/GEN_VEDIC.u_mul/u1/signed_product0[33]
    SLICE_X17Y16         LUT5 (Prop_lut5_I4_O)        0.155    19.755 r  GEN_BRAM.u_core/alu/u_mul/u_mul/GEN_VEDIC.u_mul/u1/result[1]_INST_0/O
                         net (fo=2, routed)           0.637    20.392    GEN_BRAM.u_core/reg_file/result[0]
    SLICE_X6Y15          LUT6 (Prop_lut6_I2_O)        0.053    20.445 r  GEN_BRAM.u_core/reg_file/debug_alu_out_OBUF[1]_inst_i_2/O
                         net (fo=2, routed)           0.000    20.445    GEN_BRAM.u_core/alu_mux_b/load_addr_hold_reg[1]
    SLICE_X6Y15          MUXF7 (Prop_muxf7_I0_O)      0.121    20.566 r  GEN_BRAM.u_core/alu_mux_b/debug_alu_out_OBUF[1]_inst_i_1/O
                         net (fo=43, routed)          0.978    21.544    GEN_BRAM.u_core/alu_mux_b/D[0]
    SLICE_X2Y8           LUT3 (Prop_lut3_I2_O)        0.160    21.704 r  GEN_BRAM.u_core/alu_mux_b/mem_reg_1_i_41/O
                         net (fo=12, routed)          1.129    22.832    GEN_BRAM.u_core/alu_mux_b/ir_reg[14]
    SLICE_X14Y2          LUT2 (Prop_lut2_I0_O)        0.176    23.008 r  GEN_BRAM.u_core/alu_mux_b/mem_reg_1_i_19/O
                         net (fo=8, routed)           0.582    23.591    GEN_BRAM.u_core/reg_file/mem_reg_1_2
    SLICE_X14Y1          LUT6 (Prop_lut6_I0_O)        0.168    23.759 r  GEN_BRAM.u_core/reg_file/mem_reg_1_i_1/O
                         net (fo=1, routed)           0.638    24.397    GEN_BRAM.u_core/dmem/wdata[31]
    RAMB36_X0Y1          RAMB36E1                                     r  GEN_BRAM.u_core/dmem/mem_reg_1/DIADI[15]
  -------------------------------------------------------------------    -------------------

                         (clock sys_clk rise edge)   30.000    30.000 r  
    AD23                                              0.000    30.000 r  clk (IN)
                         net (fo=0)                   0.000    30.000    clk
    AD23                 IBUF (Prop_ibuf_I_O)         0.796    30.796 r  clk_IBUF_inst/O
                         net (fo=1, routed)           1.741    32.537    clk_IBUF
    BUFGCTRL_X0Y0        BUFG (Prop_bufg_I_O)         0.113    32.650 r  clk_IBUF_BUFG_inst/O
                         net (fo=350, routed)         1.577    34.227    GEN_BRAM.u_core/dmem/clk_IBUF_BUFG
    RAMB36_X0Y1          RAMB36E1                                     r  GEN_BRAM.u_core/dmem/mem_reg_1/CLKARDCLK
                         clock pessimism              0.256    34.483    
                         clock uncertainty           -0.035    34.448    
    RAMB36_X0Y1          RAMB36E1 (Setup_ramb36e1_CLKARDCLK_DIADI[15])
                                                     -0.204    34.244    GEN_BRAM.u_core/dmem/mem_reg_1
  -------------------------------------------------------------------
                         required time                         34.244    
                         arrival time                         -24.397    
  -------------------------------------------------------------------
                         slack                                  9.847    

Slack (MET) :             9.848ns  (required time - arrival time)
  Source:                 GEN_BRAM.u_core/ir_reg[17]/C
                            (rising edge-triggered cell FDCE clocked by sys_clk  {rise@0.000ns fall@15.000ns period=30.000ns})
  Destination:            GEN_BRAM.u_core/reg_file/registers_reg_r2_0_31_0_5/RAMC_D1/I
                            (rising edge-triggered cell RAMD32 clocked by sys_clk  {rise@0.000ns fall@15.000ns period=30.000ns})
  Path Group:             sys_clk
  Path Type:              Setup (Max at Slow Process Corner)
  Requirement:            30.000ns  (sys_clk rise@30.000ns - sys_clk rise@0.000ns)
  Data Path Delay:        19.978ns  (logic 5.603ns (28.045%)  route 14.375ns (71.955%))
  Logic Levels:           33  (CARRY4=12 LUT1=1 LUT2=1 LUT3=4 LUT4=5 LUT5=2 LUT6=6 MUXF7=1 RAMD32=1)
  Clock Path Skew:        0.036ns (DCD - SCD + CPR)
    Destination Clock Delay (DCD):    4.195ns = ( 34.195 - 30.000 ) 
    Source Clock Delay      (SCD):    4.416ns
    Clock Pessimism Removal (CPR):    0.256ns
  Clock Uncertainty:      0.035ns  ((TSJ^2 + TIJ^2)^1/2 + DJ) / 2 + PE
    Total System Jitter     (TSJ):    0.071ns
    Total Input Jitter      (TIJ):    0.000ns
    Discrete Jitter          (DJ):    0.000ns
    Phase Error              (PE):    0.000ns

    Location             Delay type                Incr(ns)  Path(ns)    Netlist Resource(s)
  -------------------------------------------------------------------    -------------------
                         (clock sys_clk rise edge)    0.000     0.000 r  
    AD23                                              0.000     0.000 r  clk (IN)
                         net (fo=0)                   0.000     0.000    clk
    AD23                 IBUF (Prop_ibuf_I_O)         0.873     0.873 r  clk_IBUF_inst/O
                         net (fo=1, routed)           1.830     2.703    clk_IBUF
    BUFGCTRL_X0Y0        BUFG (Prop_bufg_I_O)         0.120     2.823 r  clk_IBUF_BUFG_inst/O
                         net (fo=350, routed)         1.593     4.416    GEN_BRAM.u_core/clk_IBUF_BUFG
    SLICE_X32Y2          FDCE                                         r  GEN_BRAM.u_core/ir_reg[17]/C
  -------------------------------------------------------------------    -------------------
    SLICE_X32Y2          FDCE (Prop_fdce_C_Q)         0.308     4.724 r  GEN_BRAM.u_core/ir_reg[17]/Q
                         net (fo=97, routed)          1.465     6.189    GEN_BRAM.u_core/reg_file/registers_reg_r1_0_31_0_5/ADDRA2
    SLICE_X10Y1          RAMD32 (Prop_ramd32_RADR2_O)
                                                      0.065     6.254 f  GEN_BRAM.u_core/reg_file/registers_reg_r1_0_31_0_5/RAMA/O
                         net (fo=10, routed)          0.756     7.009    GEN_BRAM.u_core/alu_mux_a/dataR10[0]
    SLICE_X20Y2          LUT4 (Prop_lut4_I1_O)        0.168     7.177 r  GEN_BRAM.u_core/alu_mux_a/u_adder_i_32/O
                         net (fo=90, routed)          0.906     8.083    GEN_BRAM.u_core/alu/u_mul/u_mul/GEN_VEDIC.u_mul/u2/result[1]_INST_0_i_11_n_0
    SLICE_X8Y10          CARRY4 (Prop_carry4_CYINIT_CO[3])
                                                      0.359     8.442 r  GEN_BRAM.u_core/alu/u_mul/u_mul/GEN_VEDIC.u_mul/u2/result[1]_INST_0_i_5/CO[3]
                         net (fo=1, routed)           0.000     8.442    GEN_BRAM.u_core/alu/u_mul/u_mul/GEN_VEDIC.u_mul/u2/result[1]_INST_0_i_5_n_0
    SLICE_X8Y11          CARRY4 (Prop_carry4_CI_CO[3])
                                                      0.060     8.502 r  GEN_BRAM.u_core/alu/u_mul/u_mul/GEN_VEDIC.u_mul/u2/product__0_carry_i_42__1/CO[3]
                         net (fo=1, routed)           0.000     8.502    GEN_BRAM.u_core/alu/u_mul/u_mul/GEN_VEDIC.u_mul/u2/product__0_carry_i_42__1_n_0
    SLICE_X8Y12          CARRY4 (Prop_carry4_CI_CO[3])
                                                      0.060     8.562 r  GEN_BRAM.u_core/alu/u_mul/u_mul/GEN_VEDIC.u_mul/u2/product__0_carry_i_73__0/CO[3]
                         net (fo=1, routed)           0.000     8.562    GEN_BRAM.u_core/alu/u_mul/u_mul/GEN_VEDIC.u_mul/u2/product__0_carry_i_73__0_n_0
    SLICE_X8Y13          CARRY4 (Prop_carry4_CI_O[1])
                                                      0.212     8.774 r  GEN_BRAM.u_core/alu/u_mul/u_mul/GEN_VEDIC.u_mul/u2/product__0_carry_i_41__1/O[1]
                         net (fo=1, routed)           0.273     9.047    GEN_BRAM.u_core/alu/u_mul/u_mul/GEN_VEDIC.u_mul/u2/mag_a0[14]
    SLICE_X9Y13          LUT6 (Prop_lut6_I0_O)        0.155     9.202 r  GEN_BRAM.u_core/alu/u_mul/u_mul/GEN_VEDIC.u_mul/u2/product__0_carry__4_i_15__1/O
                         net (fo=80, routed)          1.766    10.968    GEN_BRAM.u_core/alu/u_mul/u_mul/GEN_VEDIC.u_mul/u0/mag_a[13]
    SLICE_X33Y7          LUT4 (Prop_lut4_I1_O)        0.065    11.033 r  GEN_BRAM.u_core/alu/u_mul/u_mul/GEN_VEDIC.u_mul/u0/product__0_carry__0_i_93/O
                         net (fo=2, routed)           0.696    11.730    GEN_BRAM.u_core/alu/u_mul/u_mul/GEN_VEDIC.u_mul/u0/u1/u1/p1[1]
    SLICE_X32Y7          LUT3 (Prop_lut3_I0_O)        0.185    11.915 r  GEN_BRAM.u_core/alu/u_mul/u_mul/GEN_VEDIC.u_mul/u0/product__0_carry__0_i_50/O
                         net (fo=2, routed)           0.289    12.203    GEN_BRAM.u_core/alu/u_mul/u_mul/GEN_VEDIC.u_mul/u0/product__0_carry__0_i_50_n_0
    SLICE_X32Y7          LUT5 (Prop_lut5_I4_O)        0.172    12.375 r  GEN_BRAM.u_core/alu/u_mul/u_mul/GEN_VEDIC.u_mul/u0/product__0_carry__0_i_53/O
                         net (fo=1, routed)           0.000    12.375    GEN_BRAM.u_core/alu/u_mul/u_mul/GEN_VEDIC.u_mul/u0/product__0_carry__0_i_53_n_0
    SLICE_X32Y7          CARRY4 (Prop_carry4_S[2]_CO[3])
                                                      0.219    12.594 r  GEN_BRAM.u_core/alu/u_mul/u_mul/GEN_VEDIC.u_mul/u0/product__0_carry__0_i_29/CO[3]
                         net (fo=1, routed)           0.000    12.594    GEN_BRAM.u_core/alu/u_mul/u_mul/GEN_VEDIC.u_mul/u0/product__0_carry__0_i_29_n_0
    SLICE_X32Y8          CARRY4 (Prop_carry4_CI_O[0])
                                                      0.135    12.729 r  GEN_BRAM.u_core/alu/u_mul/u_mul/GEN_VEDIC.u_mul/u0/product__0_carry__1_i_36/O[0]
                         net (fo=2, routed)           0.618    13.347    GEN_BRAM.u_core/alu/u_mul/u_mul/GEN_VEDIC.u_mul/u0/u1/p1[6]
    SLICE_X30Y7          LUT3 (Prop_lut3_I0_O)        0.163    13.510 r  GEN_BRAM.u_core/alu/u_mul/u_mul/GEN_VEDIC.u_mul/u0/product__0_carry__1_i_13/O
                         net (fo=2, routed)           0.477    13.987    GEN_BRAM.u_core/alu/u_mul/u_mul/GEN_VEDIC.u_mul/u0/product__0_carry__1_i_13_n_0
    SLICE_X30Y7          LUT4 (Prop_lut4_I0_O)        0.164    14.151 r  GEN_BRAM.u_core/alu/u_mul/u_mul/GEN_VEDIC.u_mul/u0/product__0_carry__1_i_17/O
                         net (fo=1, routed)           0.000    14.151    GEN_BRAM.u_core/alu/u_mul/u_mul/GEN_VEDIC.u_mul/u0/product__0_carry__1_i_17_n_0
    SLICE_X30Y7          CARRY4 (Prop_carry4_S[3]_CO[3])
                                                      0.216    14.367 r  GEN_BRAM.u_core/alu/u_mul/u_mul/GEN_VEDIC.u_mul/u0/product__0_carry__1_i_9/CO[3]
                         net (fo=1, routed)           0.000    14.367    GEN_BRAM.u_core/alu/u_mul/u_mul/GEN_VEDIC.u_mul/u0/product__0_carry__1_i_9_n_0
    SLICE_X30Y8          CARRY4 (Prop_carry4_CI_O[0])
                                                      0.135    14.502 r  GEN_BRAM.u_core/alu/u_mul/u_mul/GEN_VEDIC.u_mul/u0/product__0_carry__2_i_9/O[0]
                         net (fo=2, routed)           0.764    15.266    GEN_BRAM.u_core/alu/u_mul/u_mul/GEN_VEDIC.u_mul/u0/p1[12]
    SLICE_X24Y8          LUT3 (Prop_lut3_I0_O)        0.164    15.430 r  GEN_BRAM.u_core/alu/u_mul/u_mul/GEN_VEDIC.u_mul/u0/product__0_carry__2_i_3__2/O
                         net (fo=2, routed)           0.355    15.786    GEN_BRAM.u_core/alu/u_mul/u_mul/GEN_VEDIC.u_mul/u0/product__0_carry__2_i_3__2_n_0
    SLICE_X24Y8          LUT4 (Prop_lut4_I3_O)        0.170    15.956 r  GEN_BRAM.u_core/alu/u_mul/u_mul/GEN_VEDIC.u_mul/u0/product__0_carry__2_i_7__2/O
                         net (fo=1, routed)           0.000    15.956    GEN_BRAM.u_core/alu/u_mul/u_mul/GEN_VEDIC.u_mul/u0/product__0_carry__2_i_7__2_n_0
    SLICE_X24Y8          CARRY4 (Prop_carry4_S[1]_O[3])
                                                      0.379    16.335 r  GEN_BRAM.u_core/alu/u_mul/u_mul/GEN_VEDIC.u_mul/u0/product__0_carry__2/O[3]
                         net (fo=2, routed)           0.753    17.088    GEN_BRAM.u_core/alu/u_mul/u_mul/GEN_VEDIC.u_mul/u0/p_1_in[23]
    SLICE_X21Y13         LUT3 (Prop_lut3_I2_O)        0.157    17.245 r  GEN_BRAM.u_core/alu/u_mul/u_mul/GEN_VEDIC.u_mul/u0/result[27]_INST_0_i_6/O
                         net (fo=2, routed)           0.443    17.688    GEN_BRAM.u_core/alu/u_mul/u_mul/GEN_VEDIC.u_mul/u0/DI[0]
    SLICE_X21Y14         LUT4 (Prop_lut4_I3_O)        0.168    17.856 r  GEN_BRAM.u_core/alu/u_mul/u_mul/GEN_VEDIC.u_mul/u0/result[27]_INST_0_i_10/O
                         net (fo=1, routed)           0.000    17.856    GEN_BRAM.u_core/alu/u_mul/u_mul/GEN_VEDIC.u_mul/u1/result[24]_INST_0_0[0]
    SLICE_X21Y14         CARRY4 (Prop_carry4_S[0]_CO[3])
                                                      0.313    18.169 r  GEN_BRAM.u_core/alu/u_mul/u_mul/GEN_VEDIC.u_mul/u1/result[27]_INST_0_i_1/CO[3]
                         net (fo=1, routed)           0.000    18.169    GEN_BRAM.u_core/alu/u_mul/u_mul/GEN_VEDIC.u_mul/u1/result[27]_INST_0_i_1_n_0
    SLICE_X21Y15         CARRY4 (Prop_carry4_CI_O[1])
                                                      0.213    18.382 f  GEN_BRAM.u_core/alu/u_mul/u_mul/GEN_VEDIC.u_mul/u1/result[31]_INST_0_i_1/O[1]
                         net (fo=2, routed)           0.361    18.743    GEN_BRAM.u_core/alu/u_mul/u_mul/GEN_VEDIC.u_mul/u1/result[31]_INST_0_i_13_0[6]
    SLICE_X19Y16         LUT1 (Prop_lut1_I0_O)        0.152    18.895 r  GEN_BRAM.u_core/alu/u_mul/u_mul/GEN_VEDIC.u_mul/u1/result[0]_INST_0_i_6/O
                         net (fo=1, routed)           0.000    18.895    GEN_BRAM.u_core/alu/u_mul/u_mul/GEN_VEDIC.u_mul/u1/p_0_in[29]
    SLICE_X19Y16         CARRY4 (Prop_carry4_S[0]_O[3])
                                                      0.357    19.252 f  GEN_BRAM.u_core/alu/u_mul/u_mul/GEN_VEDIC.u_mul/u1/result[0]_INST_0_i_1/O[3]
                         net (fo=1, routed)           0.399    19.651    GEN_BRAM.u_core/alu/u_mul/u_mul/GEN_VEDIC.u_mul/u1/signed_product0[32]
    SLICE_X15Y16         LUT6 (Prop_lut6_I5_O)        0.142    19.793 f  GEN_BRAM.u_core/alu/u_mul/u_mul/GEN_VEDIC.u_mul/u1/result[0]_INST_0/O
                         net (fo=1, routed)           0.604    20.397    GEN_BRAM.u_core/alu/mul_result[0]
    SLICE_X7Y16          LUT6 (Prop_lut6_I0_O)        0.053    20.450 f  GEN_BRAM.u_core/alu/debug_alu_out_OBUF[0]_inst_i_11/O
                         net (fo=1, routed)           0.000    20.450    GEN_BRAM.u_core/alu/debug_alu_out_OBUF[0]_inst_i_11_n_0
    SLICE_X7Y16          MUXF7 (Prop_muxf7_I1_O)      0.129    20.579 f  GEN_BRAM.u_core/alu/debug_alu_out_OBUF[0]_inst_i_4/O
                         net (fo=1, routed)           0.271    20.850    GEN_BRAM.u_core/alu/debug_alu_out_OBUF[0]_inst_i_4_n_0
    SLICE_X9Y16          LUT6 (Prop_lut6_I5_O)        0.153    21.003 f  GEN_BRAM.u_core/alu/debug_alu_out_OBUF[0]_inst_i_1/O
                         net (fo=11, routed)          0.921    21.923    GEN_BRAM.u_core/alu/D[0]
    SLICE_X8Y0           LUT2 (Prop_lut2_I1_O)        0.053    21.976 r  GEN_BRAM.u_core/alu/mem_reg_0_i_37/O
                         net (fo=26, routed)          0.940    22.916    GEN_BRAM.u_core/dmem/registers_reg_r1_0_31_6_11_i_10
    SLICE_X0Y8           LUT5 (Prop_lut5_I4_O)        0.053    22.969 r  GEN_BRAM.u_core/dmem/registers_reg_r1_0_31_0_5_i_40/O
                         net (fo=1, routed)           0.470    23.438    GEN_BRAM.u_core/wb_mux/registers_reg_r1_0_31_0_5_i_6_0
    SLICE_X0Y3           LUT6 (Prop_lut6_I5_O)        0.053    23.491 r  GEN_BRAM.u_core/wb_mux/registers_reg_r1_0_31_0_5_i_19/O
                         net (fo=1, routed)           0.449    23.940    GEN_BRAM.u_core/divider/wb_exec[5]
    SLICE_X6Y2           LUT6 (Prop_lut6_I5_O)        0.053    23.993 r  GEN_BRAM.u_core/divider/registers_reg_r1_0_31_0_5_i_6/O
                         net (fo=2, routed)           0.401    24.394    GEN_BRAM.u_core/reg_file/registers_reg_r2_0_31_0_5/DIC1
    SLICE_X10Y2          RAMD32                                       r  GEN_BRAM.u_core/reg_file/registers_reg_r2_0_31_0_5/RAMC_D1/I
  -------------------------------------------------------------------    -------------------

                         (clock sys_clk rise edge)   30.000    30.000 r  
    AD23                                              0.000    30.000 r  clk (IN)
                         net (fo=0)                   0.000    30.000    clk
    AD23                 IBUF (Prop_ibuf_I_O)         0.796    30.796 r  clk_IBUF_inst/O
                         net (fo=1, routed)           1.741    32.537    clk_IBUF
    BUFGCTRL_X0Y0        BUFG (Prop_bufg_I_O)         0.113    32.650 r  clk_IBUF_BUFG_inst/O
                         net (fo=350, routed)         1.545    34.195    GEN_BRAM.u_core/reg_file/registers_reg_r2_0_31_0_5/WCLK
    SLICE_X10Y2          RAMD32                                       r  GEN_BRAM.u_core/reg_file/registers_reg_r2_0_31_0_5/RAMC_D1/CLK
                         clock pessimism              0.256    34.452    
                         clock uncertainty           -0.035    34.416    
    SLICE_X10Y2          RAMD32 (Setup_ramd32_CLK_I)
                                                     -0.174    34.242    GEN_BRAM.u_core/reg_file/registers_reg_r2_0_31_0_5/RAMC_D1
  -------------------------------------------------------------------
                         required time                         34.242    
                         arrival time                         -24.394    
  -------------------------------------------------------------------
                         slack                                  9.848    

Slack (MET) :             9.850ns  (required time - arrival time)
  Source:                 GEN_BRAM.u_core/ir_reg[17]/C
                            (rising edge-triggered cell FDCE clocked by sys_clk  {rise@0.000ns fall@15.000ns period=30.000ns})
  Destination:            GEN_BRAM.u_core/dmem/mem_reg_1/DIADI[12]
                            (rising edge-triggered cell RAMB36E1 clocked by sys_clk  {rise@0.000ns fall@15.000ns period=30.000ns})
  Path Group:             sys_clk
  Path Type:              Setup (Max at Slow Process Corner)
  Requirement:            30.000ns  (sys_clk rise@30.000ns - sys_clk rise@0.000ns)
  Data Path Delay:        19.978ns  (logic 5.842ns (29.242%)  route 14.136ns (70.758%))
  Logic Levels:           32  (CARRY4=13 LUT1=1 LUT2=1 LUT3=5 LUT4=5 LUT5=2 LUT6=3 MUXF7=1 RAMD32=1)
  Clock Path Skew:        0.068ns (DCD - SCD + CPR)
    Destination Clock Delay (DCD):    4.227ns = ( 34.227 - 30.000 ) 
    Source Clock Delay      (SCD):    4.416ns
    Clock Pessimism Removal (CPR):    0.256ns
  Clock Uncertainty:      0.035ns  ((TSJ^2 + TIJ^2)^1/2 + DJ) / 2 + PE
    Total System Jitter     (TSJ):    0.071ns
    Total Input Jitter      (TIJ):    0.000ns
    Discrete Jitter          (DJ):    0.000ns
    Phase Error              (PE):    0.000ns

    Location             Delay type                Incr(ns)  Path(ns)    Netlist Resource(s)
  -------------------------------------------------------------------    -------------------
                         (clock sys_clk rise edge)    0.000     0.000 r  
    AD23                                              0.000     0.000 r  clk (IN)
                         net (fo=0)                   0.000     0.000    clk
    AD23                 IBUF (Prop_ibuf_I_O)         0.873     0.873 r  clk_IBUF_inst/O
                         net (fo=1, routed)           1.830     2.703    clk_IBUF
    BUFGCTRL_X0Y0        BUFG (Prop_bufg_I_O)         0.120     2.823 r  clk_IBUF_BUFG_inst/O
                         net (fo=350, routed)         1.593     4.416    GEN_BRAM.u_core/clk_IBUF_BUFG
    SLICE_X32Y2          FDCE                                         r  GEN_BRAM.u_core/ir_reg[17]/C
  -------------------------------------------------------------------    -------------------
    SLICE_X32Y2          FDCE (Prop_fdce_C_Q)         0.308     4.724 r  GEN_BRAM.u_core/ir_reg[17]/Q
                         net (fo=97, routed)          1.465     6.189    GEN_BRAM.u_core/reg_file/registers_reg_r1_0_31_0_5/ADDRA2
    SLICE_X10Y1          RAMD32 (Prop_ramd32_RADR2_O)
                                                      0.065     6.254 f  GEN_BRAM.u_core/reg_file/registers_reg_r1_0_31_0_5/RAMA/O
                         net (fo=10, routed)          0.756     7.009    GEN_BRAM.u_core/alu_mux_a/dataR10[0]
    SLICE_X20Y2          LUT4 (Prop_lut4_I1_O)        0.168     7.177 r  GEN_BRAM.u_core/alu_mux_a/u_adder_i_32/O
                         net (fo=90, routed)          0.906     8.083    GEN_BRAM.u_core/alu/u_mul/u_mul/GEN_VEDIC.u_mul/u2/result[1]_INST_0_i_11_n_0
    SLICE_X8Y10          CARRY4 (Prop_carry4_CYINIT_CO[3])
                                                      0.359     8.442 r  GEN_BRAM.u_core/alu/u_mul/u_mul/GEN_VEDIC.u_mul/u2/result[1]_INST_0_i_5/CO[3]
                         net (fo=1, routed)           0.000     8.442    GEN_BRAM.u_core/alu/u_mul/u_mul/GEN_VEDIC.u_mul/u2/result[1]_INST_0_i_5_n_0
    SLICE_X8Y11          CARRY4 (Prop_carry4_CI_CO[3])
                                                      0.060     8.502 r  GEN_BRAM.u_core/alu/u_mul/u_mul/GEN_VEDIC.u_mul/u2/product__0_carry_i_42__1/CO[3]
                         net (fo=1, routed)           0.000     8.502    GEN_BRAM.u_core/alu/u_mul/u_mul/GEN_VEDIC.u_mul/u2/product__0_carry_i_42__1_n_0
    SLICE_X8Y12          CARRY4 (Prop_carry4_CI_CO[3])
                                                      0.060     8.562 r  GEN_BRAM.u_core/alu/u_mul/u_mul/GEN_VEDIC.u_mul/u2/product__0_carry_i_73__0/CO[3]
                         net (fo=1, routed)           0.000     8.562    GEN_BRAM.u_core/alu/u_mul/u_mul/GEN_VEDIC.u_mul/u2/product__0_carry_i_73__0_n_0
    SLICE_X8Y13          CARRY4 (Prop_carry4_CI_O[1])
                                                      0.212     8.774 r  GEN_BRAM.u_core/alu/u_mul/u_mul/GEN_VEDIC.u_mul/u2/product__0_carry_i_41__1/O[1]
                         net (fo=1, routed)           0.273     9.047    GEN_BRAM.u_core/alu/u_mul/u_mul/GEN_VEDIC.u_mul/u2/mag_a0[14]
    SLICE_X9Y13          LUT6 (Prop_lut6_I0_O)        0.155     9.202 r  GEN_BRAM.u_core/alu/u_mul/u_mul/GEN_VEDIC.u_mul/u2/product__0_carry__4_i_15__1/O
                         net (fo=80, routed)          1.766    10.968    GEN_BRAM.u_core/alu/u_mul/u_mul/GEN_VEDIC.u_mul/u0/mag_a[13]
    SLICE_X33Y7          LUT4 (Prop_lut4_I1_O)        0.065    11.033 r  GEN_BRAM.u_core/alu/u_mul/u_mul/GEN_VEDIC.u_mul/u0/product__0_carry__0_i_93/O
                         net (fo=2, routed)           0.696    11.730    GEN_BRAM.u_core/alu/u_mul/u_mul/GEN_VEDIC.u_mul/u0/u1/u1/p1[1]
    SLICE_X32Y7          LUT3 (Prop_lut3_I0_O)        0.185    11.915 r  GEN_BRAM.u_core/alu/u_mul/u_mul/GEN_VEDIC.u_mul/u0/product__0_carry__0_i_50/O
                         net (fo=2, routed)           0.289    12.203    GEN_BRAM.u_core/alu/u_mul/u_mul/GEN_VEDIC.u_mul/u0/product__0_carry__0_i_50_n_0
    SLICE_X32Y7          LUT5 (Prop_lut5_I4_O)        0.172    12.375 r  GEN_BRAM.u_core/alu/u_mul/u_mul/GEN_VEDIC.u_mul/u0/product__0_carry__0_i_53/O
                         net (fo=1, routed)           0.000    12.375    GEN_BRAM.u_core/alu/u_mul/u_mul/GEN_VEDIC.u_mul/u0/product__0_carry__0_i_53_n_0
    SLICE_X32Y7          CARRY4 (Prop_carry4_S[2]_CO[3])
                                                      0.219    12.594 r  GEN_BRAM.u_core/alu/u_mul/u_mul/GEN_VEDIC.u_mul/u0/product__0_carry__0_i_29/CO[3]
                         net (fo=1, routed)           0.000    12.594    GEN_BRAM.u_core/alu/u_mul/u_mul/GEN_VEDIC.u_mul/u0/product__0_carry__0_i_29_n_0
    SLICE_X32Y8          CARRY4 (Prop_carry4_CI_O[0])
                                                      0.135    12.729 r  GEN_BRAM.u_core/alu/u_mul/u_mul/GEN_VEDIC.u_mul/u0/product__0_carry__1_i_36/O[0]
                         net (fo=2, routed)           0.618    13.347    GEN_BRAM.u_core/alu/u_mul/u_mul/GEN_VEDIC.u_mul/u0/u1/p1[6]
    SLICE_X30Y7          LUT3 (Prop_lut3_I0_O)        0.163    13.510 r  GEN_BRAM.u_core/alu/u_mul/u_mul/GEN_VEDIC.u_mul/u0/product__0_carry__1_i_13/O
                         net (fo=2, routed)           0.477    13.987    GEN_BRAM.u_core/alu/u_mul/u_mul/GEN_VEDIC.u_mul/u0/product__0_carry__1_i_13_n_0
    SLICE_X30Y7          LUT4 (Prop_lut4_I0_O)        0.164    14.151 r  GEN_BRAM.u_core/alu/u_mul/u_mul/GEN_VEDIC.u_mul/u0/product__0_carry__1_i_17/O
                         net (fo=1, routed)           0.000    14.151    GEN_BRAM.u_core/alu/u_mul/u_mul/GEN_VEDIC.u_mul/u0/product__0_carry__1_i_17_n_0
    SLICE_X30Y7          CARRY4 (Prop_carry4_S[3]_CO[3])
                                                      0.216    14.367 r  GEN_BRAM.u_core/alu/u_mul/u_mul/GEN_VEDIC.u_mul/u0/product__0_carry__1_i_9/CO[3]
                         net (fo=1, routed)           0.000    14.367    GEN_BRAM.u_core/alu/u_mul/u_mul/GEN_VEDIC.u_mul/u0/product__0_carry__1_i_9_n_0
    SLICE_X30Y8          CARRY4 (Prop_carry4_CI_O[0])
                                                      0.135    14.502 r  GEN_BRAM.u_core/alu/u_mul/u_mul/GEN_VEDIC.u_mul/u0/product__0_carry__2_i_9/O[0]
                         net (fo=2, routed)           0.764    15.266    GEN_BRAM.u_core/alu/u_mul/u_mul/GEN_VEDIC.u_mul/u0/p1[12]
    SLICE_X24Y8          LUT3 (Prop_lut3_I0_O)        0.164    15.430 r  GEN_BRAM.u_core/alu/u_mul/u_mul/GEN_VEDIC.u_mul/u0/product__0_carry__2_i_3__2/O
                         net (fo=2, routed)           0.355    15.786    GEN_BRAM.u_core/alu/u_mul/u_mul/GEN_VEDIC.u_mul/u0/product__0_carry__2_i_3__2_n_0
    SLICE_X24Y8          LUT4 (Prop_lut4_I3_O)        0.170    15.956 r  GEN_BRAM.u_core/alu/u_mul/u_mul/GEN_VEDIC.u_mul/u0/product__0_carry__2_i_7__2/O
                         net (fo=1, routed)           0.000    15.956    GEN_BRAM.u_core/alu/u_mul/u_mul/GEN_VEDIC.u_mul/u0/product__0_carry__2_i_7__2_n_0
    SLICE_X24Y8          CARRY4 (Prop_carry4_S[1]_O[3])
                                                      0.379    16.335 r  GEN_BRAM.u_core/alu/u_mul/u_mul/GEN_VEDIC.u_mul/u0/product__0_carry__2/O[3]
                         net (fo=2, routed)           0.753    17.088    GEN_BRAM.u_core/alu/u_mul/u_mul/GEN_VEDIC.u_mul/u0/p_1_in[23]
    SLICE_X21Y13         LUT3 (Prop_lut3_I2_O)        0.157    17.245 r  GEN_BRAM.u_core/alu/u_mul/u_mul/GEN_VEDIC.u_mul/u0/result[27]_INST_0_i_6/O
                         net (fo=2, routed)           0.443    17.688    GEN_BRAM.u_core/alu/u_mul/u_mul/GEN_VEDIC.u_mul/u0/DI[0]
    SLICE_X21Y14         LUT4 (Prop_lut4_I3_O)        0.168    17.856 r  GEN_BRAM.u_core/alu/u_mul/u_mul/GEN_VEDIC.u_mul/u0/result[27]_INST_0_i_10/O
                         net (fo=1, routed)           0.000    17.856    GEN_BRAM.u_core/alu/u_mul/u_mul/GEN_VEDIC.u_mul/u1/result[24]_INST_0_0[0]
    SLICE_X21Y14         CARRY4 (Prop_carry4_S[0]_CO[3])
                                                      0.313    18.169 r  GEN_BRAM.u_core/alu/u_mul/u_mul/GEN_VEDIC.u_mul/u1/result[27]_INST_0_i_1/CO[3]
                         net (fo=1, routed)           0.000    18.169    GEN_BRAM.u_core/alu/u_mul/u_mul/GEN_VEDIC.u_mul/u1/result[27]_INST_0_i_1_n_0
    SLICE_X21Y15         CARRY4 (Prop_carry4_CI_O[1])
                                                      0.213    18.382 f  GEN_BRAM.u_core/alu/u_mul/u_mul/GEN_VEDIC.u_mul/u1/result[31]_INST_0_i_1/O[1]
                         net (fo=2, routed)           0.361    18.743    GEN_BRAM.u_core/alu/u_mul/u_mul/GEN_VEDIC.u_mul/u1/result[31]_INST_0_i_13_0[6]
    SLICE_X19Y16         LUT1 (Prop_lut1_I0_O)        0.152    18.895 r  GEN_BRAM.u_core/alu/u_mul/u_mul/GEN_VEDIC.u_mul/u1/result[0]_INST_0_i_6/O
                         net (fo=1, routed)           0.000    18.895    GEN_BRAM.u_core/alu/u_mul/u_mul/GEN_VEDIC.u_mul/u1/p_0_in[29]
    SLICE_X19Y16         CARRY4 (Prop_carry4_S[0]_CO[3])
                                                      0.313    19.208 r  GEN_BRAM.u_core/alu/u_mul/u_mul/GEN_VEDIC.u_mul/u1/result[0]_INST_0_i_1/CO[3]
                         net (fo=1, routed)           0.000    19.208    GEN_BRAM.u_core/alu/u_mul/u_mul/GEN_VEDIC.u_mul/u1/result[0]_INST_0_i_1_n_0
    SLICE_X19Y17         CARRY4 (Prop_carry4_CI_O[0])
                                                      0.139    19.347 r  GEN_BRAM.u_core/alu/u_mul/u_mul/GEN_VEDIC.u_mul/u1/result[4]_INST_0_i_1/O[0]
                         net (fo=1, routed)           0.254    19.600    GEN_BRAM.u_core/alu/u_mul/u_mul/GEN_VEDIC.u_mul/u1/signed_product0[33]
    SLICE_X17Y16         LUT5 (Prop_lut5_I4_O)        0.155    19.755 r  GEN_BRAM.u_core/alu/u_mul/u_mul/GEN_VEDIC.u_mul/u1/result[1]_INST_0/O
                         net (fo=2, routed)           0.637    20.392    GEN_BRAM.u_core/reg_file/result[0]
    SLICE_X6Y15          LUT6 (Prop_lut6_I2_O)        0.053    20.445 r  GEN_BRAM.u_core/reg_file/debug_alu_out_OBUF[1]_inst_i_2/O
                         net (fo=2, routed)           0.000    20.445    GEN_BRAM.u_core/alu_mux_b/load_addr_hold_reg[1]
    SLICE_X6Y15          MUXF7 (Prop_muxf7_I0_O)      0.121    20.566 r  GEN_BRAM.u_core/alu_mux_b/debug_alu_out_OBUF[1]_inst_i_1/O
                         net (fo=43, routed)          0.978    21.544    GEN_BRAM.u_core/alu_mux_b/D[0]
    SLICE_X2Y8           LUT3 (Prop_lut3_I2_O)        0.160    21.704 r  GEN_BRAM.u_core/alu_mux_b/mem_reg_1_i_41/O
                         net (fo=12, routed)          1.129    22.832    GEN_BRAM.u_core/alu_mux_b/ir_reg[14]
    SLICE_X14Y2          LUT2 (Prop_lut2_I0_O)        0.176    23.008 r  GEN_BRAM.u_core/alu_mux_b/mem_reg_1_i_19/O
                         net (fo=8, routed)           0.579    23.587    GEN_BRAM.u_core/reg_file/mem_reg_1_2
    SLICE_X18Y1          LUT6 (Prop_lut6_I0_O)        0.168    23.755 r  GEN_BRAM.u_core/reg_file/mem_reg_1_i_4/O
                         net (fo=1, routed)           0.639    24.394    GEN_BRAM.u_core/dmem/wdata[28]
    RAMB36_X0Y1          RAMB36E1                                     r  GEN_BRAM.u_core/dmem/mem_reg_1/DIADI[12]
  -------------------------------------------------------------------    -------------------

                         (clock sys_clk rise edge)   30.000    30.000 r  
    AD23                                              0.000    30.000 r  clk (IN)
                         net (fo=0)                   0.000    30.000    clk
    AD23                 IBUF (Prop_ibuf_I_O)         0.796    30.796 r  clk_IBUF_inst/O
                         net (fo=1, routed)           1.741    32.537    clk_IBUF
    BUFGCTRL_X0Y0        BUFG (Prop_bufg_I_O)         0.113    32.650 r  clk_IBUF_BUFG_inst/O
                         net (fo=350, routed)         1.577    34.227    GEN_BRAM.u_core/dmem/clk_IBUF_BUFG
    RAMB36_X0Y1          RAMB36E1                                     r  GEN_BRAM.u_core/dmem/mem_reg_1/CLKARDCLK
                         clock pessimism              0.256    34.483    
                         clock uncertainty           -0.035    34.448    
    RAMB36_X0Y1          RAMB36E1 (Setup_ramb36e1_CLKARDCLK_DIADI[12])
                                                     -0.204    34.244    GEN_BRAM.u_core/dmem/mem_reg_1
  -------------------------------------------------------------------
                         required time                         34.244    
                         arrival time                         -24.394    
  -------------------------------------------------------------------
                         slack                                  9.850    

Slack (MET) :             9.967ns  (required time - arrival time)
  Source:                 GEN_BRAM.u_core/ir_reg[17]/C
                            (rising edge-triggered cell FDCE clocked by sys_clk  {rise@0.000ns fall@15.000ns period=30.000ns})
  Destination:            GEN_BRAM.u_core/dmem/mem_reg_0/DIADI[14]
                            (rising edge-triggered cell RAMB36E1 clocked by sys_clk  {rise@0.000ns fall@15.000ns period=30.000ns})
  Path Group:             sys_clk
  Path Type:              Setup (Max at Slow Process Corner)
  Requirement:            30.000ns  (sys_clk rise@30.000ns - sys_clk rise@0.000ns)
  Data Path Delay:        19.861ns  (logic 5.550ns (27.944%)  route 14.311ns (72.056%))
  Logic Levels:           32  (CARRY4=12 LUT1=1 LUT2=1 LUT3=5 LUT4=5 LUT5=1 LUT6=5 MUXF7=1 RAMD32=1)
  Clock Path Skew:        0.068ns (DCD - SCD + CPR)
    Destination Clock Delay (DCD):    4.227ns = ( 34.227 - 30.000 ) 
    Source Clock Delay      (SCD):    4.416ns
    Clock Pessimism Removal (CPR):    0.256ns
  Clock Uncertainty:      0.035ns  ((TSJ^2 + TIJ^2)^1/2 + DJ) / 2 + PE
    Total System Jitter     (TSJ):    0.071ns
    Total Input Jitter      (TIJ):    0.000ns
    Discrete Jitter          (DJ):    0.000ns
    Phase Error              (PE):    0.000ns

    Location             Delay type                Incr(ns)  Path(ns)    Netlist Resource(s)
  -------------------------------------------------------------------    -------------------
                         (clock sys_clk rise edge)    0.000     0.000 r  
    AD23                                              0.000     0.000 r  clk (IN)
                         net (fo=0)                   0.000     0.000    clk
    AD23                 IBUF (Prop_ibuf_I_O)         0.873     0.873 r  clk_IBUF_inst/O
                         net (fo=1, routed)           1.830     2.703    clk_IBUF
    BUFGCTRL_X0Y0        BUFG (Prop_bufg_I_O)         0.120     2.823 r  clk_IBUF_BUFG_inst/O
                         net (fo=350, routed)         1.593     4.416    GEN_BRAM.u_core/clk_IBUF_BUFG
    SLICE_X32Y2          FDCE                                         r  GEN_BRAM.u_core/ir_reg[17]/C
  -------------------------------------------------------------------    -------------------
    SLICE_X32Y2          FDCE (Prop_fdce_C_Q)         0.308     4.724 r  GEN_BRAM.u_core/ir_reg[17]/Q
                         net (fo=97, routed)          1.465     6.189    GEN_BRAM.u_core/reg_file/registers_reg_r1_0_31_0_5/ADDRA2
    SLICE_X10Y1          RAMD32 (Prop_ramd32_RADR2_O)
                                                      0.065     6.254 f  GEN_BRAM.u_core/reg_file/registers_reg_r1_0_31_0_5/RAMA/O
                         net (fo=10, routed)          0.756     7.009    GEN_BRAM.u_core/alu_mux_a/dataR10[0]
    SLICE_X20Y2          LUT4 (Prop_lut4_I1_O)        0.168     7.177 r  GEN_BRAM.u_core/alu_mux_a/u_adder_i_32/O
                         net (fo=90, routed)          0.906     8.083    GEN_BRAM.u_core/alu/u_mul/u_mul/GEN_VEDIC.u_mul/u2/result[1]_INST_0_i_11_n_0
    SLICE_X8Y10          CARRY4 (Prop_carry4_CYINIT_CO[3])
                                                      0.359     8.442 r  GEN_BRAM.u_core/alu/u_mul/u_mul/GEN_VEDIC.u_mul/u2/result[1]_INST_0_i_5/CO[3]
                         net (fo=1, routed)           0.000     8.442    GEN_BRAM.u_core/alu/u_mul/u_mul/GEN_VEDIC.u_mul/u2/result[1]_INST_0_i_5_n_0
    SLICE_X8Y11          CARRY4 (Prop_carry4_CI_CO[3])
                                                      0.060     8.502 r  GEN_BRAM.u_core/alu/u_mul/u_mul/GEN_VEDIC.u_mul/u2/product__0_carry_i_42__1/CO[3]
                         net (fo=1, routed)           0.000     8.502    GEN_BRAM.u_core/alu/u_mul/u_mul/GEN_VEDIC.u_mul/u2/product__0_carry_i_42__1_n_0
    SLICE_X8Y12          CARRY4 (Prop_carry4_CI_CO[3])
                                                      0.060     8.562 r  GEN_BRAM.u_core/alu/u_mul/u_mul/GEN_VEDIC.u_mul/u2/product__0_carry_i_73__0/CO[3]
                         net (fo=1, routed)           0.000     8.562    GEN_BRAM.u_core/alu/u_mul/u_mul/GEN_VEDIC.u_mul/u2/product__0_carry_i_73__0_n_0
    SLICE_X8Y13          CARRY4 (Prop_carry4_CI_O[1])
                                                      0.212     8.774 r  GEN_BRAM.u_core/alu/u_mul/u_mul/GEN_VEDIC.u_mul/u2/product__0_carry_i_41__1/O[1]
                         net (fo=1, routed)           0.273     9.047    GEN_BRAM.u_core/alu/u_mul/u_mul/GEN_VEDIC.u_mul/u2/mag_a0[14]
    SLICE_X9Y13          LUT6 (Prop_lut6_I0_O)        0.155     9.202 r  GEN_BRAM.u_core/alu/u_mul/u_mul/GEN_VEDIC.u_mul/u2/product__0_carry__4_i_15__1/O
                         net (fo=80, routed)          1.766    10.968    GEN_BRAM.u_core/alu/u_mul/u_mul/GEN_VEDIC.u_mul/u0/mag_a[13]
    SLICE_X33Y7          LUT4 (Prop_lut4_I1_O)        0.065    11.033 r  GEN_BRAM.u_core/alu/u_mul/u_mul/GEN_VEDIC.u_mul/u0/product__0_carry__0_i_93/O
                         net (fo=2, routed)           0.696    11.730    GEN_BRAM.u_core/alu/u_mul/u_mul/GEN_VEDIC.u_mul/u0/u1/u1/p1[1]
    SLICE_X32Y7          LUT3 (Prop_lut3_I0_O)        0.185    11.915 r  GEN_BRAM.u_core/alu/u_mul/u_mul/GEN_VEDIC.u_mul/u0/product__0_carry__0_i_50/O
                         net (fo=2, routed)           0.289    12.203    GEN_BRAM.u_core/alu/u_mul/u_mul/GEN_VEDIC.u_mul/u0/product__0_carry__0_i_50_n_0
    SLICE_X32Y7          LUT5 (Prop_lut5_I4_O)        0.172    12.375 r  GEN_BRAM.u_core/alu/u_mul/u_mul/GEN_VEDIC.u_mul/u0/product__0_carry__0_i_53/O
                         net (fo=1, routed)           0.000    12.375    GEN_BRAM.u_core/alu/u_mul/u_mul/GEN_VEDIC.u_mul/u0/product__0_carry__0_i_53_n_0
    SLICE_X32Y7          CARRY4 (Prop_carry4_S[2]_CO[3])
                                                      0.219    12.594 r  GEN_BRAM.u_core/alu/u_mul/u_mul/GEN_VEDIC.u_mul/u0/product__0_carry__0_i_29/CO[3]
                         net (fo=1, routed)           0.000    12.594    GEN_BRAM.u_core/alu/u_mul/u_mul/GEN_VEDIC.u_mul/u0/product__0_carry__0_i_29_n_0
    SLICE_X32Y8          CARRY4 (Prop_carry4_CI_O[0])
                                                      0.135    12.729 r  GEN_BRAM.u_core/alu/u_mul/u_mul/GEN_VEDIC.u_mul/u0/product__0_carry__1_i_36/O[0]
                         net (fo=2, routed)           0.618    13.347    GEN_BRAM.u_core/alu/u_mul/u_mul/GEN_VEDIC.u_mul/u0/u1/p1[6]
    SLICE_X30Y7          LUT3 (Prop_lut3_I0_O)        0.163    13.510 r  GEN_BRAM.u_core/alu/u_mul/u_mul/GEN_VEDIC.u_mul/u0/product__0_carry__1_i_13/O
                         net (fo=2, routed)           0.477    13.987    GEN_BRAM.u_core/alu/u_mul/u_mul/GEN_VEDIC.u_mul/u0/product__0_carry__1_i_13_n_0
    SLICE_X30Y7          LUT4 (Prop_lut4_I0_O)        0.164    14.151 r  GEN_BRAM.u_core/alu/u_mul/u_mul/GEN_VEDIC.u_mul/u0/product__0_carry__1_i_17/O
                         net (fo=1, routed)           0.000    14.151    GEN_BRAM.u_core/alu/u_mul/u_mul/GEN_VEDIC.u_mul/u0/product__0_carry__1_i_17_n_0
    SLICE_X30Y7          CARRY4 (Prop_carry4_S[3]_CO[3])
                                                      0.216    14.367 r  GEN_BRAM.u_core/alu/u_mul/u_mul/GEN_VEDIC.u_mul/u0/product__0_carry__1_i_9/CO[3]
                         net (fo=1, routed)           0.000    14.367    GEN_BRAM.u_core/alu/u_mul/u_mul/GEN_VEDIC.u_mul/u0/product__0_carry__1_i_9_n_0
    SLICE_X30Y8          CARRY4 (Prop_carry4_CI_O[0])
                                                      0.135    14.502 r  GEN_BRAM.u_core/alu/u_mul/u_mul/GEN_VEDIC.u_mul/u0/product__0_carry__2_i_9/O[0]
                         net (fo=2, routed)           0.764    15.266    GEN_BRAM.u_core/alu/u_mul/u_mul/GEN_VEDIC.u_mul/u0/p1[12]
    SLICE_X24Y8          LUT3 (Prop_lut3_I0_O)        0.164    15.430 r  GEN_BRAM.u_core/alu/u_mul/u_mul/GEN_VEDIC.u_mul/u0/product__0_carry__2_i_3__2/O
                         net (fo=2, routed)           0.355    15.786    GEN_BRAM.u_core/alu/u_mul/u_mul/GEN_VEDIC.u_mul/u0/product__0_carry__2_i_3__2_n_0
    SLICE_X24Y8          LUT4 (Prop_lut4_I3_O)        0.170    15.956 r  GEN_BRAM.u_core/alu/u_mul/u_mul/GEN_VEDIC.u_mul/u0/product__0_carry__2_i_7__2/O
                         net (fo=1, routed)           0.000    15.956    GEN_BRAM.u_core/alu/u_mul/u_mul/GEN_VEDIC.u_mul/u0/product__0_carry__2_i_7__2_n_0
    SLICE_X24Y8          CARRY4 (Prop_carry4_S[1]_O[3])
                                                      0.379    16.335 r  GEN_BRAM.u_core/alu/u_mul/u_mul/GEN_VEDIC.u_mul/u0/product__0_carry__2/O[3]
                         net (fo=2, routed)           0.753    17.088    GEN_BRAM.u_core/alu/u_mul/u_mul/GEN_VEDIC.u_mul/u0/p_1_in[23]
    SLICE_X21Y13         LUT3 (Prop_lut3_I2_O)        0.157    17.245 r  GEN_BRAM.u_core/alu/u_mul/u_mul/GEN_VEDIC.u_mul/u0/result[27]_INST_0_i_6/O
                         net (fo=2, routed)           0.443    17.688    GEN_BRAM.u_core/alu/u_mul/u_mul/GEN_VEDIC.u_mul/u0/DI[0]
    SLICE_X21Y14         LUT4 (Prop_lut4_I3_O)        0.168    17.856 r  GEN_BRAM.u_core/alu/u_mul/u_mul/GEN_VEDIC.u_mul/u0/result[27]_INST_0_i_10/O
                         net (fo=1, routed)           0.000    17.856    GEN_BRAM.u_core/alu/u_mul/u_mul/GEN_VEDIC.u_mul/u1/result[24]_INST_0_0[0]
    SLICE_X21Y14         CARRY4 (Prop_carry4_S[0]_CO[3])
                                                      0.313    18.169 r  GEN_BRAM.u_core/alu/u_mul/u_mul/GEN_VEDIC.u_mul/u1/result[27]_INST_0_i_1/CO[3]
                         net (fo=1, routed)           0.000    18.169    GEN_BRAM.u_core/alu/u_mul/u_mul/GEN_VEDIC.u_mul/u1/result[27]_INST_0_i_1_n_0
    SLICE_X21Y15         CARRY4 (Prop_carry4_CI_O[1])
                                                      0.213    18.382 f  GEN_BRAM.u_core/alu/u_mul/u_mul/GEN_VEDIC.u_mul/u1/result[31]_INST_0_i_1/O[1]
                         net (fo=2, routed)           0.361    18.743    GEN_BRAM.u_core/alu/u_mul/u_mul/GEN_VEDIC.u_mul/u1/result[31]_INST_0_i_13_0[6]
    SLICE_X19Y16         LUT1 (Prop_lut1_I0_O)        0.152    18.895 r  GEN_BRAM.u_core/alu/u_mul/u_mul/GEN_VEDIC.u_mul/u1/result[0]_INST_0_i_6/O
                         net (fo=1, routed)           0.000    18.895    GEN_BRAM.u_core/alu/u_mul/u_mul/GEN_VEDIC.u_mul/u1/p_0_in[29]
    SLICE_X19Y16         CARRY4 (Prop_carry4_S[0]_O[3])
                                                      0.357    19.252 r  GEN_BRAM.u_core/alu/u_mul/u_mul/GEN_VEDIC.u_mul/u1/result[0]_INST_0_i_1/O[3]
                         net (fo=1, routed)           0.399    19.651    GEN_BRAM.u_core/alu/u_mul/u_mul/GEN_VEDIC.u_mul/u1/signed_product0[32]
    SLICE_X15Y16         LUT6 (Prop_lut6_I5_O)        0.142    19.793 r  GEN_BRAM.u_core/alu/u_mul/u_mul/GEN_VEDIC.u_mul/u1/result[0]_INST_0/O
                         net (fo=1, routed)           0.604    20.397    GEN_BRAM.u_core/alu/mul_result[0]
    SLICE_X7Y16          LUT6 (Prop_lut6_I0_O)        0.053    20.450 r  GEN_BRAM.u_core/alu/debug_alu_out_OBUF[0]_inst_i_11/O
                         net (fo=1, routed)           0.000    20.450    GEN_BRAM.u_core/alu/debug_alu_out_OBUF[0]_inst_i_11_n_0
    SLICE_X7Y16          MUXF7 (Prop_muxf7_I1_O)      0.129    20.579 r  GEN_BRAM.u_core/alu/debug_alu_out_OBUF[0]_inst_i_4/O
                         net (fo=1, routed)           0.271    20.850    GEN_BRAM.u_core/alu/debug_alu_out_OBUF[0]_inst_i_4_n_0
    SLICE_X9Y16          LUT6 (Prop_lut6_I5_O)        0.153    21.003 r  GEN_BRAM.u_core/alu/debug_alu_out_OBUF[0]_inst_i_1/O
                         net (fo=11, routed)          0.921    21.923    GEN_BRAM.u_core/alu/D[0]
    SLICE_X8Y0           LUT2 (Prop_lut2_I1_O)        0.053    21.976 f  GEN_BRAM.u_core/alu/mem_reg_0_i_37/O
                         net (fo=26, routed)          0.924    22.900    GEN_BRAM.u_core/alu_mux_b/mem_reg_1_0
    SLICE_X7Y10          LUT3 (Prop_lut3_I2_O)        0.053    22.953 r  GEN_BRAM.u_core/alu_mux_b/mem_reg_0_i_34/O
                         net (fo=8, routed)           0.925    23.879    GEN_BRAM.u_core/alu_mux_b/mem_reg_0_i_34_n_0
    SLICE_X9Y0           LUT6 (Prop_lut6_I0_O)        0.053    23.932 r  GEN_BRAM.u_core/alu_mux_b/mem_reg_0_i_14/O
                         net (fo=1, routed)           0.345    24.277    GEN_BRAM.u_core/dmem/wdata[14]
    RAMB36_X0Y0          RAMB36E1                                     r  GEN_BRAM.u_core/dmem/mem_reg_0/DIADI[14]
  -------------------------------------------------------------------    -------------------

                         (clock sys_clk rise edge)   30.000    30.000 r  
    AD23                                              0.000    30.000 r  clk (IN)
                         net (fo=0)                   0.000    30.000    clk
    AD23                 IBUF (Prop_ibuf_I_O)         0.796    30.796 r  clk_IBUF_inst/O
                         net (fo=1, routed)           1.741    32.537    clk_IBUF
    BUFGCTRL_X0Y0        BUFG (Prop_bufg_I_O)         0.113    32.650 r  clk_IBUF_BUFG_inst/O
                         net (fo=350, routed)         1.577    34.227    GEN_BRAM.u_core/dmem/clk_IBUF_BUFG
    RAMB36_X0Y0          RAMB36E1                                     r  GEN_BRAM.u_core/dmem/mem_reg_0/CLKARDCLK
                         clock pessimism              0.256    34.483    
                         clock uncertainty           -0.035    34.448    
    RAMB36_X0Y0          RAMB36E1 (Setup_ramb36e1_CLKARDCLK_DIADI[14])
                                                     -0.204    34.244    GEN_BRAM.u_core/dmem/mem_reg_0
  -------------------------------------------------------------------
                         required time                         34.244    
                         arrival time                         -24.277    
  -------------------------------------------------------------------
                         slack                                  9.967    

Slack (MET) :             9.976ns  (required time - arrival time)
  Source:                 GEN_BRAM.u_core/ir_reg[17]/C
                            (rising edge-triggered cell FDCE clocked by sys_clk  {rise@0.000ns fall@15.000ns period=30.000ns})
  Destination:            GEN_BRAM.u_core/dmem/mem_reg_1/DIADI[9]
                            (rising edge-triggered cell RAMB36E1 clocked by sys_clk  {rise@0.000ns fall@15.000ns period=30.000ns})
  Path Group:             sys_clk
  Path Type:              Setup (Max at Slow Process Corner)
  Requirement:            30.000ns  (sys_clk rise@30.000ns - sys_clk rise@0.000ns)
  Data Path Delay:        19.852ns  (logic 5.842ns (29.428%)  route 14.010ns (70.572%))
  Logic Levels:           32  (CARRY4=13 LUT1=1 LUT2=1 LUT3=5 LUT4=5 LUT5=2 LUT6=3 MUXF7=1 RAMD32=1)
  Clock Path Skew:        0.068ns (DCD - SCD + CPR)
    Destination Clock Delay (DCD):    4.227ns = ( 34.227 - 30.000 ) 
    Source Clock Delay      (SCD):    4.416ns
    Clock Pessimism Removal (CPR):    0.256ns
  Clock Uncertainty:      0.035ns  ((TSJ^2 + TIJ^2)^1/2 + DJ) / 2 + PE
    Total System Jitter     (TSJ):    0.071ns
    Total Input Jitter      (TIJ):    0.000ns
    Discrete Jitter          (DJ):    0.000ns
    Phase Error              (PE):    0.000ns

    Location             Delay type                Incr(ns)  Path(ns)    Netlist Resource(s)
  -------------------------------------------------------------------    -------------------
                         (clock sys_clk rise edge)    0.000     0.000 r  
    AD23                                              0.000     0.000 r  clk (IN)
                         net (fo=0)                   0.000     0.000    clk
    AD23                 IBUF (Prop_ibuf_I_O)         0.873     0.873 r  clk_IBUF_inst/O
                         net (fo=1, routed)           1.830     2.703    clk_IBUF
    BUFGCTRL_X0Y0        BUFG (Prop_bufg_I_O)         0.120     2.823 r  clk_IBUF_BUFG_inst/O
                         net (fo=350, routed)         1.593     4.416    GEN_BRAM.u_core/clk_IBUF_BUFG
    SLICE_X32Y2          FDCE                                         r  GEN_BRAM.u_core/ir_reg[17]/C
  -------------------------------------------------------------------    -------------------
    SLICE_X32Y2          FDCE (Prop_fdce_C_Q)         0.308     4.724 r  GEN_BRAM.u_core/ir_reg[17]/Q
                         net (fo=97, routed)          1.465     6.189    GEN_BRAM.u_core/reg_file/registers_reg_r1_0_31_0_5/ADDRA2
    SLICE_X10Y1          RAMD32 (Prop_ramd32_RADR2_O)
                                                      0.065     6.254 f  GEN_BRAM.u_core/reg_file/registers_reg_r1_0_31_0_5/RAMA/O
                         net (fo=10, routed)          0.756     7.009    GEN_BRAM.u_core/alu_mux_a/dataR10[0]
    SLICE_X20Y2          LUT4 (Prop_lut4_I1_O)        0.168     7.177 r  GEN_BRAM.u_core/alu_mux_a/u_adder_i_32/O
                         net (fo=90, routed)          0.906     8.083    GEN_BRAM.u_core/alu/u_mul/u_mul/GEN_VEDIC.u_mul/u2/result[1]_INST_0_i_11_n_0
    SLICE_X8Y10          CARRY4 (Prop_carry4_CYINIT_CO[3])
                                                      0.359     8.442 r  GEN_BRAM.u_core/alu/u_mul/u_mul/GEN_VEDIC.u_mul/u2/result[1]_INST_0_i_5/CO[3]
                         net (fo=1, routed)           0.000     8.442    GEN_BRAM.u_core/alu/u_mul/u_mul/GEN_VEDIC.u_mul/u2/result[1]_INST_0_i_5_n_0
    SLICE_X8Y11          CARRY4 (Prop_carry4_CI_CO[3])
                                                      0.060     8.502 r  GEN_BRAM.u_core/alu/u_mul/u_mul/GEN_VEDIC.u_mul/u2/product__0_carry_i_42__1/CO[3]
                         net (fo=1, routed)           0.000     8.502    GEN_BRAM.u_core/alu/u_mul/u_mul/GEN_VEDIC.u_mul/u2/product__0_carry_i_42__1_n_0
    SLICE_X8Y12          CARRY4 (Prop_carry4_CI_CO[3])
                                                      0.060     8.562 r  GEN_BRAM.u_core/alu/u_mul/u_mul/GEN_VEDIC.u_mul/u2/product__0_carry_i_73__0/CO[3]
                         net (fo=1, routed)           0.000     8.562    GEN_BRAM.u_core/alu/u_mul/u_mul/GEN_VEDIC.u_mul/u2/product__0_carry_i_73__0_n_0
    SLICE_X8Y13          CARRY4 (Prop_carry4_CI_O[1])
                                                      0.212     8.774 r  GEN_BRAM.u_core/alu/u_mul/u_mul/GEN_VEDIC.u_mul/u2/product__0_carry_i_41__1/O[1]
                         net (fo=1, routed)           0.273     9.047    GEN_BRAM.u_core/alu/u_mul/u_mul/GEN_VEDIC.u_mul/u2/mag_a0[14]
    SLICE_X9Y13          LUT6 (Prop_lut6_I0_O)        0.155     9.202 r  GEN_BRAM.u_core/alu/u_mul/u_mul/GEN_VEDIC.u_mul/u2/product__0_carry__4_i_15__1/O
                         net (fo=80, routed)          1.766    10.968    GEN_BRAM.u_core/alu/u_mul/u_mul/GEN_VEDIC.u_mul/u0/mag_a[13]
    SLICE_X33Y7          LUT4 (Prop_lut4_I1_O)        0.065    11.033 r  GEN_BRAM.u_core/alu/u_mul/u_mul/GEN_VEDIC.u_mul/u0/product__0_carry__0_i_93/O
                         net (fo=2, routed)           0.696    11.730    GEN_BRAM.u_core/alu/u_mul/u_mul/GEN_VEDIC.u_mul/u0/u1/u1/p1[1]
    SLICE_X32Y7          LUT3 (Prop_lut3_I0_O)        0.185    11.915 r  GEN_BRAM.u_core/alu/u_mul/u_mul/GEN_VEDIC.u_mul/u0/product__0_carry__0_i_50/O
                         net (fo=2, routed)           0.289    12.203    GEN_BRAM.u_core/alu/u_mul/u_mul/GEN_VEDIC.u_mul/u0/product__0_carry__0_i_50_n_0
    SLICE_X32Y7          LUT5 (Prop_lut5_I4_O)        0.172    12.375 r  GEN_BRAM.u_core/alu/u_mul/u_mul/GEN_VEDIC.u_mul/u0/product__0_carry__0_i_53/O
                         net (fo=1, routed)           0.000    12.375    GEN_BRAM.u_core/alu/u_mul/u_mul/GEN_VEDIC.u_mul/u0/product__0_carry__0_i_53_n_0
    SLICE_X32Y7          CARRY4 (Prop_carry4_S[2]_CO[3])
                                                      0.219    12.594 r  GEN_BRAM.u_core/alu/u_mul/u_mul/GEN_VEDIC.u_mul/u0/product__0_carry__0_i_29/CO[3]
                         net (fo=1, routed)           0.000    12.594    GEN_BRAM.u_core/alu/u_mul/u_mul/GEN_VEDIC.u_mul/u0/product__0_carry__0_i_29_n_0
    SLICE_X32Y8          CARRY4 (Prop_carry4_CI_O[0])
                                                      0.135    12.729 r  GEN_BRAM.u_core/alu/u_mul/u_mul/GEN_VEDIC.u_mul/u0/product__0_carry__1_i_36/O[0]
                         net (fo=2, routed)           0.618    13.347    GEN_BRAM.u_core/alu/u_mul/u_mul/GEN_VEDIC.u_mul/u0/u1/p1[6]
    SLICE_X30Y7          LUT3 (Prop_lut3_I0_O)        0.163    13.510 r  GEN_BRAM.u_core/alu/u_mul/u_mul/GEN_VEDIC.u_mul/u0/product__0_carry__1_i_13/O
                         net (fo=2, routed)           0.477    13.987    GEN_BRAM.u_core/alu/u_mul/u_mul/GEN_VEDIC.u_mul/u0/product__0_carry__1_i_13_n_0
    SLICE_X30Y7          LUT4 (Prop_lut4_I0_O)        0.164    14.151 r  GEN_BRAM.u_core/alu/u_mul/u_mul/GEN_VEDIC.u_mul/u0/product__0_carry__1_i_17/O
                         net (fo=1, routed)           0.000    14.151    GEN_BRAM.u_core/alu/u_mul/u_mul/GEN_VEDIC.u_mul/u0/product__0_carry__1_i_17_n_0
    SLICE_X30Y7          CARRY4 (Prop_carry4_S[3]_CO[3])
                                                      0.216    14.367 r  GEN_BRAM.u_core/alu/u_mul/u_mul/GEN_VEDIC.u_mul/u0/product__0_carry__1_i_9/CO[3]
                         net (fo=1, routed)           0.000    14.367    GEN_BRAM.u_core/alu/u_mul/u_mul/GEN_VEDIC.u_mul/u0/product__0_carry__1_i_9_n_0
    SLICE_X30Y8          CARRY4 (Prop_carry4_CI_O[0])
                                                      0.135    14.502 r  GEN_BRAM.u_core/alu/u_mul/u_mul/GEN_VEDIC.u_mul/u0/product__0_carry__2_i_9/O[0]
                         net (fo=2, routed)           0.764    15.266    GEN_BRAM.u_core/alu/u_mul/u_mul/GEN_VEDIC.u_mul/u0/p1[12]
    SLICE_X24Y8          LUT3 (Prop_lut3_I0_O)        0.164    15.430 r  GEN_BRAM.u_core/alu/u_mul/u_mul/GEN_VEDIC.u_mul/u0/product__0_carry__2_i_3__2/O
                         net (fo=2, routed)           0.355    15.786    GEN_BRAM.u_core/alu/u_mul/u_mul/GEN_VEDIC.u_mul/u0/product__0_carry__2_i_3__2_n_0
    SLICE_X24Y8          LUT4 (Prop_lut4_I3_O)        0.170    15.956 r  GEN_BRAM.u_core/alu/u_mul/u_mul/GEN_VEDIC.u_mul/u0/product__0_carry__2_i_7__2/O
                         net (fo=1, routed)           0.000    15.956    GEN_BRAM.u_core/alu/u_mul/u_mul/GEN_VEDIC.u_mul/u0/product__0_carry__2_i_7__2_n_0
    SLICE_X24Y8          CARRY4 (Prop_carry4_S[1]_O[3])
                                                      0.379    16.335 r  GEN_BRAM.u_core/alu/u_mul/u_mul/GEN_VEDIC.u_mul/u0/product__0_carry__2/O[3]
                         net (fo=2, routed)           0.753    17.088    GEN_BRAM.u_core/alu/u_mul/u_mul/GEN_VEDIC.u_mul/u0/p_1_in[23]
    SLICE_X21Y13         LUT3 (Prop_lut3_I2_O)        0.157    17.245 r  GEN_BRAM.u_core/alu/u_mul/u_mul/GEN_VEDIC.u_mul/u0/result[27]_INST_0_i_6/O
                         net (fo=2, routed)           0.443    17.688    GEN_BRAM.u_core/alu/u_mul/u_mul/GEN_VEDIC.u_mul/u0/DI[0]
    SLICE_X21Y14         LUT4 (Prop_lut4_I3_O)        0.168    17.856 r  GEN_BRAM.u_core/alu/u_mul/u_mul/GEN_VEDIC.u_mul/u0/result[27]_INST_0_i_10/O
                         net (fo=1, routed)           0.000    17.856    GEN_BRAM.u_core/alu/u_mul/u_mul/GEN_VEDIC.u_mul/u1/result[24]_INST_0_0[0]
    SLICE_X21Y14         CARRY4 (Prop_carry4_S[0]_CO[3])
                                                      0.313    18.169 r  GEN_BRAM.u_core/alu/u_mul/u_mul/GEN_VEDIC.u_mul/u1/result[27]_INST_0_i_1/CO[3]
                         net (fo=1, routed)           0.000    18.169    GEN_BRAM.u_core/alu/u_mul/u_mul/GEN_VEDIC.u_mul/u1/result[27]_INST_0_i_1_n_0
    SLICE_X21Y15         CARRY4 (Prop_carry4_CI_O[1])
                                                      0.213    18.382 f  GEN_BRAM.u_core/alu/u_mul/u_mul/GEN_VEDIC.u_mul/u1/result[31]_INST_0_i_1/O[1]
                         net (fo=2, routed)           0.361    18.743    GEN_BRAM.u_core/alu/u_mul/u_mul/GEN_VEDIC.u_mul/u1/result[31]_INST_0_i_13_0[6]
    SLICE_X19Y16         LUT1 (Prop_lut1_I0_O)        0.152    18.895 r  GEN_BRAM.u_core/alu/u_mul/u_mul/GEN_VEDIC.u_mul/u1/result[0]_INST_0_i_6/O
                         net (fo=1, routed)           0.000    18.895    GEN_BRAM.u_core/alu/u_mul/u_mul/GEN_VEDIC.u_mul/u1/p_0_in[29]
    SLICE_X19Y16         CARRY4 (Prop_carry4_S[0]_CO[3])
                                                      0.313    19.208 r  GEN_BRAM.u_core/alu/u_mul/u_mul/GEN_VEDIC.u_mul/u1/result[0]_INST_0_i_1/CO[3]
                         net (fo=1, routed)           0.000    19.208    GEN_BRAM.u_core/alu/u_mul/u_mul/GEN_VEDIC.u_mul/u1/result[0]_INST_0_i_1_n_0
    SLICE_X19Y17         CARRY4 (Prop_carry4_CI_O[0])
                                                      0.139    19.347 r  GEN_BRAM.u_core/alu/u_mul/u_mul/GEN_VEDIC.u_mul/u1/result[4]_INST_0_i_1/O[0]
                         net (fo=1, routed)           0.254    19.600    GEN_BRAM.u_core/alu/u_mul/u_mul/GEN_VEDIC.u_mul/u1/signed_product0[33]
    SLICE_X17Y16         LUT5 (Prop_lut5_I4_O)        0.155    19.755 r  GEN_BRAM.u_core/alu/u_mul/u_mul/GEN_VEDIC.u_mul/u1/result[1]_INST_0/O
                         net (fo=2, routed)           0.637    20.392    GEN_BRAM.u_core/reg_file/result[0]
    SLICE_X6Y15          LUT6 (Prop_lut6_I2_O)        0.053    20.445 r  GEN_BRAM.u_core/reg_file/debug_alu_out_OBUF[1]_inst_i_2/O
                         net (fo=2, routed)           0.000    20.445    GEN_BRAM.u_core/alu_mux_b/load_addr_hold_reg[1]
    SLICE_X6Y15          MUXF7 (Prop_muxf7_I0_O)      0.121    20.566 r  GEN_BRAM.u_core/alu_mux_b/debug_alu_out_OBUF[1]_inst_i_1/O
                         net (fo=43, routed)          0.978    21.544    GEN_BRAM.u_core/alu_mux_b/D[0]
    SLICE_X2Y8           LUT3 (Prop_lut3_I2_O)        0.160    21.704 r  GEN_BRAM.u_core/alu_mux_b/mem_reg_1_i_41/O
                         net (fo=12, routed)          1.129    22.832    GEN_BRAM.u_core/alu_mux_b/ir_reg[14]
    SLICE_X14Y2          LUT2 (Prop_lut2_I0_O)        0.176    23.008 r  GEN_BRAM.u_core/alu_mux_b/mem_reg_1_i_19/O
                         net (fo=8, routed)           0.444    23.452    GEN_BRAM.u_core/reg_file/mem_reg_1_2
    SLICE_X17Y2          LUT6 (Prop_lut6_I0_O)        0.168    23.620 r  GEN_BRAM.u_core/reg_file/mem_reg_1_i_7/O
                         net (fo=1, routed)           0.648    24.268    GEN_BRAM.u_core/dmem/wdata[25]
    RAMB36_X0Y1          RAMB36E1                                     r  GEN_BRAM.u_core/dmem/mem_reg_1/DIADI[9]
  -------------------------------------------------------------------    -------------------

                         (clock sys_clk rise edge)   30.000    30.000 r  
    AD23                                              0.000    30.000 r  clk (IN)
                         net (fo=0)                   0.000    30.000    clk
    AD23                 IBUF (Prop_ibuf_I_O)         0.796    30.796 r  clk_IBUF_inst/O
                         net (fo=1, routed)           1.741    32.537    clk_IBUF
    BUFGCTRL_X0Y0        BUFG (Prop_bufg_I_O)         0.113    32.650 r  clk_IBUF_BUFG_inst/O
                         net (fo=350, routed)         1.577    34.227    GEN_BRAM.u_core/dmem/clk_IBUF_BUFG
    RAMB36_X0Y1          RAMB36E1                                     r  GEN_BRAM.u_core/dmem/mem_reg_1/CLKARDCLK
                         clock pessimism              0.256    34.483    
                         clock uncertainty           -0.035    34.448    
    RAMB36_X0Y1          RAMB36E1 (Setup_ramb36e1_CLKARDCLK_DIADI[9])
                                                     -0.204    34.244    GEN_BRAM.u_core/dmem/mem_reg_1
  -------------------------------------------------------------------
                         required time                         34.244    
                         arrival time                         -24.268    
  -------------------------------------------------------------------
                         slack                                  9.976    

Slack (MET) :             10.050ns  (required time - arrival time)
  Source:                 GEN_BRAM.u_core/ir_reg[17]/C
                            (rising edge-triggered cell FDCE clocked by sys_clk  {rise@0.000ns fall@15.000ns period=30.000ns})
  Destination:            GEN_BRAM.u_core/reg_file/registers_reg_r2_0_31_0_5/RAMA_D1/I
                            (rising edge-triggered cell RAMD32 clocked by sys_clk  {rise@0.000ns fall@15.000ns period=30.000ns})
  Path Group:             sys_clk
  Path Type:              Setup (Max at Slow Process Corner)
  Requirement:            30.000ns  (sys_clk rise@30.000ns - sys_clk rise@0.000ns)
  Data Path Delay:        19.785ns  (logic 5.603ns (28.319%)  route 14.182ns (71.681%))
  Logic Levels:           33  (CARRY4=12 LUT1=1 LUT2=1 LUT3=4 LUT4=5 LUT5=2 LUT6=6 MUXF7=1 RAMD32=1)
  Clock Path Skew:        0.036ns (DCD - SCD + CPR)
    Destination Clock Delay (DCD):    4.195ns = ( 34.195 - 30.000 ) 
    Source Clock Delay      (SCD):    4.416ns
    Clock Pessimism Removal (CPR):    0.256ns
  Clock Uncertainty:      0.035ns  ((TSJ^2 + TIJ^2)^1/2 + DJ) / 2 + PE
    Total System Jitter     (TSJ):    0.071ns
    Total Input Jitter      (TIJ):    0.000ns
    Discrete Jitter          (DJ):    0.000ns
    Phase Error              (PE):    0.000ns

    Location             Delay type                Incr(ns)  Path(ns)    Netlist Resource(s)
  -------------------------------------------------------------------    -------------------
                         (clock sys_clk rise edge)    0.000     0.000 r  
    AD23                                              0.000     0.000 r  clk (IN)
                         net (fo=0)                   0.000     0.000    clk
    AD23                 IBUF (Prop_ibuf_I_O)         0.873     0.873 r  clk_IBUF_inst/O
                         net (fo=1, routed)           1.830     2.703    clk_IBUF
    BUFGCTRL_X0Y0        BUFG (Prop_bufg_I_O)         0.120     2.823 r  clk_IBUF_BUFG_inst/O
                         net (fo=350, routed)         1.593     4.416    GEN_BRAM.u_core/clk_IBUF_BUFG
    SLICE_X32Y2          FDCE                                         r  GEN_BRAM.u_core/ir_reg[17]/C
  -------------------------------------------------------------------    -------------------
    SLICE_X32Y2          FDCE (Prop_fdce_C_Q)         0.308     4.724 r  GEN_BRAM.u_core/ir_reg[17]/Q
                         net (fo=97, routed)          1.465     6.189    GEN_BRAM.u_core/reg_file/registers_reg_r1_0_31_0_5/ADDRA2
    SLICE_X10Y1          RAMD32 (Prop_ramd32_RADR2_O)
                                                      0.065     6.254 f  GEN_BRAM.u_core/reg_file/registers_reg_r1_0_31_0_5/RAMA/O
                         net (fo=10, routed)          0.756     7.009    GEN_BRAM.u_core/alu_mux_a/dataR10[0]
    SLICE_X20Y2          LUT4 (Prop_lut4_I1_O)        0.168     7.177 r  GEN_BRAM.u_core/alu_mux_a/u_adder_i_32/O
                         net (fo=90, routed)          0.906     8.083    GEN_BRAM.u_core/alu/u_mul/u_mul/GEN_VEDIC.u_mul/u2/result[1]_INST_0_i_11_n_0
    SLICE_X8Y10          CARRY4 (Prop_carry4_CYINIT_CO[3])
                                                      0.359     8.442 r  GEN_BRAM.u_core/alu/u_mul/u_mul/GEN_VEDIC.u_mul/u2/result[1]_INST_0_i_5/CO[3]
                         net (fo=1, routed)           0.000     8.442    GEN_BRAM.u_core/alu/u_mul/u_mul/GEN_VEDIC.u_mul/u2/result[1]_INST_0_i_5_n_0
    SLICE_X8Y11          CARRY4 (Prop_carry4_CI_CO[3])
                                                      0.060     8.502 r  GEN_BRAM.u_core/alu/u_mul/u_mul/GEN_VEDIC.u_mul/u2/product__0_carry_i_42__1/CO[3]
                         net (fo=1, routed)           0.000     8.502    GEN_BRAM.u_core/alu/u_mul/u_mul/GEN_VEDIC.u_mul/u2/product__0_carry_i_42__1_n_0
    SLICE_X8Y12          CARRY4 (Prop_carry4_CI_CO[3])
                                                      0.060     8.562 r  GEN_BRAM.u_core/alu/u_mul/u_mul/GEN_VEDIC.u_mul/u2/product__0_carry_i_73__0/CO[3]
                         net (fo=1, routed)           0.000     8.562    GEN_BRAM.u_core/alu/u_mul/u_mul/GEN_VEDIC.u_mul/u2/product__0_carry_i_73__0_n_0
    SLICE_X8Y13          CARRY4 (Prop_carry4_CI_O[1])
                                                      0.212     8.774 r  GEN_BRAM.u_core/alu/u_mul/u_mul/GEN_VEDIC.u_mul/u2/product__0_carry_i_41__1/O[1]
                         net (fo=1, routed)           0.273     9.047    GEN_BRAM.u_core/alu/u_mul/u_mul/GEN_VEDIC.u_mul/u2/mag_a0[14]
    SLICE_X9Y13          LUT6 (Prop_lut6_I0_O)        0.155     9.202 r  GEN_BRAM.u_core/alu/u_mul/u_mul/GEN_VEDIC.u_mul/u2/product__0_carry__4_i_15__1/O
                         net (fo=80, routed)          1.766    10.968    GEN_BRAM.u_core/alu/u_mul/u_mul/GEN_VEDIC.u_mul/u0/mag_a[13]
    SLICE_X33Y7          LUT4 (Prop_lut4_I1_O)        0.065    11.033 r  GEN_BRAM.u_core/alu/u_mul/u_mul/GEN_VEDIC.u_mul/u0/product__0_carry__0_i_93/O
                         net (fo=2, routed)           0.696    11.730    GEN_BRAM.u_core/alu/u_mul/u_mul/GEN_VEDIC.u_mul/u0/u1/u1/p1[1]
    SLICE_X32Y7          LUT3 (Prop_lut3_I0_O)        0.185    11.915 r  GEN_BRAM.u_core/alu/u_mul/u_mul/GEN_VEDIC.u_mul/u0/product__0_carry__0_i_50/O
                         net (fo=2, routed)           0.289    12.203    GEN_BRAM.u_core/alu/u_mul/u_mul/GEN_VEDIC.u_mul/u0/product__0_carry__0_i_50_n_0
    SLICE_X32Y7          LUT5 (Prop_lut5_I4_O)        0.172    12.375 r  GEN_BRAM.u_core/alu/u_mul/u_mul/GEN_VEDIC.u_mul/u0/product__0_carry__0_i_53/O
                         net (fo=1, routed)           0.000    12.375    GEN_BRAM.u_core/alu/u_mul/u_mul/GEN_VEDIC.u_mul/u0/product__0_carry__0_i_53_n_0
    SLICE_X32Y7          CARRY4 (Prop_carry4_S[2]_CO[3])
                                                      0.219    12.594 r  GEN_BRAM.u_core/alu/u_mul/u_mul/GEN_VEDIC.u_mul/u0/product__0_carry__0_i_29/CO[3]
                         net (fo=1, routed)           0.000    12.594    GEN_BRAM.u_core/alu/u_mul/u_mul/GEN_VEDIC.u_mul/u0/product__0_carry__0_i_29_n_0
    SLICE_X32Y8          CARRY4 (Prop_carry4_CI_O[0])
                                                      0.135    12.729 r  GEN_BRAM.u_core/alu/u_mul/u_mul/GEN_VEDIC.u_mul/u0/product__0_carry__1_i_36/O[0]
                         net (fo=2, routed)           0.618    13.347    GEN_BRAM.u_core/alu/u_mul/u_mul/GEN_VEDIC.u_mul/u0/u1/p1[6]
    SLICE_X30Y7          LUT3 (Prop_lut3_I0_O)        0.163    13.510 r  GEN_BRAM.u_core/alu/u_mul/u_mul/GEN_VEDIC.u_mul/u0/product__0_carry__1_i_13/O
                         net (fo=2, routed)           0.477    13.987    GEN_BRAM.u_core/alu/u_mul/u_mul/GEN_VEDIC.u_mul/u0/product__0_carry__1_i_13_n_0
    SLICE_X30Y7          LUT4 (Prop_lut4_I0_O)        0.164    14.151 r  GEN_BRAM.u_core/alu/u_mul/u_mul/GEN_VEDIC.u_mul/u0/product__0_carry__1_i_17/O
                         net (fo=1, routed)           0.000    14.151    GEN_BRAM.u_core/alu/u_mul/u_mul/GEN_VEDIC.u_mul/u0/product__0_carry__1_i_17_n_0
    SLICE_X30Y7          CARRY4 (Prop_carry4_S[3]_CO[3])
                                                      0.216    14.367 r  GEN_BRAM.u_core/alu/u_mul/u_mul/GEN_VEDIC.u_mul/u0/product__0_carry__1_i_9/CO[3]
                         net (fo=1, routed)           0.000    14.367    GEN_BRAM.u_core/alu/u_mul/u_mul/GEN_VEDIC.u_mul/u0/product__0_carry__1_i_9_n_0
    SLICE_X30Y8          CARRY4 (Prop_carry4_CI_O[0])
                                                      0.135    14.502 r  GEN_BRAM.u_core/alu/u_mul/u_mul/GEN_VEDIC.u_mul/u0/product__0_carry__2_i_9/O[0]
                         net (fo=2, routed)           0.764    15.266    GEN_BRAM.u_core/alu/u_mul/u_mul/GEN_VEDIC.u_mul/u0/p1[12]
    SLICE_X24Y8          LUT3 (Prop_lut3_I0_O)        0.164    15.430 r  GEN_BRAM.u_core/alu/u_mul/u_mul/GEN_VEDIC.u_mul/u0/product__0_carry__2_i_3__2/O
                         net (fo=2, routed)           0.355    15.786    GEN_BRAM.u_core/alu/u_mul/u_mul/GEN_VEDIC.u_mul/u0/product__0_carry__2_i_3__2_n_0
    SLICE_X24Y8          LUT4 (Prop_lut4_I3_O)        0.170    15.956 r  GEN_BRAM.u_core/alu/u_mul/u_mul/GEN_VEDIC.u_mul/u0/product__0_carry__2_i_7__2/O
                         net (fo=1, routed)           0.000    15.956    GEN_BRAM.u_core/alu/u_mul/u_mul/GEN_VEDIC.u_mul/u0/product__0_carry__2_i_7__2_n_0
    SLICE_X24Y8          CARRY4 (Prop_carry4_S[1]_O[3])
                                                      0.379    16.335 r  GEN_BRAM.u_core/alu/u_mul/u_mul/GEN_VEDIC.u_mul/u0/product__0_carry__2/O[3]
                         net (fo=2, routed)           0.753    17.088    GEN_BRAM.u_core/alu/u_mul/u_mul/GEN_VEDIC.u_mul/u0/p_1_in[23]
    SLICE_X21Y13         LUT3 (Prop_lut3_I2_O)        0.157    17.245 r  GEN_BRAM.u_core/alu/u_mul/u_mul/GEN_VEDIC.u_mul/u0/result[27]_INST_0_i_6/O
                         net (fo=2, routed)           0.443    17.688    GEN_BRAM.u_core/alu/u_mul/u_mul/GEN_VEDIC.u_mul/u0/DI[0]
    SLICE_X21Y14         LUT4 (Prop_lut4_I3_O)        0.168    17.856 r  GEN_BRAM.u_core/alu/u_mul/u_mul/GEN_VEDIC.u_mul/u0/result[27]_INST_0_i_10/O
                         net (fo=1, routed)           0.000    17.856    GEN_BRAM.u_core/alu/u_mul/u_mul/GEN_VEDIC.u_mul/u1/result[24]_INST_0_0[0]
    SLICE_X21Y14         CARRY4 (Prop_carry4_S[0]_CO[3])
                                                      0.313    18.169 r  GEN_BRAM.u_core/alu/u_mul/u_mul/GEN_VEDIC.u_mul/u1/result[27]_INST_0_i_1/CO[3]
                         net (fo=1, routed)           0.000    18.169    GEN_BRAM.u_core/alu/u_mul/u_mul/GEN_VEDIC.u_mul/u1/result[27]_INST_0_i_1_n_0
    SLICE_X21Y15         CARRY4 (Prop_carry4_CI_O[1])
                                                      0.213    18.382 f  GEN_BRAM.u_core/alu/u_mul/u_mul/GEN_VEDIC.u_mul/u1/result[31]_INST_0_i_1/O[1]
                         net (fo=2, routed)           0.361    18.743    GEN_BRAM.u_core/alu/u_mul/u_mul/GEN_VEDIC.u_mul/u1/result[31]_INST_0_i_13_0[6]
    SLICE_X19Y16         LUT1 (Prop_lut1_I0_O)        0.152    18.895 r  GEN_BRAM.u_core/alu/u_mul/u_mul/GEN_VEDIC.u_mul/u1/result[0]_INST_0_i_6/O
                         net (fo=1, routed)           0.000    18.895    GEN_BRAM.u_core/alu/u_mul/u_mul/GEN_VEDIC.u_mul/u1/p_0_in[29]
    SLICE_X19Y16         CARRY4 (Prop_carry4_S[0]_O[3])
                                                      0.357    19.252 f  GEN_BRAM.u_core/alu/u_mul/u_mul/GEN_VEDIC.u_mul/u1/result[0]_INST_0_i_1/O[3]
                         net (fo=1, routed)           0.399    19.651    GEN_BRAM.u_core/alu/u_mul/u_mul/GEN_VEDIC.u_mul/u1/signed_product0[32]
    SLICE_X15Y16         LUT6 (Prop_lut6_I5_O)        0.142    19.793 f  GEN_BRAM.u_core/alu/u_mul/u_mul/GEN_VEDIC.u_mul/u1/result[0]_INST_0/O
                         net (fo=1, routed)           0.604    20.397    GEN_BRAM.u_core/alu/mul_result[0]
    SLICE_X7Y16          LUT6 (Prop_lut6_I0_O)        0.053    20.450 f  GEN_BRAM.u_core/alu/debug_alu_out_OBUF[0]_inst_i_11/O
                         net (fo=1, routed)           0.000    20.450    GEN_BRAM.u_core/alu/debug_alu_out_OBUF[0]_inst_i_11_n_0
    SLICE_X7Y16          MUXF7 (Prop_muxf7_I1_O)      0.129    20.579 f  GEN_BRAM.u_core/alu/debug_alu_out_OBUF[0]_inst_i_4/O
                         net (fo=1, routed)           0.271    20.850    GEN_BRAM.u_core/alu/debug_alu_out_OBUF[0]_inst_i_4_n_0
    SLICE_X9Y16          LUT6 (Prop_lut6_I5_O)        0.153    21.003 f  GEN_BRAM.u_core/alu/debug_alu_out_OBUF[0]_inst_i_1/O
                         net (fo=11, routed)          0.921    21.923    GEN_BRAM.u_core/alu/D[0]
    SLICE_X8Y0           LUT2 (Prop_lut2_I1_O)        0.053    21.976 r  GEN_BRAM.u_core/alu/mem_reg_0_i_37/O
                         net (fo=26, routed)          0.830    22.807    GEN_BRAM.u_core/dmem/registers_reg_r1_0_31_6_11_i_10
    SLICE_X2Y7           LUT5 (Prop_lut5_I4_O)        0.053    22.860 r  GEN_BRAM.u_core/dmem/registers_reg_r1_0_31_0_5_i_27/O
                         net (fo=1, routed)           0.463    23.322    GEN_BRAM.u_core/wb_mux/registers_reg_r1_0_31_0_5_i_2_0
    SLICE_X2Y2           LUT6 (Prop_lut6_I5_O)        0.053    23.375 r  GEN_BRAM.u_core/wb_mux/registers_reg_r1_0_31_0_5_i_11/O
                         net (fo=1, routed)           0.239    23.614    GEN_BRAM.u_core/divider/wb_exec[1]
    SLICE_X2Y1           LUT6 (Prop_lut6_I5_O)        0.053    23.667 r  GEN_BRAM.u_core/divider/registers_reg_r1_0_31_0_5_i_2/O
                         net (fo=2, routed)           0.534    24.201    GEN_BRAM.u_core/reg_file/registers_reg_r2_0_31_0_5/DIA1
    SLICE_X10Y2          RAMD32                                       r  GEN_BRAM.u_core/reg_file/registers_reg_r2_0_31_0_5/RAMA_D1/I
  -------------------------------------------------------------------    -------------------

                         (clock sys_clk rise edge)   30.000    30.000 r  
    AD23                                              0.000    30.000 r  clk (IN)
                         net (fo=0)                   0.000    30.000    clk
    AD23                 IBUF (Prop_ibuf_I_O)         0.796    30.796 r  clk_IBUF_inst/O
                         net (fo=1, routed)           1.741    32.537    clk_IBUF
    BUFGCTRL_X0Y0        BUFG (Prop_bufg_I_O)         0.113    32.650 r  clk_IBUF_BUFG_inst/O
                         net (fo=350, routed)         1.545    34.195    GEN_BRAM.u_core/reg_file/registers_reg_r2_0_31_0_5/WCLK
    SLICE_X10Y2          RAMD32                                       r  GEN_BRAM.u_core/reg_file/registers_reg_r2_0_31_0_5/RAMA_D1/CLK
                         clock pessimism              0.256    34.452    
                         clock uncertainty           -0.035    34.416    
    SLICE_X10Y2          RAMD32 (Setup_ramd32_CLK_I)
                                                     -0.166    34.250    GEN_BRAM.u_core/reg_file/registers_reg_r2_0_31_0_5/RAMA_D1
  -------------------------------------------------------------------
                         required time                         34.250    
                         arrival time                         -24.201    
  -------------------------------------------------------------------
                         slack                                 10.050    

Slack (MET) :             10.050ns  (required time - arrival time)
  Source:                 GEN_BRAM.u_core/ir_reg[17]/C
                            (rising edge-triggered cell FDCE clocked by sys_clk  {rise@0.000ns fall@15.000ns period=30.000ns})
  Destination:            GEN_BRAM.u_core/reg_file/registers_reg_r1_0_31_0_5/RAMA_D1/I
                            (rising edge-triggered cell RAMD32 clocked by sys_clk  {rise@0.000ns fall@15.000ns period=30.000ns})
  Path Group:             sys_clk
  Path Type:              Setup (Max at Slow Process Corner)
  Requirement:            30.000ns  (sys_clk rise@30.000ns - sys_clk rise@0.000ns)
  Data Path Delay:        19.785ns  (logic 5.603ns (28.320%)  route 14.182ns (71.680%))
  Logic Levels:           33  (CARRY4=12 LUT1=1 LUT2=1 LUT3=4 LUT4=5 LUT5=2 LUT6=6 MUXF7=1 RAMD32=1)
  Clock Path Skew:        0.036ns (DCD - SCD + CPR)
    Destination Clock Delay (DCD):    4.195ns = ( 34.195 - 30.000 ) 
    Source Clock Delay      (SCD):    4.416ns
    Clock Pessimism Removal (CPR):    0.256ns
  Clock Uncertainty:      0.035ns  ((TSJ^2 + TIJ^2)^1/2 + DJ) / 2 + PE
    Total System Jitter     (TSJ):    0.071ns
    Total Input Jitter      (TIJ):    0.000ns
    Discrete Jitter          (DJ):    0.000ns
    Phase Error              (PE):    0.000ns

    Location             Delay type                Incr(ns)  Path(ns)    Netlist Resource(s)
  -------------------------------------------------------------------    -------------------
                         (clock sys_clk rise edge)    0.000     0.000 r  
    AD23                                              0.000     0.000 r  clk (IN)
                         net (fo=0)                   0.000     0.000    clk
    AD23                 IBUF (Prop_ibuf_I_O)         0.873     0.873 r  clk_IBUF_inst/O
                         net (fo=1, routed)           1.830     2.703    clk_IBUF
    BUFGCTRL_X0Y0        BUFG (Prop_bufg_I_O)         0.120     2.823 r  clk_IBUF_BUFG_inst/O
                         net (fo=350, routed)         1.593     4.416    GEN_BRAM.u_core/clk_IBUF_BUFG
    SLICE_X32Y2          FDCE                                         r  GEN_BRAM.u_core/ir_reg[17]/C
  -------------------------------------------------------------------    -------------------
    SLICE_X32Y2          FDCE (Prop_fdce_C_Q)         0.308     4.724 r  GEN_BRAM.u_core/ir_reg[17]/Q
                         net (fo=97, routed)          1.465     6.189    GEN_BRAM.u_core/reg_file/registers_reg_r1_0_31_0_5/ADDRA2
    SLICE_X10Y1          RAMD32 (Prop_ramd32_RADR2_O)
                                                      0.065     6.254 f  GEN_BRAM.u_core/reg_file/registers_reg_r1_0_31_0_5/RAMA/O
                         net (fo=10, routed)          0.756     7.009    GEN_BRAM.u_core/alu_mux_a/dataR10[0]
    SLICE_X20Y2          LUT4 (Prop_lut4_I1_O)        0.168     7.177 r  GEN_BRAM.u_core/alu_mux_a/u_adder_i_32/O
                         net (fo=90, routed)          0.906     8.083    GEN_BRAM.u_core/alu/u_mul/u_mul/GEN_VEDIC.u_mul/u2/result[1]_INST_0_i_11_n_0
    SLICE_X8Y10          CARRY4 (Prop_carry4_CYINIT_CO[3])
                                                      0.359     8.442 r  GEN_BRAM.u_core/alu/u_mul/u_mul/GEN_VEDIC.u_mul/u2/result[1]_INST_0_i_5/CO[3]
                         net (fo=1, routed)           0.000     8.442    GEN_BRAM.u_core/alu/u_mul/u_mul/GEN_VEDIC.u_mul/u2/result[1]_INST_0_i_5_n_0
    SLICE_X8Y11          CARRY4 (Prop_carry4_CI_CO[3])
                                                      0.060     8.502 r  GEN_BRAM.u_core/alu/u_mul/u_mul/GEN_VEDIC.u_mul/u2/product__0_carry_i_42__1/CO[3]
                         net (fo=1, routed)           0.000     8.502    GEN_BRAM.u_core/alu/u_mul/u_mul/GEN_VEDIC.u_mul/u2/product__0_carry_i_42__1_n_0
    SLICE_X8Y12          CARRY4 (Prop_carry4_CI_CO[3])
                                                      0.060     8.562 r  GEN_BRAM.u_core/alu/u_mul/u_mul/GEN_VEDIC.u_mul/u2/product__0_carry_i_73__0/CO[3]
                         net (fo=1, routed)           0.000     8.562    GEN_BRAM.u_core/alu/u_mul/u_mul/GEN_VEDIC.u_mul/u2/product__0_carry_i_73__0_n_0
    SLICE_X8Y13          CARRY4 (Prop_carry4_CI_O[1])
                                                      0.212     8.774 r  GEN_BRAM.u_core/alu/u_mul/u_mul/GEN_VEDIC.u_mul/u2/product__0_carry_i_41__1/O[1]
                         net (fo=1, routed)           0.273     9.047    GEN_BRAM.u_core/alu/u_mul/u_mul/GEN_VEDIC.u_mul/u2/mag_a0[14]
    SLICE_X9Y13          LUT6 (Prop_lut6_I0_O)        0.155     9.202 r  GEN_BRAM.u_core/alu/u_mul/u_mul/GEN_VEDIC.u_mul/u2/product__0_carry__4_i_15__1/O
                         net (fo=80, routed)          1.766    10.968    GEN_BRAM.u_core/alu/u_mul/u_mul/GEN_VEDIC.u_mul/u0/mag_a[13]
    SLICE_X33Y7          LUT4 (Prop_lut4_I1_O)        0.065    11.033 r  GEN_BRAM.u_core/alu/u_mul/u_mul/GEN_VEDIC.u_mul/u0/product__0_carry__0_i_93/O
                         net (fo=2, routed)           0.696    11.730    GEN_BRAM.u_core/alu/u_mul/u_mul/GEN_VEDIC.u_mul/u0/u1/u1/p1[1]
    SLICE_X32Y7          LUT3 (Prop_lut3_I0_O)        0.185    11.915 r  GEN_BRAM.u_core/alu/u_mul/u_mul/GEN_VEDIC.u_mul/u0/product__0_carry__0_i_50/O
                         net (fo=2, routed)           0.289    12.203    GEN_BRAM.u_core/alu/u_mul/u_mul/GEN_VEDIC.u_mul/u0/product__0_carry__0_i_50_n_0
    SLICE_X32Y7          LUT5 (Prop_lut5_I4_O)        0.172    12.375 r  GEN_BRAM.u_core/alu/u_mul/u_mul/GEN_VEDIC.u_mul/u0/product__0_carry__0_i_53/O
                         net (fo=1, routed)           0.000    12.375    GEN_BRAM.u_core/alu/u_mul/u_mul/GEN_VEDIC.u_mul/u0/product__0_carry__0_i_53_n_0
    SLICE_X32Y7          CARRY4 (Prop_carry4_S[2]_CO[3])
                                                      0.219    12.594 r  GEN_BRAM.u_core/alu/u_mul/u_mul/GEN_VEDIC.u_mul/u0/product__0_carry__0_i_29/CO[3]
                         net (fo=1, routed)           0.000    12.594    GEN_BRAM.u_core/alu/u_mul/u_mul/GEN_VEDIC.u_mul/u0/product__0_carry__0_i_29_n_0
    SLICE_X32Y8          CARRY4 (Prop_carry4_CI_O[0])
                                                      0.135    12.729 r  GEN_BRAM.u_core/alu/u_mul/u_mul/GEN_VEDIC.u_mul/u0/product__0_carry__1_i_36/O[0]
                         net (fo=2, routed)           0.618    13.347    GEN_BRAM.u_core/alu/u_mul/u_mul/GEN_VEDIC.u_mul/u0/u1/p1[6]
    SLICE_X30Y7          LUT3 (Prop_lut3_I0_O)        0.163    13.510 r  GEN_BRAM.u_core/alu/u_mul/u_mul/GEN_VEDIC.u_mul/u0/product__0_carry__1_i_13/O
                         net (fo=2, routed)           0.477    13.987    GEN_BRAM.u_core/alu/u_mul/u_mul/GEN_VEDIC.u_mul/u0/product__0_carry__1_i_13_n_0
    SLICE_X30Y7          LUT4 (Prop_lut4_I0_O)        0.164    14.151 r  GEN_BRAM.u_core/alu/u_mul/u_mul/GEN_VEDIC.u_mul/u0/product__0_carry__1_i_17/O
                         net (fo=1, routed)           0.000    14.151    GEN_BRAM.u_core/alu/u_mul/u_mul/GEN_VEDIC.u_mul/u0/product__0_carry__1_i_17_n_0
    SLICE_X30Y7          CARRY4 (Prop_carry4_S[3]_CO[3])
                                                      0.216    14.367 r  GEN_BRAM.u_core/alu/u_mul/u_mul/GEN_VEDIC.u_mul/u0/product__0_carry__1_i_9/CO[3]
                         net (fo=1, routed)           0.000    14.367    GEN_BRAM.u_core/alu/u_mul/u_mul/GEN_VEDIC.u_mul/u0/product__0_carry__1_i_9_n_0
    SLICE_X30Y8          CARRY4 (Prop_carry4_CI_O[0])
                                                      0.135    14.502 r  GEN_BRAM.u_core/alu/u_mul/u_mul/GEN_VEDIC.u_mul/u0/product__0_carry__2_i_9/O[0]
                         net (fo=2, routed)           0.764    15.266    GEN_BRAM.u_core/alu/u_mul/u_mul/GEN_VEDIC.u_mul/u0/p1[12]
    SLICE_X24Y8          LUT3 (Prop_lut3_I0_O)        0.164    15.430 r  GEN_BRAM.u_core/alu/u_mul/u_mul/GEN_VEDIC.u_mul/u0/product__0_carry__2_i_3__2/O
                         net (fo=2, routed)           0.355    15.786    GEN_BRAM.u_core/alu/u_mul/u_mul/GEN_VEDIC.u_mul/u0/product__0_carry__2_i_3__2_n_0
    SLICE_X24Y8          LUT4 (Prop_lut4_I3_O)        0.170    15.956 r  GEN_BRAM.u_core/alu/u_mul/u_mul/GEN_VEDIC.u_mul/u0/product__0_carry__2_i_7__2/O
                         net (fo=1, routed)           0.000    15.956    GEN_BRAM.u_core/alu/u_mul/u_mul/GEN_VEDIC.u_mul/u0/product__0_carry__2_i_7__2_n_0
    SLICE_X24Y8          CARRY4 (Prop_carry4_S[1]_O[3])
                                                      0.379    16.335 r  GEN_BRAM.u_core/alu/u_mul/u_mul/GEN_VEDIC.u_mul/u0/product__0_carry__2/O[3]
                         net (fo=2, routed)           0.753    17.088    GEN_BRAM.u_core/alu/u_mul/u_mul/GEN_VEDIC.u_mul/u0/p_1_in[23]
    SLICE_X21Y13         LUT3 (Prop_lut3_I2_O)        0.157    17.245 r  GEN_BRAM.u_core/alu/u_mul/u_mul/GEN_VEDIC.u_mul/u0/result[27]_INST_0_i_6/O
                         net (fo=2, routed)           0.443    17.688    GEN_BRAM.u_core/alu/u_mul/u_mul/GEN_VEDIC.u_mul/u0/DI[0]
    SLICE_X21Y14         LUT4 (Prop_lut4_I3_O)        0.168    17.856 r  GEN_BRAM.u_core/alu/u_mul/u_mul/GEN_VEDIC.u_mul/u0/result[27]_INST_0_i_10/O
                         net (fo=1, routed)           0.000    17.856    GEN_BRAM.u_core/alu/u_mul/u_mul/GEN_VEDIC.u_mul/u1/result[24]_INST_0_0[0]
    SLICE_X21Y14         CARRY4 (Prop_carry4_S[0]_CO[3])
                                                      0.313    18.169 r  GEN_BRAM.u_core/alu/u_mul/u_mul/GEN_VEDIC.u_mul/u1/result[27]_INST_0_i_1/CO[3]
                         net (fo=1, routed)           0.000    18.169    GEN_BRAM.u_core/alu/u_mul/u_mul/GEN_VEDIC.u_mul/u1/result[27]_INST_0_i_1_n_0
    SLICE_X21Y15         CARRY4 (Prop_carry4_CI_O[1])
                                                      0.213    18.382 f  GEN_BRAM.u_core/alu/u_mul/u_mul/GEN_VEDIC.u_mul/u1/result[31]_INST_0_i_1/O[1]
                         net (fo=2, routed)           0.361    18.743    GEN_BRAM.u_core/alu/u_mul/u_mul/GEN_VEDIC.u_mul/u1/result[31]_INST_0_i_13_0[6]
    SLICE_X19Y16         LUT1 (Prop_lut1_I0_O)        0.152    18.895 r  GEN_BRAM.u_core/alu/u_mul/u_mul/GEN_VEDIC.u_mul/u1/result[0]_INST_0_i_6/O
                         net (fo=1, routed)           0.000    18.895    GEN_BRAM.u_core/alu/u_mul/u_mul/GEN_VEDIC.u_mul/u1/p_0_in[29]
    SLICE_X19Y16         CARRY4 (Prop_carry4_S[0]_O[3])
                                                      0.357    19.252 f  GEN_BRAM.u_core/alu/u_mul/u_mul/GEN_VEDIC.u_mul/u1/result[0]_INST_0_i_1/O[3]
                         net (fo=1, routed)           0.399    19.651    GEN_BRAM.u_core/alu/u_mul/u_mul/GEN_VEDIC.u_mul/u1/signed_product0[32]
    SLICE_X15Y16         LUT6 (Prop_lut6_I5_O)        0.142    19.793 f  GEN_BRAM.u_core/alu/u_mul/u_mul/GEN_VEDIC.u_mul/u1/result[0]_INST_0/O
                         net (fo=1, routed)           0.604    20.397    GEN_BRAM.u_core/alu/mul_result[0]
    SLICE_X7Y16          LUT6 (Prop_lut6_I0_O)        0.053    20.450 f  GEN_BRAM.u_core/alu/debug_alu_out_OBUF[0]_inst_i_11/O
                         net (fo=1, routed)           0.000    20.450    GEN_BRAM.u_core/alu/debug_alu_out_OBUF[0]_inst_i_11_n_0
    SLICE_X7Y16          MUXF7 (Prop_muxf7_I1_O)      0.129    20.579 f  GEN_BRAM.u_core/alu/debug_alu_out_OBUF[0]_inst_i_4/O
                         net (fo=1, routed)           0.271    20.850    GEN_BRAM.u_core/alu/debug_alu_out_OBUF[0]_inst_i_4_n_0
    SLICE_X9Y16          LUT6 (Prop_lut6_I5_O)        0.153    21.003 f  GEN_BRAM.u_core/alu/debug_alu_out_OBUF[0]_inst_i_1/O
                         net (fo=11, routed)          0.921    21.923    GEN_BRAM.u_core/alu/D[0]
    SLICE_X8Y0           LUT2 (Prop_lut2_I1_O)        0.053    21.976 r  GEN_BRAM.u_core/alu/mem_reg_0_i_37/O
                         net (fo=26, routed)          0.830    22.807    GEN_BRAM.u_core/dmem/registers_reg_r1_0_31_6_11_i_10
    SLICE_X2Y7           LUT5 (Prop_lut5_I4_O)        0.053    22.860 r  GEN_BRAM.u_core/dmem/registers_reg_r1_0_31_0_5_i_27/O
                         net (fo=1, routed)           0.463    23.322    GEN_BRAM.u_core/wb_mux/registers_reg_r1_0_31_0_5_i_2_0
    SLICE_X2Y2           LUT6 (Prop_lut6_I5_O)        0.053    23.375 r  GEN_BRAM.u_core/wb_mux/registers_reg_r1_0_31_0_5_i_11/O
                         net (fo=1, routed)           0.239    23.614    GEN_BRAM.u_core/divider/wb_exec[1]
    SLICE_X2Y1           LUT6 (Prop_lut6_I5_O)        0.053    23.667 r  GEN_BRAM.u_core/divider/registers_reg_r1_0_31_0_5_i_2/O
                         net (fo=2, routed)           0.534    24.200    GEN_BRAM.u_core/reg_file/registers_reg_r1_0_31_0_5/DIA1
    SLICE_X10Y1          RAMD32                                       r  GEN_BRAM.u_core/reg_file/registers_reg_r1_0_31_0_5/RAMA_D1/I
  -------------------------------------------------------------------    -------------------

                         (clock sys_clk rise edge)   30.000    30.000 r  
    AD23                                              0.000    30.000 r  clk (IN)
                         net (fo=0)                   0.000    30.000    clk
    AD23                 IBUF (Prop_ibuf_I_O)         0.796    30.796 r  clk_IBUF_inst/O
                         net (fo=1, routed)           1.741    32.537    clk_IBUF
    BUFGCTRL_X0Y0        BUFG (Prop_bufg_I_O)         0.113    32.650 r  clk_IBUF_BUFG_inst/O
                         net (fo=350, routed)         1.545    34.195    GEN_BRAM.u_core/reg_file/registers_reg_r1_0_31_0_5/WCLK
    SLICE_X10Y1          RAMD32                                       r  GEN_BRAM.u_core/reg_file/registers_reg_r1_0_31_0_5/RAMA_D1/CLK
                         clock pessimism              0.256    34.452    
                         clock uncertainty           -0.035    34.416    
    SLICE_X10Y1          RAMD32 (Setup_ramd32_CLK_I)
                                                     -0.166    34.250    GEN_BRAM.u_core/reg_file/registers_reg_r1_0_31_0_5/RAMA_D1
  -------------------------------------------------------------------
                         required time                         34.250    
                         arrival time                         -24.200    
  -------------------------------------------------------------------
                         slack                                 10.050    

Slack (MET) :             10.054ns  (required time - arrival time)
  Source:                 GEN_BRAM.u_core/ir_reg[17]/C
                            (rising edge-triggered cell FDCE clocked by sys_clk  {rise@0.000ns fall@15.000ns period=30.000ns})
  Destination:            GEN_BRAM.u_core/dmem/mem_reg_1/DIADI[11]
                            (rising edge-triggered cell RAMB36E1 clocked by sys_clk  {rise@0.000ns fall@15.000ns period=30.000ns})
  Path Group:             sys_clk
  Path Type:              Setup (Max at Slow Process Corner)
  Requirement:            30.000ns  (sys_clk rise@30.000ns - sys_clk rise@0.000ns)
  Data Path Delay:        19.774ns  (logic 5.842ns (29.544%)  route 13.932ns (70.456%))
  Logic Levels:           32  (CARRY4=13 LUT1=1 LUT2=1 LUT3=5 LUT4=5 LUT5=2 LUT6=3 MUXF7=1 RAMD32=1)
  Clock Path Skew:        0.068ns (DCD - SCD + CPR)
    Destination Clock Delay (DCD):    4.227ns = ( 34.227 - 30.000 ) 
    Source Clock Delay      (SCD):    4.416ns
    Clock Pessimism Removal (CPR):    0.256ns
  Clock Uncertainty:      0.035ns  ((TSJ^2 + TIJ^2)^1/2 + DJ) / 2 + PE
    Total System Jitter     (TSJ):    0.071ns
    Total Input Jitter      (TIJ):    0.000ns
    Discrete Jitter          (DJ):    0.000ns
    Phase Error              (PE):    0.000ns

    Location             Delay type                Incr(ns)  Path(ns)    Netlist Resource(s)
  -------------------------------------------------------------------    -------------------
                         (clock sys_clk rise edge)    0.000     0.000 r  
    AD23                                              0.000     0.000 r  clk (IN)
                         net (fo=0)                   0.000     0.000    clk
    AD23                 IBUF (Prop_ibuf_I_O)         0.873     0.873 r  clk_IBUF_inst/O
                         net (fo=1, routed)           1.830     2.703    clk_IBUF
    BUFGCTRL_X0Y0        BUFG (Prop_bufg_I_O)         0.120     2.823 r  clk_IBUF_BUFG_inst/O
                         net (fo=350, routed)         1.593     4.416    GEN_BRAM.u_core/clk_IBUF_BUFG
    SLICE_X32Y2          FDCE                                         r  GEN_BRAM.u_core/ir_reg[17]/C
  -------------------------------------------------------------------    -------------------
    SLICE_X32Y2          FDCE (Prop_fdce_C_Q)         0.308     4.724 r  GEN_BRAM.u_core/ir_reg[17]/Q
                         net (fo=97, routed)          1.465     6.189    GEN_BRAM.u_core/reg_file/registers_reg_r1_0_31_0_5/ADDRA2
    SLICE_X10Y1          RAMD32 (Prop_ramd32_RADR2_O)
                                                      0.065     6.254 f  GEN_BRAM.u_core/reg_file/registers_reg_r1_0_31_0_5/RAMA/O
                         net (fo=10, routed)          0.756     7.009    GEN_BRAM.u_core/alu_mux_a/dataR10[0]
    SLICE_X20Y2          LUT4 (Prop_lut4_I1_O)        0.168     7.177 r  GEN_BRAM.u_core/alu_mux_a/u_adder_i_32/O
                         net (fo=90, routed)          0.906     8.083    GEN_BRAM.u_core/alu/u_mul/u_mul/GEN_VEDIC.u_mul/u2/result[1]_INST_0_i_11_n_0
    SLICE_X8Y10          CARRY4 (Prop_carry4_CYINIT_CO[3])
                                                      0.359     8.442 r  GEN_BRAM.u_core/alu/u_mul/u_mul/GEN_VEDIC.u_mul/u2/result[1]_INST_0_i_5/CO[3]
                         net (fo=1, routed)           0.000     8.442    GEN_BRAM.u_core/alu/u_mul/u_mul/GEN_VEDIC.u_mul/u2/result[1]_INST_0_i_5_n_0
    SLICE_X8Y11          CARRY4 (Prop_carry4_CI_CO[3])
                                                      0.060     8.502 r  GEN_BRAM.u_core/alu/u_mul/u_mul/GEN_VEDIC.u_mul/u2/product__0_carry_i_42__1/CO[3]
                         net (fo=1, routed)           0.000     8.502    GEN_BRAM.u_core/alu/u_mul/u_mul/GEN_VEDIC.u_mul/u2/product__0_carry_i_42__1_n_0
    SLICE_X8Y12          CARRY4 (Prop_carry4_CI_CO[3])
                                                      0.060     8.562 r  GEN_BRAM.u_core/alu/u_mul/u_mul/GEN_VEDIC.u_mul/u2/product__0_carry_i_73__0/CO[3]
                         net (fo=1, routed)           0.000     8.562    GEN_BRAM.u_core/alu/u_mul/u_mul/GEN_VEDIC.u_mul/u2/product__0_carry_i_73__0_n_0
    SLICE_X8Y13          CARRY4 (Prop_carry4_CI_O[1])
                                                      0.212     8.774 r  GEN_BRAM.u_core/alu/u_mul/u_mul/GEN_VEDIC.u_mul/u2/product__0_carry_i_41__1/O[1]
                         net (fo=1, routed)           0.273     9.047    GEN_BRAM.u_core/alu/u_mul/u_mul/GEN_VEDIC.u_mul/u2/mag_a0[14]
    SLICE_X9Y13          LUT6 (Prop_lut6_I0_O)        0.155     9.202 r  GEN_BRAM.u_core/alu/u_mul/u_mul/GEN_VEDIC.u_mul/u2/product__0_carry__4_i_15__1/O
                         net (fo=80, routed)          1.766    10.968    GEN_BRAM.u_core/alu/u_mul/u_mul/GEN_VEDIC.u_mul/u0/mag_a[13]
    SLICE_X33Y7          LUT4 (Prop_lut4_I1_O)        0.065    11.033 r  GEN_BRAM.u_core/alu/u_mul/u_mul/GEN_VEDIC.u_mul/u0/product__0_carry__0_i_93/O
                         net (fo=2, routed)           0.696    11.730    GEN_BRAM.u_core/alu/u_mul/u_mul/GEN_VEDIC.u_mul/u0/u1/u1/p1[1]
    SLICE_X32Y7          LUT3 (Prop_lut3_I0_O)        0.185    11.915 r  GEN_BRAM.u_core/alu/u_mul/u_mul/GEN_VEDIC.u_mul/u0/product__0_carry__0_i_50/O
                         net (fo=2, routed)           0.289    12.203    GEN_BRAM.u_core/alu/u_mul/u_mul/GEN_VEDIC.u_mul/u0/product__0_carry__0_i_50_n_0
    SLICE_X32Y7          LUT5 (Prop_lut5_I4_O)        0.172    12.375 r  GEN_BRAM.u_core/alu/u_mul/u_mul/GEN_VEDIC.u_mul/u0/product__0_carry__0_i_53/O
                         net (fo=1, routed)           0.000    12.375    GEN_BRAM.u_core/alu/u_mul/u_mul/GEN_VEDIC.u_mul/u0/product__0_carry__0_i_53_n_0
    SLICE_X32Y7          CARRY4 (Prop_carry4_S[2]_CO[3])
                                                      0.219    12.594 r  GEN_BRAM.u_core/alu/u_mul/u_mul/GEN_VEDIC.u_mul/u0/product__0_carry__0_i_29/CO[3]
                         net (fo=1, routed)           0.000    12.594    GEN_BRAM.u_core/alu/u_mul/u_mul/GEN_VEDIC.u_mul/u0/product__0_carry__0_i_29_n_0
    SLICE_X32Y8          CARRY4 (Prop_carry4_CI_O[0])
                                                      0.135    12.729 r  GEN_BRAM.u_core/alu/u_mul/u_mul/GEN_VEDIC.u_mul/u0/product__0_carry__1_i_36/O[0]
                         net (fo=2, routed)           0.618    13.347    GEN_BRAM.u_core/alu/u_mul/u_mul/GEN_VEDIC.u_mul/u0/u1/p1[6]
    SLICE_X30Y7          LUT3 (Prop_lut3_I0_O)        0.163    13.510 r  GEN_BRAM.u_core/alu/u_mul/u_mul/GEN_VEDIC.u_mul/u0/product__0_carry__1_i_13/O
                         net (fo=2, routed)           0.477    13.987    GEN_BRAM.u_core/alu/u_mul/u_mul/GEN_VEDIC.u_mul/u0/product__0_carry__1_i_13_n_0
    SLICE_X30Y7          LUT4 (Prop_lut4_I0_O)        0.164    14.151 r  GEN_BRAM.u_core/alu/u_mul/u_mul/GEN_VEDIC.u_mul/u0/product__0_carry__1_i_17/O
                         net (fo=1, routed)           0.000    14.151    GEN_BRAM.u_core/alu/u_mul/u_mul/GEN_VEDIC.u_mul/u0/product__0_carry__1_i_17_n_0
    SLICE_X30Y7          CARRY4 (Prop_carry4_S[3]_CO[3])
                                                      0.216    14.367 r  GEN_BRAM.u_core/alu/u_mul/u_mul/GEN_VEDIC.u_mul/u0/product__0_carry__1_i_9/CO[3]
                         net (fo=1, routed)           0.000    14.367    GEN_BRAM.u_core/alu/u_mul/u_mul/GEN_VEDIC.u_mul/u0/product__0_carry__1_i_9_n_0
    SLICE_X30Y8          CARRY4 (Prop_carry4_CI_O[0])
                                                      0.135    14.502 r  GEN_BRAM.u_core/alu/u_mul/u_mul/GEN_VEDIC.u_mul/u0/product__0_carry__2_i_9/O[0]
                         net (fo=2, routed)           0.764    15.266    GEN_BRAM.u_core/alu/u_mul/u_mul/GEN_VEDIC.u_mul/u0/p1[12]
    SLICE_X24Y8          LUT3 (Prop_lut3_I0_O)        0.164    15.430 r  GEN_BRAM.u_core/alu/u_mul/u_mul/GEN_VEDIC.u_mul/u0/product__0_carry__2_i_3__2/O
                         net (fo=2, routed)           0.355    15.786    GEN_BRAM.u_core/alu/u_mul/u_mul/GEN_VEDIC.u_mul/u0/product__0_carry__2_i_3__2_n_0
    SLICE_X24Y8          LUT4 (Prop_lut4_I3_O)        0.170    15.956 r  GEN_BRAM.u_core/alu/u_mul/u_mul/GEN_VEDIC.u_mul/u0/product__0_carry__2_i_7__2/O
                         net (fo=1, routed)           0.000    15.956    GEN_BRAM.u_core/alu/u_mul/u_mul/GEN_VEDIC.u_mul/u0/product__0_carry__2_i_7__2_n_0
    SLICE_X24Y8          CARRY4 (Prop_carry4_S[1]_O[3])
                                                      0.379    16.335 r  GEN_BRAM.u_core/alu/u_mul/u_mul/GEN_VEDIC.u_mul/u0/product__0_carry__2/O[3]
                         net (fo=2, routed)           0.753    17.088    GEN_BRAM.u_core/alu/u_mul/u_mul/GEN_VEDIC.u_mul/u0/p_1_in[23]
    SLICE_X21Y13         LUT3 (Prop_lut3_I2_O)        0.157    17.245 r  GEN_BRAM.u_core/alu/u_mul/u_mul/GEN_VEDIC.u_mul/u0/result[27]_INST_0_i_6/O
                         net (fo=2, routed)           0.443    17.688    GEN_BRAM.u_core/alu/u_mul/u_mul/GEN_VEDIC.u_mul/u0/DI[0]
    SLICE_X21Y14         LUT4 (Prop_lut4_I3_O)        0.168    17.856 r  GEN_BRAM.u_core/alu/u_mul/u_mul/GEN_VEDIC.u_mul/u0/result[27]_INST_0_i_10/O
                         net (fo=1, routed)           0.000    17.856    GEN_BRAM.u_core/alu/u_mul/u_mul/GEN_VEDIC.u_mul/u1/result[24]_INST_0_0[0]
    SLICE_X21Y14         CARRY4 (Prop_carry4_S[0]_CO[3])
                                                      0.313    18.169 r  GEN_BRAM.u_core/alu/u_mul/u_mul/GEN_VEDIC.u_mul/u1/result[27]_INST_0_i_1/CO[3]
                         net (fo=1, routed)           0.000    18.169    GEN_BRAM.u_core/alu/u_mul/u_mul/GEN_VEDIC.u_mul/u1/result[27]_INST_0_i_1_n_0
    SLICE_X21Y15         CARRY4 (Prop_carry4_CI_O[1])
                                                      0.213    18.382 f  GEN_BRAM.u_core/alu/u_mul/u_mul/GEN_VEDIC.u_mul/u1/result[31]_INST_0_i_1/O[1]
                         net (fo=2, routed)           0.361    18.743    GEN_BRAM.u_core/alu/u_mul/u_mul/GEN_VEDIC.u_mul/u1/result[31]_INST_0_i_13_0[6]
    SLICE_X19Y16         LUT1 (Prop_lut1_I0_O)        0.152    18.895 r  GEN_BRAM.u_core/alu/u_mul/u_mul/GEN_VEDIC.u_mul/u1/result[0]_INST_0_i_6/O
                         net (fo=1, routed)           0.000    18.895    GEN_BRAM.u_core/alu/u_mul/u_mul/GEN_VEDIC.u_mul/u1/p_0_in[29]
    SLICE_X19Y16         CARRY4 (Prop_carry4_S[0]_CO[3])
                                                      0.313    19.208 r  GEN_BRAM.u_core/alu/u_mul/u_mul/GEN_VEDIC.u_mul/u1/result[0]_INST_0_i_1/CO[3]
                         net (fo=1, routed)           0.000    19.208    GEN_BRAM.u_core/alu/u_mul/u_mul/GEN_VEDIC.u_mul/u1/result[0]_INST_0_i_1_n_0
    SLICE_X19Y17         CARRY4 (Prop_carry4_CI_O[0])
                                                      0.139    19.347 r  GEN_BRAM.u_core/alu/u_mul/u_mul/GEN_VEDIC.u_mul/u1/result[4]_INST_0_i_1/O[0]
                         net (fo=1, routed)           0.254    19.600    GEN_BRAM.u_core/alu/u_mul/u_mul/GEN_VEDIC.u_mul/u1/signed_product0[33]
    SLICE_X17Y16         LUT5 (Prop_lut5_I4_O)        0.155    19.755 r  GEN_BRAM.u_core/alu/u_mul/u_mul/GEN_VEDIC.u_mul/u1/result[1]_INST_0/O
                         net (fo=2, routed)           0.637    20.392    GEN_BRAM.u_core/reg_file/result[0]
    SLICE_X6Y15          LUT6 (Prop_lut6_I2_O)        0.053    20.445 r  GEN_BRAM.u_core/reg_file/debug_alu_out_OBUF[1]_inst_i_2/O
                         net (fo=2, routed)           0.000    20.445    GEN_BRAM.u_core/alu_mux_b/load_addr_hold_reg[1]
    SLICE_X6Y15          MUXF7 (Prop_muxf7_I0_O)      0.121    20.566 r  GEN_BRAM.u_core/alu_mux_b/debug_alu_out_OBUF[1]_inst_i_1/O
                         net (fo=43, routed)          0.978    21.544    GEN_BRAM.u_core/alu_mux_b/D[0]
    SLICE_X2Y8           LUT3 (Prop_lut3_I2_O)        0.160    21.704 r  GEN_BRAM.u_core/alu_mux_b/mem_reg_1_i_41/O
                         net (fo=12, routed)          1.129    22.832    GEN_BRAM.u_core/alu_mux_b/ir_reg[14]
    SLICE_X14Y2          LUT2 (Prop_lut2_I0_O)        0.176    23.008 r  GEN_BRAM.u_core/alu_mux_b/mem_reg_1_i_19/O
                         net (fo=8, routed)           0.360    23.368    GEN_BRAM.u_core/reg_file/mem_reg_1_2
    SLICE_X16Y2          LUT6 (Prop_lut6_I0_O)        0.168    23.536 r  GEN_BRAM.u_core/reg_file/mem_reg_1_i_5/O
                         net (fo=1, routed)           0.654    24.190    GEN_BRAM.u_core/dmem/wdata[27]
    RAMB36_X0Y1          RAMB36E1                                     r  GEN_BRAM.u_core/dmem/mem_reg_1/DIADI[11]
  -------------------------------------------------------------------    -------------------

                         (clock sys_clk rise edge)   30.000    30.000 r  
    AD23                                              0.000    30.000 r  clk (IN)
                         net (fo=0)                   0.000    30.000    clk
    AD23                 IBUF (Prop_ibuf_I_O)         0.796    30.796 r  clk_IBUF_inst/O
                         net (fo=1, routed)           1.741    32.537    clk_IBUF
    BUFGCTRL_X0Y0        BUFG (Prop_bufg_I_O)         0.113    32.650 r  clk_IBUF_BUFG_inst/O
                         net (fo=350, routed)         1.577    34.227    GEN_BRAM.u_core/dmem/clk_IBUF_BUFG
    RAMB36_X0Y1          RAMB36E1                                     r  GEN_BRAM.u_core/dmem/mem_reg_1/CLKARDCLK
                         clock pessimism              0.256    34.483    
                         clock uncertainty           -0.035    34.448    
    RAMB36_X0Y1          RAMB36E1 (Setup_ramb36e1_CLKARDCLK_DIADI[11])
                                                     -0.204    34.244    GEN_BRAM.u_core/dmem/mem_reg_1
  -------------------------------------------------------------------
                         required time                         34.244    
                         arrival time                         -24.190    
  -------------------------------------------------------------------
                         slack                                 10.054    

Slack (MET) :             10.055ns  (required time - arrival time)
  Source:                 GEN_BRAM.u_core/ir_reg[17]/C
                            (rising edge-triggered cell FDCE clocked by sys_clk  {rise@0.000ns fall@15.000ns period=30.000ns})
  Destination:            GEN_BRAM.u_core/dmem/mem_reg_1/DIADI[10]
                            (rising edge-triggered cell RAMB36E1 clocked by sys_clk  {rise@0.000ns fall@15.000ns period=30.000ns})
  Path Group:             sys_clk
  Path Type:              Setup (Max at Slow Process Corner)
  Requirement:            30.000ns  (sys_clk rise@30.000ns - sys_clk rise@0.000ns)
  Data Path Delay:        19.773ns  (logic 5.842ns (29.545%)  route 13.931ns (70.455%))
  Logic Levels:           32  (CARRY4=13 LUT1=1 LUT2=1 LUT3=5 LUT4=5 LUT5=2 LUT6=3 MUXF7=1 RAMD32=1)
  Clock Path Skew:        0.068ns (DCD - SCD + CPR)
    Destination Clock Delay (DCD):    4.227ns = ( 34.227 - 30.000 ) 
    Source Clock Delay      (SCD):    4.416ns
    Clock Pessimism Removal (CPR):    0.256ns
  Clock Uncertainty:      0.035ns  ((TSJ^2 + TIJ^2)^1/2 + DJ) / 2 + PE
    Total System Jitter     (TSJ):    0.071ns
    Total Input Jitter      (TIJ):    0.000ns
    Discrete Jitter          (DJ):    0.000ns
    Phase Error              (PE):    0.000ns

    Location             Delay type                Incr(ns)  Path(ns)    Netlist Resource(s)
  -------------------------------------------------------------------    -------------------
                         (clock sys_clk rise edge)    0.000     0.000 r  
    AD23                                              0.000     0.000 r  clk (IN)
                         net (fo=0)                   0.000     0.000    clk
    AD23                 IBUF (Prop_ibuf_I_O)         0.873     0.873 r  clk_IBUF_inst/O
                         net (fo=1, routed)           1.830     2.703    clk_IBUF
    BUFGCTRL_X0Y0        BUFG (Prop_bufg_I_O)         0.120     2.823 r  clk_IBUF_BUFG_inst/O
                         net (fo=350, routed)         1.593     4.416    GEN_BRAM.u_core/clk_IBUF_BUFG
    SLICE_X32Y2          FDCE                                         r  GEN_BRAM.u_core/ir_reg[17]/C
  -------------------------------------------------------------------    -------------------
    SLICE_X32Y2          FDCE (Prop_fdce_C_Q)         0.308     4.724 r  GEN_BRAM.u_core/ir_reg[17]/Q
                         net (fo=97, routed)          1.465     6.189    GEN_BRAM.u_core/reg_file/registers_reg_r1_0_31_0_5/ADDRA2
    SLICE_X10Y1          RAMD32 (Prop_ramd32_RADR2_O)
                                                      0.065     6.254 f  GEN_BRAM.u_core/reg_file/registers_reg_r1_0_31_0_5/RAMA/O
                         net (fo=10, routed)          0.756     7.009    GEN_BRAM.u_core/alu_mux_a/dataR10[0]
    SLICE_X20Y2          LUT4 (Prop_lut4_I1_O)        0.168     7.177 r  GEN_BRAM.u_core/alu_mux_a/u_adder_i_32/O
                         net (fo=90, routed)          0.906     8.083    GEN_BRAM.u_core/alu/u_mul/u_mul/GEN_VEDIC.u_mul/u2/result[1]_INST_0_i_11_n_0
    SLICE_X8Y10          CARRY4 (Prop_carry4_CYINIT_CO[3])
                                                      0.359     8.442 r  GEN_BRAM.u_core/alu/u_mul/u_mul/GEN_VEDIC.u_mul/u2/result[1]_INST_0_i_5/CO[3]
                         net (fo=1, routed)           0.000     8.442    GEN_BRAM.u_core/alu/u_mul/u_mul/GEN_VEDIC.u_mul/u2/result[1]_INST_0_i_5_n_0
    SLICE_X8Y11          CARRY4 (Prop_carry4_CI_CO[3])
                                                      0.060     8.502 r  GEN_BRAM.u_core/alu/u_mul/u_mul/GEN_VEDIC.u_mul/u2/product__0_carry_i_42__1/CO[3]
                         net (fo=1, routed)           0.000     8.502    GEN_BRAM.u_core/alu/u_mul/u_mul/GEN_VEDIC.u_mul/u2/product__0_carry_i_42__1_n_0
    SLICE_X8Y12          CARRY4 (Prop_carry4_CI_CO[3])
                                                      0.060     8.562 r  GEN_BRAM.u_core/alu/u_mul/u_mul/GEN_VEDIC.u_mul/u2/product__0_carry_i_73__0/CO[3]
                         net (fo=1, routed)           0.000     8.562    GEN_BRAM.u_core/alu/u_mul/u_mul/GEN_VEDIC.u_mul/u2/product__0_carry_i_73__0_n_0
    SLICE_X8Y13          CARRY4 (Prop_carry4_CI_O[1])
                                                      0.212     8.774 r  GEN_BRAM.u_core/alu/u_mul/u_mul/GEN_VEDIC.u_mul/u2/product__0_carry_i_41__1/O[1]
                         net (fo=1, routed)           0.273     9.047    GEN_BRAM.u_core/alu/u_mul/u_mul/GEN_VEDIC.u_mul/u2/mag_a0[14]
    SLICE_X9Y13          LUT6 (Prop_lut6_I0_O)        0.155     9.202 r  GEN_BRAM.u_core/alu/u_mul/u_mul/GEN_VEDIC.u_mul/u2/product__0_carry__4_i_15__1/O
                         net (fo=80, routed)          1.766    10.968    GEN_BRAM.u_core/alu/u_mul/u_mul/GEN_VEDIC.u_mul/u0/mag_a[13]
    SLICE_X33Y7          LUT4 (Prop_lut4_I1_O)        0.065    11.033 r  GEN_BRAM.u_core/alu/u_mul/u_mul/GEN_VEDIC.u_mul/u0/product__0_carry__0_i_93/O
                         net (fo=2, routed)           0.696    11.730    GEN_BRAM.u_core/alu/u_mul/u_mul/GEN_VEDIC.u_mul/u0/u1/u1/p1[1]
    SLICE_X32Y7          LUT3 (Prop_lut3_I0_O)        0.185    11.915 r  GEN_BRAM.u_core/alu/u_mul/u_mul/GEN_VEDIC.u_mul/u0/product__0_carry__0_i_50/O
                         net (fo=2, routed)           0.289    12.203    GEN_BRAM.u_core/alu/u_mul/u_mul/GEN_VEDIC.u_mul/u0/product__0_carry__0_i_50_n_0
    SLICE_X32Y7          LUT5 (Prop_lut5_I4_O)        0.172    12.375 r  GEN_BRAM.u_core/alu/u_mul/u_mul/GEN_VEDIC.u_mul/u0/product__0_carry__0_i_53/O
                         net (fo=1, routed)           0.000    12.375    GEN_BRAM.u_core/alu/u_mul/u_mul/GEN_VEDIC.u_mul/u0/product__0_carry__0_i_53_n_0
    SLICE_X32Y7          CARRY4 (Prop_carry4_S[2]_CO[3])
                                                      0.219    12.594 r  GEN_BRAM.u_core/alu/u_mul/u_mul/GEN_VEDIC.u_mul/u0/product__0_carry__0_i_29/CO[3]
                         net (fo=1, routed)           0.000    12.594    GEN_BRAM.u_core/alu/u_mul/u_mul/GEN_VEDIC.u_mul/u0/product__0_carry__0_i_29_n_0
    SLICE_X32Y8          CARRY4 (Prop_carry4_CI_O[0])
                                                      0.135    12.729 r  GEN_BRAM.u_core/alu/u_mul/u_mul/GEN_VEDIC.u_mul/u0/product__0_carry__1_i_36/O[0]
                         net (fo=2, routed)           0.618    13.347    GEN_BRAM.u_core/alu/u_mul/u_mul/GEN_VEDIC.u_mul/u0/u1/p1[6]
    SLICE_X30Y7          LUT3 (Prop_lut3_I0_O)        0.163    13.510 r  GEN_BRAM.u_core/alu/u_mul/u_mul/GEN_VEDIC.u_mul/u0/product__0_carry__1_i_13/O
                         net (fo=2, routed)           0.477    13.987    GEN_BRAM.u_core/alu/u_mul/u_mul/GEN_VEDIC.u_mul/u0/product__0_carry__1_i_13_n_0
    SLICE_X30Y7          LUT4 (Prop_lut4_I0_O)        0.164    14.151 r  GEN_BRAM.u_core/alu/u_mul/u_mul/GEN_VEDIC.u_mul/u0/product__0_carry__1_i_17/O
                         net (fo=1, routed)           0.000    14.151    GEN_BRAM.u_core/alu/u_mul/u_mul/GEN_VEDIC.u_mul/u0/product__0_carry__1_i_17_n_0
    SLICE_X30Y7          CARRY4 (Prop_carry4_S[3]_CO[3])
                                                      0.216    14.367 r  GEN_BRAM.u_core/alu/u_mul/u_mul/GEN_VEDIC.u_mul/u0/product__0_carry__1_i_9/CO[3]
                         net (fo=1, routed)           0.000    14.367    GEN_BRAM.u_core/alu/u_mul/u_mul/GEN_VEDIC.u_mul/u0/product__0_carry__1_i_9_n_0
    SLICE_X30Y8          CARRY4 (Prop_carry4_CI_O[0])
                                                      0.135    14.502 r  GEN_BRAM.u_core/alu/u_mul/u_mul/GEN_VEDIC.u_mul/u0/product__0_carry__2_i_9/O[0]
                         net (fo=2, routed)           0.764    15.266    GEN_BRAM.u_core/alu/u_mul/u_mul/GEN_VEDIC.u_mul/u0/p1[12]
    SLICE_X24Y8          LUT3 (Prop_lut3_I0_O)        0.164    15.430 r  GEN_BRAM.u_core/alu/u_mul/u_mul/GEN_VEDIC.u_mul/u0/product__0_carry__2_i_3__2/O
                         net (fo=2, routed)           0.355    15.786    GEN_BRAM.u_core/alu/u_mul/u_mul/GEN_VEDIC.u_mul/u0/product__0_carry__2_i_3__2_n_0
    SLICE_X24Y8          LUT4 (Prop_lut4_I3_O)        0.170    15.956 r  GEN_BRAM.u_core/alu/u_mul/u_mul/GEN_VEDIC.u_mul/u0/product__0_carry__2_i_7__2/O
                         net (fo=1, routed)           0.000    15.956    GEN_BRAM.u_core/alu/u_mul/u_mul/GEN_VEDIC.u_mul/u0/product__0_carry__2_i_7__2_n_0
    SLICE_X24Y8          CARRY4 (Prop_carry4_S[1]_O[3])
                                                      0.379    16.335 r  GEN_BRAM.u_core/alu/u_mul/u_mul/GEN_VEDIC.u_mul/u0/product__0_carry__2/O[3]
                         net (fo=2, routed)           0.753    17.088    GEN_BRAM.u_core/alu/u_mul/u_mul/GEN_VEDIC.u_mul/u0/p_1_in[23]
    SLICE_X21Y13         LUT3 (Prop_lut3_I2_O)        0.157    17.245 r  GEN_BRAM.u_core/alu/u_mul/u_mul/GEN_VEDIC.u_mul/u0/result[27]_INST_0_i_6/O
                         net (fo=2, routed)           0.443    17.688    GEN_BRAM.u_core/alu/u_mul/u_mul/GEN_VEDIC.u_mul/u0/DI[0]
    SLICE_X21Y14         LUT4 (Prop_lut4_I3_O)        0.168    17.856 r  GEN_BRAM.u_core/alu/u_mul/u_mul/GEN_VEDIC.u_mul/u0/result[27]_INST_0_i_10/O
                         net (fo=1, routed)           0.000    17.856    GEN_BRAM.u_core/alu/u_mul/u_mul/GEN_VEDIC.u_mul/u1/result[24]_INST_0_0[0]
    SLICE_X21Y14         CARRY4 (Prop_carry4_S[0]_CO[3])
                                                      0.313    18.169 r  GEN_BRAM.u_core/alu/u_mul/u_mul/GEN_VEDIC.u_mul/u1/result[27]_INST_0_i_1/CO[3]
                         net (fo=1, routed)           0.000    18.169    GEN_BRAM.u_core/alu/u_mul/u_mul/GEN_VEDIC.u_mul/u1/result[27]_INST_0_i_1_n_0
    SLICE_X21Y15         CARRY4 (Prop_carry4_CI_O[1])
                                                      0.213    18.382 f  GEN_BRAM.u_core/alu/u_mul/u_mul/GEN_VEDIC.u_mul/u1/result[31]_INST_0_i_1/O[1]
                         net (fo=2, routed)           0.361    18.743    GEN_BRAM.u_core/alu/u_mul/u_mul/GEN_VEDIC.u_mul/u1/result[31]_INST_0_i_13_0[6]
    SLICE_X19Y16         LUT1 (Prop_lut1_I0_O)        0.152    18.895 r  GEN_BRAM.u_core/alu/u_mul/u_mul/GEN_VEDIC.u_mul/u1/result[0]_INST_0_i_6/O
                         net (fo=1, routed)           0.000    18.895    GEN_BRAM.u_core/alu/u_mul/u_mul/GEN_VEDIC.u_mul/u1/p_0_in[29]
    SLICE_X19Y16         CARRY4 (Prop_carry4_S[0]_CO[3])
                                                      0.313    19.208 r  GEN_BRAM.u_core/alu/u_mul/u_mul/GEN_VEDIC.u_mul/u1/result[0]_INST_0_i_1/CO[3]
                         net (fo=1, routed)           0.000    19.208    GEN_BRAM.u_core/alu/u_mul/u_mul/GEN_VEDIC.u_mul/u1/result[0]_INST_0_i_1_n_0
    SLICE_X19Y17         CARRY4 (Prop_carry4_CI_O[0])
                                                      0.139    19.347 r  GEN_BRAM.u_core/alu/u_mul/u_mul/GEN_VEDIC.u_mul/u1/result[4]_INST_0_i_1/O[0]
                         net (fo=1, routed)           0.254    19.600    GEN_BRAM.u_core/alu/u_mul/u_mul/GEN_VEDIC.u_mul/u1/signed_product0[33]
    SLICE_X17Y16         LUT5 (Prop_lut5_I4_O)        0.155    19.755 r  GEN_BRAM.u_core/alu/u_mul/u_mul/GEN_VEDIC.u_mul/u1/result[1]_INST_0/O
                         net (fo=2, routed)           0.637    20.392    GEN_BRAM.u_core/reg_file/result[0]
    SLICE_X6Y15          LUT6 (Prop_lut6_I2_O)        0.053    20.445 r  GEN_BRAM.u_core/reg_file/debug_alu_out_OBUF[1]_inst_i_2/O
                         net (fo=2, routed)           0.000    20.445    GEN_BRAM.u_core/alu_mux_b/load_addr_hold_reg[1]
    SLICE_X6Y15          MUXF7 (Prop_muxf7_I0_O)      0.121    20.566 r  GEN_BRAM.u_core/alu_mux_b/debug_alu_out_OBUF[1]_inst_i_1/O
                         net (fo=43, routed)          0.978    21.544    GEN_BRAM.u_core/alu_mux_b/D[0]
    SLICE_X2Y8           LUT3 (Prop_lut3_I2_O)        0.160    21.704 r  GEN_BRAM.u_core/alu_mux_b/mem_reg_1_i_41/O
                         net (fo=12, routed)          1.129    22.832    GEN_BRAM.u_core/alu_mux_b/ir_reg[14]
    SLICE_X14Y2          LUT2 (Prop_lut2_I0_O)        0.176    23.008 r  GEN_BRAM.u_core/alu_mux_b/mem_reg_1_i_19/O
                         net (fo=8, routed)           0.468    23.476    GEN_BRAM.u_core/reg_file/mem_reg_1_2
    SLICE_X18Y1          LUT6 (Prop_lut6_I0_O)        0.168    23.644 r  GEN_BRAM.u_core/reg_file/mem_reg_1_i_6/O
                         net (fo=1, routed)           0.545    24.189    GEN_BRAM.u_core/dmem/wdata[26]
    RAMB36_X0Y1          RAMB36E1                                     r  GEN_BRAM.u_core/dmem/mem_reg_1/DIADI[10]
  -------------------------------------------------------------------    -------------------

                         (clock sys_clk rise edge)   30.000    30.000 r  
    AD23                                              0.000    30.000 r  clk (IN)
                         net (fo=0)                   0.000    30.000    clk
    AD23                 IBUF (Prop_ibuf_I_O)         0.796    30.796 r  clk_IBUF_inst/O
                         net (fo=1, routed)           1.741    32.537    clk_IBUF
    BUFGCTRL_X0Y0        BUFG (Prop_bufg_I_O)         0.113    32.650 r  clk_IBUF_BUFG_inst/O
                         net (fo=350, routed)         1.577    34.227    GEN_BRAM.u_core/dmem/clk_IBUF_BUFG
    RAMB36_X0Y1          RAMB36E1                                     r  GEN_BRAM.u_core/dmem/mem_reg_1/CLKARDCLK
                         clock pessimism              0.256    34.483    
                         clock uncertainty           -0.035    34.448    
    RAMB36_X0Y1          RAMB36E1 (Setup_ramb36e1_CLKARDCLK_DIADI[10])
                                                     -0.204    34.244    GEN_BRAM.u_core/dmem/mem_reg_1
  -------------------------------------------------------------------
                         required time                         34.244    
                         arrival time                         -24.189    
  -------------------------------------------------------------------
                         slack                                 10.055    

Slack (MET) :             10.065ns  (required time - arrival time)
  Source:                 GEN_BRAM.u_core/ir_reg[17]/C
                            (rising edge-triggered cell FDCE clocked by sys_clk  {rise@0.000ns fall@15.000ns period=30.000ns})
  Destination:            GEN_BRAM.u_core/reg_file/registers_reg_r2_0_31_6_11/RAMB/I
                            (rising edge-triggered cell RAMD32 clocked by sys_clk  {rise@0.000ns fall@15.000ns period=30.000ns})
  Path Group:             sys_clk
  Path Type:              Setup (Max at Slow Process Corner)
  Requirement:            30.000ns  (sys_clk rise@30.000ns - sys_clk rise@0.000ns)
  Data Path Delay:        19.806ns  (logic 5.939ns (29.986%)  route 13.867ns (70.014%))
  Logic Levels:           33  (CARRY4=13 LUT1=1 LUT3=4 LUT4=6 LUT5=2 LUT6=4 MUXF7=2 RAMD32=1)
  Clock Path Skew:        0.035ns (DCD - SCD + CPR)
    Destination Clock Delay (DCD):    4.194ns = ( 34.194 - 30.000 ) 
    Source Clock Delay      (SCD):    4.416ns
    Clock Pessimism Removal (CPR):    0.256ns
  Clock Uncertainty:      0.035ns  ((TSJ^2 + TIJ^2)^1/2 + DJ) / 2 + PE
    Total System Jitter     (TSJ):    0.071ns
    Total Input Jitter      (TIJ):    0.000ns
    Discrete Jitter          (DJ):    0.000ns
    Phase Error              (PE):    0.000ns

    Location             Delay type                Incr(ns)  Path(ns)    Netlist Resource(s)
  -------------------------------------------------------------------    -------------------
                         (clock sys_clk rise edge)    0.000     0.000 r  
    AD23                                              0.000     0.000 r  clk (IN)
                         net (fo=0)                   0.000     0.000    clk
    AD23                 IBUF (Prop_ibuf_I_O)         0.873     0.873 r  clk_IBUF_inst/O
                         net (fo=1, routed)           1.830     2.703    clk_IBUF
    BUFGCTRL_X0Y0        BUFG (Prop_bufg_I_O)         0.120     2.823 r  clk_IBUF_BUFG_inst/O
                         net (fo=350, routed)         1.593     4.416    GEN_BRAM.u_core/clk_IBUF_BUFG
    SLICE_X32Y2          FDCE                                         r  GEN_BRAM.u_core/ir_reg[17]/C
  -------------------------------------------------------------------    -------------------
    SLICE_X32Y2          FDCE (Prop_fdce_C_Q)         0.308     4.724 r  GEN_BRAM.u_core/ir_reg[17]/Q
                         net (fo=97, routed)          1.465     6.189    GEN_BRAM.u_core/reg_file/registers_reg_r1_0_31_0_5/ADDRA2
    SLICE_X10Y1          RAMD32 (Prop_ramd32_RADR2_O)
                                                      0.065     6.254 f  GEN_BRAM.u_core/reg_file/registers_reg_r1_0_31_0_5/RAMA/O
                         net (fo=10, routed)          0.756     7.009    GEN_BRAM.u_core/alu_mux_a/dataR10[0]
    SLICE_X20Y2          LUT4 (Prop_lut4_I1_O)        0.168     7.177 r  GEN_BRAM.u_core/alu_mux_a/u_adder_i_32/O
                         net (fo=90, routed)          0.906     8.083    GEN_BRAM.u_core/alu/u_mul/u_mul/GEN_VEDIC.u_mul/u2/result[1]_INST_0_i_11_n_0
    SLICE_X8Y10          CARRY4 (Prop_carry4_CYINIT_CO[3])
                                                      0.359     8.442 r  GEN_BRAM.u_core/alu/u_mul/u_mul/GEN_VEDIC.u_mul/u2/result[1]_INST_0_i_5/CO[3]
                         net (fo=1, routed)           0.000     8.442    GEN_BRAM.u_core/alu/u_mul/u_mul/GEN_VEDIC.u_mul/u2/result[1]_INST_0_i_5_n_0
    SLICE_X8Y11          CARRY4 (Prop_carry4_CI_CO[3])
                                                      0.060     8.502 r  GEN_BRAM.u_core/alu/u_mul/u_mul/GEN_VEDIC.u_mul/u2/product__0_carry_i_42__1/CO[3]
                         net (fo=1, routed)           0.000     8.502    GEN_BRAM.u_core/alu/u_mul/u_mul/GEN_VEDIC.u_mul/u2/product__0_carry_i_42__1_n_0
    SLICE_X8Y12          CARRY4 (Prop_carry4_CI_CO[3])
                                                      0.060     8.562 r  GEN_BRAM.u_core/alu/u_mul/u_mul/GEN_VEDIC.u_mul/u2/product__0_carry_i_73__0/CO[3]
                         net (fo=1, routed)           0.000     8.562    GEN_BRAM.u_core/alu/u_mul/u_mul/GEN_VEDIC.u_mul/u2/product__0_carry_i_73__0_n_0
    SLICE_X8Y13          CARRY4 (Prop_carry4_CI_O[1])
                                                      0.212     8.774 r  GEN_BRAM.u_core/alu/u_mul/u_mul/GEN_VEDIC.u_mul/u2/product__0_carry_i_41__1/O[1]
                         net (fo=1, routed)           0.273     9.047    GEN_BRAM.u_core/alu/u_mul/u_mul/GEN_VEDIC.u_mul/u2/mag_a0[14]
    SLICE_X9Y13          LUT6 (Prop_lut6_I0_O)        0.155     9.202 r  GEN_BRAM.u_core/alu/u_mul/u_mul/GEN_VEDIC.u_mul/u2/product__0_carry__4_i_15__1/O
                         net (fo=80, routed)          1.766    10.968    GEN_BRAM.u_core/alu/u_mul/u_mul/GEN_VEDIC.u_mul/u0/mag_a[13]
    SLICE_X33Y7          LUT4 (Prop_lut4_I1_O)        0.065    11.033 r  GEN_BRAM.u_core/alu/u_mul/u_mul/GEN_VEDIC.u_mul/u0/product__0_carry__0_i_93/O
                         net (fo=2, routed)           0.696    11.730    GEN_BRAM.u_core/alu/u_mul/u_mul/GEN_VEDIC.u_mul/u0/u1/u1/p1[1]
    SLICE_X32Y7          LUT3 (Prop_lut3_I0_O)        0.185    11.915 r  GEN_BRAM.u_core/alu/u_mul/u_mul/GEN_VEDIC.u_mul/u0/product__0_carry__0_i_50/O
                         net (fo=2, routed)           0.289    12.203    GEN_BRAM.u_core/alu/u_mul/u_mul/GEN_VEDIC.u_mul/u0/product__0_carry__0_i_50_n_0
    SLICE_X32Y7          LUT5 (Prop_lut5_I4_O)        0.172    12.375 r  GEN_BRAM.u_core/alu/u_mul/u_mul/GEN_VEDIC.u_mul/u0/product__0_carry__0_i_53/O
                         net (fo=1, routed)           0.000    12.375    GEN_BRAM.u_core/alu/u_mul/u_mul/GEN_VEDIC.u_mul/u0/product__0_carry__0_i_53_n_0
    SLICE_X32Y7          CARRY4 (Prop_carry4_S[2]_CO[3])
                                                      0.219    12.594 r  GEN_BRAM.u_core/alu/u_mul/u_mul/GEN_VEDIC.u_mul/u0/product__0_carry__0_i_29/CO[3]
                         net (fo=1, routed)           0.000    12.594    GEN_BRAM.u_core/alu/u_mul/u_mul/GEN_VEDIC.u_mul/u0/product__0_carry__0_i_29_n_0
    SLICE_X32Y8          CARRY4 (Prop_carry4_CI_O[0])
                                                      0.135    12.729 r  GEN_BRAM.u_core/alu/u_mul/u_mul/GEN_VEDIC.u_mul/u0/product__0_carry__1_i_36/O[0]
                         net (fo=2, routed)           0.618    13.347    GEN_BRAM.u_core/alu/u_mul/u_mul/GEN_VEDIC.u_mul/u0/u1/p1[6]
    SLICE_X30Y7          LUT3 (Prop_lut3_I0_O)        0.163    13.510 r  GEN_BRAM.u_core/alu/u_mul/u_mul/GEN_VEDIC.u_mul/u0/product__0_carry__1_i_13/O
                         net (fo=2, routed)           0.477    13.987    GEN_BRAM.u_core/alu/u_mul/u_mul/GEN_VEDIC.u_mul/u0/product__0_carry__1_i_13_n_0
    SLICE_X30Y7          LUT4 (Prop_lut4_I0_O)        0.164    14.151 r  GEN_BRAM.u_core/alu/u_mul/u_mul/GEN_VEDIC.u_mul/u0/product__0_carry__1_i_17/O
                         net (fo=1, routed)           0.000    14.151    GEN_BRAM.u_core/alu/u_mul/u_mul/GEN_VEDIC.u_mul/u0/product__0_carry__1_i_17_n_0
    SLICE_X30Y7          CARRY4 (Prop_carry4_S[3]_CO[3])
                                                      0.216    14.367 r  GEN_BRAM.u_core/alu/u_mul/u_mul/GEN_VEDIC.u_mul/u0/product__0_carry__1_i_9/CO[3]
                         net (fo=1, routed)           0.000    14.367    GEN_BRAM.u_core/alu/u_mul/u_mul/GEN_VEDIC.u_mul/u0/product__0_carry__1_i_9_n_0
    SLICE_X30Y8          CARRY4 (Prop_carry4_CI_O[0])
                                                      0.135    14.502 r  GEN_BRAM.u_core/alu/u_mul/u_mul/GEN_VEDIC.u_mul/u0/product__0_carry__2_i_9/O[0]
                         net (fo=2, routed)           0.764    15.266    GEN_BRAM.u_core/alu/u_mul/u_mul/GEN_VEDIC.u_mul/u0/p1[12]
    SLICE_X24Y8          LUT3 (Prop_lut3_I0_O)        0.164    15.430 r  GEN_BRAM.u_core/alu/u_mul/u_mul/GEN_VEDIC.u_mul/u0/product__0_carry__2_i_3__2/O
                         net (fo=2, routed)           0.355    15.786    GEN_BRAM.u_core/alu/u_mul/u_mul/GEN_VEDIC.u_mul/u0/product__0_carry__2_i_3__2_n_0
    SLICE_X24Y8          LUT4 (Prop_lut4_I3_O)        0.170    15.956 r  GEN_BRAM.u_core/alu/u_mul/u_mul/GEN_VEDIC.u_mul/u0/product__0_carry__2_i_7__2/O
                         net (fo=1, routed)           0.000    15.956    GEN_BRAM.u_core/alu/u_mul/u_mul/GEN_VEDIC.u_mul/u0/product__0_carry__2_i_7__2_n_0
    SLICE_X24Y8          CARRY4 (Prop_carry4_S[1]_O[3])
                                                      0.379    16.335 r  GEN_BRAM.u_core/alu/u_mul/u_mul/GEN_VEDIC.u_mul/u0/product__0_carry__2/O[3]
                         net (fo=2, routed)           0.753    17.088    GEN_BRAM.u_core/alu/u_mul/u_mul/GEN_VEDIC.u_mul/u0/p_1_in[23]
    SLICE_X21Y13         LUT3 (Prop_lut3_I2_O)        0.157    17.245 r  GEN_BRAM.u_core/alu/u_mul/u_mul/GEN_VEDIC.u_mul/u0/result[27]_INST_0_i_6/O
                         net (fo=2, routed)           0.443    17.688    GEN_BRAM.u_core/alu/u_mul/u_mul/GEN_VEDIC.u_mul/u0/DI[0]
    SLICE_X21Y14         LUT4 (Prop_lut4_I3_O)        0.168    17.856 r  GEN_BRAM.u_core/alu/u_mul/u_mul/GEN_VEDIC.u_mul/u0/result[27]_INST_0_i_10/O
                         net (fo=1, routed)           0.000    17.856    GEN_BRAM.u_core/alu/u_mul/u_mul/GEN_VEDIC.u_mul/u1/result[24]_INST_0_0[0]
    SLICE_X21Y14         CARRY4 (Prop_carry4_S[0]_CO[3])
                                                      0.313    18.169 r  GEN_BRAM.u_core/alu/u_mul/u_mul/GEN_VEDIC.u_mul/u1/result[27]_INST_0_i_1/CO[3]
                         net (fo=1, routed)           0.000    18.169    GEN_BRAM.u_core/alu/u_mul/u_mul/GEN_VEDIC.u_mul/u1/result[27]_INST_0_i_1_n_0
    SLICE_X21Y15         CARRY4 (Prop_carry4_CI_O[1])
                                                      0.213    18.382 f  GEN_BRAM.u_core/alu/u_mul/u_mul/GEN_VEDIC.u_mul/u1/result[31]_INST_0_i_1/O[1]
                         net (fo=2, routed)           0.361    18.743    GEN_BRAM.u_core/alu/u_mul/u_mul/GEN_VEDIC.u_mul/u1/result[31]_INST_0_i_13_0[6]
    SLICE_X19Y16         LUT1 (Prop_lut1_I0_O)        0.152    18.895 r  GEN_BRAM.u_core/alu/u_mul/u_mul/GEN_VEDIC.u_mul/u1/result[0]_INST_0_i_6/O
                         net (fo=1, routed)           0.000    18.895    GEN_BRAM.u_core/alu/u_mul/u_mul/GEN_VEDIC.u_mul/u1/p_0_in[29]
    SLICE_X19Y16         CARRY4 (Prop_carry4_S[0]_CO[3])
                                                      0.313    19.208 r  GEN_BRAM.u_core/alu/u_mul/u_mul/GEN_VEDIC.u_mul/u1/result[0]_INST_0_i_1/CO[3]
                         net (fo=1, routed)           0.000    19.208    GEN_BRAM.u_core/alu/u_mul/u_mul/GEN_VEDIC.u_mul/u1/result[0]_INST_0_i_1_n_0
    SLICE_X19Y17         CARRY4 (Prop_carry4_CI_O[0])
                                                      0.139    19.347 f  GEN_BRAM.u_core/alu/u_mul/u_mul/GEN_VEDIC.u_mul/u1/result[4]_INST_0_i_1/O[0]
                         net (fo=1, routed)           0.254    19.600    GEN_BRAM.u_core/alu/u_mul/u_mul/GEN_VEDIC.u_mul/u1/signed_product0[33]
    SLICE_X17Y16         LUT5 (Prop_lut5_I4_O)        0.155    19.755 f  GEN_BRAM.u_core/alu/u_mul/u_mul/GEN_VEDIC.u_mul/u1/result[1]_INST_0/O
                         net (fo=2, routed)           0.637    20.392    GEN_BRAM.u_core/reg_file/result[0]
    SLICE_X6Y15          LUT6 (Prop_lut6_I2_O)        0.053    20.445 f  GEN_BRAM.u_core/reg_file/debug_alu_out_OBUF[1]_inst_i_2/O
                         net (fo=2, routed)           0.000    20.445    GEN_BRAM.u_core/alu_mux_b/load_addr_hold_reg[1]
    SLICE_X6Y15          MUXF7 (Prop_muxf7_I0_O)      0.121    20.566 f  GEN_BRAM.u_core/alu_mux_b/debug_alu_out_OBUF[1]_inst_i_1/O
                         net (fo=43, routed)          1.300    21.866    GEN_BRAM.u_core/alu_mux_b/D[0]
    SLICE_X6Y0           LUT4 (Prop_lut4_I2_O)        0.153    22.019 r  GEN_BRAM.u_core/alu_mux_b/registers_reg_r1_0_31_6_11_i_44/O
                         net (fo=1, routed)           0.835    22.854    GEN_BRAM.u_core/wb_mux/registers_reg_r1_0_31_6_11_i_14_2
    SLICE_X7Y11          LUT6 (Prop_lut6_I4_O)        0.168    23.022 r  GEN_BRAM.u_core/wb_mux/registers_reg_r1_0_31_6_11_i_29/O
                         net (fo=1, routed)           0.000    23.022    GEN_BRAM.u_core/wb_mux/registers_reg_r1_0_31_6_11_i_29_n_0
    SLICE_X7Y11          MUXF7 (Prop_muxf7_I0_O)      0.127    23.149 r  GEN_BRAM.u_core/wb_mux/registers_reg_r1_0_31_6_11_i_14/O
                         net (fo=1, routed)           0.497    23.645    GEN_BRAM.u_core/divider/wb_exec[8]
    SLICE_X6Y3           LUT6 (Prop_lut6_I5_O)        0.153    23.798 r  GEN_BRAM.u_core/divider/registers_reg_r1_0_31_6_11_i_4/O
                         net (fo=2, routed)           0.423    24.222    GEN_BRAM.u_core/reg_file/registers_reg_r2_0_31_6_11/DIB0
    SLICE_X10Y4          RAMD32                                       r  GEN_BRAM.u_core/reg_file/registers_reg_r2_0_31_6_11/RAMB/I
  -------------------------------------------------------------------    -------------------

                         (clock sys_clk rise edge)   30.000    30.000 r  
    AD23                                              0.000    30.000 r  clk (IN)
                         net (fo=0)                   0.000    30.000    clk
    AD23                 IBUF (Prop_ibuf_I_O)         0.796    30.796 r  clk_IBUF_inst/O
                         net (fo=1, routed)           1.741    32.537    clk_IBUF
    BUFGCTRL_X0Y0        BUFG (Prop_bufg_I_O)         0.113    32.650 r  clk_IBUF_BUFG_inst/O
                         net (fo=350, routed)         1.544    34.194    GEN_BRAM.u_core/reg_file/registers_reg_r2_0_31_6_11/WCLK
    SLICE_X10Y4          RAMD32                                       r  GEN_BRAM.u_core/reg_file/registers_reg_r2_0_31_6_11/RAMB/CLK
                         clock pessimism              0.256    34.451    
                         clock uncertainty           -0.035    34.415    
    SLICE_X10Y4          RAMD32 (Setup_ramd32_CLK_I)
                                                     -0.129    34.286    GEN_BRAM.u_core/reg_file/registers_reg_r2_0_31_6_11/RAMB
  -------------------------------------------------------------------
                         required time                         34.286    
                         arrival time                         -24.222    
  -------------------------------------------------------------------
                         slack                                 10.065    

Slack (MET) :             10.080ns  (required time - arrival time)
  Source:                 GEN_BRAM.u_core/ir_reg[17]/C
                            (rising edge-triggered cell FDCE clocked by sys_clk  {rise@0.000ns fall@15.000ns period=30.000ns})
  Destination:            GEN_BRAM.u_core/reg_file/registers_reg_r2_0_31_0_5/RAMA/I
                            (rising edge-triggered cell RAMD32 clocked by sys_clk  {rise@0.000ns fall@15.000ns period=30.000ns})
  Path Group:             sys_clk
  Path Type:              Setup (Max at Slow Process Corner)
  Requirement:            30.000ns  (sys_clk rise@30.000ns - sys_clk rise@0.000ns)
  Data Path Delay:        19.808ns  (logic 5.603ns (28.287%)  route 14.205ns (71.713%))
  Logic Levels:           33  (CARRY4=12 LUT1=1 LUT2=1 LUT3=4 LUT4=5 LUT5=2 LUT6=6 MUXF7=1 RAMD32=1)
  Clock Path Skew:        0.036ns (DCD - SCD + CPR)
    Destination Clock Delay (DCD):    4.195ns = ( 34.195 - 30.000 ) 
    Source Clock Delay      (SCD):    4.416ns
    Clock Pessimism Removal (CPR):    0.256ns
  Clock Uncertainty:      0.035ns  ((TSJ^2 + TIJ^2)^1/2 + DJ) / 2 + PE
    Total System Jitter     (TSJ):    0.071ns
    Total Input Jitter      (TIJ):    0.000ns
    Discrete Jitter          (DJ):    0.000ns
    Phase Error              (PE):    0.000ns

    Location             Delay type                Incr(ns)  Path(ns)    Netlist Resource(s)
  -------------------------------------------------------------------    -------------------
                         (clock sys_clk rise edge)    0.000     0.000 r  
    AD23                                              0.000     0.000 r  clk (IN)
                         net (fo=0)                   0.000     0.000    clk
    AD23                 IBUF (Prop_ibuf_I_O)         0.873     0.873 r  clk_IBUF_inst/O
                         net (fo=1, routed)           1.830     2.703    clk_IBUF
    BUFGCTRL_X0Y0        BUFG (Prop_bufg_I_O)         0.120     2.823 r  clk_IBUF_BUFG_inst/O
                         net (fo=350, routed)         1.593     4.416    GEN_BRAM.u_core/clk_IBUF_BUFG
    SLICE_X32Y2          FDCE                                         r  GEN_BRAM.u_core/ir_reg[17]/C
  -------------------------------------------------------------------    -------------------
    SLICE_X32Y2          FDCE (Prop_fdce_C_Q)         0.308     4.724 r  GEN_BRAM.u_core/ir_reg[17]/Q
                         net (fo=97, routed)          1.465     6.189    GEN_BRAM.u_core/reg_file/registers_reg_r1_0_31_0_5/ADDRA2
    SLICE_X10Y1          RAMD32 (Prop_ramd32_RADR2_O)
                                                      0.065     6.254 f  GEN_BRAM.u_core/reg_file/registers_reg_r1_0_31_0_5/RAMA/O
                         net (fo=10, routed)          0.756     7.009    GEN_BRAM.u_core/alu_mux_a/dataR10[0]
    SLICE_X20Y2          LUT4 (Prop_lut4_I1_O)        0.168     7.177 r  GEN_BRAM.u_core/alu_mux_a/u_adder_i_32/O
                         net (fo=90, routed)          0.906     8.083    GEN_BRAM.u_core/alu/u_mul/u_mul/GEN_VEDIC.u_mul/u2/result[1]_INST_0_i_11_n_0
    SLICE_X8Y10          CARRY4 (Prop_carry4_CYINIT_CO[3])
                                                      0.359     8.442 r  GEN_BRAM.u_core/alu/u_mul/u_mul/GEN_VEDIC.u_mul/u2/result[1]_INST_0_i_5/CO[3]
                         net (fo=1, routed)           0.000     8.442    GEN_BRAM.u_core/alu/u_mul/u_mul/GEN_VEDIC.u_mul/u2/result[1]_INST_0_i_5_n_0
    SLICE_X8Y11          CARRY4 (Prop_carry4_CI_CO[3])
                                                      0.060     8.502 r  GEN_BRAM.u_core/alu/u_mul/u_mul/GEN_VEDIC.u_mul/u2/product__0_carry_i_42__1/CO[3]
                         net (fo=1, routed)           0.000     8.502    GEN_BRAM.u_core/alu/u_mul/u_mul/GEN_VEDIC.u_mul/u2/product__0_carry_i_42__1_n_0
    SLICE_X8Y12          CARRY4 (Prop_carry4_CI_CO[3])
                                                      0.060     8.562 r  GEN_BRAM.u_core/alu/u_mul/u_mul/GEN_VEDIC.u_mul/u2/product__0_carry_i_73__0/CO[3]
                         net (fo=1, routed)           0.000     8.562    GEN_BRAM.u_core/alu/u_mul/u_mul/GEN_VEDIC.u_mul/u2/product__0_carry_i_73__0_n_0
    SLICE_X8Y13          CARRY4 (Prop_carry4_CI_O[1])
                                                      0.212     8.774 r  GEN_BRAM.u_core/alu/u_mul/u_mul/GEN_VEDIC.u_mul/u2/product__0_carry_i_41__1/O[1]
                         net (fo=1, routed)           0.273     9.047    GEN_BRAM.u_core/alu/u_mul/u_mul/GEN_VEDIC.u_mul/u2/mag_a0[14]
    SLICE_X9Y13          LUT6 (Prop_lut6_I0_O)        0.155     9.202 r  GEN_BRAM.u_core/alu/u_mul/u_mul/GEN_VEDIC.u_mul/u2/product__0_carry__4_i_15__1/O
                         net (fo=80, routed)          1.766    10.968    GEN_BRAM.u_core/alu/u_mul/u_mul/GEN_VEDIC.u_mul/u0/mag_a[13]
    SLICE_X33Y7          LUT4 (Prop_lut4_I1_O)        0.065    11.033 r  GEN_BRAM.u_core/alu/u_mul/u_mul/GEN_VEDIC.u_mul/u0/product__0_carry__0_i_93/O
                         net (fo=2, routed)           0.696    11.730    GEN_BRAM.u_core/alu/u_mul/u_mul/GEN_VEDIC.u_mul/u0/u1/u1/p1[1]
    SLICE_X32Y7          LUT3 (Prop_lut3_I0_O)        0.185    11.915 r  GEN_BRAM.u_core/alu/u_mul/u_mul/GEN_VEDIC.u_mul/u0/product__0_carry__0_i_50/O
                         net (fo=2, routed)           0.289    12.203    GEN_BRAM.u_core/alu/u_mul/u_mul/GEN_VEDIC.u_mul/u0/product__0_carry__0_i_50_n_0
    SLICE_X32Y7          LUT5 (Prop_lut5_I4_O)        0.172    12.375 r  GEN_BRAM.u_core/alu/u_mul/u_mul/GEN_VEDIC.u_mul/u0/product__0_carry__0_i_53/O
                         net (fo=1, routed)           0.000    12.375    GEN_BRAM.u_core/alu/u_mul/u_mul/GEN_VEDIC.u_mul/u0/product__0_carry__0_i_53_n_0
    SLICE_X32Y7          CARRY4 (Prop_carry4_S[2]_CO[3])
                                                      0.219    12.594 r  GEN_BRAM.u_core/alu/u_mul/u_mul/GEN_VEDIC.u_mul/u0/product__0_carry__0_i_29/CO[3]
                         net (fo=1, routed)           0.000    12.594    GEN_BRAM.u_core/alu/u_mul/u_mul/GEN_VEDIC.u_mul/u0/product__0_carry__0_i_29_n_0
    SLICE_X32Y8          CARRY4 (Prop_carry4_CI_O[0])
                                                      0.135    12.729 r  GEN_BRAM.u_core/alu/u_mul/u_mul/GEN_VEDIC.u_mul/u0/product__0_carry__1_i_36/O[0]
                         net (fo=2, routed)           0.618    13.347    GEN_BRAM.u_core/alu/u_mul/u_mul/GEN_VEDIC.u_mul/u0/u1/p1[6]
    SLICE_X30Y7          LUT3 (Prop_lut3_I0_O)        0.163    13.510 r  GEN_BRAM.u_core/alu/u_mul/u_mul/GEN_VEDIC.u_mul/u0/product__0_carry__1_i_13/O
                         net (fo=2, routed)           0.477    13.987    GEN_BRAM.u_core/alu/u_mul/u_mul/GEN_VEDIC.u_mul/u0/product__0_carry__1_i_13_n_0
    SLICE_X30Y7          LUT4 (Prop_lut4_I0_O)        0.164    14.151 r  GEN_BRAM.u_core/alu/u_mul/u_mul/GEN_VEDIC.u_mul/u0/product__0_carry__1_i_17/O
                         net (fo=1, routed)           0.000    14.151    GEN_BRAM.u_core/alu/u_mul/u_mul/GEN_VEDIC.u_mul/u0/product__0_carry__1_i_17_n_0
    SLICE_X30Y7          CARRY4 (Prop_carry4_S[3]_CO[3])
                                                      0.216    14.367 r  GEN_BRAM.u_core/alu/u_mul/u_mul/GEN_VEDIC.u_mul/u0/product__0_carry__1_i_9/CO[3]
                         net (fo=1, routed)           0.000    14.367    GEN_BRAM.u_core/alu/u_mul/u_mul/GEN_VEDIC.u_mul/u0/product__0_carry__1_i_9_n_0
    SLICE_X30Y8          CARRY4 (Prop_carry4_CI_O[0])
                                                      0.135    14.502 r  GEN_BRAM.u_core/alu/u_mul/u_mul/GEN_VEDIC.u_mul/u0/product__0_carry__2_i_9/O[0]
                         net (fo=2, routed)           0.764    15.266    GEN_BRAM.u_core/alu/u_mul/u_mul/GEN_VEDIC.u_mul/u0/p1[12]
    SLICE_X24Y8          LUT3 (Prop_lut3_I0_O)        0.164    15.430 r  GEN_BRAM.u_core/alu/u_mul/u_mul/GEN_VEDIC.u_mul/u0/product__0_carry__2_i_3__2/O
                         net (fo=2, routed)           0.355    15.786    GEN_BRAM.u_core/alu/u_mul/u_mul/GEN_VEDIC.u_mul/u0/product__0_carry__2_i_3__2_n_0
    SLICE_X24Y8          LUT4 (Prop_lut4_I3_O)        0.170    15.956 r  GEN_BRAM.u_core/alu/u_mul/u_mul/GEN_VEDIC.u_mul/u0/product__0_carry__2_i_7__2/O
                         net (fo=1, routed)           0.000    15.956    GEN_BRAM.u_core/alu/u_mul/u_mul/GEN_VEDIC.u_mul/u0/product__0_carry__2_i_7__2_n_0
    SLICE_X24Y8          CARRY4 (Prop_carry4_S[1]_O[3])
                                                      0.379    16.335 r  GEN_BRAM.u_core/alu/u_mul/u_mul/GEN_VEDIC.u_mul/u0/product__0_carry__2/O[3]
                         net (fo=2, routed)           0.753    17.088    GEN_BRAM.u_core/alu/u_mul/u_mul/GEN_VEDIC.u_mul/u0/p_1_in[23]
    SLICE_X21Y13         LUT3 (Prop_lut3_I2_O)        0.157    17.245 r  GEN_BRAM.u_core/alu/u_mul/u_mul/GEN_VEDIC.u_mul/u0/result[27]_INST_0_i_6/O
                         net (fo=2, routed)           0.443    17.688    GEN_BRAM.u_core/alu/u_mul/u_mul/GEN_VEDIC.u_mul/u0/DI[0]
    SLICE_X21Y14         LUT4 (Prop_lut4_I3_O)        0.168    17.856 r  GEN_BRAM.u_core/alu/u_mul/u_mul/GEN_VEDIC.u_mul/u0/result[27]_INST_0_i_10/O
                         net (fo=1, routed)           0.000    17.856    GEN_BRAM.u_core/alu/u_mul/u_mul/GEN_VEDIC.u_mul/u1/result[24]_INST_0_0[0]
    SLICE_X21Y14         CARRY4 (Prop_carry4_S[0]_CO[3])
                                                      0.313    18.169 r  GEN_BRAM.u_core/alu/u_mul/u_mul/GEN_VEDIC.u_mul/u1/result[27]_INST_0_i_1/CO[3]
                         net (fo=1, routed)           0.000    18.169    GEN_BRAM.u_core/alu/u_mul/u_mul/GEN_VEDIC.u_mul/u1/result[27]_INST_0_i_1_n_0
    SLICE_X21Y15         CARRY4 (Prop_carry4_CI_O[1])
                                                      0.213    18.382 f  GEN_BRAM.u_core/alu/u_mul/u_mul/GEN_VEDIC.u_mul/u1/result[31]_INST_0_i_1/O[1]
                         net (fo=2, routed)           0.361    18.743    GEN_BRAM.u_core/alu/u_mul/u_mul/GEN_VEDIC.u_mul/u1/result[31]_INST_0_i_13_0[6]
    SLICE_X19Y16         LUT1 (Prop_lut1_I0_O)        0.152    18.895 r  GEN_BRAM.u_core/alu/u_mul/u_mul/GEN_VEDIC.u_mul/u1/result[0]_INST_0_i_6/O
                         net (fo=1, routed)           0.000    18.895    GEN_BRAM.u_core/alu/u_mul/u_mul/GEN_VEDIC.u_mul/u1/p_0_in[29]
    SLICE_X19Y16         CARRY4 (Prop_carry4_S[0]_O[3])
                                                      0.357    19.252 f  GEN_BRAM.u_core/alu/u_mul/u_mul/GEN_VEDIC.u_mul/u1/result[0]_INST_0_i_1/O[3]
                         net (fo=1, routed)           0.399    19.651    GEN_BRAM.u_core/alu/u_mul/u_mul/GEN_VEDIC.u_mul/u1/signed_product0[32]
    SLICE_X15Y16         LUT6 (Prop_lut6_I5_O)        0.142    19.793 f  GEN_BRAM.u_core/alu/u_mul/u_mul/GEN_VEDIC.u_mul/u1/result[0]_INST_0/O
                         net (fo=1, routed)           0.604    20.397    GEN_BRAM.u_core/alu/mul_result[0]
    SLICE_X7Y16          LUT6 (Prop_lut6_I0_O)        0.053    20.450 f  GEN_BRAM.u_core/alu/debug_alu_out_OBUF[0]_inst_i_11/O
                         net (fo=1, routed)           0.000    20.450    GEN_BRAM.u_core/alu/debug_alu_out_OBUF[0]_inst_i_11_n_0
    SLICE_X7Y16          MUXF7 (Prop_muxf7_I1_O)      0.129    20.579 f  GEN_BRAM.u_core/alu/debug_alu_out_OBUF[0]_inst_i_4/O
                         net (fo=1, routed)           0.271    20.850    GEN_BRAM.u_core/alu/debug_alu_out_OBUF[0]_inst_i_4_n_0
    SLICE_X9Y16          LUT6 (Prop_lut6_I5_O)        0.153    21.003 f  GEN_BRAM.u_core/alu/debug_alu_out_OBUF[0]_inst_i_1/O
                         net (fo=11, routed)          0.921    21.923    GEN_BRAM.u_core/alu/D[0]
    SLICE_X8Y0           LUT2 (Prop_lut2_I1_O)        0.053    21.976 r  GEN_BRAM.u_core/alu/mem_reg_0_i_37/O
                         net (fo=26, routed)          0.816    22.793    GEN_BRAM.u_core/dmem/registers_reg_r1_0_31_6_11_i_10
    SLICE_X3Y7           LUT5 (Prop_lut5_I4_O)        0.053    22.846 r  GEN_BRAM.u_core/dmem/registers_reg_r1_0_31_0_5_i_30/O
                         net (fo=1, routed)           0.488    23.334    GEN_BRAM.u_core/wb_mux/registers_reg_r1_0_31_0_5_i_3_1
    SLICE_X3Y3           LUT6 (Prop_lut6_I5_O)        0.053    23.387 r  GEN_BRAM.u_core/wb_mux/registers_reg_r1_0_31_0_5_i_13/O
                         net (fo=1, routed)           0.232    23.619    GEN_BRAM.u_core/divider/wb_exec[0]
    SLICE_X3Y2           LUT6 (Prop_lut6_I5_O)        0.053    23.672 r  GEN_BRAM.u_core/divider/registers_reg_r1_0_31_0_5_i_3/O
                         net (fo=2, routed)           0.552    24.223    GEN_BRAM.u_core/reg_file/registers_reg_r2_0_31_0_5/DIA0
    SLICE_X10Y2          RAMD32                                       r  GEN_BRAM.u_core/reg_file/registers_reg_r2_0_31_0_5/RAMA/I
  -------------------------------------------------------------------    -------------------

                         (clock sys_clk rise edge)   30.000    30.000 r  
    AD23                                              0.000    30.000 r  clk (IN)
                         net (fo=0)                   0.000    30.000    clk
    AD23                 IBUF (Prop_ibuf_I_O)         0.796    30.796 r  clk_IBUF_inst/O
                         net (fo=1, routed)           1.741    32.537    clk_IBUF
    BUFGCTRL_X0Y0        BUFG (Prop_bufg_I_O)         0.113    32.650 r  clk_IBUF_BUFG_inst/O
                         net (fo=350, routed)         1.545    34.195    GEN_BRAM.u_core/reg_file/registers_reg_r2_0_31_0_5/WCLK
    SLICE_X10Y2          RAMD32                                       r  GEN_BRAM.u_core/reg_file/registers_reg_r2_0_31_0_5/RAMA/CLK
                         clock pessimism              0.256    34.452    
                         clock uncertainty           -0.035    34.416    
    SLICE_X10Y2          RAMD32 (Setup_ramd32_CLK_I)
                                                     -0.113    34.303    GEN_BRAM.u_core/reg_file/registers_reg_r2_0_31_0_5/RAMA
  -------------------------------------------------------------------
                         required time                         34.303    
                         arrival time                         -24.223    
  -------------------------------------------------------------------
                         slack                                 10.080    

Slack (MET) :             10.122ns  (required time - arrival time)
  Source:                 GEN_BRAM.u_core/ir_reg[17]/C
                            (rising edge-triggered cell FDCE clocked by sys_clk  {rise@0.000ns fall@15.000ns period=30.000ns})
  Destination:            GEN_BRAM.u_core/dmem/mem_reg_1/DIADI[14]
                            (rising edge-triggered cell RAMB36E1 clocked by sys_clk  {rise@0.000ns fall@15.000ns period=30.000ns})
  Path Group:             sys_clk
  Path Type:              Setup (Max at Slow Process Corner)
  Requirement:            30.000ns  (sys_clk rise@30.000ns - sys_clk rise@0.000ns)
  Data Path Delay:        19.706ns  (logic 5.715ns (29.001%)  route 13.991ns (70.999%))
  Logic Levels:           32  (CARRY4=13 LUT1=1 LUT2=1 LUT3=5 LUT4=5 LUT5=2 LUT6=3 MUXF7=1 RAMD32=1)
  Clock Path Skew:        0.068ns (DCD - SCD + CPR)
    Destination Clock Delay (DCD):    4.227ns = ( 34.227 - 30.000 ) 
    Source Clock Delay      (SCD):    4.416ns
    Clock Pessimism Removal (CPR):    0.256ns
  Clock Uncertainty:      0.035ns  ((TSJ^2 + TIJ^2)^1/2 + DJ) / 2 + PE
    Total System Jitter     (TSJ):    0.071ns
    Total Input Jitter      (TIJ):    0.000ns
    Discrete Jitter          (DJ):    0.000ns
    Phase Error              (PE):    0.000ns

    Location             Delay type                Incr(ns)  Path(ns)    Netlist Resource(s)
  -------------------------------------------------------------------    -------------------
                         (clock sys_clk rise edge)    0.000     0.000 r  
    AD23                                              0.000     0.000 r  clk (IN)
                         net (fo=0)                   0.000     0.000    clk
    AD23                 IBUF (Prop_ibuf_I_O)         0.873     0.873 r  clk_IBUF_inst/O
                         net (fo=1, routed)           1.830     2.703    clk_IBUF
    BUFGCTRL_X0Y0        BUFG (Prop_bufg_I_O)         0.120     2.823 r  clk_IBUF_BUFG_inst/O
                         net (fo=350, routed)         1.593     4.416    GEN_BRAM.u_core/clk_IBUF_BUFG
    SLICE_X32Y2          FDCE                                         r  GEN_BRAM.u_core/ir_reg[17]/C
  -------------------------------------------------------------------    -------------------
    SLICE_X32Y2          FDCE (Prop_fdce_C_Q)         0.308     4.724 r  GEN_BRAM.u_core/ir_reg[17]/Q
                         net (fo=97, routed)          1.465     6.189    GEN_BRAM.u_core/reg_file/registers_reg_r1_0_31_0_5/ADDRA2
    SLICE_X10Y1          RAMD32 (Prop_ramd32_RADR2_O)
                                                      0.065     6.254 f  GEN_BRAM.u_core/reg_file/registers_reg_r1_0_31_0_5/RAMA/O
                         net (fo=10, routed)          0.756     7.009    GEN_BRAM.u_core/alu_mux_a/dataR10[0]
    SLICE_X20Y2          LUT4 (Prop_lut4_I1_O)        0.168     7.177 r  GEN_BRAM.u_core/alu_mux_a/u_adder_i_32/O
                         net (fo=90, routed)          0.906     8.083    GEN_BRAM.u_core/alu/u_mul/u_mul/GEN_VEDIC.u_mul/u2/result[1]_INST_0_i_11_n_0
    SLICE_X8Y10          CARRY4 (Prop_carry4_CYINIT_CO[3])
                                                      0.359     8.442 r  GEN_BRAM.u_core/alu/u_mul/u_mul/GEN_VEDIC.u_mul/u2/result[1]_INST_0_i_5/CO[3]
                         net (fo=1, routed)           0.000     8.442    GEN_BRAM.u_core/alu/u_mul/u_mul/GEN_VEDIC.u_mul/u2/result[1]_INST_0_i_5_n_0
    SLICE_X8Y11          CARRY4 (Prop_carry4_CI_CO[3])
                                                      0.060     8.502 r  GEN_BRAM.u_core/alu/u_mul/u_mul/GEN_VEDIC.u_mul/u2/product__0_carry_i_42__1/CO[3]
                         net (fo=1, routed)           0.000     8.502    GEN_BRAM.u_core/alu/u_mul/u_mul/GEN_VEDIC.u_mul/u2/product__0_carry_i_42__1_n_0
    SLICE_X8Y12          CARRY4 (Prop_carry4_CI_CO[3])
                                                      0.060     8.562 r  GEN_BRAM.u_core/alu/u_mul/u_mul/GEN_VEDIC.u_mul/u2/product__0_carry_i_73__0/CO[3]
                         net (fo=1, routed)           0.000     8.562    GEN_BRAM.u_core/alu/u_mul/u_mul/GEN_VEDIC.u_mul/u2/product__0_carry_i_73__0_n_0
    SLICE_X8Y13          CARRY4 (Prop_carry4_CI_O[1])
                                                      0.212     8.774 r  GEN_BRAM.u_core/alu/u_mul/u_mul/GEN_VEDIC.u_mul/u2/product__0_carry_i_41__1/O[1]
                         net (fo=1, routed)           0.273     9.047    GEN_BRAM.u_core/alu/u_mul/u_mul/GEN_VEDIC.u_mul/u2/mag_a0[14]
    SLICE_X9Y13          LUT6 (Prop_lut6_I0_O)        0.155     9.202 r  GEN_BRAM.u_core/alu/u_mul/u_mul/GEN_VEDIC.u_mul/u2/product__0_carry__4_i_15__1/O
                         net (fo=80, routed)          1.766    10.968    GEN_BRAM.u_core/alu/u_mul/u_mul/GEN_VEDIC.u_mul/u0/mag_a[13]
    SLICE_X33Y7          LUT4 (Prop_lut4_I1_O)        0.065    11.033 r  GEN_BRAM.u_core/alu/u_mul/u_mul/GEN_VEDIC.u_mul/u0/product__0_carry__0_i_93/O
                         net (fo=2, routed)           0.696    11.730    GEN_BRAM.u_core/alu/u_mul/u_mul/GEN_VEDIC.u_mul/u0/u1/u1/p1[1]
    SLICE_X32Y7          LUT3 (Prop_lut3_I0_O)        0.185    11.915 r  GEN_BRAM.u_core/alu/u_mul/u_mul/GEN_VEDIC.u_mul/u0/product__0_carry__0_i_50/O
                         net (fo=2, routed)           0.289    12.203    GEN_BRAM.u_core/alu/u_mul/u_mul/GEN_VEDIC.u_mul/u0/product__0_carry__0_i_50_n_0
    SLICE_X32Y7          LUT5 (Prop_lut5_I4_O)        0.172    12.375 r  GEN_BRAM.u_core/alu/u_mul/u_mul/GEN_VEDIC.u_mul/u0/product__0_carry__0_i_53/O
                         net (fo=1, routed)           0.000    12.375    GEN_BRAM.u_core/alu/u_mul/u_mul/GEN_VEDIC.u_mul/u0/product__0_carry__0_i_53_n_0
    SLICE_X32Y7          CARRY4 (Prop_carry4_S[2]_CO[3])
                                                      0.219    12.594 r  GEN_BRAM.u_core/alu/u_mul/u_mul/GEN_VEDIC.u_mul/u0/product__0_carry__0_i_29/CO[3]
                         net (fo=1, routed)           0.000    12.594    GEN_BRAM.u_core/alu/u_mul/u_mul/GEN_VEDIC.u_mul/u0/product__0_carry__0_i_29_n_0
    SLICE_X32Y8          CARRY4 (Prop_carry4_CI_O[0])
                                                      0.135    12.729 r  GEN_BRAM.u_core/alu/u_mul/u_mul/GEN_VEDIC.u_mul/u0/product__0_carry__1_i_36/O[0]
                         net (fo=2, routed)           0.618    13.347    GEN_BRAM.u_core/alu/u_mul/u_mul/GEN_VEDIC.u_mul/u0/u1/p1[6]
    SLICE_X30Y7          LUT3 (Prop_lut3_I0_O)        0.163    13.510 r  GEN_BRAM.u_core/alu/u_mul/u_mul/GEN_VEDIC.u_mul/u0/product__0_carry__1_i_13/O
                         net (fo=2, routed)           0.477    13.987    GEN_BRAM.u_core/alu/u_mul/u_mul/GEN_VEDIC.u_mul/u0/product__0_carry__1_i_13_n_0
    SLICE_X30Y7          LUT4 (Prop_lut4_I0_O)        0.164    14.151 r  GEN_BRAM.u_core/alu/u_mul/u_mul/GEN_VEDIC.u_mul/u0/product__0_carry__1_i_17/O
                         net (fo=1, routed)           0.000    14.151    GEN_BRAM.u_core/alu/u_mul/u_mul/GEN_VEDIC.u_mul/u0/product__0_carry__1_i_17_n_0
    SLICE_X30Y7          CARRY4 (Prop_carry4_S[3]_CO[3])
                                                      0.216    14.367 r  GEN_BRAM.u_core/alu/u_mul/u_mul/GEN_VEDIC.u_mul/u0/product__0_carry__1_i_9/CO[3]
                         net (fo=1, routed)           0.000    14.367    GEN_BRAM.u_core/alu/u_mul/u_mul/GEN_VEDIC.u_mul/u0/product__0_carry__1_i_9_n_0
    SLICE_X30Y8          CARRY4 (Prop_carry4_CI_O[0])
                                                      0.135    14.502 r  GEN_BRAM.u_core/alu/u_mul/u_mul/GEN_VEDIC.u_mul/u0/product__0_carry__2_i_9/O[0]
                         net (fo=2, routed)           0.764    15.266    GEN_BRAM.u_core/alu/u_mul/u_mul/GEN_VEDIC.u_mul/u0/p1[12]
    SLICE_X24Y8          LUT3 (Prop_lut3_I0_O)        0.164    15.430 r  GEN_BRAM.u_core/alu/u_mul/u_mul/GEN_VEDIC.u_mul/u0/product__0_carry__2_i_3__2/O
                         net (fo=2, routed)           0.355    15.786    GEN_BRAM.u_core/alu/u_mul/u_mul/GEN_VEDIC.u_mul/u0/product__0_carry__2_i_3__2_n_0
    SLICE_X24Y8          LUT4 (Prop_lut4_I3_O)        0.170    15.956 r  GEN_BRAM.u_core/alu/u_mul/u_mul/GEN_VEDIC.u_mul/u0/product__0_carry__2_i_7__2/O
                         net (fo=1, routed)           0.000    15.956    GEN_BRAM.u_core/alu/u_mul/u_mul/GEN_VEDIC.u_mul/u0/product__0_carry__2_i_7__2_n_0
    SLICE_X24Y8          CARRY4 (Prop_carry4_S[1]_O[3])
                                                      0.379    16.335 r  GEN_BRAM.u_core/alu/u_mul/u_mul/GEN_VEDIC.u_mul/u0/product__0_carry__2/O[3]
                         net (fo=2, routed)           0.753    17.088    GEN_BRAM.u_core/alu/u_mul/u_mul/GEN_VEDIC.u_mul/u0/p_1_in[23]
    SLICE_X21Y13         LUT3 (Prop_lut3_I2_O)        0.157    17.245 r  GEN_BRAM.u_core/alu/u_mul/u_mul/GEN_VEDIC.u_mul/u0/result[27]_INST_0_i_6/O
                         net (fo=2, routed)           0.443    17.688    GEN_BRAM.u_core/alu/u_mul/u_mul/GEN_VEDIC.u_mul/u0/DI[0]
    SLICE_X21Y14         LUT4 (Prop_lut4_I3_O)        0.168    17.856 r  GEN_BRAM.u_core/alu/u_mul/u_mul/GEN_VEDIC.u_mul/u0/result[27]_INST_0_i_10/O
                         net (fo=1, routed)           0.000    17.856    GEN_BRAM.u_core/alu/u_mul/u_mul/GEN_VEDIC.u_mul/u1/result[24]_INST_0_0[0]
    SLICE_X21Y14         CARRY4 (Prop_carry4_S[0]_CO[3])
                                                      0.313    18.169 r  GEN_BRAM.u_core/alu/u_mul/u_mul/GEN_VEDIC.u_mul/u1/result[27]_INST_0_i_1/CO[3]
                         net (fo=1, routed)           0.000    18.169    GEN_BRAM.u_core/alu/u_mul/u_mul/GEN_VEDIC.u_mul/u1/result[27]_INST_0_i_1_n_0
    SLICE_X21Y15         CARRY4 (Prop_carry4_CI_O[1])
                                                      0.213    18.382 f  GEN_BRAM.u_core/alu/u_mul/u_mul/GEN_VEDIC.u_mul/u1/result[31]_INST_0_i_1/O[1]
                         net (fo=2, routed)           0.361    18.743    GEN_BRAM.u_core/alu/u_mul/u_mul/GEN_VEDIC.u_mul/u1/result[31]_INST_0_i_13_0[6]
    SLICE_X19Y16         LUT1 (Prop_lut1_I0_O)        0.152    18.895 r  GEN_BRAM.u_core/alu/u_mul/u_mul/GEN_VEDIC.u_mul/u1/result[0]_INST_0_i_6/O
                         net (fo=1, routed)           0.000    18.895    GEN_BRAM.u_core/alu/u_mul/u_mul/GEN_VEDIC.u_mul/u1/p_0_in[29]
    SLICE_X19Y16         CARRY4 (Prop_carry4_S[0]_CO[3])
                                                      0.313    19.208 r  GEN_BRAM.u_core/alu/u_mul/u_mul/GEN_VEDIC.u_mul/u1/result[0]_INST_0_i_1/CO[3]
                         net (fo=1, routed)           0.000    19.208    GEN_BRAM.u_core/alu/u_mul/u_mul/GEN_VEDIC.u_mul/u1/result[0]_INST_0_i_1_n_0
    SLICE_X19Y17         CARRY4 (Prop_carry4_CI_O[0])
                                                      0.139    19.347 r  GEN_BRAM.u_core/alu/u_mul/u_mul/GEN_VEDIC.u_mul/u1/result[4]_INST_0_i_1/O[0]
                         net (fo=1, routed)           0.254    19.600    GEN_BRAM.u_core/alu/u_mul/u_mul/GEN_VEDIC.u_mul/u1/signed_product0[33]
    SLICE_X17Y16         LUT5 (Prop_lut5_I4_O)        0.155    19.755 r  GEN_BRAM.u_core/alu/u_mul/u_mul/GEN_VEDIC.u_mul/u1/result[1]_INST_0/O
                         net (fo=2, routed)           0.637    20.392    GEN_BRAM.u_core/reg_file/result[0]
    SLICE_X6Y15          LUT6 (Prop_lut6_I2_O)        0.053    20.445 r  GEN_BRAM.u_core/reg_file/debug_alu_out_OBUF[1]_inst_i_2/O
                         net (fo=2, routed)           0.000    20.445    GEN_BRAM.u_core/alu_mux_b/load_addr_hold_reg[1]
    SLICE_X6Y15          MUXF7 (Prop_muxf7_I0_O)      0.121    20.566 r  GEN_BRAM.u_core/alu_mux_b/debug_alu_out_OBUF[1]_inst_i_1/O
                         net (fo=43, routed)          0.978    21.544    GEN_BRAM.u_core/alu_mux_b/D[0]
    SLICE_X2Y8           LUT3 (Prop_lut3_I2_O)        0.160    21.704 r  GEN_BRAM.u_core/alu_mux_b/mem_reg_1_i_41/O
                         net (fo=12, routed)          1.129    22.832    GEN_BRAM.u_core/alu_mux_b/ir_reg[14]
    SLICE_X14Y2          LUT2 (Prop_lut2_I0_O)        0.164    22.996 r  GEN_BRAM.u_core/alu_mux_b/mem_reg_1_i_21/O
                         net (fo=8, routed)           0.529    23.525    GEN_BRAM.u_core/reg_file/mem_reg_1_3
    SLICE_X16Y1          LUT6 (Prop_lut6_I2_O)        0.053    23.578 r  GEN_BRAM.u_core/reg_file/mem_reg_1_i_2/O
                         net (fo=1, routed)           0.544    24.122    GEN_BRAM.u_core/dmem/wdata[30]
    RAMB36_X0Y1          RAMB36E1                                     r  GEN_BRAM.u_core/dmem/mem_reg_1/DIADI[14]
  -------------------------------------------------------------------    -------------------

                         (clock sys_clk rise edge)   30.000    30.000 r  
    AD23                                              0.000    30.000 r  clk (IN)
                         net (fo=0)                   0.000    30.000    clk
    AD23                 IBUF (Prop_ibuf_I_O)         0.796    30.796 r  clk_IBUF_inst/O
                         net (fo=1, routed)           1.741    32.537    clk_IBUF
    BUFGCTRL_X0Y0        BUFG (Prop_bufg_I_O)         0.113    32.650 r  clk_IBUF_BUFG_inst/O
                         net (fo=350, routed)         1.577    34.227    GEN_BRAM.u_core/dmem/clk_IBUF_BUFG
    RAMB36_X0Y1          RAMB36E1                                     r  GEN_BRAM.u_core/dmem/mem_reg_1/CLKARDCLK
                         clock pessimism              0.256    34.483    
                         clock uncertainty           -0.035    34.448    
    RAMB36_X0Y1          RAMB36E1 (Setup_ramb36e1_CLKARDCLK_DIADI[14])
                                                     -0.204    34.244    GEN_BRAM.u_core/dmem/mem_reg_1
  -------------------------------------------------------------------
                         required time                         34.244    
                         arrival time                         -24.122    
  -------------------------------------------------------------------
                         slack                                 10.122    

Slack (MET) :             10.125ns  (required time - arrival time)
  Source:                 GEN_BRAM.u_core/ir_reg[17]/C
                            (rising edge-triggered cell FDCE clocked by sys_clk  {rise@0.000ns fall@15.000ns period=30.000ns})
  Destination:            GEN_BRAM.u_core/reg_file/registers_reg_r2_0_31_0_5/RAMB/I
                            (rising edge-triggered cell RAMD32 clocked by sys_clk  {rise@0.000ns fall@15.000ns period=30.000ns})
  Path Group:             sys_clk
  Path Type:              Setup (Max at Slow Process Corner)
  Requirement:            30.000ns  (sys_clk rise@30.000ns - sys_clk rise@0.000ns)
  Data Path Delay:        19.746ns  (logic 5.603ns (28.375%)  route 14.143ns (71.625%))
  Logic Levels:           33  (CARRY4=12 LUT1=1 LUT2=1 LUT3=4 LUT4=5 LUT5=2 LUT6=6 MUXF7=1 RAMD32=1)
  Clock Path Skew:        0.036ns (DCD - SCD + CPR)
    Destination Clock Delay (DCD):    4.195ns = ( 34.195 - 30.000 ) 
    Source Clock Delay      (SCD):    4.416ns
    Clock Pessimism Removal (CPR):    0.256ns
  Clock Uncertainty:      0.035ns  ((TSJ^2 + TIJ^2)^1/2 + DJ) / 2 + PE
    Total System Jitter     (TSJ):    0.071ns
    Total Input Jitter      (TIJ):    0.000ns
    Discrete Jitter          (DJ):    0.000ns
    Phase Error              (PE):    0.000ns

    Location             Delay type                Incr(ns)  Path(ns)    Netlist Resource(s)
  -------------------------------------------------------------------    -------------------
                         (clock sys_clk rise edge)    0.000     0.000 r  
    AD23                                              0.000     0.000 r  clk (IN)
                         net (fo=0)                   0.000     0.000    clk
    AD23                 IBUF (Prop_ibuf_I_O)         0.873     0.873 r  clk_IBUF_inst/O
                         net (fo=1, routed)           1.830     2.703    clk_IBUF
    BUFGCTRL_X0Y0        BUFG (Prop_bufg_I_O)         0.120     2.823 r  clk_IBUF_BUFG_inst/O
                         net (fo=350, routed)         1.593     4.416    GEN_BRAM.u_core/clk_IBUF_BUFG
    SLICE_X32Y2          FDCE                                         r  GEN_BRAM.u_core/ir_reg[17]/C
  -------------------------------------------------------------------    -------------------
    SLICE_X32Y2          FDCE (Prop_fdce_C_Q)         0.308     4.724 r  GEN_BRAM.u_core/ir_reg[17]/Q
                         net (fo=97, routed)          1.465     6.189    GEN_BRAM.u_core/reg_file/registers_reg_r1_0_31_0_5/ADDRA2
    SLICE_X10Y1          RAMD32 (Prop_ramd32_RADR2_O)
                                                      0.065     6.254 f  GEN_BRAM.u_core/reg_file/registers_reg_r1_0_31_0_5/RAMA/O
                         net (fo=10, routed)          0.756     7.009    GEN_BRAM.u_core/alu_mux_a/dataR10[0]
    SLICE_X20Y2          LUT4 (Prop_lut4_I1_O)        0.168     7.177 r  GEN_BRAM.u_core/alu_mux_a/u_adder_i_32/O
                         net (fo=90, routed)          0.906     8.083    GEN_BRAM.u_core/alu/u_mul/u_mul/GEN_VEDIC.u_mul/u2/result[1]_INST_0_i_11_n_0
    SLICE_X8Y10          CARRY4 (Prop_carry4_CYINIT_CO[3])
                                                      0.359     8.442 r  GEN_BRAM.u_core/alu/u_mul/u_mul/GEN_VEDIC.u_mul/u2/result[1]_INST_0_i_5/CO[3]
                         net (fo=1, routed)           0.000     8.442    GEN_BRAM.u_core/alu/u_mul/u_mul/GEN_VEDIC.u_mul/u2/result[1]_INST_0_i_5_n_0
    SLICE_X8Y11          CARRY4 (Prop_carry4_CI_CO[3])
                                                      0.060     8.502 r  GEN_BRAM.u_core/alu/u_mul/u_mul/GEN_VEDIC.u_mul/u2/product__0_carry_i_42__1/CO[3]
                         net (fo=1, routed)           0.000     8.502    GEN_BRAM.u_core/alu/u_mul/u_mul/GEN_VEDIC.u_mul/u2/product__0_carry_i_42__1_n_0
    SLICE_X8Y12          CARRY4 (Prop_carry4_CI_CO[3])
                                                      0.060     8.562 r  GEN_BRAM.u_core/alu/u_mul/u_mul/GEN_VEDIC.u_mul/u2/product__0_carry_i_73__0/CO[3]
                         net (fo=1, routed)           0.000     8.562    GEN_BRAM.u_core/alu/u_mul/u_mul/GEN_VEDIC.u_mul/u2/product__0_carry_i_73__0_n_0
    SLICE_X8Y13          CARRY4 (Prop_carry4_CI_O[1])
                                                      0.212     8.774 r  GEN_BRAM.u_core/alu/u_mul/u_mul/GEN_VEDIC.u_mul/u2/product__0_carry_i_41__1/O[1]
                         net (fo=1, routed)           0.273     9.047    GEN_BRAM.u_core/alu/u_mul/u_mul/GEN_VEDIC.u_mul/u2/mag_a0[14]
    SLICE_X9Y13          LUT6 (Prop_lut6_I0_O)        0.155     9.202 r  GEN_BRAM.u_core/alu/u_mul/u_mul/GEN_VEDIC.u_mul/u2/product__0_carry__4_i_15__1/O
                         net (fo=80, routed)          1.766    10.968    GEN_BRAM.u_core/alu/u_mul/u_mul/GEN_VEDIC.u_mul/u0/mag_a[13]
    SLICE_X33Y7          LUT4 (Prop_lut4_I1_O)        0.065    11.033 r  GEN_BRAM.u_core/alu/u_mul/u_mul/GEN_VEDIC.u_mul/u0/product__0_carry__0_i_93/O
                         net (fo=2, routed)           0.696    11.730    GEN_BRAM.u_core/alu/u_mul/u_mul/GEN_VEDIC.u_mul/u0/u1/u1/p1[1]
    SLICE_X32Y7          LUT3 (Prop_lut3_I0_O)        0.185    11.915 r  GEN_BRAM.u_core/alu/u_mul/u_mul/GEN_VEDIC.u_mul/u0/product__0_carry__0_i_50/O
                         net (fo=2, routed)           0.289    12.203    GEN_BRAM.u_core/alu/u_mul/u_mul/GEN_VEDIC.u_mul/u0/product__0_carry__0_i_50_n_0
    SLICE_X32Y7          LUT5 (Prop_lut5_I4_O)        0.172    12.375 r  GEN_BRAM.u_core/alu/u_mul/u_mul/GEN_VEDIC.u_mul/u0/product__0_carry__0_i_53/O
                         net (fo=1, routed)           0.000    12.375    GEN_BRAM.u_core/alu/u_mul/u_mul/GEN_VEDIC.u_mul/u0/product__0_carry__0_i_53_n_0
    SLICE_X32Y7          CARRY4 (Prop_carry4_S[2]_CO[3])
                                                      0.219    12.594 r  GEN_BRAM.u_core/alu/u_mul/u_mul/GEN_VEDIC.u_mul/u0/product__0_carry__0_i_29/CO[3]
                         net (fo=1, routed)           0.000    12.594    GEN_BRAM.u_core/alu/u_mul/u_mul/GEN_VEDIC.u_mul/u0/product__0_carry__0_i_29_n_0
    SLICE_X32Y8          CARRY4 (Prop_carry4_CI_O[0])
                                                      0.135    12.729 r  GEN_BRAM.u_core/alu/u_mul/u_mul/GEN_VEDIC.u_mul/u0/product__0_carry__1_i_36/O[0]
                         net (fo=2, routed)           0.618    13.347    GEN_BRAM.u_core/alu/u_mul/u_mul/GEN_VEDIC.u_mul/u0/u1/p1[6]
    SLICE_X30Y7          LUT3 (Prop_lut3_I0_O)        0.163    13.510 r  GEN_BRAM.u_core/alu/u_mul/u_mul/GEN_VEDIC.u_mul/u0/product__0_carry__1_i_13/O
                         net (fo=2, routed)           0.477    13.987    GEN_BRAM.u_core/alu/u_mul/u_mul/GEN_VEDIC.u_mul/u0/product__0_carry__1_i_13_n_0
    SLICE_X30Y7          LUT4 (Prop_lut4_I0_O)        0.164    14.151 r  GEN_BRAM.u_core/alu/u_mul/u_mul/GEN_VEDIC.u_mul/u0/product__0_carry__1_i_17/O
                         net (fo=1, routed)           0.000    14.151    GEN_BRAM.u_core/alu/u_mul/u_mul/GEN_VEDIC.u_mul/u0/product__0_carry__1_i_17_n_0
    SLICE_X30Y7          CARRY4 (Prop_carry4_S[3]_CO[3])
                                                      0.216    14.367 r  GEN_BRAM.u_core/alu/u_mul/u_mul/GEN_VEDIC.u_mul/u0/product__0_carry__1_i_9/CO[3]
                         net (fo=1, routed)           0.000    14.367    GEN_BRAM.u_core/alu/u_mul/u_mul/GEN_VEDIC.u_mul/u0/product__0_carry__1_i_9_n_0
    SLICE_X30Y8          CARRY4 (Prop_carry4_CI_O[0])
                                                      0.135    14.502 r  GEN_BRAM.u_core/alu/u_mul/u_mul/GEN_VEDIC.u_mul/u0/product__0_carry__2_i_9/O[0]
                         net (fo=2, routed)           0.764    15.266    GEN_BRAM.u_core/alu/u_mul/u_mul/GEN_VEDIC.u_mul/u0/p1[12]
    SLICE_X24Y8          LUT3 (Prop_lut3_I0_O)        0.164    15.430 r  GEN_BRAM.u_core/alu/u_mul/u_mul/GEN_VEDIC.u_mul/u0/product__0_carry__2_i_3__2/O
                         net (fo=2, routed)           0.355    15.786    GEN_BRAM.u_core/alu/u_mul/u_mul/GEN_VEDIC.u_mul/u0/product__0_carry__2_i_3__2_n_0
    SLICE_X24Y8          LUT4 (Prop_lut4_I3_O)        0.170    15.956 r  GEN_BRAM.u_core/alu/u_mul/u_mul/GEN_VEDIC.u_mul/u0/product__0_carry__2_i_7__2/O
                         net (fo=1, routed)           0.000    15.956    GEN_BRAM.u_core/alu/u_mul/u_mul/GEN_VEDIC.u_mul/u0/product__0_carry__2_i_7__2_n_0
    SLICE_X24Y8          CARRY4 (Prop_carry4_S[1]_O[3])
                                                      0.379    16.335 r  GEN_BRAM.u_core/alu/u_mul/u_mul/GEN_VEDIC.u_mul/u0/product__0_carry__2/O[3]
                         net (fo=2, routed)           0.753    17.088    GEN_BRAM.u_core/alu/u_mul/u_mul/GEN_VEDIC.u_mul/u0/p_1_in[23]
    SLICE_X21Y13         LUT3 (Prop_lut3_I2_O)        0.157    17.245 r  GEN_BRAM.u_core/alu/u_mul/u_mul/GEN_VEDIC.u_mul/u0/result[27]_INST_0_i_6/O
                         net (fo=2, routed)           0.443    17.688    GEN_BRAM.u_core/alu/u_mul/u_mul/GEN_VEDIC.u_mul/u0/DI[0]
    SLICE_X21Y14         LUT4 (Prop_lut4_I3_O)        0.168    17.856 r  GEN_BRAM.u_core/alu/u_mul/u_mul/GEN_VEDIC.u_mul/u0/result[27]_INST_0_i_10/O
                         net (fo=1, routed)           0.000    17.856    GEN_BRAM.u_core/alu/u_mul/u_mul/GEN_VEDIC.u_mul/u1/result[24]_INST_0_0[0]
    SLICE_X21Y14         CARRY4 (Prop_carry4_S[0]_CO[3])
                                                      0.313    18.169 r  GEN_BRAM.u_core/alu/u_mul/u_mul/GEN_VEDIC.u_mul/u1/result[27]_INST_0_i_1/CO[3]
                         net (fo=1, routed)           0.000    18.169    GEN_BRAM.u_core/alu/u_mul/u_mul/GEN_VEDIC.u_mul/u1/result[27]_INST_0_i_1_n_0
    SLICE_X21Y15         CARRY4 (Prop_carry4_CI_O[1])
                                                      0.213    18.382 f  GEN_BRAM.u_core/alu/u_mul/u_mul/GEN_VEDIC.u_mul/u1/result[31]_INST_0_i_1/O[1]
                         net (fo=2, routed)           0.361    18.743    GEN_BRAM.u_core/alu/u_mul/u_mul/GEN_VEDIC.u_mul/u1/result[31]_INST_0_i_13_0[6]
    SLICE_X19Y16         LUT1 (Prop_lut1_I0_O)        0.152    18.895 r  GEN_BRAM.u_core/alu/u_mul/u_mul/GEN_VEDIC.u_mul/u1/result[0]_INST_0_i_6/O
                         net (fo=1, routed)           0.000    18.895    GEN_BRAM.u_core/alu/u_mul/u_mul/GEN_VEDIC.u_mul/u1/p_0_in[29]
    SLICE_X19Y16         CARRY4 (Prop_carry4_S[0]_O[3])
                                                      0.357    19.252 f  GEN_BRAM.u_core/alu/u_mul/u_mul/GEN_VEDIC.u_mul/u1/result[0]_INST_0_i_1/O[3]
                         net (fo=1, routed)           0.399    19.651    GEN_BRAM.u_core/alu/u_mul/u_mul/GEN_VEDIC.u_mul/u1/signed_product0[32]
    SLICE_X15Y16         LUT6 (Prop_lut6_I5_O)        0.142    19.793 f  GEN_BRAM.u_core/alu/u_mul/u_mul/GEN_VEDIC.u_mul/u1/result[0]_INST_0/O
                         net (fo=1, routed)           0.604    20.397    GEN_BRAM.u_core/alu/mul_result[0]
    SLICE_X7Y16          LUT6 (Prop_lut6_I0_O)        0.053    20.450 f  GEN_BRAM.u_core/alu/debug_alu_out_OBUF[0]_inst_i_11/O
                         net (fo=1, routed)           0.000    20.450    GEN_BRAM.u_core/alu/debug_alu_out_OBUF[0]_inst_i_11_n_0
    SLICE_X7Y16          MUXF7 (Prop_muxf7_I1_O)      0.129    20.579 f  GEN_BRAM.u_core/alu/debug_alu_out_OBUF[0]_inst_i_4/O
                         net (fo=1, routed)           0.271    20.850    GEN_BRAM.u_core/alu/debug_alu_out_OBUF[0]_inst_i_4_n_0
    SLICE_X9Y16          LUT6 (Prop_lut6_I5_O)        0.153    21.003 f  GEN_BRAM.u_core/alu/debug_alu_out_OBUF[0]_inst_i_1/O
                         net (fo=11, routed)          0.921    21.923    GEN_BRAM.u_core/alu/D[0]
    SLICE_X8Y0           LUT2 (Prop_lut2_I1_O)        0.053    21.976 r  GEN_BRAM.u_core/alu/mem_reg_0_i_37/O
                         net (fo=26, routed)          0.818    22.795    GEN_BRAM.u_core/dmem/registers_reg_r1_0_31_6_11_i_10
    SLICE_X3Y7           LUT5 (Prop_lut5_I4_O)        0.053    22.848 r  GEN_BRAM.u_core/dmem/registers_reg_r1_0_31_0_5_i_37/O
                         net (fo=1, routed)           0.462    23.310    GEN_BRAM.u_core/wb_mux/registers_reg_r1_0_31_0_5_i_5_0
    SLICE_X3Y1           LUT6 (Prop_lut6_I5_O)        0.053    23.363 r  GEN_BRAM.u_core/wb_mux/registers_reg_r1_0_31_0_5_i_17/O
                         net (fo=1, routed)           0.131    23.494    GEN_BRAM.u_core/divider/wb_exec[2]
    SLICE_X3Y1           LUT6 (Prop_lut6_I5_O)        0.053    23.547 r  GEN_BRAM.u_core/divider/registers_reg_r1_0_31_0_5_i_5/O
                         net (fo=2, routed)           0.614    24.162    GEN_BRAM.u_core/reg_file/registers_reg_r2_0_31_0_5/DIB0
    SLICE_X10Y2          RAMD32                                       r  GEN_BRAM.u_core/reg_file/registers_reg_r2_0_31_0_5/RAMB/I
  -------------------------------------------------------------------    -------------------

                         (clock sys_clk rise edge)   30.000    30.000 r  
    AD23                                              0.000    30.000 r  clk (IN)
                         net (fo=0)                   0.000    30.000    clk
    AD23                 IBUF (Prop_ibuf_I_O)         0.796    30.796 r  clk_IBUF_inst/O
                         net (fo=1, routed)           1.741    32.537    clk_IBUF
    BUFGCTRL_X0Y0        BUFG (Prop_bufg_I_O)         0.113    32.650 r  clk_IBUF_BUFG_inst/O
                         net (fo=350, routed)         1.545    34.195    GEN_BRAM.u_core/reg_file/registers_reg_r2_0_31_0_5/WCLK
    SLICE_X10Y2          RAMD32                                       r  GEN_BRAM.u_core/reg_file/registers_reg_r2_0_31_0_5/RAMB/CLK
                         clock pessimism              0.256    34.452    
                         clock uncertainty           -0.035    34.416    
    SLICE_X10Y2          RAMD32 (Setup_ramd32_CLK_I)
                                                     -0.129    34.287    GEN_BRAM.u_core/reg_file/registers_reg_r2_0_31_0_5/RAMB
  -------------------------------------------------------------------
                         required time                         34.287    
                         arrival time                         -24.162    
  -------------------------------------------------------------------
                         slack                                 10.125    

Slack (MET) :             10.129ns  (required time - arrival time)
  Source:                 GEN_BRAM.u_core/ir_reg[17]/C
                            (rising edge-triggered cell FDCE clocked by sys_clk  {rise@0.000ns fall@15.000ns period=30.000ns})
  Destination:            GEN_BRAM.u_core/dmem/mem_reg_1/DIADI[8]
                            (rising edge-triggered cell RAMB36E1 clocked by sys_clk  {rise@0.000ns fall@15.000ns period=30.000ns})
  Path Group:             sys_clk
  Path Type:              Setup (Max at Slow Process Corner)
  Requirement:            30.000ns  (sys_clk rise@30.000ns - sys_clk rise@0.000ns)
  Data Path Delay:        19.699ns  (logic 5.842ns (29.656%)  route 13.857ns (70.344%))
  Logic Levels:           32  (CARRY4=13 LUT1=1 LUT2=1 LUT3=5 LUT4=5 LUT5=2 LUT6=3 MUXF7=1 RAMD32=1)
  Clock Path Skew:        0.068ns (DCD - SCD + CPR)
    Destination Clock Delay (DCD):    4.227ns = ( 34.227 - 30.000 ) 
    Source Clock Delay      (SCD):    4.416ns
    Clock Pessimism Removal (CPR):    0.256ns
  Clock Uncertainty:      0.035ns  ((TSJ^2 + TIJ^2)^1/2 + DJ) / 2 + PE
    Total System Jitter     (TSJ):    0.071ns
    Total Input Jitter      (TIJ):    0.000ns
    Discrete Jitter          (DJ):    0.000ns
    Phase Error              (PE):    0.000ns

    Location             Delay type                Incr(ns)  Path(ns)    Netlist Resource(s)
  -------------------------------------------------------------------    -------------------
                         (clock sys_clk rise edge)    0.000     0.000 r  
    AD23                                              0.000     0.000 r  clk (IN)
                         net (fo=0)                   0.000     0.000    clk
    AD23                 IBUF (Prop_ibuf_I_O)         0.873     0.873 r  clk_IBUF_inst/O
                         net (fo=1, routed)           1.830     2.703    clk_IBUF
    BUFGCTRL_X0Y0        BUFG (Prop_bufg_I_O)         0.120     2.823 r  clk_IBUF_BUFG_inst/O
                         net (fo=350, routed)         1.593     4.416    GEN_BRAM.u_core/clk_IBUF_BUFG
    SLICE_X32Y2          FDCE                                         r  GEN_BRAM.u_core/ir_reg[17]/C
  -------------------------------------------------------------------    -------------------
    SLICE_X32Y2          FDCE (Prop_fdce_C_Q)         0.308     4.724 r  GEN_BRAM.u_core/ir_reg[17]/Q
                         net (fo=97, routed)          1.465     6.189    GEN_BRAM.u_core/reg_file/registers_reg_r1_0_31_0_5/ADDRA2
    SLICE_X10Y1          RAMD32 (Prop_ramd32_RADR2_O)
                                                      0.065     6.254 f  GEN_BRAM.u_core/reg_file/registers_reg_r1_0_31_0_5/RAMA/O
                         net (fo=10, routed)          0.756     7.009    GEN_BRAM.u_core/alu_mux_a/dataR10[0]
    SLICE_X20Y2          LUT4 (Prop_lut4_I1_O)        0.168     7.177 r  GEN_BRAM.u_core/alu_mux_a/u_adder_i_32/O
                         net (fo=90, routed)          0.906     8.083    GEN_BRAM.u_core/alu/u_mul/u_mul/GEN_VEDIC.u_mul/u2/result[1]_INST_0_i_11_n_0
    SLICE_X8Y10          CARRY4 (Prop_carry4_CYINIT_CO[3])
                                                      0.359     8.442 r  GEN_BRAM.u_core/alu/u_mul/u_mul/GEN_VEDIC.u_mul/u2/result[1]_INST_0_i_5/CO[3]
                         net (fo=1, routed)           0.000     8.442    GEN_BRAM.u_core/alu/u_mul/u_mul/GEN_VEDIC.u_mul/u2/result[1]_INST_0_i_5_n_0
    SLICE_X8Y11          CARRY4 (Prop_carry4_CI_CO[3])
                                                      0.060     8.502 r  GEN_BRAM.u_core/alu/u_mul/u_mul/GEN_VEDIC.u_mul/u2/product__0_carry_i_42__1/CO[3]
                         net (fo=1, routed)           0.000     8.502    GEN_BRAM.u_core/alu/u_mul/u_mul/GEN_VEDIC.u_mul/u2/product__0_carry_i_42__1_n_0
    SLICE_X8Y12          CARRY4 (Prop_carry4_CI_CO[3])
                                                      0.060     8.562 r  GEN_BRAM.u_core/alu/u_mul/u_mul/GEN_VEDIC.u_mul/u2/product__0_carry_i_73__0/CO[3]
                         net (fo=1, routed)           0.000     8.562    GEN_BRAM.u_core/alu/u_mul/u_mul/GEN_VEDIC.u_mul/u2/product__0_carry_i_73__0_n_0
    SLICE_X8Y13          CARRY4 (Prop_carry4_CI_O[1])
                                                      0.212     8.774 r  GEN_BRAM.u_core/alu/u_mul/u_mul/GEN_VEDIC.u_mul/u2/product__0_carry_i_41__1/O[1]
                         net (fo=1, routed)           0.273     9.047    GEN_BRAM.u_core/alu/u_mul/u_mul/GEN_VEDIC.u_mul/u2/mag_a0[14]
    SLICE_X9Y13          LUT6 (Prop_lut6_I0_O)        0.155     9.202 r  GEN_BRAM.u_core/alu/u_mul/u_mul/GEN_VEDIC.u_mul/u2/product__0_carry__4_i_15__1/O
                         net (fo=80, routed)          1.766    10.968    GEN_BRAM.u_core/alu/u_mul/u_mul/GEN_VEDIC.u_mul/u0/mag_a[13]
    SLICE_X33Y7          LUT4 (Prop_lut4_I1_O)        0.065    11.033 r  GEN_BRAM.u_core/alu/u_mul/u_mul/GEN_VEDIC.u_mul/u0/product__0_carry__0_i_93/O
                         net (fo=2, routed)           0.696    11.730    GEN_BRAM.u_core/alu/u_mul/u_mul/GEN_VEDIC.u_mul/u0/u1/u1/p1[1]
    SLICE_X32Y7          LUT3 (Prop_lut3_I0_O)        0.185    11.915 r  GEN_BRAM.u_core/alu/u_mul/u_mul/GEN_VEDIC.u_mul/u0/product__0_carry__0_i_50/O
                         net (fo=2, routed)           0.289    12.203    GEN_BRAM.u_core/alu/u_mul/u_mul/GEN_VEDIC.u_mul/u0/product__0_carry__0_i_50_n_0
    SLICE_X32Y7          LUT5 (Prop_lut5_I4_O)        0.172    12.375 r  GEN_BRAM.u_core/alu/u_mul/u_mul/GEN_VEDIC.u_mul/u0/product__0_carry__0_i_53/O
                         net (fo=1, routed)           0.000    12.375    GEN_BRAM.u_core/alu/u_mul/u_mul/GEN_VEDIC.u_mul/u0/product__0_carry__0_i_53_n_0
    SLICE_X32Y7          CARRY4 (Prop_carry4_S[2]_CO[3])
                                                      0.219    12.594 r  GEN_BRAM.u_core/alu/u_mul/u_mul/GEN_VEDIC.u_mul/u0/product__0_carry__0_i_29/CO[3]
                         net (fo=1, routed)           0.000    12.594    GEN_BRAM.u_core/alu/u_mul/u_mul/GEN_VEDIC.u_mul/u0/product__0_carry__0_i_29_n_0
    SLICE_X32Y8          CARRY4 (Prop_carry4_CI_O[0])
                                                      0.135    12.729 r  GEN_BRAM.u_core/alu/u_mul/u_mul/GEN_VEDIC.u_mul/u0/product__0_carry__1_i_36/O[0]
                         net (fo=2, routed)           0.618    13.347    GEN_BRAM.u_core/alu/u_mul/u_mul/GEN_VEDIC.u_mul/u0/u1/p1[6]
    SLICE_X30Y7          LUT3 (Prop_lut3_I0_O)        0.163    13.510 r  GEN_BRAM.u_core/alu/u_mul/u_mul/GEN_VEDIC.u_mul/u0/product__0_carry__1_i_13/O
                         net (fo=2, routed)           0.477    13.987    GEN_BRAM.u_core/alu/u_mul/u_mul/GEN_VEDIC.u_mul/u0/product__0_carry__1_i_13_n_0
    SLICE_X30Y7          LUT4 (Prop_lut4_I0_O)        0.164    14.151 r  GEN_BRAM.u_core/alu/u_mul/u_mul/GEN_VEDIC.u_mul/u0/product__0_carry__1_i_17/O
                         net (fo=1, routed)           0.000    14.151    GEN_BRAM.u_core/alu/u_mul/u_mul/GEN_VEDIC.u_mul/u0/product__0_carry__1_i_17_n_0
    SLICE_X30Y7          CARRY4 (Prop_carry4_S[3]_CO[3])
                                                      0.216    14.367 r  GEN_BRAM.u_core/alu/u_mul/u_mul/GEN_VEDIC.u_mul/u0/product__0_carry__1_i_9/CO[3]
                         net (fo=1, routed)           0.000    14.367    GEN_BRAM.u_core/alu/u_mul/u_mul/GEN_VEDIC.u_mul/u0/product__0_carry__1_i_9_n_0
    SLICE_X30Y8          CARRY4 (Prop_carry4_CI_O[0])
                                                      0.135    14.502 r  GEN_BRAM.u_core/alu/u_mul/u_mul/GEN_VEDIC.u_mul/u0/product__0_carry__2_i_9/O[0]
                         net (fo=2, routed)           0.764    15.266    GEN_BRAM.u_core/alu/u_mul/u_mul/GEN_VEDIC.u_mul/u0/p1[12]
    SLICE_X24Y8          LUT3 (Prop_lut3_I0_O)        0.164    15.430 r  GEN_BRAM.u_core/alu/u_mul/u_mul/GEN_VEDIC.u_mul/u0/product__0_carry__2_i_3__2/O
                         net (fo=2, routed)           0.355    15.786    GEN_BRAM.u_core/alu/u_mul/u_mul/GEN_VEDIC.u_mul/u0/product__0_carry__2_i_3__2_n_0
    SLICE_X24Y8          LUT4 (Prop_lut4_I3_O)        0.170    15.956 r  GEN_BRAM.u_core/alu/u_mul/u_mul/GEN_VEDIC.u_mul/u0/product__0_carry__2_i_7__2/O
                         net (fo=1, routed)           0.000    15.956    GEN_BRAM.u_core/alu/u_mul/u_mul/GEN_VEDIC.u_mul/u0/product__0_carry__2_i_7__2_n_0
    SLICE_X24Y8          CARRY4 (Prop_carry4_S[1]_O[3])
                                                      0.379    16.335 r  GEN_BRAM.u_core/alu/u_mul/u_mul/GEN_VEDIC.u_mul/u0/product__0_carry__2/O[3]
                         net (fo=2, routed)           0.753    17.088    GEN_BRAM.u_core/alu/u_mul/u_mul/GEN_VEDIC.u_mul/u0/p_1_in[23]
    SLICE_X21Y13         LUT3 (Prop_lut3_I2_O)        0.157    17.245 r  GEN_BRAM.u_core/alu/u_mul/u_mul/GEN_VEDIC.u_mul/u0/result[27]_INST_0_i_6/O
                         net (fo=2, routed)           0.443    17.688    GEN_BRAM.u_core/alu/u_mul/u_mul/GEN_VEDIC.u_mul/u0/DI[0]
    SLICE_X21Y14         LUT4 (Prop_lut4_I3_O)        0.168    17.856 r  GEN_BRAM.u_core/alu/u_mul/u_mul/GEN_VEDIC.u_mul/u0/result[27]_INST_0_i_10/O
                         net (fo=1, routed)           0.000    17.856    GEN_BRAM.u_core/alu/u_mul/u_mul/GEN_VEDIC.u_mul/u1/result[24]_INST_0_0[0]
    SLICE_X21Y14         CARRY4 (Prop_carry4_S[0]_CO[3])
                                                      0.313    18.169 r  GEN_BRAM.u_core/alu/u_mul/u_mul/GEN_VEDIC.u_mul/u1/result[27]_INST_0_i_1/CO[3]
                         net (fo=1, routed)           0.000    18.169    GEN_BRAM.u_core/alu/u_mul/u_mul/GEN_VEDIC.u_mul/u1/result[27]_INST_0_i_1_n_0
    SLICE_X21Y15         CARRY4 (Prop_carry4_CI_O[1])
                                                      0.213    18.382 f  GEN_BRAM.u_core/alu/u_mul/u_mul/GEN_VEDIC.u_mul/u1/result[31]_INST_0_i_1/O[1]
                         net (fo=2, routed)           0.361    18.743    GEN_BRAM.u_core/alu/u_mul/u_mul/GEN_VEDIC.u_mul/u1/result[31]_INST_0_i_13_0[6]
    SLICE_X19Y16         LUT1 (Prop_lut1_I0_O)        0.152    18.895 r  GEN_BRAM.u_core/alu/u_mul/u_mul/GEN_VEDIC.u_mul/u1/result[0]_INST_0_i_6/O
                         net (fo=1, routed)           0.000    18.895    GEN_BRAM.u_core/alu/u_mul/u_mul/GEN_VEDIC.u_mul/u1/p_0_in[29]
    SLICE_X19Y16         CARRY4 (Prop_carry4_S[0]_CO[3])
                                                      0.313    19.208 r  GEN_BRAM.u_core/alu/u_mul/u_mul/GEN_VEDIC.u_mul/u1/result[0]_INST_0_i_1/CO[3]
                         net (fo=1, routed)           0.000    19.208    GEN_BRAM.u_core/alu/u_mul/u_mul/GEN_VEDIC.u_mul/u1/result[0]_INST_0_i_1_n_0
    SLICE_X19Y17         CARRY4 (Prop_carry4_CI_O[0])
                                                      0.139    19.347 r  GEN_BRAM.u_core/alu/u_mul/u_mul/GEN_VEDIC.u_mul/u1/result[4]_INST_0_i_1/O[0]
                         net (fo=1, routed)           0.254    19.600    GEN_BRAM.u_core/alu/u_mul/u_mul/GEN_VEDIC.u_mul/u1/signed_product0[33]
    SLICE_X17Y16         LUT5 (Prop_lut5_I4_O)        0.155    19.755 r  GEN_BRAM.u_core/alu/u_mul/u_mul/GEN_VEDIC.u_mul/u1/result[1]_INST_0/O
                         net (fo=2, routed)           0.637    20.392    GEN_BRAM.u_core/reg_file/result[0]
    SLICE_X6Y15          LUT6 (Prop_lut6_I2_O)        0.053    20.445 r  GEN_BRAM.u_core/reg_file/debug_alu_out_OBUF[1]_inst_i_2/O
                         net (fo=2, routed)           0.000    20.445    GEN_BRAM.u_core/alu_mux_b/load_addr_hold_reg[1]
    SLICE_X6Y15          MUXF7 (Prop_muxf7_I0_O)      0.121    20.566 r  GEN_BRAM.u_core/alu_mux_b/debug_alu_out_OBUF[1]_inst_i_1/O
                         net (fo=43, routed)          0.978    21.544    GEN_BRAM.u_core/alu_mux_b/D[0]
    SLICE_X2Y8           LUT3 (Prop_lut3_I2_O)        0.160    21.704 r  GEN_BRAM.u_core/alu_mux_b/mem_reg_1_i_41/O
                         net (fo=12, routed)          1.129    22.832    GEN_BRAM.u_core/alu_mux_b/ir_reg[14]
    SLICE_X14Y2          LUT2 (Prop_lut2_I0_O)        0.176    23.008 r  GEN_BRAM.u_core/alu_mux_b/mem_reg_1_i_19/O
                         net (fo=8, routed)           0.335    23.343    GEN_BRAM.u_core/reg_file/mem_reg_1_2
    SLICE_X17Y2          LUT6 (Prop_lut6_I0_O)        0.168    23.511 r  GEN_BRAM.u_core/reg_file/mem_reg_1_i_8/O
                         net (fo=1, routed)           0.604    24.115    GEN_BRAM.u_core/dmem/wdata[24]
    RAMB36_X0Y1          RAMB36E1                                     r  GEN_BRAM.u_core/dmem/mem_reg_1/DIADI[8]
  -------------------------------------------------------------------    -------------------

                         (clock sys_clk rise edge)   30.000    30.000 r  
    AD23                                              0.000    30.000 r  clk (IN)
                         net (fo=0)                   0.000    30.000    clk
    AD23                 IBUF (Prop_ibuf_I_O)         0.796    30.796 r  clk_IBUF_inst/O
                         net (fo=1, routed)           1.741    32.537    clk_IBUF
    BUFGCTRL_X0Y0        BUFG (Prop_bufg_I_O)         0.113    32.650 r  clk_IBUF_BUFG_inst/O
                         net (fo=350, routed)         1.577    34.227    GEN_BRAM.u_core/dmem/clk_IBUF_BUFG
    RAMB36_X0Y1          RAMB36E1                                     r  GEN_BRAM.u_core/dmem/mem_reg_1/CLKARDCLK
                         clock pessimism              0.256    34.483    
                         clock uncertainty           -0.035    34.448    
    RAMB36_X0Y1          RAMB36E1 (Setup_ramb36e1_CLKARDCLK_DIADI[8])
                                                     -0.204    34.244    GEN_BRAM.u_core/dmem/mem_reg_1
  -------------------------------------------------------------------
                         required time                         34.244    
                         arrival time                         -24.115    
  -------------------------------------------------------------------
                         slack                                 10.129    

Slack (MET) :             10.151ns  (required time - arrival time)
  Source:                 GEN_BRAM.u_core/ir_reg[17]/C
                            (rising edge-triggered cell FDCE clocked by sys_clk  {rise@0.000ns fall@15.000ns period=30.000ns})
  Destination:            GEN_BRAM.u_core/dmem/mem_reg_1/DIADI[13]
                            (rising edge-triggered cell RAMB36E1 clocked by sys_clk  {rise@0.000ns fall@15.000ns period=30.000ns})
  Path Group:             sys_clk
  Path Type:              Setup (Max at Slow Process Corner)
  Requirement:            30.000ns  (sys_clk rise@30.000ns - sys_clk rise@0.000ns)
  Data Path Delay:        19.677ns  (logic 5.715ns (29.044%)  route 13.962ns (70.956%))
  Logic Levels:           32  (CARRY4=13 LUT1=1 LUT2=1 LUT3=5 LUT4=5 LUT5=2 LUT6=3 MUXF7=1 RAMD32=1)
  Clock Path Skew:        0.068ns (DCD - SCD + CPR)
    Destination Clock Delay (DCD):    4.227ns = ( 34.227 - 30.000 ) 
    Source Clock Delay      (SCD):    4.416ns
    Clock Pessimism Removal (CPR):    0.256ns
  Clock Uncertainty:      0.035ns  ((TSJ^2 + TIJ^2)^1/2 + DJ) / 2 + PE
    Total System Jitter     (TSJ):    0.071ns
    Total Input Jitter      (TIJ):    0.000ns
    Discrete Jitter          (DJ):    0.000ns
    Phase Error              (PE):    0.000ns

    Location             Delay type                Incr(ns)  Path(ns)    Netlist Resource(s)
  -------------------------------------------------------------------    -------------------
                         (clock sys_clk rise edge)    0.000     0.000 r  
    AD23                                              0.000     0.000 r  clk (IN)
                         net (fo=0)                   0.000     0.000    clk
    AD23                 IBUF (Prop_ibuf_I_O)         0.873     0.873 r  clk_IBUF_inst/O
                         net (fo=1, routed)           1.830     2.703    clk_IBUF
    BUFGCTRL_X0Y0        BUFG (Prop_bufg_I_O)         0.120     2.823 r  clk_IBUF_BUFG_inst/O
                         net (fo=350, routed)         1.593     4.416    GEN_BRAM.u_core/clk_IBUF_BUFG
    SLICE_X32Y2          FDCE                                         r  GEN_BRAM.u_core/ir_reg[17]/C
  -------------------------------------------------------------------    -------------------
    SLICE_X32Y2          FDCE (Prop_fdce_C_Q)         0.308     4.724 r  GEN_BRAM.u_core/ir_reg[17]/Q
                         net (fo=97, routed)          1.465     6.189    GEN_BRAM.u_core/reg_file/registers_reg_r1_0_31_0_5/ADDRA2
    SLICE_X10Y1          RAMD32 (Prop_ramd32_RADR2_O)
                                                      0.065     6.254 f  GEN_BRAM.u_core/reg_file/registers_reg_r1_0_31_0_5/RAMA/O
                         net (fo=10, routed)          0.756     7.009    GEN_BRAM.u_core/alu_mux_a/dataR10[0]
    SLICE_X20Y2          LUT4 (Prop_lut4_I1_O)        0.168     7.177 r  GEN_BRAM.u_core/alu_mux_a/u_adder_i_32/O
                         net (fo=90, routed)          0.906     8.083    GEN_BRAM.u_core/alu/u_mul/u_mul/GEN_VEDIC.u_mul/u2/result[1]_INST_0_i_11_n_0
    SLICE_X8Y10          CARRY4 (Prop_carry4_CYINIT_CO[3])
                                                      0.359     8.442 r  GEN_BRAM.u_core/alu/u_mul/u_mul/GEN_VEDIC.u_mul/u2/result[1]_INST_0_i_5/CO[3]
                         net (fo=1, routed)           0.000     8.442    GEN_BRAM.u_core/alu/u_mul/u_mul/GEN_VEDIC.u_mul/u2/result[1]_INST_0_i_5_n_0
    SLICE_X8Y11          CARRY4 (Prop_carry4_CI_CO[3])
                                                      0.060     8.502 r  GEN_BRAM.u_core/alu/u_mul/u_mul/GEN_VEDIC.u_mul/u2/product__0_carry_i_42__1/CO[3]
                         net (fo=1, routed)           0.000     8.502    GEN_BRAM.u_core/alu/u_mul/u_mul/GEN_VEDIC.u_mul/u2/product__0_carry_i_42__1_n_0
    SLICE_X8Y12          CARRY4 (Prop_carry4_CI_CO[3])
                                                      0.060     8.562 r  GEN_BRAM.u_core/alu/u_mul/u_mul/GEN_VEDIC.u_mul/u2/product__0_carry_i_73__0/CO[3]
                         net (fo=1, routed)           0.000     8.562    GEN_BRAM.u_core/alu/u_mul/u_mul/GEN_VEDIC.u_mul/u2/product__0_carry_i_73__0_n_0
    SLICE_X8Y13          CARRY4 (Prop_carry4_CI_O[1])
                                                      0.212     8.774 r  GEN_BRAM.u_core/alu/u_mul/u_mul/GEN_VEDIC.u_mul/u2/product__0_carry_i_41__1/O[1]
                         net (fo=1, routed)           0.273     9.047    GEN_BRAM.u_core/alu/u_mul/u_mul/GEN_VEDIC.u_mul/u2/mag_a0[14]
    SLICE_X9Y13          LUT6 (Prop_lut6_I0_O)        0.155     9.202 r  GEN_BRAM.u_core/alu/u_mul/u_mul/GEN_VEDIC.u_mul/u2/product__0_carry__4_i_15__1/O
                         net (fo=80, routed)          1.766    10.968    GEN_BRAM.u_core/alu/u_mul/u_mul/GEN_VEDIC.u_mul/u0/mag_a[13]
    SLICE_X33Y7          LUT4 (Prop_lut4_I1_O)        0.065    11.033 r  GEN_BRAM.u_core/alu/u_mul/u_mul/GEN_VEDIC.u_mul/u0/product__0_carry__0_i_93/O
                         net (fo=2, routed)           0.696    11.730    GEN_BRAM.u_core/alu/u_mul/u_mul/GEN_VEDIC.u_mul/u0/u1/u1/p1[1]
    SLICE_X32Y7          LUT3 (Prop_lut3_I0_O)        0.185    11.915 r  GEN_BRAM.u_core/alu/u_mul/u_mul/GEN_VEDIC.u_mul/u0/product__0_carry__0_i_50/O
                         net (fo=2, routed)           0.289    12.203    GEN_BRAM.u_core/alu/u_mul/u_mul/GEN_VEDIC.u_mul/u0/product__0_carry__0_i_50_n_0
    SLICE_X32Y7          LUT5 (Prop_lut5_I4_O)        0.172    12.375 r  GEN_BRAM.u_core/alu/u_mul/u_mul/GEN_VEDIC.u_mul/u0/product__0_carry__0_i_53/O
                         net (fo=1, routed)           0.000    12.375    GEN_BRAM.u_core/alu/u_mul/u_mul/GEN_VEDIC.u_mul/u0/product__0_carry__0_i_53_n_0
    SLICE_X32Y7          CARRY4 (Prop_carry4_S[2]_CO[3])
                                                      0.219    12.594 r  GEN_BRAM.u_core/alu/u_mul/u_mul/GEN_VEDIC.u_mul/u0/product__0_carry__0_i_29/CO[3]
                         net (fo=1, routed)           0.000    12.594    GEN_BRAM.u_core/alu/u_mul/u_mul/GEN_VEDIC.u_mul/u0/product__0_carry__0_i_29_n_0
    SLICE_X32Y8          CARRY4 (Prop_carry4_CI_O[0])
                                                      0.135    12.729 r  GEN_BRAM.u_core/alu/u_mul/u_mul/GEN_VEDIC.u_mul/u0/product__0_carry__1_i_36/O[0]
                         net (fo=2, routed)           0.618    13.347    GEN_BRAM.u_core/alu/u_mul/u_mul/GEN_VEDIC.u_mul/u0/u1/p1[6]
    SLICE_X30Y7          LUT3 (Prop_lut3_I0_O)        0.163    13.510 r  GEN_BRAM.u_core/alu/u_mul/u_mul/GEN_VEDIC.u_mul/u0/product__0_carry__1_i_13/O
                         net (fo=2, routed)           0.477    13.987    GEN_BRAM.u_core/alu/u_mul/u_mul/GEN_VEDIC.u_mul/u0/product__0_carry__1_i_13_n_0
    SLICE_X30Y7          LUT4 (Prop_lut4_I0_O)        0.164    14.151 r  GEN_BRAM.u_core/alu/u_mul/u_mul/GEN_VEDIC.u_mul/u0/product__0_carry__1_i_17/O
                         net (fo=1, routed)           0.000    14.151    GEN_BRAM.u_core/alu/u_mul/u_mul/GEN_VEDIC.u_mul/u0/product__0_carry__1_i_17_n_0
    SLICE_X30Y7          CARRY4 (Prop_carry4_S[3]_CO[3])
                                                      0.216    14.367 r  GEN_BRAM.u_core/alu/u_mul/u_mul/GEN_VEDIC.u_mul/u0/product__0_carry__1_i_9/CO[3]
                         net (fo=1, routed)           0.000    14.367    GEN_BRAM.u_core/alu/u_mul/u_mul/GEN_VEDIC.u_mul/u0/product__0_carry__1_i_9_n_0
    SLICE_X30Y8          CARRY4 (Prop_carry4_CI_O[0])
                                                      0.135    14.502 r  GEN_BRAM.u_core/alu/u_mul/u_mul/GEN_VEDIC.u_mul/u0/product__0_carry__2_i_9/O[0]
                         net (fo=2, routed)           0.764    15.266    GEN_BRAM.u_core/alu/u_mul/u_mul/GEN_VEDIC.u_mul/u0/p1[12]
    SLICE_X24Y8          LUT3 (Prop_lut3_I0_O)        0.164    15.430 r  GEN_BRAM.u_core/alu/u_mul/u_mul/GEN_VEDIC.u_mul/u0/product__0_carry__2_i_3__2/O
                         net (fo=2, routed)           0.355    15.786    GEN_BRAM.u_core/alu/u_mul/u_mul/GEN_VEDIC.u_mul/u0/product__0_carry__2_i_3__2_n_0
    SLICE_X24Y8          LUT4 (Prop_lut4_I3_O)        0.170    15.956 r  GEN_BRAM.u_core/alu/u_mul/u_mul/GEN_VEDIC.u_mul/u0/product__0_carry__2_i_7__2/O
                         net (fo=1, routed)           0.000    15.956    GEN_BRAM.u_core/alu/u_mul/u_mul/GEN_VEDIC.u_mul/u0/product__0_carry__2_i_7__2_n_0
    SLICE_X24Y8          CARRY4 (Prop_carry4_S[1]_O[3])
                                                      0.379    16.335 r  GEN_BRAM.u_core/alu/u_mul/u_mul/GEN_VEDIC.u_mul/u0/product__0_carry__2/O[3]
                         net (fo=2, routed)           0.753    17.088    GEN_BRAM.u_core/alu/u_mul/u_mul/GEN_VEDIC.u_mul/u0/p_1_in[23]
    SLICE_X21Y13         LUT3 (Prop_lut3_I2_O)        0.157    17.245 r  GEN_BRAM.u_core/alu/u_mul/u_mul/GEN_VEDIC.u_mul/u0/result[27]_INST_0_i_6/O
                         net (fo=2, routed)           0.443    17.688    GEN_BRAM.u_core/alu/u_mul/u_mul/GEN_VEDIC.u_mul/u0/DI[0]
    SLICE_X21Y14         LUT4 (Prop_lut4_I3_O)        0.168    17.856 r  GEN_BRAM.u_core/alu/u_mul/u_mul/GEN_VEDIC.u_mul/u0/result[27]_INST_0_i_10/O
                         net (fo=1, routed)           0.000    17.856    GEN_BRAM.u_core/alu/u_mul/u_mul/GEN_VEDIC.u_mul/u1/result[24]_INST_0_0[0]
    SLICE_X21Y14         CARRY4 (Prop_carry4_S[0]_CO[3])
                                                      0.313    18.169 r  GEN_BRAM.u_core/alu/u_mul/u_mul/GEN_VEDIC.u_mul/u1/result[27]_INST_0_i_1/CO[3]
                         net (fo=1, routed)           0.000    18.169    GEN_BRAM.u_core/alu/u_mul/u_mul/GEN_VEDIC.u_mul/u1/result[27]_INST_0_i_1_n_0
    SLICE_X21Y15         CARRY4 (Prop_carry4_CI_O[1])
                                                      0.213    18.382 f  GEN_BRAM.u_core/alu/u_mul/u_mul/GEN_VEDIC.u_mul/u1/result[31]_INST_0_i_1/O[1]
                         net (fo=2, routed)           0.361    18.743    GEN_BRAM.u_core/alu/u_mul/u_mul/GEN_VEDIC.u_mul/u1/result[31]_INST_0_i_13_0[6]
    SLICE_X19Y16         LUT1 (Prop_lut1_I0_O)        0.152    18.895 r  GEN_BRAM.u_core/alu/u_mul/u_mul/GEN_VEDIC.u_mul/u1/result[0]_INST_0_i_6/O
                         net (fo=1, routed)           0.000    18.895    GEN_BRAM.u_core/alu/u_mul/u_mul/GEN_VEDIC.u_mul/u1/p_0_in[29]
    SLICE_X19Y16         CARRY4 (Prop_carry4_S[0]_CO[3])
                                                      0.313    19.208 r  GEN_BRAM.u_core/alu/u_mul/u_mul/GEN_VEDIC.u_mul/u1/result[0]_INST_0_i_1/CO[3]
                         net (fo=1, routed)           0.000    19.208    GEN_BRAM.u_core/alu/u_mul/u_mul/GEN_VEDIC.u_mul/u1/result[0]_INST_0_i_1_n_0
    SLICE_X19Y17         CARRY4 (Prop_carry4_CI_O[0])
                                                      0.139    19.347 r  GEN_BRAM.u_core/alu/u_mul/u_mul/GEN_VEDIC.u_mul/u1/result[4]_INST_0_i_1/O[0]
                         net (fo=1, routed)           0.254    19.600    GEN_BRAM.u_core/alu/u_mul/u_mul/GEN_VEDIC.u_mul/u1/signed_product0[33]
    SLICE_X17Y16         LUT5 (Prop_lut5_I4_O)        0.155    19.755 r  GEN_BRAM.u_core/alu/u_mul/u_mul/GEN_VEDIC.u_mul/u1/result[1]_INST_0/O
                         net (fo=2, routed)           0.637    20.392    GEN_BRAM.u_core/reg_file/result[0]
    SLICE_X6Y15          LUT6 (Prop_lut6_I2_O)        0.053    20.445 r  GEN_BRAM.u_core/reg_file/debug_alu_out_OBUF[1]_inst_i_2/O
                         net (fo=2, routed)           0.000    20.445    GEN_BRAM.u_core/alu_mux_b/load_addr_hold_reg[1]
    SLICE_X6Y15          MUXF7 (Prop_muxf7_I0_O)      0.121    20.566 r  GEN_BRAM.u_core/alu_mux_b/debug_alu_out_OBUF[1]_inst_i_1/O
                         net (fo=43, routed)          0.978    21.544    GEN_BRAM.u_core/alu_mux_b/D[0]
    SLICE_X2Y8           LUT3 (Prop_lut3_I2_O)        0.160    21.704 r  GEN_BRAM.u_core/alu_mux_b/mem_reg_1_i_41/O
                         net (fo=12, routed)          1.129    22.832    GEN_BRAM.u_core/alu_mux_b/ir_reg[14]
    SLICE_X14Y2          LUT2 (Prop_lut2_I0_O)        0.164    22.996 r  GEN_BRAM.u_core/alu_mux_b/mem_reg_1_i_21/O
                         net (fo=8, routed)           0.490    23.486    GEN_BRAM.u_core/reg_file/mem_reg_1_3
    SLICE_X14Y2          LUT6 (Prop_lut6_I2_O)        0.053    23.539 r  GEN_BRAM.u_core/reg_file/mem_reg_1_i_3/O
                         net (fo=1, routed)           0.554    24.093    GEN_BRAM.u_core/dmem/wdata[29]
    RAMB36_X0Y1          RAMB36E1                                     r  GEN_BRAM.u_core/dmem/mem_reg_1/DIADI[13]
  -------------------------------------------------------------------    -------------------

                         (clock sys_clk rise edge)   30.000    30.000 r  
    AD23                                              0.000    30.000 r  clk (IN)
                         net (fo=0)                   0.000    30.000    clk
    AD23                 IBUF (Prop_ibuf_I_O)         0.796    30.796 r  clk_IBUF_inst/O
                         net (fo=1, routed)           1.741    32.537    clk_IBUF
    BUFGCTRL_X0Y0        BUFG (Prop_bufg_I_O)         0.113    32.650 r  clk_IBUF_BUFG_inst/O
                         net (fo=350, routed)         1.577    34.227    GEN_BRAM.u_core/dmem/clk_IBUF_BUFG
    RAMB36_X0Y1          RAMB36E1                                     r  GEN_BRAM.u_core/dmem/mem_reg_1/CLKARDCLK
                         clock pessimism              0.256    34.483    
                         clock uncertainty           -0.035    34.448    
    RAMB36_X0Y1          RAMB36E1 (Setup_ramb36e1_CLKARDCLK_DIADI[13])
                                                     -0.204    34.244    GEN_BRAM.u_core/dmem/mem_reg_1
  -------------------------------------------------------------------
                         required time                         34.244    
                         arrival time                         -24.093    
  -------------------------------------------------------------------
                         slack                                 10.151    





Pulse Width Checks
--------------------------------------------------------------------------------------
Clock Name:         sys_clk
Waveform(ns):       { 0.000 15.000 }
Period(ns):         30.000
Sources:            { clk }

Check Type        Corner  Lib Pin             Reference Pin  Required(ns)  Actual(ns)  Slack(ns)  Location       Pin
Min Period        n/a     RAMB36E1/CLKARDCLK  n/a            2.495         30.000      27.505     RAMB36_X0Y0    GEN_BRAM.u_core/dmem/mem_reg_0/CLKARDCLK
Min Period        n/a     RAMB36E1/CLKARDCLK  n/a            2.495         30.000      27.505     RAMB36_X0Y1    GEN_BRAM.u_core/dmem/mem_reg_1/CLKARDCLK
Min Period        n/a     RAMB36E1/CLKBWRCLK  n/a            2.183         30.000      27.817     RAMB36_X0Y0    GEN_BRAM.u_core/dmem/mem_reg_0/CLKBWRCLK
Min Period        n/a     RAMB36E1/CLKBWRCLK  n/a            2.183         30.000      27.817     RAMB36_X0Y1    GEN_BRAM.u_core/dmem/mem_reg_1/CLKBWRCLK
Min Period        n/a     RAMB36E1/CLKARDCLK  n/a            2.183         30.000      27.817     RAMB36_X1Y0    GEN_BRAM.u_core/imem/data_out_reg_0/CLKARDCLK
Min Period        n/a     RAMB36E1/CLKARDCLK  n/a            2.183         30.000      27.817     RAMB36_X2Y0    GEN_BRAM.u_core/imem/data_out_reg_1/CLKARDCLK
Min Period        n/a     BUFG/I              n/a            1.600         30.000      28.400     BUFGCTRL_X0Y0  clk_IBUF_BUFG_inst/I
Min Period        n/a     FDCE/C              n/a            0.750         30.000      29.250     SLICE_X32Y3    GEN_BRAM.u_core/ir_reg[21]_lopt_replica/C
Min Period        n/a     FDCE/C              n/a            0.750         30.000      29.250     SLICE_X32Y2    GEN_BRAM.u_core/ir_reg[23]_lopt_replica/C
Min Period        n/a     FDCE/C              n/a            0.750         30.000      29.250     SLICE_X33Y4    GEN_BRAM.u_core/ir_reg[24]_lopt_replica/C
Min Period        n/a     FDCE/C              n/a            0.750         30.000      29.250     SLICE_X32Y3    GEN_BRAM.u_core/ir_reg[25]/C
Min Period        n/a     FDCE/C              n/a            0.750         30.000      29.250     SLICE_X33Y4    GEN_BRAM.u_core/ir_reg[26]_lopt_replica/C
Min Period        n/a     FDCE/C              n/a            0.750         30.000      29.250     SLICE_X32Y4    GEN_BRAM.u_core/ir_reg[28]/C
Min Period        n/a     FDCE/C              n/a            0.750         30.000      29.250     SLICE_X33Y4    GEN_BRAM.u_core/ir_reg[28]_lopt_replica/C
Min Period        n/a     FDCE/C              n/a            0.750         30.000      29.250     SLICE_X32Y4    GEN_BRAM.u_core/ir_reg[30]/C
Min Period        n/a     FDCE/C              n/a            0.750         30.000      29.250     SLICE_X32Y4    GEN_BRAM.u_core/ir_reg[30]_lopt_replica/C
Min Period        n/a     FDCE/C              n/a            0.750         30.000      29.250     SLICE_X32Y3    GEN_BRAM.u_core/ir_reg[5]_lopt_replica/C
Min Period        n/a     FDPE/C              n/a            0.750         30.000      29.250     SLICE_X1Y1     GEN_BRAM.u_core/load_funct_hold_reg[1]/C
Min Period        n/a     FDCE/C              n/a            0.750         30.000      29.250     SLICE_X3Y0     GEN_BRAM.u_core/divider/count_reg[1]/C
Min Period        n/a     FDCE/C              n/a            0.750         30.000      29.250     SLICE_X2Y0     GEN_BRAM.u_core/divider/count_reg[3]/C
Low Pulse Width   Slow    RAMD32/CLK          n/a            0.910         15.000      14.090     SLICE_X10Y1    GEN_BRAM.u_core/reg_file/registers_reg_r1_0_31_0_5/RAMA/CLK
Low Pulse Width   Fast    RAMD32/CLK          n/a            0.910         15.000      14.090     SLICE_X10Y1    GEN_BRAM.u_core/reg_file/registers_reg_r1_0_31_0_5/RAMA/CLK
Low Pulse Width   Slow    RAMD32/CLK          n/a            0.910         15.000      14.090     SLICE_X10Y1    GEN_BRAM.u_core/reg_file/registers_reg_r1_0_31_0_5/RAMA_D1/CLK
Low Pulse Width   Fast    RAMD32/CLK          n/a            0.910         15.000      14.090     SLICE_X10Y1    GEN_BRAM.u_core/reg_file/registers_reg_r1_0_31_0_5/RAMA_D1/CLK
Low Pulse Width   Slow    RAMD32/CLK          n/a            0.910         15.000      14.090     SLICE_X10Y1    GEN_BRAM.u_core/reg_file/registers_reg_r1_0_31_0_5/RAMB/CLK
Low Pulse Width   Fast    RAMD32/CLK          n/a            0.910         15.000      14.090     SLICE_X10Y1    GEN_BRAM.u_core/reg_file/registers_reg_r1_0_31_0_5/RAMB/CLK
Low Pulse Width   Slow    RAMD32/CLK          n/a            0.910         15.000      14.090     SLICE_X10Y1    GEN_BRAM.u_core/reg_file/registers_reg_r1_0_31_0_5/RAMB_D1/CLK
Low Pulse Width   Fast    RAMD32/CLK          n/a            0.910         15.000      14.090     SLICE_X10Y1    GEN_BRAM.u_core/reg_file/registers_reg_r1_0_31_0_5/RAMB_D1/CLK
Low Pulse Width   Slow    RAMD32/CLK          n/a            0.910         15.000      14.090     SLICE_X10Y1    GEN_BRAM.u_core/reg_file/registers_reg_r1_0_31_0_5/RAMC/CLK
Low Pulse Width   Fast    RAMD32/CLK          n/a            0.910         15.000      14.090     SLICE_X10Y1    GEN_BRAM.u_core/reg_file/registers_reg_r1_0_31_0_5/RAMC/CLK
Low Pulse Width   Slow    RAMD32/CLK          n/a            0.910         15.000      14.090     SLICE_X10Y1    GEN_BRAM.u_core/reg_file/registers_reg_r1_0_31_0_5/RAMC_D1/CLK
Low Pulse Width   Fast    RAMD32/CLK          n/a            0.910         15.000      14.090     SLICE_X10Y1    GEN_BRAM.u_core/reg_file/registers_reg_r1_0_31_0_5/RAMC_D1/CLK
Low Pulse Width   Slow    RAMS32/CLK          n/a            0.910         15.000      14.090     SLICE_X10Y1    GEN_BRAM.u_core/reg_file/registers_reg_r1_0_31_0_5/RAMD/CLK
Low Pulse Width   Fast    RAMS32/CLK          n/a            0.910         15.000      14.090     SLICE_X10Y1    GEN_BRAM.u_core/reg_file/registers_reg_r1_0_31_0_5/RAMD/CLK
Low Pulse Width   Slow    RAMS32/CLK          n/a            0.910         15.000      14.090     SLICE_X10Y1    GEN_BRAM.u_core/reg_file/registers_reg_r1_0_31_0_5/RAMD_D1/CLK
Low Pulse Width   Fast    RAMS32/CLK          n/a            0.910         15.000      14.090     SLICE_X10Y1    GEN_BRAM.u_core/reg_file/registers_reg_r1_0_31_0_5/RAMD_D1/CLK
Low Pulse Width   Slow    RAMD32/CLK          n/a            0.910         15.000      14.090     SLICE_X6Y6     GEN_BRAM.u_core/reg_file/registers_reg_r1_0_31_12_17/RAMA/CLK
Low Pulse Width   Fast    RAMD32/CLK          n/a            0.910         15.000      14.090     SLICE_X6Y6     GEN_BRAM.u_core/reg_file/registers_reg_r1_0_31_12_17/RAMA/CLK
Low Pulse Width   Slow    RAMD32/CLK          n/a            0.910         15.000      14.090     SLICE_X6Y6     GEN_BRAM.u_core/reg_file/registers_reg_r1_0_31_12_17/RAMA_D1/CLK
Low Pulse Width   Fast    RAMD32/CLK          n/a            0.910         15.000      14.090     SLICE_X6Y6     GEN_BRAM.u_core/reg_file/registers_reg_r1_0_31_12_17/RAMA_D1/CLK
High Pulse Width  Slow    RAMD32/CLK          n/a            0.910         15.000      14.090     SLICE_X10Y1    GEN_BRAM.u_core/reg_file/registers_reg_r1_0_31_0_5/RAMA/CLK
High Pulse Width  Fast    RAMD32/CLK          n/a            0.910         15.000      14.090     SLICE_X10Y1    GEN_BRAM.u_core/reg_file/registers_reg_r1_0_31_0_5/RAMA/CLK
High Pulse Width  Slow    RAMD32/CLK          n/a            0.910         15.000      14.090     SLICE_X10Y1    GEN_BRAM.u_core/reg_file/registers_reg_r1_0_31_0_5/RAMA_D1/CLK
High Pulse Width  Fast    RAMD32/CLK          n/a            0.910         15.000      14.090     SLICE_X10Y1    GEN_BRAM.u_core/reg_file/registers_reg_r1_0_31_0_5/RAMA_D1/CLK
High Pulse Width  Slow    RAMD32/CLK          n/a            0.910         15.000      14.090     SLICE_X10Y1    GEN_BRAM.u_core/reg_file/registers_reg_r1_0_31_0_5/RAMB/CLK
High Pulse Width  Fast    RAMD32/CLK          n/a            0.910         15.000      14.090     SLICE_X10Y1    GEN_BRAM.u_core/reg_file/registers_reg_r1_0_31_0_5/RAMB/CLK
High Pulse Width  Slow    RAMD32/CLK          n/a            0.910         15.000      14.090     SLICE_X10Y1    GEN_BRAM.u_core/reg_file/registers_reg_r1_0_31_0_5/RAMB_D1/CLK
High Pulse Width  Fast    RAMD32/CLK          n/a            0.910         15.000      14.090     SLICE_X10Y1    GEN_BRAM.u_core/reg_file/registers_reg_r1_0_31_0_5/RAMB_D1/CLK
High Pulse Width  Slow    RAMD32/CLK          n/a            0.910         15.000      14.090     SLICE_X10Y1    GEN_BRAM.u_core/reg_file/registers_reg_r1_0_31_0_5/RAMC/CLK
High Pulse Width  Fast    RAMD32/CLK          n/a            0.910         15.000      14.090     SLICE_X10Y1    GEN_BRAM.u_core/reg_file/registers_reg_r1_0_31_0_5/RAMC/CLK
High Pulse Width  Slow    RAMD32/CLK          n/a            0.910         15.000      14.090     SLICE_X10Y1    GEN_BRAM.u_core/reg_file/registers_reg_r1_0_31_0_5/RAMC_D1/CLK
High Pulse Width  Fast    RAMD32/CLK          n/a            0.910         15.000      14.090     SLICE_X10Y1    GEN_BRAM.u_core/reg_file/registers_reg_r1_0_31_0_5/RAMC_D1/CLK
High Pulse Width  Slow    RAMS32/CLK          n/a            0.910         15.000      14.090     SLICE_X10Y1    GEN_BRAM.u_core/reg_file/registers_reg_r1_0_31_0_5/RAMD/CLK
High Pulse Width  Fast    RAMS32/CLK          n/a            0.910         15.000      14.090     SLICE_X10Y1    GEN_BRAM.u_core/reg_file/registers_reg_r1_0_31_0_5/RAMD/CLK
High Pulse Width  Slow    RAMS32/CLK          n/a            0.910         15.000      14.090     SLICE_X10Y1    GEN_BRAM.u_core/reg_file/registers_reg_r1_0_31_0_5/RAMD_D1/CLK
High Pulse Width  Fast    RAMS32/CLK          n/a            0.910         15.000      14.090     SLICE_X10Y1    GEN_BRAM.u_core/reg_file/registers_reg_r1_0_31_0_5/RAMD_D1/CLK
High Pulse Width  Slow    RAMD32/CLK          n/a            0.910         15.000      14.090     SLICE_X6Y6     GEN_BRAM.u_core/reg_file/registers_reg_r1_0_31_12_17/RAMA/CLK
High Pulse Width  Fast    RAMD32/CLK          n/a            0.910         15.000      14.090     SLICE_X6Y6     GEN_BRAM.u_core/reg_file/registers_reg_r1_0_31_12_17/RAMA/CLK
High Pulse Width  Slow    RAMD32/CLK          n/a            0.910         15.000      14.090     SLICE_X6Y6     GEN_BRAM.u_core/reg_file/registers_reg_r1_0_31_12_17/RAMA_D1/CLK
High Pulse Width  Fast    RAMD32/CLK          n/a            0.910         15.000      14.090     SLICE_X6Y6     GEN_BRAM.u_core/reg_file/registers_reg_r1_0_31_12_17/RAMA_D1/CLK



