Copyright 1986-2022 Xilinx, Inc. All Rights Reserved. Copyright 2022-2025 Advanced Micro Devices, Inc. All Rights Reserved.
---------------------------------------------------------------------------------------------------------------------------------------------
| Tool Version : Vivado v.2025.2 (win64) Build 6299465 Fri Nov 14 19:35:11 GMT 2025
| Date         : Wed Sep 30 11:56:46 2026
| Host         : LAPTOP_Truong running 64-bit major release  (build 9200)
| Command      : report_timing_summary -delay_type max -max_paths 20 -file ./build/reproduced_9config_mem1/CSLA_ARRAY_timing.rpt
| Design       : cpu_top
| Device       : 7z030-ffg676
| Speed File   : -1  PRODUCTION 1.12 2019-11-22
| Design State : Routed
---------------------------------------------------------------------------------------------------------------------------------------------

Timing Summary Report

------------------------------------------------------------------------------------------------
| Timer Settings
| --------------
------------------------------------------------------------------------------------------------

  Enable Multi Corner Analysis               :  Yes
  Enable Pessimism Removal                   :  Yes
  Pessimism Removal Resolution               :  Nearest Common Node
  Enable Input Delay Default Clock           :  No
  Enable Preset / Clear Arcs                 :  No
  Disable Flight Delays                      :  No
  Ignore I/O Paths                           :  No
  Timing Early Launch at Borrowing Latches   :  No
  Borrow Time for Max Delay Exceptions       :  Yes
  Merge Timing Exceptions                    :  Yes
  Inter-SLR Compensation                     :  Conservative

  Corner  Analyze    Analyze    
  Name    Max Paths  Min Paths  
  ------  ---------  ---------  
  Slow    Yes        Yes        
  Fast    Yes        Yes        


------------------------------------------------------------------------------------------------
| Report Methodology
| ------------------
------------------------------------------------------------------------------------------------

Rule       Severity  Description                                 Violations  
---------  --------  ------------------------------------------  ----------  
SYNTH-6    Warning   Timing of a RAM block might be sub-optimal  4           
TIMING-18  Warning   Missing input or output delay               101         

Note: This report is based on the most recent report_methodology run and may not be up-to-date. Run report_methodology on the current design for the latest report.



check_timing report

Table of Contents
-----------------
1. checking no_clock (0)
2. checking constant_clock (0)
3. checking pulse_width_clock (0)
4. checking unconstrained_internal_endpoints (0)
5. checking no_input_delay (1)
6. checking no_output_delay (101)
7. checking multiple_clock (0)
8. checking generated_clocks (0)
9. checking loops (0)
10. checking partial_input_delay (0)
11. checking partial_output_delay (0)
12. checking latch_loops (0)

1. checking no_clock (0)
------------------------
 There are 0 register/latch pins with no clock.


2. checking constant_clock (0)
------------------------------
 There are 0 register/latch pins with constant_clock.


3. checking pulse_width_clock (0)
---------------------------------
 There are 0 register/latch pins which need pulse_width check


4. checking unconstrained_internal_endpoints (0)
------------------------------------------------
 There are 0 pins that are not constrained for maximum delay.

 There are 0 pins that are not constrained for maximum delay due to constant clock.


5. checking no_input_delay (1)
------------------------------
 There are 0 input ports with no input delay specified.

 There is 1 input port with no input delay but user has a false path constraint. (MEDIUM)


6. checking no_output_delay (101)
---------------------------------
 There are 101 ports with no output delay specified. (HIGH)

 There are 0 ports with no output delay but user has a false path constraint

 There are 0 ports with no output delay but with a timing clock defined on it or propagating through it


7. checking multiple_clock (0)
------------------------------
 There are 0 register/latch pins with multiple clocks.


8. checking generated_clocks (0)
--------------------------------
 There are 0 generated clocks that are not connected to a clock source.


9. checking loops (0)
---------------------
 There are 0 combinational loops in the design.


10. checking partial_input_delay (0)
------------------------------------
 There are 0 input ports with partial input delay specified.


11. checking partial_output_delay (0)
-------------------------------------
 There are 0 ports with partial output delay specified.


12. checking latch_loops (0)
----------------------------
 There are 0 combinational latch loops in the design through latch input



------------------------------------------------------------------------------------------------
| Design Timing Summary
| ---------------------
------------------------------------------------------------------------------------------------

    WNS(ns)      TNS(ns)  TNS Failing Endpoints  TNS Total Endpoints     WPWS(ns)     TPWS(ns)  TPWS Failing Endpoints  TPWS Total Endpoints  
    -------      -------  ---------------------  -------------------     --------     --------  ----------------------  --------------------  
      0.527        0.000                      0                 1212       14.090        0.000                       0                   351  


All user specified timing constraints are met.


------------------------------------------------------------------------------------------------
| Clock Summary
| -------------
------------------------------------------------------------------------------------------------

Clock    Waveform(ns)       Period(ns)      Frequency(MHz)
-----    ------------       ----------      --------------
sys_clk  {0.000 15.000}     30.000          33.333          


------------------------------------------------------------------------------------------------
| Intra Clock Table
| -----------------
------------------------------------------------------------------------------------------------

Clock             WNS(ns)      TNS(ns)  TNS Failing Endpoints  TNS Total Endpoints     WPWS(ns)     TPWS(ns)  TPWS Failing Endpoints  TPWS Total Endpoints  
-----             -------      -------  ---------------------  -------------------     --------     --------  ----------------------  --------------------  
sys_clk             0.527        0.000                      0                 1212       14.090        0.000                       0                   351  


------------------------------------------------------------------------------------------------
| Inter Clock Table
| -----------------
------------------------------------------------------------------------------------------------

From Clock    To Clock          WNS(ns)      TNS(ns)  TNS Failing Endpoints  TNS Total Endpoints  
----------    --------          -------      -------  ---------------------  -------------------  


------------------------------------------------------------------------------------------------
| Other Path Groups Table
| -----------------------
------------------------------------------------------------------------------------------------

Path Group    From Clock    To Clock          WNS(ns)      TNS(ns)  TNS Failing Endpoints  TNS Total Endpoints  
----------    ----------    --------          -------      -------  ---------------------  -------------------  


------------------------------------------------------------------------------------------------
| Timing Details
| --------------
------------------------------------------------------------------------------------------------


---------------------------------------------------------------------------------------------------
From Clock:  sys_clk
  To Clock:  sys_clk

Setup :            0  Failing Endpoints,  Worst Slack        0.527ns,  Total Violation        0.000ns
Hold  :           NA  Failing Endpoints,  Worst Slack           NA  ,  Total Violation           NA
PW    :            0  Failing Endpoints,  Worst Slack       14.090ns,  Total Violation        0.000ns
---------------------------------------------------------------------------------------------------


Max Delay Paths
--------------------------------------------------------------------------------------
Slack (MET) :             0.527ns  (required time - arrival time)
  Source:                 GEN_BRAM.u_core/ir_reg[20]/C
                            (rising edge-triggered cell FDCE clocked by sys_clk  {rise@0.000ns fall@15.000ns period=30.000ns})
  Destination:            GEN_BRAM.u_core/reg_file/registers_reg_r2_0_31_30_31__0/DP/I
                            (rising edge-triggered cell RAMD32 clocked by sys_clk  {rise@0.000ns fall@15.000ns period=30.000ns})
  Path Group:             sys_clk
  Path Type:              Setup (Max at Slow Process Corner)
  Requirement:            30.000ns  (sys_clk rise@30.000ns - sys_clk rise@0.000ns)
  Data Path Delay:        29.243ns  (logic 3.919ns (13.401%)  route 25.324ns (86.599%))
  Logic Levels:           55  (CARRY4=1 LUT2=1 LUT3=11 LUT4=1 LUT5=18 LUT6=22 RAMD32=1)
  Clock Path Skew:        -0.029ns (DCD - SCD + CPR)
    Destination Clock Delay (DCD):    4.189ns = ( 34.189 - 30.000 ) 
    Source Clock Delay      (SCD):    4.475ns
    Clock Pessimism Removal (CPR):    0.256ns
  Clock Uncertainty:      0.035ns  ((TSJ^2 + TIJ^2)^1/2 + DJ) / 2 + PE
    Total System Jitter     (TSJ):    0.071ns
    Total Input Jitter      (TIJ):    0.000ns
    Discrete Jitter          (DJ):    0.000ns
    Phase Error              (PE):    0.000ns

    Location             Delay type                Incr(ns)  Path(ns)    Netlist Resource(s)
  -------------------------------------------------------------------    -------------------
                         (clock sys_clk rise edge)    0.000     0.000 r  
    AD23                                              0.000     0.000 r  clk (IN)
                         net (fo=0)                   0.000     0.000    clk
    AD23                 IBUF (Prop_ibuf_I_O)         0.873     0.873 r  clk_IBUF_inst/O
                         net (fo=1, routed)           1.830     2.703    clk_IBUF
    BUFGCTRL_X0Y0        BUFG (Prop_bufg_I_O)         0.120     2.823 r  clk_IBUF_BUFG_inst/O
                         net (fo=350, routed)         1.652     4.475    GEN_BRAM.u_core/clk_IBUF_BUFG
    SLICE_X8Y12          FDCE                                         r  GEN_BRAM.u_core/ir_reg[20]/C
  -------------------------------------------------------------------    -------------------
    SLICE_X8Y12          FDCE (Prop_fdce_C_Q)         0.308     4.783 r  GEN_BRAM.u_core/ir_reg[20]/Q
                         net (fo=66, routed)          0.961     5.744    GEN_BRAM.u_core/reg_file/registers_reg_r2_0_31_30_31__0/DPRA0
    SLICE_X10Y15         RAMD32 (Prop_ramd32_RADR0_O)
                                                      0.053     5.797 f  GEN_BRAM.u_core/reg_file/registers_reg_r2_0_31_30_31__0/DP/O
                         net (fo=42, routed)          0.763     6.560    GEN_BRAM.u_core/alu_mux_b/dataR20[26]
    SLICE_X9Y18          LUT6 (Prop_lut6_I3_O)        0.053     6.613 r  GEN_BRAM.u_core/alu_mux_b/u_mul_i_1/O
                         net (fo=52, routed)          0.620     7.233    GEN_BRAM.u_core/alu/u_mul/u_mul/GEN_ARRAY.u_mul/u_csa_row0/GEN_CSA_FA[1].u_fa/result[30]_INST_0_i_11_n_0
    SLICE_X10Y11         LUT4 (Prop_lut4_I3_O)        0.056     7.289 r  GEN_BRAM.u_core/alu/u_mul/u_mul/GEN_ARRAY.u_mul/u_csa_row0/GEN_CSA_FA[1].u_fa/result[4]_INST_0_i_7/O
                         net (fo=111, routed)         1.034     8.323    GEN_BRAM.u_core/alu/u_mul/u_mul/GEN_ARRAY.u_mul/u_csa_row0/GEN_CSA_FA[1].u_fa/result[4]_INST_0_i_7_n_0
    SLICE_X6Y14          LUT6 (Prop_lut6_I4_O)        0.168     8.491 r  GEN_BRAM.u_core/alu/u_mul/u_mul/GEN_ARRAY.u_mul/u_csa_row0/GEN_CSA_FA[1].u_fa/result[14]_INST_0_i_130/O
                         net (fo=2, routed)           0.355     8.846    GEN_BRAM.u_core/alu/u_mul/u_mul/GEN_ARRAY.u_mul/u_csa_row0/GEN_CSA_FA[1].u_fa/pp[2]_91[13]
    SLICE_X6Y13          LUT6 (Prop_lut6_I5_O)        0.053     8.899 r  GEN_BRAM.u_core/alu/u_mul/u_mul/GEN_ARRAY.u_mul/u_csa_row0/GEN_CSA_FA[1].u_fa/result[14]_INST_0_i_114/O
                         net (fo=3, routed)           0.768     9.667    GEN_BRAM.u_core/alu/u_mul/u_mul/GEN_ARRAY.u_mul/u_csa_row0/GEN_CSA_FA[1].u_fa/stage_carry[0]_58[14]
    SLICE_X15Y13         LUT3 (Prop_lut3_I0_O)        0.053     9.720 r  GEN_BRAM.u_core/alu/u_mul/u_mul/GEN_ARRAY.u_mul/u_csa_row0/GEN_CSA_FA[1].u_fa/result[16]_INST_0_i_147/O
                         net (fo=2, routed)           0.241     9.961    GEN_BRAM.u_core/alu/u_mul/u_mul/GEN_ARRAY.u_mul/u_csa_row0/GEN_CSA_FA[1].u_fa/stage_carry[1]_43[15]
    SLICE_X17Y13         LUT5 (Prop_lut5_I3_O)        0.053    10.014 r  GEN_BRAM.u_core/alu/u_mul/u_mul/GEN_ARRAY.u_mul/u_csa_row0/GEN_CSA_FA[1].u_fa/result[16]_INST_0_i_125/O
                         net (fo=3, routed)           1.041    11.054    GEN_BRAM.u_core/alu/u_mul/u_mul/GEN_ARRAY.u_mul/u_csa_row0/GEN_CSA_FA[1].u_fa/stage_sum[2]_42[15]
    SLICE_X7Y13          LUT5 (Prop_lut5_I1_O)        0.053    11.107 r  GEN_BRAM.u_core/alu/u_mul/u_mul/GEN_ARRAY.u_mul/u_csa_row0/GEN_CSA_FA[1].u_fa/result[16]_INST_0_i_109/O
                         net (fo=3, routed)           0.720    11.827    GEN_BRAM.u_core/alu/u_mul/u_mul/GEN_ARRAY.u_mul/u_csa_row0/GEN_CSA_FA[1].u_fa/stage_carry[4]_2[16]
    SLICE_X16Y12         LUT3 (Prop_lut3_I0_O)        0.053    11.880 r  GEN_BRAM.u_core/alu/u_mul/u_mul/GEN_ARRAY.u_mul/u_csa_row0/GEN_CSA_FA[1].u_fa/result[18]_INST_0_i_112/O
                         net (fo=2, routed)           0.577    12.457    GEN_BRAM.u_core/alu/u_mul/u_mul/GEN_ARRAY.u_mul/u_csa_row0/GEN_CSA_FA[1].u_fa/stage_carry[5]_45[17]
    SLICE_X16Y10         LUT5 (Prop_lut5_I3_O)        0.053    12.510 r  GEN_BRAM.u_core/alu/u_mul/u_mul/GEN_ARRAY.u_mul/u_csa_row0/GEN_CSA_FA[1].u_fa/result[18]_INST_0_i_94/O
                         net (fo=3, routed)           0.643    13.153    GEN_BRAM.u_core/alu/u_mul/u_mul/GEN_ARRAY.u_mul/u_csa_row0/GEN_CSA_FA[1].u_fa/stage_carry[6]_4[18]
    SLICE_X16Y8          LUT3 (Prop_lut3_I0_O)        0.053    13.206 r  GEN_BRAM.u_core/alu/u_mul/u_mul/GEN_ARRAY.u_mul/u_csa_row0/GEN_CSA_FA[1].u_fa/result[20]_INST_0_i_127/O
                         net (fo=2, routed)           0.310    13.516    GEN_BRAM.u_core/alu/u_mul/u_mul/GEN_ARRAY.u_mul/u_csa_row0/GEN_CSA_FA[1].u_fa/stage_carry[7]_46[19]
    SLICE_X15Y8          LUT5 (Prop_lut5_I3_O)        0.053    13.569 r  GEN_BRAM.u_core/alu/u_mul/u_mul/GEN_ARRAY.u_mul/u_csa_row0/GEN_CSA_FA[1].u_fa/result[20]_INST_0_i_109/O
                         net (fo=3, routed)           0.416    13.985    GEN_BRAM.u_core/alu/u_mul/u_mul/GEN_ARRAY.u_mul/u_csa_row0/GEN_CSA_FA[1].u_fa/stage_carry[8]_6[20]
    SLICE_X15Y5          LUT3 (Prop_lut3_I0_O)        0.053    14.038 r  GEN_BRAM.u_core/alu/u_mul/u_mul/GEN_ARRAY.u_mul/u_csa_row0/GEN_CSA_FA[1].u_fa/result[22]_INST_0_i_107/O
                         net (fo=2, routed)           0.316    14.354    GEN_BRAM.u_core/alu/u_mul/u_mul/GEN_ARRAY.u_mul/u_csa_row0/GEN_CSA_FA[1].u_fa/stage_carry[9]_47[21]
    SLICE_X15Y5          LUT5 (Prop_lut5_I3_O)        0.053    14.407 r  GEN_BRAM.u_core/alu/u_mul/u_mul/GEN_ARRAY.u_mul/u_csa_row0/GEN_CSA_FA[1].u_fa/result[22]_INST_0_i_90/O
                         net (fo=3, routed)           0.526    14.933    GEN_BRAM.u_core/alu/u_mul/u_mul/GEN_ARRAY.u_mul/u_csa_row0/GEN_CSA_FA[1].u_fa/stage_sum[10]_38[21]
    SLICE_X6Y4           LUT3 (Prop_lut3_I1_O)        0.053    14.986 r  GEN_BRAM.u_core/alu/u_mul/u_mul/GEN_ARRAY.u_mul/u_csa_row0/GEN_CSA_FA[1].u_fa/result[22]_INST_0_i_97/O
                         net (fo=2, routed)           0.577    15.563    GEN_BRAM.u_core/alu/u_mul/u_mul/GEN_ARRAY.u_mul/u_csa_row0/GEN_CSA_FA[1].u_fa/stage_carry[11]_48[22]
    SLICE_X7Y4           LUT5 (Prop_lut5_I3_O)        0.053    15.616 r  GEN_BRAM.u_core/alu/u_mul/u_mul/GEN_ARRAY.u_mul/u_csa_row0/GEN_CSA_FA[1].u_fa/result[22]_INST_0_i_75/O
                         net (fo=3, routed)           0.322    15.938    GEN_BRAM.u_core/alu/u_mul/u_mul/GEN_ARRAY.u_mul/u_csa_row0/GEN_CSA_FA[1].u_fa/stage_sum[12]_37[22]
    SLICE_X6Y3           LUT3 (Prop_lut3_I1_O)        0.053    15.991 r  GEN_BRAM.u_core/alu/u_mul/u_mul/GEN_ARRAY.u_mul/u_csa_row0/GEN_CSA_FA[1].u_fa/result[24]_INST_0_i_102/O
                         net (fo=2, routed)           0.458    16.449    GEN_BRAM.u_core/alu/u_mul/u_mul/GEN_ARRAY.u_mul/u_csa_row0/GEN_CSA_FA[1].u_fa/stage_carry[13]_49[23]
    SLICE_X7Y3           LUT5 (Prop_lut5_I3_O)        0.053    16.502 r  GEN_BRAM.u_core/alu/u_mul/u_mul/GEN_ARRAY.u_mul/u_csa_row0/GEN_CSA_FA[1].u_fa/result[24]_INST_0_i_85/O
                         net (fo=3, routed)           0.571    17.073    GEN_BRAM.u_core/alu/u_mul/u_mul/GEN_ARRAY.u_mul/u_csa_row0/GEN_CSA_FA[1].u_fa/stage_sum[14]_36[23]
    SLICE_X5Y4           LUT5 (Prop_lut5_I1_O)        0.053    17.126 r  GEN_BRAM.u_core/alu/u_mul/u_mul/GEN_ARRAY.u_mul/u_csa_row0/GEN_CSA_FA[1].u_fa/result[24]_INST_0_i_65/O
                         net (fo=3, routed)           0.396    17.522    GEN_BRAM.u_core/alu/u_mul/u_mul/GEN_ARRAY.u_mul/u_csa_row0/GEN_CSA_FA[1].u_fa/stage_sum[16]_35[23]
    SLICE_X4Y5           LUT3 (Prop_lut3_I1_O)        0.053    17.575 r  GEN_BRAM.u_core/alu/u_mul/u_mul/GEN_ARRAY.u_mul/u_csa_row0/GEN_CSA_FA[1].u_fa/result[24]_INST_0_i_72/O
                         net (fo=2, routed)           0.466    18.041    GEN_BRAM.u_core/alu/u_mul/u_mul/GEN_ARRAY.u_mul/u_csa_row0/GEN_CSA_FA[1].u_fa/stage_carry[17]_51[24]
    SLICE_X4Y5           LUT5 (Prop_lut5_I3_O)        0.053    18.094 r  GEN_BRAM.u_core/alu/u_mul/u_mul/GEN_ARRAY.u_mul/u_csa_row0/GEN_CSA_FA[1].u_fa/result[26]_INST_0_i_49/O
                         net (fo=3, routed)           0.442    18.536    GEN_BRAM.u_core/alu/u_mul/u_mul/GEN_ARRAY.u_mul/u_csa_row0/GEN_CSA_FA[1].u_fa/stage_carry[18]_16[25]
    SLICE_X4Y3           LUT3 (Prop_lut3_I0_O)        0.053    18.589 r  GEN_BRAM.u_core/alu/u_mul/u_mul/GEN_ARRAY.u_mul/u_csa_row0/GEN_CSA_FA[1].u_fa/result[26]_INST_0_i_57/O
                         net (fo=2, routed)           0.415    19.004    GEN_BRAM.u_core/alu/u_mul/u_mul/GEN_ARRAY.u_mul/u_csa_row0/GEN_CSA_FA[1].u_fa/stage_carry[19]_52[26]
    SLICE_X3Y3           LUT5 (Prop_lut5_I3_O)        0.053    19.057 r  GEN_BRAM.u_core/alu/u_mul/u_mul/GEN_ARRAY.u_mul/u_csa_row0/GEN_CSA_FA[1].u_fa/result[26]_INST_0_i_35/O
                         net (fo=3, routed)           0.764    19.821    GEN_BRAM.u_core/alu/u_mul/u_mul/GEN_ARRAY.u_mul/u_csa_row0/GEN_CSA_FA[1].u_fa/stage_sum[20]_33[26]
    SLICE_X8Y5           LUT5 (Prop_lut5_I1_O)        0.053    19.874 r  GEN_BRAM.u_core/alu/u_mul/u_mul/GEN_ARRAY.u_mul/u_csa_row0/GEN_CSA_FA[1].u_fa/result[28]_INST_0_i_39/O
                         net (fo=3, routed)           0.641    20.515    GEN_BRAM.u_core/alu/u_mul/u_mul/GEN_ARRAY.u_mul/u_csa_row0/GEN_CSA_FA[1].u_fa/stage_carry[22]_20[27]
    SLICE_X2Y4           LUT3 (Prop_lut3_I0_O)        0.053    20.568 r  GEN_BRAM.u_core/alu/u_mul/u_mul/GEN_ARRAY.u_mul/u_csa_row0/GEN_CSA_FA[1].u_fa/result[28]_INST_0_i_47/O
                         net (fo=2, routed)           0.412    20.980    GEN_BRAM.u_core/alu/u_mul/u_mul/GEN_ARRAY.u_mul/u_csa_row0/GEN_CSA_FA[1].u_fa/stage_carry[23]_54[28]
    SLICE_X1Y4           LUT5 (Prop_lut5_I3_O)        0.053    21.033 r  GEN_BRAM.u_core/alu/u_mul/u_mul/GEN_ARRAY.u_mul/u_csa_row0/GEN_CSA_FA[1].u_fa/result[28]_INST_0_i_26/O
                         net (fo=2, routed)           0.771    21.804    GEN_BRAM.u_core/alu/u_mul/u_mul/GEN_ARRAY.u_mul/u_csa_row0/GEN_CSA_FA[1].u_fa/stage_sum[24]_31[28]
    SLICE_X13Y6          LUT3 (Prop_lut3_I1_O)        0.053    21.857 r  GEN_BRAM.u_core/alu/u_mul/u_mul/GEN_ARRAY.u_mul/u_csa_row0/GEN_CSA_FA[1].u_fa/result[30]_INST_0_i_20/O
                         net (fo=2, routed)           0.304    22.162    GEN_BRAM.u_core/alu/u_mul/u_mul/GEN_ARRAY.u_mul/u_csa_row0/GEN_CSA_FA[1].u_fa/stage_carry[25]_55[29]
    SLICE_X13Y6          LUT5 (Prop_lut5_I3_O)        0.053    22.215 r  GEN_BRAM.u_core/alu/u_mul/u_mul/GEN_ARRAY.u_mul/u_csa_row0/GEN_CSA_FA[1].u_fa/result[30]_INST_0_i_14/O
                         net (fo=2, routed)           0.445    22.659    GEN_BRAM.u_core/alu/u_mul/u_mul/GEN_ARRAY.u_mul/u_csa_row0/GEN_CSA_FA[1].u_fa/stage_carry[26]_24[30]
    SLICE_X14Y7          LUT3 (Prop_lut3_I0_O)        0.053    22.712 r  GEN_BRAM.u_core/alu/u_mul/u_mul/GEN_ARRAY.u_mul/u_csa_row0/GEN_CSA_FA[1].u_fa/result[31]_INST_0_i_33/O
                         net (fo=2, routed)           0.467    23.180    GEN_BRAM.u_core/alu/u_mul/u_mul/GEN_ARRAY.u_mul/u_csa_row0/GEN_CSA_FA[1].u_fa/stage_carry[27]_56[31]
    SLICE_X14Y7          LUT5 (Prop_lut5_I3_O)        0.053    23.233 r  GEN_BRAM.u_core/alu/u_mul/u_mul/GEN_ARRAY.u_mul/u_csa_row0/GEN_CSA_FA[1].u_fa/result[31]_INST_0_i_18/O
                         net (fo=2, routed)           0.469    23.702    GEN_BRAM.u_core/alu/u_mul/u_mul/GEN_ARRAY.u_mul/u_csa_row0/GEN_CSA_FA[1].u_fa/stage_sum[28]_29[31]
    SLICE_X15Y7          LUT5 (Prop_lut5_I3_O)        0.053    23.755 r  GEN_BRAM.u_core/alu/u_mul/u_mul/GEN_ARRAY.u_mul/u_csa_row0/GEN_CSA_FA[1].u_fa/result[1]_INST_0_i_5/O
                         net (fo=4, routed)           0.571    24.325    GEN_BRAM.u_core/alu/u_mul/u_mul/GEN_ARRAY.u_mul/u_csa_row0/GEN_CSA_FA[1].u_fa/stage_carry[29]_59[32]
    SLICE_X11Y7          LUT5 (Prop_lut5_I3_O)        0.068    24.393 f  GEN_BRAM.u_core/alu/u_mul/u_mul/GEN_ARRAY.u_mul/u_csa_row0/GEN_CSA_FA[1].u_fa/result[1]_INST_0_i_6/O
                         net (fo=2, routed)           0.407    24.800    GEN_BRAM.u_core/alu/u_mul/u_mul/GEN_ARRAY.u_mul/u_csa_row0/GEN_CSA_FA[1].u_fa/u_final_cpa/GEN_FINAL_FA[32].u_fa/c2
    SLICE_X11Y8          LUT5 (Prop_lut5_I2_O)        0.180    24.980 f  GEN_BRAM.u_core/alu/u_mul/u_mul/GEN_ARRAY.u_mul/u_csa_row0/GEN_CSA_FA[1].u_fa/result[2]_INST_0_i_9/O
                         net (fo=2, routed)           0.448    25.428    GEN_BRAM.u_core/alu/u_mul/u_mul/GEN_ARRAY.u_mul/u_csa_row0/GEN_CSA_FA[1].u_fa/u_final_cpa/GEN_FINAL_FA[33].u_fa/c2
    SLICE_X11Y8          LUT5 (Prop_lut5_I2_O)        0.187    25.615 f  GEN_BRAM.u_core/alu/u_mul/u_mul/GEN_ARRAY.u_mul/u_csa_row0/GEN_CSA_FA[1].u_fa/result[4]_INST_0_i_14/O
                         net (fo=3, routed)           0.371    25.986    GEN_BRAM.u_core/alu/u_mul/u_mul/GEN_ARRAY.u_mul/u_csa_row0/GEN_CSA_FA[1].u_fa/u_final_cpa/c_35
    SLICE_X12Y9          LUT6 (Prop_lut6_I4_O)        0.169    26.155 f  GEN_BRAM.u_core/alu/u_mul/u_mul/GEN_ARRAY.u_mul/u_csa_row0/GEN_CSA_FA[1].u_fa/result[6]_INST_0_i_12/O
                         net (fo=3, routed)           0.518    26.673    GEN_BRAM.u_core/alu/u_mul/u_mul/GEN_ARRAY.u_mul/u_csa_row0/GEN_CSA_FA[1].u_fa/u_final_cpa/c_37
    SLICE_X12Y9          LUT6 (Prop_lut6_I4_O)        0.053    26.726 f  GEN_BRAM.u_core/alu/u_mul/u_mul/GEN_ARRAY.u_mul/u_csa_row0/GEN_CSA_FA[1].u_fa/result[8]_INST_0_i_13/O
                         net (fo=3, routed)           0.310    27.036    GEN_BRAM.u_core/alu/u_mul/u_mul/GEN_ARRAY.u_mul/u_csa_row0/GEN_CSA_FA[1].u_fa/u_final_cpa/c_39
    SLICE_X13Y9          LUT6 (Prop_lut6_I4_O)        0.053    27.089 f  GEN_BRAM.u_core/alu/u_mul/u_mul/GEN_ARRAY.u_mul/u_csa_row0/GEN_CSA_FA[1].u_fa/result[10]_INST_0_i_12/O
                         net (fo=3, routed)           0.343    27.432    GEN_BRAM.u_core/alu/u_mul/u_mul/GEN_ARRAY.u_mul/u_csa_row0/GEN_CSA_FA[1].u_fa/u_final_cpa/c_41
    SLICE_X13Y10         LUT6 (Prop_lut6_I4_O)        0.053    27.485 f  GEN_BRAM.u_core/alu/u_mul/u_mul/GEN_ARRAY.u_mul/u_csa_row0/GEN_CSA_FA[1].u_fa/result[12]_INST_0_i_13/O
                         net (fo=3, routed)           0.341    27.826    GEN_BRAM.u_core/alu/u_mul/u_mul/GEN_ARRAY.u_mul/u_csa_row0/GEN_CSA_FA[1].u_fa/u_final_cpa/c_43
    SLICE_X14Y11         LUT6 (Prop_lut6_I4_O)        0.053    27.879 f  GEN_BRAM.u_core/alu/u_mul/u_mul/GEN_ARRAY.u_mul/u_csa_row0/GEN_CSA_FA[1].u_fa/result[14]_INST_0_i_12/O
                         net (fo=3, routed)           0.222    28.101    GEN_BRAM.u_core/alu/u_mul/u_mul/GEN_ARRAY.u_mul/u_csa_row0/GEN_CSA_FA[1].u_fa/u_final_cpa/c_45
    SLICE_X14Y11         LUT6 (Prop_lut6_I4_O)        0.053    28.154 f  GEN_BRAM.u_core/alu/u_mul/u_mul/GEN_ARRAY.u_mul/u_csa_row0/GEN_CSA_FA[1].u_fa/result[16]_INST_0_i_13/O
                         net (fo=3, routed)           0.287    28.441    GEN_BRAM.u_core/alu/u_mul/u_mul/GEN_ARRAY.u_mul/u_csa_row0/GEN_CSA_FA[1].u_fa/u_final_cpa/c_47
    SLICE_X15Y11         LUT6 (Prop_lut6_I4_O)        0.053    28.494 f  GEN_BRAM.u_core/alu/u_mul/u_mul/GEN_ARRAY.u_mul/u_csa_row0/GEN_CSA_FA[1].u_fa/result[18]_INST_0_i_12/O
                         net (fo=3, routed)           0.338    28.832    GEN_BRAM.u_core/alu/u_mul/u_mul/GEN_ARRAY.u_mul/u_csa_row0/GEN_CSA_FA[1].u_fa/u_final_cpa/c_49
    SLICE_X14Y12         LUT6 (Prop_lut6_I4_O)        0.053    28.885 f  GEN_BRAM.u_core/alu/u_mul/u_mul/GEN_ARRAY.u_mul/u_csa_row0/GEN_CSA_FA[1].u_fa/result[20]_INST_0_i_13/O
                         net (fo=3, routed)           0.252    29.138    GEN_BRAM.u_core/alu/u_mul/u_mul/GEN_ARRAY.u_mul/u_csa_row0/GEN_CSA_FA[1].u_fa/u_final_cpa/c_51
    SLICE_X14Y13         LUT6 (Prop_lut6_I4_O)        0.053    29.191 f  GEN_BRAM.u_core/alu/u_mul/u_mul/GEN_ARRAY.u_mul/u_csa_row0/GEN_CSA_FA[1].u_fa/result[22]_INST_0_i_12/O
                         net (fo=3, routed)           0.300    29.491    GEN_BRAM.u_core/alu/u_mul/u_mul/GEN_ARRAY.u_mul/u_csa_row0/GEN_CSA_FA[1].u_fa/u_final_cpa/c_53
    SLICE_X13Y13         LUT6 (Prop_lut6_I4_O)        0.053    29.544 f  GEN_BRAM.u_core/alu/u_mul/u_mul/GEN_ARRAY.u_mul/u_csa_row0/GEN_CSA_FA[1].u_fa/result[24]_INST_0_i_13/O
                         net (fo=3, routed)           0.204    29.748    GEN_BRAM.u_core/alu/u_mul/u_mul/GEN_ARRAY.u_mul/u_csa_row0/GEN_CSA_FA[1].u_fa/u_final_cpa/c_55
    SLICE_X13Y13         LUT6 (Prop_lut6_I4_O)        0.053    29.801 f  GEN_BRAM.u_core/alu/u_mul/u_mul/GEN_ARRAY.u_mul/u_csa_row0/GEN_CSA_FA[1].u_fa/result[26]_INST_0_i_12/O
                         net (fo=3, routed)           0.367    30.169    GEN_BRAM.u_core/alu/u_mul/u_mul/GEN_ARRAY.u_mul/u_csa_row0/GEN_CSA_FA[1].u_fa/u_final_cpa/c_57
    SLICE_X13Y14         LUT6 (Prop_lut6_I4_O)        0.053    30.222 f  GEN_BRAM.u_core/alu/u_mul/u_mul/GEN_ARRAY.u_mul/u_csa_row0/GEN_CSA_FA[1].u_fa/result[28]_INST_0_i_13/O
                         net (fo=3, routed)           0.241    30.462    GEN_BRAM.u_core/alu/u_mul/u_mul/GEN_ARRAY.u_mul/u_csa_row0/GEN_CSA_FA[1].u_fa/u_final_cpa/c_59
    SLICE_X13Y14         LUT6 (Prop_lut6_I4_O)        0.053    30.515 f  GEN_BRAM.u_core/alu/u_mul/u_mul/GEN_ARRAY.u_mul/u_csa_row0/GEN_CSA_FA[1].u_fa/result[31]_INST_0_i_13/O
                         net (fo=3, routed)           0.340    30.855    GEN_BRAM.u_core/alu/u_mul/u_mul/GEN_ARRAY.u_mul/u_csa_row0/GEN_CSA_FA[1].u_fa/u_final_cpa/c_61
    SLICE_X13Y15         LUT6 (Prop_lut6_I4_O)        0.053    30.908 f  GEN_BRAM.u_core/alu/u_mul/u_mul/GEN_ARRAY.u_mul/u_csa_row0/GEN_CSA_FA[1].u_fa/result[31]_INST_0_i_4/O
                         net (fo=2, routed)           0.421    31.329    GEN_BRAM.u_core/alu/u_mul/u_mul/GEN_ARRAY.u_mul/u_csa_row0/GEN_CSA_FA[1].u_fa/u_final_cpa/GEN_FINAL_FA[62].u_fa/c2
    SLICE_X11Y15         LUT2 (Prop_lut2_I0_O)        0.053    31.382 r  GEN_BRAM.u_core/alu/u_mul/u_mul/GEN_ARRAY.u_mul/u_csa_row0/GEN_CSA_FA[1].u_fa/result[31]_INST_0_i_14/O
                         net (fo=1, routed)           0.000    31.382    GEN_BRAM.u_core/alu/u_mul/u_mul/GEN_ARRAY.u_mul/u_csa_row0/GEN_CSA_FA[1].u_fa/p_0_in[63]
    SLICE_X11Y15         CARRY4 (Prop_carry4_S[2]_O[2])
                                                      0.140    31.522 r  GEN_BRAM.u_core/alu/u_mul/u_mul/GEN_ARRAY.u_mul/u_csa_row0/GEN_CSA_FA[1].u_fa/result[31]_INST_0_i_6/O[2]
                         net (fo=1, routed)           0.296    31.818    GEN_BRAM.u_core/alu/u_mul/u_mul/GEN_ARRAY.u_mul/u_csa_row0/GEN_CSA_FA[1].u_fa/signed_product0[63]
    SLICE_X11Y16         LUT6 (Prop_lut6_I5_O)        0.152    31.970 r  GEN_BRAM.u_core/alu/u_mul/u_mul/GEN_ARRAY.u_mul/u_csa_row0/GEN_CSA_FA[1].u_fa/result[31]_INST_0/O
                         net (fo=1, routed)           0.471    32.442    GEN_BRAM.u_core/reg_file/result[27]
    SLICE_X11Y19         LUT6 (Prop_lut6_I2_O)        0.053    32.495 r  GEN_BRAM.u_core/reg_file/debug_alu_out_OBUF[31]_inst_i_7/O
                         net (fo=1, routed)           0.128    32.623    GEN_BRAM.u_core/reg_file/debug_alu_out_OBUF[31]_inst_i_7_n_0
    SLICE_X11Y19         LUT6 (Prop_lut6_I5_O)        0.053    32.676 r  GEN_BRAM.u_core/reg_file/debug_alu_out_OBUF[31]_inst_i_1/O
                         net (fo=3, routed)           0.152    32.828    GEN_BRAM.u_core/wb_mux/debug_alu_out_OBUF[31]
    SLICE_X11Y19         LUT6 (Prop_lut6_I0_O)        0.053    32.881 r  GEN_BRAM.u_core/wb_mux/registers_reg_r1_0_31_30_31__0_i_3/O
                         net (fo=1, routed)           0.294    33.175    GEN_BRAM.u_core/divider/wb_exec[31]
    SLICE_X11Y18         LUT6 (Prop_lut6_I5_O)        0.053    33.228 r  GEN_BRAM.u_core/divider/registers_reg_r1_0_31_30_31__0_i_1/O
                         net (fo=4, routed)           0.490    33.718    GEN_BRAM.u_core/reg_file/registers_reg_r2_0_31_30_31__0/D
    SLICE_X10Y15         RAMD32                                       r  GEN_BRAM.u_core/reg_file/registers_reg_r2_0_31_30_31__0/DP/I
  -------------------------------------------------------------------    -------------------

                         (clock sys_clk rise edge)   30.000    30.000 r  
    AD23                                              0.000    30.000 r  clk (IN)
                         net (fo=0)                   0.000    30.000    clk
    AD23                 IBUF (Prop_ibuf_I_O)         0.796    30.796 r  clk_IBUF_inst/O
                         net (fo=1, routed)           1.741    32.537    clk_IBUF
    BUFGCTRL_X0Y0        BUFG (Prop_bufg_I_O)         0.113    32.650 r  clk_IBUF_BUFG_inst/O
                         net (fo=350, routed)         1.539    34.189    GEN_BRAM.u_core/reg_file/registers_reg_r2_0_31_30_31__0/WCLK
    SLICE_X10Y15         RAMD32                                       r  GEN_BRAM.u_core/reg_file/registers_reg_r2_0_31_30_31__0/DP/CLK
                         clock pessimism              0.256    34.446    
                         clock uncertainty           -0.035    34.410    
    SLICE_X10Y15         RAMD32 (Setup_ramd32_CLK_I)
                                                     -0.166    34.244    GEN_BRAM.u_core/reg_file/registers_reg_r2_0_31_30_31__0/DP
  -------------------------------------------------------------------
                         required time                         34.244    
                         arrival time                         -33.718    
  -------------------------------------------------------------------
                         slack                                  0.527    

Slack (MET) :             0.530ns  (required time - arrival time)
  Source:                 GEN_BRAM.u_core/ir_reg[20]/C
                            (rising edge-triggered cell FDCE clocked by sys_clk  {rise@0.000ns fall@15.000ns period=30.000ns})
  Destination:            GEN_BRAM.u_core/reg_file/registers_reg_r2_0_31_30_31__0/SP/I
                            (rising edge-triggered cell RAMD32 clocked by sys_clk  {rise@0.000ns fall@15.000ns period=30.000ns})
  Path Group:             sys_clk
  Path Type:              Setup (Max at Slow Process Corner)
  Requirement:            30.000ns  (sys_clk rise@30.000ns - sys_clk rise@0.000ns)
  Data Path Delay:        29.247ns  (logic 3.919ns (13.400%)  route 25.328ns (86.600%))
  Logic Levels:           55  (CARRY4=1 LUT2=1 LUT3=11 LUT4=1 LUT5=18 LUT6=22 RAMD32=1)
  Clock Path Skew:        -0.029ns (DCD - SCD + CPR)
    Destination Clock Delay (DCD):    4.189ns = ( 34.189 - 30.000 ) 
    Source Clock Delay      (SCD):    4.475ns
    Clock Pessimism Removal (CPR):    0.256ns
  Clock Uncertainty:      0.035ns  ((TSJ^2 + TIJ^2)^1/2 + DJ) / 2 + PE
    Total System Jitter     (TSJ):    0.071ns
    Total Input Jitter      (TIJ):    0.000ns
    Discrete Jitter          (DJ):    0.000ns
    Phase Error              (PE):    0.000ns

    Location             Delay type                Incr(ns)  Path(ns)    Netlist Resource(s)
  -------------------------------------------------------------------    -------------------
                         (clock sys_clk rise edge)    0.000     0.000 r  
    AD23                                              0.000     0.000 r  clk (IN)
                         net (fo=0)                   0.000     0.000    clk
    AD23                 IBUF (Prop_ibuf_I_O)         0.873     0.873 r  clk_IBUF_inst/O
                         net (fo=1, routed)           1.830     2.703    clk_IBUF
    BUFGCTRL_X0Y0        BUFG (Prop_bufg_I_O)         0.120     2.823 r  clk_IBUF_BUFG_inst/O
                         net (fo=350, routed)         1.652     4.475    GEN_BRAM.u_core/clk_IBUF_BUFG
    SLICE_X8Y12          FDCE                                         r  GEN_BRAM.u_core/ir_reg[20]/C
  -------------------------------------------------------------------    -------------------
    SLICE_X8Y12          FDCE (Prop_fdce_C_Q)         0.308     4.783 r  GEN_BRAM.u_core/ir_reg[20]/Q
                         net (fo=66, routed)          0.961     5.744    GEN_BRAM.u_core/reg_file/registers_reg_r2_0_31_30_31__0/DPRA0
    SLICE_X10Y15         RAMD32 (Prop_ramd32_RADR0_O)
                                                      0.053     5.797 f  GEN_BRAM.u_core/reg_file/registers_reg_r2_0_31_30_31__0/DP/O
                         net (fo=42, routed)          0.763     6.560    GEN_BRAM.u_core/alu_mux_b/dataR20[26]
    SLICE_X9Y18          LUT6 (Prop_lut6_I3_O)        0.053     6.613 r  GEN_BRAM.u_core/alu_mux_b/u_mul_i_1/O
                         net (fo=52, routed)          0.620     7.233    GEN_BRAM.u_core/alu/u_mul/u_mul/GEN_ARRAY.u_mul/u_csa_row0/GEN_CSA_FA[1].u_fa/result[30]_INST_0_i_11_n_0
    SLICE_X10Y11         LUT4 (Prop_lut4_I3_O)        0.056     7.289 r  GEN_BRAM.u_core/alu/u_mul/u_mul/GEN_ARRAY.u_mul/u_csa_row0/GEN_CSA_FA[1].u_fa/result[4]_INST_0_i_7/O
                         net (fo=111, routed)         1.034     8.323    GEN_BRAM.u_core/alu/u_mul/u_mul/GEN_ARRAY.u_mul/u_csa_row0/GEN_CSA_FA[1].u_fa/result[4]_INST_0_i_7_n_0
    SLICE_X6Y14          LUT6 (Prop_lut6_I4_O)        0.168     8.491 r  GEN_BRAM.u_core/alu/u_mul/u_mul/GEN_ARRAY.u_mul/u_csa_row0/GEN_CSA_FA[1].u_fa/result[14]_INST_0_i_130/O
                         net (fo=2, routed)           0.355     8.846    GEN_BRAM.u_core/alu/u_mul/u_mul/GEN_ARRAY.u_mul/u_csa_row0/GEN_CSA_FA[1].u_fa/pp[2]_91[13]
    SLICE_X6Y13          LUT6 (Prop_lut6_I5_O)        0.053     8.899 r  GEN_BRAM.u_core/alu/u_mul/u_mul/GEN_ARRAY.u_mul/u_csa_row0/GEN_CSA_FA[1].u_fa/result[14]_INST_0_i_114/O
                         net (fo=3, routed)           0.768     9.667    GEN_BRAM.u_core/alu/u_mul/u_mul/GEN_ARRAY.u_mul/u_csa_row0/GEN_CSA_FA[1].u_fa/stage_carry[0]_58[14]
    SLICE_X15Y13         LUT3 (Prop_lut3_I0_O)        0.053     9.720 r  GEN_BRAM.u_core/alu/u_mul/u_mul/GEN_ARRAY.u_mul/u_csa_row0/GEN_CSA_FA[1].u_fa/result[16]_INST_0_i_147/O
                         net (fo=2, routed)           0.241     9.961    GEN_BRAM.u_core/alu/u_mul/u_mul/GEN_ARRAY.u_mul/u_csa_row0/GEN_CSA_FA[1].u_fa/stage_carry[1]_43[15]
    SLICE_X17Y13         LUT5 (Prop_lut5_I3_O)        0.053    10.014 r  GEN_BRAM.u_core/alu/u_mul/u_mul/GEN_ARRAY.u_mul/u_csa_row0/GEN_CSA_FA[1].u_fa/result[16]_INST_0_i_125/O
                         net (fo=3, routed)           1.041    11.054    GEN_BRAM.u_core/alu/u_mul/u_mul/GEN_ARRAY.u_mul/u_csa_row0/GEN_CSA_FA[1].u_fa/stage_sum[2]_42[15]
    SLICE_X7Y13          LUT5 (Prop_lut5_I1_O)        0.053    11.107 r  GEN_BRAM.u_core/alu/u_mul/u_mul/GEN_ARRAY.u_mul/u_csa_row0/GEN_CSA_FA[1].u_fa/result[16]_INST_0_i_109/O
                         net (fo=3, routed)           0.720    11.827    GEN_BRAM.u_core/alu/u_mul/u_mul/GEN_ARRAY.u_mul/u_csa_row0/GEN_CSA_FA[1].u_fa/stage_carry[4]_2[16]
    SLICE_X16Y12         LUT3 (Prop_lut3_I0_O)        0.053    11.880 r  GEN_BRAM.u_core/alu/u_mul/u_mul/GEN_ARRAY.u_mul/u_csa_row0/GEN_CSA_FA[1].u_fa/result[18]_INST_0_i_112/O
                         net (fo=2, routed)           0.577    12.457    GEN_BRAM.u_core/alu/u_mul/u_mul/GEN_ARRAY.u_mul/u_csa_row0/GEN_CSA_FA[1].u_fa/stage_carry[5]_45[17]
    SLICE_X16Y10         LUT5 (Prop_lut5_I3_O)        0.053    12.510 r  GEN_BRAM.u_core/alu/u_mul/u_mul/GEN_ARRAY.u_mul/u_csa_row0/GEN_CSA_FA[1].u_fa/result[18]_INST_0_i_94/O
                         net (fo=3, routed)           0.643    13.153    GEN_BRAM.u_core/alu/u_mul/u_mul/GEN_ARRAY.u_mul/u_csa_row0/GEN_CSA_FA[1].u_fa/stage_carry[6]_4[18]
    SLICE_X16Y8          LUT3 (Prop_lut3_I0_O)        0.053    13.206 r  GEN_BRAM.u_core/alu/u_mul/u_mul/GEN_ARRAY.u_mul/u_csa_row0/GEN_CSA_FA[1].u_fa/result[20]_INST_0_i_127/O
                         net (fo=2, routed)           0.310    13.516    GEN_BRAM.u_core/alu/u_mul/u_mul/GEN_ARRAY.u_mul/u_csa_row0/GEN_CSA_FA[1].u_fa/stage_carry[7]_46[19]
    SLICE_X15Y8          LUT5 (Prop_lut5_I3_O)        0.053    13.569 r  GEN_BRAM.u_core/alu/u_mul/u_mul/GEN_ARRAY.u_mul/u_csa_row0/GEN_CSA_FA[1].u_fa/result[20]_INST_0_i_109/O
                         net (fo=3, routed)           0.416    13.985    GEN_BRAM.u_core/alu/u_mul/u_mul/GEN_ARRAY.u_mul/u_csa_row0/GEN_CSA_FA[1].u_fa/stage_carry[8]_6[20]
    SLICE_X15Y5          LUT3 (Prop_lut3_I0_O)        0.053    14.038 r  GEN_BRAM.u_core/alu/u_mul/u_mul/GEN_ARRAY.u_mul/u_csa_row0/GEN_CSA_FA[1].u_fa/result[22]_INST_0_i_107/O
                         net (fo=2, routed)           0.316    14.354    GEN_BRAM.u_core/alu/u_mul/u_mul/GEN_ARRAY.u_mul/u_csa_row0/GEN_CSA_FA[1].u_fa/stage_carry[9]_47[21]
    SLICE_X15Y5          LUT5 (Prop_lut5_I3_O)        0.053    14.407 r  GEN_BRAM.u_core/alu/u_mul/u_mul/GEN_ARRAY.u_mul/u_csa_row0/GEN_CSA_FA[1].u_fa/result[22]_INST_0_i_90/O
                         net (fo=3, routed)           0.526    14.933    GEN_BRAM.u_core/alu/u_mul/u_mul/GEN_ARRAY.u_mul/u_csa_row0/GEN_CSA_FA[1].u_fa/stage_sum[10]_38[21]
    SLICE_X6Y4           LUT3 (Prop_lut3_I1_O)        0.053    14.986 r  GEN_BRAM.u_core/alu/u_mul/u_mul/GEN_ARRAY.u_mul/u_csa_row0/GEN_CSA_FA[1].u_fa/result[22]_INST_0_i_97/O
                         net (fo=2, routed)           0.577    15.563    GEN_BRAM.u_core/alu/u_mul/u_mul/GEN_ARRAY.u_mul/u_csa_row0/GEN_CSA_FA[1].u_fa/stage_carry[11]_48[22]
    SLICE_X7Y4           LUT5 (Prop_lut5_I3_O)        0.053    15.616 r  GEN_BRAM.u_core/alu/u_mul/u_mul/GEN_ARRAY.u_mul/u_csa_row0/GEN_CSA_FA[1].u_fa/result[22]_INST_0_i_75/O
                         net (fo=3, routed)           0.322    15.938    GEN_BRAM.u_core/alu/u_mul/u_mul/GEN_ARRAY.u_mul/u_csa_row0/GEN_CSA_FA[1].u_fa/stage_sum[12]_37[22]
    SLICE_X6Y3           LUT3 (Prop_lut3_I1_O)        0.053    15.991 r  GEN_BRAM.u_core/alu/u_mul/u_mul/GEN_ARRAY.u_mul/u_csa_row0/GEN_CSA_FA[1].u_fa/result[24]_INST_0_i_102/O
                         net (fo=2, routed)           0.458    16.449    GEN_BRAM.u_core/alu/u_mul/u_mul/GEN_ARRAY.u_mul/u_csa_row0/GEN_CSA_FA[1].u_fa/stage_carry[13]_49[23]
    SLICE_X7Y3           LUT5 (Prop_lut5_I3_O)        0.053    16.502 r  GEN_BRAM.u_core/alu/u_mul/u_mul/GEN_ARRAY.u_mul/u_csa_row0/GEN_CSA_FA[1].u_fa/result[24]_INST_0_i_85/O
                         net (fo=3, routed)           0.571    17.073    GEN_BRAM.u_core/alu/u_mul/u_mul/GEN_ARRAY.u_mul/u_csa_row0/GEN_CSA_FA[1].u_fa/stage_sum[14]_36[23]
    SLICE_X5Y4           LUT5 (Prop_lut5_I1_O)        0.053    17.126 r  GEN_BRAM.u_core/alu/u_mul/u_mul/GEN_ARRAY.u_mul/u_csa_row0/GEN_CSA_FA[1].u_fa/result[24]_INST_0_i_65/O
                         net (fo=3, routed)           0.396    17.522    GEN_BRAM.u_core/alu/u_mul/u_mul/GEN_ARRAY.u_mul/u_csa_row0/GEN_CSA_FA[1].u_fa/stage_sum[16]_35[23]
    SLICE_X4Y5           LUT3 (Prop_lut3_I1_O)        0.053    17.575 r  GEN_BRAM.u_core/alu/u_mul/u_mul/GEN_ARRAY.u_mul/u_csa_row0/GEN_CSA_FA[1].u_fa/result[24]_INST_0_i_72/O
                         net (fo=2, routed)           0.466    18.041    GEN_BRAM.u_core/alu/u_mul/u_mul/GEN_ARRAY.u_mul/u_csa_row0/GEN_CSA_FA[1].u_fa/stage_carry[17]_51[24]
    SLICE_X4Y5           LUT5 (Prop_lut5_I3_O)        0.053    18.094 r  GEN_BRAM.u_core/alu/u_mul/u_mul/GEN_ARRAY.u_mul/u_csa_row0/GEN_CSA_FA[1].u_fa/result[26]_INST_0_i_49/O
                         net (fo=3, routed)           0.442    18.536    GEN_BRAM.u_core/alu/u_mul/u_mul/GEN_ARRAY.u_mul/u_csa_row0/GEN_CSA_FA[1].u_fa/stage_carry[18]_16[25]
    SLICE_X4Y3           LUT3 (Prop_lut3_I0_O)        0.053    18.589 r  GEN_BRAM.u_core/alu/u_mul/u_mul/GEN_ARRAY.u_mul/u_csa_row0/GEN_CSA_FA[1].u_fa/result[26]_INST_0_i_57/O
                         net (fo=2, routed)           0.415    19.004    GEN_BRAM.u_core/alu/u_mul/u_mul/GEN_ARRAY.u_mul/u_csa_row0/GEN_CSA_FA[1].u_fa/stage_carry[19]_52[26]
    SLICE_X3Y3           LUT5 (Prop_lut5_I3_O)        0.053    19.057 r  GEN_BRAM.u_core/alu/u_mul/u_mul/GEN_ARRAY.u_mul/u_csa_row0/GEN_CSA_FA[1].u_fa/result[26]_INST_0_i_35/O
                         net (fo=3, routed)           0.764    19.821    GEN_BRAM.u_core/alu/u_mul/u_mul/GEN_ARRAY.u_mul/u_csa_row0/GEN_CSA_FA[1].u_fa/stage_sum[20]_33[26]
    SLICE_X8Y5           LUT5 (Prop_lut5_I1_O)        0.053    19.874 r  GEN_BRAM.u_core/alu/u_mul/u_mul/GEN_ARRAY.u_mul/u_csa_row0/GEN_CSA_FA[1].u_fa/result[28]_INST_0_i_39/O
                         net (fo=3, routed)           0.641    20.515    GEN_BRAM.u_core/alu/u_mul/u_mul/GEN_ARRAY.u_mul/u_csa_row0/GEN_CSA_FA[1].u_fa/stage_carry[22]_20[27]
    SLICE_X2Y4           LUT3 (Prop_lut3_I0_O)        0.053    20.568 r  GEN_BRAM.u_core/alu/u_mul/u_mul/GEN_ARRAY.u_mul/u_csa_row0/GEN_CSA_FA[1].u_fa/result[28]_INST_0_i_47/O
                         net (fo=2, routed)           0.412    20.980    GEN_BRAM.u_core/alu/u_mul/u_mul/GEN_ARRAY.u_mul/u_csa_row0/GEN_CSA_FA[1].u_fa/stage_carry[23]_54[28]
    SLICE_X1Y4           LUT5 (Prop_lut5_I3_O)        0.053    21.033 r  GEN_BRAM.u_core/alu/u_mul/u_mul/GEN_ARRAY.u_mul/u_csa_row0/GEN_CSA_FA[1].u_fa/result[28]_INST_0_i_26/O
                         net (fo=2, routed)           0.771    21.804    GEN_BRAM.u_core/alu/u_mul/u_mul/GEN_ARRAY.u_mul/u_csa_row0/GEN_CSA_FA[1].u_fa/stage_sum[24]_31[28]
    SLICE_X13Y6          LUT3 (Prop_lut3_I1_O)        0.053    21.857 r  GEN_BRAM.u_core/alu/u_mul/u_mul/GEN_ARRAY.u_mul/u_csa_row0/GEN_CSA_FA[1].u_fa/result[30]_INST_0_i_20/O
                         net (fo=2, routed)           0.304    22.162    GEN_BRAM.u_core/alu/u_mul/u_mul/GEN_ARRAY.u_mul/u_csa_row0/GEN_CSA_FA[1].u_fa/stage_carry[25]_55[29]
    SLICE_X13Y6          LUT5 (Prop_lut5_I3_O)        0.053    22.215 r  GEN_BRAM.u_core/alu/u_mul/u_mul/GEN_ARRAY.u_mul/u_csa_row0/GEN_CSA_FA[1].u_fa/result[30]_INST_0_i_14/O
                         net (fo=2, routed)           0.445    22.659    GEN_BRAM.u_core/alu/u_mul/u_mul/GEN_ARRAY.u_mul/u_csa_row0/GEN_CSA_FA[1].u_fa/stage_carry[26]_24[30]
    SLICE_X14Y7          LUT3 (Prop_lut3_I0_O)        0.053    22.712 r  GEN_BRAM.u_core/alu/u_mul/u_mul/GEN_ARRAY.u_mul/u_csa_row0/GEN_CSA_FA[1].u_fa/result[31]_INST_0_i_33/O
                         net (fo=2, routed)           0.467    23.180    GEN_BRAM.u_core/alu/u_mul/u_mul/GEN_ARRAY.u_mul/u_csa_row0/GEN_CSA_FA[1].u_fa/stage_carry[27]_56[31]
    SLICE_X14Y7          LUT5 (Prop_lut5_I3_O)        0.053    23.233 r  GEN_BRAM.u_core/alu/u_mul/u_mul/GEN_ARRAY.u_mul/u_csa_row0/GEN_CSA_FA[1].u_fa/result[31]_INST_0_i_18/O
                         net (fo=2, routed)           0.469    23.702    GEN_BRAM.u_core/alu/u_mul/u_mul/GEN_ARRAY.u_mul/u_csa_row0/GEN_CSA_FA[1].u_fa/stage_sum[28]_29[31]
    SLICE_X15Y7          LUT5 (Prop_lut5_I3_O)        0.053    23.755 r  GEN_BRAM.u_core/alu/u_mul/u_mul/GEN_ARRAY.u_mul/u_csa_row0/GEN_CSA_FA[1].u_fa/result[1]_INST_0_i_5/O
                         net (fo=4, routed)           0.571    24.325    GEN_BRAM.u_core/alu/u_mul/u_mul/GEN_ARRAY.u_mul/u_csa_row0/GEN_CSA_FA[1].u_fa/stage_carry[29]_59[32]
    SLICE_X11Y7          LUT5 (Prop_lut5_I3_O)        0.068    24.393 f  GEN_BRAM.u_core/alu/u_mul/u_mul/GEN_ARRAY.u_mul/u_csa_row0/GEN_CSA_FA[1].u_fa/result[1]_INST_0_i_6/O
                         net (fo=2, routed)           0.407    24.800    GEN_BRAM.u_core/alu/u_mul/u_mul/GEN_ARRAY.u_mul/u_csa_row0/GEN_CSA_FA[1].u_fa/u_final_cpa/GEN_FINAL_FA[32].u_fa/c2
    SLICE_X11Y8          LUT5 (Prop_lut5_I2_O)        0.180    24.980 f  GEN_BRAM.u_core/alu/u_mul/u_mul/GEN_ARRAY.u_mul/u_csa_row0/GEN_CSA_FA[1].u_fa/result[2]_INST_0_i_9/O
                         net (fo=2, routed)           0.448    25.428    GEN_BRAM.u_core/alu/u_mul/u_mul/GEN_ARRAY.u_mul/u_csa_row0/GEN_CSA_FA[1].u_fa/u_final_cpa/GEN_FINAL_FA[33].u_fa/c2
    SLICE_X11Y8          LUT5 (Prop_lut5_I2_O)        0.187    25.615 f  GEN_BRAM.u_core/alu/u_mul/u_mul/GEN_ARRAY.u_mul/u_csa_row0/GEN_CSA_FA[1].u_fa/result[4]_INST_0_i_14/O
                         net (fo=3, routed)           0.371    25.986    GEN_BRAM.u_core/alu/u_mul/u_mul/GEN_ARRAY.u_mul/u_csa_row0/GEN_CSA_FA[1].u_fa/u_final_cpa/c_35
    SLICE_X12Y9          LUT6 (Prop_lut6_I4_O)        0.169    26.155 f  GEN_BRAM.u_core/alu/u_mul/u_mul/GEN_ARRAY.u_mul/u_csa_row0/GEN_CSA_FA[1].u_fa/result[6]_INST_0_i_12/O
                         net (fo=3, routed)           0.518    26.673    GEN_BRAM.u_core/alu/u_mul/u_mul/GEN_ARRAY.u_mul/u_csa_row0/GEN_CSA_FA[1].u_fa/u_final_cpa/c_37
    SLICE_X12Y9          LUT6 (Prop_lut6_I4_O)        0.053    26.726 f  GEN_BRAM.u_core/alu/u_mul/u_mul/GEN_ARRAY.u_mul/u_csa_row0/GEN_CSA_FA[1].u_fa/result[8]_INST_0_i_13/O
                         net (fo=3, routed)           0.310    27.036    GEN_BRAM.u_core/alu/u_mul/u_mul/GEN_ARRAY.u_mul/u_csa_row0/GEN_CSA_FA[1].u_fa/u_final_cpa/c_39
    SLICE_X13Y9          LUT6 (Prop_lut6_I4_O)        0.053    27.089 f  GEN_BRAM.u_core/alu/u_mul/u_mul/GEN_ARRAY.u_mul/u_csa_row0/GEN_CSA_FA[1].u_fa/result[10]_INST_0_i_12/O
                         net (fo=3, routed)           0.343    27.432    GEN_BRAM.u_core/alu/u_mul/u_mul/GEN_ARRAY.u_mul/u_csa_row0/GEN_CSA_FA[1].u_fa/u_final_cpa/c_41
    SLICE_X13Y10         LUT6 (Prop_lut6_I4_O)        0.053    27.485 f  GEN_BRAM.u_core/alu/u_mul/u_mul/GEN_ARRAY.u_mul/u_csa_row0/GEN_CSA_FA[1].u_fa/result[12]_INST_0_i_13/O
                         net (fo=3, routed)           0.341    27.826    GEN_BRAM.u_core/alu/u_mul/u_mul/GEN_ARRAY.u_mul/u_csa_row0/GEN_CSA_FA[1].u_fa/u_final_cpa/c_43
    SLICE_X14Y11         LUT6 (Prop_lut6_I4_O)        0.053    27.879 f  GEN_BRAM.u_core/alu/u_mul/u_mul/GEN_ARRAY.u_mul/u_csa_row0/GEN_CSA_FA[1].u_fa/result[14]_INST_0_i_12/O
                         net (fo=3, routed)           0.222    28.101    GEN_BRAM.u_core/alu/u_mul/u_mul/GEN_ARRAY.u_mul/u_csa_row0/GEN_CSA_FA[1].u_fa/u_final_cpa/c_45
    SLICE_X14Y11         LUT6 (Prop_lut6_I4_O)        0.053    28.154 f  GEN_BRAM.u_core/alu/u_mul/u_mul/GEN_ARRAY.u_mul/u_csa_row0/GEN_CSA_FA[1].u_fa/result[16]_INST_0_i_13/O
                         net (fo=3, routed)           0.287    28.441    GEN_BRAM.u_core/alu/u_mul/u_mul/GEN_ARRAY.u_mul/u_csa_row0/GEN_CSA_FA[1].u_fa/u_final_cpa/c_47
    SLICE_X15Y11         LUT6 (Prop_lut6_I4_O)        0.053    28.494 f  GEN_BRAM.u_core/alu/u_mul/u_mul/GEN_ARRAY.u_mul/u_csa_row0/GEN_CSA_FA[1].u_fa/result[18]_INST_0_i_12/O
                         net (fo=3, routed)           0.338    28.832    GEN_BRAM.u_core/alu/u_mul/u_mul/GEN_ARRAY.u_mul/u_csa_row0/GEN_CSA_FA[1].u_fa/u_final_cpa/c_49
    SLICE_X14Y12         LUT6 (Prop_lut6_I4_O)        0.053    28.885 f  GEN_BRAM.u_core/alu/u_mul/u_mul/GEN_ARRAY.u_mul/u_csa_row0/GEN_CSA_FA[1].u_fa/result[20]_INST_0_i_13/O
                         net (fo=3, routed)           0.252    29.138    GEN_BRAM.u_core/alu/u_mul/u_mul/GEN_ARRAY.u_mul/u_csa_row0/GEN_CSA_FA[1].u_fa/u_final_cpa/c_51
    SLICE_X14Y13         LUT6 (Prop_lut6_I4_O)        0.053    29.191 f  GEN_BRAM.u_core/alu/u_mul/u_mul/GEN_ARRAY.u_mul/u_csa_row0/GEN_CSA_FA[1].u_fa/result[22]_INST_0_i_12/O
                         net (fo=3, routed)           0.300    29.491    GEN_BRAM.u_core/alu/u_mul/u_mul/GEN_ARRAY.u_mul/u_csa_row0/GEN_CSA_FA[1].u_fa/u_final_cpa/c_53
    SLICE_X13Y13         LUT6 (Prop_lut6_I4_O)        0.053    29.544 f  GEN_BRAM.u_core/alu/u_mul/u_mul/GEN_ARRAY.u_mul/u_csa_row0/GEN_CSA_FA[1].u_fa/result[24]_INST_0_i_13/O
                         net (fo=3, routed)           0.204    29.748    GEN_BRAM.u_core/alu/u_mul/u_mul/GEN_ARRAY.u_mul/u_csa_row0/GEN_CSA_FA[1].u_fa/u_final_cpa/c_55
    SLICE_X13Y13         LUT6 (Prop_lut6_I4_O)        0.053    29.801 f  GEN_BRAM.u_core/alu/u_mul/u_mul/GEN_ARRAY.u_mul/u_csa_row0/GEN_CSA_FA[1].u_fa/result[26]_INST_0_i_12/O
                         net (fo=3, routed)           0.367    30.169    GEN_BRAM.u_core/alu/u_mul/u_mul/GEN_ARRAY.u_mul/u_csa_row0/GEN_CSA_FA[1].u_fa/u_final_cpa/c_57
    SLICE_X13Y14         LUT6 (Prop_lut6_I4_O)        0.053    30.222 f  GEN_BRAM.u_core/alu/u_mul/u_mul/GEN_ARRAY.u_mul/u_csa_row0/GEN_CSA_FA[1].u_fa/result[28]_INST_0_i_13/O
                         net (fo=3, routed)           0.241    30.462    GEN_BRAM.u_core/alu/u_mul/u_mul/GEN_ARRAY.u_mul/u_csa_row0/GEN_CSA_FA[1].u_fa/u_final_cpa/c_59
    SLICE_X13Y14         LUT6 (Prop_lut6_I4_O)        0.053    30.515 f  GEN_BRAM.u_core/alu/u_mul/u_mul/GEN_ARRAY.u_mul/u_csa_row0/GEN_CSA_FA[1].u_fa/result[31]_INST_0_i_13/O
                         net (fo=3, routed)           0.340    30.855    GEN_BRAM.u_core/alu/u_mul/u_mul/GEN_ARRAY.u_mul/u_csa_row0/GEN_CSA_FA[1].u_fa/u_final_cpa/c_61
    SLICE_X13Y15         LUT6 (Prop_lut6_I4_O)        0.053    30.908 f  GEN_BRAM.u_core/alu/u_mul/u_mul/GEN_ARRAY.u_mul/u_csa_row0/GEN_CSA_FA[1].u_fa/result[31]_INST_0_i_4/O
                         net (fo=2, routed)           0.421    31.329    GEN_BRAM.u_core/alu/u_mul/u_mul/GEN_ARRAY.u_mul/u_csa_row0/GEN_CSA_FA[1].u_fa/u_final_cpa/GEN_FINAL_FA[62].u_fa/c2
    SLICE_X11Y15         LUT2 (Prop_lut2_I0_O)        0.053    31.382 r  GEN_BRAM.u_core/alu/u_mul/u_mul/GEN_ARRAY.u_mul/u_csa_row0/GEN_CSA_FA[1].u_fa/result[31]_INST_0_i_14/O
                         net (fo=1, routed)           0.000    31.382    GEN_BRAM.u_core/alu/u_mul/u_mul/GEN_ARRAY.u_mul/u_csa_row0/GEN_CSA_FA[1].u_fa/p_0_in[63]
    SLICE_X11Y15         CARRY4 (Prop_carry4_S[2]_O[2])
                                                      0.140    31.522 r  GEN_BRAM.u_core/alu/u_mul/u_mul/GEN_ARRAY.u_mul/u_csa_row0/GEN_CSA_FA[1].u_fa/result[31]_INST_0_i_6/O[2]
                         net (fo=1, routed)           0.296    31.818    GEN_BRAM.u_core/alu/u_mul/u_mul/GEN_ARRAY.u_mul/u_csa_row0/GEN_CSA_FA[1].u_fa/signed_product0[63]
    SLICE_X11Y16         LUT6 (Prop_lut6_I5_O)        0.152    31.970 r  GEN_BRAM.u_core/alu/u_mul/u_mul/GEN_ARRAY.u_mul/u_csa_row0/GEN_CSA_FA[1].u_fa/result[31]_INST_0/O
                         net (fo=1, routed)           0.471    32.442    GEN_BRAM.u_core/reg_file/result[27]
    SLICE_X11Y19         LUT6 (Prop_lut6_I2_O)        0.053    32.495 r  GEN_BRAM.u_core/reg_file/debug_alu_out_OBUF[31]_inst_i_7/O
                         net (fo=1, routed)           0.128    32.623    GEN_BRAM.u_core/reg_file/debug_alu_out_OBUF[31]_inst_i_7_n_0
    SLICE_X11Y19         LUT6 (Prop_lut6_I5_O)        0.053    32.676 r  GEN_BRAM.u_core/reg_file/debug_alu_out_OBUF[31]_inst_i_1/O
                         net (fo=3, routed)           0.152    32.828    GEN_BRAM.u_core/wb_mux/debug_alu_out_OBUF[31]
    SLICE_X11Y19         LUT6 (Prop_lut6_I0_O)        0.053    32.881 r  GEN_BRAM.u_core/wb_mux/registers_reg_r1_0_31_30_31__0_i_3/O
                         net (fo=1, routed)           0.294    33.175    GEN_BRAM.u_core/divider/wb_exec[31]
    SLICE_X11Y18         LUT6 (Prop_lut6_I5_O)        0.053    33.228 r  GEN_BRAM.u_core/divider/registers_reg_r1_0_31_30_31__0_i_1/O
                         net (fo=4, routed)           0.493    33.721    GEN_BRAM.u_core/reg_file/registers_reg_r2_0_31_30_31__0/D
    SLICE_X10Y15         RAMD32                                       r  GEN_BRAM.u_core/reg_file/registers_reg_r2_0_31_30_31__0/SP/I
  -------------------------------------------------------------------    -------------------

                         (clock sys_clk rise edge)   30.000    30.000 r  
    AD23                                              0.000    30.000 r  clk (IN)
                         net (fo=0)                   0.000    30.000    clk
    AD23                 IBUF (Prop_ibuf_I_O)         0.796    30.796 r  clk_IBUF_inst/O
                         net (fo=1, routed)           1.741    32.537    clk_IBUF
    BUFGCTRL_X0Y0        BUFG (Prop_bufg_I_O)         0.113    32.650 r  clk_IBUF_BUFG_inst/O
                         net (fo=350, routed)         1.539    34.189    GEN_BRAM.u_core/reg_file/registers_reg_r2_0_31_30_31__0/WCLK
    SLICE_X10Y15         RAMD32                                       r  GEN_BRAM.u_core/reg_file/registers_reg_r2_0_31_30_31__0/SP/CLK
                         clock pessimism              0.256    34.446    
                         clock uncertainty           -0.035    34.410    
    SLICE_X10Y15         RAMD32 (Setup_ramd32_CLK_I)
                                                     -0.159    34.251    GEN_BRAM.u_core/reg_file/registers_reg_r2_0_31_30_31__0/SP
  -------------------------------------------------------------------
                         required time                         34.251    
                         arrival time                         -33.721    
  -------------------------------------------------------------------
                         slack                                  0.530    

Slack (MET) :             0.621ns  (required time - arrival time)
  Source:                 GEN_BRAM.u_core/ir_reg[20]/C
                            (rising edge-triggered cell FDCE clocked by sys_clk  {rise@0.000ns fall@15.000ns period=30.000ns})
  Destination:            GEN_BRAM.u_core/reg_file/registers_reg_r2_0_31_30_31/DP/I
                            (rising edge-triggered cell RAMD32 clocked by sys_clk  {rise@0.000ns fall@15.000ns period=30.000ns})
  Path Group:             sys_clk
  Path Type:              Setup (Max at Slow Process Corner)
  Requirement:            30.000ns  (sys_clk rise@30.000ns - sys_clk rise@0.000ns)
  Data Path Delay:        28.989ns  (logic 3.997ns (13.788%)  route 24.992ns (86.212%))
  Logic Levels:           54  (CARRY4=1 LUT3=11 LUT4=1 LUT5=19 LUT6=21 RAMD32=1)
  Clock Path Skew:        -0.029ns (DCD - SCD + CPR)
    Destination Clock Delay (DCD):    4.189ns = ( 34.189 - 30.000 ) 
    Source Clock Delay      (SCD):    4.475ns
    Clock Pessimism Removal (CPR):    0.256ns
  Clock Uncertainty:      0.035ns  ((TSJ^2 + TIJ^2)^1/2 + DJ) / 2 + PE
    Total System Jitter     (TSJ):    0.071ns
    Total Input Jitter      (TIJ):    0.000ns
    Discrete Jitter          (DJ):    0.000ns
    Phase Error              (PE):    0.000ns

    Location             Delay type                Incr(ns)  Path(ns)    Netlist Resource(s)
  -------------------------------------------------------------------    -------------------
                         (clock sys_clk rise edge)    0.000     0.000 r  
    AD23                                              0.000     0.000 r  clk (IN)
                         net (fo=0)                   0.000     0.000    clk
    AD23                 IBUF (Prop_ibuf_I_O)         0.873     0.873 r  clk_IBUF_inst/O
                         net (fo=1, routed)           1.830     2.703    clk_IBUF
    BUFGCTRL_X0Y0        BUFG (Prop_bufg_I_O)         0.120     2.823 r  clk_IBUF_BUFG_inst/O
                         net (fo=350, routed)         1.652     4.475    GEN_BRAM.u_core/clk_IBUF_BUFG
    SLICE_X8Y12          FDCE                                         r  GEN_BRAM.u_core/ir_reg[20]/C
  -------------------------------------------------------------------    -------------------
    SLICE_X8Y12          FDCE (Prop_fdce_C_Q)         0.308     4.783 r  GEN_BRAM.u_core/ir_reg[20]/Q
                         net (fo=66, routed)          0.961     5.744    GEN_BRAM.u_core/reg_file/registers_reg_r2_0_31_30_31__0/DPRA0
    SLICE_X10Y15         RAMD32 (Prop_ramd32_RADR0_O)
                                                      0.053     5.797 f  GEN_BRAM.u_core/reg_file/registers_reg_r2_0_31_30_31__0/DP/O
                         net (fo=42, routed)          0.763     6.560    GEN_BRAM.u_core/alu_mux_b/dataR20[26]
    SLICE_X9Y18          LUT6 (Prop_lut6_I3_O)        0.053     6.613 r  GEN_BRAM.u_core/alu_mux_b/u_mul_i_1/O
                         net (fo=52, routed)          0.620     7.233    GEN_BRAM.u_core/alu/u_mul/u_mul/GEN_ARRAY.u_mul/u_csa_row0/GEN_CSA_FA[1].u_fa/result[30]_INST_0_i_11_n_0
    SLICE_X10Y11         LUT4 (Prop_lut4_I3_O)        0.056     7.289 r  GEN_BRAM.u_core/alu/u_mul/u_mul/GEN_ARRAY.u_mul/u_csa_row0/GEN_CSA_FA[1].u_fa/result[4]_INST_0_i_7/O
                         net (fo=111, routed)         1.034     8.323    GEN_BRAM.u_core/alu/u_mul/u_mul/GEN_ARRAY.u_mul/u_csa_row0/GEN_CSA_FA[1].u_fa/result[4]_INST_0_i_7_n_0
    SLICE_X6Y14          LUT6 (Prop_lut6_I4_O)        0.168     8.491 r  GEN_BRAM.u_core/alu/u_mul/u_mul/GEN_ARRAY.u_mul/u_csa_row0/GEN_CSA_FA[1].u_fa/result[14]_INST_0_i_130/O
                         net (fo=2, routed)           0.355     8.846    GEN_BRAM.u_core/alu/u_mul/u_mul/GEN_ARRAY.u_mul/u_csa_row0/GEN_CSA_FA[1].u_fa/pp[2]_91[13]
    SLICE_X6Y13          LUT6 (Prop_lut6_I5_O)        0.053     8.899 r  GEN_BRAM.u_core/alu/u_mul/u_mul/GEN_ARRAY.u_mul/u_csa_row0/GEN_CSA_FA[1].u_fa/result[14]_INST_0_i_114/O
                         net (fo=3, routed)           0.768     9.667    GEN_BRAM.u_core/alu/u_mul/u_mul/GEN_ARRAY.u_mul/u_csa_row0/GEN_CSA_FA[1].u_fa/stage_carry[0]_58[14]
    SLICE_X15Y13         LUT3 (Prop_lut3_I0_O)        0.053     9.720 r  GEN_BRAM.u_core/alu/u_mul/u_mul/GEN_ARRAY.u_mul/u_csa_row0/GEN_CSA_FA[1].u_fa/result[16]_INST_0_i_147/O
                         net (fo=2, routed)           0.241     9.961    GEN_BRAM.u_core/alu/u_mul/u_mul/GEN_ARRAY.u_mul/u_csa_row0/GEN_CSA_FA[1].u_fa/stage_carry[1]_43[15]
    SLICE_X17Y13         LUT5 (Prop_lut5_I3_O)        0.053    10.014 r  GEN_BRAM.u_core/alu/u_mul/u_mul/GEN_ARRAY.u_mul/u_csa_row0/GEN_CSA_FA[1].u_fa/result[16]_INST_0_i_125/O
                         net (fo=3, routed)           1.041    11.054    GEN_BRAM.u_core/alu/u_mul/u_mul/GEN_ARRAY.u_mul/u_csa_row0/GEN_CSA_FA[1].u_fa/stage_sum[2]_42[15]
    SLICE_X7Y13          LUT5 (Prop_lut5_I1_O)        0.053    11.107 r  GEN_BRAM.u_core/alu/u_mul/u_mul/GEN_ARRAY.u_mul/u_csa_row0/GEN_CSA_FA[1].u_fa/result[16]_INST_0_i_109/O
                         net (fo=3, routed)           0.720    11.827    GEN_BRAM.u_core/alu/u_mul/u_mul/GEN_ARRAY.u_mul/u_csa_row0/GEN_CSA_FA[1].u_fa/stage_carry[4]_2[16]
    SLICE_X16Y12         LUT3 (Prop_lut3_I0_O)        0.053    11.880 r  GEN_BRAM.u_core/alu/u_mul/u_mul/GEN_ARRAY.u_mul/u_csa_row0/GEN_CSA_FA[1].u_fa/result[18]_INST_0_i_112/O
                         net (fo=2, routed)           0.577    12.457    GEN_BRAM.u_core/alu/u_mul/u_mul/GEN_ARRAY.u_mul/u_csa_row0/GEN_CSA_FA[1].u_fa/stage_carry[5]_45[17]
    SLICE_X16Y10         LUT5 (Prop_lut5_I3_O)        0.053    12.510 r  GEN_BRAM.u_core/alu/u_mul/u_mul/GEN_ARRAY.u_mul/u_csa_row0/GEN_CSA_FA[1].u_fa/result[18]_INST_0_i_94/O
                         net (fo=3, routed)           0.643    13.153    GEN_BRAM.u_core/alu/u_mul/u_mul/GEN_ARRAY.u_mul/u_csa_row0/GEN_CSA_FA[1].u_fa/stage_carry[6]_4[18]
    SLICE_X16Y8          LUT3 (Prop_lut3_I0_O)        0.053    13.206 r  GEN_BRAM.u_core/alu/u_mul/u_mul/GEN_ARRAY.u_mul/u_csa_row0/GEN_CSA_FA[1].u_fa/result[20]_INST_0_i_127/O
                         net (fo=2, routed)           0.310    13.516    GEN_BRAM.u_core/alu/u_mul/u_mul/GEN_ARRAY.u_mul/u_csa_row0/GEN_CSA_FA[1].u_fa/stage_carry[7]_46[19]
    SLICE_X15Y8          LUT5 (Prop_lut5_I3_O)        0.053    13.569 r  GEN_BRAM.u_core/alu/u_mul/u_mul/GEN_ARRAY.u_mul/u_csa_row0/GEN_CSA_FA[1].u_fa/result[20]_INST_0_i_109/O
                         net (fo=3, routed)           0.416    13.985    GEN_BRAM.u_core/alu/u_mul/u_mul/GEN_ARRAY.u_mul/u_csa_row0/GEN_CSA_FA[1].u_fa/stage_carry[8]_6[20]
    SLICE_X15Y5          LUT3 (Prop_lut3_I0_O)        0.053    14.038 r  GEN_BRAM.u_core/alu/u_mul/u_mul/GEN_ARRAY.u_mul/u_csa_row0/GEN_CSA_FA[1].u_fa/result[22]_INST_0_i_107/O
                         net (fo=2, routed)           0.316    14.354    GEN_BRAM.u_core/alu/u_mul/u_mul/GEN_ARRAY.u_mul/u_csa_row0/GEN_CSA_FA[1].u_fa/stage_carry[9]_47[21]
    SLICE_X15Y5          LUT5 (Prop_lut5_I3_O)        0.053    14.407 r  GEN_BRAM.u_core/alu/u_mul/u_mul/GEN_ARRAY.u_mul/u_csa_row0/GEN_CSA_FA[1].u_fa/result[22]_INST_0_i_90/O
                         net (fo=3, routed)           0.526    14.933    GEN_BRAM.u_core/alu/u_mul/u_mul/GEN_ARRAY.u_mul/u_csa_row0/GEN_CSA_FA[1].u_fa/stage_sum[10]_38[21]
    SLICE_X6Y4           LUT3 (Prop_lut3_I1_O)        0.053    14.986 r  GEN_BRAM.u_core/alu/u_mul/u_mul/GEN_ARRAY.u_mul/u_csa_row0/GEN_CSA_FA[1].u_fa/result[22]_INST_0_i_97/O
                         net (fo=2, routed)           0.577    15.563    GEN_BRAM.u_core/alu/u_mul/u_mul/GEN_ARRAY.u_mul/u_csa_row0/GEN_CSA_FA[1].u_fa/stage_carry[11]_48[22]
    SLICE_X7Y4           LUT5 (Prop_lut5_I3_O)        0.053    15.616 r  GEN_BRAM.u_core/alu/u_mul/u_mul/GEN_ARRAY.u_mul/u_csa_row0/GEN_CSA_FA[1].u_fa/result[22]_INST_0_i_75/O
                         net (fo=3, routed)           0.322    15.938    GEN_BRAM.u_core/alu/u_mul/u_mul/GEN_ARRAY.u_mul/u_csa_row0/GEN_CSA_FA[1].u_fa/stage_sum[12]_37[22]
    SLICE_X6Y3           LUT3 (Prop_lut3_I1_O)        0.053    15.991 r  GEN_BRAM.u_core/alu/u_mul/u_mul/GEN_ARRAY.u_mul/u_csa_row0/GEN_CSA_FA[1].u_fa/result[24]_INST_0_i_102/O
                         net (fo=2, routed)           0.458    16.449    GEN_BRAM.u_core/alu/u_mul/u_mul/GEN_ARRAY.u_mul/u_csa_row0/GEN_CSA_FA[1].u_fa/stage_carry[13]_49[23]
    SLICE_X7Y3           LUT5 (Prop_lut5_I3_O)        0.053    16.502 r  GEN_BRAM.u_core/alu/u_mul/u_mul/GEN_ARRAY.u_mul/u_csa_row0/GEN_CSA_FA[1].u_fa/result[24]_INST_0_i_85/O
                         net (fo=3, routed)           0.571    17.073    GEN_BRAM.u_core/alu/u_mul/u_mul/GEN_ARRAY.u_mul/u_csa_row0/GEN_CSA_FA[1].u_fa/stage_sum[14]_36[23]
    SLICE_X5Y4           LUT5 (Prop_lut5_I1_O)        0.053    17.126 r  GEN_BRAM.u_core/alu/u_mul/u_mul/GEN_ARRAY.u_mul/u_csa_row0/GEN_CSA_FA[1].u_fa/result[24]_INST_0_i_65/O
                         net (fo=3, routed)           0.396    17.522    GEN_BRAM.u_core/alu/u_mul/u_mul/GEN_ARRAY.u_mul/u_csa_row0/GEN_CSA_FA[1].u_fa/stage_sum[16]_35[23]
    SLICE_X4Y5           LUT3 (Prop_lut3_I1_O)        0.053    17.575 r  GEN_BRAM.u_core/alu/u_mul/u_mul/GEN_ARRAY.u_mul/u_csa_row0/GEN_CSA_FA[1].u_fa/result[24]_INST_0_i_72/O
                         net (fo=2, routed)           0.466    18.041    GEN_BRAM.u_core/alu/u_mul/u_mul/GEN_ARRAY.u_mul/u_csa_row0/GEN_CSA_FA[1].u_fa/stage_carry[17]_51[24]
    SLICE_X4Y5           LUT5 (Prop_lut5_I3_O)        0.053    18.094 r  GEN_BRAM.u_core/alu/u_mul/u_mul/GEN_ARRAY.u_mul/u_csa_row0/GEN_CSA_FA[1].u_fa/result[26]_INST_0_i_49/O
                         net (fo=3, routed)           0.442    18.536    GEN_BRAM.u_core/alu/u_mul/u_mul/GEN_ARRAY.u_mul/u_csa_row0/GEN_CSA_FA[1].u_fa/stage_carry[18]_16[25]
    SLICE_X4Y3           LUT3 (Prop_lut3_I0_O)        0.053    18.589 r  GEN_BRAM.u_core/alu/u_mul/u_mul/GEN_ARRAY.u_mul/u_csa_row0/GEN_CSA_FA[1].u_fa/result[26]_INST_0_i_57/O
                         net (fo=2, routed)           0.415    19.004    GEN_BRAM.u_core/alu/u_mul/u_mul/GEN_ARRAY.u_mul/u_csa_row0/GEN_CSA_FA[1].u_fa/stage_carry[19]_52[26]
    SLICE_X3Y3           LUT5 (Prop_lut5_I3_O)        0.053    19.057 r  GEN_BRAM.u_core/alu/u_mul/u_mul/GEN_ARRAY.u_mul/u_csa_row0/GEN_CSA_FA[1].u_fa/result[26]_INST_0_i_35/O
                         net (fo=3, routed)           0.764    19.821    GEN_BRAM.u_core/alu/u_mul/u_mul/GEN_ARRAY.u_mul/u_csa_row0/GEN_CSA_FA[1].u_fa/stage_sum[20]_33[26]
    SLICE_X8Y5           LUT5 (Prop_lut5_I1_O)        0.053    19.874 r  GEN_BRAM.u_core/alu/u_mul/u_mul/GEN_ARRAY.u_mul/u_csa_row0/GEN_CSA_FA[1].u_fa/result[28]_INST_0_i_39/O
                         net (fo=3, routed)           0.641    20.515    GEN_BRAM.u_core/alu/u_mul/u_mul/GEN_ARRAY.u_mul/u_csa_row0/GEN_CSA_FA[1].u_fa/stage_carry[22]_20[27]
    SLICE_X2Y4           LUT3 (Prop_lut3_I0_O)        0.053    20.568 r  GEN_BRAM.u_core/alu/u_mul/u_mul/GEN_ARRAY.u_mul/u_csa_row0/GEN_CSA_FA[1].u_fa/result[28]_INST_0_i_47/O
                         net (fo=2, routed)           0.412    20.980    GEN_BRAM.u_core/alu/u_mul/u_mul/GEN_ARRAY.u_mul/u_csa_row0/GEN_CSA_FA[1].u_fa/stage_carry[23]_54[28]
    SLICE_X1Y4           LUT5 (Prop_lut5_I3_O)        0.053    21.033 r  GEN_BRAM.u_core/alu/u_mul/u_mul/GEN_ARRAY.u_mul/u_csa_row0/GEN_CSA_FA[1].u_fa/result[28]_INST_0_i_26/O
                         net (fo=2, routed)           0.771    21.804    GEN_BRAM.u_core/alu/u_mul/u_mul/GEN_ARRAY.u_mul/u_csa_row0/GEN_CSA_FA[1].u_fa/stage_sum[24]_31[28]
    SLICE_X13Y6          LUT3 (Prop_lut3_I1_O)        0.053    21.857 r  GEN_BRAM.u_core/alu/u_mul/u_mul/GEN_ARRAY.u_mul/u_csa_row0/GEN_CSA_FA[1].u_fa/result[30]_INST_0_i_20/O
                         net (fo=2, routed)           0.304    22.162    GEN_BRAM.u_core/alu/u_mul/u_mul/GEN_ARRAY.u_mul/u_csa_row0/GEN_CSA_FA[1].u_fa/stage_carry[25]_55[29]
    SLICE_X13Y6          LUT5 (Prop_lut5_I3_O)        0.053    22.215 r  GEN_BRAM.u_core/alu/u_mul/u_mul/GEN_ARRAY.u_mul/u_csa_row0/GEN_CSA_FA[1].u_fa/result[30]_INST_0_i_14/O
                         net (fo=2, routed)           0.445    22.659    GEN_BRAM.u_core/alu/u_mul/u_mul/GEN_ARRAY.u_mul/u_csa_row0/GEN_CSA_FA[1].u_fa/stage_carry[26]_24[30]
    SLICE_X14Y7          LUT3 (Prop_lut3_I0_O)        0.053    22.712 r  GEN_BRAM.u_core/alu/u_mul/u_mul/GEN_ARRAY.u_mul/u_csa_row0/GEN_CSA_FA[1].u_fa/result[31]_INST_0_i_33/O
                         net (fo=2, routed)           0.467    23.180    GEN_BRAM.u_core/alu/u_mul/u_mul/GEN_ARRAY.u_mul/u_csa_row0/GEN_CSA_FA[1].u_fa/stage_carry[27]_56[31]
    SLICE_X14Y7          LUT5 (Prop_lut5_I3_O)        0.053    23.233 r  GEN_BRAM.u_core/alu/u_mul/u_mul/GEN_ARRAY.u_mul/u_csa_row0/GEN_CSA_FA[1].u_fa/result[31]_INST_0_i_18/O
                         net (fo=2, routed)           0.469    23.702    GEN_BRAM.u_core/alu/u_mul/u_mul/GEN_ARRAY.u_mul/u_csa_row0/GEN_CSA_FA[1].u_fa/stage_sum[28]_29[31]
    SLICE_X15Y7          LUT5 (Prop_lut5_I3_O)        0.053    23.755 r  GEN_BRAM.u_core/alu/u_mul/u_mul/GEN_ARRAY.u_mul/u_csa_row0/GEN_CSA_FA[1].u_fa/result[1]_INST_0_i_5/O
                         net (fo=4, routed)           0.571    24.325    GEN_BRAM.u_core/alu/u_mul/u_mul/GEN_ARRAY.u_mul/u_csa_row0/GEN_CSA_FA[1].u_fa/stage_carry[29]_59[32]
    SLICE_X11Y7          LUT5 (Prop_lut5_I3_O)        0.068    24.393 r  GEN_BRAM.u_core/alu/u_mul/u_mul/GEN_ARRAY.u_mul/u_csa_row0/GEN_CSA_FA[1].u_fa/result[1]_INST_0_i_6/O
                         net (fo=2, routed)           0.407    24.800    GEN_BRAM.u_core/alu/u_mul/u_mul/GEN_ARRAY.u_mul/u_csa_row0/GEN_CSA_FA[1].u_fa/u_final_cpa/GEN_FINAL_FA[32].u_fa/c2
    SLICE_X11Y8          LUT5 (Prop_lut5_I2_O)        0.180    24.980 r  GEN_BRAM.u_core/alu/u_mul/u_mul/GEN_ARRAY.u_mul/u_csa_row0/GEN_CSA_FA[1].u_fa/result[2]_INST_0_i_9/O
                         net (fo=2, routed)           0.448    25.428    GEN_BRAM.u_core/alu/u_mul/u_mul/GEN_ARRAY.u_mul/u_csa_row0/GEN_CSA_FA[1].u_fa/u_final_cpa/GEN_FINAL_FA[33].u_fa/c2
    SLICE_X11Y8          LUT5 (Prop_lut5_I2_O)        0.187    25.615 r  GEN_BRAM.u_core/alu/u_mul/u_mul/GEN_ARRAY.u_mul/u_csa_row0/GEN_CSA_FA[1].u_fa/result[4]_INST_0_i_14/O
                         net (fo=3, routed)           0.371    25.986    GEN_BRAM.u_core/alu/u_mul/u_mul/GEN_ARRAY.u_mul/u_csa_row0/GEN_CSA_FA[1].u_fa/u_final_cpa/c_35
    SLICE_X12Y9          LUT6 (Prop_lut6_I4_O)        0.169    26.155 r  GEN_BRAM.u_core/alu/u_mul/u_mul/GEN_ARRAY.u_mul/u_csa_row0/GEN_CSA_FA[1].u_fa/result[6]_INST_0_i_12/O
                         net (fo=3, routed)           0.518    26.673    GEN_BRAM.u_core/alu/u_mul/u_mul/GEN_ARRAY.u_mul/u_csa_row0/GEN_CSA_FA[1].u_fa/u_final_cpa/c_37
    SLICE_X12Y9          LUT6 (Prop_lut6_I4_O)        0.053    26.726 r  GEN_BRAM.u_core/alu/u_mul/u_mul/GEN_ARRAY.u_mul/u_csa_row0/GEN_CSA_FA[1].u_fa/result[8]_INST_0_i_13/O
                         net (fo=3, routed)           0.310    27.036    GEN_BRAM.u_core/alu/u_mul/u_mul/GEN_ARRAY.u_mul/u_csa_row0/GEN_CSA_FA[1].u_fa/u_final_cpa/c_39
    SLICE_X13Y9          LUT6 (Prop_lut6_I4_O)        0.053    27.089 r  GEN_BRAM.u_core/alu/u_mul/u_mul/GEN_ARRAY.u_mul/u_csa_row0/GEN_CSA_FA[1].u_fa/result[10]_INST_0_i_12/O
                         net (fo=3, routed)           0.343    27.432    GEN_BRAM.u_core/alu/u_mul/u_mul/GEN_ARRAY.u_mul/u_csa_row0/GEN_CSA_FA[1].u_fa/u_final_cpa/c_41
    SLICE_X13Y10         LUT6 (Prop_lut6_I4_O)        0.053    27.485 r  GEN_BRAM.u_core/alu/u_mul/u_mul/GEN_ARRAY.u_mul/u_csa_row0/GEN_CSA_FA[1].u_fa/result[12]_INST_0_i_13/O
                         net (fo=3, routed)           0.341    27.826    GEN_BRAM.u_core/alu/u_mul/u_mul/GEN_ARRAY.u_mul/u_csa_row0/GEN_CSA_FA[1].u_fa/u_final_cpa/c_43
    SLICE_X14Y11         LUT6 (Prop_lut6_I4_O)        0.053    27.879 r  GEN_BRAM.u_core/alu/u_mul/u_mul/GEN_ARRAY.u_mul/u_csa_row0/GEN_CSA_FA[1].u_fa/result[14]_INST_0_i_12/O
                         net (fo=3, routed)           0.222    28.101    GEN_BRAM.u_core/alu/u_mul/u_mul/GEN_ARRAY.u_mul/u_csa_row0/GEN_CSA_FA[1].u_fa/u_final_cpa/c_45
    SLICE_X14Y11         LUT6 (Prop_lut6_I4_O)        0.053    28.154 r  GEN_BRAM.u_core/alu/u_mul/u_mul/GEN_ARRAY.u_mul/u_csa_row0/GEN_CSA_FA[1].u_fa/result[16]_INST_0_i_13/O
                         net (fo=3, routed)           0.287    28.441    GEN_BRAM.u_core/alu/u_mul/u_mul/GEN_ARRAY.u_mul/u_csa_row0/GEN_CSA_FA[1].u_fa/u_final_cpa/c_47
    SLICE_X15Y11         LUT6 (Prop_lut6_I4_O)        0.053    28.494 r  GEN_BRAM.u_core/alu/u_mul/u_mul/GEN_ARRAY.u_mul/u_csa_row0/GEN_CSA_FA[1].u_fa/result[18]_INST_0_i_12/O
                         net (fo=3, routed)           0.338    28.832    GEN_BRAM.u_core/alu/u_mul/u_mul/GEN_ARRAY.u_mul/u_csa_row0/GEN_CSA_FA[1].u_fa/u_final_cpa/c_49
    SLICE_X14Y12         LUT6 (Prop_lut6_I4_O)        0.053    28.885 r  GEN_BRAM.u_core/alu/u_mul/u_mul/GEN_ARRAY.u_mul/u_csa_row0/GEN_CSA_FA[1].u_fa/result[20]_INST_0_i_13/O
                         net (fo=3, routed)           0.252    29.138    GEN_BRAM.u_core/alu/u_mul/u_mul/GEN_ARRAY.u_mul/u_csa_row0/GEN_CSA_FA[1].u_fa/u_final_cpa/c_51
    SLICE_X14Y13         LUT6 (Prop_lut6_I4_O)        0.053    29.191 r  GEN_BRAM.u_core/alu/u_mul/u_mul/GEN_ARRAY.u_mul/u_csa_row0/GEN_CSA_FA[1].u_fa/result[22]_INST_0_i_12/O
                         net (fo=3, routed)           0.300    29.491    GEN_BRAM.u_core/alu/u_mul/u_mul/GEN_ARRAY.u_mul/u_csa_row0/GEN_CSA_FA[1].u_fa/u_final_cpa/c_53
    SLICE_X13Y13         LUT6 (Prop_lut6_I4_O)        0.053    29.544 r  GEN_BRAM.u_core/alu/u_mul/u_mul/GEN_ARRAY.u_mul/u_csa_row0/GEN_CSA_FA[1].u_fa/result[24]_INST_0_i_13/O
                         net (fo=3, routed)           0.204    29.748    GEN_BRAM.u_core/alu/u_mul/u_mul/GEN_ARRAY.u_mul/u_csa_row0/GEN_CSA_FA[1].u_fa/u_final_cpa/c_55
    SLICE_X13Y13         LUT6 (Prop_lut6_I4_O)        0.053    29.801 r  GEN_BRAM.u_core/alu/u_mul/u_mul/GEN_ARRAY.u_mul/u_csa_row0/GEN_CSA_FA[1].u_fa/result[26]_INST_0_i_12/O
                         net (fo=3, routed)           0.367    30.169    GEN_BRAM.u_core/alu/u_mul/u_mul/GEN_ARRAY.u_mul/u_csa_row0/GEN_CSA_FA[1].u_fa/u_final_cpa/c_57
    SLICE_X13Y14         LUT6 (Prop_lut6_I4_O)        0.053    30.222 r  GEN_BRAM.u_core/alu/u_mul/u_mul/GEN_ARRAY.u_mul/u_csa_row0/GEN_CSA_FA[1].u_fa/result[28]_INST_0_i_13/O
                         net (fo=3, routed)           0.241    30.462    GEN_BRAM.u_core/alu/u_mul/u_mul/GEN_ARRAY.u_mul/u_csa_row0/GEN_CSA_FA[1].u_fa/u_final_cpa/c_59
    SLICE_X13Y14         LUT6 (Prop_lut6_I4_O)        0.053    30.515 r  GEN_BRAM.u_core/alu/u_mul/u_mul/GEN_ARRAY.u_mul/u_csa_row0/GEN_CSA_FA[1].u_fa/result[31]_INST_0_i_13/O
                         net (fo=3, routed)           0.369    30.884    GEN_BRAM.u_core/alu/u_mul/u_mul/GEN_ARRAY.u_mul/u_csa_row0/GEN_CSA_FA[1].u_fa/u_final_cpa/c_61
    SLICE_X11Y15         LUT5 (Prop_lut5_I4_O)        0.053    30.937 r  GEN_BRAM.u_core/alu/u_mul/u_mul/GEN_ARRAY.u_mul/u_csa_row0/GEN_CSA_FA[1].u_fa/result[29]_INST_0_i_2/O
                         net (fo=2, routed)           0.000    30.937    GEN_BRAM.u_core/alu/u_mul/u_mul/GEN_ARRAY.u_mul/u_csa_row0/GEN_CSA_FA[1].u_fa/p_0_in[61]
    SLICE_X11Y15         CARRY4 (Prop_carry4_S[0]_O[1])
                                                      0.271    31.208 r  GEN_BRAM.u_core/alu/u_mul/u_mul/GEN_ARRAY.u_mul/u_csa_row0/GEN_CSA_FA[1].u_fa/result[31]_INST_0_i_6/O[1]
                         net (fo=1, routed)           0.428    31.636    GEN_BRAM.u_core/alu/u_mul/u_mul/GEN_ARRAY.u_mul/u_csa_row0/GEN_CSA_FA[1].u_fa/signed_product0[62]
    SLICE_X13Y15         LUT6 (Prop_lut6_I5_O)        0.152    31.788 r  GEN_BRAM.u_core/alu/u_mul/u_mul/GEN_ARRAY.u_mul/u_csa_row0/GEN_CSA_FA[1].u_fa/result[30]_INST_0/O
                         net (fo=1, routed)           0.377    32.165    GEN_BRAM.u_core/reg_file/result[26]
    SLICE_X14Y16         LUT6 (Prop_lut6_I2_O)        0.053    32.218 r  GEN_BRAM.u_core/reg_file/debug_alu_out_OBUF[30]_inst_i_4/O
                         net (fo=1, routed)           0.235    32.453    GEN_BRAM.u_core/reg_file/debug_alu_out_OBUF[30]_inst_i_4_n_0
    SLICE_X15Y17         LUT6 (Prop_lut6_I5_O)        0.053    32.506 r  GEN_BRAM.u_core/reg_file/debug_alu_out_OBUF[30]_inst_i_1/O
                         net (fo=3, routed)           0.152    32.658    GEN_BRAM.u_core/wb_mux/debug_alu_out_OBUF[30]
    SLICE_X15Y17         LUT6 (Prop_lut6_I0_O)        0.053    32.711 r  GEN_BRAM.u_core/wb_mux/registers_reg_r1_0_31_30_31_i_3/O
                         net (fo=1, routed)           0.447    33.158    GEN_BRAM.u_core/divider/wb_exec[30]
    SLICE_X11Y16         LUT6 (Prop_lut6_I5_O)        0.053    33.211 r  GEN_BRAM.u_core/divider/registers_reg_r1_0_31_30_31_i_1/O
                         net (fo=4, routed)           0.253    33.464    GEN_BRAM.u_core/reg_file/registers_reg_r2_0_31_30_31/D
    SLICE_X10Y15         RAMD32                                       r  GEN_BRAM.u_core/reg_file/registers_reg_r2_0_31_30_31/DP/I
  -------------------------------------------------------------------    -------------------

                         (clock sys_clk rise edge)   30.000    30.000 r  
    AD23                                              0.000    30.000 r  clk (IN)
                         net (fo=0)                   0.000    30.000    clk
    AD23                 IBUF (Prop_ibuf_I_O)         0.796    30.796 r  clk_IBUF_inst/O
                         net (fo=1, routed)           1.741    32.537    clk_IBUF
    BUFGCTRL_X0Y0        BUFG (Prop_bufg_I_O)         0.113    32.650 r  clk_IBUF_BUFG_inst/O
                         net (fo=350, routed)         1.539    34.189    GEN_BRAM.u_core/reg_file/registers_reg_r2_0_31_30_31/WCLK
    SLICE_X10Y15         RAMD32                                       r  GEN_BRAM.u_core/reg_file/registers_reg_r2_0_31_30_31/DP/CLK
                         clock pessimism              0.256    34.446    
                         clock uncertainty           -0.035    34.410    
    SLICE_X10Y15         RAMD32 (Setup_ramd32_CLK_I)
                                                     -0.326    34.084    GEN_BRAM.u_core/reg_file/registers_reg_r2_0_31_30_31/DP
  -------------------------------------------------------------------
                         required time                         34.084    
                         arrival time                         -33.464    
  -------------------------------------------------------------------
                         slack                                  0.621    

Slack (MET) :             0.646ns  (required time - arrival time)
  Source:                 GEN_BRAM.u_core/ir_reg[20]/C
                            (rising edge-triggered cell FDCE clocked by sys_clk  {rise@0.000ns fall@15.000ns period=30.000ns})
  Destination:            GEN_BRAM.u_core/reg_file/registers_reg_r1_0_31_30_31__0/DP/I
                            (rising edge-triggered cell RAMD32 clocked by sys_clk  {rise@0.000ns fall@15.000ns period=30.000ns})
  Path Group:             sys_clk
  Path Type:              Setup (Max at Slow Process Corner)
  Requirement:            30.000ns  (sys_clk rise@30.000ns - sys_clk rise@0.000ns)
  Data Path Delay:        29.112ns  (logic 3.919ns (13.462%)  route 25.193ns (86.538%))
  Logic Levels:           55  (CARRY4=1 LUT2=1 LUT3=11 LUT4=1 LUT5=18 LUT6=22 RAMD32=1)
  Clock Path Skew:        -0.029ns (DCD - SCD + CPR)
    Destination Clock Delay (DCD):    4.189ns = ( 34.189 - 30.000 ) 
    Source Clock Delay      (SCD):    4.475ns
    Clock Pessimism Removal (CPR):    0.256ns
  Clock Uncertainty:      0.035ns  ((TSJ^2 + TIJ^2)^1/2 + DJ) / 2 + PE
    Total System Jitter     (TSJ):    0.071ns
    Total Input Jitter      (TIJ):    0.000ns
    Discrete Jitter          (DJ):    0.000ns
    Phase Error              (PE):    0.000ns

    Location             Delay type                Incr(ns)  Path(ns)    Netlist Resource(s)
  -------------------------------------------------------------------    -------------------
                         (clock sys_clk rise edge)    0.000     0.000 r  
    AD23                                              0.000     0.000 r  clk (IN)
                         net (fo=0)                   0.000     0.000    clk
    AD23                 IBUF (Prop_ibuf_I_O)         0.873     0.873 r  clk_IBUF_inst/O
                         net (fo=1, routed)           1.830     2.703    clk_IBUF
    BUFGCTRL_X0Y0        BUFG (Prop_bufg_I_O)         0.120     2.823 r  clk_IBUF_BUFG_inst/O
                         net (fo=350, routed)         1.652     4.475    GEN_BRAM.u_core/clk_IBUF_BUFG
    SLICE_X8Y12          FDCE                                         r  GEN_BRAM.u_core/ir_reg[20]/C
  -------------------------------------------------------------------    -------------------
    SLICE_X8Y12          FDCE (Prop_fdce_C_Q)         0.308     4.783 r  GEN_BRAM.u_core/ir_reg[20]/Q
                         net (fo=66, routed)          0.961     5.744    GEN_BRAM.u_core/reg_file/registers_reg_r2_0_31_30_31__0/DPRA0
    SLICE_X10Y15         RAMD32 (Prop_ramd32_RADR0_O)
                                                      0.053     5.797 f  GEN_BRAM.u_core/reg_file/registers_reg_r2_0_31_30_31__0/DP/O
                         net (fo=42, routed)          0.763     6.560    GEN_BRAM.u_core/alu_mux_b/dataR20[26]
    SLICE_X9Y18          LUT6 (Prop_lut6_I3_O)        0.053     6.613 r  GEN_BRAM.u_core/alu_mux_b/u_mul_i_1/O
                         net (fo=52, routed)          0.620     7.233    GEN_BRAM.u_core/alu/u_mul/u_mul/GEN_ARRAY.u_mul/u_csa_row0/GEN_CSA_FA[1].u_fa/result[30]_INST_0_i_11_n_0
    SLICE_X10Y11         LUT4 (Prop_lut4_I3_O)        0.056     7.289 r  GEN_BRAM.u_core/alu/u_mul/u_mul/GEN_ARRAY.u_mul/u_csa_row0/GEN_CSA_FA[1].u_fa/result[4]_INST_0_i_7/O
                         net (fo=111, routed)         1.034     8.323    GEN_BRAM.u_core/alu/u_mul/u_mul/GEN_ARRAY.u_mul/u_csa_row0/GEN_CSA_FA[1].u_fa/result[4]_INST_0_i_7_n_0
    SLICE_X6Y14          LUT6 (Prop_lut6_I4_O)        0.168     8.491 r  GEN_BRAM.u_core/alu/u_mul/u_mul/GEN_ARRAY.u_mul/u_csa_row0/GEN_CSA_FA[1].u_fa/result[14]_INST_0_i_130/O
                         net (fo=2, routed)           0.355     8.846    GEN_BRAM.u_core/alu/u_mul/u_mul/GEN_ARRAY.u_mul/u_csa_row0/GEN_CSA_FA[1].u_fa/pp[2]_91[13]
    SLICE_X6Y13          LUT6 (Prop_lut6_I5_O)        0.053     8.899 r  GEN_BRAM.u_core/alu/u_mul/u_mul/GEN_ARRAY.u_mul/u_csa_row0/GEN_CSA_FA[1].u_fa/result[14]_INST_0_i_114/O
                         net (fo=3, routed)           0.768     9.667    GEN_BRAM.u_core/alu/u_mul/u_mul/GEN_ARRAY.u_mul/u_csa_row0/GEN_CSA_FA[1].u_fa/stage_carry[0]_58[14]
    SLICE_X15Y13         LUT3 (Prop_lut3_I0_O)        0.053     9.720 r  GEN_BRAM.u_core/alu/u_mul/u_mul/GEN_ARRAY.u_mul/u_csa_row0/GEN_CSA_FA[1].u_fa/result[16]_INST_0_i_147/O
                         net (fo=2, routed)           0.241     9.961    GEN_BRAM.u_core/alu/u_mul/u_mul/GEN_ARRAY.u_mul/u_csa_row0/GEN_CSA_FA[1].u_fa/stage_carry[1]_43[15]
    SLICE_X17Y13         LUT5 (Prop_lut5_I3_O)        0.053    10.014 r  GEN_BRAM.u_core/alu/u_mul/u_mul/GEN_ARRAY.u_mul/u_csa_row0/GEN_CSA_FA[1].u_fa/result[16]_INST_0_i_125/O
                         net (fo=3, routed)           1.041    11.054    GEN_BRAM.u_core/alu/u_mul/u_mul/GEN_ARRAY.u_mul/u_csa_row0/GEN_CSA_FA[1].u_fa/stage_sum[2]_42[15]
    SLICE_X7Y13          LUT5 (Prop_lut5_I1_O)        0.053    11.107 r  GEN_BRAM.u_core/alu/u_mul/u_mul/GEN_ARRAY.u_mul/u_csa_row0/GEN_CSA_FA[1].u_fa/result[16]_INST_0_i_109/O
                         net (fo=3, routed)           0.720    11.827    GEN_BRAM.u_core/alu/u_mul/u_mul/GEN_ARRAY.u_mul/u_csa_row0/GEN_CSA_FA[1].u_fa/stage_carry[4]_2[16]
    SLICE_X16Y12         LUT3 (Prop_lut3_I0_O)        0.053    11.880 r  GEN_BRAM.u_core/alu/u_mul/u_mul/GEN_ARRAY.u_mul/u_csa_row0/GEN_CSA_FA[1].u_fa/result[18]_INST_0_i_112/O
                         net (fo=2, routed)           0.577    12.457    GEN_BRAM.u_core/alu/u_mul/u_mul/GEN_ARRAY.u_mul/u_csa_row0/GEN_CSA_FA[1].u_fa/stage_carry[5]_45[17]
    SLICE_X16Y10         LUT5 (Prop_lut5_I3_O)        0.053    12.510 r  GEN_BRAM.u_core/alu/u_mul/u_mul/GEN_ARRAY.u_mul/u_csa_row0/GEN_CSA_FA[1].u_fa/result[18]_INST_0_i_94/O
                         net (fo=3, routed)           0.643    13.153    GEN_BRAM.u_core/alu/u_mul/u_mul/GEN_ARRAY.u_mul/u_csa_row0/GEN_CSA_FA[1].u_fa/stage_carry[6]_4[18]
    SLICE_X16Y8          LUT3 (Prop_lut3_I0_O)        0.053    13.206 r  GEN_BRAM.u_core/alu/u_mul/u_mul/GEN_ARRAY.u_mul/u_csa_row0/GEN_CSA_FA[1].u_fa/result[20]_INST_0_i_127/O
                         net (fo=2, routed)           0.310    13.516    GEN_BRAM.u_core/alu/u_mul/u_mul/GEN_ARRAY.u_mul/u_csa_row0/GEN_CSA_FA[1].u_fa/stage_carry[7]_46[19]
    SLICE_X15Y8          LUT5 (Prop_lut5_I3_O)        0.053    13.569 r  GEN_BRAM.u_core/alu/u_mul/u_mul/GEN_ARRAY.u_mul/u_csa_row0/GEN_CSA_FA[1].u_fa/result[20]_INST_0_i_109/O
                         net (fo=3, routed)           0.416    13.985    GEN_BRAM.u_core/alu/u_mul/u_mul/GEN_ARRAY.u_mul/u_csa_row0/GEN_CSA_FA[1].u_fa/stage_carry[8]_6[20]
    SLICE_X15Y5          LUT3 (Prop_lut3_I0_O)        0.053    14.038 r  GEN_BRAM.u_core/alu/u_mul/u_mul/GEN_ARRAY.u_mul/u_csa_row0/GEN_CSA_FA[1].u_fa/result[22]_INST_0_i_107/O
                         net (fo=2, routed)           0.316    14.354    GEN_BRAM.u_core/alu/u_mul/u_mul/GEN_ARRAY.u_mul/u_csa_row0/GEN_CSA_FA[1].u_fa/stage_carry[9]_47[21]
    SLICE_X15Y5          LUT5 (Prop_lut5_I3_O)        0.053    14.407 r  GEN_BRAM.u_core/alu/u_mul/u_mul/GEN_ARRAY.u_mul/u_csa_row0/GEN_CSA_FA[1].u_fa/result[22]_INST_0_i_90/O
                         net (fo=3, routed)           0.526    14.933    GEN_BRAM.u_core/alu/u_mul/u_mul/GEN_ARRAY.u_mul/u_csa_row0/GEN_CSA_FA[1].u_fa/stage_sum[10]_38[21]
    SLICE_X6Y4           LUT3 (Prop_lut3_I1_O)        0.053    14.986 r  GEN_BRAM.u_core/alu/u_mul/u_mul/GEN_ARRAY.u_mul/u_csa_row0/GEN_CSA_FA[1].u_fa/result[22]_INST_0_i_97/O
                         net (fo=2, routed)           0.577    15.563    GEN_BRAM.u_core/alu/u_mul/u_mul/GEN_ARRAY.u_mul/u_csa_row0/GEN_CSA_FA[1].u_fa/stage_carry[11]_48[22]
    SLICE_X7Y4           LUT5 (Prop_lut5_I3_O)        0.053    15.616 r  GEN_BRAM.u_core/alu/u_mul/u_mul/GEN_ARRAY.u_mul/u_csa_row0/GEN_CSA_FA[1].u_fa/result[22]_INST_0_i_75/O
                         net (fo=3, routed)           0.322    15.938    GEN_BRAM.u_core/alu/u_mul/u_mul/GEN_ARRAY.u_mul/u_csa_row0/GEN_CSA_FA[1].u_fa/stage_sum[12]_37[22]
    SLICE_X6Y3           LUT3 (Prop_lut3_I1_O)        0.053    15.991 r  GEN_BRAM.u_core/alu/u_mul/u_mul/GEN_ARRAY.u_mul/u_csa_row0/GEN_CSA_FA[1].u_fa/result[24]_INST_0_i_102/O
                         net (fo=2, routed)           0.458    16.449    GEN_BRAM.u_core/alu/u_mul/u_mul/GEN_ARRAY.u_mul/u_csa_row0/GEN_CSA_FA[1].u_fa/stage_carry[13]_49[23]
    SLICE_X7Y3           LUT5 (Prop_lut5_I3_O)        0.053    16.502 r  GEN_BRAM.u_core/alu/u_mul/u_mul/GEN_ARRAY.u_mul/u_csa_row0/GEN_CSA_FA[1].u_fa/result[24]_INST_0_i_85/O
                         net (fo=3, routed)           0.571    17.073    GEN_BRAM.u_core/alu/u_mul/u_mul/GEN_ARRAY.u_mul/u_csa_row0/GEN_CSA_FA[1].u_fa/stage_sum[14]_36[23]
    SLICE_X5Y4           LUT5 (Prop_lut5_I1_O)        0.053    17.126 r  GEN_BRAM.u_core/alu/u_mul/u_mul/GEN_ARRAY.u_mul/u_csa_row0/GEN_CSA_FA[1].u_fa/result[24]_INST_0_i_65/O
                         net (fo=3, routed)           0.396    17.522    GEN_BRAM.u_core/alu/u_mul/u_mul/GEN_ARRAY.u_mul/u_csa_row0/GEN_CSA_FA[1].u_fa/stage_sum[16]_35[23]
    SLICE_X4Y5           LUT3 (Prop_lut3_I1_O)        0.053    17.575 r  GEN_BRAM.u_core/alu/u_mul/u_mul/GEN_ARRAY.u_mul/u_csa_row0/GEN_CSA_FA[1].u_fa/result[24]_INST_0_i_72/O
                         net (fo=2, routed)           0.466    18.041    GEN_BRAM.u_core/alu/u_mul/u_mul/GEN_ARRAY.u_mul/u_csa_row0/GEN_CSA_FA[1].u_fa/stage_carry[17]_51[24]
    SLICE_X4Y5           LUT5 (Prop_lut5_I3_O)        0.053    18.094 r  GEN_BRAM.u_core/alu/u_mul/u_mul/GEN_ARRAY.u_mul/u_csa_row0/GEN_CSA_FA[1].u_fa/result[26]_INST_0_i_49/O
                         net (fo=3, routed)           0.442    18.536    GEN_BRAM.u_core/alu/u_mul/u_mul/GEN_ARRAY.u_mul/u_csa_row0/GEN_CSA_FA[1].u_fa/stage_carry[18]_16[25]
    SLICE_X4Y3           LUT3 (Prop_lut3_I0_O)        0.053    18.589 r  GEN_BRAM.u_core/alu/u_mul/u_mul/GEN_ARRAY.u_mul/u_csa_row0/GEN_CSA_FA[1].u_fa/result[26]_INST_0_i_57/O
                         net (fo=2, routed)           0.415    19.004    GEN_BRAM.u_core/alu/u_mul/u_mul/GEN_ARRAY.u_mul/u_csa_row0/GEN_CSA_FA[1].u_fa/stage_carry[19]_52[26]
    SLICE_X3Y3           LUT5 (Prop_lut5_I3_O)        0.053    19.057 r  GEN_BRAM.u_core/alu/u_mul/u_mul/GEN_ARRAY.u_mul/u_csa_row0/GEN_CSA_FA[1].u_fa/result[26]_INST_0_i_35/O
                         net (fo=3, routed)           0.764    19.821    GEN_BRAM.u_core/alu/u_mul/u_mul/GEN_ARRAY.u_mul/u_csa_row0/GEN_CSA_FA[1].u_fa/stage_sum[20]_33[26]
    SLICE_X8Y5           LUT5 (Prop_lut5_I1_O)        0.053    19.874 r  GEN_BRAM.u_core/alu/u_mul/u_mul/GEN_ARRAY.u_mul/u_csa_row0/GEN_CSA_FA[1].u_fa/result[28]_INST_0_i_39/O
                         net (fo=3, routed)           0.641    20.515    GEN_BRAM.u_core/alu/u_mul/u_mul/GEN_ARRAY.u_mul/u_csa_row0/GEN_CSA_FA[1].u_fa/stage_carry[22]_20[27]
    SLICE_X2Y4           LUT3 (Prop_lut3_I0_O)        0.053    20.568 r  GEN_BRAM.u_core/alu/u_mul/u_mul/GEN_ARRAY.u_mul/u_csa_row0/GEN_CSA_FA[1].u_fa/result[28]_INST_0_i_47/O
                         net (fo=2, routed)           0.412    20.980    GEN_BRAM.u_core/alu/u_mul/u_mul/GEN_ARRAY.u_mul/u_csa_row0/GEN_CSA_FA[1].u_fa/stage_carry[23]_54[28]
    SLICE_X1Y4           LUT5 (Prop_lut5_I3_O)        0.053    21.033 r  GEN_BRAM.u_core/alu/u_mul/u_mul/GEN_ARRAY.u_mul/u_csa_row0/GEN_CSA_FA[1].u_fa/result[28]_INST_0_i_26/O
                         net (fo=2, routed)           0.771    21.804    GEN_BRAM.u_core/alu/u_mul/u_mul/GEN_ARRAY.u_mul/u_csa_row0/GEN_CSA_FA[1].u_fa/stage_sum[24]_31[28]
    SLICE_X13Y6          LUT3 (Prop_lut3_I1_O)        0.053    21.857 r  GEN_BRAM.u_core/alu/u_mul/u_mul/GEN_ARRAY.u_mul/u_csa_row0/GEN_CSA_FA[1].u_fa/result[30]_INST_0_i_20/O
                         net (fo=2, routed)           0.304    22.162    GEN_BRAM.u_core/alu/u_mul/u_mul/GEN_ARRAY.u_mul/u_csa_row0/GEN_CSA_FA[1].u_fa/stage_carry[25]_55[29]
    SLICE_X13Y6          LUT5 (Prop_lut5_I3_O)        0.053    22.215 r  GEN_BRAM.u_core/alu/u_mul/u_mul/GEN_ARRAY.u_mul/u_csa_row0/GEN_CSA_FA[1].u_fa/result[30]_INST_0_i_14/O
                         net (fo=2, routed)           0.445    22.659    GEN_BRAM.u_core/alu/u_mul/u_mul/GEN_ARRAY.u_mul/u_csa_row0/GEN_CSA_FA[1].u_fa/stage_carry[26]_24[30]
    SLICE_X14Y7          LUT3 (Prop_lut3_I0_O)        0.053    22.712 r  GEN_BRAM.u_core/alu/u_mul/u_mul/GEN_ARRAY.u_mul/u_csa_row0/GEN_CSA_FA[1].u_fa/result[31]_INST_0_i_33/O
                         net (fo=2, routed)           0.467    23.180    GEN_BRAM.u_core/alu/u_mul/u_mul/GEN_ARRAY.u_mul/u_csa_row0/GEN_CSA_FA[1].u_fa/stage_carry[27]_56[31]
    SLICE_X14Y7          LUT5 (Prop_lut5_I3_O)        0.053    23.233 r  GEN_BRAM.u_core/alu/u_mul/u_mul/GEN_ARRAY.u_mul/u_csa_row0/GEN_CSA_FA[1].u_fa/result[31]_INST_0_i_18/O
                         net (fo=2, routed)           0.469    23.702    GEN_BRAM.u_core/alu/u_mul/u_mul/GEN_ARRAY.u_mul/u_csa_row0/GEN_CSA_FA[1].u_fa/stage_sum[28]_29[31]
    SLICE_X15Y7          LUT5 (Prop_lut5_I3_O)        0.053    23.755 r  GEN_BRAM.u_core/alu/u_mul/u_mul/GEN_ARRAY.u_mul/u_csa_row0/GEN_CSA_FA[1].u_fa/result[1]_INST_0_i_5/O
                         net (fo=4, routed)           0.571    24.325    GEN_BRAM.u_core/alu/u_mul/u_mul/GEN_ARRAY.u_mul/u_csa_row0/GEN_CSA_FA[1].u_fa/stage_carry[29]_59[32]
    SLICE_X11Y7          LUT5 (Prop_lut5_I3_O)        0.068    24.393 f  GEN_BRAM.u_core/alu/u_mul/u_mul/GEN_ARRAY.u_mul/u_csa_row0/GEN_CSA_FA[1].u_fa/result[1]_INST_0_i_6/O
                         net (fo=2, routed)           0.407    24.800    GEN_BRAM.u_core/alu/u_mul/u_mul/GEN_ARRAY.u_mul/u_csa_row0/GEN_CSA_FA[1].u_fa/u_final_cpa/GEN_FINAL_FA[32].u_fa/c2
    SLICE_X11Y8          LUT5 (Prop_lut5_I2_O)        0.180    24.980 f  GEN_BRAM.u_core/alu/u_mul/u_mul/GEN_ARRAY.u_mul/u_csa_row0/GEN_CSA_FA[1].u_fa/result[2]_INST_0_i_9/O
                         net (fo=2, routed)           0.448    25.428    GEN_BRAM.u_core/alu/u_mul/u_mul/GEN_ARRAY.u_mul/u_csa_row0/GEN_CSA_FA[1].u_fa/u_final_cpa/GEN_FINAL_FA[33].u_fa/c2
    SLICE_X11Y8          LUT5 (Prop_lut5_I2_O)        0.187    25.615 f  GEN_BRAM.u_core/alu/u_mul/u_mul/GEN_ARRAY.u_mul/u_csa_row0/GEN_CSA_FA[1].u_fa/result[4]_INST_0_i_14/O
                         net (fo=3, routed)           0.371    25.986    GEN_BRAM.u_core/alu/u_mul/u_mul/GEN_ARRAY.u_mul/u_csa_row0/GEN_CSA_FA[1].u_fa/u_final_cpa/c_35
    SLICE_X12Y9          LUT6 (Prop_lut6_I4_O)        0.169    26.155 f  GEN_BRAM.u_core/alu/u_mul/u_mul/GEN_ARRAY.u_mul/u_csa_row0/GEN_CSA_FA[1].u_fa/result[6]_INST_0_i_12/O
                         net (fo=3, routed)           0.518    26.673    GEN_BRAM.u_core/alu/u_mul/u_mul/GEN_ARRAY.u_mul/u_csa_row0/GEN_CSA_FA[1].u_fa/u_final_cpa/c_37
    SLICE_X12Y9          LUT6 (Prop_lut6_I4_O)        0.053    26.726 f  GEN_BRAM.u_core/alu/u_mul/u_mul/GEN_ARRAY.u_mul/u_csa_row0/GEN_CSA_FA[1].u_fa/result[8]_INST_0_i_13/O
                         net (fo=3, routed)           0.310    27.036    GEN_BRAM.u_core/alu/u_mul/u_mul/GEN_ARRAY.u_mul/u_csa_row0/GEN_CSA_FA[1].u_fa/u_final_cpa/c_39
    SLICE_X13Y9          LUT6 (Prop_lut6_I4_O)        0.053    27.089 f  GEN_BRAM.u_core/alu/u_mul/u_mul/GEN_ARRAY.u_mul/u_csa_row0/GEN_CSA_FA[1].u_fa/result[10]_INST_0_i_12/O
                         net (fo=3, routed)           0.343    27.432    GEN_BRAM.u_core/alu/u_mul/u_mul/GEN_ARRAY.u_mul/u_csa_row0/GEN_CSA_FA[1].u_fa/u_final_cpa/c_41
    SLICE_X13Y10         LUT6 (Prop_lut6_I4_O)        0.053    27.485 f  GEN_BRAM.u_core/alu/u_mul/u_mul/GEN_ARRAY.u_mul/u_csa_row0/GEN_CSA_FA[1].u_fa/result[12]_INST_0_i_13/O
                         net (fo=3, routed)           0.341    27.826    GEN_BRAM.u_core/alu/u_mul/u_mul/GEN_ARRAY.u_mul/u_csa_row0/GEN_CSA_FA[1].u_fa/u_final_cpa/c_43
    SLICE_X14Y11         LUT6 (Prop_lut6_I4_O)        0.053    27.879 f  GEN_BRAM.u_core/alu/u_mul/u_mul/GEN_ARRAY.u_mul/u_csa_row0/GEN_CSA_FA[1].u_fa/result[14]_INST_0_i_12/O
                         net (fo=3, routed)           0.222    28.101    GEN_BRAM.u_core/alu/u_mul/u_mul/GEN_ARRAY.u_mul/u_csa_row0/GEN_CSA_FA[1].u_fa/u_final_cpa/c_45
    SLICE_X14Y11         LUT6 (Prop_lut6_I4_O)        0.053    28.154 f  GEN_BRAM.u_core/alu/u_mul/u_mul/GEN_ARRAY.u_mul/u_csa_row0/GEN_CSA_FA[1].u_fa/result[16]_INST_0_i_13/O
                         net (fo=3, routed)           0.287    28.441    GEN_BRAM.u_core/alu/u_mul/u_mul/GEN_ARRAY.u_mul/u_csa_row0/GEN_CSA_FA[1].u_fa/u_final_cpa/c_47
    SLICE_X15Y11         LUT6 (Prop_lut6_I4_O)        0.053    28.494 f  GEN_BRAM.u_core/alu/u_mul/u_mul/GEN_ARRAY.u_mul/u_csa_row0/GEN_CSA_FA[1].u_fa/result[18]_INST_0_i_12/O
                         net (fo=3, routed)           0.338    28.832    GEN_BRAM.u_core/alu/u_mul/u_mul/GEN_ARRAY.u_mul/u_csa_row0/GEN_CSA_FA[1].u_fa/u_final_cpa/c_49
    SLICE_X14Y12         LUT6 (Prop_lut6_I4_O)        0.053    28.885 f  GEN_BRAM.u_core/alu/u_mul/u_mul/GEN_ARRAY.u_mul/u_csa_row0/GEN_CSA_FA[1].u_fa/result[20]_INST_0_i_13/O
                         net (fo=3, routed)           0.252    29.138    GEN_BRAM.u_core/alu/u_mul/u_mul/GEN_ARRAY.u_mul/u_csa_row0/GEN_CSA_FA[1].u_fa/u_final_cpa/c_51
    SLICE_X14Y13         LUT6 (Prop_lut6_I4_O)        0.053    29.191 f  GEN_BRAM.u_core/alu/u_mul/u_mul/GEN_ARRAY.u_mul/u_csa_row0/GEN_CSA_FA[1].u_fa/result[22]_INST_0_i_12/O
                         net (fo=3, routed)           0.300    29.491    GEN_BRAM.u_core/alu/u_mul/u_mul/GEN_ARRAY.u_mul/u_csa_row0/GEN_CSA_FA[1].u_fa/u_final_cpa/c_53
    SLICE_X13Y13         LUT6 (Prop_lut6_I4_O)        0.053    29.544 f  GEN_BRAM.u_core/alu/u_mul/u_mul/GEN_ARRAY.u_mul/u_csa_row0/GEN_CSA_FA[1].u_fa/result[24]_INST_0_i_13/O
                         net (fo=3, routed)           0.204    29.748    GEN_BRAM.u_core/alu/u_mul/u_mul/GEN_ARRAY.u_mul/u_csa_row0/GEN_CSA_FA[1].u_fa/u_final_cpa/c_55
    SLICE_X13Y13         LUT6 (Prop_lut6_I4_O)        0.053    29.801 f  GEN_BRAM.u_core/alu/u_mul/u_mul/GEN_ARRAY.u_mul/u_csa_row0/GEN_CSA_FA[1].u_fa/result[26]_INST_0_i_12/O
                         net (fo=3, routed)           0.367    30.169    GEN_BRAM.u_core/alu/u_mul/u_mul/GEN_ARRAY.u_mul/u_csa_row0/GEN_CSA_FA[1].u_fa/u_final_cpa/c_57
    SLICE_X13Y14         LUT6 (Prop_lut6_I4_O)        0.053    30.222 f  GEN_BRAM.u_core/alu/u_mul/u_mul/GEN_ARRAY.u_mul/u_csa_row0/GEN_CSA_FA[1].u_fa/result[28]_INST_0_i_13/O
                         net (fo=3, routed)           0.241    30.462    GEN_BRAM.u_core/alu/u_mul/u_mul/GEN_ARRAY.u_mul/u_csa_row0/GEN_CSA_FA[1].u_fa/u_final_cpa/c_59
    SLICE_X13Y14         LUT6 (Prop_lut6_I4_O)        0.053    30.515 f  GEN_BRAM.u_core/alu/u_mul/u_mul/GEN_ARRAY.u_mul/u_csa_row0/GEN_CSA_FA[1].u_fa/result[31]_INST_0_i_13/O
                         net (fo=3, routed)           0.340    30.855    GEN_BRAM.u_core/alu/u_mul/u_mul/GEN_ARRAY.u_mul/u_csa_row0/GEN_CSA_FA[1].u_fa/u_final_cpa/c_61
    SLICE_X13Y15         LUT6 (Prop_lut6_I4_O)        0.053    30.908 f  GEN_BRAM.u_core/alu/u_mul/u_mul/GEN_ARRAY.u_mul/u_csa_row0/GEN_CSA_FA[1].u_fa/result[31]_INST_0_i_4/O
                         net (fo=2, routed)           0.421    31.329    GEN_BRAM.u_core/alu/u_mul/u_mul/GEN_ARRAY.u_mul/u_csa_row0/GEN_CSA_FA[1].u_fa/u_final_cpa/GEN_FINAL_FA[62].u_fa/c2
    SLICE_X11Y15         LUT2 (Prop_lut2_I0_O)        0.053    31.382 r  GEN_BRAM.u_core/alu/u_mul/u_mul/GEN_ARRAY.u_mul/u_csa_row0/GEN_CSA_FA[1].u_fa/result[31]_INST_0_i_14/O
                         net (fo=1, routed)           0.000    31.382    GEN_BRAM.u_core/alu/u_mul/u_mul/GEN_ARRAY.u_mul/u_csa_row0/GEN_CSA_FA[1].u_fa/p_0_in[63]
    SLICE_X11Y15         CARRY4 (Prop_carry4_S[2]_O[2])
                                                      0.140    31.522 r  GEN_BRAM.u_core/alu/u_mul/u_mul/GEN_ARRAY.u_mul/u_csa_row0/GEN_CSA_FA[1].u_fa/result[31]_INST_0_i_6/O[2]
                         net (fo=1, routed)           0.296    31.818    GEN_BRAM.u_core/alu/u_mul/u_mul/GEN_ARRAY.u_mul/u_csa_row0/GEN_CSA_FA[1].u_fa/signed_product0[63]
    SLICE_X11Y16         LUT6 (Prop_lut6_I5_O)        0.152    31.970 r  GEN_BRAM.u_core/alu/u_mul/u_mul/GEN_ARRAY.u_mul/u_csa_row0/GEN_CSA_FA[1].u_fa/result[31]_INST_0/O
                         net (fo=1, routed)           0.471    32.442    GEN_BRAM.u_core/reg_file/result[27]
    SLICE_X11Y19         LUT6 (Prop_lut6_I2_O)        0.053    32.495 r  GEN_BRAM.u_core/reg_file/debug_alu_out_OBUF[31]_inst_i_7/O
                         net (fo=1, routed)           0.128    32.623    GEN_BRAM.u_core/reg_file/debug_alu_out_OBUF[31]_inst_i_7_n_0
    SLICE_X11Y19         LUT6 (Prop_lut6_I5_O)        0.053    32.676 r  GEN_BRAM.u_core/reg_file/debug_alu_out_OBUF[31]_inst_i_1/O
                         net (fo=3, routed)           0.152    32.828    GEN_BRAM.u_core/wb_mux/debug_alu_out_OBUF[31]
    SLICE_X11Y19         LUT6 (Prop_lut6_I0_O)        0.053    32.881 r  GEN_BRAM.u_core/wb_mux/registers_reg_r1_0_31_30_31__0_i_3/O
                         net (fo=1, routed)           0.294    33.175    GEN_BRAM.u_core/divider/wb_exec[31]
    SLICE_X11Y18         LUT6 (Prop_lut6_I5_O)        0.053    33.228 r  GEN_BRAM.u_core/divider/registers_reg_r1_0_31_30_31__0_i_1/O
                         net (fo=4, routed)           0.358    33.586    GEN_BRAM.u_core/reg_file/registers_reg_r1_0_31_30_31__0/D
    SLICE_X10Y15         RAMD32                                       r  GEN_BRAM.u_core/reg_file/registers_reg_r1_0_31_30_31__0/DP/I
  -------------------------------------------------------------------    -------------------

                         (clock sys_clk rise edge)   30.000    30.000 r  
    AD23                                              0.000    30.000 r  clk (IN)
                         net (fo=0)                   0.000    30.000    clk
    AD23                 IBUF (Prop_ibuf_I_O)         0.796    30.796 r  clk_IBUF_inst/O
                         net (fo=1, routed)           1.741    32.537    clk_IBUF
    BUFGCTRL_X0Y0        BUFG (Prop_bufg_I_O)         0.113    32.650 r  clk_IBUF_BUFG_inst/O
                         net (fo=350, routed)         1.539    34.189    GEN_BRAM.u_core/reg_file/registers_reg_r1_0_31_30_31__0/WCLK
    SLICE_X10Y15         RAMD32                                       r  GEN_BRAM.u_core/reg_file/registers_reg_r1_0_31_30_31__0/DP/CLK
                         clock pessimism              0.256    34.446    
                         clock uncertainty           -0.035    34.410    
    SLICE_X10Y15         RAMD32 (Setup_ramd32_CLK_I)
                                                     -0.178    34.232    GEN_BRAM.u_core/reg_file/registers_reg_r1_0_31_30_31__0/DP
  -------------------------------------------------------------------
                         required time                         34.232    
                         arrival time                         -33.586    
  -------------------------------------------------------------------
                         slack                                  0.646    

Slack (MET) :             0.757ns  (required time - arrival time)
  Source:                 GEN_BRAM.u_core/ir_reg[20]/C
                            (rising edge-triggered cell FDCE clocked by sys_clk  {rise@0.000ns fall@15.000ns period=30.000ns})
  Destination:            GEN_BRAM.u_core/reg_file/registers_reg_r1_0_31_24_29/RAMC_D1/I
                            (rising edge-triggered cell RAMD32 clocked by sys_clk  {rise@0.000ns fall@15.000ns period=30.000ns})
  Path Group:             sys_clk
  Path Type:              Setup (Max at Slow Process Corner)
  Requirement:            30.000ns  (sys_clk rise@30.000ns - sys_clk rise@0.000ns)
  Data Path Delay:        29.003ns  (logic 3.876ns (13.364%)  route 25.127ns (86.636%))
  Logic Levels:           54  (CARRY4=1 LUT3=11 LUT4=1 LUT5=20 LUT6=20 RAMD32=1)
  Clock Path Skew:        -0.031ns (DCD - SCD + CPR)
    Destination Clock Delay (DCD):    4.187ns = ( 34.187 - 30.000 ) 
    Source Clock Delay      (SCD):    4.475ns
    Clock Pessimism Removal (CPR):    0.256ns
  Clock Uncertainty:      0.035ns  ((TSJ^2 + TIJ^2)^1/2 + DJ) / 2 + PE
    Total System Jitter     (TSJ):    0.071ns
    Total Input Jitter      (TIJ):    0.000ns
    Discrete Jitter          (DJ):    0.000ns
    Phase Error              (PE):    0.000ns

    Location             Delay type                Incr(ns)  Path(ns)    Netlist Resource(s)
  -------------------------------------------------------------------    -------------------
                         (clock sys_clk rise edge)    0.000     0.000 r  
    AD23                                              0.000     0.000 r  clk (IN)
                         net (fo=0)                   0.000     0.000    clk
    AD23                 IBUF (Prop_ibuf_I_O)         0.873     0.873 r  clk_IBUF_inst/O
                         net (fo=1, routed)           1.830     2.703    clk_IBUF
    BUFGCTRL_X0Y0        BUFG (Prop_bufg_I_O)         0.120     2.823 r  clk_IBUF_BUFG_inst/O
                         net (fo=350, routed)         1.652     4.475    GEN_BRAM.u_core/clk_IBUF_BUFG
    SLICE_X8Y12          FDCE                                         r  GEN_BRAM.u_core/ir_reg[20]/C
  -------------------------------------------------------------------    -------------------
    SLICE_X8Y12          FDCE (Prop_fdce_C_Q)         0.308     4.783 r  GEN_BRAM.u_core/ir_reg[20]/Q
                         net (fo=66, routed)          0.961     5.744    GEN_BRAM.u_core/reg_file/registers_reg_r2_0_31_30_31__0/DPRA0
    SLICE_X10Y15         RAMD32 (Prop_ramd32_RADR0_O)
                                                      0.053     5.797 f  GEN_BRAM.u_core/reg_file/registers_reg_r2_0_31_30_31__0/DP/O
                         net (fo=42, routed)          0.763     6.560    GEN_BRAM.u_core/alu_mux_b/dataR20[26]
    SLICE_X9Y18          LUT6 (Prop_lut6_I3_O)        0.053     6.613 r  GEN_BRAM.u_core/alu_mux_b/u_mul_i_1/O
                         net (fo=52, routed)          0.620     7.233    GEN_BRAM.u_core/alu/u_mul/u_mul/GEN_ARRAY.u_mul/u_csa_row0/GEN_CSA_FA[1].u_fa/result[30]_INST_0_i_11_n_0
    SLICE_X10Y11         LUT4 (Prop_lut4_I3_O)        0.056     7.289 r  GEN_BRAM.u_core/alu/u_mul/u_mul/GEN_ARRAY.u_mul/u_csa_row0/GEN_CSA_FA[1].u_fa/result[4]_INST_0_i_7/O
                         net (fo=111, routed)         1.034     8.323    GEN_BRAM.u_core/alu/u_mul/u_mul/GEN_ARRAY.u_mul/u_csa_row0/GEN_CSA_FA[1].u_fa/result[4]_INST_0_i_7_n_0
    SLICE_X6Y14          LUT6 (Prop_lut6_I4_O)        0.168     8.491 r  GEN_BRAM.u_core/alu/u_mul/u_mul/GEN_ARRAY.u_mul/u_csa_row0/GEN_CSA_FA[1].u_fa/result[14]_INST_0_i_130/O
                         net (fo=2, routed)           0.355     8.846    GEN_BRAM.u_core/alu/u_mul/u_mul/GEN_ARRAY.u_mul/u_csa_row0/GEN_CSA_FA[1].u_fa/pp[2]_91[13]
    SLICE_X6Y13          LUT6 (Prop_lut6_I5_O)        0.053     8.899 r  GEN_BRAM.u_core/alu/u_mul/u_mul/GEN_ARRAY.u_mul/u_csa_row0/GEN_CSA_FA[1].u_fa/result[14]_INST_0_i_114/O
                         net (fo=3, routed)           0.768     9.667    GEN_BRAM.u_core/alu/u_mul/u_mul/GEN_ARRAY.u_mul/u_csa_row0/GEN_CSA_FA[1].u_fa/stage_carry[0]_58[14]
    SLICE_X15Y13         LUT3 (Prop_lut3_I0_O)        0.053     9.720 r  GEN_BRAM.u_core/alu/u_mul/u_mul/GEN_ARRAY.u_mul/u_csa_row0/GEN_CSA_FA[1].u_fa/result[16]_INST_0_i_147/O
                         net (fo=2, routed)           0.241     9.961    GEN_BRAM.u_core/alu/u_mul/u_mul/GEN_ARRAY.u_mul/u_csa_row0/GEN_CSA_FA[1].u_fa/stage_carry[1]_43[15]
    SLICE_X17Y13         LUT5 (Prop_lut5_I3_O)        0.053    10.014 r  GEN_BRAM.u_core/alu/u_mul/u_mul/GEN_ARRAY.u_mul/u_csa_row0/GEN_CSA_FA[1].u_fa/result[16]_INST_0_i_125/O
                         net (fo=3, routed)           1.041    11.054    GEN_BRAM.u_core/alu/u_mul/u_mul/GEN_ARRAY.u_mul/u_csa_row0/GEN_CSA_FA[1].u_fa/stage_sum[2]_42[15]
    SLICE_X7Y13          LUT5 (Prop_lut5_I1_O)        0.053    11.107 r  GEN_BRAM.u_core/alu/u_mul/u_mul/GEN_ARRAY.u_mul/u_csa_row0/GEN_CSA_FA[1].u_fa/result[16]_INST_0_i_109/O
                         net (fo=3, routed)           0.720    11.827    GEN_BRAM.u_core/alu/u_mul/u_mul/GEN_ARRAY.u_mul/u_csa_row0/GEN_CSA_FA[1].u_fa/stage_carry[4]_2[16]
    SLICE_X16Y12         LUT3 (Prop_lut3_I0_O)        0.053    11.880 r  GEN_BRAM.u_core/alu/u_mul/u_mul/GEN_ARRAY.u_mul/u_csa_row0/GEN_CSA_FA[1].u_fa/result[18]_INST_0_i_112/O
                         net (fo=2, routed)           0.577    12.457    GEN_BRAM.u_core/alu/u_mul/u_mul/GEN_ARRAY.u_mul/u_csa_row0/GEN_CSA_FA[1].u_fa/stage_carry[5]_45[17]
    SLICE_X16Y10         LUT5 (Prop_lut5_I3_O)        0.053    12.510 r  GEN_BRAM.u_core/alu/u_mul/u_mul/GEN_ARRAY.u_mul/u_csa_row0/GEN_CSA_FA[1].u_fa/result[18]_INST_0_i_94/O
                         net (fo=3, routed)           0.643    13.153    GEN_BRAM.u_core/alu/u_mul/u_mul/GEN_ARRAY.u_mul/u_csa_row0/GEN_CSA_FA[1].u_fa/stage_carry[6]_4[18]
    SLICE_X16Y8          LUT3 (Prop_lut3_I0_O)        0.053    13.206 r  GEN_BRAM.u_core/alu/u_mul/u_mul/GEN_ARRAY.u_mul/u_csa_row0/GEN_CSA_FA[1].u_fa/result[20]_INST_0_i_127/O
                         net (fo=2, routed)           0.310    13.516    GEN_BRAM.u_core/alu/u_mul/u_mul/GEN_ARRAY.u_mul/u_csa_row0/GEN_CSA_FA[1].u_fa/stage_carry[7]_46[19]
    SLICE_X15Y8          LUT5 (Prop_lut5_I3_O)        0.053    13.569 r  GEN_BRAM.u_core/alu/u_mul/u_mul/GEN_ARRAY.u_mul/u_csa_row0/GEN_CSA_FA[1].u_fa/result[20]_INST_0_i_109/O
                         net (fo=3, routed)           0.416    13.985    GEN_BRAM.u_core/alu/u_mul/u_mul/GEN_ARRAY.u_mul/u_csa_row0/GEN_CSA_FA[1].u_fa/stage_carry[8]_6[20]
    SLICE_X15Y5          LUT3 (Prop_lut3_I0_O)        0.053    14.038 r  GEN_BRAM.u_core/alu/u_mul/u_mul/GEN_ARRAY.u_mul/u_csa_row0/GEN_CSA_FA[1].u_fa/result[22]_INST_0_i_107/O
                         net (fo=2, routed)           0.316    14.354    GEN_BRAM.u_core/alu/u_mul/u_mul/GEN_ARRAY.u_mul/u_csa_row0/GEN_CSA_FA[1].u_fa/stage_carry[9]_47[21]
    SLICE_X15Y5          LUT5 (Prop_lut5_I3_O)        0.053    14.407 r  GEN_BRAM.u_core/alu/u_mul/u_mul/GEN_ARRAY.u_mul/u_csa_row0/GEN_CSA_FA[1].u_fa/result[22]_INST_0_i_90/O
                         net (fo=3, routed)           0.526    14.933    GEN_BRAM.u_core/alu/u_mul/u_mul/GEN_ARRAY.u_mul/u_csa_row0/GEN_CSA_FA[1].u_fa/stage_sum[10]_38[21]
    SLICE_X6Y4           LUT3 (Prop_lut3_I1_O)        0.053    14.986 r  GEN_BRAM.u_core/alu/u_mul/u_mul/GEN_ARRAY.u_mul/u_csa_row0/GEN_CSA_FA[1].u_fa/result[22]_INST_0_i_97/O
                         net (fo=2, routed)           0.577    15.563    GEN_BRAM.u_core/alu/u_mul/u_mul/GEN_ARRAY.u_mul/u_csa_row0/GEN_CSA_FA[1].u_fa/stage_carry[11]_48[22]
    SLICE_X7Y4           LUT5 (Prop_lut5_I3_O)        0.053    15.616 r  GEN_BRAM.u_core/alu/u_mul/u_mul/GEN_ARRAY.u_mul/u_csa_row0/GEN_CSA_FA[1].u_fa/result[22]_INST_0_i_75/O
                         net (fo=3, routed)           0.322    15.938    GEN_BRAM.u_core/alu/u_mul/u_mul/GEN_ARRAY.u_mul/u_csa_row0/GEN_CSA_FA[1].u_fa/stage_sum[12]_37[22]
    SLICE_X6Y3           LUT3 (Prop_lut3_I1_O)        0.053    15.991 r  GEN_BRAM.u_core/alu/u_mul/u_mul/GEN_ARRAY.u_mul/u_csa_row0/GEN_CSA_FA[1].u_fa/result[24]_INST_0_i_102/O
                         net (fo=2, routed)           0.458    16.449    GEN_BRAM.u_core/alu/u_mul/u_mul/GEN_ARRAY.u_mul/u_csa_row0/GEN_CSA_FA[1].u_fa/stage_carry[13]_49[23]
    SLICE_X7Y3           LUT5 (Prop_lut5_I3_O)        0.053    16.502 r  GEN_BRAM.u_core/alu/u_mul/u_mul/GEN_ARRAY.u_mul/u_csa_row0/GEN_CSA_FA[1].u_fa/result[24]_INST_0_i_85/O
                         net (fo=3, routed)           0.571    17.073    GEN_BRAM.u_core/alu/u_mul/u_mul/GEN_ARRAY.u_mul/u_csa_row0/GEN_CSA_FA[1].u_fa/stage_sum[14]_36[23]
    SLICE_X5Y4           LUT5 (Prop_lut5_I1_O)        0.053    17.126 r  GEN_BRAM.u_core/alu/u_mul/u_mul/GEN_ARRAY.u_mul/u_csa_row0/GEN_CSA_FA[1].u_fa/result[24]_INST_0_i_65/O
                         net (fo=3, routed)           0.396    17.522    GEN_BRAM.u_core/alu/u_mul/u_mul/GEN_ARRAY.u_mul/u_csa_row0/GEN_CSA_FA[1].u_fa/stage_sum[16]_35[23]
    SLICE_X4Y5           LUT3 (Prop_lut3_I1_O)        0.053    17.575 r  GEN_BRAM.u_core/alu/u_mul/u_mul/GEN_ARRAY.u_mul/u_csa_row0/GEN_CSA_FA[1].u_fa/result[24]_INST_0_i_72/O
                         net (fo=2, routed)           0.466    18.041    GEN_BRAM.u_core/alu/u_mul/u_mul/GEN_ARRAY.u_mul/u_csa_row0/GEN_CSA_FA[1].u_fa/stage_carry[17]_51[24]
    SLICE_X4Y5           LUT5 (Prop_lut5_I3_O)        0.053    18.094 r  GEN_BRAM.u_core/alu/u_mul/u_mul/GEN_ARRAY.u_mul/u_csa_row0/GEN_CSA_FA[1].u_fa/result[26]_INST_0_i_49/O
                         net (fo=3, routed)           0.442    18.536    GEN_BRAM.u_core/alu/u_mul/u_mul/GEN_ARRAY.u_mul/u_csa_row0/GEN_CSA_FA[1].u_fa/stage_carry[18]_16[25]
    SLICE_X4Y3           LUT3 (Prop_lut3_I0_O)        0.053    18.589 r  GEN_BRAM.u_core/alu/u_mul/u_mul/GEN_ARRAY.u_mul/u_csa_row0/GEN_CSA_FA[1].u_fa/result[26]_INST_0_i_57/O
                         net (fo=2, routed)           0.415    19.004    GEN_BRAM.u_core/alu/u_mul/u_mul/GEN_ARRAY.u_mul/u_csa_row0/GEN_CSA_FA[1].u_fa/stage_carry[19]_52[26]
    SLICE_X3Y3           LUT5 (Prop_lut5_I3_O)        0.053    19.057 r  GEN_BRAM.u_core/alu/u_mul/u_mul/GEN_ARRAY.u_mul/u_csa_row0/GEN_CSA_FA[1].u_fa/result[26]_INST_0_i_35/O
                         net (fo=3, routed)           0.764    19.821    GEN_BRAM.u_core/alu/u_mul/u_mul/GEN_ARRAY.u_mul/u_csa_row0/GEN_CSA_FA[1].u_fa/stage_sum[20]_33[26]
    SLICE_X8Y5           LUT5 (Prop_lut5_I1_O)        0.053    19.874 r  GEN_BRAM.u_core/alu/u_mul/u_mul/GEN_ARRAY.u_mul/u_csa_row0/GEN_CSA_FA[1].u_fa/result[28]_INST_0_i_39/O
                         net (fo=3, routed)           0.641    20.515    GEN_BRAM.u_core/alu/u_mul/u_mul/GEN_ARRAY.u_mul/u_csa_row0/GEN_CSA_FA[1].u_fa/stage_carry[22]_20[27]
    SLICE_X2Y4           LUT3 (Prop_lut3_I0_O)        0.053    20.568 r  GEN_BRAM.u_core/alu/u_mul/u_mul/GEN_ARRAY.u_mul/u_csa_row0/GEN_CSA_FA[1].u_fa/result[28]_INST_0_i_47/O
                         net (fo=2, routed)           0.412    20.980    GEN_BRAM.u_core/alu/u_mul/u_mul/GEN_ARRAY.u_mul/u_csa_row0/GEN_CSA_FA[1].u_fa/stage_carry[23]_54[28]
    SLICE_X1Y4           LUT5 (Prop_lut5_I3_O)        0.053    21.033 r  GEN_BRAM.u_core/alu/u_mul/u_mul/GEN_ARRAY.u_mul/u_csa_row0/GEN_CSA_FA[1].u_fa/result[28]_INST_0_i_26/O
                         net (fo=2, routed)           0.771    21.804    GEN_BRAM.u_core/alu/u_mul/u_mul/GEN_ARRAY.u_mul/u_csa_row0/GEN_CSA_FA[1].u_fa/stage_sum[24]_31[28]
    SLICE_X13Y6          LUT3 (Prop_lut3_I1_O)        0.053    21.857 r  GEN_BRAM.u_core/alu/u_mul/u_mul/GEN_ARRAY.u_mul/u_csa_row0/GEN_CSA_FA[1].u_fa/result[30]_INST_0_i_20/O
                         net (fo=2, routed)           0.304    22.162    GEN_BRAM.u_core/alu/u_mul/u_mul/GEN_ARRAY.u_mul/u_csa_row0/GEN_CSA_FA[1].u_fa/stage_carry[25]_55[29]
    SLICE_X13Y6          LUT5 (Prop_lut5_I3_O)        0.053    22.215 r  GEN_BRAM.u_core/alu/u_mul/u_mul/GEN_ARRAY.u_mul/u_csa_row0/GEN_CSA_FA[1].u_fa/result[30]_INST_0_i_14/O
                         net (fo=2, routed)           0.445    22.659    GEN_BRAM.u_core/alu/u_mul/u_mul/GEN_ARRAY.u_mul/u_csa_row0/GEN_CSA_FA[1].u_fa/stage_carry[26]_24[30]
    SLICE_X14Y7          LUT3 (Prop_lut3_I0_O)        0.053    22.712 r  GEN_BRAM.u_core/alu/u_mul/u_mul/GEN_ARRAY.u_mul/u_csa_row0/GEN_CSA_FA[1].u_fa/result[31]_INST_0_i_33/O
                         net (fo=2, routed)           0.467    23.180    GEN_BRAM.u_core/alu/u_mul/u_mul/GEN_ARRAY.u_mul/u_csa_row0/GEN_CSA_FA[1].u_fa/stage_carry[27]_56[31]
    SLICE_X14Y7          LUT5 (Prop_lut5_I3_O)        0.053    23.233 r  GEN_BRAM.u_core/alu/u_mul/u_mul/GEN_ARRAY.u_mul/u_csa_row0/GEN_CSA_FA[1].u_fa/result[31]_INST_0_i_18/O
                         net (fo=2, routed)           0.469    23.702    GEN_BRAM.u_core/alu/u_mul/u_mul/GEN_ARRAY.u_mul/u_csa_row0/GEN_CSA_FA[1].u_fa/stage_sum[28]_29[31]
    SLICE_X15Y7          LUT5 (Prop_lut5_I3_O)        0.053    23.755 r  GEN_BRAM.u_core/alu/u_mul/u_mul/GEN_ARRAY.u_mul/u_csa_row0/GEN_CSA_FA[1].u_fa/result[1]_INST_0_i_5/O
                         net (fo=4, routed)           0.571    24.325    GEN_BRAM.u_core/alu/u_mul/u_mul/GEN_ARRAY.u_mul/u_csa_row0/GEN_CSA_FA[1].u_fa/stage_carry[29]_59[32]
    SLICE_X11Y7          LUT5 (Prop_lut5_I3_O)        0.068    24.393 r  GEN_BRAM.u_core/alu/u_mul/u_mul/GEN_ARRAY.u_mul/u_csa_row0/GEN_CSA_FA[1].u_fa/result[1]_INST_0_i_6/O
                         net (fo=2, routed)           0.407    24.800    GEN_BRAM.u_core/alu/u_mul/u_mul/GEN_ARRAY.u_mul/u_csa_row0/GEN_CSA_FA[1].u_fa/u_final_cpa/GEN_FINAL_FA[32].u_fa/c2
    SLICE_X11Y8          LUT5 (Prop_lut5_I2_O)        0.180    24.980 r  GEN_BRAM.u_core/alu/u_mul/u_mul/GEN_ARRAY.u_mul/u_csa_row0/GEN_CSA_FA[1].u_fa/result[2]_INST_0_i_9/O
                         net (fo=2, routed)           0.448    25.428    GEN_BRAM.u_core/alu/u_mul/u_mul/GEN_ARRAY.u_mul/u_csa_row0/GEN_CSA_FA[1].u_fa/u_final_cpa/GEN_FINAL_FA[33].u_fa/c2
    SLICE_X11Y8          LUT5 (Prop_lut5_I2_O)        0.187    25.615 r  GEN_BRAM.u_core/alu/u_mul/u_mul/GEN_ARRAY.u_mul/u_csa_row0/GEN_CSA_FA[1].u_fa/result[4]_INST_0_i_14/O
                         net (fo=3, routed)           0.371    25.986    GEN_BRAM.u_core/alu/u_mul/u_mul/GEN_ARRAY.u_mul/u_csa_row0/GEN_CSA_FA[1].u_fa/u_final_cpa/c_35
    SLICE_X12Y9          LUT6 (Prop_lut6_I4_O)        0.169    26.155 r  GEN_BRAM.u_core/alu/u_mul/u_mul/GEN_ARRAY.u_mul/u_csa_row0/GEN_CSA_FA[1].u_fa/result[6]_INST_0_i_12/O
                         net (fo=3, routed)           0.518    26.673    GEN_BRAM.u_core/alu/u_mul/u_mul/GEN_ARRAY.u_mul/u_csa_row0/GEN_CSA_FA[1].u_fa/u_final_cpa/c_37
    SLICE_X12Y9          LUT6 (Prop_lut6_I4_O)        0.053    26.726 r  GEN_BRAM.u_core/alu/u_mul/u_mul/GEN_ARRAY.u_mul/u_csa_row0/GEN_CSA_FA[1].u_fa/result[8]_INST_0_i_13/O
                         net (fo=3, routed)           0.310    27.036    GEN_BRAM.u_core/alu/u_mul/u_mul/GEN_ARRAY.u_mul/u_csa_row0/GEN_CSA_FA[1].u_fa/u_final_cpa/c_39
    SLICE_X13Y9          LUT6 (Prop_lut6_I4_O)        0.053    27.089 r  GEN_BRAM.u_core/alu/u_mul/u_mul/GEN_ARRAY.u_mul/u_csa_row0/GEN_CSA_FA[1].u_fa/result[10]_INST_0_i_12/O
                         net (fo=3, routed)           0.343    27.432    GEN_BRAM.u_core/alu/u_mul/u_mul/GEN_ARRAY.u_mul/u_csa_row0/GEN_CSA_FA[1].u_fa/u_final_cpa/c_41
    SLICE_X13Y10         LUT6 (Prop_lut6_I4_O)        0.053    27.485 r  GEN_BRAM.u_core/alu/u_mul/u_mul/GEN_ARRAY.u_mul/u_csa_row0/GEN_CSA_FA[1].u_fa/result[12]_INST_0_i_13/O
                         net (fo=3, routed)           0.341    27.826    GEN_BRAM.u_core/alu/u_mul/u_mul/GEN_ARRAY.u_mul/u_csa_row0/GEN_CSA_FA[1].u_fa/u_final_cpa/c_43
    SLICE_X14Y11         LUT6 (Prop_lut6_I4_O)        0.053    27.879 r  GEN_BRAM.u_core/alu/u_mul/u_mul/GEN_ARRAY.u_mul/u_csa_row0/GEN_CSA_FA[1].u_fa/result[14]_INST_0_i_12/O
                         net (fo=3, routed)           0.222    28.101    GEN_BRAM.u_core/alu/u_mul/u_mul/GEN_ARRAY.u_mul/u_csa_row0/GEN_CSA_FA[1].u_fa/u_final_cpa/c_45
    SLICE_X14Y11         LUT6 (Prop_lut6_I4_O)        0.053    28.154 r  GEN_BRAM.u_core/alu/u_mul/u_mul/GEN_ARRAY.u_mul/u_csa_row0/GEN_CSA_FA[1].u_fa/result[16]_INST_0_i_13/O
                         net (fo=3, routed)           0.287    28.441    GEN_BRAM.u_core/alu/u_mul/u_mul/GEN_ARRAY.u_mul/u_csa_row0/GEN_CSA_FA[1].u_fa/u_final_cpa/c_47
    SLICE_X15Y11         LUT6 (Prop_lut6_I4_O)        0.053    28.494 r  GEN_BRAM.u_core/alu/u_mul/u_mul/GEN_ARRAY.u_mul/u_csa_row0/GEN_CSA_FA[1].u_fa/result[18]_INST_0_i_12/O
                         net (fo=3, routed)           0.338    28.832    GEN_BRAM.u_core/alu/u_mul/u_mul/GEN_ARRAY.u_mul/u_csa_row0/GEN_CSA_FA[1].u_fa/u_final_cpa/c_49
    SLICE_X14Y12         LUT6 (Prop_lut6_I4_O)        0.053    28.885 r  GEN_BRAM.u_core/alu/u_mul/u_mul/GEN_ARRAY.u_mul/u_csa_row0/GEN_CSA_FA[1].u_fa/result[20]_INST_0_i_13/O
                         net (fo=3, routed)           0.252    29.138    GEN_BRAM.u_core/alu/u_mul/u_mul/GEN_ARRAY.u_mul/u_csa_row0/GEN_CSA_FA[1].u_fa/u_final_cpa/c_51
    SLICE_X14Y13         LUT6 (Prop_lut6_I4_O)        0.053    29.191 r  GEN_BRAM.u_core/alu/u_mul/u_mul/GEN_ARRAY.u_mul/u_csa_row0/GEN_CSA_FA[1].u_fa/result[22]_INST_0_i_12/O
                         net (fo=3, routed)           0.300    29.491    GEN_BRAM.u_core/alu/u_mul/u_mul/GEN_ARRAY.u_mul/u_csa_row0/GEN_CSA_FA[1].u_fa/u_final_cpa/c_53
    SLICE_X13Y13         LUT6 (Prop_lut6_I4_O)        0.053    29.544 r  GEN_BRAM.u_core/alu/u_mul/u_mul/GEN_ARRAY.u_mul/u_csa_row0/GEN_CSA_FA[1].u_fa/result[24]_INST_0_i_13/O
                         net (fo=3, routed)           0.204    29.748    GEN_BRAM.u_core/alu/u_mul/u_mul/GEN_ARRAY.u_mul/u_csa_row0/GEN_CSA_FA[1].u_fa/u_final_cpa/c_55
    SLICE_X13Y13         LUT6 (Prop_lut6_I4_O)        0.053    29.801 r  GEN_BRAM.u_core/alu/u_mul/u_mul/GEN_ARRAY.u_mul/u_csa_row0/GEN_CSA_FA[1].u_fa/result[26]_INST_0_i_12/O
                         net (fo=3, routed)           0.367    30.169    GEN_BRAM.u_core/alu/u_mul/u_mul/GEN_ARRAY.u_mul/u_csa_row0/GEN_CSA_FA[1].u_fa/u_final_cpa/c_57
    SLICE_X13Y14         LUT6 (Prop_lut6_I4_O)        0.053    30.222 r  GEN_BRAM.u_core/alu/u_mul/u_mul/GEN_ARRAY.u_mul/u_csa_row0/GEN_CSA_FA[1].u_fa/result[28]_INST_0_i_13/O
                         net (fo=3, routed)           0.241    30.462    GEN_BRAM.u_core/alu/u_mul/u_mul/GEN_ARRAY.u_mul/u_csa_row0/GEN_CSA_FA[1].u_fa/u_final_cpa/c_59
    SLICE_X13Y14         LUT6 (Prop_lut6_I4_O)        0.053    30.515 r  GEN_BRAM.u_core/alu/u_mul/u_mul/GEN_ARRAY.u_mul/u_csa_row0/GEN_CSA_FA[1].u_fa/result[31]_INST_0_i_13/O
                         net (fo=3, routed)           0.369    30.884    GEN_BRAM.u_core/alu/u_mul/u_mul/GEN_ARRAY.u_mul/u_csa_row0/GEN_CSA_FA[1].u_fa/u_final_cpa/c_61
    SLICE_X11Y15         LUT5 (Prop_lut5_I4_O)        0.053    30.937 r  GEN_BRAM.u_core/alu/u_mul/u_mul/GEN_ARRAY.u_mul/u_csa_row0/GEN_CSA_FA[1].u_fa/result[29]_INST_0_i_2/O
                         net (fo=2, routed)           0.000    30.937    GEN_BRAM.u_core/alu/u_mul/u_mul/GEN_ARRAY.u_mul/u_csa_row0/GEN_CSA_FA[1].u_fa/p_0_in[61]
    SLICE_X11Y15         CARRY4 (Prop_carry4_S[0]_O[0])
                                                      0.147    31.084 r  GEN_BRAM.u_core/alu/u_mul/u_mul/GEN_ARRAY.u_mul/u_csa_row0/GEN_CSA_FA[1].u_fa/result[31]_INST_0_i_6/O[0]
                         net (fo=1, routed)           0.337    31.421    GEN_BRAM.u_core/alu/u_mul/u_mul/GEN_ARRAY.u_mul/u_csa_row0/GEN_CSA_FA[1].u_fa/signed_product0[61]
    SLICE_X11Y17         LUT5 (Prop_lut5_I4_O)        0.155    31.576 r  GEN_BRAM.u_core/alu/u_mul/u_mul/GEN_ARRAY.u_mul/u_csa_row0/GEN_CSA_FA[1].u_fa/result[29]_INST_0/O
                         net (fo=1, routed)           0.341    31.917    GEN_BRAM.u_core/reg_file/result[25]
    SLICE_X10Y19         LUT6 (Prop_lut6_I2_O)        0.053    31.970 r  GEN_BRAM.u_core/reg_file/debug_alu_out_OBUF[29]_inst_i_4/O
                         net (fo=1, routed)           0.136    32.106    GEN_BRAM.u_core/reg_file/debug_alu_out_OBUF[29]_inst_i_4_n_0
    SLICE_X10Y19         LUT6 (Prop_lut6_I5_O)        0.053    32.159 r  GEN_BRAM.u_core/reg_file/debug_alu_out_OBUF[29]_inst_i_1/O
                         net (fo=3, routed)           0.251    32.409    GEN_BRAM.u_core/wb_mux/debug_alu_out_OBUF[29]
    SLICE_X11Y18         LUT6 (Prop_lut6_I0_O)        0.053    32.462 r  GEN_BRAM.u_core/wb_mux/registers_reg_r1_0_31_24_29_i_16/O
                         net (fo=1, routed)           0.441    32.904    GEN_BRAM.u_core/divider/wb_exec[29]
    SLICE_X14Y17         LUT6 (Prop_lut6_I5_O)        0.053    32.957 r  GEN_BRAM.u_core/divider/registers_reg_r1_0_31_24_29_i_5/O
                         net (fo=2, routed)           0.521    33.478    GEN_BRAM.u_core/reg_file/registers_reg_r1_0_31_24_29/DIC1
    SLICE_X12Y16         RAMD32                                       r  GEN_BRAM.u_core/reg_file/registers_reg_r1_0_31_24_29/RAMC_D1/I
  -------------------------------------------------------------------    -------------------

                         (clock sys_clk rise edge)   30.000    30.000 r  
    AD23                                              0.000    30.000 r  clk (IN)
                         net (fo=0)                   0.000    30.000    clk
    AD23                 IBUF (Prop_ibuf_I_O)         0.796    30.796 r  clk_IBUF_inst/O
                         net (fo=1, routed)           1.741    32.537    clk_IBUF
    BUFGCTRL_X0Y0        BUFG (Prop_bufg_I_O)         0.113    32.650 r  clk_IBUF_BUFG_inst/O
                         net (fo=350, routed)         1.537    34.187    GEN_BRAM.u_core/reg_file/registers_reg_r1_0_31_24_29/WCLK
    SLICE_X12Y16         RAMD32                                       r  GEN_BRAM.u_core/reg_file/registers_reg_r1_0_31_24_29/RAMC_D1/CLK
                         clock pessimism              0.256    34.444    
                         clock uncertainty           -0.035    34.408    
    SLICE_X12Y16         RAMD32 (Setup_ramd32_CLK_I)
                                                     -0.174    34.234    GEN_BRAM.u_core/reg_file/registers_reg_r1_0_31_24_29/RAMC_D1
  -------------------------------------------------------------------
                         required time                         34.234    
                         arrival time                         -33.478    
  -------------------------------------------------------------------
                         slack                                  0.757    

Slack (MET) :             0.762ns  (required time - arrival time)
  Source:                 GEN_BRAM.u_core/ir_reg[20]/C
                            (rising edge-triggered cell FDCE clocked by sys_clk  {rise@0.000ns fall@15.000ns period=30.000ns})
  Destination:            GEN_BRAM.u_core/reg_file/registers_reg_r1_0_31_30_31/DP/I
                            (rising edge-triggered cell RAMD32 clocked by sys_clk  {rise@0.000ns fall@15.000ns period=30.000ns})
  Path Group:             sys_clk
  Path Type:              Setup (Max at Slow Process Corner)
  Requirement:            30.000ns  (sys_clk rise@30.000ns - sys_clk rise@0.000ns)
  Data Path Delay:        28.999ns  (logic 3.997ns (13.783%)  route 25.002ns (86.217%))
  Logic Levels:           54  (CARRY4=1 LUT3=11 LUT4=1 LUT5=19 LUT6=21 RAMD32=1)
  Clock Path Skew:        -0.029ns (DCD - SCD + CPR)
    Destination Clock Delay (DCD):    4.189ns = ( 34.189 - 30.000 ) 
    Source Clock Delay      (SCD):    4.475ns
    Clock Pessimism Removal (CPR):    0.256ns
  Clock Uncertainty:      0.035ns  ((TSJ^2 + TIJ^2)^1/2 + DJ) / 2 + PE
    Total System Jitter     (TSJ):    0.071ns
    Total Input Jitter      (TIJ):    0.000ns
    Discrete Jitter          (DJ):    0.000ns
    Phase Error              (PE):    0.000ns

    Location             Delay type                Incr(ns)  Path(ns)    Netlist Resource(s)
  -------------------------------------------------------------------    -------------------
                         (clock sys_clk rise edge)    0.000     0.000 r  
    AD23                                              0.000     0.000 r  clk (IN)
                         net (fo=0)                   0.000     0.000    clk
    AD23                 IBUF (Prop_ibuf_I_O)         0.873     0.873 r  clk_IBUF_inst/O
                         net (fo=1, routed)           1.830     2.703    clk_IBUF
    BUFGCTRL_X0Y0        BUFG (Prop_bufg_I_O)         0.120     2.823 r  clk_IBUF_BUFG_inst/O
                         net (fo=350, routed)         1.652     4.475    GEN_BRAM.u_core/clk_IBUF_BUFG
    SLICE_X8Y12          FDCE                                         r  GEN_BRAM.u_core/ir_reg[20]/C
  -------------------------------------------------------------------    -------------------
    SLICE_X8Y12          FDCE (Prop_fdce_C_Q)         0.308     4.783 r  GEN_BRAM.u_core/ir_reg[20]/Q
                         net (fo=66, routed)          0.961     5.744    GEN_BRAM.u_core/reg_file/registers_reg_r2_0_31_30_31__0/DPRA0
    SLICE_X10Y15         RAMD32 (Prop_ramd32_RADR0_O)
                                                      0.053     5.797 f  GEN_BRAM.u_core/reg_file/registers_reg_r2_0_31_30_31__0/DP/O
                         net (fo=42, routed)          0.763     6.560    GEN_BRAM.u_core/alu_mux_b/dataR20[26]
    SLICE_X9Y18          LUT6 (Prop_lut6_I3_O)        0.053     6.613 r  GEN_BRAM.u_core/alu_mux_b/u_mul_i_1/O
                         net (fo=52, routed)          0.620     7.233    GEN_BRAM.u_core/alu/u_mul/u_mul/GEN_ARRAY.u_mul/u_csa_row0/GEN_CSA_FA[1].u_fa/result[30]_INST_0_i_11_n_0
    SLICE_X10Y11         LUT4 (Prop_lut4_I3_O)        0.056     7.289 r  GEN_BRAM.u_core/alu/u_mul/u_mul/GEN_ARRAY.u_mul/u_csa_row0/GEN_CSA_FA[1].u_fa/result[4]_INST_0_i_7/O
                         net (fo=111, routed)         1.034     8.323    GEN_BRAM.u_core/alu/u_mul/u_mul/GEN_ARRAY.u_mul/u_csa_row0/GEN_CSA_FA[1].u_fa/result[4]_INST_0_i_7_n_0
    SLICE_X6Y14          LUT6 (Prop_lut6_I4_O)        0.168     8.491 r  GEN_BRAM.u_core/alu/u_mul/u_mul/GEN_ARRAY.u_mul/u_csa_row0/GEN_CSA_FA[1].u_fa/result[14]_INST_0_i_130/O
                         net (fo=2, routed)           0.355     8.846    GEN_BRAM.u_core/alu/u_mul/u_mul/GEN_ARRAY.u_mul/u_csa_row0/GEN_CSA_FA[1].u_fa/pp[2]_91[13]
    SLICE_X6Y13          LUT6 (Prop_lut6_I5_O)        0.053     8.899 r  GEN_BRAM.u_core/alu/u_mul/u_mul/GEN_ARRAY.u_mul/u_csa_row0/GEN_CSA_FA[1].u_fa/result[14]_INST_0_i_114/O
                         net (fo=3, routed)           0.768     9.667    GEN_BRAM.u_core/alu/u_mul/u_mul/GEN_ARRAY.u_mul/u_csa_row0/GEN_CSA_FA[1].u_fa/stage_carry[0]_58[14]
    SLICE_X15Y13         LUT3 (Prop_lut3_I0_O)        0.053     9.720 r  GEN_BRAM.u_core/alu/u_mul/u_mul/GEN_ARRAY.u_mul/u_csa_row0/GEN_CSA_FA[1].u_fa/result[16]_INST_0_i_147/O
                         net (fo=2, routed)           0.241     9.961    GEN_BRAM.u_core/alu/u_mul/u_mul/GEN_ARRAY.u_mul/u_csa_row0/GEN_CSA_FA[1].u_fa/stage_carry[1]_43[15]
    SLICE_X17Y13         LUT5 (Prop_lut5_I3_O)        0.053    10.014 r  GEN_BRAM.u_core/alu/u_mul/u_mul/GEN_ARRAY.u_mul/u_csa_row0/GEN_CSA_FA[1].u_fa/result[16]_INST_0_i_125/O
                         net (fo=3, routed)           1.041    11.054    GEN_BRAM.u_core/alu/u_mul/u_mul/GEN_ARRAY.u_mul/u_csa_row0/GEN_CSA_FA[1].u_fa/stage_sum[2]_42[15]
    SLICE_X7Y13          LUT5 (Prop_lut5_I1_O)        0.053    11.107 r  GEN_BRAM.u_core/alu/u_mul/u_mul/GEN_ARRAY.u_mul/u_csa_row0/GEN_CSA_FA[1].u_fa/result[16]_INST_0_i_109/O
                         net (fo=3, routed)           0.720    11.827    GEN_BRAM.u_core/alu/u_mul/u_mul/GEN_ARRAY.u_mul/u_csa_row0/GEN_CSA_FA[1].u_fa/stage_carry[4]_2[16]
    SLICE_X16Y12         LUT3 (Prop_lut3_I0_O)        0.053    11.880 r  GEN_BRAM.u_core/alu/u_mul/u_mul/GEN_ARRAY.u_mul/u_csa_row0/GEN_CSA_FA[1].u_fa/result[18]_INST_0_i_112/O
                         net (fo=2, routed)           0.577    12.457    GEN_BRAM.u_core/alu/u_mul/u_mul/GEN_ARRAY.u_mul/u_csa_row0/GEN_CSA_FA[1].u_fa/stage_carry[5]_45[17]
    SLICE_X16Y10         LUT5 (Prop_lut5_I3_O)        0.053    12.510 r  GEN_BRAM.u_core/alu/u_mul/u_mul/GEN_ARRAY.u_mul/u_csa_row0/GEN_CSA_FA[1].u_fa/result[18]_INST_0_i_94/O
                         net (fo=3, routed)           0.643    13.153    GEN_BRAM.u_core/alu/u_mul/u_mul/GEN_ARRAY.u_mul/u_csa_row0/GEN_CSA_FA[1].u_fa/stage_carry[6]_4[18]
    SLICE_X16Y8          LUT3 (Prop_lut3_I0_O)        0.053    13.206 r  GEN_BRAM.u_core/alu/u_mul/u_mul/GEN_ARRAY.u_mul/u_csa_row0/GEN_CSA_FA[1].u_fa/result[20]_INST_0_i_127/O
                         net (fo=2, routed)           0.310    13.516    GEN_BRAM.u_core/alu/u_mul/u_mul/GEN_ARRAY.u_mul/u_csa_row0/GEN_CSA_FA[1].u_fa/stage_carry[7]_46[19]
    SLICE_X15Y8          LUT5 (Prop_lut5_I3_O)        0.053    13.569 r  GEN_BRAM.u_core/alu/u_mul/u_mul/GEN_ARRAY.u_mul/u_csa_row0/GEN_CSA_FA[1].u_fa/result[20]_INST_0_i_109/O
                         net (fo=3, routed)           0.416    13.985    GEN_BRAM.u_core/alu/u_mul/u_mul/GEN_ARRAY.u_mul/u_csa_row0/GEN_CSA_FA[1].u_fa/stage_carry[8]_6[20]
    SLICE_X15Y5          LUT3 (Prop_lut3_I0_O)        0.053    14.038 r  GEN_BRAM.u_core/alu/u_mul/u_mul/GEN_ARRAY.u_mul/u_csa_row0/GEN_CSA_FA[1].u_fa/result[22]_INST_0_i_107/O
                         net (fo=2, routed)           0.316    14.354    GEN_BRAM.u_core/alu/u_mul/u_mul/GEN_ARRAY.u_mul/u_csa_row0/GEN_CSA_FA[1].u_fa/stage_carry[9]_47[21]
    SLICE_X15Y5          LUT5 (Prop_lut5_I3_O)        0.053    14.407 r  GEN_BRAM.u_core/alu/u_mul/u_mul/GEN_ARRAY.u_mul/u_csa_row0/GEN_CSA_FA[1].u_fa/result[22]_INST_0_i_90/O
                         net (fo=3, routed)           0.526    14.933    GEN_BRAM.u_core/alu/u_mul/u_mul/GEN_ARRAY.u_mul/u_csa_row0/GEN_CSA_FA[1].u_fa/stage_sum[10]_38[21]
    SLICE_X6Y4           LUT3 (Prop_lut3_I1_O)        0.053    14.986 r  GEN_BRAM.u_core/alu/u_mul/u_mul/GEN_ARRAY.u_mul/u_csa_row0/GEN_CSA_FA[1].u_fa/result[22]_INST_0_i_97/O
                         net (fo=2, routed)           0.577    15.563    GEN_BRAM.u_core/alu/u_mul/u_mul/GEN_ARRAY.u_mul/u_csa_row0/GEN_CSA_FA[1].u_fa/stage_carry[11]_48[22]
    SLICE_X7Y4           LUT5 (Prop_lut5_I3_O)        0.053    15.616 r  GEN_BRAM.u_core/alu/u_mul/u_mul/GEN_ARRAY.u_mul/u_csa_row0/GEN_CSA_FA[1].u_fa/result[22]_INST_0_i_75/O
                         net (fo=3, routed)           0.322    15.938    GEN_BRAM.u_core/alu/u_mul/u_mul/GEN_ARRAY.u_mul/u_csa_row0/GEN_CSA_FA[1].u_fa/stage_sum[12]_37[22]
    SLICE_X6Y3           LUT3 (Prop_lut3_I1_O)        0.053    15.991 r  GEN_BRAM.u_core/alu/u_mul/u_mul/GEN_ARRAY.u_mul/u_csa_row0/GEN_CSA_FA[1].u_fa/result[24]_INST_0_i_102/O
                         net (fo=2, routed)           0.458    16.449    GEN_BRAM.u_core/alu/u_mul/u_mul/GEN_ARRAY.u_mul/u_csa_row0/GEN_CSA_FA[1].u_fa/stage_carry[13]_49[23]
    SLICE_X7Y3           LUT5 (Prop_lut5_I3_O)        0.053    16.502 r  GEN_BRAM.u_core/alu/u_mul/u_mul/GEN_ARRAY.u_mul/u_csa_row0/GEN_CSA_FA[1].u_fa/result[24]_INST_0_i_85/O
                         net (fo=3, routed)           0.571    17.073    GEN_BRAM.u_core/alu/u_mul/u_mul/GEN_ARRAY.u_mul/u_csa_row0/GEN_CSA_FA[1].u_fa/stage_sum[14]_36[23]
    SLICE_X5Y4           LUT5 (Prop_lut5_I1_O)        0.053    17.126 r  GEN_BRAM.u_core/alu/u_mul/u_mul/GEN_ARRAY.u_mul/u_csa_row0/GEN_CSA_FA[1].u_fa/result[24]_INST_0_i_65/O
                         net (fo=3, routed)           0.396    17.522    GEN_BRAM.u_core/alu/u_mul/u_mul/GEN_ARRAY.u_mul/u_csa_row0/GEN_CSA_FA[1].u_fa/stage_sum[16]_35[23]
    SLICE_X4Y5           LUT3 (Prop_lut3_I1_O)        0.053    17.575 r  GEN_BRAM.u_core/alu/u_mul/u_mul/GEN_ARRAY.u_mul/u_csa_row0/GEN_CSA_FA[1].u_fa/result[24]_INST_0_i_72/O
                         net (fo=2, routed)           0.466    18.041    GEN_BRAM.u_core/alu/u_mul/u_mul/GEN_ARRAY.u_mul/u_csa_row0/GEN_CSA_FA[1].u_fa/stage_carry[17]_51[24]
    SLICE_X4Y5           LUT5 (Prop_lut5_I3_O)        0.053    18.094 r  GEN_BRAM.u_core/alu/u_mul/u_mul/GEN_ARRAY.u_mul/u_csa_row0/GEN_CSA_FA[1].u_fa/result[26]_INST_0_i_49/O
                         net (fo=3, routed)           0.442    18.536    GEN_BRAM.u_core/alu/u_mul/u_mul/GEN_ARRAY.u_mul/u_csa_row0/GEN_CSA_FA[1].u_fa/stage_carry[18]_16[25]
    SLICE_X4Y3           LUT3 (Prop_lut3_I0_O)        0.053    18.589 r  GEN_BRAM.u_core/alu/u_mul/u_mul/GEN_ARRAY.u_mul/u_csa_row0/GEN_CSA_FA[1].u_fa/result[26]_INST_0_i_57/O
                         net (fo=2, routed)           0.415    19.004    GEN_BRAM.u_core/alu/u_mul/u_mul/GEN_ARRAY.u_mul/u_csa_row0/GEN_CSA_FA[1].u_fa/stage_carry[19]_52[26]
    SLICE_X3Y3           LUT5 (Prop_lut5_I3_O)        0.053    19.057 r  GEN_BRAM.u_core/alu/u_mul/u_mul/GEN_ARRAY.u_mul/u_csa_row0/GEN_CSA_FA[1].u_fa/result[26]_INST_0_i_35/O
                         net (fo=3, routed)           0.764    19.821    GEN_BRAM.u_core/alu/u_mul/u_mul/GEN_ARRAY.u_mul/u_csa_row0/GEN_CSA_FA[1].u_fa/stage_sum[20]_33[26]
    SLICE_X8Y5           LUT5 (Prop_lut5_I1_O)        0.053    19.874 r  GEN_BRAM.u_core/alu/u_mul/u_mul/GEN_ARRAY.u_mul/u_csa_row0/GEN_CSA_FA[1].u_fa/result[28]_INST_0_i_39/O
                         net (fo=3, routed)           0.641    20.515    GEN_BRAM.u_core/alu/u_mul/u_mul/GEN_ARRAY.u_mul/u_csa_row0/GEN_CSA_FA[1].u_fa/stage_carry[22]_20[27]
    SLICE_X2Y4           LUT3 (Prop_lut3_I0_O)        0.053    20.568 r  GEN_BRAM.u_core/alu/u_mul/u_mul/GEN_ARRAY.u_mul/u_csa_row0/GEN_CSA_FA[1].u_fa/result[28]_INST_0_i_47/O
                         net (fo=2, routed)           0.412    20.980    GEN_BRAM.u_core/alu/u_mul/u_mul/GEN_ARRAY.u_mul/u_csa_row0/GEN_CSA_FA[1].u_fa/stage_carry[23]_54[28]
    SLICE_X1Y4           LUT5 (Prop_lut5_I3_O)        0.053    21.033 r  GEN_BRAM.u_core/alu/u_mul/u_mul/GEN_ARRAY.u_mul/u_csa_row0/GEN_CSA_FA[1].u_fa/result[28]_INST_0_i_26/O
                         net (fo=2, routed)           0.771    21.804    GEN_BRAM.u_core/alu/u_mul/u_mul/GEN_ARRAY.u_mul/u_csa_row0/GEN_CSA_FA[1].u_fa/stage_sum[24]_31[28]
    SLICE_X13Y6          LUT3 (Prop_lut3_I1_O)        0.053    21.857 r  GEN_BRAM.u_core/alu/u_mul/u_mul/GEN_ARRAY.u_mul/u_csa_row0/GEN_CSA_FA[1].u_fa/result[30]_INST_0_i_20/O
                         net (fo=2, routed)           0.304    22.162    GEN_BRAM.u_core/alu/u_mul/u_mul/GEN_ARRAY.u_mul/u_csa_row0/GEN_CSA_FA[1].u_fa/stage_carry[25]_55[29]
    SLICE_X13Y6          LUT5 (Prop_lut5_I3_O)        0.053    22.215 r  GEN_BRAM.u_core/alu/u_mul/u_mul/GEN_ARRAY.u_mul/u_csa_row0/GEN_CSA_FA[1].u_fa/result[30]_INST_0_i_14/O
                         net (fo=2, routed)           0.445    22.659    GEN_BRAM.u_core/alu/u_mul/u_mul/GEN_ARRAY.u_mul/u_csa_row0/GEN_CSA_FA[1].u_fa/stage_carry[26]_24[30]
    SLICE_X14Y7          LUT3 (Prop_lut3_I0_O)        0.053    22.712 r  GEN_BRAM.u_core/alu/u_mul/u_mul/GEN_ARRAY.u_mul/u_csa_row0/GEN_CSA_FA[1].u_fa/result[31]_INST_0_i_33/O
                         net (fo=2, routed)           0.467    23.180    GEN_BRAM.u_core/alu/u_mul/u_mul/GEN_ARRAY.u_mul/u_csa_row0/GEN_CSA_FA[1].u_fa/stage_carry[27]_56[31]
    SLICE_X14Y7          LUT5 (Prop_lut5_I3_O)        0.053    23.233 r  GEN_BRAM.u_core/alu/u_mul/u_mul/GEN_ARRAY.u_mul/u_csa_row0/GEN_CSA_FA[1].u_fa/result[31]_INST_0_i_18/O
                         net (fo=2, routed)           0.469    23.702    GEN_BRAM.u_core/alu/u_mul/u_mul/GEN_ARRAY.u_mul/u_csa_row0/GEN_CSA_FA[1].u_fa/stage_sum[28]_29[31]
    SLICE_X15Y7          LUT5 (Prop_lut5_I3_O)        0.053    23.755 r  GEN_BRAM.u_core/alu/u_mul/u_mul/GEN_ARRAY.u_mul/u_csa_row0/GEN_CSA_FA[1].u_fa/result[1]_INST_0_i_5/O
                         net (fo=4, routed)           0.571    24.325    GEN_BRAM.u_core/alu/u_mul/u_mul/GEN_ARRAY.u_mul/u_csa_row0/GEN_CSA_FA[1].u_fa/stage_carry[29]_59[32]
    SLICE_X11Y7          LUT5 (Prop_lut5_I3_O)        0.068    24.393 r  GEN_BRAM.u_core/alu/u_mul/u_mul/GEN_ARRAY.u_mul/u_csa_row0/GEN_CSA_FA[1].u_fa/result[1]_INST_0_i_6/O
                         net (fo=2, routed)           0.407    24.800    GEN_BRAM.u_core/alu/u_mul/u_mul/GEN_ARRAY.u_mul/u_csa_row0/GEN_CSA_FA[1].u_fa/u_final_cpa/GEN_FINAL_FA[32].u_fa/c2
    SLICE_X11Y8          LUT5 (Prop_lut5_I2_O)        0.180    24.980 r  GEN_BRAM.u_core/alu/u_mul/u_mul/GEN_ARRAY.u_mul/u_csa_row0/GEN_CSA_FA[1].u_fa/result[2]_INST_0_i_9/O
                         net (fo=2, routed)           0.448    25.428    GEN_BRAM.u_core/alu/u_mul/u_mul/GEN_ARRAY.u_mul/u_csa_row0/GEN_CSA_FA[1].u_fa/u_final_cpa/GEN_FINAL_FA[33].u_fa/c2
    SLICE_X11Y8          LUT5 (Prop_lut5_I2_O)        0.187    25.615 r  GEN_BRAM.u_core/alu/u_mul/u_mul/GEN_ARRAY.u_mul/u_csa_row0/GEN_CSA_FA[1].u_fa/result[4]_INST_0_i_14/O
                         net (fo=3, routed)           0.371    25.986    GEN_BRAM.u_core/alu/u_mul/u_mul/GEN_ARRAY.u_mul/u_csa_row0/GEN_CSA_FA[1].u_fa/u_final_cpa/c_35
    SLICE_X12Y9          LUT6 (Prop_lut6_I4_O)        0.169    26.155 r  GEN_BRAM.u_core/alu/u_mul/u_mul/GEN_ARRAY.u_mul/u_csa_row0/GEN_CSA_FA[1].u_fa/result[6]_INST_0_i_12/O
                         net (fo=3, routed)           0.518    26.673    GEN_BRAM.u_core/alu/u_mul/u_mul/GEN_ARRAY.u_mul/u_csa_row0/GEN_CSA_FA[1].u_fa/u_final_cpa/c_37
    SLICE_X12Y9          LUT6 (Prop_lut6_I4_O)        0.053    26.726 r  GEN_BRAM.u_core/alu/u_mul/u_mul/GEN_ARRAY.u_mul/u_csa_row0/GEN_CSA_FA[1].u_fa/result[8]_INST_0_i_13/O
                         net (fo=3, routed)           0.310    27.036    GEN_BRAM.u_core/alu/u_mul/u_mul/GEN_ARRAY.u_mul/u_csa_row0/GEN_CSA_FA[1].u_fa/u_final_cpa/c_39
    SLICE_X13Y9          LUT6 (Prop_lut6_I4_O)        0.053    27.089 r  GEN_BRAM.u_core/alu/u_mul/u_mul/GEN_ARRAY.u_mul/u_csa_row0/GEN_CSA_FA[1].u_fa/result[10]_INST_0_i_12/O
                         net (fo=3, routed)           0.343    27.432    GEN_BRAM.u_core/alu/u_mul/u_mul/GEN_ARRAY.u_mul/u_csa_row0/GEN_CSA_FA[1].u_fa/u_final_cpa/c_41
    SLICE_X13Y10         LUT6 (Prop_lut6_I4_O)        0.053    27.485 r  GEN_BRAM.u_core/alu/u_mul/u_mul/GEN_ARRAY.u_mul/u_csa_row0/GEN_CSA_FA[1].u_fa/result[12]_INST_0_i_13/O
                         net (fo=3, routed)           0.341    27.826    GEN_BRAM.u_core/alu/u_mul/u_mul/GEN_ARRAY.u_mul/u_csa_row0/GEN_CSA_FA[1].u_fa/u_final_cpa/c_43
    SLICE_X14Y11         LUT6 (Prop_lut6_I4_O)        0.053    27.879 r  GEN_BRAM.u_core/alu/u_mul/u_mul/GEN_ARRAY.u_mul/u_csa_row0/GEN_CSA_FA[1].u_fa/result[14]_INST_0_i_12/O
                         net (fo=3, routed)           0.222    28.101    GEN_BRAM.u_core/alu/u_mul/u_mul/GEN_ARRAY.u_mul/u_csa_row0/GEN_CSA_FA[1].u_fa/u_final_cpa/c_45
    SLICE_X14Y11         LUT6 (Prop_lut6_I4_O)        0.053    28.154 r  GEN_BRAM.u_core/alu/u_mul/u_mul/GEN_ARRAY.u_mul/u_csa_row0/GEN_CSA_FA[1].u_fa/result[16]_INST_0_i_13/O
                         net (fo=3, routed)           0.287    28.441    GEN_BRAM.u_core/alu/u_mul/u_mul/GEN_ARRAY.u_mul/u_csa_row0/GEN_CSA_FA[1].u_fa/u_final_cpa/c_47
    SLICE_X15Y11         LUT6 (Prop_lut6_I4_O)        0.053    28.494 r  GEN_BRAM.u_core/alu/u_mul/u_mul/GEN_ARRAY.u_mul/u_csa_row0/GEN_CSA_FA[1].u_fa/result[18]_INST_0_i_12/O
                         net (fo=3, routed)           0.338    28.832    GEN_BRAM.u_core/alu/u_mul/u_mul/GEN_ARRAY.u_mul/u_csa_row0/GEN_CSA_FA[1].u_fa/u_final_cpa/c_49
    SLICE_X14Y12         LUT6 (Prop_lut6_I4_O)        0.053    28.885 r  GEN_BRAM.u_core/alu/u_mul/u_mul/GEN_ARRAY.u_mul/u_csa_row0/GEN_CSA_FA[1].u_fa/result[20]_INST_0_i_13/O
                         net (fo=3, routed)           0.252    29.138    GEN_BRAM.u_core/alu/u_mul/u_mul/GEN_ARRAY.u_mul/u_csa_row0/GEN_CSA_FA[1].u_fa/u_final_cpa/c_51
    SLICE_X14Y13         LUT6 (Prop_lut6_I4_O)        0.053    29.191 r  GEN_BRAM.u_core/alu/u_mul/u_mul/GEN_ARRAY.u_mul/u_csa_row0/GEN_CSA_FA[1].u_fa/result[22]_INST_0_i_12/O
                         net (fo=3, routed)           0.300    29.491    GEN_BRAM.u_core/alu/u_mul/u_mul/GEN_ARRAY.u_mul/u_csa_row0/GEN_CSA_FA[1].u_fa/u_final_cpa/c_53
    SLICE_X13Y13         LUT6 (Prop_lut6_I4_O)        0.053    29.544 r  GEN_BRAM.u_core/alu/u_mul/u_mul/GEN_ARRAY.u_mul/u_csa_row0/GEN_CSA_FA[1].u_fa/result[24]_INST_0_i_13/O
                         net (fo=3, routed)           0.204    29.748    GEN_BRAM.u_core/alu/u_mul/u_mul/GEN_ARRAY.u_mul/u_csa_row0/GEN_CSA_FA[1].u_fa/u_final_cpa/c_55
    SLICE_X13Y13         LUT6 (Prop_lut6_I4_O)        0.053    29.801 r  GEN_BRAM.u_core/alu/u_mul/u_mul/GEN_ARRAY.u_mul/u_csa_row0/GEN_CSA_FA[1].u_fa/result[26]_INST_0_i_12/O
                         net (fo=3, routed)           0.367    30.169    GEN_BRAM.u_core/alu/u_mul/u_mul/GEN_ARRAY.u_mul/u_csa_row0/GEN_CSA_FA[1].u_fa/u_final_cpa/c_57
    SLICE_X13Y14         LUT6 (Prop_lut6_I4_O)        0.053    30.222 r  GEN_BRAM.u_core/alu/u_mul/u_mul/GEN_ARRAY.u_mul/u_csa_row0/GEN_CSA_FA[1].u_fa/result[28]_INST_0_i_13/O
                         net (fo=3, routed)           0.241    30.462    GEN_BRAM.u_core/alu/u_mul/u_mul/GEN_ARRAY.u_mul/u_csa_row0/GEN_CSA_FA[1].u_fa/u_final_cpa/c_59
    SLICE_X13Y14         LUT6 (Prop_lut6_I4_O)        0.053    30.515 r  GEN_BRAM.u_core/alu/u_mul/u_mul/GEN_ARRAY.u_mul/u_csa_row0/GEN_CSA_FA[1].u_fa/result[31]_INST_0_i_13/O
                         net (fo=3, routed)           0.369    30.884    GEN_BRAM.u_core/alu/u_mul/u_mul/GEN_ARRAY.u_mul/u_csa_row0/GEN_CSA_FA[1].u_fa/u_final_cpa/c_61
    SLICE_X11Y15         LUT5 (Prop_lut5_I4_O)        0.053    30.937 r  GEN_BRAM.u_core/alu/u_mul/u_mul/GEN_ARRAY.u_mul/u_csa_row0/GEN_CSA_FA[1].u_fa/result[29]_INST_0_i_2/O
                         net (fo=2, routed)           0.000    30.937    GEN_BRAM.u_core/alu/u_mul/u_mul/GEN_ARRAY.u_mul/u_csa_row0/GEN_CSA_FA[1].u_fa/p_0_in[61]
    SLICE_X11Y15         CARRY4 (Prop_carry4_S[0]_O[1])
                                                      0.271    31.208 r  GEN_BRAM.u_core/alu/u_mul/u_mul/GEN_ARRAY.u_mul/u_csa_row0/GEN_CSA_FA[1].u_fa/result[31]_INST_0_i_6/O[1]
                         net (fo=1, routed)           0.428    31.636    GEN_BRAM.u_core/alu/u_mul/u_mul/GEN_ARRAY.u_mul/u_csa_row0/GEN_CSA_FA[1].u_fa/signed_product0[62]
    SLICE_X13Y15         LUT6 (Prop_lut6_I5_O)        0.152    31.788 r  GEN_BRAM.u_core/alu/u_mul/u_mul/GEN_ARRAY.u_mul/u_csa_row0/GEN_CSA_FA[1].u_fa/result[30]_INST_0/O
                         net (fo=1, routed)           0.377    32.165    GEN_BRAM.u_core/reg_file/result[26]
    SLICE_X14Y16         LUT6 (Prop_lut6_I2_O)        0.053    32.218 r  GEN_BRAM.u_core/reg_file/debug_alu_out_OBUF[30]_inst_i_4/O
                         net (fo=1, routed)           0.235    32.453    GEN_BRAM.u_core/reg_file/debug_alu_out_OBUF[30]_inst_i_4_n_0
    SLICE_X15Y17         LUT6 (Prop_lut6_I5_O)        0.053    32.506 r  GEN_BRAM.u_core/reg_file/debug_alu_out_OBUF[30]_inst_i_1/O
                         net (fo=3, routed)           0.152    32.658    GEN_BRAM.u_core/wb_mux/debug_alu_out_OBUF[30]
    SLICE_X15Y17         LUT6 (Prop_lut6_I0_O)        0.053    32.711 r  GEN_BRAM.u_core/wb_mux/registers_reg_r1_0_31_30_31_i_3/O
                         net (fo=1, routed)           0.447    33.158    GEN_BRAM.u_core/divider/wb_exec[30]
    SLICE_X11Y16         LUT6 (Prop_lut6_I5_O)        0.053    33.211 r  GEN_BRAM.u_core/divider/registers_reg_r1_0_31_30_31_i_1/O
                         net (fo=4, routed)           0.264    33.474    GEN_BRAM.u_core/reg_file/registers_reg_r1_0_31_30_31/D
    SLICE_X10Y15         RAMD32                                       r  GEN_BRAM.u_core/reg_file/registers_reg_r1_0_31_30_31/DP/I
  -------------------------------------------------------------------    -------------------

                         (clock sys_clk rise edge)   30.000    30.000 r  
    AD23                                              0.000    30.000 r  clk (IN)
                         net (fo=0)                   0.000    30.000    clk
    AD23                 IBUF (Prop_ibuf_I_O)         0.796    30.796 r  clk_IBUF_inst/O
                         net (fo=1, routed)           1.741    32.537    clk_IBUF
    BUFGCTRL_X0Y0        BUFG (Prop_bufg_I_O)         0.113    32.650 r  clk_IBUF_BUFG_inst/O
                         net (fo=350, routed)         1.539    34.189    GEN_BRAM.u_core/reg_file/registers_reg_r1_0_31_30_31/WCLK
    SLICE_X10Y15         RAMD32                                       r  GEN_BRAM.u_core/reg_file/registers_reg_r1_0_31_30_31/DP/CLK
                         clock pessimism              0.256    34.446    
                         clock uncertainty           -0.035    34.410    
    SLICE_X10Y15         RAMD32 (Setup_ramd32_CLK_I)
                                                     -0.174    34.236    GEN_BRAM.u_core/reg_file/registers_reg_r1_0_31_30_31/DP
  -------------------------------------------------------------------
                         required time                         34.236    
                         arrival time                         -33.474    
  -------------------------------------------------------------------
                         slack                                  0.762    

Slack (MET) :             0.773ns  (required time - arrival time)
  Source:                 GEN_BRAM.u_core/ir_reg[20]/C
                            (rising edge-triggered cell FDCE clocked by sys_clk  {rise@0.000ns fall@15.000ns period=30.000ns})
  Destination:            GEN_BRAM.u_core/reg_file/registers_reg_r1_0_31_30_31__0/SP/I
                            (rising edge-triggered cell RAMD32 clocked by sys_clk  {rise@0.000ns fall@15.000ns period=30.000ns})
  Path Group:             sys_clk
  Path Type:              Setup (Max at Slow Process Corner)
  Requirement:            30.000ns  (sys_clk rise@30.000ns - sys_clk rise@0.000ns)
  Data Path Delay:        29.112ns  (logic 3.919ns (13.462%)  route 25.193ns (86.538%))
  Logic Levels:           55  (CARRY4=1 LUT2=1 LUT3=11 LUT4=1 LUT5=18 LUT6=22 RAMD32=1)
  Clock Path Skew:        -0.029ns (DCD - SCD + CPR)
    Destination Clock Delay (DCD):    4.189ns = ( 34.189 - 30.000 ) 
    Source Clock Delay      (SCD):    4.475ns
    Clock Pessimism Removal (CPR):    0.256ns
  Clock Uncertainty:      0.035ns  ((TSJ^2 + TIJ^2)^1/2 + DJ) / 2 + PE
    Total System Jitter     (TSJ):    0.071ns
    Total Input Jitter      (TIJ):    0.000ns
    Discrete Jitter          (DJ):    0.000ns
    Phase Error              (PE):    0.000ns

    Location             Delay type                Incr(ns)  Path(ns)    Netlist Resource(s)
  -------------------------------------------------------------------    -------------------
                         (clock sys_clk rise edge)    0.000     0.000 r  
    AD23                                              0.000     0.000 r  clk (IN)
                         net (fo=0)                   0.000     0.000    clk
    AD23                 IBUF (Prop_ibuf_I_O)         0.873     0.873 r  clk_IBUF_inst/O
                         net (fo=1, routed)           1.830     2.703    clk_IBUF
    BUFGCTRL_X0Y0        BUFG (Prop_bufg_I_O)         0.120     2.823 r  clk_IBUF_BUFG_inst/O
                         net (fo=350, routed)         1.652     4.475    GEN_BRAM.u_core/clk_IBUF_BUFG
    SLICE_X8Y12          FDCE                                         r  GEN_BRAM.u_core/ir_reg[20]/C
  -------------------------------------------------------------------    -------------------
    SLICE_X8Y12          FDCE (Prop_fdce_C_Q)         0.308     4.783 r  GEN_BRAM.u_core/ir_reg[20]/Q
                         net (fo=66, routed)          0.961     5.744    GEN_BRAM.u_core/reg_file/registers_reg_r2_0_31_30_31__0/DPRA0
    SLICE_X10Y15         RAMD32 (Prop_ramd32_RADR0_O)
                                                      0.053     5.797 f  GEN_BRAM.u_core/reg_file/registers_reg_r2_0_31_30_31__0/DP/O
                         net (fo=42, routed)          0.763     6.560    GEN_BRAM.u_core/alu_mux_b/dataR20[26]
    SLICE_X9Y18          LUT6 (Prop_lut6_I3_O)        0.053     6.613 r  GEN_BRAM.u_core/alu_mux_b/u_mul_i_1/O
                         net (fo=52, routed)          0.620     7.233    GEN_BRAM.u_core/alu/u_mul/u_mul/GEN_ARRAY.u_mul/u_csa_row0/GEN_CSA_FA[1].u_fa/result[30]_INST_0_i_11_n_0
    SLICE_X10Y11         LUT4 (Prop_lut4_I3_O)        0.056     7.289 r  GEN_BRAM.u_core/alu/u_mul/u_mul/GEN_ARRAY.u_mul/u_csa_row0/GEN_CSA_FA[1].u_fa/result[4]_INST_0_i_7/O
                         net (fo=111, routed)         1.034     8.323    GEN_BRAM.u_core/alu/u_mul/u_mul/GEN_ARRAY.u_mul/u_csa_row0/GEN_CSA_FA[1].u_fa/result[4]_INST_0_i_7_n_0
    SLICE_X6Y14          LUT6 (Prop_lut6_I4_O)        0.168     8.491 r  GEN_BRAM.u_core/alu/u_mul/u_mul/GEN_ARRAY.u_mul/u_csa_row0/GEN_CSA_FA[1].u_fa/result[14]_INST_0_i_130/O
                         net (fo=2, routed)           0.355     8.846    GEN_BRAM.u_core/alu/u_mul/u_mul/GEN_ARRAY.u_mul/u_csa_row0/GEN_CSA_FA[1].u_fa/pp[2]_91[13]
    SLICE_X6Y13          LUT6 (Prop_lut6_I5_O)        0.053     8.899 r  GEN_BRAM.u_core/alu/u_mul/u_mul/GEN_ARRAY.u_mul/u_csa_row0/GEN_CSA_FA[1].u_fa/result[14]_INST_0_i_114/O
                         net (fo=3, routed)           0.768     9.667    GEN_BRAM.u_core/alu/u_mul/u_mul/GEN_ARRAY.u_mul/u_csa_row0/GEN_CSA_FA[1].u_fa/stage_carry[0]_58[14]
    SLICE_X15Y13         LUT3 (Prop_lut3_I0_O)        0.053     9.720 r  GEN_BRAM.u_core/alu/u_mul/u_mul/GEN_ARRAY.u_mul/u_csa_row0/GEN_CSA_FA[1].u_fa/result[16]_INST_0_i_147/O
                         net (fo=2, routed)           0.241     9.961    GEN_BRAM.u_core/alu/u_mul/u_mul/GEN_ARRAY.u_mul/u_csa_row0/GEN_CSA_FA[1].u_fa/stage_carry[1]_43[15]
    SLICE_X17Y13         LUT5 (Prop_lut5_I3_O)        0.053    10.014 r  GEN_BRAM.u_core/alu/u_mul/u_mul/GEN_ARRAY.u_mul/u_csa_row0/GEN_CSA_FA[1].u_fa/result[16]_INST_0_i_125/O
                         net (fo=3, routed)           1.041    11.054    GEN_BRAM.u_core/alu/u_mul/u_mul/GEN_ARRAY.u_mul/u_csa_row0/GEN_CSA_FA[1].u_fa/stage_sum[2]_42[15]
    SLICE_X7Y13          LUT5 (Prop_lut5_I1_O)        0.053    11.107 r  GEN_BRAM.u_core/alu/u_mul/u_mul/GEN_ARRAY.u_mul/u_csa_row0/GEN_CSA_FA[1].u_fa/result[16]_INST_0_i_109/O
                         net (fo=3, routed)           0.720    11.827    GEN_BRAM.u_core/alu/u_mul/u_mul/GEN_ARRAY.u_mul/u_csa_row0/GEN_CSA_FA[1].u_fa/stage_carry[4]_2[16]
    SLICE_X16Y12         LUT3 (Prop_lut3_I0_O)        0.053    11.880 r  GEN_BRAM.u_core/alu/u_mul/u_mul/GEN_ARRAY.u_mul/u_csa_row0/GEN_CSA_FA[1].u_fa/result[18]_INST_0_i_112/O
                         net (fo=2, routed)           0.577    12.457    GEN_BRAM.u_core/alu/u_mul/u_mul/GEN_ARRAY.u_mul/u_csa_row0/GEN_CSA_FA[1].u_fa/stage_carry[5]_45[17]
    SLICE_X16Y10         LUT5 (Prop_lut5_I3_O)        0.053    12.510 r  GEN_BRAM.u_core/alu/u_mul/u_mul/GEN_ARRAY.u_mul/u_csa_row0/GEN_CSA_FA[1].u_fa/result[18]_INST_0_i_94/O
                         net (fo=3, routed)           0.643    13.153    GEN_BRAM.u_core/alu/u_mul/u_mul/GEN_ARRAY.u_mul/u_csa_row0/GEN_CSA_FA[1].u_fa/stage_carry[6]_4[18]
    SLICE_X16Y8          LUT3 (Prop_lut3_I0_O)        0.053    13.206 r  GEN_BRAM.u_core/alu/u_mul/u_mul/GEN_ARRAY.u_mul/u_csa_row0/GEN_CSA_FA[1].u_fa/result[20]_INST_0_i_127/O
                         net (fo=2, routed)           0.310    13.516    GEN_BRAM.u_core/alu/u_mul/u_mul/GEN_ARRAY.u_mul/u_csa_row0/GEN_CSA_FA[1].u_fa/stage_carry[7]_46[19]
    SLICE_X15Y8          LUT5 (Prop_lut5_I3_O)        0.053    13.569 r  GEN_BRAM.u_core/alu/u_mul/u_mul/GEN_ARRAY.u_mul/u_csa_row0/GEN_CSA_FA[1].u_fa/result[20]_INST_0_i_109/O
                         net (fo=3, routed)           0.416    13.985    GEN_BRAM.u_core/alu/u_mul/u_mul/GEN_ARRAY.u_mul/u_csa_row0/GEN_CSA_FA[1].u_fa/stage_carry[8]_6[20]
    SLICE_X15Y5          LUT3 (Prop_lut3_I0_O)        0.053    14.038 r  GEN_BRAM.u_core/alu/u_mul/u_mul/GEN_ARRAY.u_mul/u_csa_row0/GEN_CSA_FA[1].u_fa/result[22]_INST_0_i_107/O
                         net (fo=2, routed)           0.316    14.354    GEN_BRAM.u_core/alu/u_mul/u_mul/GEN_ARRAY.u_mul/u_csa_row0/GEN_CSA_FA[1].u_fa/stage_carry[9]_47[21]
    SLICE_X15Y5          LUT5 (Prop_lut5_I3_O)        0.053    14.407 r  GEN_BRAM.u_core/alu/u_mul/u_mul/GEN_ARRAY.u_mul/u_csa_row0/GEN_CSA_FA[1].u_fa/result[22]_INST_0_i_90/O
                         net (fo=3, routed)           0.526    14.933    GEN_BRAM.u_core/alu/u_mul/u_mul/GEN_ARRAY.u_mul/u_csa_row0/GEN_CSA_FA[1].u_fa/stage_sum[10]_38[21]
    SLICE_X6Y4           LUT3 (Prop_lut3_I1_O)        0.053    14.986 r  GEN_BRAM.u_core/alu/u_mul/u_mul/GEN_ARRAY.u_mul/u_csa_row0/GEN_CSA_FA[1].u_fa/result[22]_INST_0_i_97/O
                         net (fo=2, routed)           0.577    15.563    GEN_BRAM.u_core/alu/u_mul/u_mul/GEN_ARRAY.u_mul/u_csa_row0/GEN_CSA_FA[1].u_fa/stage_carry[11]_48[22]
    SLICE_X7Y4           LUT5 (Prop_lut5_I3_O)        0.053    15.616 r  GEN_BRAM.u_core/alu/u_mul/u_mul/GEN_ARRAY.u_mul/u_csa_row0/GEN_CSA_FA[1].u_fa/result[22]_INST_0_i_75/O
                         net (fo=3, routed)           0.322    15.938    GEN_BRAM.u_core/alu/u_mul/u_mul/GEN_ARRAY.u_mul/u_csa_row0/GEN_CSA_FA[1].u_fa/stage_sum[12]_37[22]
    SLICE_X6Y3           LUT3 (Prop_lut3_I1_O)        0.053    15.991 r  GEN_BRAM.u_core/alu/u_mul/u_mul/GEN_ARRAY.u_mul/u_csa_row0/GEN_CSA_FA[1].u_fa/result[24]_INST_0_i_102/O
                         net (fo=2, routed)           0.458    16.449    GEN_BRAM.u_core/alu/u_mul/u_mul/GEN_ARRAY.u_mul/u_csa_row0/GEN_CSA_FA[1].u_fa/stage_carry[13]_49[23]
    SLICE_X7Y3           LUT5 (Prop_lut5_I3_O)        0.053    16.502 r  GEN_BRAM.u_core/alu/u_mul/u_mul/GEN_ARRAY.u_mul/u_csa_row0/GEN_CSA_FA[1].u_fa/result[24]_INST_0_i_85/O
                         net (fo=3, routed)           0.571    17.073    GEN_BRAM.u_core/alu/u_mul/u_mul/GEN_ARRAY.u_mul/u_csa_row0/GEN_CSA_FA[1].u_fa/stage_sum[14]_36[23]
    SLICE_X5Y4           LUT5 (Prop_lut5_I1_O)        0.053    17.126 r  GEN_BRAM.u_core/alu/u_mul/u_mul/GEN_ARRAY.u_mul/u_csa_row0/GEN_CSA_FA[1].u_fa/result[24]_INST_0_i_65/O
                         net (fo=3, routed)           0.396    17.522    GEN_BRAM.u_core/alu/u_mul/u_mul/GEN_ARRAY.u_mul/u_csa_row0/GEN_CSA_FA[1].u_fa/stage_sum[16]_35[23]
    SLICE_X4Y5           LUT3 (Prop_lut3_I1_O)        0.053    17.575 r  GEN_BRAM.u_core/alu/u_mul/u_mul/GEN_ARRAY.u_mul/u_csa_row0/GEN_CSA_FA[1].u_fa/result[24]_INST_0_i_72/O
                         net (fo=2, routed)           0.466    18.041    GEN_BRAM.u_core/alu/u_mul/u_mul/GEN_ARRAY.u_mul/u_csa_row0/GEN_CSA_FA[1].u_fa/stage_carry[17]_51[24]
    SLICE_X4Y5           LUT5 (Prop_lut5_I3_O)        0.053    18.094 r  GEN_BRAM.u_core/alu/u_mul/u_mul/GEN_ARRAY.u_mul/u_csa_row0/GEN_CSA_FA[1].u_fa/result[26]_INST_0_i_49/O
                         net (fo=3, routed)           0.442    18.536    GEN_BRAM.u_core/alu/u_mul/u_mul/GEN_ARRAY.u_mul/u_csa_row0/GEN_CSA_FA[1].u_fa/stage_carry[18]_16[25]
    SLICE_X4Y3           LUT3 (Prop_lut3_I0_O)        0.053    18.589 r  GEN_BRAM.u_core/alu/u_mul/u_mul/GEN_ARRAY.u_mul/u_csa_row0/GEN_CSA_FA[1].u_fa/result[26]_INST_0_i_57/O
                         net (fo=2, routed)           0.415    19.004    GEN_BRAM.u_core/alu/u_mul/u_mul/GEN_ARRAY.u_mul/u_csa_row0/GEN_CSA_FA[1].u_fa/stage_carry[19]_52[26]
    SLICE_X3Y3           LUT5 (Prop_lut5_I3_O)        0.053    19.057 r  GEN_BRAM.u_core/alu/u_mul/u_mul/GEN_ARRAY.u_mul/u_csa_row0/GEN_CSA_FA[1].u_fa/result[26]_INST_0_i_35/O
                         net (fo=3, routed)           0.764    19.821    GEN_BRAM.u_core/alu/u_mul/u_mul/GEN_ARRAY.u_mul/u_csa_row0/GEN_CSA_FA[1].u_fa/stage_sum[20]_33[26]
    SLICE_X8Y5           LUT5 (Prop_lut5_I1_O)        0.053    19.874 r  GEN_BRAM.u_core/alu/u_mul/u_mul/GEN_ARRAY.u_mul/u_csa_row0/GEN_CSA_FA[1].u_fa/result[28]_INST_0_i_39/O
                         net (fo=3, routed)           0.641    20.515    GEN_BRAM.u_core/alu/u_mul/u_mul/GEN_ARRAY.u_mul/u_csa_row0/GEN_CSA_FA[1].u_fa/stage_carry[22]_20[27]
    SLICE_X2Y4           LUT3 (Prop_lut3_I0_O)        0.053    20.568 r  GEN_BRAM.u_core/alu/u_mul/u_mul/GEN_ARRAY.u_mul/u_csa_row0/GEN_CSA_FA[1].u_fa/result[28]_INST_0_i_47/O
                         net (fo=2, routed)           0.412    20.980    GEN_BRAM.u_core/alu/u_mul/u_mul/GEN_ARRAY.u_mul/u_csa_row0/GEN_CSA_FA[1].u_fa/stage_carry[23]_54[28]
    SLICE_X1Y4           LUT5 (Prop_lut5_I3_O)        0.053    21.033 r  GEN_BRAM.u_core/alu/u_mul/u_mul/GEN_ARRAY.u_mul/u_csa_row0/GEN_CSA_FA[1].u_fa/result[28]_INST_0_i_26/O
                         net (fo=2, routed)           0.771    21.804    GEN_BRAM.u_core/alu/u_mul/u_mul/GEN_ARRAY.u_mul/u_csa_row0/GEN_CSA_FA[1].u_fa/stage_sum[24]_31[28]
    SLICE_X13Y6          LUT3 (Prop_lut3_I1_O)        0.053    21.857 r  GEN_BRAM.u_core/alu/u_mul/u_mul/GEN_ARRAY.u_mul/u_csa_row0/GEN_CSA_FA[1].u_fa/result[30]_INST_0_i_20/O
                         net (fo=2, routed)           0.304    22.162    GEN_BRAM.u_core/alu/u_mul/u_mul/GEN_ARRAY.u_mul/u_csa_row0/GEN_CSA_FA[1].u_fa/stage_carry[25]_55[29]
    SLICE_X13Y6          LUT5 (Prop_lut5_I3_O)        0.053    22.215 r  GEN_BRAM.u_core/alu/u_mul/u_mul/GEN_ARRAY.u_mul/u_csa_row0/GEN_CSA_FA[1].u_fa/result[30]_INST_0_i_14/O
                         net (fo=2, routed)           0.445    22.659    GEN_BRAM.u_core/alu/u_mul/u_mul/GEN_ARRAY.u_mul/u_csa_row0/GEN_CSA_FA[1].u_fa/stage_carry[26]_24[30]
    SLICE_X14Y7          LUT3 (Prop_lut3_I0_O)        0.053    22.712 r  GEN_BRAM.u_core/alu/u_mul/u_mul/GEN_ARRAY.u_mul/u_csa_row0/GEN_CSA_FA[1].u_fa/result[31]_INST_0_i_33/O
                         net (fo=2, routed)           0.467    23.180    GEN_BRAM.u_core/alu/u_mul/u_mul/GEN_ARRAY.u_mul/u_csa_row0/GEN_CSA_FA[1].u_fa/stage_carry[27]_56[31]
    SLICE_X14Y7          LUT5 (Prop_lut5_I3_O)        0.053    23.233 r  GEN_BRAM.u_core/alu/u_mul/u_mul/GEN_ARRAY.u_mul/u_csa_row0/GEN_CSA_FA[1].u_fa/result[31]_INST_0_i_18/O
                         net (fo=2, routed)           0.469    23.702    GEN_BRAM.u_core/alu/u_mul/u_mul/GEN_ARRAY.u_mul/u_csa_row0/GEN_CSA_FA[1].u_fa/stage_sum[28]_29[31]
    SLICE_X15Y7          LUT5 (Prop_lut5_I3_O)        0.053    23.755 r  GEN_BRAM.u_core/alu/u_mul/u_mul/GEN_ARRAY.u_mul/u_csa_row0/GEN_CSA_FA[1].u_fa/result[1]_INST_0_i_5/O
                         net (fo=4, routed)           0.571    24.325    GEN_BRAM.u_core/alu/u_mul/u_mul/GEN_ARRAY.u_mul/u_csa_row0/GEN_CSA_FA[1].u_fa/stage_carry[29]_59[32]
    SLICE_X11Y7          LUT5 (Prop_lut5_I3_O)        0.068    24.393 f  GEN_BRAM.u_core/alu/u_mul/u_mul/GEN_ARRAY.u_mul/u_csa_row0/GEN_CSA_FA[1].u_fa/result[1]_INST_0_i_6/O
                         net (fo=2, routed)           0.407    24.800    GEN_BRAM.u_core/alu/u_mul/u_mul/GEN_ARRAY.u_mul/u_csa_row0/GEN_CSA_FA[1].u_fa/u_final_cpa/GEN_FINAL_FA[32].u_fa/c2
    SLICE_X11Y8          LUT5 (Prop_lut5_I2_O)        0.180    24.980 f  GEN_BRAM.u_core/alu/u_mul/u_mul/GEN_ARRAY.u_mul/u_csa_row0/GEN_CSA_FA[1].u_fa/result[2]_INST_0_i_9/O
                         net (fo=2, routed)           0.448    25.428    GEN_BRAM.u_core/alu/u_mul/u_mul/GEN_ARRAY.u_mul/u_csa_row0/GEN_CSA_FA[1].u_fa/u_final_cpa/GEN_FINAL_FA[33].u_fa/c2
    SLICE_X11Y8          LUT5 (Prop_lut5_I2_O)        0.187    25.615 f  GEN_BRAM.u_core/alu/u_mul/u_mul/GEN_ARRAY.u_mul/u_csa_row0/GEN_CSA_FA[1].u_fa/result[4]_INST_0_i_14/O
                         net (fo=3, routed)           0.371    25.986    GEN_BRAM.u_core/alu/u_mul/u_mul/GEN_ARRAY.u_mul/u_csa_row0/GEN_CSA_FA[1].u_fa/u_final_cpa/c_35
    SLICE_X12Y9          LUT6 (Prop_lut6_I4_O)        0.169    26.155 f  GEN_BRAM.u_core/alu/u_mul/u_mul/GEN_ARRAY.u_mul/u_csa_row0/GEN_CSA_FA[1].u_fa/result[6]_INST_0_i_12/O
                         net (fo=3, routed)           0.518    26.673    GEN_BRAM.u_core/alu/u_mul/u_mul/GEN_ARRAY.u_mul/u_csa_row0/GEN_CSA_FA[1].u_fa/u_final_cpa/c_37
    SLICE_X12Y9          LUT6 (Prop_lut6_I4_O)        0.053    26.726 f  GEN_BRAM.u_core/alu/u_mul/u_mul/GEN_ARRAY.u_mul/u_csa_row0/GEN_CSA_FA[1].u_fa/result[8]_INST_0_i_13/O
                         net (fo=3, routed)           0.310    27.036    GEN_BRAM.u_core/alu/u_mul/u_mul/GEN_ARRAY.u_mul/u_csa_row0/GEN_CSA_FA[1].u_fa/u_final_cpa/c_39
    SLICE_X13Y9          LUT6 (Prop_lut6_I4_O)        0.053    27.089 f  GEN_BRAM.u_core/alu/u_mul/u_mul/GEN_ARRAY.u_mul/u_csa_row0/GEN_CSA_FA[1].u_fa/result[10]_INST_0_i_12/O
                         net (fo=3, routed)           0.343    27.432    GEN_BRAM.u_core/alu/u_mul/u_mul/GEN_ARRAY.u_mul/u_csa_row0/GEN_CSA_FA[1].u_fa/u_final_cpa/c_41
    SLICE_X13Y10         LUT6 (Prop_lut6_I4_O)        0.053    27.485 f  GEN_BRAM.u_core/alu/u_mul/u_mul/GEN_ARRAY.u_mul/u_csa_row0/GEN_CSA_FA[1].u_fa/result[12]_INST_0_i_13/O
                         net (fo=3, routed)           0.341    27.826    GEN_BRAM.u_core/alu/u_mul/u_mul/GEN_ARRAY.u_mul/u_csa_row0/GEN_CSA_FA[1].u_fa/u_final_cpa/c_43
    SLICE_X14Y11         LUT6 (Prop_lut6_I4_O)        0.053    27.879 f  GEN_BRAM.u_core/alu/u_mul/u_mul/GEN_ARRAY.u_mul/u_csa_row0/GEN_CSA_FA[1].u_fa/result[14]_INST_0_i_12/O
                         net (fo=3, routed)           0.222    28.101    GEN_BRAM.u_core/alu/u_mul/u_mul/GEN_ARRAY.u_mul/u_csa_row0/GEN_CSA_FA[1].u_fa/u_final_cpa/c_45
    SLICE_X14Y11         LUT6 (Prop_lut6_I4_O)        0.053    28.154 f  GEN_BRAM.u_core/alu/u_mul/u_mul/GEN_ARRAY.u_mul/u_csa_row0/GEN_CSA_FA[1].u_fa/result[16]_INST_0_i_13/O
                         net (fo=3, routed)           0.287    28.441    GEN_BRAM.u_core/alu/u_mul/u_mul/GEN_ARRAY.u_mul/u_csa_row0/GEN_CSA_FA[1].u_fa/u_final_cpa/c_47
    SLICE_X15Y11         LUT6 (Prop_lut6_I4_O)        0.053    28.494 f  GEN_BRAM.u_core/alu/u_mul/u_mul/GEN_ARRAY.u_mul/u_csa_row0/GEN_CSA_FA[1].u_fa/result[18]_INST_0_i_12/O
                         net (fo=3, routed)           0.338    28.832    GEN_BRAM.u_core/alu/u_mul/u_mul/GEN_ARRAY.u_mul/u_csa_row0/GEN_CSA_FA[1].u_fa/u_final_cpa/c_49
    SLICE_X14Y12         LUT6 (Prop_lut6_I4_O)        0.053    28.885 f  GEN_BRAM.u_core/alu/u_mul/u_mul/GEN_ARRAY.u_mul/u_csa_row0/GEN_CSA_FA[1].u_fa/result[20]_INST_0_i_13/O
                         net (fo=3, routed)           0.252    29.138    GEN_BRAM.u_core/alu/u_mul/u_mul/GEN_ARRAY.u_mul/u_csa_row0/GEN_CSA_FA[1].u_fa/u_final_cpa/c_51
    SLICE_X14Y13         LUT6 (Prop_lut6_I4_O)        0.053    29.191 f  GEN_BRAM.u_core/alu/u_mul/u_mul/GEN_ARRAY.u_mul/u_csa_row0/GEN_CSA_FA[1].u_fa/result[22]_INST_0_i_12/O
                         net (fo=3, routed)           0.300    29.491    GEN_BRAM.u_core/alu/u_mul/u_mul/GEN_ARRAY.u_mul/u_csa_row0/GEN_CSA_FA[1].u_fa/u_final_cpa/c_53
    SLICE_X13Y13         LUT6 (Prop_lut6_I4_O)        0.053    29.544 f  GEN_BRAM.u_core/alu/u_mul/u_mul/GEN_ARRAY.u_mul/u_csa_row0/GEN_CSA_FA[1].u_fa/result[24]_INST_0_i_13/O
                         net (fo=3, routed)           0.204    29.748    GEN_BRAM.u_core/alu/u_mul/u_mul/GEN_ARRAY.u_mul/u_csa_row0/GEN_CSA_FA[1].u_fa/u_final_cpa/c_55
    SLICE_X13Y13         LUT6 (Prop_lut6_I4_O)        0.053    29.801 f  GEN_BRAM.u_core/alu/u_mul/u_mul/GEN_ARRAY.u_mul/u_csa_row0/GEN_CSA_FA[1].u_fa/result[26]_INST_0_i_12/O
                         net (fo=3, routed)           0.367    30.169    GEN_BRAM.u_core/alu/u_mul/u_mul/GEN_ARRAY.u_mul/u_csa_row0/GEN_CSA_FA[1].u_fa/u_final_cpa/c_57
    SLICE_X13Y14         LUT6 (Prop_lut6_I4_O)        0.053    30.222 f  GEN_BRAM.u_core/alu/u_mul/u_mul/GEN_ARRAY.u_mul/u_csa_row0/GEN_CSA_FA[1].u_fa/result[28]_INST_0_i_13/O
                         net (fo=3, routed)           0.241    30.462    GEN_BRAM.u_core/alu/u_mul/u_mul/GEN_ARRAY.u_mul/u_csa_row0/GEN_CSA_FA[1].u_fa/u_final_cpa/c_59
    SLICE_X13Y14         LUT6 (Prop_lut6_I4_O)        0.053    30.515 f  GEN_BRAM.u_core/alu/u_mul/u_mul/GEN_ARRAY.u_mul/u_csa_row0/GEN_CSA_FA[1].u_fa/result[31]_INST_0_i_13/O
                         net (fo=3, routed)           0.340    30.855    GEN_BRAM.u_core/alu/u_mul/u_mul/GEN_ARRAY.u_mul/u_csa_row0/GEN_CSA_FA[1].u_fa/u_final_cpa/c_61
    SLICE_X13Y15         LUT6 (Prop_lut6_I4_O)        0.053    30.908 f  GEN_BRAM.u_core/alu/u_mul/u_mul/GEN_ARRAY.u_mul/u_csa_row0/GEN_CSA_FA[1].u_fa/result[31]_INST_0_i_4/O
                         net (fo=2, routed)           0.421    31.329    GEN_BRAM.u_core/alu/u_mul/u_mul/GEN_ARRAY.u_mul/u_csa_row0/GEN_CSA_FA[1].u_fa/u_final_cpa/GEN_FINAL_FA[62].u_fa/c2
    SLICE_X11Y15         LUT2 (Prop_lut2_I0_O)        0.053    31.382 r  GEN_BRAM.u_core/alu/u_mul/u_mul/GEN_ARRAY.u_mul/u_csa_row0/GEN_CSA_FA[1].u_fa/result[31]_INST_0_i_14/O
                         net (fo=1, routed)           0.000    31.382    GEN_BRAM.u_core/alu/u_mul/u_mul/GEN_ARRAY.u_mul/u_csa_row0/GEN_CSA_FA[1].u_fa/p_0_in[63]
    SLICE_X11Y15         CARRY4 (Prop_carry4_S[2]_O[2])
                                                      0.140    31.522 r  GEN_BRAM.u_core/alu/u_mul/u_mul/GEN_ARRAY.u_mul/u_csa_row0/GEN_CSA_FA[1].u_fa/result[31]_INST_0_i_6/O[2]
                         net (fo=1, routed)           0.296    31.818    GEN_BRAM.u_core/alu/u_mul/u_mul/GEN_ARRAY.u_mul/u_csa_row0/GEN_CSA_FA[1].u_fa/signed_product0[63]
    SLICE_X11Y16         LUT6 (Prop_lut6_I5_O)        0.152    31.970 r  GEN_BRAM.u_core/alu/u_mul/u_mul/GEN_ARRAY.u_mul/u_csa_row0/GEN_CSA_FA[1].u_fa/result[31]_INST_0/O
                         net (fo=1, routed)           0.471    32.442    GEN_BRAM.u_core/reg_file/result[27]
    SLICE_X11Y19         LUT6 (Prop_lut6_I2_O)        0.053    32.495 r  GEN_BRAM.u_core/reg_file/debug_alu_out_OBUF[31]_inst_i_7/O
                         net (fo=1, routed)           0.128    32.623    GEN_BRAM.u_core/reg_file/debug_alu_out_OBUF[31]_inst_i_7_n_0
    SLICE_X11Y19         LUT6 (Prop_lut6_I5_O)        0.053    32.676 r  GEN_BRAM.u_core/reg_file/debug_alu_out_OBUF[31]_inst_i_1/O
                         net (fo=3, routed)           0.152    32.828    GEN_BRAM.u_core/wb_mux/debug_alu_out_OBUF[31]
    SLICE_X11Y19         LUT6 (Prop_lut6_I0_O)        0.053    32.881 r  GEN_BRAM.u_core/wb_mux/registers_reg_r1_0_31_30_31__0_i_3/O
                         net (fo=1, routed)           0.294    33.175    GEN_BRAM.u_core/divider/wb_exec[31]
    SLICE_X11Y18         LUT6 (Prop_lut6_I5_O)        0.053    33.228 r  GEN_BRAM.u_core/divider/registers_reg_r1_0_31_30_31__0_i_1/O
                         net (fo=4, routed)           0.358    33.586    GEN_BRAM.u_core/reg_file/registers_reg_r1_0_31_30_31__0/D
    SLICE_X10Y15         RAMD32                                       r  GEN_BRAM.u_core/reg_file/registers_reg_r1_0_31_30_31__0/SP/I
  -------------------------------------------------------------------    -------------------

                         (clock sys_clk rise edge)   30.000    30.000 r  
    AD23                                              0.000    30.000 r  clk (IN)
                         net (fo=0)                   0.000    30.000    clk
    AD23                 IBUF (Prop_ibuf_I_O)         0.796    30.796 r  clk_IBUF_inst/O
                         net (fo=1, routed)           1.741    32.537    clk_IBUF
    BUFGCTRL_X0Y0        BUFG (Prop_bufg_I_O)         0.113    32.650 r  clk_IBUF_BUFG_inst/O
                         net (fo=350, routed)         1.539    34.189    GEN_BRAM.u_core/reg_file/registers_reg_r1_0_31_30_31__0/WCLK
    SLICE_X10Y15         RAMD32                                       r  GEN_BRAM.u_core/reg_file/registers_reg_r1_0_31_30_31__0/SP/CLK
                         clock pessimism              0.256    34.446    
                         clock uncertainty           -0.035    34.410    
    SLICE_X10Y15         RAMD32 (Setup_ramd32_CLK_I)
                                                     -0.051    34.359    GEN_BRAM.u_core/reg_file/registers_reg_r1_0_31_30_31__0/SP
  -------------------------------------------------------------------
                         required time                         34.359    
                         arrival time                         -33.586    
  -------------------------------------------------------------------
                         slack                                  0.773    

Slack (MET) :             0.798ns  (required time - arrival time)
  Source:                 GEN_BRAM.u_core/ir_reg[20]/C
                            (rising edge-triggered cell FDCE clocked by sys_clk  {rise@0.000ns fall@15.000ns period=30.000ns})
  Destination:            GEN_BRAM.u_core/reg_file/registers_reg_r1_0_31_30_31/SP/I
                            (rising edge-triggered cell RAMD32 clocked by sys_clk  {rise@0.000ns fall@15.000ns period=30.000ns})
  Path Group:             sys_clk
  Path Type:              Setup (Max at Slow Process Corner)
  Requirement:            30.000ns  (sys_clk rise@30.000ns - sys_clk rise@0.000ns)
  Data Path Delay:        28.999ns  (logic 3.997ns (13.783%)  route 25.002ns (86.217%))
  Logic Levels:           54  (CARRY4=1 LUT3=11 LUT4=1 LUT5=19 LUT6=21 RAMD32=1)
  Clock Path Skew:        -0.029ns (DCD - SCD + CPR)
    Destination Clock Delay (DCD):    4.189ns = ( 34.189 - 30.000 ) 
    Source Clock Delay      (SCD):    4.475ns
    Clock Pessimism Removal (CPR):    0.256ns
  Clock Uncertainty:      0.035ns  ((TSJ^2 + TIJ^2)^1/2 + DJ) / 2 + PE
    Total System Jitter     (TSJ):    0.071ns
    Total Input Jitter      (TIJ):    0.000ns
    Discrete Jitter          (DJ):    0.000ns
    Phase Error              (PE):    0.000ns

    Location             Delay type                Incr(ns)  Path(ns)    Netlist Resource(s)
  -------------------------------------------------------------------    -------------------
                         (clock sys_clk rise edge)    0.000     0.000 r  
    AD23                                              0.000     0.000 r  clk (IN)
                         net (fo=0)                   0.000     0.000    clk
    AD23                 IBUF (Prop_ibuf_I_O)         0.873     0.873 r  clk_IBUF_inst/O
                         net (fo=1, routed)           1.830     2.703    clk_IBUF
    BUFGCTRL_X0Y0        BUFG (Prop_bufg_I_O)         0.120     2.823 r  clk_IBUF_BUFG_inst/O
                         net (fo=350, routed)         1.652     4.475    GEN_BRAM.u_core/clk_IBUF_BUFG
    SLICE_X8Y12          FDCE                                         r  GEN_BRAM.u_core/ir_reg[20]/C
  -------------------------------------------------------------------    -------------------
    SLICE_X8Y12          FDCE (Prop_fdce_C_Q)         0.308     4.783 r  GEN_BRAM.u_core/ir_reg[20]/Q
                         net (fo=66, routed)          0.961     5.744    GEN_BRAM.u_core/reg_file/registers_reg_r2_0_31_30_31__0/DPRA0
    SLICE_X10Y15         RAMD32 (Prop_ramd32_RADR0_O)
                                                      0.053     5.797 f  GEN_BRAM.u_core/reg_file/registers_reg_r2_0_31_30_31__0/DP/O
                         net (fo=42, routed)          0.763     6.560    GEN_BRAM.u_core/alu_mux_b/dataR20[26]
    SLICE_X9Y18          LUT6 (Prop_lut6_I3_O)        0.053     6.613 r  GEN_BRAM.u_core/alu_mux_b/u_mul_i_1/O
                         net (fo=52, routed)          0.620     7.233    GEN_BRAM.u_core/alu/u_mul/u_mul/GEN_ARRAY.u_mul/u_csa_row0/GEN_CSA_FA[1].u_fa/result[30]_INST_0_i_11_n_0
    SLICE_X10Y11         LUT4 (Prop_lut4_I3_O)        0.056     7.289 r  GEN_BRAM.u_core/alu/u_mul/u_mul/GEN_ARRAY.u_mul/u_csa_row0/GEN_CSA_FA[1].u_fa/result[4]_INST_0_i_7/O
                         net (fo=111, routed)         1.034     8.323    GEN_BRAM.u_core/alu/u_mul/u_mul/GEN_ARRAY.u_mul/u_csa_row0/GEN_CSA_FA[1].u_fa/result[4]_INST_0_i_7_n_0
    SLICE_X6Y14          LUT6 (Prop_lut6_I4_O)        0.168     8.491 r  GEN_BRAM.u_core/alu/u_mul/u_mul/GEN_ARRAY.u_mul/u_csa_row0/GEN_CSA_FA[1].u_fa/result[14]_INST_0_i_130/O
                         net (fo=2, routed)           0.355     8.846    GEN_BRAM.u_core/alu/u_mul/u_mul/GEN_ARRAY.u_mul/u_csa_row0/GEN_CSA_FA[1].u_fa/pp[2]_91[13]
    SLICE_X6Y13          LUT6 (Prop_lut6_I5_O)        0.053     8.899 r  GEN_BRAM.u_core/alu/u_mul/u_mul/GEN_ARRAY.u_mul/u_csa_row0/GEN_CSA_FA[1].u_fa/result[14]_INST_0_i_114/O
                         net (fo=3, routed)           0.768     9.667    GEN_BRAM.u_core/alu/u_mul/u_mul/GEN_ARRAY.u_mul/u_csa_row0/GEN_CSA_FA[1].u_fa/stage_carry[0]_58[14]
    SLICE_X15Y13         LUT3 (Prop_lut3_I0_O)        0.053     9.720 r  GEN_BRAM.u_core/alu/u_mul/u_mul/GEN_ARRAY.u_mul/u_csa_row0/GEN_CSA_FA[1].u_fa/result[16]_INST_0_i_147/O
                         net (fo=2, routed)           0.241     9.961    GEN_BRAM.u_core/alu/u_mul/u_mul/GEN_ARRAY.u_mul/u_csa_row0/GEN_CSA_FA[1].u_fa/stage_carry[1]_43[15]
    SLICE_X17Y13         LUT5 (Prop_lut5_I3_O)        0.053    10.014 r  GEN_BRAM.u_core/alu/u_mul/u_mul/GEN_ARRAY.u_mul/u_csa_row0/GEN_CSA_FA[1].u_fa/result[16]_INST_0_i_125/O
                         net (fo=3, routed)           1.041    11.054    GEN_BRAM.u_core/alu/u_mul/u_mul/GEN_ARRAY.u_mul/u_csa_row0/GEN_CSA_FA[1].u_fa/stage_sum[2]_42[15]
    SLICE_X7Y13          LUT5 (Prop_lut5_I1_O)        0.053    11.107 r  GEN_BRAM.u_core/alu/u_mul/u_mul/GEN_ARRAY.u_mul/u_csa_row0/GEN_CSA_FA[1].u_fa/result[16]_INST_0_i_109/O
                         net (fo=3, routed)           0.720    11.827    GEN_BRAM.u_core/alu/u_mul/u_mul/GEN_ARRAY.u_mul/u_csa_row0/GEN_CSA_FA[1].u_fa/stage_carry[4]_2[16]
    SLICE_X16Y12         LUT3 (Prop_lut3_I0_O)        0.053    11.880 r  GEN_BRAM.u_core/alu/u_mul/u_mul/GEN_ARRAY.u_mul/u_csa_row0/GEN_CSA_FA[1].u_fa/result[18]_INST_0_i_112/O
                         net (fo=2, routed)           0.577    12.457    GEN_BRAM.u_core/alu/u_mul/u_mul/GEN_ARRAY.u_mul/u_csa_row0/GEN_CSA_FA[1].u_fa/stage_carry[5]_45[17]
    SLICE_X16Y10         LUT5 (Prop_lut5_I3_O)        0.053    12.510 r  GEN_BRAM.u_core/alu/u_mul/u_mul/GEN_ARRAY.u_mul/u_csa_row0/GEN_CSA_FA[1].u_fa/result[18]_INST_0_i_94/O
                         net (fo=3, routed)           0.643    13.153    GEN_BRAM.u_core/alu/u_mul/u_mul/GEN_ARRAY.u_mul/u_csa_row0/GEN_CSA_FA[1].u_fa/stage_carry[6]_4[18]
    SLICE_X16Y8          LUT3 (Prop_lut3_I0_O)        0.053    13.206 r  GEN_BRAM.u_core/alu/u_mul/u_mul/GEN_ARRAY.u_mul/u_csa_row0/GEN_CSA_FA[1].u_fa/result[20]_INST_0_i_127/O
                         net (fo=2, routed)           0.310    13.516    GEN_BRAM.u_core/alu/u_mul/u_mul/GEN_ARRAY.u_mul/u_csa_row0/GEN_CSA_FA[1].u_fa/stage_carry[7]_46[19]
    SLICE_X15Y8          LUT5 (Prop_lut5_I3_O)        0.053    13.569 r  GEN_BRAM.u_core/alu/u_mul/u_mul/GEN_ARRAY.u_mul/u_csa_row0/GEN_CSA_FA[1].u_fa/result[20]_INST_0_i_109/O
                         net (fo=3, routed)           0.416    13.985    GEN_BRAM.u_core/alu/u_mul/u_mul/GEN_ARRAY.u_mul/u_csa_row0/GEN_CSA_FA[1].u_fa/stage_carry[8]_6[20]
    SLICE_X15Y5          LUT3 (Prop_lut3_I0_O)        0.053    14.038 r  GEN_BRAM.u_core/alu/u_mul/u_mul/GEN_ARRAY.u_mul/u_csa_row0/GEN_CSA_FA[1].u_fa/result[22]_INST_0_i_107/O
                         net (fo=2, routed)           0.316    14.354    GEN_BRAM.u_core/alu/u_mul/u_mul/GEN_ARRAY.u_mul/u_csa_row0/GEN_CSA_FA[1].u_fa/stage_carry[9]_47[21]
    SLICE_X15Y5          LUT5 (Prop_lut5_I3_O)        0.053    14.407 r  GEN_BRAM.u_core/alu/u_mul/u_mul/GEN_ARRAY.u_mul/u_csa_row0/GEN_CSA_FA[1].u_fa/result[22]_INST_0_i_90/O
                         net (fo=3, routed)           0.526    14.933    GEN_BRAM.u_core/alu/u_mul/u_mul/GEN_ARRAY.u_mul/u_csa_row0/GEN_CSA_FA[1].u_fa/stage_sum[10]_38[21]
    SLICE_X6Y4           LUT3 (Prop_lut3_I1_O)        0.053    14.986 r  GEN_BRAM.u_core/alu/u_mul/u_mul/GEN_ARRAY.u_mul/u_csa_row0/GEN_CSA_FA[1].u_fa/result[22]_INST_0_i_97/O
                         net (fo=2, routed)           0.577    15.563    GEN_BRAM.u_core/alu/u_mul/u_mul/GEN_ARRAY.u_mul/u_csa_row0/GEN_CSA_FA[1].u_fa/stage_carry[11]_48[22]
    SLICE_X7Y4           LUT5 (Prop_lut5_I3_O)        0.053    15.616 r  GEN_BRAM.u_core/alu/u_mul/u_mul/GEN_ARRAY.u_mul/u_csa_row0/GEN_CSA_FA[1].u_fa/result[22]_INST_0_i_75/O
                         net (fo=3, routed)           0.322    15.938    GEN_BRAM.u_core/alu/u_mul/u_mul/GEN_ARRAY.u_mul/u_csa_row0/GEN_CSA_FA[1].u_fa/stage_sum[12]_37[22]
    SLICE_X6Y3           LUT3 (Prop_lut3_I1_O)        0.053    15.991 r  GEN_BRAM.u_core/alu/u_mul/u_mul/GEN_ARRAY.u_mul/u_csa_row0/GEN_CSA_FA[1].u_fa/result[24]_INST_0_i_102/O
                         net (fo=2, routed)           0.458    16.449    GEN_BRAM.u_core/alu/u_mul/u_mul/GEN_ARRAY.u_mul/u_csa_row0/GEN_CSA_FA[1].u_fa/stage_carry[13]_49[23]
    SLICE_X7Y3           LUT5 (Prop_lut5_I3_O)        0.053    16.502 r  GEN_BRAM.u_core/alu/u_mul/u_mul/GEN_ARRAY.u_mul/u_csa_row0/GEN_CSA_FA[1].u_fa/result[24]_INST_0_i_85/O
                         net (fo=3, routed)           0.571    17.073    GEN_BRAM.u_core/alu/u_mul/u_mul/GEN_ARRAY.u_mul/u_csa_row0/GEN_CSA_FA[1].u_fa/stage_sum[14]_36[23]
    SLICE_X5Y4           LUT5 (Prop_lut5_I1_O)        0.053    17.126 r  GEN_BRAM.u_core/alu/u_mul/u_mul/GEN_ARRAY.u_mul/u_csa_row0/GEN_CSA_FA[1].u_fa/result[24]_INST_0_i_65/O
                         net (fo=3, routed)           0.396    17.522    GEN_BRAM.u_core/alu/u_mul/u_mul/GEN_ARRAY.u_mul/u_csa_row0/GEN_CSA_FA[1].u_fa/stage_sum[16]_35[23]
    SLICE_X4Y5           LUT3 (Prop_lut3_I1_O)        0.053    17.575 r  GEN_BRAM.u_core/alu/u_mul/u_mul/GEN_ARRAY.u_mul/u_csa_row0/GEN_CSA_FA[1].u_fa/result[24]_INST_0_i_72/O
                         net (fo=2, routed)           0.466    18.041    GEN_BRAM.u_core/alu/u_mul/u_mul/GEN_ARRAY.u_mul/u_csa_row0/GEN_CSA_FA[1].u_fa/stage_carry[17]_51[24]
    SLICE_X4Y5           LUT5 (Prop_lut5_I3_O)        0.053    18.094 r  GEN_BRAM.u_core/alu/u_mul/u_mul/GEN_ARRAY.u_mul/u_csa_row0/GEN_CSA_FA[1].u_fa/result[26]_INST_0_i_49/O
                         net (fo=3, routed)           0.442    18.536    GEN_BRAM.u_core/alu/u_mul/u_mul/GEN_ARRAY.u_mul/u_csa_row0/GEN_CSA_FA[1].u_fa/stage_carry[18]_16[25]
    SLICE_X4Y3           LUT3 (Prop_lut3_I0_O)        0.053    18.589 r  GEN_BRAM.u_core/alu/u_mul/u_mul/GEN_ARRAY.u_mul/u_csa_row0/GEN_CSA_FA[1].u_fa/result[26]_INST_0_i_57/O
                         net (fo=2, routed)           0.415    19.004    GEN_BRAM.u_core/alu/u_mul/u_mul/GEN_ARRAY.u_mul/u_csa_row0/GEN_CSA_FA[1].u_fa/stage_carry[19]_52[26]
    SLICE_X3Y3           LUT5 (Prop_lut5_I3_O)        0.053    19.057 r  GEN_BRAM.u_core/alu/u_mul/u_mul/GEN_ARRAY.u_mul/u_csa_row0/GEN_CSA_FA[1].u_fa/result[26]_INST_0_i_35/O
                         net (fo=3, routed)           0.764    19.821    GEN_BRAM.u_core/alu/u_mul/u_mul/GEN_ARRAY.u_mul/u_csa_row0/GEN_CSA_FA[1].u_fa/stage_sum[20]_33[26]
    SLICE_X8Y5           LUT5 (Prop_lut5_I1_O)        0.053    19.874 r  GEN_BRAM.u_core/alu/u_mul/u_mul/GEN_ARRAY.u_mul/u_csa_row0/GEN_CSA_FA[1].u_fa/result[28]_INST_0_i_39/O
                         net (fo=3, routed)           0.641    20.515    GEN_BRAM.u_core/alu/u_mul/u_mul/GEN_ARRAY.u_mul/u_csa_row0/GEN_CSA_FA[1].u_fa/stage_carry[22]_20[27]
    SLICE_X2Y4           LUT3 (Prop_lut3_I0_O)        0.053    20.568 r  GEN_BRAM.u_core/alu/u_mul/u_mul/GEN_ARRAY.u_mul/u_csa_row0/GEN_CSA_FA[1].u_fa/result[28]_INST_0_i_47/O
                         net (fo=2, routed)           0.412    20.980    GEN_BRAM.u_core/alu/u_mul/u_mul/GEN_ARRAY.u_mul/u_csa_row0/GEN_CSA_FA[1].u_fa/stage_carry[23]_54[28]
    SLICE_X1Y4           LUT5 (Prop_lut5_I3_O)        0.053    21.033 r  GEN_BRAM.u_core/alu/u_mul/u_mul/GEN_ARRAY.u_mul/u_csa_row0/GEN_CSA_FA[1].u_fa/result[28]_INST_0_i_26/O
                         net (fo=2, routed)           0.771    21.804    GEN_BRAM.u_core/alu/u_mul/u_mul/GEN_ARRAY.u_mul/u_csa_row0/GEN_CSA_FA[1].u_fa/stage_sum[24]_31[28]
    SLICE_X13Y6          LUT3 (Prop_lut3_I1_O)        0.053    21.857 r  GEN_BRAM.u_core/alu/u_mul/u_mul/GEN_ARRAY.u_mul/u_csa_row0/GEN_CSA_FA[1].u_fa/result[30]_INST_0_i_20/O
                         net (fo=2, routed)           0.304    22.162    GEN_BRAM.u_core/alu/u_mul/u_mul/GEN_ARRAY.u_mul/u_csa_row0/GEN_CSA_FA[1].u_fa/stage_carry[25]_55[29]
    SLICE_X13Y6          LUT5 (Prop_lut5_I3_O)        0.053    22.215 r  GEN_BRAM.u_core/alu/u_mul/u_mul/GEN_ARRAY.u_mul/u_csa_row0/GEN_CSA_FA[1].u_fa/result[30]_INST_0_i_14/O
                         net (fo=2, routed)           0.445    22.659    GEN_BRAM.u_core/alu/u_mul/u_mul/GEN_ARRAY.u_mul/u_csa_row0/GEN_CSA_FA[1].u_fa/stage_carry[26]_24[30]
    SLICE_X14Y7          LUT3 (Prop_lut3_I0_O)        0.053    22.712 r  GEN_BRAM.u_core/alu/u_mul/u_mul/GEN_ARRAY.u_mul/u_csa_row0/GEN_CSA_FA[1].u_fa/result[31]_INST_0_i_33/O
                         net (fo=2, routed)           0.467    23.180    GEN_BRAM.u_core/alu/u_mul/u_mul/GEN_ARRAY.u_mul/u_csa_row0/GEN_CSA_FA[1].u_fa/stage_carry[27]_56[31]
    SLICE_X14Y7          LUT5 (Prop_lut5_I3_O)        0.053    23.233 r  GEN_BRAM.u_core/alu/u_mul/u_mul/GEN_ARRAY.u_mul/u_csa_row0/GEN_CSA_FA[1].u_fa/result[31]_INST_0_i_18/O
                         net (fo=2, routed)           0.469    23.702    GEN_BRAM.u_core/alu/u_mul/u_mul/GEN_ARRAY.u_mul/u_csa_row0/GEN_CSA_FA[1].u_fa/stage_sum[28]_29[31]
    SLICE_X15Y7          LUT5 (Prop_lut5_I3_O)        0.053    23.755 r  GEN_BRAM.u_core/alu/u_mul/u_mul/GEN_ARRAY.u_mul/u_csa_row0/GEN_CSA_FA[1].u_fa/result[1]_INST_0_i_5/O
                         net (fo=4, routed)           0.571    24.325    GEN_BRAM.u_core/alu/u_mul/u_mul/GEN_ARRAY.u_mul/u_csa_row0/GEN_CSA_FA[1].u_fa/stage_carry[29]_59[32]
    SLICE_X11Y7          LUT5 (Prop_lut5_I3_O)        0.068    24.393 r  GEN_BRAM.u_core/alu/u_mul/u_mul/GEN_ARRAY.u_mul/u_csa_row0/GEN_CSA_FA[1].u_fa/result[1]_INST_0_i_6/O
                         net (fo=2, routed)           0.407    24.800    GEN_BRAM.u_core/alu/u_mul/u_mul/GEN_ARRAY.u_mul/u_csa_row0/GEN_CSA_FA[1].u_fa/u_final_cpa/GEN_FINAL_FA[32].u_fa/c2
    SLICE_X11Y8          LUT5 (Prop_lut5_I2_O)        0.180    24.980 r  GEN_BRAM.u_core/alu/u_mul/u_mul/GEN_ARRAY.u_mul/u_csa_row0/GEN_CSA_FA[1].u_fa/result[2]_INST_0_i_9/O
                         net (fo=2, routed)           0.448    25.428    GEN_BRAM.u_core/alu/u_mul/u_mul/GEN_ARRAY.u_mul/u_csa_row0/GEN_CSA_FA[1].u_fa/u_final_cpa/GEN_FINAL_FA[33].u_fa/c2
    SLICE_X11Y8          LUT5 (Prop_lut5_I2_O)        0.187    25.615 r  GEN_BRAM.u_core/alu/u_mul/u_mul/GEN_ARRAY.u_mul/u_csa_row0/GEN_CSA_FA[1].u_fa/result[4]_INST_0_i_14/O
                         net (fo=3, routed)           0.371    25.986    GEN_BRAM.u_core/alu/u_mul/u_mul/GEN_ARRAY.u_mul/u_csa_row0/GEN_CSA_FA[1].u_fa/u_final_cpa/c_35
    SLICE_X12Y9          LUT6 (Prop_lut6_I4_O)        0.169    26.155 r  GEN_BRAM.u_core/alu/u_mul/u_mul/GEN_ARRAY.u_mul/u_csa_row0/GEN_CSA_FA[1].u_fa/result[6]_INST_0_i_12/O
                         net (fo=3, routed)           0.518    26.673    GEN_BRAM.u_core/alu/u_mul/u_mul/GEN_ARRAY.u_mul/u_csa_row0/GEN_CSA_FA[1].u_fa/u_final_cpa/c_37
    SLICE_X12Y9          LUT6 (Prop_lut6_I4_O)        0.053    26.726 r  GEN_BRAM.u_core/alu/u_mul/u_mul/GEN_ARRAY.u_mul/u_csa_row0/GEN_CSA_FA[1].u_fa/result[8]_INST_0_i_13/O
                         net (fo=3, routed)           0.310    27.036    GEN_BRAM.u_core/alu/u_mul/u_mul/GEN_ARRAY.u_mul/u_csa_row0/GEN_CSA_FA[1].u_fa/u_final_cpa/c_39
    SLICE_X13Y9          LUT6 (Prop_lut6_I4_O)        0.053    27.089 r  GEN_BRAM.u_core/alu/u_mul/u_mul/GEN_ARRAY.u_mul/u_csa_row0/GEN_CSA_FA[1].u_fa/result[10]_INST_0_i_12/O
                         net (fo=3, routed)           0.343    27.432    GEN_BRAM.u_core/alu/u_mul/u_mul/GEN_ARRAY.u_mul/u_csa_row0/GEN_CSA_FA[1].u_fa/u_final_cpa/c_41
    SLICE_X13Y10         LUT6 (Prop_lut6_I4_O)        0.053    27.485 r  GEN_BRAM.u_core/alu/u_mul/u_mul/GEN_ARRAY.u_mul/u_csa_row0/GEN_CSA_FA[1].u_fa/result[12]_INST_0_i_13/O
                         net (fo=3, routed)           0.341    27.826    GEN_BRAM.u_core/alu/u_mul/u_mul/GEN_ARRAY.u_mul/u_csa_row0/GEN_CSA_FA[1].u_fa/u_final_cpa/c_43
    SLICE_X14Y11         LUT6 (Prop_lut6_I4_O)        0.053    27.879 r  GEN_BRAM.u_core/alu/u_mul/u_mul/GEN_ARRAY.u_mul/u_csa_row0/GEN_CSA_FA[1].u_fa/result[14]_INST_0_i_12/O
                         net (fo=3, routed)           0.222    28.101    GEN_BRAM.u_core/alu/u_mul/u_mul/GEN_ARRAY.u_mul/u_csa_row0/GEN_CSA_FA[1].u_fa/u_final_cpa/c_45
    SLICE_X14Y11         LUT6 (Prop_lut6_I4_O)        0.053    28.154 r  GEN_BRAM.u_core/alu/u_mul/u_mul/GEN_ARRAY.u_mul/u_csa_row0/GEN_CSA_FA[1].u_fa/result[16]_INST_0_i_13/O
                         net (fo=3, routed)           0.287    28.441    GEN_BRAM.u_core/alu/u_mul/u_mul/GEN_ARRAY.u_mul/u_csa_row0/GEN_CSA_FA[1].u_fa/u_final_cpa/c_47
    SLICE_X15Y11         LUT6 (Prop_lut6_I4_O)        0.053    28.494 r  GEN_BRAM.u_core/alu/u_mul/u_mul/GEN_ARRAY.u_mul/u_csa_row0/GEN_CSA_FA[1].u_fa/result[18]_INST_0_i_12/O
                         net (fo=3, routed)           0.338    28.832    GEN_BRAM.u_core/alu/u_mul/u_mul/GEN_ARRAY.u_mul/u_csa_row0/GEN_CSA_FA[1].u_fa/u_final_cpa/c_49
    SLICE_X14Y12         LUT6 (Prop_lut6_I4_O)        0.053    28.885 r  GEN_BRAM.u_core/alu/u_mul/u_mul/GEN_ARRAY.u_mul/u_csa_row0/GEN_CSA_FA[1].u_fa/result[20]_INST_0_i_13/O
                         net (fo=3, routed)           0.252    29.138    GEN_BRAM.u_core/alu/u_mul/u_mul/GEN_ARRAY.u_mul/u_csa_row0/GEN_CSA_FA[1].u_fa/u_final_cpa/c_51
    SLICE_X14Y13         LUT6 (Prop_lut6_I4_O)        0.053    29.191 r  GEN_BRAM.u_core/alu/u_mul/u_mul/GEN_ARRAY.u_mul/u_csa_row0/GEN_CSA_FA[1].u_fa/result[22]_INST_0_i_12/O
                         net (fo=3, routed)           0.300    29.491    GEN_BRAM.u_core/alu/u_mul/u_mul/GEN_ARRAY.u_mul/u_csa_row0/GEN_CSA_FA[1].u_fa/u_final_cpa/c_53
    SLICE_X13Y13         LUT6 (Prop_lut6_I4_O)        0.053    29.544 r  GEN_BRAM.u_core/alu/u_mul/u_mul/GEN_ARRAY.u_mul/u_csa_row0/GEN_CSA_FA[1].u_fa/result[24]_INST_0_i_13/O
                         net (fo=3, routed)           0.204    29.748    GEN_BRAM.u_core/alu/u_mul/u_mul/GEN_ARRAY.u_mul/u_csa_row0/GEN_CSA_FA[1].u_fa/u_final_cpa/c_55
    SLICE_X13Y13         LUT6 (Prop_lut6_I4_O)        0.053    29.801 r  GEN_BRAM.u_core/alu/u_mul/u_mul/GEN_ARRAY.u_mul/u_csa_row0/GEN_CSA_FA[1].u_fa/result[26]_INST_0_i_12/O
                         net (fo=3, routed)           0.367    30.169    GEN_BRAM.u_core/alu/u_mul/u_mul/GEN_ARRAY.u_mul/u_csa_row0/GEN_CSA_FA[1].u_fa/u_final_cpa/c_57
    SLICE_X13Y14         LUT6 (Prop_lut6_I4_O)        0.053    30.222 r  GEN_BRAM.u_core/alu/u_mul/u_mul/GEN_ARRAY.u_mul/u_csa_row0/GEN_CSA_FA[1].u_fa/result[28]_INST_0_i_13/O
                         net (fo=3, routed)           0.241    30.462    GEN_BRAM.u_core/alu/u_mul/u_mul/GEN_ARRAY.u_mul/u_csa_row0/GEN_CSA_FA[1].u_fa/u_final_cpa/c_59
    SLICE_X13Y14         LUT6 (Prop_lut6_I4_O)        0.053    30.515 r  GEN_BRAM.u_core/alu/u_mul/u_mul/GEN_ARRAY.u_mul/u_csa_row0/GEN_CSA_FA[1].u_fa/result[31]_INST_0_i_13/O
                         net (fo=3, routed)           0.369    30.884    GEN_BRAM.u_core/alu/u_mul/u_mul/GEN_ARRAY.u_mul/u_csa_row0/GEN_CSA_FA[1].u_fa/u_final_cpa/c_61
    SLICE_X11Y15         LUT5 (Prop_lut5_I4_O)        0.053    30.937 r  GEN_BRAM.u_core/alu/u_mul/u_mul/GEN_ARRAY.u_mul/u_csa_row0/GEN_CSA_FA[1].u_fa/result[29]_INST_0_i_2/O
                         net (fo=2, routed)           0.000    30.937    GEN_BRAM.u_core/alu/u_mul/u_mul/GEN_ARRAY.u_mul/u_csa_row0/GEN_CSA_FA[1].u_fa/p_0_in[61]
    SLICE_X11Y15         CARRY4 (Prop_carry4_S[0]_O[1])
                                                      0.271    31.208 r  GEN_BRAM.u_core/alu/u_mul/u_mul/GEN_ARRAY.u_mul/u_csa_row0/GEN_CSA_FA[1].u_fa/result[31]_INST_0_i_6/O[1]
                         net (fo=1, routed)           0.428    31.636    GEN_BRAM.u_core/alu/u_mul/u_mul/GEN_ARRAY.u_mul/u_csa_row0/GEN_CSA_FA[1].u_fa/signed_product0[62]
    SLICE_X13Y15         LUT6 (Prop_lut6_I5_O)        0.152    31.788 r  GEN_BRAM.u_core/alu/u_mul/u_mul/GEN_ARRAY.u_mul/u_csa_row0/GEN_CSA_FA[1].u_fa/result[30]_INST_0/O
                         net (fo=1, routed)           0.377    32.165    GEN_BRAM.u_core/reg_file/result[26]
    SLICE_X14Y16         LUT6 (Prop_lut6_I2_O)        0.053    32.218 r  GEN_BRAM.u_core/reg_file/debug_alu_out_OBUF[30]_inst_i_4/O
                         net (fo=1, routed)           0.235    32.453    GEN_BRAM.u_core/reg_file/debug_alu_out_OBUF[30]_inst_i_4_n_0
    SLICE_X15Y17         LUT6 (Prop_lut6_I5_O)        0.053    32.506 r  GEN_BRAM.u_core/reg_file/debug_alu_out_OBUF[30]_inst_i_1/O
                         net (fo=3, routed)           0.152    32.658    GEN_BRAM.u_core/wb_mux/debug_alu_out_OBUF[30]
    SLICE_X15Y17         LUT6 (Prop_lut6_I0_O)        0.053    32.711 r  GEN_BRAM.u_core/wb_mux/registers_reg_r1_0_31_30_31_i_3/O
                         net (fo=1, routed)           0.447    33.158    GEN_BRAM.u_core/divider/wb_exec[30]
    SLICE_X11Y16         LUT6 (Prop_lut6_I5_O)        0.053    33.211 r  GEN_BRAM.u_core/divider/registers_reg_r1_0_31_30_31_i_1/O
                         net (fo=4, routed)           0.264    33.474    GEN_BRAM.u_core/reg_file/registers_reg_r1_0_31_30_31/D
    SLICE_X10Y15         RAMD32                                       r  GEN_BRAM.u_core/reg_file/registers_reg_r1_0_31_30_31/SP/I
  -------------------------------------------------------------------    -------------------

                         (clock sys_clk rise edge)   30.000    30.000 r  
    AD23                                              0.000    30.000 r  clk (IN)
                         net (fo=0)                   0.000    30.000    clk
    AD23                 IBUF (Prop_ibuf_I_O)         0.796    30.796 r  clk_IBUF_inst/O
                         net (fo=1, routed)           1.741    32.537    clk_IBUF
    BUFGCTRL_X0Y0        BUFG (Prop_bufg_I_O)         0.113    32.650 r  clk_IBUF_BUFG_inst/O
                         net (fo=350, routed)         1.539    34.189    GEN_BRAM.u_core/reg_file/registers_reg_r1_0_31_30_31/WCLK
    SLICE_X10Y15         RAMD32                                       r  GEN_BRAM.u_core/reg_file/registers_reg_r1_0_31_30_31/SP/CLK
                         clock pessimism              0.256    34.446    
                         clock uncertainty           -0.035    34.410    
    SLICE_X10Y15         RAMD32 (Setup_ramd32_CLK_I)
                                                     -0.138    34.272    GEN_BRAM.u_core/reg_file/registers_reg_r1_0_31_30_31/SP
  -------------------------------------------------------------------
                         required time                         34.272    
                         arrival time                         -33.474    
  -------------------------------------------------------------------
                         slack                                  0.798    

Slack (MET) :             0.818ns  (required time - arrival time)
  Source:                 GEN_BRAM.u_core/ir_reg[20]/C
                            (rising edge-triggered cell FDCE clocked by sys_clk  {rise@0.000ns fall@15.000ns period=30.000ns})
  Destination:            GEN_BRAM.u_core/reg_file/registers_reg_r2_0_31_30_31/SP/I
                            (rising edge-triggered cell RAMD32 clocked by sys_clk  {rise@0.000ns fall@15.000ns period=30.000ns})
  Path Group:             sys_clk
  Path Type:              Setup (Max at Slow Process Corner)
  Requirement:            30.000ns  (sys_clk rise@30.000ns - sys_clk rise@0.000ns)
  Data Path Delay:        28.989ns  (logic 3.997ns (13.788%)  route 24.992ns (86.212%))
  Logic Levels:           54  (CARRY4=1 LUT3=11 LUT4=1 LUT5=19 LUT6=21 RAMD32=1)
  Clock Path Skew:        -0.029ns (DCD - SCD + CPR)
    Destination Clock Delay (DCD):    4.189ns = ( 34.189 - 30.000 ) 
    Source Clock Delay      (SCD):    4.475ns
    Clock Pessimism Removal (CPR):    0.256ns
  Clock Uncertainty:      0.035ns  ((TSJ^2 + TIJ^2)^1/2 + DJ) / 2 + PE
    Total System Jitter     (TSJ):    0.071ns
    Total Input Jitter      (TIJ):    0.000ns
    Discrete Jitter          (DJ):    0.000ns
    Phase Error              (PE):    0.000ns

    Location             Delay type                Incr(ns)  Path(ns)    Netlist Resource(s)
  -------------------------------------------------------------------    -------------------
                         (clock sys_clk rise edge)    0.000     0.000 r  
    AD23                                              0.000     0.000 r  clk (IN)
                         net (fo=0)                   0.000     0.000    clk
    AD23                 IBUF (Prop_ibuf_I_O)         0.873     0.873 r  clk_IBUF_inst/O
                         net (fo=1, routed)           1.830     2.703    clk_IBUF
    BUFGCTRL_X0Y0        BUFG (Prop_bufg_I_O)         0.120     2.823 r  clk_IBUF_BUFG_inst/O
                         net (fo=350, routed)         1.652     4.475    GEN_BRAM.u_core/clk_IBUF_BUFG
    SLICE_X8Y12          FDCE                                         r  GEN_BRAM.u_core/ir_reg[20]/C
  -------------------------------------------------------------------    -------------------
    SLICE_X8Y12          FDCE (Prop_fdce_C_Q)         0.308     4.783 r  GEN_BRAM.u_core/ir_reg[20]/Q
                         net (fo=66, routed)          0.961     5.744    GEN_BRAM.u_core/reg_file/registers_reg_r2_0_31_30_31__0/DPRA0
    SLICE_X10Y15         RAMD32 (Prop_ramd32_RADR0_O)
                                                      0.053     5.797 f  GEN_BRAM.u_core/reg_file/registers_reg_r2_0_31_30_31__0/DP/O
                         net (fo=42, routed)          0.763     6.560    GEN_BRAM.u_core/alu_mux_b/dataR20[26]
    SLICE_X9Y18          LUT6 (Prop_lut6_I3_O)        0.053     6.613 r  GEN_BRAM.u_core/alu_mux_b/u_mul_i_1/O
                         net (fo=52, routed)          0.620     7.233    GEN_BRAM.u_core/alu/u_mul/u_mul/GEN_ARRAY.u_mul/u_csa_row0/GEN_CSA_FA[1].u_fa/result[30]_INST_0_i_11_n_0
    SLICE_X10Y11         LUT4 (Prop_lut4_I3_O)        0.056     7.289 r  GEN_BRAM.u_core/alu/u_mul/u_mul/GEN_ARRAY.u_mul/u_csa_row0/GEN_CSA_FA[1].u_fa/result[4]_INST_0_i_7/O
                         net (fo=111, routed)         1.034     8.323    GEN_BRAM.u_core/alu/u_mul/u_mul/GEN_ARRAY.u_mul/u_csa_row0/GEN_CSA_FA[1].u_fa/result[4]_INST_0_i_7_n_0
    SLICE_X6Y14          LUT6 (Prop_lut6_I4_O)        0.168     8.491 r  GEN_BRAM.u_core/alu/u_mul/u_mul/GEN_ARRAY.u_mul/u_csa_row0/GEN_CSA_FA[1].u_fa/result[14]_INST_0_i_130/O
                         net (fo=2, routed)           0.355     8.846    GEN_BRAM.u_core/alu/u_mul/u_mul/GEN_ARRAY.u_mul/u_csa_row0/GEN_CSA_FA[1].u_fa/pp[2]_91[13]
    SLICE_X6Y13          LUT6 (Prop_lut6_I5_O)        0.053     8.899 r  GEN_BRAM.u_core/alu/u_mul/u_mul/GEN_ARRAY.u_mul/u_csa_row0/GEN_CSA_FA[1].u_fa/result[14]_INST_0_i_114/O
                         net (fo=3, routed)           0.768     9.667    GEN_BRAM.u_core/alu/u_mul/u_mul/GEN_ARRAY.u_mul/u_csa_row0/GEN_CSA_FA[1].u_fa/stage_carry[0]_58[14]
    SLICE_X15Y13         LUT3 (Prop_lut3_I0_O)        0.053     9.720 r  GEN_BRAM.u_core/alu/u_mul/u_mul/GEN_ARRAY.u_mul/u_csa_row0/GEN_CSA_FA[1].u_fa/result[16]_INST_0_i_147/O
                         net (fo=2, routed)           0.241     9.961    GEN_BRAM.u_core/alu/u_mul/u_mul/GEN_ARRAY.u_mul/u_csa_row0/GEN_CSA_FA[1].u_fa/stage_carry[1]_43[15]
    SLICE_X17Y13         LUT5 (Prop_lut5_I3_O)        0.053    10.014 r  GEN_BRAM.u_core/alu/u_mul/u_mul/GEN_ARRAY.u_mul/u_csa_row0/GEN_CSA_FA[1].u_fa/result[16]_INST_0_i_125/O
                         net (fo=3, routed)           1.041    11.054    GEN_BRAM.u_core/alu/u_mul/u_mul/GEN_ARRAY.u_mul/u_csa_row0/GEN_CSA_FA[1].u_fa/stage_sum[2]_42[15]
    SLICE_X7Y13          LUT5 (Prop_lut5_I1_O)        0.053    11.107 r  GEN_BRAM.u_core/alu/u_mul/u_mul/GEN_ARRAY.u_mul/u_csa_row0/GEN_CSA_FA[1].u_fa/result[16]_INST_0_i_109/O
                         net (fo=3, routed)           0.720    11.827    GEN_BRAM.u_core/alu/u_mul/u_mul/GEN_ARRAY.u_mul/u_csa_row0/GEN_CSA_FA[1].u_fa/stage_carry[4]_2[16]
    SLICE_X16Y12         LUT3 (Prop_lut3_I0_O)        0.053    11.880 r  GEN_BRAM.u_core/alu/u_mul/u_mul/GEN_ARRAY.u_mul/u_csa_row0/GEN_CSA_FA[1].u_fa/result[18]_INST_0_i_112/O
                         net (fo=2, routed)           0.577    12.457    GEN_BRAM.u_core/alu/u_mul/u_mul/GEN_ARRAY.u_mul/u_csa_row0/GEN_CSA_FA[1].u_fa/stage_carry[5]_45[17]
    SLICE_X16Y10         LUT5 (Prop_lut5_I3_O)        0.053    12.510 r  GEN_BRAM.u_core/alu/u_mul/u_mul/GEN_ARRAY.u_mul/u_csa_row0/GEN_CSA_FA[1].u_fa/result[18]_INST_0_i_94/O
                         net (fo=3, routed)           0.643    13.153    GEN_BRAM.u_core/alu/u_mul/u_mul/GEN_ARRAY.u_mul/u_csa_row0/GEN_CSA_FA[1].u_fa/stage_carry[6]_4[18]
    SLICE_X16Y8          LUT3 (Prop_lut3_I0_O)        0.053    13.206 r  GEN_BRAM.u_core/alu/u_mul/u_mul/GEN_ARRAY.u_mul/u_csa_row0/GEN_CSA_FA[1].u_fa/result[20]_INST_0_i_127/O
                         net (fo=2, routed)           0.310    13.516    GEN_BRAM.u_core/alu/u_mul/u_mul/GEN_ARRAY.u_mul/u_csa_row0/GEN_CSA_FA[1].u_fa/stage_carry[7]_46[19]
    SLICE_X15Y8          LUT5 (Prop_lut5_I3_O)        0.053    13.569 r  GEN_BRAM.u_core/alu/u_mul/u_mul/GEN_ARRAY.u_mul/u_csa_row0/GEN_CSA_FA[1].u_fa/result[20]_INST_0_i_109/O
                         net (fo=3, routed)           0.416    13.985    GEN_BRAM.u_core/alu/u_mul/u_mul/GEN_ARRAY.u_mul/u_csa_row0/GEN_CSA_FA[1].u_fa/stage_carry[8]_6[20]
    SLICE_X15Y5          LUT3 (Prop_lut3_I0_O)        0.053    14.038 r  GEN_BRAM.u_core/alu/u_mul/u_mul/GEN_ARRAY.u_mul/u_csa_row0/GEN_CSA_FA[1].u_fa/result[22]_INST_0_i_107/O
                         net (fo=2, routed)           0.316    14.354    GEN_BRAM.u_core/alu/u_mul/u_mul/GEN_ARRAY.u_mul/u_csa_row0/GEN_CSA_FA[1].u_fa/stage_carry[9]_47[21]
    SLICE_X15Y5          LUT5 (Prop_lut5_I3_O)        0.053    14.407 r  GEN_BRAM.u_core/alu/u_mul/u_mul/GEN_ARRAY.u_mul/u_csa_row0/GEN_CSA_FA[1].u_fa/result[22]_INST_0_i_90/O
                         net (fo=3, routed)           0.526    14.933    GEN_BRAM.u_core/alu/u_mul/u_mul/GEN_ARRAY.u_mul/u_csa_row0/GEN_CSA_FA[1].u_fa/stage_sum[10]_38[21]
    SLICE_X6Y4           LUT3 (Prop_lut3_I1_O)        0.053    14.986 r  GEN_BRAM.u_core/alu/u_mul/u_mul/GEN_ARRAY.u_mul/u_csa_row0/GEN_CSA_FA[1].u_fa/result[22]_INST_0_i_97/O
                         net (fo=2, routed)           0.577    15.563    GEN_BRAM.u_core/alu/u_mul/u_mul/GEN_ARRAY.u_mul/u_csa_row0/GEN_CSA_FA[1].u_fa/stage_carry[11]_48[22]
    SLICE_X7Y4           LUT5 (Prop_lut5_I3_O)        0.053    15.616 r  GEN_BRAM.u_core/alu/u_mul/u_mul/GEN_ARRAY.u_mul/u_csa_row0/GEN_CSA_FA[1].u_fa/result[22]_INST_0_i_75/O
                         net (fo=3, routed)           0.322    15.938    GEN_BRAM.u_core/alu/u_mul/u_mul/GEN_ARRAY.u_mul/u_csa_row0/GEN_CSA_FA[1].u_fa/stage_sum[12]_37[22]
    SLICE_X6Y3           LUT3 (Prop_lut3_I1_O)        0.053    15.991 r  GEN_BRAM.u_core/alu/u_mul/u_mul/GEN_ARRAY.u_mul/u_csa_row0/GEN_CSA_FA[1].u_fa/result[24]_INST_0_i_102/O
                         net (fo=2, routed)           0.458    16.449    GEN_BRAM.u_core/alu/u_mul/u_mul/GEN_ARRAY.u_mul/u_csa_row0/GEN_CSA_FA[1].u_fa/stage_carry[13]_49[23]
    SLICE_X7Y3           LUT5 (Prop_lut5_I3_O)        0.053    16.502 r  GEN_BRAM.u_core/alu/u_mul/u_mul/GEN_ARRAY.u_mul/u_csa_row0/GEN_CSA_FA[1].u_fa/result[24]_INST_0_i_85/O
                         net (fo=3, routed)           0.571    17.073    GEN_BRAM.u_core/alu/u_mul/u_mul/GEN_ARRAY.u_mul/u_csa_row0/GEN_CSA_FA[1].u_fa/stage_sum[14]_36[23]
    SLICE_X5Y4           LUT5 (Prop_lut5_I1_O)        0.053    17.126 r  GEN_BRAM.u_core/alu/u_mul/u_mul/GEN_ARRAY.u_mul/u_csa_row0/GEN_CSA_FA[1].u_fa/result[24]_INST_0_i_65/O
                         net (fo=3, routed)           0.396    17.522    GEN_BRAM.u_core/alu/u_mul/u_mul/GEN_ARRAY.u_mul/u_csa_row0/GEN_CSA_FA[1].u_fa/stage_sum[16]_35[23]
    SLICE_X4Y5           LUT3 (Prop_lut3_I1_O)        0.053    17.575 r  GEN_BRAM.u_core/alu/u_mul/u_mul/GEN_ARRAY.u_mul/u_csa_row0/GEN_CSA_FA[1].u_fa/result[24]_INST_0_i_72/O
                         net (fo=2, routed)           0.466    18.041    GEN_BRAM.u_core/alu/u_mul/u_mul/GEN_ARRAY.u_mul/u_csa_row0/GEN_CSA_FA[1].u_fa/stage_carry[17]_51[24]
    SLICE_X4Y5           LUT5 (Prop_lut5_I3_O)        0.053    18.094 r  GEN_BRAM.u_core/alu/u_mul/u_mul/GEN_ARRAY.u_mul/u_csa_row0/GEN_CSA_FA[1].u_fa/result[26]_INST_0_i_49/O
                         net (fo=3, routed)           0.442    18.536    GEN_BRAM.u_core/alu/u_mul/u_mul/GEN_ARRAY.u_mul/u_csa_row0/GEN_CSA_FA[1].u_fa/stage_carry[18]_16[25]
    SLICE_X4Y3           LUT3 (Prop_lut3_I0_O)        0.053    18.589 r  GEN_BRAM.u_core/alu/u_mul/u_mul/GEN_ARRAY.u_mul/u_csa_row0/GEN_CSA_FA[1].u_fa/result[26]_INST_0_i_57/O
                         net (fo=2, routed)           0.415    19.004    GEN_BRAM.u_core/alu/u_mul/u_mul/GEN_ARRAY.u_mul/u_csa_row0/GEN_CSA_FA[1].u_fa/stage_carry[19]_52[26]
    SLICE_X3Y3           LUT5 (Prop_lut5_I3_O)        0.053    19.057 r  GEN_BRAM.u_core/alu/u_mul/u_mul/GEN_ARRAY.u_mul/u_csa_row0/GEN_CSA_FA[1].u_fa/result[26]_INST_0_i_35/O
                         net (fo=3, routed)           0.764    19.821    GEN_BRAM.u_core/alu/u_mul/u_mul/GEN_ARRAY.u_mul/u_csa_row0/GEN_CSA_FA[1].u_fa/stage_sum[20]_33[26]
    SLICE_X8Y5           LUT5 (Prop_lut5_I1_O)        0.053    19.874 r  GEN_BRAM.u_core/alu/u_mul/u_mul/GEN_ARRAY.u_mul/u_csa_row0/GEN_CSA_FA[1].u_fa/result[28]_INST_0_i_39/O
                         net (fo=3, routed)           0.641    20.515    GEN_BRAM.u_core/alu/u_mul/u_mul/GEN_ARRAY.u_mul/u_csa_row0/GEN_CSA_FA[1].u_fa/stage_carry[22]_20[27]
    SLICE_X2Y4           LUT3 (Prop_lut3_I0_O)        0.053    20.568 r  GEN_BRAM.u_core/alu/u_mul/u_mul/GEN_ARRAY.u_mul/u_csa_row0/GEN_CSA_FA[1].u_fa/result[28]_INST_0_i_47/O
                         net (fo=2, routed)           0.412    20.980    GEN_BRAM.u_core/alu/u_mul/u_mul/GEN_ARRAY.u_mul/u_csa_row0/GEN_CSA_FA[1].u_fa/stage_carry[23]_54[28]
    SLICE_X1Y4           LUT5 (Prop_lut5_I3_O)        0.053    21.033 r  GEN_BRAM.u_core/alu/u_mul/u_mul/GEN_ARRAY.u_mul/u_csa_row0/GEN_CSA_FA[1].u_fa/result[28]_INST_0_i_26/O
                         net (fo=2, routed)           0.771    21.804    GEN_BRAM.u_core/alu/u_mul/u_mul/GEN_ARRAY.u_mul/u_csa_row0/GEN_CSA_FA[1].u_fa/stage_sum[24]_31[28]
    SLICE_X13Y6          LUT3 (Prop_lut3_I1_O)        0.053    21.857 r  GEN_BRAM.u_core/alu/u_mul/u_mul/GEN_ARRAY.u_mul/u_csa_row0/GEN_CSA_FA[1].u_fa/result[30]_INST_0_i_20/O
                         net (fo=2, routed)           0.304    22.162    GEN_BRAM.u_core/alu/u_mul/u_mul/GEN_ARRAY.u_mul/u_csa_row0/GEN_CSA_FA[1].u_fa/stage_carry[25]_55[29]
    SLICE_X13Y6          LUT5 (Prop_lut5_I3_O)        0.053    22.215 r  GEN_BRAM.u_core/alu/u_mul/u_mul/GEN_ARRAY.u_mul/u_csa_row0/GEN_CSA_FA[1].u_fa/result[30]_INST_0_i_14/O
                         net (fo=2, routed)           0.445    22.659    GEN_BRAM.u_core/alu/u_mul/u_mul/GEN_ARRAY.u_mul/u_csa_row0/GEN_CSA_FA[1].u_fa/stage_carry[26]_24[30]
    SLICE_X14Y7          LUT3 (Prop_lut3_I0_O)        0.053    22.712 r  GEN_BRAM.u_core/alu/u_mul/u_mul/GEN_ARRAY.u_mul/u_csa_row0/GEN_CSA_FA[1].u_fa/result[31]_INST_0_i_33/O
                         net (fo=2, routed)           0.467    23.180    GEN_BRAM.u_core/alu/u_mul/u_mul/GEN_ARRAY.u_mul/u_csa_row0/GEN_CSA_FA[1].u_fa/stage_carry[27]_56[31]
    SLICE_X14Y7          LUT5 (Prop_lut5_I3_O)        0.053    23.233 r  GEN_BRAM.u_core/alu/u_mul/u_mul/GEN_ARRAY.u_mul/u_csa_row0/GEN_CSA_FA[1].u_fa/result[31]_INST_0_i_18/O
                         net (fo=2, routed)           0.469    23.702    GEN_BRAM.u_core/alu/u_mul/u_mul/GEN_ARRAY.u_mul/u_csa_row0/GEN_CSA_FA[1].u_fa/stage_sum[28]_29[31]
    SLICE_X15Y7          LUT5 (Prop_lut5_I3_O)        0.053    23.755 r  GEN_BRAM.u_core/alu/u_mul/u_mul/GEN_ARRAY.u_mul/u_csa_row0/GEN_CSA_FA[1].u_fa/result[1]_INST_0_i_5/O
                         net (fo=4, routed)           0.571    24.325    GEN_BRAM.u_core/alu/u_mul/u_mul/GEN_ARRAY.u_mul/u_csa_row0/GEN_CSA_FA[1].u_fa/stage_carry[29]_59[32]
    SLICE_X11Y7          LUT5 (Prop_lut5_I3_O)        0.068    24.393 r  GEN_BRAM.u_core/alu/u_mul/u_mul/GEN_ARRAY.u_mul/u_csa_row0/GEN_CSA_FA[1].u_fa/result[1]_INST_0_i_6/O
                         net (fo=2, routed)           0.407    24.800    GEN_BRAM.u_core/alu/u_mul/u_mul/GEN_ARRAY.u_mul/u_csa_row0/GEN_CSA_FA[1].u_fa/u_final_cpa/GEN_FINAL_FA[32].u_fa/c2
    SLICE_X11Y8          LUT5 (Prop_lut5_I2_O)        0.180    24.980 r  GEN_BRAM.u_core/alu/u_mul/u_mul/GEN_ARRAY.u_mul/u_csa_row0/GEN_CSA_FA[1].u_fa/result[2]_INST_0_i_9/O
                         net (fo=2, routed)           0.448    25.428    GEN_BRAM.u_core/alu/u_mul/u_mul/GEN_ARRAY.u_mul/u_csa_row0/GEN_CSA_FA[1].u_fa/u_final_cpa/GEN_FINAL_FA[33].u_fa/c2
    SLICE_X11Y8          LUT5 (Prop_lut5_I2_O)        0.187    25.615 r  GEN_BRAM.u_core/alu/u_mul/u_mul/GEN_ARRAY.u_mul/u_csa_row0/GEN_CSA_FA[1].u_fa/result[4]_INST_0_i_14/O
                         net (fo=3, routed)           0.371    25.986    GEN_BRAM.u_core/alu/u_mul/u_mul/GEN_ARRAY.u_mul/u_csa_row0/GEN_CSA_FA[1].u_fa/u_final_cpa/c_35
    SLICE_X12Y9          LUT6 (Prop_lut6_I4_O)        0.169    26.155 r  GEN_BRAM.u_core/alu/u_mul/u_mul/GEN_ARRAY.u_mul/u_csa_row0/GEN_CSA_FA[1].u_fa/result[6]_INST_0_i_12/O
                         net (fo=3, routed)           0.518    26.673    GEN_BRAM.u_core/alu/u_mul/u_mul/GEN_ARRAY.u_mul/u_csa_row0/GEN_CSA_FA[1].u_fa/u_final_cpa/c_37
    SLICE_X12Y9          LUT6 (Prop_lut6_I4_O)        0.053    26.726 r  GEN_BRAM.u_core/alu/u_mul/u_mul/GEN_ARRAY.u_mul/u_csa_row0/GEN_CSA_FA[1].u_fa/result[8]_INST_0_i_13/O
                         net (fo=3, routed)           0.310    27.036    GEN_BRAM.u_core/alu/u_mul/u_mul/GEN_ARRAY.u_mul/u_csa_row0/GEN_CSA_FA[1].u_fa/u_final_cpa/c_39
    SLICE_X13Y9          LUT6 (Prop_lut6_I4_O)        0.053    27.089 r  GEN_BRAM.u_core/alu/u_mul/u_mul/GEN_ARRAY.u_mul/u_csa_row0/GEN_CSA_FA[1].u_fa/result[10]_INST_0_i_12/O
                         net (fo=3, routed)           0.343    27.432    GEN_BRAM.u_core/alu/u_mul/u_mul/GEN_ARRAY.u_mul/u_csa_row0/GEN_CSA_FA[1].u_fa/u_final_cpa/c_41
    SLICE_X13Y10         LUT6 (Prop_lut6_I4_O)        0.053    27.485 r  GEN_BRAM.u_core/alu/u_mul/u_mul/GEN_ARRAY.u_mul/u_csa_row0/GEN_CSA_FA[1].u_fa/result[12]_INST_0_i_13/O
                         net (fo=3, routed)           0.341    27.826    GEN_BRAM.u_core/alu/u_mul/u_mul/GEN_ARRAY.u_mul/u_csa_row0/GEN_CSA_FA[1].u_fa/u_final_cpa/c_43
    SLICE_X14Y11         LUT6 (Prop_lut6_I4_O)        0.053    27.879 r  GEN_BRAM.u_core/alu/u_mul/u_mul/GEN_ARRAY.u_mul/u_csa_row0/GEN_CSA_FA[1].u_fa/result[14]_INST_0_i_12/O
                         net (fo=3, routed)           0.222    28.101    GEN_BRAM.u_core/alu/u_mul/u_mul/GEN_ARRAY.u_mul/u_csa_row0/GEN_CSA_FA[1].u_fa/u_final_cpa/c_45
    SLICE_X14Y11         LUT6 (Prop_lut6_I4_O)        0.053    28.154 r  GEN_BRAM.u_core/alu/u_mul/u_mul/GEN_ARRAY.u_mul/u_csa_row0/GEN_CSA_FA[1].u_fa/result[16]_INST_0_i_13/O
                         net (fo=3, routed)           0.287    28.441    GEN_BRAM.u_core/alu/u_mul/u_mul/GEN_ARRAY.u_mul/u_csa_row0/GEN_CSA_FA[1].u_fa/u_final_cpa/c_47
    SLICE_X15Y11         LUT6 (Prop_lut6_I4_O)        0.053    28.494 r  GEN_BRAM.u_core/alu/u_mul/u_mul/GEN_ARRAY.u_mul/u_csa_row0/GEN_CSA_FA[1].u_fa/result[18]_INST_0_i_12/O
                         net (fo=3, routed)           0.338    28.832    GEN_BRAM.u_core/alu/u_mul/u_mul/GEN_ARRAY.u_mul/u_csa_row0/GEN_CSA_FA[1].u_fa/u_final_cpa/c_49
    SLICE_X14Y12         LUT6 (Prop_lut6_I4_O)        0.053    28.885 r  GEN_BRAM.u_core/alu/u_mul/u_mul/GEN_ARRAY.u_mul/u_csa_row0/GEN_CSA_FA[1].u_fa/result[20]_INST_0_i_13/O
                         net (fo=3, routed)           0.252    29.138    GEN_BRAM.u_core/alu/u_mul/u_mul/GEN_ARRAY.u_mul/u_csa_row0/GEN_CSA_FA[1].u_fa/u_final_cpa/c_51
    SLICE_X14Y13         LUT6 (Prop_lut6_I4_O)        0.053    29.191 r  GEN_BRAM.u_core/alu/u_mul/u_mul/GEN_ARRAY.u_mul/u_csa_row0/GEN_CSA_FA[1].u_fa/result[22]_INST_0_i_12/O
                         net (fo=3, routed)           0.300    29.491    GEN_BRAM.u_core/alu/u_mul/u_mul/GEN_ARRAY.u_mul/u_csa_row0/GEN_CSA_FA[1].u_fa/u_final_cpa/c_53
    SLICE_X13Y13         LUT6 (Prop_lut6_I4_O)        0.053    29.544 r  GEN_BRAM.u_core/alu/u_mul/u_mul/GEN_ARRAY.u_mul/u_csa_row0/GEN_CSA_FA[1].u_fa/result[24]_INST_0_i_13/O
                         net (fo=3, routed)           0.204    29.748    GEN_BRAM.u_core/alu/u_mul/u_mul/GEN_ARRAY.u_mul/u_csa_row0/GEN_CSA_FA[1].u_fa/u_final_cpa/c_55
    SLICE_X13Y13         LUT6 (Prop_lut6_I4_O)        0.053    29.801 r  GEN_BRAM.u_core/alu/u_mul/u_mul/GEN_ARRAY.u_mul/u_csa_row0/GEN_CSA_FA[1].u_fa/result[26]_INST_0_i_12/O
                         net (fo=3, routed)           0.367    30.169    GEN_BRAM.u_core/alu/u_mul/u_mul/GEN_ARRAY.u_mul/u_csa_row0/GEN_CSA_FA[1].u_fa/u_final_cpa/c_57
    SLICE_X13Y14         LUT6 (Prop_lut6_I4_O)        0.053    30.222 r  GEN_BRAM.u_core/alu/u_mul/u_mul/GEN_ARRAY.u_mul/u_csa_row0/GEN_CSA_FA[1].u_fa/result[28]_INST_0_i_13/O
                         net (fo=3, routed)           0.241    30.462    GEN_BRAM.u_core/alu/u_mul/u_mul/GEN_ARRAY.u_mul/u_csa_row0/GEN_CSA_FA[1].u_fa/u_final_cpa/c_59
    SLICE_X13Y14         LUT6 (Prop_lut6_I4_O)        0.053    30.515 r  GEN_BRAM.u_core/alu/u_mul/u_mul/GEN_ARRAY.u_mul/u_csa_row0/GEN_CSA_FA[1].u_fa/result[31]_INST_0_i_13/O
                         net (fo=3, routed)           0.369    30.884    GEN_BRAM.u_core/alu/u_mul/u_mul/GEN_ARRAY.u_mul/u_csa_row0/GEN_CSA_FA[1].u_fa/u_final_cpa/c_61
    SLICE_X11Y15         LUT5 (Prop_lut5_I4_O)        0.053    30.937 r  GEN_BRAM.u_core/alu/u_mul/u_mul/GEN_ARRAY.u_mul/u_csa_row0/GEN_CSA_FA[1].u_fa/result[29]_INST_0_i_2/O
                         net (fo=2, routed)           0.000    30.937    GEN_BRAM.u_core/alu/u_mul/u_mul/GEN_ARRAY.u_mul/u_csa_row0/GEN_CSA_FA[1].u_fa/p_0_in[61]
    SLICE_X11Y15         CARRY4 (Prop_carry4_S[0]_O[1])
                                                      0.271    31.208 r  GEN_BRAM.u_core/alu/u_mul/u_mul/GEN_ARRAY.u_mul/u_csa_row0/GEN_CSA_FA[1].u_fa/result[31]_INST_0_i_6/O[1]
                         net (fo=1, routed)           0.428    31.636    GEN_BRAM.u_core/alu/u_mul/u_mul/GEN_ARRAY.u_mul/u_csa_row0/GEN_CSA_FA[1].u_fa/signed_product0[62]
    SLICE_X13Y15         LUT6 (Prop_lut6_I5_O)        0.152    31.788 r  GEN_BRAM.u_core/alu/u_mul/u_mul/GEN_ARRAY.u_mul/u_csa_row0/GEN_CSA_FA[1].u_fa/result[30]_INST_0/O
                         net (fo=1, routed)           0.377    32.165    GEN_BRAM.u_core/reg_file/result[26]
    SLICE_X14Y16         LUT6 (Prop_lut6_I2_O)        0.053    32.218 r  GEN_BRAM.u_core/reg_file/debug_alu_out_OBUF[30]_inst_i_4/O
                         net (fo=1, routed)           0.235    32.453    GEN_BRAM.u_core/reg_file/debug_alu_out_OBUF[30]_inst_i_4_n_0
    SLICE_X15Y17         LUT6 (Prop_lut6_I5_O)        0.053    32.506 r  GEN_BRAM.u_core/reg_file/debug_alu_out_OBUF[30]_inst_i_1/O
                         net (fo=3, routed)           0.152    32.658    GEN_BRAM.u_core/wb_mux/debug_alu_out_OBUF[30]
    SLICE_X15Y17         LUT6 (Prop_lut6_I0_O)        0.053    32.711 r  GEN_BRAM.u_core/wb_mux/registers_reg_r1_0_31_30_31_i_3/O
                         net (fo=1, routed)           0.447    33.158    GEN_BRAM.u_core/divider/wb_exec[30]
    SLICE_X11Y16         LUT6 (Prop_lut6_I5_O)        0.053    33.211 r  GEN_BRAM.u_core/divider/registers_reg_r1_0_31_30_31_i_1/O
                         net (fo=4, routed)           0.253    33.464    GEN_BRAM.u_core/reg_file/registers_reg_r2_0_31_30_31/D
    SLICE_X10Y15         RAMD32                                       r  GEN_BRAM.u_core/reg_file/registers_reg_r2_0_31_30_31/SP/I
  -------------------------------------------------------------------    -------------------

                         (clock sys_clk rise edge)   30.000    30.000 r  
    AD23                                              0.000    30.000 r  clk (IN)
                         net (fo=0)                   0.000    30.000    clk
    AD23                 IBUF (Prop_ibuf_I_O)         0.796    30.796 r  clk_IBUF_inst/O
                         net (fo=1, routed)           1.741    32.537    clk_IBUF
    BUFGCTRL_X0Y0        BUFG (Prop_bufg_I_O)         0.113    32.650 r  clk_IBUF_BUFG_inst/O
                         net (fo=350, routed)         1.539    34.189    GEN_BRAM.u_core/reg_file/registers_reg_r2_0_31_30_31/WCLK
    SLICE_X10Y15         RAMD32                                       r  GEN_BRAM.u_core/reg_file/registers_reg_r2_0_31_30_31/SP/CLK
                         clock pessimism              0.256    34.446    
                         clock uncertainty           -0.035    34.410    
    SLICE_X10Y15         RAMD32 (Setup_ramd32_CLK_I)
                                                     -0.129    34.281    GEN_BRAM.u_core/reg_file/registers_reg_r2_0_31_30_31/SP
  -------------------------------------------------------------------
                         required time                         34.281    
                         arrival time                         -33.464    
  -------------------------------------------------------------------
                         slack                                  0.818    

Slack (MET) :             0.913ns  (required time - arrival time)
  Source:                 GEN_BRAM.u_core/ir_reg[20]/C
                            (rising edge-triggered cell FDCE clocked by sys_clk  {rise@0.000ns fall@15.000ns period=30.000ns})
  Destination:            GEN_BRAM.u_core/reg_file/registers_reg_r2_0_31_24_29/RAMC_D1/I
                            (rising edge-triggered cell RAMD32 clocked by sys_clk  {rise@0.000ns fall@15.000ns period=30.000ns})
  Path Group:             sys_clk
  Path Type:              Setup (Max at Slow Process Corner)
  Requirement:            30.000ns  (sys_clk rise@30.000ns - sys_clk rise@0.000ns)
  Data Path Delay:        28.848ns  (logic 3.876ns (13.436%)  route 24.972ns (86.564%))
  Logic Levels:           54  (CARRY4=1 LUT3=11 LUT4=1 LUT5=20 LUT6=20 RAMD32=1)
  Clock Path Skew:        -0.030ns (DCD - SCD + CPR)
    Destination Clock Delay (DCD):    4.188ns = ( 34.188 - 30.000 ) 
    Source Clock Delay      (SCD):    4.475ns
    Clock Pessimism Removal (CPR):    0.256ns
  Clock Uncertainty:      0.035ns  ((TSJ^2 + TIJ^2)^1/2 + DJ) / 2 + PE
    Total System Jitter     (TSJ):    0.071ns
    Total Input Jitter      (TIJ):    0.000ns
    Discrete Jitter          (DJ):    0.000ns
    Phase Error              (PE):    0.000ns

    Location             Delay type                Incr(ns)  Path(ns)    Netlist Resource(s)
  -------------------------------------------------------------------    -------------------
                         (clock sys_clk rise edge)    0.000     0.000 r  
    AD23                                              0.000     0.000 r  clk (IN)
                         net (fo=0)                   0.000     0.000    clk
    AD23                 IBUF (Prop_ibuf_I_O)         0.873     0.873 r  clk_IBUF_inst/O
                         net (fo=1, routed)           1.830     2.703    clk_IBUF
    BUFGCTRL_X0Y0        BUFG (Prop_bufg_I_O)         0.120     2.823 r  clk_IBUF_BUFG_inst/O
                         net (fo=350, routed)         1.652     4.475    GEN_BRAM.u_core/clk_IBUF_BUFG
    SLICE_X8Y12          FDCE                                         r  GEN_BRAM.u_core/ir_reg[20]/C
  -------------------------------------------------------------------    -------------------
    SLICE_X8Y12          FDCE (Prop_fdce_C_Q)         0.308     4.783 r  GEN_BRAM.u_core/ir_reg[20]/Q
                         net (fo=66, routed)          0.961     5.744    GEN_BRAM.u_core/reg_file/registers_reg_r2_0_31_30_31__0/DPRA0
    SLICE_X10Y15         RAMD32 (Prop_ramd32_RADR0_O)
                                                      0.053     5.797 f  GEN_BRAM.u_core/reg_file/registers_reg_r2_0_31_30_31__0/DP/O
                         net (fo=42, routed)          0.763     6.560    GEN_BRAM.u_core/alu_mux_b/dataR20[26]
    SLICE_X9Y18          LUT6 (Prop_lut6_I3_O)        0.053     6.613 r  GEN_BRAM.u_core/alu_mux_b/u_mul_i_1/O
                         net (fo=52, routed)          0.620     7.233    GEN_BRAM.u_core/alu/u_mul/u_mul/GEN_ARRAY.u_mul/u_csa_row0/GEN_CSA_FA[1].u_fa/result[30]_INST_0_i_11_n_0
    SLICE_X10Y11         LUT4 (Prop_lut4_I3_O)        0.056     7.289 r  GEN_BRAM.u_core/alu/u_mul/u_mul/GEN_ARRAY.u_mul/u_csa_row0/GEN_CSA_FA[1].u_fa/result[4]_INST_0_i_7/O
                         net (fo=111, routed)         1.034     8.323    GEN_BRAM.u_core/alu/u_mul/u_mul/GEN_ARRAY.u_mul/u_csa_row0/GEN_CSA_FA[1].u_fa/result[4]_INST_0_i_7_n_0
    SLICE_X6Y14          LUT6 (Prop_lut6_I4_O)        0.168     8.491 r  GEN_BRAM.u_core/alu/u_mul/u_mul/GEN_ARRAY.u_mul/u_csa_row0/GEN_CSA_FA[1].u_fa/result[14]_INST_0_i_130/O
                         net (fo=2, routed)           0.355     8.846    GEN_BRAM.u_core/alu/u_mul/u_mul/GEN_ARRAY.u_mul/u_csa_row0/GEN_CSA_FA[1].u_fa/pp[2]_91[13]
    SLICE_X6Y13          LUT6 (Prop_lut6_I5_O)        0.053     8.899 r  GEN_BRAM.u_core/alu/u_mul/u_mul/GEN_ARRAY.u_mul/u_csa_row0/GEN_CSA_FA[1].u_fa/result[14]_INST_0_i_114/O
                         net (fo=3, routed)           0.768     9.667    GEN_BRAM.u_core/alu/u_mul/u_mul/GEN_ARRAY.u_mul/u_csa_row0/GEN_CSA_FA[1].u_fa/stage_carry[0]_58[14]
    SLICE_X15Y13         LUT3 (Prop_lut3_I0_O)        0.053     9.720 r  GEN_BRAM.u_core/alu/u_mul/u_mul/GEN_ARRAY.u_mul/u_csa_row0/GEN_CSA_FA[1].u_fa/result[16]_INST_0_i_147/O
                         net (fo=2, routed)           0.241     9.961    GEN_BRAM.u_core/alu/u_mul/u_mul/GEN_ARRAY.u_mul/u_csa_row0/GEN_CSA_FA[1].u_fa/stage_carry[1]_43[15]
    SLICE_X17Y13         LUT5 (Prop_lut5_I3_O)        0.053    10.014 r  GEN_BRAM.u_core/alu/u_mul/u_mul/GEN_ARRAY.u_mul/u_csa_row0/GEN_CSA_FA[1].u_fa/result[16]_INST_0_i_125/O
                         net (fo=3, routed)           1.041    11.054    GEN_BRAM.u_core/alu/u_mul/u_mul/GEN_ARRAY.u_mul/u_csa_row0/GEN_CSA_FA[1].u_fa/stage_sum[2]_42[15]
    SLICE_X7Y13          LUT5 (Prop_lut5_I1_O)        0.053    11.107 r  GEN_BRAM.u_core/alu/u_mul/u_mul/GEN_ARRAY.u_mul/u_csa_row0/GEN_CSA_FA[1].u_fa/result[16]_INST_0_i_109/O
                         net (fo=3, routed)           0.720    11.827    GEN_BRAM.u_core/alu/u_mul/u_mul/GEN_ARRAY.u_mul/u_csa_row0/GEN_CSA_FA[1].u_fa/stage_carry[4]_2[16]
    SLICE_X16Y12         LUT3 (Prop_lut3_I0_O)        0.053    11.880 r  GEN_BRAM.u_core/alu/u_mul/u_mul/GEN_ARRAY.u_mul/u_csa_row0/GEN_CSA_FA[1].u_fa/result[18]_INST_0_i_112/O
                         net (fo=2, routed)           0.577    12.457    GEN_BRAM.u_core/alu/u_mul/u_mul/GEN_ARRAY.u_mul/u_csa_row0/GEN_CSA_FA[1].u_fa/stage_carry[5]_45[17]
    SLICE_X16Y10         LUT5 (Prop_lut5_I3_O)        0.053    12.510 r  GEN_BRAM.u_core/alu/u_mul/u_mul/GEN_ARRAY.u_mul/u_csa_row0/GEN_CSA_FA[1].u_fa/result[18]_INST_0_i_94/O
                         net (fo=3, routed)           0.643    13.153    GEN_BRAM.u_core/alu/u_mul/u_mul/GEN_ARRAY.u_mul/u_csa_row0/GEN_CSA_FA[1].u_fa/stage_carry[6]_4[18]
    SLICE_X16Y8          LUT3 (Prop_lut3_I0_O)        0.053    13.206 r  GEN_BRAM.u_core/alu/u_mul/u_mul/GEN_ARRAY.u_mul/u_csa_row0/GEN_CSA_FA[1].u_fa/result[20]_INST_0_i_127/O
                         net (fo=2, routed)           0.310    13.516    GEN_BRAM.u_core/alu/u_mul/u_mul/GEN_ARRAY.u_mul/u_csa_row0/GEN_CSA_FA[1].u_fa/stage_carry[7]_46[19]
    SLICE_X15Y8          LUT5 (Prop_lut5_I3_O)        0.053    13.569 r  GEN_BRAM.u_core/alu/u_mul/u_mul/GEN_ARRAY.u_mul/u_csa_row0/GEN_CSA_FA[1].u_fa/result[20]_INST_0_i_109/O
                         net (fo=3, routed)           0.416    13.985    GEN_BRAM.u_core/alu/u_mul/u_mul/GEN_ARRAY.u_mul/u_csa_row0/GEN_CSA_FA[1].u_fa/stage_carry[8]_6[20]
    SLICE_X15Y5          LUT3 (Prop_lut3_I0_O)        0.053    14.038 r  GEN_BRAM.u_core/alu/u_mul/u_mul/GEN_ARRAY.u_mul/u_csa_row0/GEN_CSA_FA[1].u_fa/result[22]_INST_0_i_107/O
                         net (fo=2, routed)           0.316    14.354    GEN_BRAM.u_core/alu/u_mul/u_mul/GEN_ARRAY.u_mul/u_csa_row0/GEN_CSA_FA[1].u_fa/stage_carry[9]_47[21]
    SLICE_X15Y5          LUT5 (Prop_lut5_I3_O)        0.053    14.407 r  GEN_BRAM.u_core/alu/u_mul/u_mul/GEN_ARRAY.u_mul/u_csa_row0/GEN_CSA_FA[1].u_fa/result[22]_INST_0_i_90/O
                         net (fo=3, routed)           0.526    14.933    GEN_BRAM.u_core/alu/u_mul/u_mul/GEN_ARRAY.u_mul/u_csa_row0/GEN_CSA_FA[1].u_fa/stage_sum[10]_38[21]
    SLICE_X6Y4           LUT3 (Prop_lut3_I1_O)        0.053    14.986 r  GEN_BRAM.u_core/alu/u_mul/u_mul/GEN_ARRAY.u_mul/u_csa_row0/GEN_CSA_FA[1].u_fa/result[22]_INST_0_i_97/O
                         net (fo=2, routed)           0.577    15.563    GEN_BRAM.u_core/alu/u_mul/u_mul/GEN_ARRAY.u_mul/u_csa_row0/GEN_CSA_FA[1].u_fa/stage_carry[11]_48[22]
    SLICE_X7Y4           LUT5 (Prop_lut5_I3_O)        0.053    15.616 r  GEN_BRAM.u_core/alu/u_mul/u_mul/GEN_ARRAY.u_mul/u_csa_row0/GEN_CSA_FA[1].u_fa/result[22]_INST_0_i_75/O
                         net (fo=3, routed)           0.322    15.938    GEN_BRAM.u_core/alu/u_mul/u_mul/GEN_ARRAY.u_mul/u_csa_row0/GEN_CSA_FA[1].u_fa/stage_sum[12]_37[22]
    SLICE_X6Y3           LUT3 (Prop_lut3_I1_O)        0.053    15.991 r  GEN_BRAM.u_core/alu/u_mul/u_mul/GEN_ARRAY.u_mul/u_csa_row0/GEN_CSA_FA[1].u_fa/result[24]_INST_0_i_102/O
                         net (fo=2, routed)           0.458    16.449    GEN_BRAM.u_core/alu/u_mul/u_mul/GEN_ARRAY.u_mul/u_csa_row0/GEN_CSA_FA[1].u_fa/stage_carry[13]_49[23]
    SLICE_X7Y3           LUT5 (Prop_lut5_I3_O)        0.053    16.502 r  GEN_BRAM.u_core/alu/u_mul/u_mul/GEN_ARRAY.u_mul/u_csa_row0/GEN_CSA_FA[1].u_fa/result[24]_INST_0_i_85/O
                         net (fo=3, routed)           0.571    17.073    GEN_BRAM.u_core/alu/u_mul/u_mul/GEN_ARRAY.u_mul/u_csa_row0/GEN_CSA_FA[1].u_fa/stage_sum[14]_36[23]
    SLICE_X5Y4           LUT5 (Prop_lut5_I1_O)        0.053    17.126 r  GEN_BRAM.u_core/alu/u_mul/u_mul/GEN_ARRAY.u_mul/u_csa_row0/GEN_CSA_FA[1].u_fa/result[24]_INST_0_i_65/O
                         net (fo=3, routed)           0.396    17.522    GEN_BRAM.u_core/alu/u_mul/u_mul/GEN_ARRAY.u_mul/u_csa_row0/GEN_CSA_FA[1].u_fa/stage_sum[16]_35[23]
    SLICE_X4Y5           LUT3 (Prop_lut3_I1_O)        0.053    17.575 r  GEN_BRAM.u_core/alu/u_mul/u_mul/GEN_ARRAY.u_mul/u_csa_row0/GEN_CSA_FA[1].u_fa/result[24]_INST_0_i_72/O
                         net (fo=2, routed)           0.466    18.041    GEN_BRAM.u_core/alu/u_mul/u_mul/GEN_ARRAY.u_mul/u_csa_row0/GEN_CSA_FA[1].u_fa/stage_carry[17]_51[24]
    SLICE_X4Y5           LUT5 (Prop_lut5_I3_O)        0.053    18.094 r  GEN_BRAM.u_core/alu/u_mul/u_mul/GEN_ARRAY.u_mul/u_csa_row0/GEN_CSA_FA[1].u_fa/result[26]_INST_0_i_49/O
                         net (fo=3, routed)           0.442    18.536    GEN_BRAM.u_core/alu/u_mul/u_mul/GEN_ARRAY.u_mul/u_csa_row0/GEN_CSA_FA[1].u_fa/stage_carry[18]_16[25]
    SLICE_X4Y3           LUT3 (Prop_lut3_I0_O)        0.053    18.589 r  GEN_BRAM.u_core/alu/u_mul/u_mul/GEN_ARRAY.u_mul/u_csa_row0/GEN_CSA_FA[1].u_fa/result[26]_INST_0_i_57/O
                         net (fo=2, routed)           0.415    19.004    GEN_BRAM.u_core/alu/u_mul/u_mul/GEN_ARRAY.u_mul/u_csa_row0/GEN_CSA_FA[1].u_fa/stage_carry[19]_52[26]
    SLICE_X3Y3           LUT5 (Prop_lut5_I3_O)        0.053    19.057 r  GEN_BRAM.u_core/alu/u_mul/u_mul/GEN_ARRAY.u_mul/u_csa_row0/GEN_CSA_FA[1].u_fa/result[26]_INST_0_i_35/O
                         net (fo=3, routed)           0.764    19.821    GEN_BRAM.u_core/alu/u_mul/u_mul/GEN_ARRAY.u_mul/u_csa_row0/GEN_CSA_FA[1].u_fa/stage_sum[20]_33[26]
    SLICE_X8Y5           LUT5 (Prop_lut5_I1_O)        0.053    19.874 r  GEN_BRAM.u_core/alu/u_mul/u_mul/GEN_ARRAY.u_mul/u_csa_row0/GEN_CSA_FA[1].u_fa/result[28]_INST_0_i_39/O
                         net (fo=3, routed)           0.641    20.515    GEN_BRAM.u_core/alu/u_mul/u_mul/GEN_ARRAY.u_mul/u_csa_row0/GEN_CSA_FA[1].u_fa/stage_carry[22]_20[27]
    SLICE_X2Y4           LUT3 (Prop_lut3_I0_O)        0.053    20.568 r  GEN_BRAM.u_core/alu/u_mul/u_mul/GEN_ARRAY.u_mul/u_csa_row0/GEN_CSA_FA[1].u_fa/result[28]_INST_0_i_47/O
                         net (fo=2, routed)           0.412    20.980    GEN_BRAM.u_core/alu/u_mul/u_mul/GEN_ARRAY.u_mul/u_csa_row0/GEN_CSA_FA[1].u_fa/stage_carry[23]_54[28]
    SLICE_X1Y4           LUT5 (Prop_lut5_I3_O)        0.053    21.033 r  GEN_BRAM.u_core/alu/u_mul/u_mul/GEN_ARRAY.u_mul/u_csa_row0/GEN_CSA_FA[1].u_fa/result[28]_INST_0_i_26/O
                         net (fo=2, routed)           0.771    21.804    GEN_BRAM.u_core/alu/u_mul/u_mul/GEN_ARRAY.u_mul/u_csa_row0/GEN_CSA_FA[1].u_fa/stage_sum[24]_31[28]
    SLICE_X13Y6          LUT3 (Prop_lut3_I1_O)        0.053    21.857 r  GEN_BRAM.u_core/alu/u_mul/u_mul/GEN_ARRAY.u_mul/u_csa_row0/GEN_CSA_FA[1].u_fa/result[30]_INST_0_i_20/O
                         net (fo=2, routed)           0.304    22.162    GEN_BRAM.u_core/alu/u_mul/u_mul/GEN_ARRAY.u_mul/u_csa_row0/GEN_CSA_FA[1].u_fa/stage_carry[25]_55[29]
    SLICE_X13Y6          LUT5 (Prop_lut5_I3_O)        0.053    22.215 r  GEN_BRAM.u_core/alu/u_mul/u_mul/GEN_ARRAY.u_mul/u_csa_row0/GEN_CSA_FA[1].u_fa/result[30]_INST_0_i_14/O
                         net (fo=2, routed)           0.445    22.659    GEN_BRAM.u_core/alu/u_mul/u_mul/GEN_ARRAY.u_mul/u_csa_row0/GEN_CSA_FA[1].u_fa/stage_carry[26]_24[30]
    SLICE_X14Y7          LUT3 (Prop_lut3_I0_O)        0.053    22.712 r  GEN_BRAM.u_core/alu/u_mul/u_mul/GEN_ARRAY.u_mul/u_csa_row0/GEN_CSA_FA[1].u_fa/result[31]_INST_0_i_33/O
                         net (fo=2, routed)           0.467    23.180    GEN_BRAM.u_core/alu/u_mul/u_mul/GEN_ARRAY.u_mul/u_csa_row0/GEN_CSA_FA[1].u_fa/stage_carry[27]_56[31]
    SLICE_X14Y7          LUT5 (Prop_lut5_I3_O)        0.053    23.233 r  GEN_BRAM.u_core/alu/u_mul/u_mul/GEN_ARRAY.u_mul/u_csa_row0/GEN_CSA_FA[1].u_fa/result[31]_INST_0_i_18/O
                         net (fo=2, routed)           0.469    23.702    GEN_BRAM.u_core/alu/u_mul/u_mul/GEN_ARRAY.u_mul/u_csa_row0/GEN_CSA_FA[1].u_fa/stage_sum[28]_29[31]
    SLICE_X15Y7          LUT5 (Prop_lut5_I3_O)        0.053    23.755 r  GEN_BRAM.u_core/alu/u_mul/u_mul/GEN_ARRAY.u_mul/u_csa_row0/GEN_CSA_FA[1].u_fa/result[1]_INST_0_i_5/O
                         net (fo=4, routed)           0.571    24.325    GEN_BRAM.u_core/alu/u_mul/u_mul/GEN_ARRAY.u_mul/u_csa_row0/GEN_CSA_FA[1].u_fa/stage_carry[29]_59[32]
    SLICE_X11Y7          LUT5 (Prop_lut5_I3_O)        0.068    24.393 r  GEN_BRAM.u_core/alu/u_mul/u_mul/GEN_ARRAY.u_mul/u_csa_row0/GEN_CSA_FA[1].u_fa/result[1]_INST_0_i_6/O
                         net (fo=2, routed)           0.407    24.800    GEN_BRAM.u_core/alu/u_mul/u_mul/GEN_ARRAY.u_mul/u_csa_row0/GEN_CSA_FA[1].u_fa/u_final_cpa/GEN_FINAL_FA[32].u_fa/c2
    SLICE_X11Y8          LUT5 (Prop_lut5_I2_O)        0.180    24.980 r  GEN_BRAM.u_core/alu/u_mul/u_mul/GEN_ARRAY.u_mul/u_csa_row0/GEN_CSA_FA[1].u_fa/result[2]_INST_0_i_9/O
                         net (fo=2, routed)           0.448    25.428    GEN_BRAM.u_core/alu/u_mul/u_mul/GEN_ARRAY.u_mul/u_csa_row0/GEN_CSA_FA[1].u_fa/u_final_cpa/GEN_FINAL_FA[33].u_fa/c2
    SLICE_X11Y8          LUT5 (Prop_lut5_I2_O)        0.187    25.615 r  GEN_BRAM.u_core/alu/u_mul/u_mul/GEN_ARRAY.u_mul/u_csa_row0/GEN_CSA_FA[1].u_fa/result[4]_INST_0_i_14/O
                         net (fo=3, routed)           0.371    25.986    GEN_BRAM.u_core/alu/u_mul/u_mul/GEN_ARRAY.u_mul/u_csa_row0/GEN_CSA_FA[1].u_fa/u_final_cpa/c_35
    SLICE_X12Y9          LUT6 (Prop_lut6_I4_O)        0.169    26.155 r  GEN_BRAM.u_core/alu/u_mul/u_mul/GEN_ARRAY.u_mul/u_csa_row0/GEN_CSA_FA[1].u_fa/result[6]_INST_0_i_12/O
                         net (fo=3, routed)           0.518    26.673    GEN_BRAM.u_core/alu/u_mul/u_mul/GEN_ARRAY.u_mul/u_csa_row0/GEN_CSA_FA[1].u_fa/u_final_cpa/c_37
    SLICE_X12Y9          LUT6 (Prop_lut6_I4_O)        0.053    26.726 r  GEN_BRAM.u_core/alu/u_mul/u_mul/GEN_ARRAY.u_mul/u_csa_row0/GEN_CSA_FA[1].u_fa/result[8]_INST_0_i_13/O
                         net (fo=3, routed)           0.310    27.036    GEN_BRAM.u_core/alu/u_mul/u_mul/GEN_ARRAY.u_mul/u_csa_row0/GEN_CSA_FA[1].u_fa/u_final_cpa/c_39
    SLICE_X13Y9          LUT6 (Prop_lut6_I4_O)        0.053    27.089 r  GEN_BRAM.u_core/alu/u_mul/u_mul/GEN_ARRAY.u_mul/u_csa_row0/GEN_CSA_FA[1].u_fa/result[10]_INST_0_i_12/O
                         net (fo=3, routed)           0.343    27.432    GEN_BRAM.u_core/alu/u_mul/u_mul/GEN_ARRAY.u_mul/u_csa_row0/GEN_CSA_FA[1].u_fa/u_final_cpa/c_41
    SLICE_X13Y10         LUT6 (Prop_lut6_I4_O)        0.053    27.485 r  GEN_BRAM.u_core/alu/u_mul/u_mul/GEN_ARRAY.u_mul/u_csa_row0/GEN_CSA_FA[1].u_fa/result[12]_INST_0_i_13/O
                         net (fo=3, routed)           0.341    27.826    GEN_BRAM.u_core/alu/u_mul/u_mul/GEN_ARRAY.u_mul/u_csa_row0/GEN_CSA_FA[1].u_fa/u_final_cpa/c_43
    SLICE_X14Y11         LUT6 (Prop_lut6_I4_O)        0.053    27.879 r  GEN_BRAM.u_core/alu/u_mul/u_mul/GEN_ARRAY.u_mul/u_csa_row0/GEN_CSA_FA[1].u_fa/result[14]_INST_0_i_12/O
                         net (fo=3, routed)           0.222    28.101    GEN_BRAM.u_core/alu/u_mul/u_mul/GEN_ARRAY.u_mul/u_csa_row0/GEN_CSA_FA[1].u_fa/u_final_cpa/c_45
    SLICE_X14Y11         LUT6 (Prop_lut6_I4_O)        0.053    28.154 r  GEN_BRAM.u_core/alu/u_mul/u_mul/GEN_ARRAY.u_mul/u_csa_row0/GEN_CSA_FA[1].u_fa/result[16]_INST_0_i_13/O
                         net (fo=3, routed)           0.287    28.441    GEN_BRAM.u_core/alu/u_mul/u_mul/GEN_ARRAY.u_mul/u_csa_row0/GEN_CSA_FA[1].u_fa/u_final_cpa/c_47
    SLICE_X15Y11         LUT6 (Prop_lut6_I4_O)        0.053    28.494 r  GEN_BRAM.u_core/alu/u_mul/u_mul/GEN_ARRAY.u_mul/u_csa_row0/GEN_CSA_FA[1].u_fa/result[18]_INST_0_i_12/O
                         net (fo=3, routed)           0.338    28.832    GEN_BRAM.u_core/alu/u_mul/u_mul/GEN_ARRAY.u_mul/u_csa_row0/GEN_CSA_FA[1].u_fa/u_final_cpa/c_49
    SLICE_X14Y12         LUT6 (Prop_lut6_I4_O)        0.053    28.885 r  GEN_BRAM.u_core/alu/u_mul/u_mul/GEN_ARRAY.u_mul/u_csa_row0/GEN_CSA_FA[1].u_fa/result[20]_INST_0_i_13/O
                         net (fo=3, routed)           0.252    29.138    GEN_BRAM.u_core/alu/u_mul/u_mul/GEN_ARRAY.u_mul/u_csa_row0/GEN_CSA_FA[1].u_fa/u_final_cpa/c_51
    SLICE_X14Y13         LUT6 (Prop_lut6_I4_O)        0.053    29.191 r  GEN_BRAM.u_core/alu/u_mul/u_mul/GEN_ARRAY.u_mul/u_csa_row0/GEN_CSA_FA[1].u_fa/result[22]_INST_0_i_12/O
                         net (fo=3, routed)           0.300    29.491    GEN_BRAM.u_core/alu/u_mul/u_mul/GEN_ARRAY.u_mul/u_csa_row0/GEN_CSA_FA[1].u_fa/u_final_cpa/c_53
    SLICE_X13Y13         LUT6 (Prop_lut6_I4_O)        0.053    29.544 r  GEN_BRAM.u_core/alu/u_mul/u_mul/GEN_ARRAY.u_mul/u_csa_row0/GEN_CSA_FA[1].u_fa/result[24]_INST_0_i_13/O
                         net (fo=3, routed)           0.204    29.748    GEN_BRAM.u_core/alu/u_mul/u_mul/GEN_ARRAY.u_mul/u_csa_row0/GEN_CSA_FA[1].u_fa/u_final_cpa/c_55
    SLICE_X13Y13         LUT6 (Prop_lut6_I4_O)        0.053    29.801 r  GEN_BRAM.u_core/alu/u_mul/u_mul/GEN_ARRAY.u_mul/u_csa_row0/GEN_CSA_FA[1].u_fa/result[26]_INST_0_i_12/O
                         net (fo=3, routed)           0.367    30.169    GEN_BRAM.u_core/alu/u_mul/u_mul/GEN_ARRAY.u_mul/u_csa_row0/GEN_CSA_FA[1].u_fa/u_final_cpa/c_57
    SLICE_X13Y14         LUT6 (Prop_lut6_I4_O)        0.053    30.222 r  GEN_BRAM.u_core/alu/u_mul/u_mul/GEN_ARRAY.u_mul/u_csa_row0/GEN_CSA_FA[1].u_fa/result[28]_INST_0_i_13/O
                         net (fo=3, routed)           0.241    30.462    GEN_BRAM.u_core/alu/u_mul/u_mul/GEN_ARRAY.u_mul/u_csa_row0/GEN_CSA_FA[1].u_fa/u_final_cpa/c_59
    SLICE_X13Y14         LUT6 (Prop_lut6_I4_O)        0.053    30.515 r  GEN_BRAM.u_core/alu/u_mul/u_mul/GEN_ARRAY.u_mul/u_csa_row0/GEN_CSA_FA[1].u_fa/result[31]_INST_0_i_13/O
                         net (fo=3, routed)           0.369    30.884    GEN_BRAM.u_core/alu/u_mul/u_mul/GEN_ARRAY.u_mul/u_csa_row0/GEN_CSA_FA[1].u_fa/u_final_cpa/c_61
    SLICE_X11Y15         LUT5 (Prop_lut5_I4_O)        0.053    30.937 r  GEN_BRAM.u_core/alu/u_mul/u_mul/GEN_ARRAY.u_mul/u_csa_row0/GEN_CSA_FA[1].u_fa/result[29]_INST_0_i_2/O
                         net (fo=2, routed)           0.000    30.937    GEN_BRAM.u_core/alu/u_mul/u_mul/GEN_ARRAY.u_mul/u_csa_row0/GEN_CSA_FA[1].u_fa/p_0_in[61]
    SLICE_X11Y15         CARRY4 (Prop_carry4_S[0]_O[0])
                                                      0.147    31.084 r  GEN_BRAM.u_core/alu/u_mul/u_mul/GEN_ARRAY.u_mul/u_csa_row0/GEN_CSA_FA[1].u_fa/result[31]_INST_0_i_6/O[0]
                         net (fo=1, routed)           0.337    31.421    GEN_BRAM.u_core/alu/u_mul/u_mul/GEN_ARRAY.u_mul/u_csa_row0/GEN_CSA_FA[1].u_fa/signed_product0[61]
    SLICE_X11Y17         LUT5 (Prop_lut5_I4_O)        0.155    31.576 r  GEN_BRAM.u_core/alu/u_mul/u_mul/GEN_ARRAY.u_mul/u_csa_row0/GEN_CSA_FA[1].u_fa/result[29]_INST_0/O
                         net (fo=1, routed)           0.341    31.917    GEN_BRAM.u_core/reg_file/result[25]
    SLICE_X10Y19         LUT6 (Prop_lut6_I2_O)        0.053    31.970 r  GEN_BRAM.u_core/reg_file/debug_alu_out_OBUF[29]_inst_i_4/O
                         net (fo=1, routed)           0.136    32.106    GEN_BRAM.u_core/reg_file/debug_alu_out_OBUF[29]_inst_i_4_n_0
    SLICE_X10Y19         LUT6 (Prop_lut6_I5_O)        0.053    32.159 r  GEN_BRAM.u_core/reg_file/debug_alu_out_OBUF[29]_inst_i_1/O
                         net (fo=3, routed)           0.251    32.409    GEN_BRAM.u_core/wb_mux/debug_alu_out_OBUF[29]
    SLICE_X11Y18         LUT6 (Prop_lut6_I0_O)        0.053    32.462 r  GEN_BRAM.u_core/wb_mux/registers_reg_r1_0_31_24_29_i_16/O
                         net (fo=1, routed)           0.441    32.904    GEN_BRAM.u_core/divider/wb_exec[29]
    SLICE_X14Y17         LUT6 (Prop_lut6_I5_O)        0.053    32.957 r  GEN_BRAM.u_core/divider/registers_reg_r1_0_31_24_29_i_5/O
                         net (fo=2, routed)           0.366    33.323    GEN_BRAM.u_core/reg_file/registers_reg_r2_0_31_24_29/DIC1
    SLICE_X12Y15         RAMD32                                       r  GEN_BRAM.u_core/reg_file/registers_reg_r2_0_31_24_29/RAMC_D1/I
  -------------------------------------------------------------------    -------------------

                         (clock sys_clk rise edge)   30.000    30.000 r  
    AD23                                              0.000    30.000 r  clk (IN)
                         net (fo=0)                   0.000    30.000    clk
    AD23                 IBUF (Prop_ibuf_I_O)         0.796    30.796 r  clk_IBUF_inst/O
                         net (fo=1, routed)           1.741    32.537    clk_IBUF
    BUFGCTRL_X0Y0        BUFG (Prop_bufg_I_O)         0.113    32.650 r  clk_IBUF_BUFG_inst/O
                         net (fo=350, routed)         1.538    34.188    GEN_BRAM.u_core/reg_file/registers_reg_r2_0_31_24_29/WCLK
    SLICE_X12Y15         RAMD32                                       r  GEN_BRAM.u_core/reg_file/registers_reg_r2_0_31_24_29/RAMC_D1/CLK
                         clock pessimism              0.256    34.445    
                         clock uncertainty           -0.035    34.409    
    SLICE_X12Y15         RAMD32 (Setup_ramd32_CLK_I)
                                                     -0.174    34.235    GEN_BRAM.u_core/reg_file/registers_reg_r2_0_31_24_29/RAMC_D1
  -------------------------------------------------------------------
                         required time                         34.235    
                         arrival time                         -33.322    
  -------------------------------------------------------------------
                         slack                                  0.913    

Slack (MET) :             1.122ns  (required time - arrival time)
  Source:                 GEN_BRAM.u_core/ir_reg[20]/C
                            (rising edge-triggered cell FDCE clocked by sys_clk  {rise@0.000ns fall@15.000ns period=30.000ns})
  Destination:            GEN_BRAM.u_core/reg_file/registers_reg_r2_0_31_24_29/RAMB/I
                            (rising edge-triggered cell RAMD32 clocked by sys_clk  {rise@0.000ns fall@15.000ns period=30.000ns})
  Path Group:             sys_clk
  Path Type:              Setup (Max at Slow Process Corner)
  Requirement:            30.000ns  (sys_clk rise@30.000ns - sys_clk rise@0.000ns)
  Data Path Delay:        28.683ns  (logic 3.891ns (13.565%)  route 24.792ns (86.435%))
  Logic Levels:           52  (CARRY4=1 LUT3=11 LUT4=1 LUT5=19 LUT6=19 RAMD32=1)
  Clock Path Skew:        -0.030ns (DCD - SCD + CPR)
    Destination Clock Delay (DCD):    4.188ns = ( 34.188 - 30.000 ) 
    Source Clock Delay      (SCD):    4.475ns
    Clock Pessimism Removal (CPR):    0.256ns
  Clock Uncertainty:      0.035ns  ((TSJ^2 + TIJ^2)^1/2 + DJ) / 2 + PE
    Total System Jitter     (TSJ):    0.071ns
    Total Input Jitter      (TIJ):    0.000ns
    Discrete Jitter          (DJ):    0.000ns
    Phase Error              (PE):    0.000ns

    Location             Delay type                Incr(ns)  Path(ns)    Netlist Resource(s)
  -------------------------------------------------------------------    -------------------
                         (clock sys_clk rise edge)    0.000     0.000 r  
    AD23                                              0.000     0.000 r  clk (IN)
                         net (fo=0)                   0.000     0.000    clk
    AD23                 IBUF (Prop_ibuf_I_O)         0.873     0.873 r  clk_IBUF_inst/O
                         net (fo=1, routed)           1.830     2.703    clk_IBUF
    BUFGCTRL_X0Y0        BUFG (Prop_bufg_I_O)         0.120     2.823 r  clk_IBUF_BUFG_inst/O
                         net (fo=350, routed)         1.652     4.475    GEN_BRAM.u_core/clk_IBUF_BUFG
    SLICE_X8Y12          FDCE                                         r  GEN_BRAM.u_core/ir_reg[20]/C
  -------------------------------------------------------------------    -------------------
    SLICE_X8Y12          FDCE (Prop_fdce_C_Q)         0.308     4.783 r  GEN_BRAM.u_core/ir_reg[20]/Q
                         net (fo=66, routed)          0.961     5.744    GEN_BRAM.u_core/reg_file/registers_reg_r2_0_31_30_31__0/DPRA0
    SLICE_X10Y15         RAMD32 (Prop_ramd32_RADR0_O)
                                                      0.053     5.797 f  GEN_BRAM.u_core/reg_file/registers_reg_r2_0_31_30_31__0/DP/O
                         net (fo=42, routed)          0.763     6.560    GEN_BRAM.u_core/alu_mux_b/dataR20[26]
    SLICE_X9Y18          LUT6 (Prop_lut6_I3_O)        0.053     6.613 r  GEN_BRAM.u_core/alu_mux_b/u_mul_i_1/O
                         net (fo=52, routed)          0.620     7.233    GEN_BRAM.u_core/alu/u_mul/u_mul/GEN_ARRAY.u_mul/u_csa_row0/GEN_CSA_FA[1].u_fa/result[30]_INST_0_i_11_n_0
    SLICE_X10Y11         LUT4 (Prop_lut4_I3_O)        0.056     7.289 r  GEN_BRAM.u_core/alu/u_mul/u_mul/GEN_ARRAY.u_mul/u_csa_row0/GEN_CSA_FA[1].u_fa/result[4]_INST_0_i_7/O
                         net (fo=111, routed)         1.034     8.323    GEN_BRAM.u_core/alu/u_mul/u_mul/GEN_ARRAY.u_mul/u_csa_row0/GEN_CSA_FA[1].u_fa/result[4]_INST_0_i_7_n_0
    SLICE_X6Y14          LUT6 (Prop_lut6_I4_O)        0.168     8.491 r  GEN_BRAM.u_core/alu/u_mul/u_mul/GEN_ARRAY.u_mul/u_csa_row0/GEN_CSA_FA[1].u_fa/result[14]_INST_0_i_130/O
                         net (fo=2, routed)           0.355     8.846    GEN_BRAM.u_core/alu/u_mul/u_mul/GEN_ARRAY.u_mul/u_csa_row0/GEN_CSA_FA[1].u_fa/pp[2]_91[13]
    SLICE_X6Y13          LUT6 (Prop_lut6_I5_O)        0.053     8.899 r  GEN_BRAM.u_core/alu/u_mul/u_mul/GEN_ARRAY.u_mul/u_csa_row0/GEN_CSA_FA[1].u_fa/result[14]_INST_0_i_114/O
                         net (fo=3, routed)           0.768     9.667    GEN_BRAM.u_core/alu/u_mul/u_mul/GEN_ARRAY.u_mul/u_csa_row0/GEN_CSA_FA[1].u_fa/stage_carry[0]_58[14]
    SLICE_X15Y13         LUT3 (Prop_lut3_I0_O)        0.053     9.720 r  GEN_BRAM.u_core/alu/u_mul/u_mul/GEN_ARRAY.u_mul/u_csa_row0/GEN_CSA_FA[1].u_fa/result[16]_INST_0_i_147/O
                         net (fo=2, routed)           0.241     9.961    GEN_BRAM.u_core/alu/u_mul/u_mul/GEN_ARRAY.u_mul/u_csa_row0/GEN_CSA_FA[1].u_fa/stage_carry[1]_43[15]
    SLICE_X17Y13         LUT5 (Prop_lut5_I3_O)        0.053    10.014 r  GEN_BRAM.u_core/alu/u_mul/u_mul/GEN_ARRAY.u_mul/u_csa_row0/GEN_CSA_FA[1].u_fa/result[16]_INST_0_i_125/O
                         net (fo=3, routed)           1.041    11.054    GEN_BRAM.u_core/alu/u_mul/u_mul/GEN_ARRAY.u_mul/u_csa_row0/GEN_CSA_FA[1].u_fa/stage_sum[2]_42[15]
    SLICE_X7Y13          LUT5 (Prop_lut5_I1_O)        0.053    11.107 r  GEN_BRAM.u_core/alu/u_mul/u_mul/GEN_ARRAY.u_mul/u_csa_row0/GEN_CSA_FA[1].u_fa/result[16]_INST_0_i_109/O
                         net (fo=3, routed)           0.720    11.827    GEN_BRAM.u_core/alu/u_mul/u_mul/GEN_ARRAY.u_mul/u_csa_row0/GEN_CSA_FA[1].u_fa/stage_carry[4]_2[16]
    SLICE_X16Y12         LUT3 (Prop_lut3_I0_O)        0.053    11.880 r  GEN_BRAM.u_core/alu/u_mul/u_mul/GEN_ARRAY.u_mul/u_csa_row0/GEN_CSA_FA[1].u_fa/result[18]_INST_0_i_112/O
                         net (fo=2, routed)           0.577    12.457    GEN_BRAM.u_core/alu/u_mul/u_mul/GEN_ARRAY.u_mul/u_csa_row0/GEN_CSA_FA[1].u_fa/stage_carry[5]_45[17]
    SLICE_X16Y10         LUT5 (Prop_lut5_I3_O)        0.053    12.510 r  GEN_BRAM.u_core/alu/u_mul/u_mul/GEN_ARRAY.u_mul/u_csa_row0/GEN_CSA_FA[1].u_fa/result[18]_INST_0_i_94/O
                         net (fo=3, routed)           0.643    13.153    GEN_BRAM.u_core/alu/u_mul/u_mul/GEN_ARRAY.u_mul/u_csa_row0/GEN_CSA_FA[1].u_fa/stage_carry[6]_4[18]
    SLICE_X16Y8          LUT3 (Prop_lut3_I0_O)        0.053    13.206 r  GEN_BRAM.u_core/alu/u_mul/u_mul/GEN_ARRAY.u_mul/u_csa_row0/GEN_CSA_FA[1].u_fa/result[20]_INST_0_i_127/O
                         net (fo=2, routed)           0.310    13.516    GEN_BRAM.u_core/alu/u_mul/u_mul/GEN_ARRAY.u_mul/u_csa_row0/GEN_CSA_FA[1].u_fa/stage_carry[7]_46[19]
    SLICE_X15Y8          LUT5 (Prop_lut5_I3_O)        0.053    13.569 r  GEN_BRAM.u_core/alu/u_mul/u_mul/GEN_ARRAY.u_mul/u_csa_row0/GEN_CSA_FA[1].u_fa/result[20]_INST_0_i_109/O
                         net (fo=3, routed)           0.416    13.985    GEN_BRAM.u_core/alu/u_mul/u_mul/GEN_ARRAY.u_mul/u_csa_row0/GEN_CSA_FA[1].u_fa/stage_carry[8]_6[20]
    SLICE_X15Y5          LUT3 (Prop_lut3_I0_O)        0.053    14.038 r  GEN_BRAM.u_core/alu/u_mul/u_mul/GEN_ARRAY.u_mul/u_csa_row0/GEN_CSA_FA[1].u_fa/result[22]_INST_0_i_107/O
                         net (fo=2, routed)           0.316    14.354    GEN_BRAM.u_core/alu/u_mul/u_mul/GEN_ARRAY.u_mul/u_csa_row0/GEN_CSA_FA[1].u_fa/stage_carry[9]_47[21]
    SLICE_X15Y5          LUT5 (Prop_lut5_I3_O)        0.053    14.407 r  GEN_BRAM.u_core/alu/u_mul/u_mul/GEN_ARRAY.u_mul/u_csa_row0/GEN_CSA_FA[1].u_fa/result[22]_INST_0_i_90/O
                         net (fo=3, routed)           0.526    14.933    GEN_BRAM.u_core/alu/u_mul/u_mul/GEN_ARRAY.u_mul/u_csa_row0/GEN_CSA_FA[1].u_fa/stage_sum[10]_38[21]
    SLICE_X6Y4           LUT3 (Prop_lut3_I1_O)        0.053    14.986 r  GEN_BRAM.u_core/alu/u_mul/u_mul/GEN_ARRAY.u_mul/u_csa_row0/GEN_CSA_FA[1].u_fa/result[22]_INST_0_i_97/O
                         net (fo=2, routed)           0.577    15.563    GEN_BRAM.u_core/alu/u_mul/u_mul/GEN_ARRAY.u_mul/u_csa_row0/GEN_CSA_FA[1].u_fa/stage_carry[11]_48[22]
    SLICE_X7Y4           LUT5 (Prop_lut5_I3_O)        0.053    15.616 r  GEN_BRAM.u_core/alu/u_mul/u_mul/GEN_ARRAY.u_mul/u_csa_row0/GEN_CSA_FA[1].u_fa/result[22]_INST_0_i_75/O
                         net (fo=3, routed)           0.322    15.938    GEN_BRAM.u_core/alu/u_mul/u_mul/GEN_ARRAY.u_mul/u_csa_row0/GEN_CSA_FA[1].u_fa/stage_sum[12]_37[22]
    SLICE_X6Y3           LUT3 (Prop_lut3_I1_O)        0.053    15.991 r  GEN_BRAM.u_core/alu/u_mul/u_mul/GEN_ARRAY.u_mul/u_csa_row0/GEN_CSA_FA[1].u_fa/result[24]_INST_0_i_102/O
                         net (fo=2, routed)           0.458    16.449    GEN_BRAM.u_core/alu/u_mul/u_mul/GEN_ARRAY.u_mul/u_csa_row0/GEN_CSA_FA[1].u_fa/stage_carry[13]_49[23]
    SLICE_X7Y3           LUT5 (Prop_lut5_I3_O)        0.053    16.502 r  GEN_BRAM.u_core/alu/u_mul/u_mul/GEN_ARRAY.u_mul/u_csa_row0/GEN_CSA_FA[1].u_fa/result[24]_INST_0_i_85/O
                         net (fo=3, routed)           0.571    17.073    GEN_BRAM.u_core/alu/u_mul/u_mul/GEN_ARRAY.u_mul/u_csa_row0/GEN_CSA_FA[1].u_fa/stage_sum[14]_36[23]
    SLICE_X5Y4           LUT5 (Prop_lut5_I1_O)        0.053    17.126 r  GEN_BRAM.u_core/alu/u_mul/u_mul/GEN_ARRAY.u_mul/u_csa_row0/GEN_CSA_FA[1].u_fa/result[24]_INST_0_i_65/O
                         net (fo=3, routed)           0.396    17.522    GEN_BRAM.u_core/alu/u_mul/u_mul/GEN_ARRAY.u_mul/u_csa_row0/GEN_CSA_FA[1].u_fa/stage_sum[16]_35[23]
    SLICE_X4Y5           LUT3 (Prop_lut3_I1_O)        0.053    17.575 r  GEN_BRAM.u_core/alu/u_mul/u_mul/GEN_ARRAY.u_mul/u_csa_row0/GEN_CSA_FA[1].u_fa/result[24]_INST_0_i_72/O
                         net (fo=2, routed)           0.466    18.041    GEN_BRAM.u_core/alu/u_mul/u_mul/GEN_ARRAY.u_mul/u_csa_row0/GEN_CSA_FA[1].u_fa/stage_carry[17]_51[24]
    SLICE_X4Y5           LUT5 (Prop_lut5_I3_O)        0.053    18.094 r  GEN_BRAM.u_core/alu/u_mul/u_mul/GEN_ARRAY.u_mul/u_csa_row0/GEN_CSA_FA[1].u_fa/result[26]_INST_0_i_49/O
                         net (fo=3, routed)           0.442    18.536    GEN_BRAM.u_core/alu/u_mul/u_mul/GEN_ARRAY.u_mul/u_csa_row0/GEN_CSA_FA[1].u_fa/stage_carry[18]_16[25]
    SLICE_X4Y3           LUT3 (Prop_lut3_I0_O)        0.053    18.589 r  GEN_BRAM.u_core/alu/u_mul/u_mul/GEN_ARRAY.u_mul/u_csa_row0/GEN_CSA_FA[1].u_fa/result[26]_INST_0_i_57/O
                         net (fo=2, routed)           0.415    19.004    GEN_BRAM.u_core/alu/u_mul/u_mul/GEN_ARRAY.u_mul/u_csa_row0/GEN_CSA_FA[1].u_fa/stage_carry[19]_52[26]
    SLICE_X3Y3           LUT5 (Prop_lut5_I3_O)        0.053    19.057 r  GEN_BRAM.u_core/alu/u_mul/u_mul/GEN_ARRAY.u_mul/u_csa_row0/GEN_CSA_FA[1].u_fa/result[26]_INST_0_i_35/O
                         net (fo=3, routed)           0.764    19.821    GEN_BRAM.u_core/alu/u_mul/u_mul/GEN_ARRAY.u_mul/u_csa_row0/GEN_CSA_FA[1].u_fa/stage_sum[20]_33[26]
    SLICE_X8Y5           LUT5 (Prop_lut5_I1_O)        0.053    19.874 r  GEN_BRAM.u_core/alu/u_mul/u_mul/GEN_ARRAY.u_mul/u_csa_row0/GEN_CSA_FA[1].u_fa/result[28]_INST_0_i_39/O
                         net (fo=3, routed)           0.641    20.515    GEN_BRAM.u_core/alu/u_mul/u_mul/GEN_ARRAY.u_mul/u_csa_row0/GEN_CSA_FA[1].u_fa/stage_carry[22]_20[27]
    SLICE_X2Y4           LUT3 (Prop_lut3_I0_O)        0.053    20.568 r  GEN_BRAM.u_core/alu/u_mul/u_mul/GEN_ARRAY.u_mul/u_csa_row0/GEN_CSA_FA[1].u_fa/result[28]_INST_0_i_47/O
                         net (fo=2, routed)           0.412    20.980    GEN_BRAM.u_core/alu/u_mul/u_mul/GEN_ARRAY.u_mul/u_csa_row0/GEN_CSA_FA[1].u_fa/stage_carry[23]_54[28]
    SLICE_X1Y4           LUT5 (Prop_lut5_I3_O)        0.053    21.033 r  GEN_BRAM.u_core/alu/u_mul/u_mul/GEN_ARRAY.u_mul/u_csa_row0/GEN_CSA_FA[1].u_fa/result[28]_INST_0_i_26/O
                         net (fo=2, routed)           0.771    21.804    GEN_BRAM.u_core/alu/u_mul/u_mul/GEN_ARRAY.u_mul/u_csa_row0/GEN_CSA_FA[1].u_fa/stage_sum[24]_31[28]
    SLICE_X13Y6          LUT3 (Prop_lut3_I1_O)        0.053    21.857 r  GEN_BRAM.u_core/alu/u_mul/u_mul/GEN_ARRAY.u_mul/u_csa_row0/GEN_CSA_FA[1].u_fa/result[30]_INST_0_i_20/O
                         net (fo=2, routed)           0.304    22.162    GEN_BRAM.u_core/alu/u_mul/u_mul/GEN_ARRAY.u_mul/u_csa_row0/GEN_CSA_FA[1].u_fa/stage_carry[25]_55[29]
    SLICE_X13Y6          LUT5 (Prop_lut5_I3_O)        0.053    22.215 r  GEN_BRAM.u_core/alu/u_mul/u_mul/GEN_ARRAY.u_mul/u_csa_row0/GEN_CSA_FA[1].u_fa/result[30]_INST_0_i_14/O
                         net (fo=2, routed)           0.445    22.659    GEN_BRAM.u_core/alu/u_mul/u_mul/GEN_ARRAY.u_mul/u_csa_row0/GEN_CSA_FA[1].u_fa/stage_carry[26]_24[30]
    SLICE_X14Y7          LUT3 (Prop_lut3_I0_O)        0.053    22.712 r  GEN_BRAM.u_core/alu/u_mul/u_mul/GEN_ARRAY.u_mul/u_csa_row0/GEN_CSA_FA[1].u_fa/result[31]_INST_0_i_33/O
                         net (fo=2, routed)           0.467    23.180    GEN_BRAM.u_core/alu/u_mul/u_mul/GEN_ARRAY.u_mul/u_csa_row0/GEN_CSA_FA[1].u_fa/stage_carry[27]_56[31]
    SLICE_X14Y7          LUT5 (Prop_lut5_I3_O)        0.053    23.233 r  GEN_BRAM.u_core/alu/u_mul/u_mul/GEN_ARRAY.u_mul/u_csa_row0/GEN_CSA_FA[1].u_fa/result[31]_INST_0_i_18/O
                         net (fo=2, routed)           0.469    23.702    GEN_BRAM.u_core/alu/u_mul/u_mul/GEN_ARRAY.u_mul/u_csa_row0/GEN_CSA_FA[1].u_fa/stage_sum[28]_29[31]
    SLICE_X15Y7          LUT5 (Prop_lut5_I3_O)        0.053    23.755 r  GEN_BRAM.u_core/alu/u_mul/u_mul/GEN_ARRAY.u_mul/u_csa_row0/GEN_CSA_FA[1].u_fa/result[1]_INST_0_i_5/O
                         net (fo=4, routed)           0.571    24.325    GEN_BRAM.u_core/alu/u_mul/u_mul/GEN_ARRAY.u_mul/u_csa_row0/GEN_CSA_FA[1].u_fa/stage_carry[29]_59[32]
    SLICE_X11Y7          LUT5 (Prop_lut5_I3_O)        0.068    24.393 r  GEN_BRAM.u_core/alu/u_mul/u_mul/GEN_ARRAY.u_mul/u_csa_row0/GEN_CSA_FA[1].u_fa/result[1]_INST_0_i_6/O
                         net (fo=2, routed)           0.407    24.800    GEN_BRAM.u_core/alu/u_mul/u_mul/GEN_ARRAY.u_mul/u_csa_row0/GEN_CSA_FA[1].u_fa/u_final_cpa/GEN_FINAL_FA[32].u_fa/c2
    SLICE_X11Y8          LUT5 (Prop_lut5_I2_O)        0.180    24.980 r  GEN_BRAM.u_core/alu/u_mul/u_mul/GEN_ARRAY.u_mul/u_csa_row0/GEN_CSA_FA[1].u_fa/result[2]_INST_0_i_9/O
                         net (fo=2, routed)           0.448    25.428    GEN_BRAM.u_core/alu/u_mul/u_mul/GEN_ARRAY.u_mul/u_csa_row0/GEN_CSA_FA[1].u_fa/u_final_cpa/GEN_FINAL_FA[33].u_fa/c2
    SLICE_X11Y8          LUT5 (Prop_lut5_I2_O)        0.187    25.615 r  GEN_BRAM.u_core/alu/u_mul/u_mul/GEN_ARRAY.u_mul/u_csa_row0/GEN_CSA_FA[1].u_fa/result[4]_INST_0_i_14/O
                         net (fo=3, routed)           0.371    25.986    GEN_BRAM.u_core/alu/u_mul/u_mul/GEN_ARRAY.u_mul/u_csa_row0/GEN_CSA_FA[1].u_fa/u_final_cpa/c_35
    SLICE_X12Y9          LUT6 (Prop_lut6_I4_O)        0.169    26.155 r  GEN_BRAM.u_core/alu/u_mul/u_mul/GEN_ARRAY.u_mul/u_csa_row0/GEN_CSA_FA[1].u_fa/result[6]_INST_0_i_12/O
                         net (fo=3, routed)           0.518    26.673    GEN_BRAM.u_core/alu/u_mul/u_mul/GEN_ARRAY.u_mul/u_csa_row0/GEN_CSA_FA[1].u_fa/u_final_cpa/c_37
    SLICE_X12Y9          LUT6 (Prop_lut6_I4_O)        0.053    26.726 r  GEN_BRAM.u_core/alu/u_mul/u_mul/GEN_ARRAY.u_mul/u_csa_row0/GEN_CSA_FA[1].u_fa/result[8]_INST_0_i_13/O
                         net (fo=3, routed)           0.310    27.036    GEN_BRAM.u_core/alu/u_mul/u_mul/GEN_ARRAY.u_mul/u_csa_row0/GEN_CSA_FA[1].u_fa/u_final_cpa/c_39
    SLICE_X13Y9          LUT6 (Prop_lut6_I4_O)        0.053    27.089 r  GEN_BRAM.u_core/alu/u_mul/u_mul/GEN_ARRAY.u_mul/u_csa_row0/GEN_CSA_FA[1].u_fa/result[10]_INST_0_i_12/O
                         net (fo=3, routed)           0.343    27.432    GEN_BRAM.u_core/alu/u_mul/u_mul/GEN_ARRAY.u_mul/u_csa_row0/GEN_CSA_FA[1].u_fa/u_final_cpa/c_41
    SLICE_X13Y10         LUT6 (Prop_lut6_I4_O)        0.053    27.485 r  GEN_BRAM.u_core/alu/u_mul/u_mul/GEN_ARRAY.u_mul/u_csa_row0/GEN_CSA_FA[1].u_fa/result[12]_INST_0_i_13/O
                         net (fo=3, routed)           0.341    27.826    GEN_BRAM.u_core/alu/u_mul/u_mul/GEN_ARRAY.u_mul/u_csa_row0/GEN_CSA_FA[1].u_fa/u_final_cpa/c_43
    SLICE_X14Y11         LUT6 (Prop_lut6_I4_O)        0.053    27.879 r  GEN_BRAM.u_core/alu/u_mul/u_mul/GEN_ARRAY.u_mul/u_csa_row0/GEN_CSA_FA[1].u_fa/result[14]_INST_0_i_12/O
                         net (fo=3, routed)           0.222    28.101    GEN_BRAM.u_core/alu/u_mul/u_mul/GEN_ARRAY.u_mul/u_csa_row0/GEN_CSA_FA[1].u_fa/u_final_cpa/c_45
    SLICE_X14Y11         LUT6 (Prop_lut6_I4_O)        0.053    28.154 r  GEN_BRAM.u_core/alu/u_mul/u_mul/GEN_ARRAY.u_mul/u_csa_row0/GEN_CSA_FA[1].u_fa/result[16]_INST_0_i_13/O
                         net (fo=3, routed)           0.287    28.441    GEN_BRAM.u_core/alu/u_mul/u_mul/GEN_ARRAY.u_mul/u_csa_row0/GEN_CSA_FA[1].u_fa/u_final_cpa/c_47
    SLICE_X15Y11         LUT6 (Prop_lut6_I4_O)        0.053    28.494 r  GEN_BRAM.u_core/alu/u_mul/u_mul/GEN_ARRAY.u_mul/u_csa_row0/GEN_CSA_FA[1].u_fa/result[18]_INST_0_i_12/O
                         net (fo=3, routed)           0.338    28.832    GEN_BRAM.u_core/alu/u_mul/u_mul/GEN_ARRAY.u_mul/u_csa_row0/GEN_CSA_FA[1].u_fa/u_final_cpa/c_49
    SLICE_X14Y12         LUT6 (Prop_lut6_I4_O)        0.053    28.885 r  GEN_BRAM.u_core/alu/u_mul/u_mul/GEN_ARRAY.u_mul/u_csa_row0/GEN_CSA_FA[1].u_fa/result[20]_INST_0_i_13/O
                         net (fo=3, routed)           0.252    29.138    GEN_BRAM.u_core/alu/u_mul/u_mul/GEN_ARRAY.u_mul/u_csa_row0/GEN_CSA_FA[1].u_fa/u_final_cpa/c_51
    SLICE_X14Y13         LUT6 (Prop_lut6_I4_O)        0.053    29.191 r  GEN_BRAM.u_core/alu/u_mul/u_mul/GEN_ARRAY.u_mul/u_csa_row0/GEN_CSA_FA[1].u_fa/result[22]_INST_0_i_12/O
                         net (fo=3, routed)           0.300    29.491    GEN_BRAM.u_core/alu/u_mul/u_mul/GEN_ARRAY.u_mul/u_csa_row0/GEN_CSA_FA[1].u_fa/u_final_cpa/c_53
    SLICE_X13Y13         LUT6 (Prop_lut6_I4_O)        0.053    29.544 r  GEN_BRAM.u_core/alu/u_mul/u_mul/GEN_ARRAY.u_mul/u_csa_row0/GEN_CSA_FA[1].u_fa/result[24]_INST_0_i_13/O
                         net (fo=3, routed)           0.204    29.748    GEN_BRAM.u_core/alu/u_mul/u_mul/GEN_ARRAY.u_mul/u_csa_row0/GEN_CSA_FA[1].u_fa/u_final_cpa/c_55
    SLICE_X13Y13         LUT6 (Prop_lut6_I4_O)        0.053    29.801 r  GEN_BRAM.u_core/alu/u_mul/u_mul/GEN_ARRAY.u_mul/u_csa_row0/GEN_CSA_FA[1].u_fa/result[26]_INST_0_i_12/O
                         net (fo=3, routed)           0.368    30.170    GEN_BRAM.u_core/alu/u_mul/u_mul/GEN_ARRAY.u_mul/u_csa_row0/GEN_CSA_FA[1].u_fa/u_final_cpa/c_57
    SLICE_X11Y14         LUT5 (Prop_lut5_I4_O)        0.053    30.223 r  GEN_BRAM.u_core/alu/u_mul/u_mul/GEN_ARRAY.u_mul/u_csa_row0/GEN_CSA_FA[1].u_fa/result[25]_INST_0_i_2/O
                         net (fo=2, routed)           0.000    30.223    GEN_BRAM.u_core/alu/u_mul/u_mul/GEN_ARRAY.u_mul/u_csa_row0/GEN_CSA_FA[1].u_fa/p_0_in[57]
    SLICE_X11Y14         CARRY4 (Prop_carry4_S[0]_O[1])
                                                      0.271    30.494 r  GEN_BRAM.u_core/alu/u_mul/u_mul/GEN_ARRAY.u_mul/u_csa_row0/GEN_CSA_FA[1].u_fa/result[28]_INST_0_i_4/O[1]
                         net (fo=1, routed)           0.489    30.982    GEN_BRAM.u_core/alu/u_mul/u_mul/GEN_ARRAY.u_mul/u_csa_row0/GEN_CSA_FA[1].u_fa/signed_product0[58]
    SLICE_X12Y14         LUT6 (Prop_lut6_I5_O)        0.152    31.134 r  GEN_BRAM.u_core/alu/u_mul/u_mul/GEN_ARRAY.u_mul/u_csa_row0/GEN_CSA_FA[1].u_fa/result[26]_INST_0/O
                         net (fo=1, routed)           0.464    31.598    GEN_BRAM.u_core/reg_file/result[22]
    SLICE_X15Y16         LUT6 (Prop_lut6_I2_O)        0.053    31.651 r  GEN_BRAM.u_core/reg_file/debug_alu_out_OBUF[26]_inst_i_4/O
                         net (fo=1, routed)           0.323    31.974    GEN_BRAM.u_core/reg_file/debug_alu_out_OBUF[26]_inst_i_4_n_0
    SLICE_X16Y16         LUT6 (Prop_lut6_I5_O)        0.053    32.027 r  GEN_BRAM.u_core/reg_file/debug_alu_out_OBUF[26]_inst_i_1/O
                         net (fo=3, routed)           0.324    32.351    GEN_BRAM.u_core/wb_mux/debug_alu_out_OBUF[26]
    SLICE_X15Y16         LUT6 (Prop_lut6_I0_O)        0.053    32.404 r  GEN_BRAM.u_core/wb_mux/registers_reg_r1_0_31_24_29_i_14/O
                         net (fo=1, routed)           0.279    32.683    GEN_BRAM.u_core/divider/wb_exec[26]
    SLICE_X14Y16         LUT6 (Prop_lut6_I5_O)        0.053    32.736 r  GEN_BRAM.u_core/divider/registers_reg_r1_0_31_24_29_i_4/O
                         net (fo=2, routed)           0.422    33.158    GEN_BRAM.u_core/reg_file/registers_reg_r2_0_31_24_29/DIB0
    SLICE_X12Y15         RAMD32                                       r  GEN_BRAM.u_core/reg_file/registers_reg_r2_0_31_24_29/RAMB/I
  -------------------------------------------------------------------    -------------------

                         (clock sys_clk rise edge)   30.000    30.000 r  
    AD23                                              0.000    30.000 r  clk (IN)
                         net (fo=0)                   0.000    30.000    clk
    AD23                 IBUF (Prop_ibuf_I_O)         0.796    30.796 r  clk_IBUF_inst/O
                         net (fo=1, routed)           1.741    32.537    clk_IBUF
    BUFGCTRL_X0Y0        BUFG (Prop_bufg_I_O)         0.113    32.650 r  clk_IBUF_BUFG_inst/O
                         net (fo=350, routed)         1.538    34.188    GEN_BRAM.u_core/reg_file/registers_reg_r2_0_31_24_29/WCLK
    SLICE_X12Y15         RAMD32                                       r  GEN_BRAM.u_core/reg_file/registers_reg_r2_0_31_24_29/RAMB/CLK
                         clock pessimism              0.256    34.445    
                         clock uncertainty           -0.035    34.409    
    SLICE_X12Y15         RAMD32 (Setup_ramd32_CLK_I)
                                                     -0.129    34.280    GEN_BRAM.u_core/reg_file/registers_reg_r2_0_31_24_29/RAMB
  -------------------------------------------------------------------
                         required time                         34.280    
                         arrival time                         -33.158    
  -------------------------------------------------------------------
                         slack                                  1.122    

Slack (MET) :             1.254ns  (required time - arrival time)
  Source:                 GEN_BRAM.u_core/ir_reg[20]/C
                            (rising edge-triggered cell FDCE clocked by sys_clk  {rise@0.000ns fall@15.000ns period=30.000ns})
  Destination:            GEN_BRAM.u_core/reg_file/registers_reg_r2_0_31_24_29/RAMB_D1/I
                            (rising edge-triggered cell RAMD32 clocked by sys_clk  {rise@0.000ns fall@15.000ns period=30.000ns})
  Path Group:             sys_clk
  Path Type:              Setup (Max at Slow Process Corner)
  Requirement:            30.000ns  (sys_clk rise@30.000ns - sys_clk rise@0.000ns)
  Data Path Delay:        28.522ns  (logic 3.813ns (13.369%)  route 24.709ns (86.631%))
  Logic Levels:           53  (CARRY4=1 LUT3=11 LUT4=1 LUT5=20 LUT6=19 RAMD32=1)
  Clock Path Skew:        -0.030ns (DCD - SCD + CPR)
    Destination Clock Delay (DCD):    4.188ns = ( 34.188 - 30.000 ) 
    Source Clock Delay      (SCD):    4.475ns
    Clock Pessimism Removal (CPR):    0.256ns
  Clock Uncertainty:      0.035ns  ((TSJ^2 + TIJ^2)^1/2 + DJ) / 2 + PE
    Total System Jitter     (TSJ):    0.071ns
    Total Input Jitter      (TIJ):    0.000ns
    Discrete Jitter          (DJ):    0.000ns
    Phase Error              (PE):    0.000ns

    Location             Delay type                Incr(ns)  Path(ns)    Netlist Resource(s)
  -------------------------------------------------------------------    -------------------
                         (clock sys_clk rise edge)    0.000     0.000 r  
    AD23                                              0.000     0.000 r  clk (IN)
                         net (fo=0)                   0.000     0.000    clk
    AD23                 IBUF (Prop_ibuf_I_O)         0.873     0.873 r  clk_IBUF_inst/O
                         net (fo=1, routed)           1.830     2.703    clk_IBUF
    BUFGCTRL_X0Y0        BUFG (Prop_bufg_I_O)         0.120     2.823 r  clk_IBUF_BUFG_inst/O
                         net (fo=350, routed)         1.652     4.475    GEN_BRAM.u_core/clk_IBUF_BUFG
    SLICE_X8Y12          FDCE                                         r  GEN_BRAM.u_core/ir_reg[20]/C
  -------------------------------------------------------------------    -------------------
    SLICE_X8Y12          FDCE (Prop_fdce_C_Q)         0.308     4.783 r  GEN_BRAM.u_core/ir_reg[20]/Q
                         net (fo=66, routed)          0.961     5.744    GEN_BRAM.u_core/reg_file/registers_reg_r2_0_31_30_31__0/DPRA0
    SLICE_X10Y15         RAMD32 (Prop_ramd32_RADR0_O)
                                                      0.053     5.797 f  GEN_BRAM.u_core/reg_file/registers_reg_r2_0_31_30_31__0/DP/O
                         net (fo=42, routed)          0.763     6.560    GEN_BRAM.u_core/alu_mux_b/dataR20[26]
    SLICE_X9Y18          LUT6 (Prop_lut6_I3_O)        0.053     6.613 r  GEN_BRAM.u_core/alu_mux_b/u_mul_i_1/O
                         net (fo=52, routed)          0.620     7.233    GEN_BRAM.u_core/alu/u_mul/u_mul/GEN_ARRAY.u_mul/u_csa_row0/GEN_CSA_FA[1].u_fa/result[30]_INST_0_i_11_n_0
    SLICE_X10Y11         LUT4 (Prop_lut4_I3_O)        0.056     7.289 r  GEN_BRAM.u_core/alu/u_mul/u_mul/GEN_ARRAY.u_mul/u_csa_row0/GEN_CSA_FA[1].u_fa/result[4]_INST_0_i_7/O
                         net (fo=111, routed)         1.034     8.323    GEN_BRAM.u_core/alu/u_mul/u_mul/GEN_ARRAY.u_mul/u_csa_row0/GEN_CSA_FA[1].u_fa/result[4]_INST_0_i_7_n_0
    SLICE_X6Y14          LUT6 (Prop_lut6_I4_O)        0.168     8.491 r  GEN_BRAM.u_core/alu/u_mul/u_mul/GEN_ARRAY.u_mul/u_csa_row0/GEN_CSA_FA[1].u_fa/result[14]_INST_0_i_130/O
                         net (fo=2, routed)           0.355     8.846    GEN_BRAM.u_core/alu/u_mul/u_mul/GEN_ARRAY.u_mul/u_csa_row0/GEN_CSA_FA[1].u_fa/pp[2]_91[13]
    SLICE_X6Y13          LUT6 (Prop_lut6_I5_O)        0.053     8.899 r  GEN_BRAM.u_core/alu/u_mul/u_mul/GEN_ARRAY.u_mul/u_csa_row0/GEN_CSA_FA[1].u_fa/result[14]_INST_0_i_114/O
                         net (fo=3, routed)           0.768     9.667    GEN_BRAM.u_core/alu/u_mul/u_mul/GEN_ARRAY.u_mul/u_csa_row0/GEN_CSA_FA[1].u_fa/stage_carry[0]_58[14]
    SLICE_X15Y13         LUT3 (Prop_lut3_I0_O)        0.053     9.720 r  GEN_BRAM.u_core/alu/u_mul/u_mul/GEN_ARRAY.u_mul/u_csa_row0/GEN_CSA_FA[1].u_fa/result[16]_INST_0_i_147/O
                         net (fo=2, routed)           0.241     9.961    GEN_BRAM.u_core/alu/u_mul/u_mul/GEN_ARRAY.u_mul/u_csa_row0/GEN_CSA_FA[1].u_fa/stage_carry[1]_43[15]
    SLICE_X17Y13         LUT5 (Prop_lut5_I3_O)        0.053    10.014 r  GEN_BRAM.u_core/alu/u_mul/u_mul/GEN_ARRAY.u_mul/u_csa_row0/GEN_CSA_FA[1].u_fa/result[16]_INST_0_i_125/O
                         net (fo=3, routed)           1.041    11.054    GEN_BRAM.u_core/alu/u_mul/u_mul/GEN_ARRAY.u_mul/u_csa_row0/GEN_CSA_FA[1].u_fa/stage_sum[2]_42[15]
    SLICE_X7Y13          LUT5 (Prop_lut5_I1_O)        0.053    11.107 r  GEN_BRAM.u_core/alu/u_mul/u_mul/GEN_ARRAY.u_mul/u_csa_row0/GEN_CSA_FA[1].u_fa/result[16]_INST_0_i_109/O
                         net (fo=3, routed)           0.720    11.827    GEN_BRAM.u_core/alu/u_mul/u_mul/GEN_ARRAY.u_mul/u_csa_row0/GEN_CSA_FA[1].u_fa/stage_carry[4]_2[16]
    SLICE_X16Y12         LUT3 (Prop_lut3_I0_O)        0.053    11.880 r  GEN_BRAM.u_core/alu/u_mul/u_mul/GEN_ARRAY.u_mul/u_csa_row0/GEN_CSA_FA[1].u_fa/result[18]_INST_0_i_112/O
                         net (fo=2, routed)           0.577    12.457    GEN_BRAM.u_core/alu/u_mul/u_mul/GEN_ARRAY.u_mul/u_csa_row0/GEN_CSA_FA[1].u_fa/stage_carry[5]_45[17]
    SLICE_X16Y10         LUT5 (Prop_lut5_I3_O)        0.053    12.510 r  GEN_BRAM.u_core/alu/u_mul/u_mul/GEN_ARRAY.u_mul/u_csa_row0/GEN_CSA_FA[1].u_fa/result[18]_INST_0_i_94/O
                         net (fo=3, routed)           0.643    13.153    GEN_BRAM.u_core/alu/u_mul/u_mul/GEN_ARRAY.u_mul/u_csa_row0/GEN_CSA_FA[1].u_fa/stage_carry[6]_4[18]
    SLICE_X16Y8          LUT3 (Prop_lut3_I0_O)        0.053    13.206 r  GEN_BRAM.u_core/alu/u_mul/u_mul/GEN_ARRAY.u_mul/u_csa_row0/GEN_CSA_FA[1].u_fa/result[20]_INST_0_i_127/O
                         net (fo=2, routed)           0.310    13.516    GEN_BRAM.u_core/alu/u_mul/u_mul/GEN_ARRAY.u_mul/u_csa_row0/GEN_CSA_FA[1].u_fa/stage_carry[7]_46[19]
    SLICE_X15Y8          LUT5 (Prop_lut5_I3_O)        0.053    13.569 r  GEN_BRAM.u_core/alu/u_mul/u_mul/GEN_ARRAY.u_mul/u_csa_row0/GEN_CSA_FA[1].u_fa/result[20]_INST_0_i_109/O
                         net (fo=3, routed)           0.416    13.985    GEN_BRAM.u_core/alu/u_mul/u_mul/GEN_ARRAY.u_mul/u_csa_row0/GEN_CSA_FA[1].u_fa/stage_carry[8]_6[20]
    SLICE_X15Y5          LUT3 (Prop_lut3_I0_O)        0.053    14.038 r  GEN_BRAM.u_core/alu/u_mul/u_mul/GEN_ARRAY.u_mul/u_csa_row0/GEN_CSA_FA[1].u_fa/result[22]_INST_0_i_107/O
                         net (fo=2, routed)           0.316    14.354    GEN_BRAM.u_core/alu/u_mul/u_mul/GEN_ARRAY.u_mul/u_csa_row0/GEN_CSA_FA[1].u_fa/stage_carry[9]_47[21]
    SLICE_X15Y5          LUT5 (Prop_lut5_I3_O)        0.053    14.407 r  GEN_BRAM.u_core/alu/u_mul/u_mul/GEN_ARRAY.u_mul/u_csa_row0/GEN_CSA_FA[1].u_fa/result[22]_INST_0_i_90/O
                         net (fo=3, routed)           0.526    14.933    GEN_BRAM.u_core/alu/u_mul/u_mul/GEN_ARRAY.u_mul/u_csa_row0/GEN_CSA_FA[1].u_fa/stage_sum[10]_38[21]
    SLICE_X6Y4           LUT3 (Prop_lut3_I1_O)        0.053    14.986 r  GEN_BRAM.u_core/alu/u_mul/u_mul/GEN_ARRAY.u_mul/u_csa_row0/GEN_CSA_FA[1].u_fa/result[22]_INST_0_i_97/O
                         net (fo=2, routed)           0.577    15.563    GEN_BRAM.u_core/alu/u_mul/u_mul/GEN_ARRAY.u_mul/u_csa_row0/GEN_CSA_FA[1].u_fa/stage_carry[11]_48[22]
    SLICE_X7Y4           LUT5 (Prop_lut5_I3_O)        0.053    15.616 r  GEN_BRAM.u_core/alu/u_mul/u_mul/GEN_ARRAY.u_mul/u_csa_row0/GEN_CSA_FA[1].u_fa/result[22]_INST_0_i_75/O
                         net (fo=3, routed)           0.322    15.938    GEN_BRAM.u_core/alu/u_mul/u_mul/GEN_ARRAY.u_mul/u_csa_row0/GEN_CSA_FA[1].u_fa/stage_sum[12]_37[22]
    SLICE_X6Y3           LUT3 (Prop_lut3_I1_O)        0.053    15.991 r  GEN_BRAM.u_core/alu/u_mul/u_mul/GEN_ARRAY.u_mul/u_csa_row0/GEN_CSA_FA[1].u_fa/result[24]_INST_0_i_102/O
                         net (fo=2, routed)           0.458    16.449    GEN_BRAM.u_core/alu/u_mul/u_mul/GEN_ARRAY.u_mul/u_csa_row0/GEN_CSA_FA[1].u_fa/stage_carry[13]_49[23]
    SLICE_X7Y3           LUT5 (Prop_lut5_I3_O)        0.053    16.502 r  GEN_BRAM.u_core/alu/u_mul/u_mul/GEN_ARRAY.u_mul/u_csa_row0/GEN_CSA_FA[1].u_fa/result[24]_INST_0_i_85/O
                         net (fo=3, routed)           0.571    17.073    GEN_BRAM.u_core/alu/u_mul/u_mul/GEN_ARRAY.u_mul/u_csa_row0/GEN_CSA_FA[1].u_fa/stage_sum[14]_36[23]
    SLICE_X5Y4           LUT5 (Prop_lut5_I1_O)        0.053    17.126 r  GEN_BRAM.u_core/alu/u_mul/u_mul/GEN_ARRAY.u_mul/u_csa_row0/GEN_CSA_FA[1].u_fa/result[24]_INST_0_i_65/O
                         net (fo=3, routed)           0.396    17.522    GEN_BRAM.u_core/alu/u_mul/u_mul/GEN_ARRAY.u_mul/u_csa_row0/GEN_CSA_FA[1].u_fa/stage_sum[16]_35[23]
    SLICE_X4Y5           LUT3 (Prop_lut3_I1_O)        0.053    17.575 r  GEN_BRAM.u_core/alu/u_mul/u_mul/GEN_ARRAY.u_mul/u_csa_row0/GEN_CSA_FA[1].u_fa/result[24]_INST_0_i_72/O
                         net (fo=2, routed)           0.466    18.041    GEN_BRAM.u_core/alu/u_mul/u_mul/GEN_ARRAY.u_mul/u_csa_row0/GEN_CSA_FA[1].u_fa/stage_carry[17]_51[24]
    SLICE_X4Y5           LUT5 (Prop_lut5_I3_O)        0.053    18.094 r  GEN_BRAM.u_core/alu/u_mul/u_mul/GEN_ARRAY.u_mul/u_csa_row0/GEN_CSA_FA[1].u_fa/result[26]_INST_0_i_49/O
                         net (fo=3, routed)           0.442    18.536    GEN_BRAM.u_core/alu/u_mul/u_mul/GEN_ARRAY.u_mul/u_csa_row0/GEN_CSA_FA[1].u_fa/stage_carry[18]_16[25]
    SLICE_X4Y3           LUT3 (Prop_lut3_I0_O)        0.053    18.589 r  GEN_BRAM.u_core/alu/u_mul/u_mul/GEN_ARRAY.u_mul/u_csa_row0/GEN_CSA_FA[1].u_fa/result[26]_INST_0_i_57/O
                         net (fo=2, routed)           0.415    19.004    GEN_BRAM.u_core/alu/u_mul/u_mul/GEN_ARRAY.u_mul/u_csa_row0/GEN_CSA_FA[1].u_fa/stage_carry[19]_52[26]
    SLICE_X3Y3           LUT5 (Prop_lut5_I3_O)        0.053    19.057 r  GEN_BRAM.u_core/alu/u_mul/u_mul/GEN_ARRAY.u_mul/u_csa_row0/GEN_CSA_FA[1].u_fa/result[26]_INST_0_i_35/O
                         net (fo=3, routed)           0.764    19.821    GEN_BRAM.u_core/alu/u_mul/u_mul/GEN_ARRAY.u_mul/u_csa_row0/GEN_CSA_FA[1].u_fa/stage_sum[20]_33[26]
    SLICE_X8Y5           LUT5 (Prop_lut5_I1_O)        0.053    19.874 r  GEN_BRAM.u_core/alu/u_mul/u_mul/GEN_ARRAY.u_mul/u_csa_row0/GEN_CSA_FA[1].u_fa/result[28]_INST_0_i_39/O
                         net (fo=3, routed)           0.641    20.515    GEN_BRAM.u_core/alu/u_mul/u_mul/GEN_ARRAY.u_mul/u_csa_row0/GEN_CSA_FA[1].u_fa/stage_carry[22]_20[27]
    SLICE_X2Y4           LUT3 (Prop_lut3_I0_O)        0.053    20.568 r  GEN_BRAM.u_core/alu/u_mul/u_mul/GEN_ARRAY.u_mul/u_csa_row0/GEN_CSA_FA[1].u_fa/result[28]_INST_0_i_47/O
                         net (fo=2, routed)           0.412    20.980    GEN_BRAM.u_core/alu/u_mul/u_mul/GEN_ARRAY.u_mul/u_csa_row0/GEN_CSA_FA[1].u_fa/stage_carry[23]_54[28]
    SLICE_X1Y4           LUT5 (Prop_lut5_I3_O)        0.053    21.033 r  GEN_BRAM.u_core/alu/u_mul/u_mul/GEN_ARRAY.u_mul/u_csa_row0/GEN_CSA_FA[1].u_fa/result[28]_INST_0_i_26/O
                         net (fo=2, routed)           0.771    21.804    GEN_BRAM.u_core/alu/u_mul/u_mul/GEN_ARRAY.u_mul/u_csa_row0/GEN_CSA_FA[1].u_fa/stage_sum[24]_31[28]
    SLICE_X13Y6          LUT3 (Prop_lut3_I1_O)        0.053    21.857 r  GEN_BRAM.u_core/alu/u_mul/u_mul/GEN_ARRAY.u_mul/u_csa_row0/GEN_CSA_FA[1].u_fa/result[30]_INST_0_i_20/O
                         net (fo=2, routed)           0.304    22.162    GEN_BRAM.u_core/alu/u_mul/u_mul/GEN_ARRAY.u_mul/u_csa_row0/GEN_CSA_FA[1].u_fa/stage_carry[25]_55[29]
    SLICE_X13Y6          LUT5 (Prop_lut5_I3_O)        0.053    22.215 r  GEN_BRAM.u_core/alu/u_mul/u_mul/GEN_ARRAY.u_mul/u_csa_row0/GEN_CSA_FA[1].u_fa/result[30]_INST_0_i_14/O
                         net (fo=2, routed)           0.445    22.659    GEN_BRAM.u_core/alu/u_mul/u_mul/GEN_ARRAY.u_mul/u_csa_row0/GEN_CSA_FA[1].u_fa/stage_carry[26]_24[30]
    SLICE_X14Y7          LUT3 (Prop_lut3_I0_O)        0.053    22.712 r  GEN_BRAM.u_core/alu/u_mul/u_mul/GEN_ARRAY.u_mul/u_csa_row0/GEN_CSA_FA[1].u_fa/result[31]_INST_0_i_33/O
                         net (fo=2, routed)           0.467    23.180    GEN_BRAM.u_core/alu/u_mul/u_mul/GEN_ARRAY.u_mul/u_csa_row0/GEN_CSA_FA[1].u_fa/stage_carry[27]_56[31]
    SLICE_X14Y7          LUT5 (Prop_lut5_I3_O)        0.053    23.233 r  GEN_BRAM.u_core/alu/u_mul/u_mul/GEN_ARRAY.u_mul/u_csa_row0/GEN_CSA_FA[1].u_fa/result[31]_INST_0_i_18/O
                         net (fo=2, routed)           0.469    23.702    GEN_BRAM.u_core/alu/u_mul/u_mul/GEN_ARRAY.u_mul/u_csa_row0/GEN_CSA_FA[1].u_fa/stage_sum[28]_29[31]
    SLICE_X15Y7          LUT5 (Prop_lut5_I3_O)        0.053    23.755 r  GEN_BRAM.u_core/alu/u_mul/u_mul/GEN_ARRAY.u_mul/u_csa_row0/GEN_CSA_FA[1].u_fa/result[1]_INST_0_i_5/O
                         net (fo=4, routed)           0.571    24.325    GEN_BRAM.u_core/alu/u_mul/u_mul/GEN_ARRAY.u_mul/u_csa_row0/GEN_CSA_FA[1].u_fa/stage_carry[29]_59[32]
    SLICE_X11Y7          LUT5 (Prop_lut5_I3_O)        0.068    24.393 r  GEN_BRAM.u_core/alu/u_mul/u_mul/GEN_ARRAY.u_mul/u_csa_row0/GEN_CSA_FA[1].u_fa/result[1]_INST_0_i_6/O
                         net (fo=2, routed)           0.407    24.800    GEN_BRAM.u_core/alu/u_mul/u_mul/GEN_ARRAY.u_mul/u_csa_row0/GEN_CSA_FA[1].u_fa/u_final_cpa/GEN_FINAL_FA[32].u_fa/c2
    SLICE_X11Y8          LUT5 (Prop_lut5_I2_O)        0.180    24.980 r  GEN_BRAM.u_core/alu/u_mul/u_mul/GEN_ARRAY.u_mul/u_csa_row0/GEN_CSA_FA[1].u_fa/result[2]_INST_0_i_9/O
                         net (fo=2, routed)           0.448    25.428    GEN_BRAM.u_core/alu/u_mul/u_mul/GEN_ARRAY.u_mul/u_csa_row0/GEN_CSA_FA[1].u_fa/u_final_cpa/GEN_FINAL_FA[33].u_fa/c2
    SLICE_X11Y8          LUT5 (Prop_lut5_I2_O)        0.187    25.615 r  GEN_BRAM.u_core/alu/u_mul/u_mul/GEN_ARRAY.u_mul/u_csa_row0/GEN_CSA_FA[1].u_fa/result[4]_INST_0_i_14/O
                         net (fo=3, routed)           0.371    25.986    GEN_BRAM.u_core/alu/u_mul/u_mul/GEN_ARRAY.u_mul/u_csa_row0/GEN_CSA_FA[1].u_fa/u_final_cpa/c_35
    SLICE_X12Y9          LUT6 (Prop_lut6_I4_O)        0.169    26.155 r  GEN_BRAM.u_core/alu/u_mul/u_mul/GEN_ARRAY.u_mul/u_csa_row0/GEN_CSA_FA[1].u_fa/result[6]_INST_0_i_12/O
                         net (fo=3, routed)           0.518    26.673    GEN_BRAM.u_core/alu/u_mul/u_mul/GEN_ARRAY.u_mul/u_csa_row0/GEN_CSA_FA[1].u_fa/u_final_cpa/c_37
    SLICE_X12Y9          LUT6 (Prop_lut6_I4_O)        0.053    26.726 r  GEN_BRAM.u_core/alu/u_mul/u_mul/GEN_ARRAY.u_mul/u_csa_row0/GEN_CSA_FA[1].u_fa/result[8]_INST_0_i_13/O
                         net (fo=3, routed)           0.310    27.036    GEN_BRAM.u_core/alu/u_mul/u_mul/GEN_ARRAY.u_mul/u_csa_row0/GEN_CSA_FA[1].u_fa/u_final_cpa/c_39
    SLICE_X13Y9          LUT6 (Prop_lut6_I4_O)        0.053    27.089 r  GEN_BRAM.u_core/alu/u_mul/u_mul/GEN_ARRAY.u_mul/u_csa_row0/GEN_CSA_FA[1].u_fa/result[10]_INST_0_i_12/O
                         net (fo=3, routed)           0.343    27.432    GEN_BRAM.u_core/alu/u_mul/u_mul/GEN_ARRAY.u_mul/u_csa_row0/GEN_CSA_FA[1].u_fa/u_final_cpa/c_41
    SLICE_X13Y10         LUT6 (Prop_lut6_I4_O)        0.053    27.485 r  GEN_BRAM.u_core/alu/u_mul/u_mul/GEN_ARRAY.u_mul/u_csa_row0/GEN_CSA_FA[1].u_fa/result[12]_INST_0_i_13/O
                         net (fo=3, routed)           0.341    27.826    GEN_BRAM.u_core/alu/u_mul/u_mul/GEN_ARRAY.u_mul/u_csa_row0/GEN_CSA_FA[1].u_fa/u_final_cpa/c_43
    SLICE_X14Y11         LUT6 (Prop_lut6_I4_O)        0.053    27.879 r  GEN_BRAM.u_core/alu/u_mul/u_mul/GEN_ARRAY.u_mul/u_csa_row0/GEN_CSA_FA[1].u_fa/result[14]_INST_0_i_12/O
                         net (fo=3, routed)           0.222    28.101    GEN_BRAM.u_core/alu/u_mul/u_mul/GEN_ARRAY.u_mul/u_csa_row0/GEN_CSA_FA[1].u_fa/u_final_cpa/c_45
    SLICE_X14Y11         LUT6 (Prop_lut6_I4_O)        0.053    28.154 r  GEN_BRAM.u_core/alu/u_mul/u_mul/GEN_ARRAY.u_mul/u_csa_row0/GEN_CSA_FA[1].u_fa/result[16]_INST_0_i_13/O
                         net (fo=3, routed)           0.287    28.441    GEN_BRAM.u_core/alu/u_mul/u_mul/GEN_ARRAY.u_mul/u_csa_row0/GEN_CSA_FA[1].u_fa/u_final_cpa/c_47
    SLICE_X15Y11         LUT6 (Prop_lut6_I4_O)        0.053    28.494 r  GEN_BRAM.u_core/alu/u_mul/u_mul/GEN_ARRAY.u_mul/u_csa_row0/GEN_CSA_FA[1].u_fa/result[18]_INST_0_i_12/O
                         net (fo=3, routed)           0.338    28.832    GEN_BRAM.u_core/alu/u_mul/u_mul/GEN_ARRAY.u_mul/u_csa_row0/GEN_CSA_FA[1].u_fa/u_final_cpa/c_49
    SLICE_X14Y12         LUT6 (Prop_lut6_I4_O)        0.053    28.885 r  GEN_BRAM.u_core/alu/u_mul/u_mul/GEN_ARRAY.u_mul/u_csa_row0/GEN_CSA_FA[1].u_fa/result[20]_INST_0_i_13/O
                         net (fo=3, routed)           0.252    29.138    GEN_BRAM.u_core/alu/u_mul/u_mul/GEN_ARRAY.u_mul/u_csa_row0/GEN_CSA_FA[1].u_fa/u_final_cpa/c_51
    SLICE_X14Y13         LUT6 (Prop_lut6_I4_O)        0.053    29.191 r  GEN_BRAM.u_core/alu/u_mul/u_mul/GEN_ARRAY.u_mul/u_csa_row0/GEN_CSA_FA[1].u_fa/result[22]_INST_0_i_12/O
                         net (fo=3, routed)           0.300    29.491    GEN_BRAM.u_core/alu/u_mul/u_mul/GEN_ARRAY.u_mul/u_csa_row0/GEN_CSA_FA[1].u_fa/u_final_cpa/c_53
    SLICE_X13Y13         LUT6 (Prop_lut6_I4_O)        0.053    29.544 r  GEN_BRAM.u_core/alu/u_mul/u_mul/GEN_ARRAY.u_mul/u_csa_row0/GEN_CSA_FA[1].u_fa/result[24]_INST_0_i_13/O
                         net (fo=3, routed)           0.204    29.748    GEN_BRAM.u_core/alu/u_mul/u_mul/GEN_ARRAY.u_mul/u_csa_row0/GEN_CSA_FA[1].u_fa/u_final_cpa/c_55
    SLICE_X13Y13         LUT6 (Prop_lut6_I4_O)        0.053    29.801 r  GEN_BRAM.u_core/alu/u_mul/u_mul/GEN_ARRAY.u_mul/u_csa_row0/GEN_CSA_FA[1].u_fa/result[26]_INST_0_i_12/O
                         net (fo=3, routed)           0.367    30.169    GEN_BRAM.u_core/alu/u_mul/u_mul/GEN_ARRAY.u_mul/u_csa_row0/GEN_CSA_FA[1].u_fa/u_final_cpa/c_57
    SLICE_X13Y14         LUT6 (Prop_lut6_I4_O)        0.053    30.222 r  GEN_BRAM.u_core/alu/u_mul/u_mul/GEN_ARRAY.u_mul/u_csa_row0/GEN_CSA_FA[1].u_fa/result[28]_INST_0_i_13/O
                         net (fo=3, routed)           0.264    30.486    GEN_BRAM.u_core/alu/u_mul/u_mul/GEN_ARRAY.u_mul/u_csa_row0/GEN_CSA_FA[1].u_fa/u_final_cpa/c_59
    SLICE_X11Y14         LUT5 (Prop_lut5_I4_O)        0.053    30.539 r  GEN_BRAM.u_core/alu/u_mul/u_mul/GEN_ARRAY.u_mul/u_csa_row0/GEN_CSA_FA[1].u_fa/result[27]_INST_0_i_2/O
                         net (fo=2, routed)           0.000    30.539    GEN_BRAM.u_core/alu/u_mul/u_mul/GEN_ARRAY.u_mul/u_csa_row0/GEN_CSA_FA[1].u_fa/p_0_in[59]
    SLICE_X11Y14         CARRY4 (Prop_carry4_S[2]_O[2])
                                                      0.140    30.679 r  GEN_BRAM.u_core/alu/u_mul/u_mul/GEN_ARRAY.u_mul/u_csa_row0/GEN_CSA_FA[1].u_fa/result[28]_INST_0_i_4/O[2]
                         net (fo=1, routed)           0.400    31.079    GEN_BRAM.u_core/alu/u_mul/u_mul/GEN_ARRAY.u_mul/u_csa_row0/GEN_CSA_FA[1].u_fa/signed_product0[59]
    SLICE_X12Y14         LUT5 (Prop_lut5_I4_O)        0.152    31.231 r  GEN_BRAM.u_core/alu/u_mul/u_mul/GEN_ARRAY.u_mul/u_csa_row0/GEN_CSA_FA[1].u_fa/result[27]_INST_0/O
                         net (fo=1, routed)           0.237    31.468    GEN_BRAM.u_core/reg_file/result[23]
    SLICE_X13Y14         LUT6 (Prop_lut6_I2_O)        0.053    31.521 r  GEN_BRAM.u_core/reg_file/debug_alu_out_OBUF[27]_inst_i_4/O
                         net (fo=1, routed)           0.314    31.835    GEN_BRAM.u_core/reg_file/debug_alu_out_OBUF[27]_inst_i_4_n_0
    SLICE_X14Y15         LUT6 (Prop_lut6_I5_O)        0.053    31.888 r  GEN_BRAM.u_core/reg_file/debug_alu_out_OBUF[27]_inst_i_1/O
                         net (fo=3, routed)           0.258    32.146    GEN_BRAM.u_core/wb_mux/debug_alu_out_OBUF[27]
    SLICE_X14Y16         LUT6 (Prop_lut6_I0_O)        0.053    32.199 r  GEN_BRAM.u_core/wb_mux/registers_reg_r1_0_31_24_29_i_12/O
                         net (fo=1, routed)           0.386    32.585    GEN_BRAM.u_core/divider/wb_exec[27]
    SLICE_X14Y16         LUT6 (Prop_lut6_I5_O)        0.053    32.638 r  GEN_BRAM.u_core/divider/registers_reg_r1_0_31_24_29_i_3/O
                         net (fo=2, routed)           0.359    32.997    GEN_BRAM.u_core/reg_file/registers_reg_r2_0_31_24_29/DIB1
    SLICE_X12Y15         RAMD32                                       r  GEN_BRAM.u_core/reg_file/registers_reg_r2_0_31_24_29/RAMB_D1/I
  -------------------------------------------------------------------    -------------------

                         (clock sys_clk rise edge)   30.000    30.000 r  
    AD23                                              0.000    30.000 r  clk (IN)
                         net (fo=0)                   0.000    30.000    clk
    AD23                 IBUF (Prop_ibuf_I_O)         0.796    30.796 r  clk_IBUF_inst/O
                         net (fo=1, routed)           1.741    32.537    clk_IBUF
    BUFGCTRL_X0Y0        BUFG (Prop_bufg_I_O)         0.113    32.650 r  clk_IBUF_BUFG_inst/O
                         net (fo=350, routed)         1.538    34.188    GEN_BRAM.u_core/reg_file/registers_reg_r2_0_31_24_29/WCLK
    SLICE_X12Y15         RAMD32                                       r  GEN_BRAM.u_core/reg_file/registers_reg_r2_0_31_24_29/RAMB_D1/CLK
                         clock pessimism              0.256    34.445    
                         clock uncertainty           -0.035    34.409    
    SLICE_X12Y15         RAMD32 (Setup_ramd32_CLK_I)
                                                     -0.159    34.250    GEN_BRAM.u_core/reg_file/registers_reg_r2_0_31_24_29/RAMB_D1
  -------------------------------------------------------------------
                         required time                         34.250    
                         arrival time                         -32.996    
  -------------------------------------------------------------------
                         slack                                  1.254    

Slack (MET) :             1.292ns  (required time - arrival time)
  Source:                 GEN_BRAM.u_core/ir_reg[20]/C
                            (rising edge-triggered cell FDCE clocked by sys_clk  {rise@0.000ns fall@15.000ns period=30.000ns})
  Destination:            GEN_BRAM.u_core/reg_file/registers_reg_r1_0_31_24_29/RAMB/I
                            (rising edge-triggered cell RAMD32 clocked by sys_clk  {rise@0.000ns fall@15.000ns period=30.000ns})
  Path Group:             sys_clk
  Path Type:              Setup (Max at Slow Process Corner)
  Requirement:            30.000ns  (sys_clk rise@30.000ns - sys_clk rise@0.000ns)
  Data Path Delay:        28.513ns  (logic 3.891ns (13.646%)  route 24.622ns (86.354%))
  Logic Levels:           52  (CARRY4=1 LUT3=11 LUT4=1 LUT5=19 LUT6=19 RAMD32=1)
  Clock Path Skew:        -0.031ns (DCD - SCD + CPR)
    Destination Clock Delay (DCD):    4.187ns = ( 34.187 - 30.000 ) 
    Source Clock Delay      (SCD):    4.475ns
    Clock Pessimism Removal (CPR):    0.256ns
  Clock Uncertainty:      0.035ns  ((TSJ^2 + TIJ^2)^1/2 + DJ) / 2 + PE
    Total System Jitter     (TSJ):    0.071ns
    Total Input Jitter      (TIJ):    0.000ns
    Discrete Jitter          (DJ):    0.000ns
    Phase Error              (PE):    0.000ns

    Location             Delay type                Incr(ns)  Path(ns)    Netlist Resource(s)
  -------------------------------------------------------------------    -------------------
                         (clock sys_clk rise edge)    0.000     0.000 r  
    AD23                                              0.000     0.000 r  clk (IN)
                         net (fo=0)                   0.000     0.000    clk
    AD23                 IBUF (Prop_ibuf_I_O)         0.873     0.873 r  clk_IBUF_inst/O
                         net (fo=1, routed)           1.830     2.703    clk_IBUF
    BUFGCTRL_X0Y0        BUFG (Prop_bufg_I_O)         0.120     2.823 r  clk_IBUF_BUFG_inst/O
                         net (fo=350, routed)         1.652     4.475    GEN_BRAM.u_core/clk_IBUF_BUFG
    SLICE_X8Y12          FDCE                                         r  GEN_BRAM.u_core/ir_reg[20]/C
  -------------------------------------------------------------------    -------------------
    SLICE_X8Y12          FDCE (Prop_fdce_C_Q)         0.308     4.783 r  GEN_BRAM.u_core/ir_reg[20]/Q
                         net (fo=66, routed)          0.961     5.744    GEN_BRAM.u_core/reg_file/registers_reg_r2_0_31_30_31__0/DPRA0
    SLICE_X10Y15         RAMD32 (Prop_ramd32_RADR0_O)
                                                      0.053     5.797 f  GEN_BRAM.u_core/reg_file/registers_reg_r2_0_31_30_31__0/DP/O
                         net (fo=42, routed)          0.763     6.560    GEN_BRAM.u_core/alu_mux_b/dataR20[26]
    SLICE_X9Y18          LUT6 (Prop_lut6_I3_O)        0.053     6.613 r  GEN_BRAM.u_core/alu_mux_b/u_mul_i_1/O
                         net (fo=52, routed)          0.620     7.233    GEN_BRAM.u_core/alu/u_mul/u_mul/GEN_ARRAY.u_mul/u_csa_row0/GEN_CSA_FA[1].u_fa/result[30]_INST_0_i_11_n_0
    SLICE_X10Y11         LUT4 (Prop_lut4_I3_O)        0.056     7.289 r  GEN_BRAM.u_core/alu/u_mul/u_mul/GEN_ARRAY.u_mul/u_csa_row0/GEN_CSA_FA[1].u_fa/result[4]_INST_0_i_7/O
                         net (fo=111, routed)         1.034     8.323    GEN_BRAM.u_core/alu/u_mul/u_mul/GEN_ARRAY.u_mul/u_csa_row0/GEN_CSA_FA[1].u_fa/result[4]_INST_0_i_7_n_0
    SLICE_X6Y14          LUT6 (Prop_lut6_I4_O)        0.168     8.491 r  GEN_BRAM.u_core/alu/u_mul/u_mul/GEN_ARRAY.u_mul/u_csa_row0/GEN_CSA_FA[1].u_fa/result[14]_INST_0_i_130/O
                         net (fo=2, routed)           0.355     8.846    GEN_BRAM.u_core/alu/u_mul/u_mul/GEN_ARRAY.u_mul/u_csa_row0/GEN_CSA_FA[1].u_fa/pp[2]_91[13]
    SLICE_X6Y13          LUT6 (Prop_lut6_I5_O)        0.053     8.899 r  GEN_BRAM.u_core/alu/u_mul/u_mul/GEN_ARRAY.u_mul/u_csa_row0/GEN_CSA_FA[1].u_fa/result[14]_INST_0_i_114/O
                         net (fo=3, routed)           0.768     9.667    GEN_BRAM.u_core/alu/u_mul/u_mul/GEN_ARRAY.u_mul/u_csa_row0/GEN_CSA_FA[1].u_fa/stage_carry[0]_58[14]
    SLICE_X15Y13         LUT3 (Prop_lut3_I0_O)        0.053     9.720 r  GEN_BRAM.u_core/alu/u_mul/u_mul/GEN_ARRAY.u_mul/u_csa_row0/GEN_CSA_FA[1].u_fa/result[16]_INST_0_i_147/O
                         net (fo=2, routed)           0.241     9.961    GEN_BRAM.u_core/alu/u_mul/u_mul/GEN_ARRAY.u_mul/u_csa_row0/GEN_CSA_FA[1].u_fa/stage_carry[1]_43[15]
    SLICE_X17Y13         LUT5 (Prop_lut5_I3_O)        0.053    10.014 r  GEN_BRAM.u_core/alu/u_mul/u_mul/GEN_ARRAY.u_mul/u_csa_row0/GEN_CSA_FA[1].u_fa/result[16]_INST_0_i_125/O
                         net (fo=3, routed)           1.041    11.054    GEN_BRAM.u_core/alu/u_mul/u_mul/GEN_ARRAY.u_mul/u_csa_row0/GEN_CSA_FA[1].u_fa/stage_sum[2]_42[15]
    SLICE_X7Y13          LUT5 (Prop_lut5_I1_O)        0.053    11.107 r  GEN_BRAM.u_core/alu/u_mul/u_mul/GEN_ARRAY.u_mul/u_csa_row0/GEN_CSA_FA[1].u_fa/result[16]_INST_0_i_109/O
                         net (fo=3, routed)           0.720    11.827    GEN_BRAM.u_core/alu/u_mul/u_mul/GEN_ARRAY.u_mul/u_csa_row0/GEN_CSA_FA[1].u_fa/stage_carry[4]_2[16]
    SLICE_X16Y12         LUT3 (Prop_lut3_I0_O)        0.053    11.880 r  GEN_BRAM.u_core/alu/u_mul/u_mul/GEN_ARRAY.u_mul/u_csa_row0/GEN_CSA_FA[1].u_fa/result[18]_INST_0_i_112/O
                         net (fo=2, routed)           0.577    12.457    GEN_BRAM.u_core/alu/u_mul/u_mul/GEN_ARRAY.u_mul/u_csa_row0/GEN_CSA_FA[1].u_fa/stage_carry[5]_45[17]
    SLICE_X16Y10         LUT5 (Prop_lut5_I3_O)        0.053    12.510 r  GEN_BRAM.u_core/alu/u_mul/u_mul/GEN_ARRAY.u_mul/u_csa_row0/GEN_CSA_FA[1].u_fa/result[18]_INST_0_i_94/O
                         net (fo=3, routed)           0.643    13.153    GEN_BRAM.u_core/alu/u_mul/u_mul/GEN_ARRAY.u_mul/u_csa_row0/GEN_CSA_FA[1].u_fa/stage_carry[6]_4[18]
    SLICE_X16Y8          LUT3 (Prop_lut3_I0_O)        0.053    13.206 r  GEN_BRAM.u_core/alu/u_mul/u_mul/GEN_ARRAY.u_mul/u_csa_row0/GEN_CSA_FA[1].u_fa/result[20]_INST_0_i_127/O
                         net (fo=2, routed)           0.310    13.516    GEN_BRAM.u_core/alu/u_mul/u_mul/GEN_ARRAY.u_mul/u_csa_row0/GEN_CSA_FA[1].u_fa/stage_carry[7]_46[19]
    SLICE_X15Y8          LUT5 (Prop_lut5_I3_O)        0.053    13.569 r  GEN_BRAM.u_core/alu/u_mul/u_mul/GEN_ARRAY.u_mul/u_csa_row0/GEN_CSA_FA[1].u_fa/result[20]_INST_0_i_109/O
                         net (fo=3, routed)           0.416    13.985    GEN_BRAM.u_core/alu/u_mul/u_mul/GEN_ARRAY.u_mul/u_csa_row0/GEN_CSA_FA[1].u_fa/stage_carry[8]_6[20]
    SLICE_X15Y5          LUT3 (Prop_lut3_I0_O)        0.053    14.038 r  GEN_BRAM.u_core/alu/u_mul/u_mul/GEN_ARRAY.u_mul/u_csa_row0/GEN_CSA_FA[1].u_fa/result[22]_INST_0_i_107/O
                         net (fo=2, routed)           0.316    14.354    GEN_BRAM.u_core/alu/u_mul/u_mul/GEN_ARRAY.u_mul/u_csa_row0/GEN_CSA_FA[1].u_fa/stage_carry[9]_47[21]
    SLICE_X15Y5          LUT5 (Prop_lut5_I3_O)        0.053    14.407 r  GEN_BRAM.u_core/alu/u_mul/u_mul/GEN_ARRAY.u_mul/u_csa_row0/GEN_CSA_FA[1].u_fa/result[22]_INST_0_i_90/O
                         net (fo=3, routed)           0.526    14.933    GEN_BRAM.u_core/alu/u_mul/u_mul/GEN_ARRAY.u_mul/u_csa_row0/GEN_CSA_FA[1].u_fa/stage_sum[10]_38[21]
    SLICE_X6Y4           LUT3 (Prop_lut3_I1_O)        0.053    14.986 r  GEN_BRAM.u_core/alu/u_mul/u_mul/GEN_ARRAY.u_mul/u_csa_row0/GEN_CSA_FA[1].u_fa/result[22]_INST_0_i_97/O
                         net (fo=2, routed)           0.577    15.563    GEN_BRAM.u_core/alu/u_mul/u_mul/GEN_ARRAY.u_mul/u_csa_row0/GEN_CSA_FA[1].u_fa/stage_carry[11]_48[22]
    SLICE_X7Y4           LUT5 (Prop_lut5_I3_O)        0.053    15.616 r  GEN_BRAM.u_core/alu/u_mul/u_mul/GEN_ARRAY.u_mul/u_csa_row0/GEN_CSA_FA[1].u_fa/result[22]_INST_0_i_75/O
                         net (fo=3, routed)           0.322    15.938    GEN_BRAM.u_core/alu/u_mul/u_mul/GEN_ARRAY.u_mul/u_csa_row0/GEN_CSA_FA[1].u_fa/stage_sum[12]_37[22]
    SLICE_X6Y3           LUT3 (Prop_lut3_I1_O)        0.053    15.991 r  GEN_BRAM.u_core/alu/u_mul/u_mul/GEN_ARRAY.u_mul/u_csa_row0/GEN_CSA_FA[1].u_fa/result[24]_INST_0_i_102/O
                         net (fo=2, routed)           0.458    16.449    GEN_BRAM.u_core/alu/u_mul/u_mul/GEN_ARRAY.u_mul/u_csa_row0/GEN_CSA_FA[1].u_fa/stage_carry[13]_49[23]
    SLICE_X7Y3           LUT5 (Prop_lut5_I3_O)        0.053    16.502 r  GEN_BRAM.u_core/alu/u_mul/u_mul/GEN_ARRAY.u_mul/u_csa_row0/GEN_CSA_FA[1].u_fa/result[24]_INST_0_i_85/O
                         net (fo=3, routed)           0.571    17.073    GEN_BRAM.u_core/alu/u_mul/u_mul/GEN_ARRAY.u_mul/u_csa_row0/GEN_CSA_FA[1].u_fa/stage_sum[14]_36[23]
    SLICE_X5Y4           LUT5 (Prop_lut5_I1_O)        0.053    17.126 r  GEN_BRAM.u_core/alu/u_mul/u_mul/GEN_ARRAY.u_mul/u_csa_row0/GEN_CSA_FA[1].u_fa/result[24]_INST_0_i_65/O
                         net (fo=3, routed)           0.396    17.522    GEN_BRAM.u_core/alu/u_mul/u_mul/GEN_ARRAY.u_mul/u_csa_row0/GEN_CSA_FA[1].u_fa/stage_sum[16]_35[23]
    SLICE_X4Y5           LUT3 (Prop_lut3_I1_O)        0.053    17.575 r  GEN_BRAM.u_core/alu/u_mul/u_mul/GEN_ARRAY.u_mul/u_csa_row0/GEN_CSA_FA[1].u_fa/result[24]_INST_0_i_72/O
                         net (fo=2, routed)           0.466    18.041    GEN_BRAM.u_core/alu/u_mul/u_mul/GEN_ARRAY.u_mul/u_csa_row0/GEN_CSA_FA[1].u_fa/stage_carry[17]_51[24]
    SLICE_X4Y5           LUT5 (Prop_lut5_I3_O)        0.053    18.094 r  GEN_BRAM.u_core/alu/u_mul/u_mul/GEN_ARRAY.u_mul/u_csa_row0/GEN_CSA_FA[1].u_fa/result[26]_INST_0_i_49/O
                         net (fo=3, routed)           0.442    18.536    GEN_BRAM.u_core/alu/u_mul/u_mul/GEN_ARRAY.u_mul/u_csa_row0/GEN_CSA_FA[1].u_fa/stage_carry[18]_16[25]
    SLICE_X4Y3           LUT3 (Prop_lut3_I0_O)        0.053    18.589 r  GEN_BRAM.u_core/alu/u_mul/u_mul/GEN_ARRAY.u_mul/u_csa_row0/GEN_CSA_FA[1].u_fa/result[26]_INST_0_i_57/O
                         net (fo=2, routed)           0.415    19.004    GEN_BRAM.u_core/alu/u_mul/u_mul/GEN_ARRAY.u_mul/u_csa_row0/GEN_CSA_FA[1].u_fa/stage_carry[19]_52[26]
    SLICE_X3Y3           LUT5 (Prop_lut5_I3_O)        0.053    19.057 r  GEN_BRAM.u_core/alu/u_mul/u_mul/GEN_ARRAY.u_mul/u_csa_row0/GEN_CSA_FA[1].u_fa/result[26]_INST_0_i_35/O
                         net (fo=3, routed)           0.764    19.821    GEN_BRAM.u_core/alu/u_mul/u_mul/GEN_ARRAY.u_mul/u_csa_row0/GEN_CSA_FA[1].u_fa/stage_sum[20]_33[26]
    SLICE_X8Y5           LUT5 (Prop_lut5_I1_O)        0.053    19.874 r  GEN_BRAM.u_core/alu/u_mul/u_mul/GEN_ARRAY.u_mul/u_csa_row0/GEN_CSA_FA[1].u_fa/result[28]_INST_0_i_39/O
                         net (fo=3, routed)           0.641    20.515    GEN_BRAM.u_core/alu/u_mul/u_mul/GEN_ARRAY.u_mul/u_csa_row0/GEN_CSA_FA[1].u_fa/stage_carry[22]_20[27]
    SLICE_X2Y4           LUT3 (Prop_lut3_I0_O)        0.053    20.568 r  GEN_BRAM.u_core/alu/u_mul/u_mul/GEN_ARRAY.u_mul/u_csa_row0/GEN_CSA_FA[1].u_fa/result[28]_INST_0_i_47/O
                         net (fo=2, routed)           0.412    20.980    GEN_BRAM.u_core/alu/u_mul/u_mul/GEN_ARRAY.u_mul/u_csa_row0/GEN_CSA_FA[1].u_fa/stage_carry[23]_54[28]
    SLICE_X1Y4           LUT5 (Prop_lut5_I3_O)        0.053    21.033 r  GEN_BRAM.u_core/alu/u_mul/u_mul/GEN_ARRAY.u_mul/u_csa_row0/GEN_CSA_FA[1].u_fa/result[28]_INST_0_i_26/O
                         net (fo=2, routed)           0.771    21.804    GEN_BRAM.u_core/alu/u_mul/u_mul/GEN_ARRAY.u_mul/u_csa_row0/GEN_CSA_FA[1].u_fa/stage_sum[24]_31[28]
    SLICE_X13Y6          LUT3 (Prop_lut3_I1_O)        0.053    21.857 r  GEN_BRAM.u_core/alu/u_mul/u_mul/GEN_ARRAY.u_mul/u_csa_row0/GEN_CSA_FA[1].u_fa/result[30]_INST_0_i_20/O
                         net (fo=2, routed)           0.304    22.162    GEN_BRAM.u_core/alu/u_mul/u_mul/GEN_ARRAY.u_mul/u_csa_row0/GEN_CSA_FA[1].u_fa/stage_carry[25]_55[29]
    SLICE_X13Y6          LUT5 (Prop_lut5_I3_O)        0.053    22.215 r  GEN_BRAM.u_core/alu/u_mul/u_mul/GEN_ARRAY.u_mul/u_csa_row0/GEN_CSA_FA[1].u_fa/result[30]_INST_0_i_14/O
                         net (fo=2, routed)           0.445    22.659    GEN_BRAM.u_core/alu/u_mul/u_mul/GEN_ARRAY.u_mul/u_csa_row0/GEN_CSA_FA[1].u_fa/stage_carry[26]_24[30]
    SLICE_X14Y7          LUT3 (Prop_lut3_I0_O)        0.053    22.712 r  GEN_BRAM.u_core/alu/u_mul/u_mul/GEN_ARRAY.u_mul/u_csa_row0/GEN_CSA_FA[1].u_fa/result[31]_INST_0_i_33/O
                         net (fo=2, routed)           0.467    23.180    GEN_BRAM.u_core/alu/u_mul/u_mul/GEN_ARRAY.u_mul/u_csa_row0/GEN_CSA_FA[1].u_fa/stage_carry[27]_56[31]
    SLICE_X14Y7          LUT5 (Prop_lut5_I3_O)        0.053    23.233 r  GEN_BRAM.u_core/alu/u_mul/u_mul/GEN_ARRAY.u_mul/u_csa_row0/GEN_CSA_FA[1].u_fa/result[31]_INST_0_i_18/O
                         net (fo=2, routed)           0.469    23.702    GEN_BRAM.u_core/alu/u_mul/u_mul/GEN_ARRAY.u_mul/u_csa_row0/GEN_CSA_FA[1].u_fa/stage_sum[28]_29[31]
    SLICE_X15Y7          LUT5 (Prop_lut5_I3_O)        0.053    23.755 r  GEN_BRAM.u_core/alu/u_mul/u_mul/GEN_ARRAY.u_mul/u_csa_row0/GEN_CSA_FA[1].u_fa/result[1]_INST_0_i_5/O
                         net (fo=4, routed)           0.571    24.325    GEN_BRAM.u_core/alu/u_mul/u_mul/GEN_ARRAY.u_mul/u_csa_row0/GEN_CSA_FA[1].u_fa/stage_carry[29]_59[32]
    SLICE_X11Y7          LUT5 (Prop_lut5_I3_O)        0.068    24.393 r  GEN_BRAM.u_core/alu/u_mul/u_mul/GEN_ARRAY.u_mul/u_csa_row0/GEN_CSA_FA[1].u_fa/result[1]_INST_0_i_6/O
                         net (fo=2, routed)           0.407    24.800    GEN_BRAM.u_core/alu/u_mul/u_mul/GEN_ARRAY.u_mul/u_csa_row0/GEN_CSA_FA[1].u_fa/u_final_cpa/GEN_FINAL_FA[32].u_fa/c2
    SLICE_X11Y8          LUT5 (Prop_lut5_I2_O)        0.180    24.980 r  GEN_BRAM.u_core/alu/u_mul/u_mul/GEN_ARRAY.u_mul/u_csa_row0/GEN_CSA_FA[1].u_fa/result[2]_INST_0_i_9/O
                         net (fo=2, routed)           0.448    25.428    GEN_BRAM.u_core/alu/u_mul/u_mul/GEN_ARRAY.u_mul/u_csa_row0/GEN_CSA_FA[1].u_fa/u_final_cpa/GEN_FINAL_FA[33].u_fa/c2
    SLICE_X11Y8          LUT5 (Prop_lut5_I2_O)        0.187    25.615 r  GEN_BRAM.u_core/alu/u_mul/u_mul/GEN_ARRAY.u_mul/u_csa_row0/GEN_CSA_FA[1].u_fa/result[4]_INST_0_i_14/O
                         net (fo=3, routed)           0.371    25.986    GEN_BRAM.u_core/alu/u_mul/u_mul/GEN_ARRAY.u_mul/u_csa_row0/GEN_CSA_FA[1].u_fa/u_final_cpa/c_35
    SLICE_X12Y9          LUT6 (Prop_lut6_I4_O)        0.169    26.155 r  GEN_BRAM.u_core/alu/u_mul/u_mul/GEN_ARRAY.u_mul/u_csa_row0/GEN_CSA_FA[1].u_fa/result[6]_INST_0_i_12/O
                         net (fo=3, routed)           0.518    26.673    GEN_BRAM.u_core/alu/u_mul/u_mul/GEN_ARRAY.u_mul/u_csa_row0/GEN_CSA_FA[1].u_fa/u_final_cpa/c_37
    SLICE_X12Y9          LUT6 (Prop_lut6_I4_O)        0.053    26.726 r  GEN_BRAM.u_core/alu/u_mul/u_mul/GEN_ARRAY.u_mul/u_csa_row0/GEN_CSA_FA[1].u_fa/result[8]_INST_0_i_13/O
                         net (fo=3, routed)           0.310    27.036    GEN_BRAM.u_core/alu/u_mul/u_mul/GEN_ARRAY.u_mul/u_csa_row0/GEN_CSA_FA[1].u_fa/u_final_cpa/c_39
    SLICE_X13Y9          LUT6 (Prop_lut6_I4_O)        0.053    27.089 r  GEN_BRAM.u_core/alu/u_mul/u_mul/GEN_ARRAY.u_mul/u_csa_row0/GEN_CSA_FA[1].u_fa/result[10]_INST_0_i_12/O
                         net (fo=3, routed)           0.343    27.432    GEN_BRAM.u_core/alu/u_mul/u_mul/GEN_ARRAY.u_mul/u_csa_row0/GEN_CSA_FA[1].u_fa/u_final_cpa/c_41
    SLICE_X13Y10         LUT6 (Prop_lut6_I4_O)        0.053    27.485 r  GEN_BRAM.u_core/alu/u_mul/u_mul/GEN_ARRAY.u_mul/u_csa_row0/GEN_CSA_FA[1].u_fa/result[12]_INST_0_i_13/O
                         net (fo=3, routed)           0.341    27.826    GEN_BRAM.u_core/alu/u_mul/u_mul/GEN_ARRAY.u_mul/u_csa_row0/GEN_CSA_FA[1].u_fa/u_final_cpa/c_43
    SLICE_X14Y11         LUT6 (Prop_lut6_I4_O)        0.053    27.879 r  GEN_BRAM.u_core/alu/u_mul/u_mul/GEN_ARRAY.u_mul/u_csa_row0/GEN_CSA_FA[1].u_fa/result[14]_INST_0_i_12/O
                         net (fo=3, routed)           0.222    28.101    GEN_BRAM.u_core/alu/u_mul/u_mul/GEN_ARRAY.u_mul/u_csa_row0/GEN_CSA_FA[1].u_fa/u_final_cpa/c_45
    SLICE_X14Y11         LUT6 (Prop_lut6_I4_O)        0.053    28.154 r  GEN_BRAM.u_core/alu/u_mul/u_mul/GEN_ARRAY.u_mul/u_csa_row0/GEN_CSA_FA[1].u_fa/result[16]_INST_0_i_13/O
                         net (fo=3, routed)           0.287    28.441    GEN_BRAM.u_core/alu/u_mul/u_mul/GEN_ARRAY.u_mul/u_csa_row0/GEN_CSA_FA[1].u_fa/u_final_cpa/c_47
    SLICE_X15Y11         LUT6 (Prop_lut6_I4_O)        0.053    28.494 r  GEN_BRAM.u_core/alu/u_mul/u_mul/GEN_ARRAY.u_mul/u_csa_row0/GEN_CSA_FA[1].u_fa/result[18]_INST_0_i_12/O
                         net (fo=3, routed)           0.338    28.832    GEN_BRAM.u_core/alu/u_mul/u_mul/GEN_ARRAY.u_mul/u_csa_row0/GEN_CSA_FA[1].u_fa/u_final_cpa/c_49
    SLICE_X14Y12         LUT6 (Prop_lut6_I4_O)        0.053    28.885 r  GEN_BRAM.u_core/alu/u_mul/u_mul/GEN_ARRAY.u_mul/u_csa_row0/GEN_CSA_FA[1].u_fa/result[20]_INST_0_i_13/O
                         net (fo=3, routed)           0.252    29.138    GEN_BRAM.u_core/alu/u_mul/u_mul/GEN_ARRAY.u_mul/u_csa_row0/GEN_CSA_FA[1].u_fa/u_final_cpa/c_51
    SLICE_X14Y13         LUT6 (Prop_lut6_I4_O)        0.053    29.191 r  GEN_BRAM.u_core/alu/u_mul/u_mul/GEN_ARRAY.u_mul/u_csa_row0/GEN_CSA_FA[1].u_fa/result[22]_INST_0_i_12/O
                         net (fo=3, routed)           0.300    29.491    GEN_BRAM.u_core/alu/u_mul/u_mul/GEN_ARRAY.u_mul/u_csa_row0/GEN_CSA_FA[1].u_fa/u_final_cpa/c_53
    SLICE_X13Y13         LUT6 (Prop_lut6_I4_O)        0.053    29.544 r  GEN_BRAM.u_core/alu/u_mul/u_mul/GEN_ARRAY.u_mul/u_csa_row0/GEN_CSA_FA[1].u_fa/result[24]_INST_0_i_13/O
                         net (fo=3, routed)           0.204    29.748    GEN_BRAM.u_core/alu/u_mul/u_mul/GEN_ARRAY.u_mul/u_csa_row0/GEN_CSA_FA[1].u_fa/u_final_cpa/c_55
    SLICE_X13Y13         LUT6 (Prop_lut6_I4_O)        0.053    29.801 r  GEN_BRAM.u_core/alu/u_mul/u_mul/GEN_ARRAY.u_mul/u_csa_row0/GEN_CSA_FA[1].u_fa/result[26]_INST_0_i_12/O
                         net (fo=3, routed)           0.368    30.170    GEN_BRAM.u_core/alu/u_mul/u_mul/GEN_ARRAY.u_mul/u_csa_row0/GEN_CSA_FA[1].u_fa/u_final_cpa/c_57
    SLICE_X11Y14         LUT5 (Prop_lut5_I4_O)        0.053    30.223 r  GEN_BRAM.u_core/alu/u_mul/u_mul/GEN_ARRAY.u_mul/u_csa_row0/GEN_CSA_FA[1].u_fa/result[25]_INST_0_i_2/O
                         net (fo=2, routed)           0.000    30.223    GEN_BRAM.u_core/alu/u_mul/u_mul/GEN_ARRAY.u_mul/u_csa_row0/GEN_CSA_FA[1].u_fa/p_0_in[57]
    SLICE_X11Y14         CARRY4 (Prop_carry4_S[0]_O[1])
                                                      0.271    30.494 r  GEN_BRAM.u_core/alu/u_mul/u_mul/GEN_ARRAY.u_mul/u_csa_row0/GEN_CSA_FA[1].u_fa/result[28]_INST_0_i_4/O[1]
                         net (fo=1, routed)           0.489    30.982    GEN_BRAM.u_core/alu/u_mul/u_mul/GEN_ARRAY.u_mul/u_csa_row0/GEN_CSA_FA[1].u_fa/signed_product0[58]
    SLICE_X12Y14         LUT6 (Prop_lut6_I5_O)        0.152    31.134 r  GEN_BRAM.u_core/alu/u_mul/u_mul/GEN_ARRAY.u_mul/u_csa_row0/GEN_CSA_FA[1].u_fa/result[26]_INST_0/O
                         net (fo=1, routed)           0.464    31.598    GEN_BRAM.u_core/reg_file/result[22]
    SLICE_X15Y16         LUT6 (Prop_lut6_I2_O)        0.053    31.651 r  GEN_BRAM.u_core/reg_file/debug_alu_out_OBUF[26]_inst_i_4/O
                         net (fo=1, routed)           0.323    31.974    GEN_BRAM.u_core/reg_file/debug_alu_out_OBUF[26]_inst_i_4_n_0
    SLICE_X16Y16         LUT6 (Prop_lut6_I5_O)        0.053    32.027 r  GEN_BRAM.u_core/reg_file/debug_alu_out_OBUF[26]_inst_i_1/O
                         net (fo=3, routed)           0.324    32.351    GEN_BRAM.u_core/wb_mux/debug_alu_out_OBUF[26]
    SLICE_X15Y16         LUT6 (Prop_lut6_I0_O)        0.053    32.404 r  GEN_BRAM.u_core/wb_mux/registers_reg_r1_0_31_24_29_i_14/O
                         net (fo=1, routed)           0.279    32.683    GEN_BRAM.u_core/divider/wb_exec[26]
    SLICE_X14Y16         LUT6 (Prop_lut6_I5_O)        0.053    32.736 r  GEN_BRAM.u_core/divider/registers_reg_r1_0_31_24_29_i_4/O
                         net (fo=2, routed)           0.251    32.988    GEN_BRAM.u_core/reg_file/registers_reg_r1_0_31_24_29/DIB0
    SLICE_X12Y16         RAMD32                                       r  GEN_BRAM.u_core/reg_file/registers_reg_r1_0_31_24_29/RAMB/I
  -------------------------------------------------------------------    -------------------

                         (clock sys_clk rise edge)   30.000    30.000 r  
    AD23                                              0.000    30.000 r  clk (IN)
                         net (fo=0)                   0.000    30.000    clk
    AD23                 IBUF (Prop_ibuf_I_O)         0.796    30.796 r  clk_IBUF_inst/O
                         net (fo=1, routed)           1.741    32.537    clk_IBUF
    BUFGCTRL_X0Y0        BUFG (Prop_bufg_I_O)         0.113    32.650 r  clk_IBUF_BUFG_inst/O
                         net (fo=350, routed)         1.537    34.187    GEN_BRAM.u_core/reg_file/registers_reg_r1_0_31_24_29/WCLK
    SLICE_X12Y16         RAMD32                                       r  GEN_BRAM.u_core/reg_file/registers_reg_r1_0_31_24_29/RAMB/CLK
                         clock pessimism              0.256    34.444    
                         clock uncertainty           -0.035    34.408    
    SLICE_X12Y16         RAMD32 (Setup_ramd32_CLK_I)
                                                     -0.129    34.279    GEN_BRAM.u_core/reg_file/registers_reg_r1_0_31_24_29/RAMB
  -------------------------------------------------------------------
                         required time                         34.279    
                         arrival time                         -32.988    
  -------------------------------------------------------------------
                         slack                                  1.292    

Slack (MET) :             1.334ns  (required time - arrival time)
  Source:                 GEN_BRAM.u_core/ir_reg[20]/C
                            (rising edge-triggered cell FDCE clocked by sys_clk  {rise@0.000ns fall@15.000ns period=30.000ns})
  Destination:            GEN_BRAM.u_core/reg_file/registers_reg_r2_0_31_24_29/RAMC/I
                            (rising edge-triggered cell RAMD32 clocked by sys_clk  {rise@0.000ns fall@15.000ns period=30.000ns})
  Path Group:             sys_clk
  Path Type:              Setup (Max at Slow Process Corner)
  Requirement:            30.000ns  (sys_clk rise@30.000ns - sys_clk rise@0.000ns)
  Data Path Delay:        28.468ns  (logic 3.876ns (13.615%)  route 24.592ns (86.385%))
  Logic Levels:           53  (CARRY4=1 LUT3=11 LUT4=1 LUT5=19 LUT6=20 RAMD32=1)
  Clock Path Skew:        -0.030ns (DCD - SCD + CPR)
    Destination Clock Delay (DCD):    4.188ns = ( 34.188 - 30.000 ) 
    Source Clock Delay      (SCD):    4.475ns
    Clock Pessimism Removal (CPR):    0.256ns
  Clock Uncertainty:      0.035ns  ((TSJ^2 + TIJ^2)^1/2 + DJ) / 2 + PE
    Total System Jitter     (TSJ):    0.071ns
    Total Input Jitter      (TIJ):    0.000ns
    Discrete Jitter          (DJ):    0.000ns
    Phase Error              (PE):    0.000ns

    Location             Delay type                Incr(ns)  Path(ns)    Netlist Resource(s)
  -------------------------------------------------------------------    -------------------
                         (clock sys_clk rise edge)    0.000     0.000 r  
    AD23                                              0.000     0.000 r  clk (IN)
                         net (fo=0)                   0.000     0.000    clk
    AD23                 IBUF (Prop_ibuf_I_O)         0.873     0.873 r  clk_IBUF_inst/O
                         net (fo=1, routed)           1.830     2.703    clk_IBUF
    BUFGCTRL_X0Y0        BUFG (Prop_bufg_I_O)         0.120     2.823 r  clk_IBUF_BUFG_inst/O
                         net (fo=350, routed)         1.652     4.475    GEN_BRAM.u_core/clk_IBUF_BUFG
    SLICE_X8Y12          FDCE                                         r  GEN_BRAM.u_core/ir_reg[20]/C
  -------------------------------------------------------------------    -------------------
    SLICE_X8Y12          FDCE (Prop_fdce_C_Q)         0.308     4.783 r  GEN_BRAM.u_core/ir_reg[20]/Q
                         net (fo=66, routed)          0.961     5.744    GEN_BRAM.u_core/reg_file/registers_reg_r2_0_31_30_31__0/DPRA0
    SLICE_X10Y15         RAMD32 (Prop_ramd32_RADR0_O)
                                                      0.053     5.797 f  GEN_BRAM.u_core/reg_file/registers_reg_r2_0_31_30_31__0/DP/O
                         net (fo=42, routed)          0.763     6.560    GEN_BRAM.u_core/alu_mux_b/dataR20[26]
    SLICE_X9Y18          LUT6 (Prop_lut6_I3_O)        0.053     6.613 r  GEN_BRAM.u_core/alu_mux_b/u_mul_i_1/O
                         net (fo=52, routed)          0.620     7.233    GEN_BRAM.u_core/alu/u_mul/u_mul/GEN_ARRAY.u_mul/u_csa_row0/GEN_CSA_FA[1].u_fa/result[30]_INST_0_i_11_n_0
    SLICE_X10Y11         LUT4 (Prop_lut4_I3_O)        0.056     7.289 r  GEN_BRAM.u_core/alu/u_mul/u_mul/GEN_ARRAY.u_mul/u_csa_row0/GEN_CSA_FA[1].u_fa/result[4]_INST_0_i_7/O
                         net (fo=111, routed)         1.034     8.323    GEN_BRAM.u_core/alu/u_mul/u_mul/GEN_ARRAY.u_mul/u_csa_row0/GEN_CSA_FA[1].u_fa/result[4]_INST_0_i_7_n_0
    SLICE_X6Y14          LUT6 (Prop_lut6_I4_O)        0.168     8.491 r  GEN_BRAM.u_core/alu/u_mul/u_mul/GEN_ARRAY.u_mul/u_csa_row0/GEN_CSA_FA[1].u_fa/result[14]_INST_0_i_130/O
                         net (fo=2, routed)           0.355     8.846    GEN_BRAM.u_core/alu/u_mul/u_mul/GEN_ARRAY.u_mul/u_csa_row0/GEN_CSA_FA[1].u_fa/pp[2]_91[13]
    SLICE_X6Y13          LUT6 (Prop_lut6_I5_O)        0.053     8.899 r  GEN_BRAM.u_core/alu/u_mul/u_mul/GEN_ARRAY.u_mul/u_csa_row0/GEN_CSA_FA[1].u_fa/result[14]_INST_0_i_114/O
                         net (fo=3, routed)           0.768     9.667    GEN_BRAM.u_core/alu/u_mul/u_mul/GEN_ARRAY.u_mul/u_csa_row0/GEN_CSA_FA[1].u_fa/stage_carry[0]_58[14]
    SLICE_X15Y13         LUT3 (Prop_lut3_I0_O)        0.053     9.720 r  GEN_BRAM.u_core/alu/u_mul/u_mul/GEN_ARRAY.u_mul/u_csa_row0/GEN_CSA_FA[1].u_fa/result[16]_INST_0_i_147/O
                         net (fo=2, routed)           0.241     9.961    GEN_BRAM.u_core/alu/u_mul/u_mul/GEN_ARRAY.u_mul/u_csa_row0/GEN_CSA_FA[1].u_fa/stage_carry[1]_43[15]
    SLICE_X17Y13         LUT5 (Prop_lut5_I3_O)        0.053    10.014 r  GEN_BRAM.u_core/alu/u_mul/u_mul/GEN_ARRAY.u_mul/u_csa_row0/GEN_CSA_FA[1].u_fa/result[16]_INST_0_i_125/O
                         net (fo=3, routed)           1.041    11.054    GEN_BRAM.u_core/alu/u_mul/u_mul/GEN_ARRAY.u_mul/u_csa_row0/GEN_CSA_FA[1].u_fa/stage_sum[2]_42[15]
    SLICE_X7Y13          LUT5 (Prop_lut5_I1_O)        0.053    11.107 r  GEN_BRAM.u_core/alu/u_mul/u_mul/GEN_ARRAY.u_mul/u_csa_row0/GEN_CSA_FA[1].u_fa/result[16]_INST_0_i_109/O
                         net (fo=3, routed)           0.720    11.827    GEN_BRAM.u_core/alu/u_mul/u_mul/GEN_ARRAY.u_mul/u_csa_row0/GEN_CSA_FA[1].u_fa/stage_carry[4]_2[16]
    SLICE_X16Y12         LUT3 (Prop_lut3_I0_O)        0.053    11.880 r  GEN_BRAM.u_core/alu/u_mul/u_mul/GEN_ARRAY.u_mul/u_csa_row0/GEN_CSA_FA[1].u_fa/result[18]_INST_0_i_112/O
                         net (fo=2, routed)           0.577    12.457    GEN_BRAM.u_core/alu/u_mul/u_mul/GEN_ARRAY.u_mul/u_csa_row0/GEN_CSA_FA[1].u_fa/stage_carry[5]_45[17]
    SLICE_X16Y10         LUT5 (Prop_lut5_I3_O)        0.053    12.510 r  GEN_BRAM.u_core/alu/u_mul/u_mul/GEN_ARRAY.u_mul/u_csa_row0/GEN_CSA_FA[1].u_fa/result[18]_INST_0_i_94/O
                         net (fo=3, routed)           0.643    13.153    GEN_BRAM.u_core/alu/u_mul/u_mul/GEN_ARRAY.u_mul/u_csa_row0/GEN_CSA_FA[1].u_fa/stage_carry[6]_4[18]
    SLICE_X16Y8          LUT3 (Prop_lut3_I0_O)        0.053    13.206 r  GEN_BRAM.u_core/alu/u_mul/u_mul/GEN_ARRAY.u_mul/u_csa_row0/GEN_CSA_FA[1].u_fa/result[20]_INST_0_i_127/O
                         net (fo=2, routed)           0.310    13.516    GEN_BRAM.u_core/alu/u_mul/u_mul/GEN_ARRAY.u_mul/u_csa_row0/GEN_CSA_FA[1].u_fa/stage_carry[7]_46[19]
    SLICE_X15Y8          LUT5 (Prop_lut5_I3_O)        0.053    13.569 r  GEN_BRAM.u_core/alu/u_mul/u_mul/GEN_ARRAY.u_mul/u_csa_row0/GEN_CSA_FA[1].u_fa/result[20]_INST_0_i_109/O
                         net (fo=3, routed)           0.416    13.985    GEN_BRAM.u_core/alu/u_mul/u_mul/GEN_ARRAY.u_mul/u_csa_row0/GEN_CSA_FA[1].u_fa/stage_carry[8]_6[20]
    SLICE_X15Y5          LUT3 (Prop_lut3_I0_O)        0.053    14.038 r  GEN_BRAM.u_core/alu/u_mul/u_mul/GEN_ARRAY.u_mul/u_csa_row0/GEN_CSA_FA[1].u_fa/result[22]_INST_0_i_107/O
                         net (fo=2, routed)           0.316    14.354    GEN_BRAM.u_core/alu/u_mul/u_mul/GEN_ARRAY.u_mul/u_csa_row0/GEN_CSA_FA[1].u_fa/stage_carry[9]_47[21]
    SLICE_X15Y5          LUT5 (Prop_lut5_I3_O)        0.053    14.407 r  GEN_BRAM.u_core/alu/u_mul/u_mul/GEN_ARRAY.u_mul/u_csa_row0/GEN_CSA_FA[1].u_fa/result[22]_INST_0_i_90/O
                         net (fo=3, routed)           0.526    14.933    GEN_BRAM.u_core/alu/u_mul/u_mul/GEN_ARRAY.u_mul/u_csa_row0/GEN_CSA_FA[1].u_fa/stage_sum[10]_38[21]
    SLICE_X6Y4           LUT3 (Prop_lut3_I1_O)        0.053    14.986 r  GEN_BRAM.u_core/alu/u_mul/u_mul/GEN_ARRAY.u_mul/u_csa_row0/GEN_CSA_FA[1].u_fa/result[22]_INST_0_i_97/O
                         net (fo=2, routed)           0.577    15.563    GEN_BRAM.u_core/alu/u_mul/u_mul/GEN_ARRAY.u_mul/u_csa_row0/GEN_CSA_FA[1].u_fa/stage_carry[11]_48[22]
    SLICE_X7Y4           LUT5 (Prop_lut5_I3_O)        0.053    15.616 r  GEN_BRAM.u_core/alu/u_mul/u_mul/GEN_ARRAY.u_mul/u_csa_row0/GEN_CSA_FA[1].u_fa/result[22]_INST_0_i_75/O
                         net (fo=3, routed)           0.322    15.938    GEN_BRAM.u_core/alu/u_mul/u_mul/GEN_ARRAY.u_mul/u_csa_row0/GEN_CSA_FA[1].u_fa/stage_sum[12]_37[22]
    SLICE_X6Y3           LUT3 (Prop_lut3_I1_O)        0.053    15.991 r  GEN_BRAM.u_core/alu/u_mul/u_mul/GEN_ARRAY.u_mul/u_csa_row0/GEN_CSA_FA[1].u_fa/result[24]_INST_0_i_102/O
                         net (fo=2, routed)           0.458    16.449    GEN_BRAM.u_core/alu/u_mul/u_mul/GEN_ARRAY.u_mul/u_csa_row0/GEN_CSA_FA[1].u_fa/stage_carry[13]_49[23]
    SLICE_X7Y3           LUT5 (Prop_lut5_I3_O)        0.053    16.502 r  GEN_BRAM.u_core/alu/u_mul/u_mul/GEN_ARRAY.u_mul/u_csa_row0/GEN_CSA_FA[1].u_fa/result[24]_INST_0_i_85/O
                         net (fo=3, routed)           0.571    17.073    GEN_BRAM.u_core/alu/u_mul/u_mul/GEN_ARRAY.u_mul/u_csa_row0/GEN_CSA_FA[1].u_fa/stage_sum[14]_36[23]
    SLICE_X5Y4           LUT5 (Prop_lut5_I1_O)        0.053    17.126 r  GEN_BRAM.u_core/alu/u_mul/u_mul/GEN_ARRAY.u_mul/u_csa_row0/GEN_CSA_FA[1].u_fa/result[24]_INST_0_i_65/O
                         net (fo=3, routed)           0.396    17.522    GEN_BRAM.u_core/alu/u_mul/u_mul/GEN_ARRAY.u_mul/u_csa_row0/GEN_CSA_FA[1].u_fa/stage_sum[16]_35[23]
    SLICE_X4Y5           LUT3 (Prop_lut3_I1_O)        0.053    17.575 r  GEN_BRAM.u_core/alu/u_mul/u_mul/GEN_ARRAY.u_mul/u_csa_row0/GEN_CSA_FA[1].u_fa/result[24]_INST_0_i_72/O
                         net (fo=2, routed)           0.466    18.041    GEN_BRAM.u_core/alu/u_mul/u_mul/GEN_ARRAY.u_mul/u_csa_row0/GEN_CSA_FA[1].u_fa/stage_carry[17]_51[24]
    SLICE_X4Y5           LUT5 (Prop_lut5_I3_O)        0.053    18.094 r  GEN_BRAM.u_core/alu/u_mul/u_mul/GEN_ARRAY.u_mul/u_csa_row0/GEN_CSA_FA[1].u_fa/result[26]_INST_0_i_49/O
                         net (fo=3, routed)           0.442    18.536    GEN_BRAM.u_core/alu/u_mul/u_mul/GEN_ARRAY.u_mul/u_csa_row0/GEN_CSA_FA[1].u_fa/stage_carry[18]_16[25]
    SLICE_X4Y3           LUT3 (Prop_lut3_I0_O)        0.053    18.589 r  GEN_BRAM.u_core/alu/u_mul/u_mul/GEN_ARRAY.u_mul/u_csa_row0/GEN_CSA_FA[1].u_fa/result[26]_INST_0_i_57/O
                         net (fo=2, routed)           0.415    19.004    GEN_BRAM.u_core/alu/u_mul/u_mul/GEN_ARRAY.u_mul/u_csa_row0/GEN_CSA_FA[1].u_fa/stage_carry[19]_52[26]
    SLICE_X3Y3           LUT5 (Prop_lut5_I3_O)        0.053    19.057 r  GEN_BRAM.u_core/alu/u_mul/u_mul/GEN_ARRAY.u_mul/u_csa_row0/GEN_CSA_FA[1].u_fa/result[26]_INST_0_i_35/O
                         net (fo=3, routed)           0.764    19.821    GEN_BRAM.u_core/alu/u_mul/u_mul/GEN_ARRAY.u_mul/u_csa_row0/GEN_CSA_FA[1].u_fa/stage_sum[20]_33[26]
    SLICE_X8Y5           LUT5 (Prop_lut5_I1_O)        0.053    19.874 r  GEN_BRAM.u_core/alu/u_mul/u_mul/GEN_ARRAY.u_mul/u_csa_row0/GEN_CSA_FA[1].u_fa/result[28]_INST_0_i_39/O
                         net (fo=3, routed)           0.641    20.515    GEN_BRAM.u_core/alu/u_mul/u_mul/GEN_ARRAY.u_mul/u_csa_row0/GEN_CSA_FA[1].u_fa/stage_carry[22]_20[27]
    SLICE_X2Y4           LUT3 (Prop_lut3_I0_O)        0.053    20.568 r  GEN_BRAM.u_core/alu/u_mul/u_mul/GEN_ARRAY.u_mul/u_csa_row0/GEN_CSA_FA[1].u_fa/result[28]_INST_0_i_47/O
                         net (fo=2, routed)           0.412    20.980    GEN_BRAM.u_core/alu/u_mul/u_mul/GEN_ARRAY.u_mul/u_csa_row0/GEN_CSA_FA[1].u_fa/stage_carry[23]_54[28]
    SLICE_X1Y4           LUT5 (Prop_lut5_I3_O)        0.053    21.033 r  GEN_BRAM.u_core/alu/u_mul/u_mul/GEN_ARRAY.u_mul/u_csa_row0/GEN_CSA_FA[1].u_fa/result[28]_INST_0_i_26/O
                         net (fo=2, routed)           0.771    21.804    GEN_BRAM.u_core/alu/u_mul/u_mul/GEN_ARRAY.u_mul/u_csa_row0/GEN_CSA_FA[1].u_fa/stage_sum[24]_31[28]
    SLICE_X13Y6          LUT3 (Prop_lut3_I1_O)        0.053    21.857 r  GEN_BRAM.u_core/alu/u_mul/u_mul/GEN_ARRAY.u_mul/u_csa_row0/GEN_CSA_FA[1].u_fa/result[30]_INST_0_i_20/O
                         net (fo=2, routed)           0.304    22.162    GEN_BRAM.u_core/alu/u_mul/u_mul/GEN_ARRAY.u_mul/u_csa_row0/GEN_CSA_FA[1].u_fa/stage_carry[25]_55[29]
    SLICE_X13Y6          LUT5 (Prop_lut5_I3_O)        0.053    22.215 r  GEN_BRAM.u_core/alu/u_mul/u_mul/GEN_ARRAY.u_mul/u_csa_row0/GEN_CSA_FA[1].u_fa/result[30]_INST_0_i_14/O
                         net (fo=2, routed)           0.445    22.659    GEN_BRAM.u_core/alu/u_mul/u_mul/GEN_ARRAY.u_mul/u_csa_row0/GEN_CSA_FA[1].u_fa/stage_carry[26]_24[30]
    SLICE_X14Y7          LUT3 (Prop_lut3_I0_O)        0.053    22.712 r  GEN_BRAM.u_core/alu/u_mul/u_mul/GEN_ARRAY.u_mul/u_csa_row0/GEN_CSA_FA[1].u_fa/result[31]_INST_0_i_33/O
                         net (fo=2, routed)           0.467    23.180    GEN_BRAM.u_core/alu/u_mul/u_mul/GEN_ARRAY.u_mul/u_csa_row0/GEN_CSA_FA[1].u_fa/stage_carry[27]_56[31]
    SLICE_X14Y7          LUT5 (Prop_lut5_I3_O)        0.053    23.233 r  GEN_BRAM.u_core/alu/u_mul/u_mul/GEN_ARRAY.u_mul/u_csa_row0/GEN_CSA_FA[1].u_fa/result[31]_INST_0_i_18/O
                         net (fo=2, routed)           0.469    23.702    GEN_BRAM.u_core/alu/u_mul/u_mul/GEN_ARRAY.u_mul/u_csa_row0/GEN_CSA_FA[1].u_fa/stage_sum[28]_29[31]
    SLICE_X15Y7          LUT5 (Prop_lut5_I3_O)        0.053    23.755 r  GEN_BRAM.u_core/alu/u_mul/u_mul/GEN_ARRAY.u_mul/u_csa_row0/GEN_CSA_FA[1].u_fa/result[1]_INST_0_i_5/O
                         net (fo=4, routed)           0.571    24.325    GEN_BRAM.u_core/alu/u_mul/u_mul/GEN_ARRAY.u_mul/u_csa_row0/GEN_CSA_FA[1].u_fa/stage_carry[29]_59[32]
    SLICE_X11Y7          LUT5 (Prop_lut5_I3_O)        0.068    24.393 r  GEN_BRAM.u_core/alu/u_mul/u_mul/GEN_ARRAY.u_mul/u_csa_row0/GEN_CSA_FA[1].u_fa/result[1]_INST_0_i_6/O
                         net (fo=2, routed)           0.407    24.800    GEN_BRAM.u_core/alu/u_mul/u_mul/GEN_ARRAY.u_mul/u_csa_row0/GEN_CSA_FA[1].u_fa/u_final_cpa/GEN_FINAL_FA[32].u_fa/c2
    SLICE_X11Y8          LUT5 (Prop_lut5_I2_O)        0.180    24.980 r  GEN_BRAM.u_core/alu/u_mul/u_mul/GEN_ARRAY.u_mul/u_csa_row0/GEN_CSA_FA[1].u_fa/result[2]_INST_0_i_9/O
                         net (fo=2, routed)           0.448    25.428    GEN_BRAM.u_core/alu/u_mul/u_mul/GEN_ARRAY.u_mul/u_csa_row0/GEN_CSA_FA[1].u_fa/u_final_cpa/GEN_FINAL_FA[33].u_fa/c2
    SLICE_X11Y8          LUT5 (Prop_lut5_I2_O)        0.187    25.615 r  GEN_BRAM.u_core/alu/u_mul/u_mul/GEN_ARRAY.u_mul/u_csa_row0/GEN_CSA_FA[1].u_fa/result[4]_INST_0_i_14/O
                         net (fo=3, routed)           0.371    25.986    GEN_BRAM.u_core/alu/u_mul/u_mul/GEN_ARRAY.u_mul/u_csa_row0/GEN_CSA_FA[1].u_fa/u_final_cpa/c_35
    SLICE_X12Y9          LUT6 (Prop_lut6_I4_O)        0.169    26.155 r  GEN_BRAM.u_core/alu/u_mul/u_mul/GEN_ARRAY.u_mul/u_csa_row0/GEN_CSA_FA[1].u_fa/result[6]_INST_0_i_12/O
                         net (fo=3, routed)           0.518    26.673    GEN_BRAM.u_core/alu/u_mul/u_mul/GEN_ARRAY.u_mul/u_csa_row0/GEN_CSA_FA[1].u_fa/u_final_cpa/c_37
    SLICE_X12Y9          LUT6 (Prop_lut6_I4_O)        0.053    26.726 r  GEN_BRAM.u_core/alu/u_mul/u_mul/GEN_ARRAY.u_mul/u_csa_row0/GEN_CSA_FA[1].u_fa/result[8]_INST_0_i_13/O
                         net (fo=3, routed)           0.310    27.036    GEN_BRAM.u_core/alu/u_mul/u_mul/GEN_ARRAY.u_mul/u_csa_row0/GEN_CSA_FA[1].u_fa/u_final_cpa/c_39
    SLICE_X13Y9          LUT6 (Prop_lut6_I4_O)        0.053    27.089 r  GEN_BRAM.u_core/alu/u_mul/u_mul/GEN_ARRAY.u_mul/u_csa_row0/GEN_CSA_FA[1].u_fa/result[10]_INST_0_i_12/O
                         net (fo=3, routed)           0.343    27.432    GEN_BRAM.u_core/alu/u_mul/u_mul/GEN_ARRAY.u_mul/u_csa_row0/GEN_CSA_FA[1].u_fa/u_final_cpa/c_41
    SLICE_X13Y10         LUT6 (Prop_lut6_I4_O)        0.053    27.485 r  GEN_BRAM.u_core/alu/u_mul/u_mul/GEN_ARRAY.u_mul/u_csa_row0/GEN_CSA_FA[1].u_fa/result[12]_INST_0_i_13/O
                         net (fo=3, routed)           0.341    27.826    GEN_BRAM.u_core/alu/u_mul/u_mul/GEN_ARRAY.u_mul/u_csa_row0/GEN_CSA_FA[1].u_fa/u_final_cpa/c_43
    SLICE_X14Y11         LUT6 (Prop_lut6_I4_O)        0.053    27.879 r  GEN_BRAM.u_core/alu/u_mul/u_mul/GEN_ARRAY.u_mul/u_csa_row0/GEN_CSA_FA[1].u_fa/result[14]_INST_0_i_12/O
                         net (fo=3, routed)           0.222    28.101    GEN_BRAM.u_core/alu/u_mul/u_mul/GEN_ARRAY.u_mul/u_csa_row0/GEN_CSA_FA[1].u_fa/u_final_cpa/c_45
    SLICE_X14Y11         LUT6 (Prop_lut6_I4_O)        0.053    28.154 r  GEN_BRAM.u_core/alu/u_mul/u_mul/GEN_ARRAY.u_mul/u_csa_row0/GEN_CSA_FA[1].u_fa/result[16]_INST_0_i_13/O
                         net (fo=3, routed)           0.287    28.441    GEN_BRAM.u_core/alu/u_mul/u_mul/GEN_ARRAY.u_mul/u_csa_row0/GEN_CSA_FA[1].u_fa/u_final_cpa/c_47
    SLICE_X15Y11         LUT6 (Prop_lut6_I4_O)        0.053    28.494 r  GEN_BRAM.u_core/alu/u_mul/u_mul/GEN_ARRAY.u_mul/u_csa_row0/GEN_CSA_FA[1].u_fa/result[18]_INST_0_i_12/O
                         net (fo=3, routed)           0.338    28.832    GEN_BRAM.u_core/alu/u_mul/u_mul/GEN_ARRAY.u_mul/u_csa_row0/GEN_CSA_FA[1].u_fa/u_final_cpa/c_49
    SLICE_X14Y12         LUT6 (Prop_lut6_I4_O)        0.053    28.885 r  GEN_BRAM.u_core/alu/u_mul/u_mul/GEN_ARRAY.u_mul/u_csa_row0/GEN_CSA_FA[1].u_fa/result[20]_INST_0_i_13/O
                         net (fo=3, routed)           0.252    29.138    GEN_BRAM.u_core/alu/u_mul/u_mul/GEN_ARRAY.u_mul/u_csa_row0/GEN_CSA_FA[1].u_fa/u_final_cpa/c_51
    SLICE_X14Y13         LUT6 (Prop_lut6_I4_O)        0.053    29.191 r  GEN_BRAM.u_core/alu/u_mul/u_mul/GEN_ARRAY.u_mul/u_csa_row0/GEN_CSA_FA[1].u_fa/result[22]_INST_0_i_12/O
                         net (fo=3, routed)           0.300    29.491    GEN_BRAM.u_core/alu/u_mul/u_mul/GEN_ARRAY.u_mul/u_csa_row0/GEN_CSA_FA[1].u_fa/u_final_cpa/c_53
    SLICE_X13Y13         LUT6 (Prop_lut6_I4_O)        0.053    29.544 r  GEN_BRAM.u_core/alu/u_mul/u_mul/GEN_ARRAY.u_mul/u_csa_row0/GEN_CSA_FA[1].u_fa/result[24]_INST_0_i_13/O
                         net (fo=3, routed)           0.204    29.748    GEN_BRAM.u_core/alu/u_mul/u_mul/GEN_ARRAY.u_mul/u_csa_row0/GEN_CSA_FA[1].u_fa/u_final_cpa/c_55
    SLICE_X13Y13         LUT6 (Prop_lut6_I4_O)        0.053    29.801 r  GEN_BRAM.u_core/alu/u_mul/u_mul/GEN_ARRAY.u_mul/u_csa_row0/GEN_CSA_FA[1].u_fa/result[26]_INST_0_i_12/O
                         net (fo=3, routed)           0.367    30.169    GEN_BRAM.u_core/alu/u_mul/u_mul/GEN_ARRAY.u_mul/u_csa_row0/GEN_CSA_FA[1].u_fa/u_final_cpa/c_57
    SLICE_X13Y14         LUT6 (Prop_lut6_I4_O)        0.053    30.222 r  GEN_BRAM.u_core/alu/u_mul/u_mul/GEN_ARRAY.u_mul/u_csa_row0/GEN_CSA_FA[1].u_fa/result[28]_INST_0_i_13/O
                         net (fo=3, routed)           0.264    30.486    GEN_BRAM.u_core/alu/u_mul/u_mul/GEN_ARRAY.u_mul/u_csa_row0/GEN_CSA_FA[1].u_fa/u_final_cpa/c_59
    SLICE_X11Y14         LUT5 (Prop_lut5_I4_O)        0.053    30.539 r  GEN_BRAM.u_core/alu/u_mul/u_mul/GEN_ARRAY.u_mul/u_csa_row0/GEN_CSA_FA[1].u_fa/result[27]_INST_0_i_2/O
                         net (fo=2, routed)           0.000    30.539    GEN_BRAM.u_core/alu/u_mul/u_mul/GEN_ARRAY.u_mul/u_csa_row0/GEN_CSA_FA[1].u_fa/p_0_in[59]
    SLICE_X11Y14         CARRY4 (Prop_carry4_S[2]_O[3])
                                                      0.213    30.752 r  GEN_BRAM.u_core/alu/u_mul/u_mul/GEN_ARRAY.u_mul/u_csa_row0/GEN_CSA_FA[1].u_fa/result[28]_INST_0_i_4/O[3]
                         net (fo=1, routed)           0.347    31.099    GEN_BRAM.u_core/alu/u_mul/u_mul/GEN_ARRAY.u_mul/u_csa_row0/GEN_CSA_FA[1].u_fa/signed_product0[60]
    SLICE_X12Y14         LUT6 (Prop_lut6_I5_O)        0.142    31.241 r  GEN_BRAM.u_core/alu/u_mul/u_mul/GEN_ARRAY.u_mul/u_csa_row0/GEN_CSA_FA[1].u_fa/result[28]_INST_0/O
                         net (fo=1, routed)           0.411    31.652    GEN_BRAM.u_core/reg_file/result[24]
    SLICE_X14Y15         LUT6 (Prop_lut6_I2_O)        0.053    31.705 r  GEN_BRAM.u_core/reg_file/debug_alu_out_OBUF[28]_inst_i_4/O
                         net (fo=1, routed)           0.212    31.917    GEN_BRAM.u_core/reg_file/debug_alu_out_OBUF[28]_inst_i_4_n_0
    SLICE_X14Y15         LUT6 (Prop_lut6_I5_O)        0.053    31.970 r  GEN_BRAM.u_core/reg_file/debug_alu_out_OBUF[28]_inst_i_1/O
                         net (fo=3, routed)           0.316    32.286    GEN_BRAM.u_core/wb_mux/debug_alu_out_OBUF[28]
    SLICE_X13Y15         LUT6 (Prop_lut6_I0_O)        0.053    32.339 r  GEN_BRAM.u_core/wb_mux/registers_reg_r1_0_31_24_29_i_18/O
                         net (fo=1, routed)           0.299    32.638    GEN_BRAM.u_core/divider/wb_exec[28]
    SLICE_X13Y16         LUT6 (Prop_lut6_I5_O)        0.053    32.691 r  GEN_BRAM.u_core/divider/registers_reg_r1_0_31_24_29_i_6/O
                         net (fo=2, routed)           0.252    32.943    GEN_BRAM.u_core/reg_file/registers_reg_r2_0_31_24_29/DIC0
    SLICE_X12Y15         RAMD32                                       r  GEN_BRAM.u_core/reg_file/registers_reg_r2_0_31_24_29/RAMC/I
  -------------------------------------------------------------------    -------------------

                         (clock sys_clk rise edge)   30.000    30.000 r  
    AD23                                              0.000    30.000 r  clk (IN)
                         net (fo=0)                   0.000    30.000    clk
    AD23                 IBUF (Prop_ibuf_I_O)         0.796    30.796 r  clk_IBUF_inst/O
                         net (fo=1, routed)           1.741    32.537    clk_IBUF
    BUFGCTRL_X0Y0        BUFG (Prop_bufg_I_O)         0.113    32.650 r  clk_IBUF_BUFG_inst/O
                         net (fo=350, routed)         1.538    34.188    GEN_BRAM.u_core/reg_file/registers_reg_r2_0_31_24_29/WCLK
    SLICE_X12Y15         RAMD32                                       r  GEN_BRAM.u_core/reg_file/registers_reg_r2_0_31_24_29/RAMC/CLK
                         clock pessimism              0.256    34.445    
                         clock uncertainty           -0.035    34.409    
    SLICE_X12Y15         RAMD32 (Setup_ramd32_CLK_I)
                                                     -0.132    34.277    GEN_BRAM.u_core/reg_file/registers_reg_r2_0_31_24_29/RAMC
  -------------------------------------------------------------------
                         required time                         34.277    
                         arrival time                         -32.943    
  -------------------------------------------------------------------
                         slack                                  1.334    

Slack (MET) :             1.354ns  (required time - arrival time)
  Source:                 GEN_BRAM.u_core/ir_reg[20]/C
                            (rising edge-triggered cell FDCE clocked by sys_clk  {rise@0.000ns fall@15.000ns period=30.000ns})
  Destination:            GEN_BRAM.u_core/reg_file/registers_reg_r1_0_31_24_29/RAMB_D1/I
                            (rising edge-triggered cell RAMD32 clocked by sys_clk  {rise@0.000ns fall@15.000ns period=30.000ns})
  Path Group:             sys_clk
  Path Type:              Setup (Max at Slow Process Corner)
  Requirement:            30.000ns  (sys_clk rise@30.000ns - sys_clk rise@0.000ns)
  Data Path Delay:        28.421ns  (logic 3.813ns (13.416%)  route 24.608ns (86.584%))
  Logic Levels:           53  (CARRY4=1 LUT3=11 LUT4=1 LUT5=20 LUT6=19 RAMD32=1)
  Clock Path Skew:        -0.031ns (DCD - SCD + CPR)
    Destination Clock Delay (DCD):    4.187ns = ( 34.187 - 30.000 ) 
    Source Clock Delay      (SCD):    4.475ns
    Clock Pessimism Removal (CPR):    0.256ns
  Clock Uncertainty:      0.035ns  ((TSJ^2 + TIJ^2)^1/2 + DJ) / 2 + PE
    Total System Jitter     (TSJ):    0.071ns
    Total Input Jitter      (TIJ):    0.000ns
    Discrete Jitter          (DJ):    0.000ns
    Phase Error              (PE):    0.000ns

    Location             Delay type                Incr(ns)  Path(ns)    Netlist Resource(s)
  -------------------------------------------------------------------    -------------------
                         (clock sys_clk rise edge)    0.000     0.000 r  
    AD23                                              0.000     0.000 r  clk (IN)
                         net (fo=0)                   0.000     0.000    clk
    AD23                 IBUF (Prop_ibuf_I_O)         0.873     0.873 r  clk_IBUF_inst/O
                         net (fo=1, routed)           1.830     2.703    clk_IBUF
    BUFGCTRL_X0Y0        BUFG (Prop_bufg_I_O)         0.120     2.823 r  clk_IBUF_BUFG_inst/O
                         net (fo=350, routed)         1.652     4.475    GEN_BRAM.u_core/clk_IBUF_BUFG
    SLICE_X8Y12          FDCE                                         r  GEN_BRAM.u_core/ir_reg[20]/C
  -------------------------------------------------------------------    -------------------
    SLICE_X8Y12          FDCE (Prop_fdce_C_Q)         0.308     4.783 r  GEN_BRAM.u_core/ir_reg[20]/Q
                         net (fo=66, routed)          0.961     5.744    GEN_BRAM.u_core/reg_file/registers_reg_r2_0_31_30_31__0/DPRA0
    SLICE_X10Y15         RAMD32 (Prop_ramd32_RADR0_O)
                                                      0.053     5.797 f  GEN_BRAM.u_core/reg_file/registers_reg_r2_0_31_30_31__0/DP/O
                         net (fo=42, routed)          0.763     6.560    GEN_BRAM.u_core/alu_mux_b/dataR20[26]
    SLICE_X9Y18          LUT6 (Prop_lut6_I3_O)        0.053     6.613 r  GEN_BRAM.u_core/alu_mux_b/u_mul_i_1/O
                         net (fo=52, routed)          0.620     7.233    GEN_BRAM.u_core/alu/u_mul/u_mul/GEN_ARRAY.u_mul/u_csa_row0/GEN_CSA_FA[1].u_fa/result[30]_INST_0_i_11_n_0
    SLICE_X10Y11         LUT4 (Prop_lut4_I3_O)        0.056     7.289 r  GEN_BRAM.u_core/alu/u_mul/u_mul/GEN_ARRAY.u_mul/u_csa_row0/GEN_CSA_FA[1].u_fa/result[4]_INST_0_i_7/O
                         net (fo=111, routed)         1.034     8.323    GEN_BRAM.u_core/alu/u_mul/u_mul/GEN_ARRAY.u_mul/u_csa_row0/GEN_CSA_FA[1].u_fa/result[4]_INST_0_i_7_n_0
    SLICE_X6Y14          LUT6 (Prop_lut6_I4_O)        0.168     8.491 r  GEN_BRAM.u_core/alu/u_mul/u_mul/GEN_ARRAY.u_mul/u_csa_row0/GEN_CSA_FA[1].u_fa/result[14]_INST_0_i_130/O
                         net (fo=2, routed)           0.355     8.846    GEN_BRAM.u_core/alu/u_mul/u_mul/GEN_ARRAY.u_mul/u_csa_row0/GEN_CSA_FA[1].u_fa/pp[2]_91[13]
    SLICE_X6Y13          LUT6 (Prop_lut6_I5_O)        0.053     8.899 r  GEN_BRAM.u_core/alu/u_mul/u_mul/GEN_ARRAY.u_mul/u_csa_row0/GEN_CSA_FA[1].u_fa/result[14]_INST_0_i_114/O
                         net (fo=3, routed)           0.768     9.667    GEN_BRAM.u_core/alu/u_mul/u_mul/GEN_ARRAY.u_mul/u_csa_row0/GEN_CSA_FA[1].u_fa/stage_carry[0]_58[14]
    SLICE_X15Y13         LUT3 (Prop_lut3_I0_O)        0.053     9.720 r  GEN_BRAM.u_core/alu/u_mul/u_mul/GEN_ARRAY.u_mul/u_csa_row0/GEN_CSA_FA[1].u_fa/result[16]_INST_0_i_147/O
                         net (fo=2, routed)           0.241     9.961    GEN_BRAM.u_core/alu/u_mul/u_mul/GEN_ARRAY.u_mul/u_csa_row0/GEN_CSA_FA[1].u_fa/stage_carry[1]_43[15]
    SLICE_X17Y13         LUT5 (Prop_lut5_I3_O)        0.053    10.014 r  GEN_BRAM.u_core/alu/u_mul/u_mul/GEN_ARRAY.u_mul/u_csa_row0/GEN_CSA_FA[1].u_fa/result[16]_INST_0_i_125/O
                         net (fo=3, routed)           1.041    11.054    GEN_BRAM.u_core/alu/u_mul/u_mul/GEN_ARRAY.u_mul/u_csa_row0/GEN_CSA_FA[1].u_fa/stage_sum[2]_42[15]
    SLICE_X7Y13          LUT5 (Prop_lut5_I1_O)        0.053    11.107 r  GEN_BRAM.u_core/alu/u_mul/u_mul/GEN_ARRAY.u_mul/u_csa_row0/GEN_CSA_FA[1].u_fa/result[16]_INST_0_i_109/O
                         net (fo=3, routed)           0.720    11.827    GEN_BRAM.u_core/alu/u_mul/u_mul/GEN_ARRAY.u_mul/u_csa_row0/GEN_CSA_FA[1].u_fa/stage_carry[4]_2[16]
    SLICE_X16Y12         LUT3 (Prop_lut3_I0_O)        0.053    11.880 r  GEN_BRAM.u_core/alu/u_mul/u_mul/GEN_ARRAY.u_mul/u_csa_row0/GEN_CSA_FA[1].u_fa/result[18]_INST_0_i_112/O
                         net (fo=2, routed)           0.577    12.457    GEN_BRAM.u_core/alu/u_mul/u_mul/GEN_ARRAY.u_mul/u_csa_row0/GEN_CSA_FA[1].u_fa/stage_carry[5]_45[17]
    SLICE_X16Y10         LUT5 (Prop_lut5_I3_O)        0.053    12.510 r  GEN_BRAM.u_core/alu/u_mul/u_mul/GEN_ARRAY.u_mul/u_csa_row0/GEN_CSA_FA[1].u_fa/result[18]_INST_0_i_94/O
                         net (fo=3, routed)           0.643    13.153    GEN_BRAM.u_core/alu/u_mul/u_mul/GEN_ARRAY.u_mul/u_csa_row0/GEN_CSA_FA[1].u_fa/stage_carry[6]_4[18]
    SLICE_X16Y8          LUT3 (Prop_lut3_I0_O)        0.053    13.206 r  GEN_BRAM.u_core/alu/u_mul/u_mul/GEN_ARRAY.u_mul/u_csa_row0/GEN_CSA_FA[1].u_fa/result[20]_INST_0_i_127/O
                         net (fo=2, routed)           0.310    13.516    GEN_BRAM.u_core/alu/u_mul/u_mul/GEN_ARRAY.u_mul/u_csa_row0/GEN_CSA_FA[1].u_fa/stage_carry[7]_46[19]
    SLICE_X15Y8          LUT5 (Prop_lut5_I3_O)        0.053    13.569 r  GEN_BRAM.u_core/alu/u_mul/u_mul/GEN_ARRAY.u_mul/u_csa_row0/GEN_CSA_FA[1].u_fa/result[20]_INST_0_i_109/O
                         net (fo=3, routed)           0.416    13.985    GEN_BRAM.u_core/alu/u_mul/u_mul/GEN_ARRAY.u_mul/u_csa_row0/GEN_CSA_FA[1].u_fa/stage_carry[8]_6[20]
    SLICE_X15Y5          LUT3 (Prop_lut3_I0_O)        0.053    14.038 r  GEN_BRAM.u_core/alu/u_mul/u_mul/GEN_ARRAY.u_mul/u_csa_row0/GEN_CSA_FA[1].u_fa/result[22]_INST_0_i_107/O
                         net (fo=2, routed)           0.316    14.354    GEN_BRAM.u_core/alu/u_mul/u_mul/GEN_ARRAY.u_mul/u_csa_row0/GEN_CSA_FA[1].u_fa/stage_carry[9]_47[21]
    SLICE_X15Y5          LUT5 (Prop_lut5_I3_O)        0.053    14.407 r  GEN_BRAM.u_core/alu/u_mul/u_mul/GEN_ARRAY.u_mul/u_csa_row0/GEN_CSA_FA[1].u_fa/result[22]_INST_0_i_90/O
                         net (fo=3, routed)           0.526    14.933    GEN_BRAM.u_core/alu/u_mul/u_mul/GEN_ARRAY.u_mul/u_csa_row0/GEN_CSA_FA[1].u_fa/stage_sum[10]_38[21]
    SLICE_X6Y4           LUT3 (Prop_lut3_I1_O)        0.053    14.986 r  GEN_BRAM.u_core/alu/u_mul/u_mul/GEN_ARRAY.u_mul/u_csa_row0/GEN_CSA_FA[1].u_fa/result[22]_INST_0_i_97/O
                         net (fo=2, routed)           0.577    15.563    GEN_BRAM.u_core/alu/u_mul/u_mul/GEN_ARRAY.u_mul/u_csa_row0/GEN_CSA_FA[1].u_fa/stage_carry[11]_48[22]
    SLICE_X7Y4           LUT5 (Prop_lut5_I3_O)        0.053    15.616 r  GEN_BRAM.u_core/alu/u_mul/u_mul/GEN_ARRAY.u_mul/u_csa_row0/GEN_CSA_FA[1].u_fa/result[22]_INST_0_i_75/O
                         net (fo=3, routed)           0.322    15.938    GEN_BRAM.u_core/alu/u_mul/u_mul/GEN_ARRAY.u_mul/u_csa_row0/GEN_CSA_FA[1].u_fa/stage_sum[12]_37[22]
    SLICE_X6Y3           LUT3 (Prop_lut3_I1_O)        0.053    15.991 r  GEN_BRAM.u_core/alu/u_mul/u_mul/GEN_ARRAY.u_mul/u_csa_row0/GEN_CSA_FA[1].u_fa/result[24]_INST_0_i_102/O
                         net (fo=2, routed)           0.458    16.449    GEN_BRAM.u_core/alu/u_mul/u_mul/GEN_ARRAY.u_mul/u_csa_row0/GEN_CSA_FA[1].u_fa/stage_carry[13]_49[23]
    SLICE_X7Y3           LUT5 (Prop_lut5_I3_O)        0.053    16.502 r  GEN_BRAM.u_core/alu/u_mul/u_mul/GEN_ARRAY.u_mul/u_csa_row0/GEN_CSA_FA[1].u_fa/result[24]_INST_0_i_85/O
                         net (fo=3, routed)           0.571    17.073    GEN_BRAM.u_core/alu/u_mul/u_mul/GEN_ARRAY.u_mul/u_csa_row0/GEN_CSA_FA[1].u_fa/stage_sum[14]_36[23]
    SLICE_X5Y4           LUT5 (Prop_lut5_I1_O)        0.053    17.126 r  GEN_BRAM.u_core/alu/u_mul/u_mul/GEN_ARRAY.u_mul/u_csa_row0/GEN_CSA_FA[1].u_fa/result[24]_INST_0_i_65/O
                         net (fo=3, routed)           0.396    17.522    GEN_BRAM.u_core/alu/u_mul/u_mul/GEN_ARRAY.u_mul/u_csa_row0/GEN_CSA_FA[1].u_fa/stage_sum[16]_35[23]
    SLICE_X4Y5           LUT3 (Prop_lut3_I1_O)        0.053    17.575 r  GEN_BRAM.u_core/alu/u_mul/u_mul/GEN_ARRAY.u_mul/u_csa_row0/GEN_CSA_FA[1].u_fa/result[24]_INST_0_i_72/O
                         net (fo=2, routed)           0.466    18.041    GEN_BRAM.u_core/alu/u_mul/u_mul/GEN_ARRAY.u_mul/u_csa_row0/GEN_CSA_FA[1].u_fa/stage_carry[17]_51[24]
    SLICE_X4Y5           LUT5 (Prop_lut5_I3_O)        0.053    18.094 r  GEN_BRAM.u_core/alu/u_mul/u_mul/GEN_ARRAY.u_mul/u_csa_row0/GEN_CSA_FA[1].u_fa/result[26]_INST_0_i_49/O
                         net (fo=3, routed)           0.442    18.536    GEN_BRAM.u_core/alu/u_mul/u_mul/GEN_ARRAY.u_mul/u_csa_row0/GEN_CSA_FA[1].u_fa/stage_carry[18]_16[25]
    SLICE_X4Y3           LUT3 (Prop_lut3_I0_O)        0.053    18.589 r  GEN_BRAM.u_core/alu/u_mul/u_mul/GEN_ARRAY.u_mul/u_csa_row0/GEN_CSA_FA[1].u_fa/result[26]_INST_0_i_57/O
                         net (fo=2, routed)           0.415    19.004    GEN_BRAM.u_core/alu/u_mul/u_mul/GEN_ARRAY.u_mul/u_csa_row0/GEN_CSA_FA[1].u_fa/stage_carry[19]_52[26]
    SLICE_X3Y3           LUT5 (Prop_lut5_I3_O)        0.053    19.057 r  GEN_BRAM.u_core/alu/u_mul/u_mul/GEN_ARRAY.u_mul/u_csa_row0/GEN_CSA_FA[1].u_fa/result[26]_INST_0_i_35/O
                         net (fo=3, routed)           0.764    19.821    GEN_BRAM.u_core/alu/u_mul/u_mul/GEN_ARRAY.u_mul/u_csa_row0/GEN_CSA_FA[1].u_fa/stage_sum[20]_33[26]
    SLICE_X8Y5           LUT5 (Prop_lut5_I1_O)        0.053    19.874 r  GEN_BRAM.u_core/alu/u_mul/u_mul/GEN_ARRAY.u_mul/u_csa_row0/GEN_CSA_FA[1].u_fa/result[28]_INST_0_i_39/O
                         net (fo=3, routed)           0.641    20.515    GEN_BRAM.u_core/alu/u_mul/u_mul/GEN_ARRAY.u_mul/u_csa_row0/GEN_CSA_FA[1].u_fa/stage_carry[22]_20[27]
    SLICE_X2Y4           LUT3 (Prop_lut3_I0_O)        0.053    20.568 r  GEN_BRAM.u_core/alu/u_mul/u_mul/GEN_ARRAY.u_mul/u_csa_row0/GEN_CSA_FA[1].u_fa/result[28]_INST_0_i_47/O
                         net (fo=2, routed)           0.412    20.980    GEN_BRAM.u_core/alu/u_mul/u_mul/GEN_ARRAY.u_mul/u_csa_row0/GEN_CSA_FA[1].u_fa/stage_carry[23]_54[28]
    SLICE_X1Y4           LUT5 (Prop_lut5_I3_O)        0.053    21.033 r  GEN_BRAM.u_core/alu/u_mul/u_mul/GEN_ARRAY.u_mul/u_csa_row0/GEN_CSA_FA[1].u_fa/result[28]_INST_0_i_26/O
                         net (fo=2, routed)           0.771    21.804    GEN_BRAM.u_core/alu/u_mul/u_mul/GEN_ARRAY.u_mul/u_csa_row0/GEN_CSA_FA[1].u_fa/stage_sum[24]_31[28]
    SLICE_X13Y6          LUT3 (Prop_lut3_I1_O)        0.053    21.857 r  GEN_BRAM.u_core/alu/u_mul/u_mul/GEN_ARRAY.u_mul/u_csa_row0/GEN_CSA_FA[1].u_fa/result[30]_INST_0_i_20/O
                         net (fo=2, routed)           0.304    22.162    GEN_BRAM.u_core/alu/u_mul/u_mul/GEN_ARRAY.u_mul/u_csa_row0/GEN_CSA_FA[1].u_fa/stage_carry[25]_55[29]
    SLICE_X13Y6          LUT5 (Prop_lut5_I3_O)        0.053    22.215 r  GEN_BRAM.u_core/alu/u_mul/u_mul/GEN_ARRAY.u_mul/u_csa_row0/GEN_CSA_FA[1].u_fa/result[30]_INST_0_i_14/O
                         net (fo=2, routed)           0.445    22.659    GEN_BRAM.u_core/alu/u_mul/u_mul/GEN_ARRAY.u_mul/u_csa_row0/GEN_CSA_FA[1].u_fa/stage_carry[26]_24[30]
    SLICE_X14Y7          LUT3 (Prop_lut3_I0_O)        0.053    22.712 r  GEN_BRAM.u_core/alu/u_mul/u_mul/GEN_ARRAY.u_mul/u_csa_row0/GEN_CSA_FA[1].u_fa/result[31]_INST_0_i_33/O
                         net (fo=2, routed)           0.467    23.180    GEN_BRAM.u_core/alu/u_mul/u_mul/GEN_ARRAY.u_mul/u_csa_row0/GEN_CSA_FA[1].u_fa/stage_carry[27]_56[31]
    SLICE_X14Y7          LUT5 (Prop_lut5_I3_O)        0.053    23.233 r  GEN_BRAM.u_core/alu/u_mul/u_mul/GEN_ARRAY.u_mul/u_csa_row0/GEN_CSA_FA[1].u_fa/result[31]_INST_0_i_18/O
                         net (fo=2, routed)           0.469    23.702    GEN_BRAM.u_core/alu/u_mul/u_mul/GEN_ARRAY.u_mul/u_csa_row0/GEN_CSA_FA[1].u_fa/stage_sum[28]_29[31]
    SLICE_X15Y7          LUT5 (Prop_lut5_I3_O)        0.053    23.755 r  GEN_BRAM.u_core/alu/u_mul/u_mul/GEN_ARRAY.u_mul/u_csa_row0/GEN_CSA_FA[1].u_fa/result[1]_INST_0_i_5/O
                         net (fo=4, routed)           0.571    24.325    GEN_BRAM.u_core/alu/u_mul/u_mul/GEN_ARRAY.u_mul/u_csa_row0/GEN_CSA_FA[1].u_fa/stage_carry[29]_59[32]
    SLICE_X11Y7          LUT5 (Prop_lut5_I3_O)        0.068    24.393 r  GEN_BRAM.u_core/alu/u_mul/u_mul/GEN_ARRAY.u_mul/u_csa_row0/GEN_CSA_FA[1].u_fa/result[1]_INST_0_i_6/O
                         net (fo=2, routed)           0.407    24.800    GEN_BRAM.u_core/alu/u_mul/u_mul/GEN_ARRAY.u_mul/u_csa_row0/GEN_CSA_FA[1].u_fa/u_final_cpa/GEN_FINAL_FA[32].u_fa/c2
    SLICE_X11Y8          LUT5 (Prop_lut5_I2_O)        0.180    24.980 r  GEN_BRAM.u_core/alu/u_mul/u_mul/GEN_ARRAY.u_mul/u_csa_row0/GEN_CSA_FA[1].u_fa/result[2]_INST_0_i_9/O
                         net (fo=2, routed)           0.448    25.428    GEN_BRAM.u_core/alu/u_mul/u_mul/GEN_ARRAY.u_mul/u_csa_row0/GEN_CSA_FA[1].u_fa/u_final_cpa/GEN_FINAL_FA[33].u_fa/c2
    SLICE_X11Y8          LUT5 (Prop_lut5_I2_O)        0.187    25.615 r  GEN_BRAM.u_core/alu/u_mul/u_mul/GEN_ARRAY.u_mul/u_csa_row0/GEN_CSA_FA[1].u_fa/result[4]_INST_0_i_14/O
                         net (fo=3, routed)           0.371    25.986    GEN_BRAM.u_core/alu/u_mul/u_mul/GEN_ARRAY.u_mul/u_csa_row0/GEN_CSA_FA[1].u_fa/u_final_cpa/c_35
    SLICE_X12Y9          LUT6 (Prop_lut6_I4_O)        0.169    26.155 r  GEN_BRAM.u_core/alu/u_mul/u_mul/GEN_ARRAY.u_mul/u_csa_row0/GEN_CSA_FA[1].u_fa/result[6]_INST_0_i_12/O
                         net (fo=3, routed)           0.518    26.673    GEN_BRAM.u_core/alu/u_mul/u_mul/GEN_ARRAY.u_mul/u_csa_row0/GEN_CSA_FA[1].u_fa/u_final_cpa/c_37
    SLICE_X12Y9          LUT6 (Prop_lut6_I4_O)        0.053    26.726 r  GEN_BRAM.u_core/alu/u_mul/u_mul/GEN_ARRAY.u_mul/u_csa_row0/GEN_CSA_FA[1].u_fa/result[8]_INST_0_i_13/O
                         net (fo=3, routed)           0.310    27.036    GEN_BRAM.u_core/alu/u_mul/u_mul/GEN_ARRAY.u_mul/u_csa_row0/GEN_CSA_FA[1].u_fa/u_final_cpa/c_39
    SLICE_X13Y9          LUT6 (Prop_lut6_I4_O)        0.053    27.089 r  GEN_BRAM.u_core/alu/u_mul/u_mul/GEN_ARRAY.u_mul/u_csa_row0/GEN_CSA_FA[1].u_fa/result[10]_INST_0_i_12/O
                         net (fo=3, routed)           0.343    27.432    GEN_BRAM.u_core/alu/u_mul/u_mul/GEN_ARRAY.u_mul/u_csa_row0/GEN_CSA_FA[1].u_fa/u_final_cpa/c_41
    SLICE_X13Y10         LUT6 (Prop_lut6_I4_O)        0.053    27.485 r  GEN_BRAM.u_core/alu/u_mul/u_mul/GEN_ARRAY.u_mul/u_csa_row0/GEN_CSA_FA[1].u_fa/result[12]_INST_0_i_13/O
                         net (fo=3, routed)           0.341    27.826    GEN_BRAM.u_core/alu/u_mul/u_mul/GEN_ARRAY.u_mul/u_csa_row0/GEN_CSA_FA[1].u_fa/u_final_cpa/c_43
    SLICE_X14Y11         LUT6 (Prop_lut6_I4_O)        0.053    27.879 r  GEN_BRAM.u_core/alu/u_mul/u_mul/GEN_ARRAY.u_mul/u_csa_row0/GEN_CSA_FA[1].u_fa/result[14]_INST_0_i_12/O
                         net (fo=3, routed)           0.222    28.101    GEN_BRAM.u_core/alu/u_mul/u_mul/GEN_ARRAY.u_mul/u_csa_row0/GEN_CSA_FA[1].u_fa/u_final_cpa/c_45
    SLICE_X14Y11         LUT6 (Prop_lut6_I4_O)        0.053    28.154 r  GEN_BRAM.u_core/alu/u_mul/u_mul/GEN_ARRAY.u_mul/u_csa_row0/GEN_CSA_FA[1].u_fa/result[16]_INST_0_i_13/O
                         net (fo=3, routed)           0.287    28.441    GEN_BRAM.u_core/alu/u_mul/u_mul/GEN_ARRAY.u_mul/u_csa_row0/GEN_CSA_FA[1].u_fa/u_final_cpa/c_47
    SLICE_X15Y11         LUT6 (Prop_lut6_I4_O)        0.053    28.494 r  GEN_BRAM.u_core/alu/u_mul/u_mul/GEN_ARRAY.u_mul/u_csa_row0/GEN_CSA_FA[1].u_fa/result[18]_INST_0_i_12/O
                         net (fo=3, routed)           0.338    28.832    GEN_BRAM.u_core/alu/u_mul/u_mul/GEN_ARRAY.u_mul/u_csa_row0/GEN_CSA_FA[1].u_fa/u_final_cpa/c_49
    SLICE_X14Y12         LUT6 (Prop_lut6_I4_O)        0.053    28.885 r  GEN_BRAM.u_core/alu/u_mul/u_mul/GEN_ARRAY.u_mul/u_csa_row0/GEN_CSA_FA[1].u_fa/result[20]_INST_0_i_13/O
                         net (fo=3, routed)           0.252    29.138    GEN_BRAM.u_core/alu/u_mul/u_mul/GEN_ARRAY.u_mul/u_csa_row0/GEN_CSA_FA[1].u_fa/u_final_cpa/c_51
    SLICE_X14Y13         LUT6 (Prop_lut6_I4_O)        0.053    29.191 r  GEN_BRAM.u_core/alu/u_mul/u_mul/GEN_ARRAY.u_mul/u_csa_row0/GEN_CSA_FA[1].u_fa/result[22]_INST_0_i_12/O
                         net (fo=3, routed)           0.300    29.491    GEN_BRAM.u_core/alu/u_mul/u_mul/GEN_ARRAY.u_mul/u_csa_row0/GEN_CSA_FA[1].u_fa/u_final_cpa/c_53
    SLICE_X13Y13         LUT6 (Prop_lut6_I4_O)        0.053    29.544 r  GEN_BRAM.u_core/alu/u_mul/u_mul/GEN_ARRAY.u_mul/u_csa_row0/GEN_CSA_FA[1].u_fa/result[24]_INST_0_i_13/O
                         net (fo=3, routed)           0.204    29.748    GEN_BRAM.u_core/alu/u_mul/u_mul/GEN_ARRAY.u_mul/u_csa_row0/GEN_CSA_FA[1].u_fa/u_final_cpa/c_55
    SLICE_X13Y13         LUT6 (Prop_lut6_I4_O)        0.053    29.801 r  GEN_BRAM.u_core/alu/u_mul/u_mul/GEN_ARRAY.u_mul/u_csa_row0/GEN_CSA_FA[1].u_fa/result[26]_INST_0_i_12/O
                         net (fo=3, routed)           0.367    30.169    GEN_BRAM.u_core/alu/u_mul/u_mul/GEN_ARRAY.u_mul/u_csa_row0/GEN_CSA_FA[1].u_fa/u_final_cpa/c_57
    SLICE_X13Y14         LUT6 (Prop_lut6_I4_O)        0.053    30.222 r  GEN_BRAM.u_core/alu/u_mul/u_mul/GEN_ARRAY.u_mul/u_csa_row0/GEN_CSA_FA[1].u_fa/result[28]_INST_0_i_13/O
                         net (fo=3, routed)           0.264    30.486    GEN_BRAM.u_core/alu/u_mul/u_mul/GEN_ARRAY.u_mul/u_csa_row0/GEN_CSA_FA[1].u_fa/u_final_cpa/c_59
    SLICE_X11Y14         LUT5 (Prop_lut5_I4_O)        0.053    30.539 r  GEN_BRAM.u_core/alu/u_mul/u_mul/GEN_ARRAY.u_mul/u_csa_row0/GEN_CSA_FA[1].u_fa/result[27]_INST_0_i_2/O
                         net (fo=2, routed)           0.000    30.539    GEN_BRAM.u_core/alu/u_mul/u_mul/GEN_ARRAY.u_mul/u_csa_row0/GEN_CSA_FA[1].u_fa/p_0_in[59]
    SLICE_X11Y14         CARRY4 (Prop_carry4_S[2]_O[2])
                                                      0.140    30.679 r  GEN_BRAM.u_core/alu/u_mul/u_mul/GEN_ARRAY.u_mul/u_csa_row0/GEN_CSA_FA[1].u_fa/result[28]_INST_0_i_4/O[2]
                         net (fo=1, routed)           0.400    31.079    GEN_BRAM.u_core/alu/u_mul/u_mul/GEN_ARRAY.u_mul/u_csa_row0/GEN_CSA_FA[1].u_fa/signed_product0[59]
    SLICE_X12Y14         LUT5 (Prop_lut5_I4_O)        0.152    31.231 r  GEN_BRAM.u_core/alu/u_mul/u_mul/GEN_ARRAY.u_mul/u_csa_row0/GEN_CSA_FA[1].u_fa/result[27]_INST_0/O
                         net (fo=1, routed)           0.237    31.468    GEN_BRAM.u_core/reg_file/result[23]
    SLICE_X13Y14         LUT6 (Prop_lut6_I2_O)        0.053    31.521 r  GEN_BRAM.u_core/reg_file/debug_alu_out_OBUF[27]_inst_i_4/O
                         net (fo=1, routed)           0.314    31.835    GEN_BRAM.u_core/reg_file/debug_alu_out_OBUF[27]_inst_i_4_n_0
    SLICE_X14Y15         LUT6 (Prop_lut6_I5_O)        0.053    31.888 r  GEN_BRAM.u_core/reg_file/debug_alu_out_OBUF[27]_inst_i_1/O
                         net (fo=3, routed)           0.258    32.146    GEN_BRAM.u_core/wb_mux/debug_alu_out_OBUF[27]
    SLICE_X14Y16         LUT6 (Prop_lut6_I0_O)        0.053    32.199 r  GEN_BRAM.u_core/wb_mux/registers_reg_r1_0_31_24_29_i_12/O
                         net (fo=1, routed)           0.386    32.585    GEN_BRAM.u_core/divider/wb_exec[27]
    SLICE_X14Y16         LUT6 (Prop_lut6_I5_O)        0.053    32.638 r  GEN_BRAM.u_core/divider/registers_reg_r1_0_31_24_29_i_3/O
                         net (fo=2, routed)           0.257    32.895    GEN_BRAM.u_core/reg_file/registers_reg_r1_0_31_24_29/DIB1
    SLICE_X12Y16         RAMD32                                       r  GEN_BRAM.u_core/reg_file/registers_reg_r1_0_31_24_29/RAMB_D1/I
  -------------------------------------------------------------------    -------------------

                         (clock sys_clk rise edge)   30.000    30.000 r  
    AD23                                              0.000    30.000 r  clk (IN)
                         net (fo=0)                   0.000    30.000    clk
    AD23                 IBUF (Prop_ibuf_I_O)         0.796    30.796 r  clk_IBUF_inst/O
                         net (fo=1, routed)           1.741    32.537    clk_IBUF
    BUFGCTRL_X0Y0        BUFG (Prop_bufg_I_O)         0.113    32.650 r  clk_IBUF_BUFG_inst/O
                         net (fo=350, routed)         1.537    34.187    GEN_BRAM.u_core/reg_file/registers_reg_r1_0_31_24_29/WCLK
    SLICE_X12Y16         RAMD32                                       r  GEN_BRAM.u_core/reg_file/registers_reg_r1_0_31_24_29/RAMB_D1/CLK
                         clock pessimism              0.256    34.444    
                         clock uncertainty           -0.035    34.408    
    SLICE_X12Y16         RAMD32 (Setup_ramd32_CLK_I)
                                                     -0.159    34.249    GEN_BRAM.u_core/reg_file/registers_reg_r1_0_31_24_29/RAMB_D1
  -------------------------------------------------------------------
                         required time                         34.249    
                         arrival time                         -32.895    
  -------------------------------------------------------------------
                         slack                                  1.354    

Slack (MET) :             1.389ns  (required time - arrival time)
  Source:                 GEN_BRAM.u_core/ir_reg[20]/C
                            (rising edge-triggered cell FDCE clocked by sys_clk  {rise@0.000ns fall@15.000ns period=30.000ns})
  Destination:            GEN_BRAM.u_core/pc_reg[31]/D
                            (rising edge-triggered cell FDCE clocked by sys_clk  {rise@0.000ns fall@15.000ns period=30.000ns})
  Path Group:             sys_clk
  Path Type:              Setup (Max at Slow Process Corner)
  Requirement:            30.000ns  (sys_clk rise@30.000ns - sys_clk rise@0.000ns)
  Data Path Delay:        28.577ns  (logic 3.866ns (13.528%)  route 24.711ns (86.472%))
  Logic Levels:           54  (CARRY4=1 LUT2=1 LUT3=11 LUT4=1 LUT5=18 LUT6=21 RAMD32=1)
  Clock Path Skew:        -0.033ns (DCD - SCD + CPR)
    Destination Clock Delay (DCD):    4.185ns = ( 34.185 - 30.000 ) 
    Source Clock Delay      (SCD):    4.475ns
    Clock Pessimism Removal (CPR):    0.256ns
  Clock Uncertainty:      0.035ns  ((TSJ^2 + TIJ^2)^1/2 + DJ) / 2 + PE
    Total System Jitter     (TSJ):    0.071ns
    Total Input Jitter      (TIJ):    0.000ns
    Discrete Jitter          (DJ):    0.000ns
    Phase Error              (PE):    0.000ns

    Location             Delay type                Incr(ns)  Path(ns)    Netlist Resource(s)
  -------------------------------------------------------------------    -------------------
                         (clock sys_clk rise edge)    0.000     0.000 r  
    AD23                                              0.000     0.000 r  clk (IN)
                         net (fo=0)                   0.000     0.000    clk
    AD23                 IBUF (Prop_ibuf_I_O)         0.873     0.873 r  clk_IBUF_inst/O
                         net (fo=1, routed)           1.830     2.703    clk_IBUF
    BUFGCTRL_X0Y0        BUFG (Prop_bufg_I_O)         0.120     2.823 r  clk_IBUF_BUFG_inst/O
                         net (fo=350, routed)         1.652     4.475    GEN_BRAM.u_core/clk_IBUF_BUFG
    SLICE_X8Y12          FDCE                                         r  GEN_BRAM.u_core/ir_reg[20]/C
  -------------------------------------------------------------------    -------------------
    SLICE_X8Y12          FDCE (Prop_fdce_C_Q)         0.308     4.783 r  GEN_BRAM.u_core/ir_reg[20]/Q
                         net (fo=66, routed)          0.961     5.744    GEN_BRAM.u_core/reg_file/registers_reg_r2_0_31_30_31__0/DPRA0
    SLICE_X10Y15         RAMD32 (Prop_ramd32_RADR0_O)
                                                      0.053     5.797 f  GEN_BRAM.u_core/reg_file/registers_reg_r2_0_31_30_31__0/DP/O
                         net (fo=42, routed)          0.763     6.560    GEN_BRAM.u_core/alu_mux_b/dataR20[26]
    SLICE_X9Y18          LUT6 (Prop_lut6_I3_O)        0.053     6.613 r  GEN_BRAM.u_core/alu_mux_b/u_mul_i_1/O
                         net (fo=52, routed)          0.620     7.233    GEN_BRAM.u_core/alu/u_mul/u_mul/GEN_ARRAY.u_mul/u_csa_row0/GEN_CSA_FA[1].u_fa/result[30]_INST_0_i_11_n_0
    SLICE_X10Y11         LUT4 (Prop_lut4_I3_O)        0.056     7.289 r  GEN_BRAM.u_core/alu/u_mul/u_mul/GEN_ARRAY.u_mul/u_csa_row0/GEN_CSA_FA[1].u_fa/result[4]_INST_0_i_7/O
                         net (fo=111, routed)         1.034     8.323    GEN_BRAM.u_core/alu/u_mul/u_mul/GEN_ARRAY.u_mul/u_csa_row0/GEN_CSA_FA[1].u_fa/result[4]_INST_0_i_7_n_0
    SLICE_X6Y14          LUT6 (Prop_lut6_I4_O)        0.168     8.491 r  GEN_BRAM.u_core/alu/u_mul/u_mul/GEN_ARRAY.u_mul/u_csa_row0/GEN_CSA_FA[1].u_fa/result[14]_INST_0_i_130/O
                         net (fo=2, routed)           0.355     8.846    GEN_BRAM.u_core/alu/u_mul/u_mul/GEN_ARRAY.u_mul/u_csa_row0/GEN_CSA_FA[1].u_fa/pp[2]_91[13]
    SLICE_X6Y13          LUT6 (Prop_lut6_I5_O)        0.053     8.899 r  GEN_BRAM.u_core/alu/u_mul/u_mul/GEN_ARRAY.u_mul/u_csa_row0/GEN_CSA_FA[1].u_fa/result[14]_INST_0_i_114/O
                         net (fo=3, routed)           0.768     9.667    GEN_BRAM.u_core/alu/u_mul/u_mul/GEN_ARRAY.u_mul/u_csa_row0/GEN_CSA_FA[1].u_fa/stage_carry[0]_58[14]
    SLICE_X15Y13         LUT3 (Prop_lut3_I0_O)        0.053     9.720 r  GEN_BRAM.u_core/alu/u_mul/u_mul/GEN_ARRAY.u_mul/u_csa_row0/GEN_CSA_FA[1].u_fa/result[16]_INST_0_i_147/O
                         net (fo=2, routed)           0.241     9.961    GEN_BRAM.u_core/alu/u_mul/u_mul/GEN_ARRAY.u_mul/u_csa_row0/GEN_CSA_FA[1].u_fa/stage_carry[1]_43[15]
    SLICE_X17Y13         LUT5 (Prop_lut5_I3_O)        0.053    10.014 r  GEN_BRAM.u_core/alu/u_mul/u_mul/GEN_ARRAY.u_mul/u_csa_row0/GEN_CSA_FA[1].u_fa/result[16]_INST_0_i_125/O
                         net (fo=3, routed)           1.041    11.054    GEN_BRAM.u_core/alu/u_mul/u_mul/GEN_ARRAY.u_mul/u_csa_row0/GEN_CSA_FA[1].u_fa/stage_sum[2]_42[15]
    SLICE_X7Y13          LUT5 (Prop_lut5_I1_O)        0.053    11.107 r  GEN_BRAM.u_core/alu/u_mul/u_mul/GEN_ARRAY.u_mul/u_csa_row0/GEN_CSA_FA[1].u_fa/result[16]_INST_0_i_109/O
                         net (fo=3, routed)           0.720    11.827    GEN_BRAM.u_core/alu/u_mul/u_mul/GEN_ARRAY.u_mul/u_csa_row0/GEN_CSA_FA[1].u_fa/stage_carry[4]_2[16]
    SLICE_X16Y12         LUT3 (Prop_lut3_I0_O)        0.053    11.880 r  GEN_BRAM.u_core/alu/u_mul/u_mul/GEN_ARRAY.u_mul/u_csa_row0/GEN_CSA_FA[1].u_fa/result[18]_INST_0_i_112/O
                         net (fo=2, routed)           0.577    12.457    GEN_BRAM.u_core/alu/u_mul/u_mul/GEN_ARRAY.u_mul/u_csa_row0/GEN_CSA_FA[1].u_fa/stage_carry[5]_45[17]
    SLICE_X16Y10         LUT5 (Prop_lut5_I3_O)        0.053    12.510 r  GEN_BRAM.u_core/alu/u_mul/u_mul/GEN_ARRAY.u_mul/u_csa_row0/GEN_CSA_FA[1].u_fa/result[18]_INST_0_i_94/O
                         net (fo=3, routed)           0.643    13.153    GEN_BRAM.u_core/alu/u_mul/u_mul/GEN_ARRAY.u_mul/u_csa_row0/GEN_CSA_FA[1].u_fa/stage_carry[6]_4[18]
    SLICE_X16Y8          LUT3 (Prop_lut3_I0_O)        0.053    13.206 r  GEN_BRAM.u_core/alu/u_mul/u_mul/GEN_ARRAY.u_mul/u_csa_row0/GEN_CSA_FA[1].u_fa/result[20]_INST_0_i_127/O
                         net (fo=2, routed)           0.310    13.516    GEN_BRAM.u_core/alu/u_mul/u_mul/GEN_ARRAY.u_mul/u_csa_row0/GEN_CSA_FA[1].u_fa/stage_carry[7]_46[19]
    SLICE_X15Y8          LUT5 (Prop_lut5_I3_O)        0.053    13.569 r  GEN_BRAM.u_core/alu/u_mul/u_mul/GEN_ARRAY.u_mul/u_csa_row0/GEN_CSA_FA[1].u_fa/result[20]_INST_0_i_109/O
                         net (fo=3, routed)           0.416    13.985    GEN_BRAM.u_core/alu/u_mul/u_mul/GEN_ARRAY.u_mul/u_csa_row0/GEN_CSA_FA[1].u_fa/stage_carry[8]_6[20]
    SLICE_X15Y5          LUT3 (Prop_lut3_I0_O)        0.053    14.038 r  GEN_BRAM.u_core/alu/u_mul/u_mul/GEN_ARRAY.u_mul/u_csa_row0/GEN_CSA_FA[1].u_fa/result[22]_INST_0_i_107/O
                         net (fo=2, routed)           0.316    14.354    GEN_BRAM.u_core/alu/u_mul/u_mul/GEN_ARRAY.u_mul/u_csa_row0/GEN_CSA_FA[1].u_fa/stage_carry[9]_47[21]
    SLICE_X15Y5          LUT5 (Prop_lut5_I3_O)        0.053    14.407 r  GEN_BRAM.u_core/alu/u_mul/u_mul/GEN_ARRAY.u_mul/u_csa_row0/GEN_CSA_FA[1].u_fa/result[22]_INST_0_i_90/O
                         net (fo=3, routed)           0.526    14.933    GEN_BRAM.u_core/alu/u_mul/u_mul/GEN_ARRAY.u_mul/u_csa_row0/GEN_CSA_FA[1].u_fa/stage_sum[10]_38[21]
    SLICE_X6Y4           LUT3 (Prop_lut3_I1_O)        0.053    14.986 r  GEN_BRAM.u_core/alu/u_mul/u_mul/GEN_ARRAY.u_mul/u_csa_row0/GEN_CSA_FA[1].u_fa/result[22]_INST_0_i_97/O
                         net (fo=2, routed)           0.577    15.563    GEN_BRAM.u_core/alu/u_mul/u_mul/GEN_ARRAY.u_mul/u_csa_row0/GEN_CSA_FA[1].u_fa/stage_carry[11]_48[22]
    SLICE_X7Y4           LUT5 (Prop_lut5_I3_O)        0.053    15.616 r  GEN_BRAM.u_core/alu/u_mul/u_mul/GEN_ARRAY.u_mul/u_csa_row0/GEN_CSA_FA[1].u_fa/result[22]_INST_0_i_75/O
                         net (fo=3, routed)           0.322    15.938    GEN_BRAM.u_core/alu/u_mul/u_mul/GEN_ARRAY.u_mul/u_csa_row0/GEN_CSA_FA[1].u_fa/stage_sum[12]_37[22]
    SLICE_X6Y3           LUT3 (Prop_lut3_I1_O)        0.053    15.991 r  GEN_BRAM.u_core/alu/u_mul/u_mul/GEN_ARRAY.u_mul/u_csa_row0/GEN_CSA_FA[1].u_fa/result[24]_INST_0_i_102/O
                         net (fo=2, routed)           0.458    16.449    GEN_BRAM.u_core/alu/u_mul/u_mul/GEN_ARRAY.u_mul/u_csa_row0/GEN_CSA_FA[1].u_fa/stage_carry[13]_49[23]
    SLICE_X7Y3           LUT5 (Prop_lut5_I3_O)        0.053    16.502 r  GEN_BRAM.u_core/alu/u_mul/u_mul/GEN_ARRAY.u_mul/u_csa_row0/GEN_CSA_FA[1].u_fa/result[24]_INST_0_i_85/O
                         net (fo=3, routed)           0.571    17.073    GEN_BRAM.u_core/alu/u_mul/u_mul/GEN_ARRAY.u_mul/u_csa_row0/GEN_CSA_FA[1].u_fa/stage_sum[14]_36[23]
    SLICE_X5Y4           LUT5 (Prop_lut5_I1_O)        0.053    17.126 r  GEN_BRAM.u_core/alu/u_mul/u_mul/GEN_ARRAY.u_mul/u_csa_row0/GEN_CSA_FA[1].u_fa/result[24]_INST_0_i_65/O
                         net (fo=3, routed)           0.396    17.522    GEN_BRAM.u_core/alu/u_mul/u_mul/GEN_ARRAY.u_mul/u_csa_row0/GEN_CSA_FA[1].u_fa/stage_sum[16]_35[23]
    SLICE_X4Y5           LUT3 (Prop_lut3_I1_O)        0.053    17.575 r  GEN_BRAM.u_core/alu/u_mul/u_mul/GEN_ARRAY.u_mul/u_csa_row0/GEN_CSA_FA[1].u_fa/result[24]_INST_0_i_72/O
                         net (fo=2, routed)           0.466    18.041    GEN_BRAM.u_core/alu/u_mul/u_mul/GEN_ARRAY.u_mul/u_csa_row0/GEN_CSA_FA[1].u_fa/stage_carry[17]_51[24]
    SLICE_X4Y5           LUT5 (Prop_lut5_I3_O)        0.053    18.094 r  GEN_BRAM.u_core/alu/u_mul/u_mul/GEN_ARRAY.u_mul/u_csa_row0/GEN_CSA_FA[1].u_fa/result[26]_INST_0_i_49/O
                         net (fo=3, routed)           0.442    18.536    GEN_BRAM.u_core/alu/u_mul/u_mul/GEN_ARRAY.u_mul/u_csa_row0/GEN_CSA_FA[1].u_fa/stage_carry[18]_16[25]
    SLICE_X4Y3           LUT3 (Prop_lut3_I0_O)        0.053    18.589 r  GEN_BRAM.u_core/alu/u_mul/u_mul/GEN_ARRAY.u_mul/u_csa_row0/GEN_CSA_FA[1].u_fa/result[26]_INST_0_i_57/O
                         net (fo=2, routed)           0.415    19.004    GEN_BRAM.u_core/alu/u_mul/u_mul/GEN_ARRAY.u_mul/u_csa_row0/GEN_CSA_FA[1].u_fa/stage_carry[19]_52[26]
    SLICE_X3Y3           LUT5 (Prop_lut5_I3_O)        0.053    19.057 r  GEN_BRAM.u_core/alu/u_mul/u_mul/GEN_ARRAY.u_mul/u_csa_row0/GEN_CSA_FA[1].u_fa/result[26]_INST_0_i_35/O
                         net (fo=3, routed)           0.764    19.821    GEN_BRAM.u_core/alu/u_mul/u_mul/GEN_ARRAY.u_mul/u_csa_row0/GEN_CSA_FA[1].u_fa/stage_sum[20]_33[26]
    SLICE_X8Y5           LUT5 (Prop_lut5_I1_O)        0.053    19.874 r  GEN_BRAM.u_core/alu/u_mul/u_mul/GEN_ARRAY.u_mul/u_csa_row0/GEN_CSA_FA[1].u_fa/result[28]_INST_0_i_39/O
                         net (fo=3, routed)           0.641    20.515    GEN_BRAM.u_core/alu/u_mul/u_mul/GEN_ARRAY.u_mul/u_csa_row0/GEN_CSA_FA[1].u_fa/stage_carry[22]_20[27]
    SLICE_X2Y4           LUT3 (Prop_lut3_I0_O)        0.053    20.568 r  GEN_BRAM.u_core/alu/u_mul/u_mul/GEN_ARRAY.u_mul/u_csa_row0/GEN_CSA_FA[1].u_fa/result[28]_INST_0_i_47/O
                         net (fo=2, routed)           0.412    20.980    GEN_BRAM.u_core/alu/u_mul/u_mul/GEN_ARRAY.u_mul/u_csa_row0/GEN_CSA_FA[1].u_fa/stage_carry[23]_54[28]
    SLICE_X1Y4           LUT5 (Prop_lut5_I3_O)        0.053    21.033 r  GEN_BRAM.u_core/alu/u_mul/u_mul/GEN_ARRAY.u_mul/u_csa_row0/GEN_CSA_FA[1].u_fa/result[28]_INST_0_i_26/O
                         net (fo=2, routed)           0.771    21.804    GEN_BRAM.u_core/alu/u_mul/u_mul/GEN_ARRAY.u_mul/u_csa_row0/GEN_CSA_FA[1].u_fa/stage_sum[24]_31[28]
    SLICE_X13Y6          LUT3 (Prop_lut3_I1_O)        0.053    21.857 r  GEN_BRAM.u_core/alu/u_mul/u_mul/GEN_ARRAY.u_mul/u_csa_row0/GEN_CSA_FA[1].u_fa/result[30]_INST_0_i_20/O
                         net (fo=2, routed)           0.304    22.162    GEN_BRAM.u_core/alu/u_mul/u_mul/GEN_ARRAY.u_mul/u_csa_row0/GEN_CSA_FA[1].u_fa/stage_carry[25]_55[29]
    SLICE_X13Y6          LUT5 (Prop_lut5_I3_O)        0.053    22.215 r  GEN_BRAM.u_core/alu/u_mul/u_mul/GEN_ARRAY.u_mul/u_csa_row0/GEN_CSA_FA[1].u_fa/result[30]_INST_0_i_14/O
                         net (fo=2, routed)           0.445    22.659    GEN_BRAM.u_core/alu/u_mul/u_mul/GEN_ARRAY.u_mul/u_csa_row0/GEN_CSA_FA[1].u_fa/stage_carry[26]_24[30]
    SLICE_X14Y7          LUT3 (Prop_lut3_I0_O)        0.053    22.712 r  GEN_BRAM.u_core/alu/u_mul/u_mul/GEN_ARRAY.u_mul/u_csa_row0/GEN_CSA_FA[1].u_fa/result[31]_INST_0_i_33/O
                         net (fo=2, routed)           0.467    23.180    GEN_BRAM.u_core/alu/u_mul/u_mul/GEN_ARRAY.u_mul/u_csa_row0/GEN_CSA_FA[1].u_fa/stage_carry[27]_56[31]
    SLICE_X14Y7          LUT5 (Prop_lut5_I3_O)        0.053    23.233 r  GEN_BRAM.u_core/alu/u_mul/u_mul/GEN_ARRAY.u_mul/u_csa_row0/GEN_CSA_FA[1].u_fa/result[31]_INST_0_i_18/O
                         net (fo=2, routed)           0.469    23.702    GEN_BRAM.u_core/alu/u_mul/u_mul/GEN_ARRAY.u_mul/u_csa_row0/GEN_CSA_FA[1].u_fa/stage_sum[28]_29[31]
    SLICE_X15Y7          LUT5 (Prop_lut5_I3_O)        0.053    23.755 r  GEN_BRAM.u_core/alu/u_mul/u_mul/GEN_ARRAY.u_mul/u_csa_row0/GEN_CSA_FA[1].u_fa/result[1]_INST_0_i_5/O
                         net (fo=4, routed)           0.571    24.325    GEN_BRAM.u_core/alu/u_mul/u_mul/GEN_ARRAY.u_mul/u_csa_row0/GEN_CSA_FA[1].u_fa/stage_carry[29]_59[32]
    SLICE_X11Y7          LUT5 (Prop_lut5_I3_O)        0.068    24.393 f  GEN_BRAM.u_core/alu/u_mul/u_mul/GEN_ARRAY.u_mul/u_csa_row0/GEN_CSA_FA[1].u_fa/result[1]_INST_0_i_6/O
                         net (fo=2, routed)           0.407    24.800    GEN_BRAM.u_core/alu/u_mul/u_mul/GEN_ARRAY.u_mul/u_csa_row0/GEN_CSA_FA[1].u_fa/u_final_cpa/GEN_FINAL_FA[32].u_fa/c2
    SLICE_X11Y8          LUT5 (Prop_lut5_I2_O)        0.180    24.980 f  GEN_BRAM.u_core/alu/u_mul/u_mul/GEN_ARRAY.u_mul/u_csa_row0/GEN_CSA_FA[1].u_fa/result[2]_INST_0_i_9/O
                         net (fo=2, routed)           0.448    25.428    GEN_BRAM.u_core/alu/u_mul/u_mul/GEN_ARRAY.u_mul/u_csa_row0/GEN_CSA_FA[1].u_fa/u_final_cpa/GEN_FINAL_FA[33].u_fa/c2
    SLICE_X11Y8          LUT5 (Prop_lut5_I2_O)        0.187    25.615 f  GEN_BRAM.u_core/alu/u_mul/u_mul/GEN_ARRAY.u_mul/u_csa_row0/GEN_CSA_FA[1].u_fa/result[4]_INST_0_i_14/O
                         net (fo=3, routed)           0.371    25.986    GEN_BRAM.u_core/alu/u_mul/u_mul/GEN_ARRAY.u_mul/u_csa_row0/GEN_CSA_FA[1].u_fa/u_final_cpa/c_35
    SLICE_X12Y9          LUT6 (Prop_lut6_I4_O)        0.169    26.155 f  GEN_BRAM.u_core/alu/u_mul/u_mul/GEN_ARRAY.u_mul/u_csa_row0/GEN_CSA_FA[1].u_fa/result[6]_INST_0_i_12/O
                         net (fo=3, routed)           0.518    26.673    GEN_BRAM.u_core/alu/u_mul/u_mul/GEN_ARRAY.u_mul/u_csa_row0/GEN_CSA_FA[1].u_fa/u_final_cpa/c_37
    SLICE_X12Y9          LUT6 (Prop_lut6_I4_O)        0.053    26.726 f  GEN_BRAM.u_core/alu/u_mul/u_mul/GEN_ARRAY.u_mul/u_csa_row0/GEN_CSA_FA[1].u_fa/result[8]_INST_0_i_13/O
                         net (fo=3, routed)           0.310    27.036    GEN_BRAM.u_core/alu/u_mul/u_mul/GEN_ARRAY.u_mul/u_csa_row0/GEN_CSA_FA[1].u_fa/u_final_cpa/c_39
    SLICE_X13Y9          LUT6 (Prop_lut6_I4_O)        0.053    27.089 f  GEN_BRAM.u_core/alu/u_mul/u_mul/GEN_ARRAY.u_mul/u_csa_row0/GEN_CSA_FA[1].u_fa/result[10]_INST_0_i_12/O
                         net (fo=3, routed)           0.343    27.432    GEN_BRAM.u_core/alu/u_mul/u_mul/GEN_ARRAY.u_mul/u_csa_row0/GEN_CSA_FA[1].u_fa/u_final_cpa/c_41
    SLICE_X13Y10         LUT6 (Prop_lut6_I4_O)        0.053    27.485 f  GEN_BRAM.u_core/alu/u_mul/u_mul/GEN_ARRAY.u_mul/u_csa_row0/GEN_CSA_FA[1].u_fa/result[12]_INST_0_i_13/O
                         net (fo=3, routed)           0.341    27.826    GEN_BRAM.u_core/alu/u_mul/u_mul/GEN_ARRAY.u_mul/u_csa_row0/GEN_CSA_FA[1].u_fa/u_final_cpa/c_43
    SLICE_X14Y11         LUT6 (Prop_lut6_I4_O)        0.053    27.879 f  GEN_BRAM.u_core/alu/u_mul/u_mul/GEN_ARRAY.u_mul/u_csa_row0/GEN_CSA_FA[1].u_fa/result[14]_INST_0_i_12/O
                         net (fo=3, routed)           0.222    28.101    GEN_BRAM.u_core/alu/u_mul/u_mul/GEN_ARRAY.u_mul/u_csa_row0/GEN_CSA_FA[1].u_fa/u_final_cpa/c_45
    SLICE_X14Y11         LUT6 (Prop_lut6_I4_O)        0.053    28.154 f  GEN_BRAM.u_core/alu/u_mul/u_mul/GEN_ARRAY.u_mul/u_csa_row0/GEN_CSA_FA[1].u_fa/result[16]_INST_0_i_13/O
                         net (fo=3, routed)           0.287    28.441    GEN_BRAM.u_core/alu/u_mul/u_mul/GEN_ARRAY.u_mul/u_csa_row0/GEN_CSA_FA[1].u_fa/u_final_cpa/c_47
    SLICE_X15Y11         LUT6 (Prop_lut6_I4_O)        0.053    28.494 f  GEN_BRAM.u_core/alu/u_mul/u_mul/GEN_ARRAY.u_mul/u_csa_row0/GEN_CSA_FA[1].u_fa/result[18]_INST_0_i_12/O
                         net (fo=3, routed)           0.338    28.832    GEN_BRAM.u_core/alu/u_mul/u_mul/GEN_ARRAY.u_mul/u_csa_row0/GEN_CSA_FA[1].u_fa/u_final_cpa/c_49
    SLICE_X14Y12         LUT6 (Prop_lut6_I4_O)        0.053    28.885 f  GEN_BRAM.u_core/alu/u_mul/u_mul/GEN_ARRAY.u_mul/u_csa_row0/GEN_CSA_FA[1].u_fa/result[20]_INST_0_i_13/O
                         net (fo=3, routed)           0.252    29.138    GEN_BRAM.u_core/alu/u_mul/u_mul/GEN_ARRAY.u_mul/u_csa_row0/GEN_CSA_FA[1].u_fa/u_final_cpa/c_51
    SLICE_X14Y13         LUT6 (Prop_lut6_I4_O)        0.053    29.191 f  GEN_BRAM.u_core/alu/u_mul/u_mul/GEN_ARRAY.u_mul/u_csa_row0/GEN_CSA_FA[1].u_fa/result[22]_INST_0_i_12/O
                         net (fo=3, routed)           0.300    29.491    GEN_BRAM.u_core/alu/u_mul/u_mul/GEN_ARRAY.u_mul/u_csa_row0/GEN_CSA_FA[1].u_fa/u_final_cpa/c_53
    SLICE_X13Y13         LUT6 (Prop_lut6_I4_O)        0.053    29.544 f  GEN_BRAM.u_core/alu/u_mul/u_mul/GEN_ARRAY.u_mul/u_csa_row0/GEN_CSA_FA[1].u_fa/result[24]_INST_0_i_13/O
                         net (fo=3, routed)           0.204    29.748    GEN_BRAM.u_core/alu/u_mul/u_mul/GEN_ARRAY.u_mul/u_csa_row0/GEN_CSA_FA[1].u_fa/u_final_cpa/c_55
    SLICE_X13Y13         LUT6 (Prop_lut6_I4_O)        0.053    29.801 f  GEN_BRAM.u_core/alu/u_mul/u_mul/GEN_ARRAY.u_mul/u_csa_row0/GEN_CSA_FA[1].u_fa/result[26]_INST_0_i_12/O
                         net (fo=3, routed)           0.367    30.169    GEN_BRAM.u_core/alu/u_mul/u_mul/GEN_ARRAY.u_mul/u_csa_row0/GEN_CSA_FA[1].u_fa/u_final_cpa/c_57
    SLICE_X13Y14         LUT6 (Prop_lut6_I4_O)        0.053    30.222 f  GEN_BRAM.u_core/alu/u_mul/u_mul/GEN_ARRAY.u_mul/u_csa_row0/GEN_CSA_FA[1].u_fa/result[28]_INST_0_i_13/O
                         net (fo=3, routed)           0.241    30.462    GEN_BRAM.u_core/alu/u_mul/u_mul/GEN_ARRAY.u_mul/u_csa_row0/GEN_CSA_FA[1].u_fa/u_final_cpa/c_59
    SLICE_X13Y14         LUT6 (Prop_lut6_I4_O)        0.053    30.515 f  GEN_BRAM.u_core/alu/u_mul/u_mul/GEN_ARRAY.u_mul/u_csa_row0/GEN_CSA_FA[1].u_fa/result[31]_INST_0_i_13/O
                         net (fo=3, routed)           0.340    30.855    GEN_BRAM.u_core/alu/u_mul/u_mul/GEN_ARRAY.u_mul/u_csa_row0/GEN_CSA_FA[1].u_fa/u_final_cpa/c_61
    SLICE_X13Y15         LUT6 (Prop_lut6_I4_O)        0.053    30.908 f  GEN_BRAM.u_core/alu/u_mul/u_mul/GEN_ARRAY.u_mul/u_csa_row0/GEN_CSA_FA[1].u_fa/result[31]_INST_0_i_4/O
                         net (fo=2, routed)           0.421    31.329    GEN_BRAM.u_core/alu/u_mul/u_mul/GEN_ARRAY.u_mul/u_csa_row0/GEN_CSA_FA[1].u_fa/u_final_cpa/GEN_FINAL_FA[62].u_fa/c2
    SLICE_X11Y15         LUT2 (Prop_lut2_I0_O)        0.053    31.382 r  GEN_BRAM.u_core/alu/u_mul/u_mul/GEN_ARRAY.u_mul/u_csa_row0/GEN_CSA_FA[1].u_fa/result[31]_INST_0_i_14/O
                         net (fo=1, routed)           0.000    31.382    GEN_BRAM.u_core/alu/u_mul/u_mul/GEN_ARRAY.u_mul/u_csa_row0/GEN_CSA_FA[1].u_fa/p_0_in[63]
    SLICE_X11Y15         CARRY4 (Prop_carry4_S[2]_O[2])
                                                      0.140    31.522 r  GEN_BRAM.u_core/alu/u_mul/u_mul/GEN_ARRAY.u_mul/u_csa_row0/GEN_CSA_FA[1].u_fa/result[31]_INST_0_i_6/O[2]
                         net (fo=1, routed)           0.296    31.818    GEN_BRAM.u_core/alu/u_mul/u_mul/GEN_ARRAY.u_mul/u_csa_row0/GEN_CSA_FA[1].u_fa/signed_product0[63]
    SLICE_X11Y16         LUT6 (Prop_lut6_I5_O)        0.152    31.970 r  GEN_BRAM.u_core/alu/u_mul/u_mul/GEN_ARRAY.u_mul/u_csa_row0/GEN_CSA_FA[1].u_fa/result[31]_INST_0/O
                         net (fo=1, routed)           0.471    32.442    GEN_BRAM.u_core/reg_file/result[27]
    SLICE_X11Y19         LUT6 (Prop_lut6_I2_O)        0.053    32.495 r  GEN_BRAM.u_core/reg_file/debug_alu_out_OBUF[31]_inst_i_7/O
                         net (fo=1, routed)           0.128    32.623    GEN_BRAM.u_core/reg_file/debug_alu_out_OBUF[31]_inst_i_7_n_0
    SLICE_X11Y19         LUT6 (Prop_lut6_I5_O)        0.053    32.676 r  GEN_BRAM.u_core/reg_file/debug_alu_out_OBUF[31]_inst_i_1/O
                         net (fo=3, routed)           0.323    32.999    GEN_BRAM.u_core/reg_file/debug_alu_out_OBUF[18]
    SLICE_X11Y19         LUT6 (Prop_lut6_I0_O)        0.053    33.052 r  GEN_BRAM.u_core/reg_file/pc[31]_i_2/O
                         net (fo=1, routed)           0.000    33.052    GEN_BRAM.u_core/pc[31]
    SLICE_X11Y19         FDCE                                         r  GEN_BRAM.u_core/pc_reg[31]/D
  -------------------------------------------------------------------    -------------------

                         (clock sys_clk rise edge)   30.000    30.000 r  
    AD23                                              0.000    30.000 r  clk (IN)
                         net (fo=0)                   0.000    30.000    clk
    AD23                 IBUF (Prop_ibuf_I_O)         0.796    30.796 r  clk_IBUF_inst/O
                         net (fo=1, routed)           1.741    32.537    clk_IBUF
    BUFGCTRL_X0Y0        BUFG (Prop_bufg_I_O)         0.113    32.650 r  clk_IBUF_BUFG_inst/O
                         net (fo=350, routed)         1.535    34.185    GEN_BRAM.u_core/clk_IBUF_BUFG
    SLICE_X11Y19         FDCE                                         r  GEN_BRAM.u_core/pc_reg[31]/C
                         clock pessimism              0.256    34.442    
                         clock uncertainty           -0.035    34.406    
    SLICE_X11Y19         FDCE (Setup_fdce_C_D)        0.035    34.441    GEN_BRAM.u_core/pc_reg[31]
  -------------------------------------------------------------------
                         required time                         34.441    
                         arrival time                         -33.052    
  -------------------------------------------------------------------
                         slack                                  1.389    

Slack (MET) :             1.433ns  (required time - arrival time)
  Source:                 GEN_BRAM.u_core/ir_reg[20]/C
                            (rising edge-triggered cell FDCE clocked by sys_clk  {rise@0.000ns fall@15.000ns period=30.000ns})
  Destination:            GEN_BRAM.u_core/reg_file/registers_reg_r1_0_31_24_29/RAMC/I
                            (rising edge-triggered cell RAMD32 clocked by sys_clk  {rise@0.000ns fall@15.000ns period=30.000ns})
  Path Group:             sys_clk
  Path Type:              Setup (Max at Slow Process Corner)
  Requirement:            30.000ns  (sys_clk rise@30.000ns - sys_clk rise@0.000ns)
  Data Path Delay:        28.369ns  (logic 3.876ns (13.663%)  route 24.493ns (86.337%))
  Logic Levels:           53  (CARRY4=1 LUT3=11 LUT4=1 LUT5=19 LUT6=20 RAMD32=1)
  Clock Path Skew:        -0.031ns (DCD - SCD + CPR)
    Destination Clock Delay (DCD):    4.187ns = ( 34.187 - 30.000 ) 
    Source Clock Delay      (SCD):    4.475ns
    Clock Pessimism Removal (CPR):    0.256ns
  Clock Uncertainty:      0.035ns  ((TSJ^2 + TIJ^2)^1/2 + DJ) / 2 + PE
    Total System Jitter     (TSJ):    0.071ns
    Total Input Jitter      (TIJ):    0.000ns
    Discrete Jitter          (DJ):    0.000ns
    Phase Error              (PE):    0.000ns

    Location             Delay type                Incr(ns)  Path(ns)    Netlist Resource(s)
  -------------------------------------------------------------------    -------------------
                         (clock sys_clk rise edge)    0.000     0.000 r  
    AD23                                              0.000     0.000 r  clk (IN)
                         net (fo=0)                   0.000     0.000    clk
    AD23                 IBUF (Prop_ibuf_I_O)         0.873     0.873 r  clk_IBUF_inst/O
                         net (fo=1, routed)           1.830     2.703    clk_IBUF
    BUFGCTRL_X0Y0        BUFG (Prop_bufg_I_O)         0.120     2.823 r  clk_IBUF_BUFG_inst/O
                         net (fo=350, routed)         1.652     4.475    GEN_BRAM.u_core/clk_IBUF_BUFG
    SLICE_X8Y12          FDCE                                         r  GEN_BRAM.u_core/ir_reg[20]/C
  -------------------------------------------------------------------    -------------------
    SLICE_X8Y12          FDCE (Prop_fdce_C_Q)         0.308     4.783 r  GEN_BRAM.u_core/ir_reg[20]/Q
                         net (fo=66, routed)          0.961     5.744    GEN_BRAM.u_core/reg_file/registers_reg_r2_0_31_30_31__0/DPRA0
    SLICE_X10Y15         RAMD32 (Prop_ramd32_RADR0_O)
                                                      0.053     5.797 f  GEN_BRAM.u_core/reg_file/registers_reg_r2_0_31_30_31__0/DP/O
                         net (fo=42, routed)          0.763     6.560    GEN_BRAM.u_core/alu_mux_b/dataR20[26]
    SLICE_X9Y18          LUT6 (Prop_lut6_I3_O)        0.053     6.613 r  GEN_BRAM.u_core/alu_mux_b/u_mul_i_1/O
                         net (fo=52, routed)          0.620     7.233    GEN_BRAM.u_core/alu/u_mul/u_mul/GEN_ARRAY.u_mul/u_csa_row0/GEN_CSA_FA[1].u_fa/result[30]_INST_0_i_11_n_0
    SLICE_X10Y11         LUT4 (Prop_lut4_I3_O)        0.056     7.289 r  GEN_BRAM.u_core/alu/u_mul/u_mul/GEN_ARRAY.u_mul/u_csa_row0/GEN_CSA_FA[1].u_fa/result[4]_INST_0_i_7/O
                         net (fo=111, routed)         1.034     8.323    GEN_BRAM.u_core/alu/u_mul/u_mul/GEN_ARRAY.u_mul/u_csa_row0/GEN_CSA_FA[1].u_fa/result[4]_INST_0_i_7_n_0
    SLICE_X6Y14          LUT6 (Prop_lut6_I4_O)        0.168     8.491 r  GEN_BRAM.u_core/alu/u_mul/u_mul/GEN_ARRAY.u_mul/u_csa_row0/GEN_CSA_FA[1].u_fa/result[14]_INST_0_i_130/O
                         net (fo=2, routed)           0.355     8.846    GEN_BRAM.u_core/alu/u_mul/u_mul/GEN_ARRAY.u_mul/u_csa_row0/GEN_CSA_FA[1].u_fa/pp[2]_91[13]
    SLICE_X6Y13          LUT6 (Prop_lut6_I5_O)        0.053     8.899 r  GEN_BRAM.u_core/alu/u_mul/u_mul/GEN_ARRAY.u_mul/u_csa_row0/GEN_CSA_FA[1].u_fa/result[14]_INST_0_i_114/O
                         net (fo=3, routed)           0.768     9.667    GEN_BRAM.u_core/alu/u_mul/u_mul/GEN_ARRAY.u_mul/u_csa_row0/GEN_CSA_FA[1].u_fa/stage_carry[0]_58[14]
    SLICE_X15Y13         LUT3 (Prop_lut3_I0_O)        0.053     9.720 r  GEN_BRAM.u_core/alu/u_mul/u_mul/GEN_ARRAY.u_mul/u_csa_row0/GEN_CSA_FA[1].u_fa/result[16]_INST_0_i_147/O
                         net (fo=2, routed)           0.241     9.961    GEN_BRAM.u_core/alu/u_mul/u_mul/GEN_ARRAY.u_mul/u_csa_row0/GEN_CSA_FA[1].u_fa/stage_carry[1]_43[15]
    SLICE_X17Y13         LUT5 (Prop_lut5_I3_O)        0.053    10.014 r  GEN_BRAM.u_core/alu/u_mul/u_mul/GEN_ARRAY.u_mul/u_csa_row0/GEN_CSA_FA[1].u_fa/result[16]_INST_0_i_125/O
                         net (fo=3, routed)           1.041    11.054    GEN_BRAM.u_core/alu/u_mul/u_mul/GEN_ARRAY.u_mul/u_csa_row0/GEN_CSA_FA[1].u_fa/stage_sum[2]_42[15]
    SLICE_X7Y13          LUT5 (Prop_lut5_I1_O)        0.053    11.107 r  GEN_BRAM.u_core/alu/u_mul/u_mul/GEN_ARRAY.u_mul/u_csa_row0/GEN_CSA_FA[1].u_fa/result[16]_INST_0_i_109/O
                         net (fo=3, routed)           0.720    11.827    GEN_BRAM.u_core/alu/u_mul/u_mul/GEN_ARRAY.u_mul/u_csa_row0/GEN_CSA_FA[1].u_fa/stage_carry[4]_2[16]
    SLICE_X16Y12         LUT3 (Prop_lut3_I0_O)        0.053    11.880 r  GEN_BRAM.u_core/alu/u_mul/u_mul/GEN_ARRAY.u_mul/u_csa_row0/GEN_CSA_FA[1].u_fa/result[18]_INST_0_i_112/O
                         net (fo=2, routed)           0.577    12.457    GEN_BRAM.u_core/alu/u_mul/u_mul/GEN_ARRAY.u_mul/u_csa_row0/GEN_CSA_FA[1].u_fa/stage_carry[5]_45[17]
    SLICE_X16Y10         LUT5 (Prop_lut5_I3_O)        0.053    12.510 r  GEN_BRAM.u_core/alu/u_mul/u_mul/GEN_ARRAY.u_mul/u_csa_row0/GEN_CSA_FA[1].u_fa/result[18]_INST_0_i_94/O
                         net (fo=3, routed)           0.643    13.153    GEN_BRAM.u_core/alu/u_mul/u_mul/GEN_ARRAY.u_mul/u_csa_row0/GEN_CSA_FA[1].u_fa/stage_carry[6]_4[18]
    SLICE_X16Y8          LUT3 (Prop_lut3_I0_O)        0.053    13.206 r  GEN_BRAM.u_core/alu/u_mul/u_mul/GEN_ARRAY.u_mul/u_csa_row0/GEN_CSA_FA[1].u_fa/result[20]_INST_0_i_127/O
                         net (fo=2, routed)           0.310    13.516    GEN_BRAM.u_core/alu/u_mul/u_mul/GEN_ARRAY.u_mul/u_csa_row0/GEN_CSA_FA[1].u_fa/stage_carry[7]_46[19]
    SLICE_X15Y8          LUT5 (Prop_lut5_I3_O)        0.053    13.569 r  GEN_BRAM.u_core/alu/u_mul/u_mul/GEN_ARRAY.u_mul/u_csa_row0/GEN_CSA_FA[1].u_fa/result[20]_INST_0_i_109/O
                         net (fo=3, routed)           0.416    13.985    GEN_BRAM.u_core/alu/u_mul/u_mul/GEN_ARRAY.u_mul/u_csa_row0/GEN_CSA_FA[1].u_fa/stage_carry[8]_6[20]
    SLICE_X15Y5          LUT3 (Prop_lut3_I0_O)        0.053    14.038 r  GEN_BRAM.u_core/alu/u_mul/u_mul/GEN_ARRAY.u_mul/u_csa_row0/GEN_CSA_FA[1].u_fa/result[22]_INST_0_i_107/O
                         net (fo=2, routed)           0.316    14.354    GEN_BRAM.u_core/alu/u_mul/u_mul/GEN_ARRAY.u_mul/u_csa_row0/GEN_CSA_FA[1].u_fa/stage_carry[9]_47[21]
    SLICE_X15Y5          LUT5 (Prop_lut5_I3_O)        0.053    14.407 r  GEN_BRAM.u_core/alu/u_mul/u_mul/GEN_ARRAY.u_mul/u_csa_row0/GEN_CSA_FA[1].u_fa/result[22]_INST_0_i_90/O
                         net (fo=3, routed)           0.526    14.933    GEN_BRAM.u_core/alu/u_mul/u_mul/GEN_ARRAY.u_mul/u_csa_row0/GEN_CSA_FA[1].u_fa/stage_sum[10]_38[21]
    SLICE_X6Y4           LUT3 (Prop_lut3_I1_O)        0.053    14.986 r  GEN_BRAM.u_core/alu/u_mul/u_mul/GEN_ARRAY.u_mul/u_csa_row0/GEN_CSA_FA[1].u_fa/result[22]_INST_0_i_97/O
                         net (fo=2, routed)           0.577    15.563    GEN_BRAM.u_core/alu/u_mul/u_mul/GEN_ARRAY.u_mul/u_csa_row0/GEN_CSA_FA[1].u_fa/stage_carry[11]_48[22]
    SLICE_X7Y4           LUT5 (Prop_lut5_I3_O)        0.053    15.616 r  GEN_BRAM.u_core/alu/u_mul/u_mul/GEN_ARRAY.u_mul/u_csa_row0/GEN_CSA_FA[1].u_fa/result[22]_INST_0_i_75/O
                         net (fo=3, routed)           0.322    15.938    GEN_BRAM.u_core/alu/u_mul/u_mul/GEN_ARRAY.u_mul/u_csa_row0/GEN_CSA_FA[1].u_fa/stage_sum[12]_37[22]
    SLICE_X6Y3           LUT3 (Prop_lut3_I1_O)        0.053    15.991 r  GEN_BRAM.u_core/alu/u_mul/u_mul/GEN_ARRAY.u_mul/u_csa_row0/GEN_CSA_FA[1].u_fa/result[24]_INST_0_i_102/O
                         net (fo=2, routed)           0.458    16.449    GEN_BRAM.u_core/alu/u_mul/u_mul/GEN_ARRAY.u_mul/u_csa_row0/GEN_CSA_FA[1].u_fa/stage_carry[13]_49[23]
    SLICE_X7Y3           LUT5 (Prop_lut5_I3_O)        0.053    16.502 r  GEN_BRAM.u_core/alu/u_mul/u_mul/GEN_ARRAY.u_mul/u_csa_row0/GEN_CSA_FA[1].u_fa/result[24]_INST_0_i_85/O
                         net (fo=3, routed)           0.571    17.073    GEN_BRAM.u_core/alu/u_mul/u_mul/GEN_ARRAY.u_mul/u_csa_row0/GEN_CSA_FA[1].u_fa/stage_sum[14]_36[23]
    SLICE_X5Y4           LUT5 (Prop_lut5_I1_O)        0.053    17.126 r  GEN_BRAM.u_core/alu/u_mul/u_mul/GEN_ARRAY.u_mul/u_csa_row0/GEN_CSA_FA[1].u_fa/result[24]_INST_0_i_65/O
                         net (fo=3, routed)           0.396    17.522    GEN_BRAM.u_core/alu/u_mul/u_mul/GEN_ARRAY.u_mul/u_csa_row0/GEN_CSA_FA[1].u_fa/stage_sum[16]_35[23]
    SLICE_X4Y5           LUT3 (Prop_lut3_I1_O)        0.053    17.575 r  GEN_BRAM.u_core/alu/u_mul/u_mul/GEN_ARRAY.u_mul/u_csa_row0/GEN_CSA_FA[1].u_fa/result[24]_INST_0_i_72/O
                         net (fo=2, routed)           0.466    18.041    GEN_BRAM.u_core/alu/u_mul/u_mul/GEN_ARRAY.u_mul/u_csa_row0/GEN_CSA_FA[1].u_fa/stage_carry[17]_51[24]
    SLICE_X4Y5           LUT5 (Prop_lut5_I3_O)        0.053    18.094 r  GEN_BRAM.u_core/alu/u_mul/u_mul/GEN_ARRAY.u_mul/u_csa_row0/GEN_CSA_FA[1].u_fa/result[26]_INST_0_i_49/O
                         net (fo=3, routed)           0.442    18.536    GEN_BRAM.u_core/alu/u_mul/u_mul/GEN_ARRAY.u_mul/u_csa_row0/GEN_CSA_FA[1].u_fa/stage_carry[18]_16[25]
    SLICE_X4Y3           LUT3 (Prop_lut3_I0_O)        0.053    18.589 r  GEN_BRAM.u_core/alu/u_mul/u_mul/GEN_ARRAY.u_mul/u_csa_row0/GEN_CSA_FA[1].u_fa/result[26]_INST_0_i_57/O
                         net (fo=2, routed)           0.415    19.004    GEN_BRAM.u_core/alu/u_mul/u_mul/GEN_ARRAY.u_mul/u_csa_row0/GEN_CSA_FA[1].u_fa/stage_carry[19]_52[26]
    SLICE_X3Y3           LUT5 (Prop_lut5_I3_O)        0.053    19.057 r  GEN_BRAM.u_core/alu/u_mul/u_mul/GEN_ARRAY.u_mul/u_csa_row0/GEN_CSA_FA[1].u_fa/result[26]_INST_0_i_35/O
                         net (fo=3, routed)           0.764    19.821    GEN_BRAM.u_core/alu/u_mul/u_mul/GEN_ARRAY.u_mul/u_csa_row0/GEN_CSA_FA[1].u_fa/stage_sum[20]_33[26]
    SLICE_X8Y5           LUT5 (Prop_lut5_I1_O)        0.053    19.874 r  GEN_BRAM.u_core/alu/u_mul/u_mul/GEN_ARRAY.u_mul/u_csa_row0/GEN_CSA_FA[1].u_fa/result[28]_INST_0_i_39/O
                         net (fo=3, routed)           0.641    20.515    GEN_BRAM.u_core/alu/u_mul/u_mul/GEN_ARRAY.u_mul/u_csa_row0/GEN_CSA_FA[1].u_fa/stage_carry[22]_20[27]
    SLICE_X2Y4           LUT3 (Prop_lut3_I0_O)        0.053    20.568 r  GEN_BRAM.u_core/alu/u_mul/u_mul/GEN_ARRAY.u_mul/u_csa_row0/GEN_CSA_FA[1].u_fa/result[28]_INST_0_i_47/O
                         net (fo=2, routed)           0.412    20.980    GEN_BRAM.u_core/alu/u_mul/u_mul/GEN_ARRAY.u_mul/u_csa_row0/GEN_CSA_FA[1].u_fa/stage_carry[23]_54[28]
    SLICE_X1Y4           LUT5 (Prop_lut5_I3_O)        0.053    21.033 r  GEN_BRAM.u_core/alu/u_mul/u_mul/GEN_ARRAY.u_mul/u_csa_row0/GEN_CSA_FA[1].u_fa/result[28]_INST_0_i_26/O
                         net (fo=2, routed)           0.771    21.804    GEN_BRAM.u_core/alu/u_mul/u_mul/GEN_ARRAY.u_mul/u_csa_row0/GEN_CSA_FA[1].u_fa/stage_sum[24]_31[28]
    SLICE_X13Y6          LUT3 (Prop_lut3_I1_O)        0.053    21.857 r  GEN_BRAM.u_core/alu/u_mul/u_mul/GEN_ARRAY.u_mul/u_csa_row0/GEN_CSA_FA[1].u_fa/result[30]_INST_0_i_20/O
                         net (fo=2, routed)           0.304    22.162    GEN_BRAM.u_core/alu/u_mul/u_mul/GEN_ARRAY.u_mul/u_csa_row0/GEN_CSA_FA[1].u_fa/stage_carry[25]_55[29]
    SLICE_X13Y6          LUT5 (Prop_lut5_I3_O)        0.053    22.215 r  GEN_BRAM.u_core/alu/u_mul/u_mul/GEN_ARRAY.u_mul/u_csa_row0/GEN_CSA_FA[1].u_fa/result[30]_INST_0_i_14/O
                         net (fo=2, routed)           0.445    22.659    GEN_BRAM.u_core/alu/u_mul/u_mul/GEN_ARRAY.u_mul/u_csa_row0/GEN_CSA_FA[1].u_fa/stage_carry[26]_24[30]
    SLICE_X14Y7          LUT3 (Prop_lut3_I0_O)        0.053    22.712 r  GEN_BRAM.u_core/alu/u_mul/u_mul/GEN_ARRAY.u_mul/u_csa_row0/GEN_CSA_FA[1].u_fa/result[31]_INST_0_i_33/O
                         net (fo=2, routed)           0.467    23.180    GEN_BRAM.u_core/alu/u_mul/u_mul/GEN_ARRAY.u_mul/u_csa_row0/GEN_CSA_FA[1].u_fa/stage_carry[27]_56[31]
    SLICE_X14Y7          LUT5 (Prop_lut5_I3_O)        0.053    23.233 r  GEN_BRAM.u_core/alu/u_mul/u_mul/GEN_ARRAY.u_mul/u_csa_row0/GEN_CSA_FA[1].u_fa/result[31]_INST_0_i_18/O
                         net (fo=2, routed)           0.469    23.702    GEN_BRAM.u_core/alu/u_mul/u_mul/GEN_ARRAY.u_mul/u_csa_row0/GEN_CSA_FA[1].u_fa/stage_sum[28]_29[31]
    SLICE_X15Y7          LUT5 (Prop_lut5_I3_O)        0.053    23.755 r  GEN_BRAM.u_core/alu/u_mul/u_mul/GEN_ARRAY.u_mul/u_csa_row0/GEN_CSA_FA[1].u_fa/result[1]_INST_0_i_5/O
                         net (fo=4, routed)           0.571    24.325    GEN_BRAM.u_core/alu/u_mul/u_mul/GEN_ARRAY.u_mul/u_csa_row0/GEN_CSA_FA[1].u_fa/stage_carry[29]_59[32]
    SLICE_X11Y7          LUT5 (Prop_lut5_I3_O)        0.068    24.393 r  GEN_BRAM.u_core/alu/u_mul/u_mul/GEN_ARRAY.u_mul/u_csa_row0/GEN_CSA_FA[1].u_fa/result[1]_INST_0_i_6/O
                         net (fo=2, routed)           0.407    24.800    GEN_BRAM.u_core/alu/u_mul/u_mul/GEN_ARRAY.u_mul/u_csa_row0/GEN_CSA_FA[1].u_fa/u_final_cpa/GEN_FINAL_FA[32].u_fa/c2
    SLICE_X11Y8          LUT5 (Prop_lut5_I2_O)        0.180    24.980 r  GEN_BRAM.u_core/alu/u_mul/u_mul/GEN_ARRAY.u_mul/u_csa_row0/GEN_CSA_FA[1].u_fa/result[2]_INST_0_i_9/O
                         net (fo=2, routed)           0.448    25.428    GEN_BRAM.u_core/alu/u_mul/u_mul/GEN_ARRAY.u_mul/u_csa_row0/GEN_CSA_FA[1].u_fa/u_final_cpa/GEN_FINAL_FA[33].u_fa/c2
    SLICE_X11Y8          LUT5 (Prop_lut5_I2_O)        0.187    25.615 r  GEN_BRAM.u_core/alu/u_mul/u_mul/GEN_ARRAY.u_mul/u_csa_row0/GEN_CSA_FA[1].u_fa/result[4]_INST_0_i_14/O
                         net (fo=3, routed)           0.371    25.986    GEN_BRAM.u_core/alu/u_mul/u_mul/GEN_ARRAY.u_mul/u_csa_row0/GEN_CSA_FA[1].u_fa/u_final_cpa/c_35
    SLICE_X12Y9          LUT6 (Prop_lut6_I4_O)        0.169    26.155 r  GEN_BRAM.u_core/alu/u_mul/u_mul/GEN_ARRAY.u_mul/u_csa_row0/GEN_CSA_FA[1].u_fa/result[6]_INST_0_i_12/O
                         net (fo=3, routed)           0.518    26.673    GEN_BRAM.u_core/alu/u_mul/u_mul/GEN_ARRAY.u_mul/u_csa_row0/GEN_CSA_FA[1].u_fa/u_final_cpa/c_37
    SLICE_X12Y9          LUT6 (Prop_lut6_I4_O)        0.053    26.726 r  GEN_BRAM.u_core/alu/u_mul/u_mul/GEN_ARRAY.u_mul/u_csa_row0/GEN_CSA_FA[1].u_fa/result[8]_INST_0_i_13/O
                         net (fo=3, routed)           0.310    27.036    GEN_BRAM.u_core/alu/u_mul/u_mul/GEN_ARRAY.u_mul/u_csa_row0/GEN_CSA_FA[1].u_fa/u_final_cpa/c_39
    SLICE_X13Y9          LUT6 (Prop_lut6_I4_O)        0.053    27.089 r  GEN_BRAM.u_core/alu/u_mul/u_mul/GEN_ARRAY.u_mul/u_csa_row0/GEN_CSA_FA[1].u_fa/result[10]_INST_0_i_12/O
                         net (fo=3, routed)           0.343    27.432    GEN_BRAM.u_core/alu/u_mul/u_mul/GEN_ARRAY.u_mul/u_csa_row0/GEN_CSA_FA[1].u_fa/u_final_cpa/c_41
    SLICE_X13Y10         LUT6 (Prop_lut6_I4_O)        0.053    27.485 r  GEN_BRAM.u_core/alu/u_mul/u_mul/GEN_ARRAY.u_mul/u_csa_row0/GEN_CSA_FA[1].u_fa/result[12]_INST_0_i_13/O
                         net (fo=3, routed)           0.341    27.826    GEN_BRAM.u_core/alu/u_mul/u_mul/GEN_ARRAY.u_mul/u_csa_row0/GEN_CSA_FA[1].u_fa/u_final_cpa/c_43
    SLICE_X14Y11         LUT6 (Prop_lut6_I4_O)        0.053    27.879 r  GEN_BRAM.u_core/alu/u_mul/u_mul/GEN_ARRAY.u_mul/u_csa_row0/GEN_CSA_FA[1].u_fa/result[14]_INST_0_i_12/O
                         net (fo=3, routed)           0.222    28.101    GEN_BRAM.u_core/alu/u_mul/u_mul/GEN_ARRAY.u_mul/u_csa_row0/GEN_CSA_FA[1].u_fa/u_final_cpa/c_45
    SLICE_X14Y11         LUT6 (Prop_lut6_I4_O)        0.053    28.154 r  GEN_BRAM.u_core/alu/u_mul/u_mul/GEN_ARRAY.u_mul/u_csa_row0/GEN_CSA_FA[1].u_fa/result[16]_INST_0_i_13/O
                         net (fo=3, routed)           0.287    28.441    GEN_BRAM.u_core/alu/u_mul/u_mul/GEN_ARRAY.u_mul/u_csa_row0/GEN_CSA_FA[1].u_fa/u_final_cpa/c_47
    SLICE_X15Y11         LUT6 (Prop_lut6_I4_O)        0.053    28.494 r  GEN_BRAM.u_core/alu/u_mul/u_mul/GEN_ARRAY.u_mul/u_csa_row0/GEN_CSA_FA[1].u_fa/result[18]_INST_0_i_12/O
                         net (fo=3, routed)           0.338    28.832    GEN_BRAM.u_core/alu/u_mul/u_mul/GEN_ARRAY.u_mul/u_csa_row0/GEN_CSA_FA[1].u_fa/u_final_cpa/c_49
    SLICE_X14Y12         LUT6 (Prop_lut6_I4_O)        0.053    28.885 r  GEN_BRAM.u_core/alu/u_mul/u_mul/GEN_ARRAY.u_mul/u_csa_row0/GEN_CSA_FA[1].u_fa/result[20]_INST_0_i_13/O
                         net (fo=3, routed)           0.252    29.138    GEN_BRAM.u_core/alu/u_mul/u_mul/GEN_ARRAY.u_mul/u_csa_row0/GEN_CSA_FA[1].u_fa/u_final_cpa/c_51
    SLICE_X14Y13         LUT6 (Prop_lut6_I4_O)        0.053    29.191 r  GEN_BRAM.u_core/alu/u_mul/u_mul/GEN_ARRAY.u_mul/u_csa_row0/GEN_CSA_FA[1].u_fa/result[22]_INST_0_i_12/O
                         net (fo=3, routed)           0.300    29.491    GEN_BRAM.u_core/alu/u_mul/u_mul/GEN_ARRAY.u_mul/u_csa_row0/GEN_CSA_FA[1].u_fa/u_final_cpa/c_53
    SLICE_X13Y13         LUT6 (Prop_lut6_I4_O)        0.053    29.544 r  GEN_BRAM.u_core/alu/u_mul/u_mul/GEN_ARRAY.u_mul/u_csa_row0/GEN_CSA_FA[1].u_fa/result[24]_INST_0_i_13/O
                         net (fo=3, routed)           0.204    29.748    GEN_BRAM.u_core/alu/u_mul/u_mul/GEN_ARRAY.u_mul/u_csa_row0/GEN_CSA_FA[1].u_fa/u_final_cpa/c_55
    SLICE_X13Y13         LUT6 (Prop_lut6_I4_O)        0.053    29.801 r  GEN_BRAM.u_core/alu/u_mul/u_mul/GEN_ARRAY.u_mul/u_csa_row0/GEN_CSA_FA[1].u_fa/result[26]_INST_0_i_12/O
                         net (fo=3, routed)           0.367    30.169    GEN_BRAM.u_core/alu/u_mul/u_mul/GEN_ARRAY.u_mul/u_csa_row0/GEN_CSA_FA[1].u_fa/u_final_cpa/c_57
    SLICE_X13Y14         LUT6 (Prop_lut6_I4_O)        0.053    30.222 r  GEN_BRAM.u_core/alu/u_mul/u_mul/GEN_ARRAY.u_mul/u_csa_row0/GEN_CSA_FA[1].u_fa/result[28]_INST_0_i_13/O
                         net (fo=3, routed)           0.264    30.486    GEN_BRAM.u_core/alu/u_mul/u_mul/GEN_ARRAY.u_mul/u_csa_row0/GEN_CSA_FA[1].u_fa/u_final_cpa/c_59
    SLICE_X11Y14         LUT5 (Prop_lut5_I4_O)        0.053    30.539 r  GEN_BRAM.u_core/alu/u_mul/u_mul/GEN_ARRAY.u_mul/u_csa_row0/GEN_CSA_FA[1].u_fa/result[27]_INST_0_i_2/O
                         net (fo=2, routed)           0.000    30.539    GEN_BRAM.u_core/alu/u_mul/u_mul/GEN_ARRAY.u_mul/u_csa_row0/GEN_CSA_FA[1].u_fa/p_0_in[59]
    SLICE_X11Y14         CARRY4 (Prop_carry4_S[2]_O[3])
                                                      0.213    30.752 r  GEN_BRAM.u_core/alu/u_mul/u_mul/GEN_ARRAY.u_mul/u_csa_row0/GEN_CSA_FA[1].u_fa/result[28]_INST_0_i_4/O[3]
                         net (fo=1, routed)           0.347    31.099    GEN_BRAM.u_core/alu/u_mul/u_mul/GEN_ARRAY.u_mul/u_csa_row0/GEN_CSA_FA[1].u_fa/signed_product0[60]
    SLICE_X12Y14         LUT6 (Prop_lut6_I5_O)        0.142    31.241 r  GEN_BRAM.u_core/alu/u_mul/u_mul/GEN_ARRAY.u_mul/u_csa_row0/GEN_CSA_FA[1].u_fa/result[28]_INST_0/O
                         net (fo=1, routed)           0.411    31.652    GEN_BRAM.u_core/reg_file/result[24]
    SLICE_X14Y15         LUT6 (Prop_lut6_I2_O)        0.053    31.705 r  GEN_BRAM.u_core/reg_file/debug_alu_out_OBUF[28]_inst_i_4/O
                         net (fo=1, routed)           0.212    31.917    GEN_BRAM.u_core/reg_file/debug_alu_out_OBUF[28]_inst_i_4_n_0
    SLICE_X14Y15         LUT6 (Prop_lut6_I5_O)        0.053    31.970 r  GEN_BRAM.u_core/reg_file/debug_alu_out_OBUF[28]_inst_i_1/O
                         net (fo=3, routed)           0.316    32.286    GEN_BRAM.u_core/wb_mux/debug_alu_out_OBUF[28]
    SLICE_X13Y15         LUT6 (Prop_lut6_I0_O)        0.053    32.339 r  GEN_BRAM.u_core/wb_mux/registers_reg_r1_0_31_24_29_i_18/O
                         net (fo=1, routed)           0.299    32.638    GEN_BRAM.u_core/divider/wb_exec[28]
    SLICE_X13Y16         LUT6 (Prop_lut6_I5_O)        0.053    32.691 r  GEN_BRAM.u_core/divider/registers_reg_r1_0_31_24_29_i_6/O
                         net (fo=2, routed)           0.153    32.844    GEN_BRAM.u_core/reg_file/registers_reg_r1_0_31_24_29/DIC0
    SLICE_X12Y16         RAMD32                                       r  GEN_BRAM.u_core/reg_file/registers_reg_r1_0_31_24_29/RAMC/I
  -------------------------------------------------------------------    -------------------

                         (clock sys_clk rise edge)   30.000    30.000 r  
    AD23                                              0.000    30.000 r  clk (IN)
                         net (fo=0)                   0.000    30.000    clk
    AD23                 IBUF (Prop_ibuf_I_O)         0.796    30.796 r  clk_IBUF_inst/O
                         net (fo=1, routed)           1.741    32.537    clk_IBUF
    BUFGCTRL_X0Y0        BUFG (Prop_bufg_I_O)         0.113    32.650 r  clk_IBUF_BUFG_inst/O
                         net (fo=350, routed)         1.537    34.187    GEN_BRAM.u_core/reg_file/registers_reg_r1_0_31_24_29/WCLK
    SLICE_X12Y16         RAMD32                                       r  GEN_BRAM.u_core/reg_file/registers_reg_r1_0_31_24_29/RAMC/CLK
                         clock pessimism              0.256    34.444    
                         clock uncertainty           -0.035    34.408    
    SLICE_X12Y16         RAMD32 (Setup_ramd32_CLK_I)
                                                     -0.132    34.276    GEN_BRAM.u_core/reg_file/registers_reg_r1_0_31_24_29/RAMC
  -------------------------------------------------------------------
                         required time                         34.276    
                         arrival time                         -32.844    
  -------------------------------------------------------------------
                         slack                                  1.433    

Slack (MET) :             1.627ns  (required time - arrival time)
  Source:                 GEN_BRAM.u_core/ir_reg[20]/C
                            (rising edge-triggered cell FDCE clocked by sys_clk  {rise@0.000ns fall@15.000ns period=30.000ns})
  Destination:            GEN_BRAM.u_core/pc_reg[30]/D
                            (rising edge-triggered cell FDCE clocked by sys_clk  {rise@0.000ns fall@15.000ns period=30.000ns})
  Path Group:             sys_clk
  Path Type:              Setup (Max at Slow Process Corner)
  Requirement:            30.000ns  (sys_clk rise@30.000ns - sys_clk rise@0.000ns)
  Data Path Delay:        28.339ns  (logic 3.944ns (13.917%)  route 24.395ns (86.083%))
  Logic Levels:           53  (CARRY4=1 LUT3=11 LUT4=1 LUT5=19 LUT6=20 RAMD32=1)
  Clock Path Skew:        -0.033ns (DCD - SCD + CPR)
    Destination Clock Delay (DCD):    4.185ns = ( 34.185 - 30.000 ) 
    Source Clock Delay      (SCD):    4.475ns
    Clock Pessimism Removal (CPR):    0.256ns
  Clock Uncertainty:      0.035ns  ((TSJ^2 + TIJ^2)^1/2 + DJ) / 2 + PE
    Total System Jitter     (TSJ):    0.071ns
    Total Input Jitter      (TIJ):    0.000ns
    Discrete Jitter          (DJ):    0.000ns
    Phase Error              (PE):    0.000ns

    Location             Delay type                Incr(ns)  Path(ns)    Netlist Resource(s)
  -------------------------------------------------------------------    -------------------
                         (clock sys_clk rise edge)    0.000     0.000 r  
    AD23                                              0.000     0.000 r  clk (IN)
                         net (fo=0)                   0.000     0.000    clk
    AD23                 IBUF (Prop_ibuf_I_O)         0.873     0.873 r  clk_IBUF_inst/O
                         net (fo=1, routed)           1.830     2.703    clk_IBUF
    BUFGCTRL_X0Y0        BUFG (Prop_bufg_I_O)         0.120     2.823 r  clk_IBUF_BUFG_inst/O
                         net (fo=350, routed)         1.652     4.475    GEN_BRAM.u_core/clk_IBUF_BUFG
    SLICE_X8Y12          FDCE                                         r  GEN_BRAM.u_core/ir_reg[20]/C
  -------------------------------------------------------------------    -------------------
    SLICE_X8Y12          FDCE (Prop_fdce_C_Q)         0.308     4.783 r  GEN_BRAM.u_core/ir_reg[20]/Q
                         net (fo=66, routed)          0.961     5.744    GEN_BRAM.u_core/reg_file/registers_reg_r2_0_31_30_31__0/DPRA0
    SLICE_X10Y15         RAMD32 (Prop_ramd32_RADR0_O)
                                                      0.053     5.797 f  GEN_BRAM.u_core/reg_file/registers_reg_r2_0_31_30_31__0/DP/O
                         net (fo=42, routed)          0.763     6.560    GEN_BRAM.u_core/alu_mux_b/dataR20[26]
    SLICE_X9Y18          LUT6 (Prop_lut6_I3_O)        0.053     6.613 r  GEN_BRAM.u_core/alu_mux_b/u_mul_i_1/O
                         net (fo=52, routed)          0.620     7.233    GEN_BRAM.u_core/alu/u_mul/u_mul/GEN_ARRAY.u_mul/u_csa_row0/GEN_CSA_FA[1].u_fa/result[30]_INST_0_i_11_n_0
    SLICE_X10Y11         LUT4 (Prop_lut4_I3_O)        0.056     7.289 r  GEN_BRAM.u_core/alu/u_mul/u_mul/GEN_ARRAY.u_mul/u_csa_row0/GEN_CSA_FA[1].u_fa/result[4]_INST_0_i_7/O
                         net (fo=111, routed)         1.034     8.323    GEN_BRAM.u_core/alu/u_mul/u_mul/GEN_ARRAY.u_mul/u_csa_row0/GEN_CSA_FA[1].u_fa/result[4]_INST_0_i_7_n_0
    SLICE_X6Y14          LUT6 (Prop_lut6_I4_O)        0.168     8.491 r  GEN_BRAM.u_core/alu/u_mul/u_mul/GEN_ARRAY.u_mul/u_csa_row0/GEN_CSA_FA[1].u_fa/result[14]_INST_0_i_130/O
                         net (fo=2, routed)           0.355     8.846    GEN_BRAM.u_core/alu/u_mul/u_mul/GEN_ARRAY.u_mul/u_csa_row0/GEN_CSA_FA[1].u_fa/pp[2]_91[13]
    SLICE_X6Y13          LUT6 (Prop_lut6_I5_O)        0.053     8.899 r  GEN_BRAM.u_core/alu/u_mul/u_mul/GEN_ARRAY.u_mul/u_csa_row0/GEN_CSA_FA[1].u_fa/result[14]_INST_0_i_114/O
                         net (fo=3, routed)           0.768     9.667    GEN_BRAM.u_core/alu/u_mul/u_mul/GEN_ARRAY.u_mul/u_csa_row0/GEN_CSA_FA[1].u_fa/stage_carry[0]_58[14]
    SLICE_X15Y13         LUT3 (Prop_lut3_I0_O)        0.053     9.720 r  GEN_BRAM.u_core/alu/u_mul/u_mul/GEN_ARRAY.u_mul/u_csa_row0/GEN_CSA_FA[1].u_fa/result[16]_INST_0_i_147/O
                         net (fo=2, routed)           0.241     9.961    GEN_BRAM.u_core/alu/u_mul/u_mul/GEN_ARRAY.u_mul/u_csa_row0/GEN_CSA_FA[1].u_fa/stage_carry[1]_43[15]
    SLICE_X17Y13         LUT5 (Prop_lut5_I3_O)        0.053    10.014 r  GEN_BRAM.u_core/alu/u_mul/u_mul/GEN_ARRAY.u_mul/u_csa_row0/GEN_CSA_FA[1].u_fa/result[16]_INST_0_i_125/O
                         net (fo=3, routed)           1.041    11.054    GEN_BRAM.u_core/alu/u_mul/u_mul/GEN_ARRAY.u_mul/u_csa_row0/GEN_CSA_FA[1].u_fa/stage_sum[2]_42[15]
    SLICE_X7Y13          LUT5 (Prop_lut5_I1_O)        0.053    11.107 r  GEN_BRAM.u_core/alu/u_mul/u_mul/GEN_ARRAY.u_mul/u_csa_row0/GEN_CSA_FA[1].u_fa/result[16]_INST_0_i_109/O
                         net (fo=3, routed)           0.720    11.827    GEN_BRAM.u_core/alu/u_mul/u_mul/GEN_ARRAY.u_mul/u_csa_row0/GEN_CSA_FA[1].u_fa/stage_carry[4]_2[16]
    SLICE_X16Y12         LUT3 (Prop_lut3_I0_O)        0.053    11.880 r  GEN_BRAM.u_core/alu/u_mul/u_mul/GEN_ARRAY.u_mul/u_csa_row0/GEN_CSA_FA[1].u_fa/result[18]_INST_0_i_112/O
                         net (fo=2, routed)           0.577    12.457    GEN_BRAM.u_core/alu/u_mul/u_mul/GEN_ARRAY.u_mul/u_csa_row0/GEN_CSA_FA[1].u_fa/stage_carry[5]_45[17]
    SLICE_X16Y10         LUT5 (Prop_lut5_I3_O)        0.053    12.510 r  GEN_BRAM.u_core/alu/u_mul/u_mul/GEN_ARRAY.u_mul/u_csa_row0/GEN_CSA_FA[1].u_fa/result[18]_INST_0_i_94/O
                         net (fo=3, routed)           0.643    13.153    GEN_BRAM.u_core/alu/u_mul/u_mul/GEN_ARRAY.u_mul/u_csa_row0/GEN_CSA_FA[1].u_fa/stage_carry[6]_4[18]
    SLICE_X16Y8          LUT3 (Prop_lut3_I0_O)        0.053    13.206 r  GEN_BRAM.u_core/alu/u_mul/u_mul/GEN_ARRAY.u_mul/u_csa_row0/GEN_CSA_FA[1].u_fa/result[20]_INST_0_i_127/O
                         net (fo=2, routed)           0.310    13.516    GEN_BRAM.u_core/alu/u_mul/u_mul/GEN_ARRAY.u_mul/u_csa_row0/GEN_CSA_FA[1].u_fa/stage_carry[7]_46[19]
    SLICE_X15Y8          LUT5 (Prop_lut5_I3_O)        0.053    13.569 r  GEN_BRAM.u_core/alu/u_mul/u_mul/GEN_ARRAY.u_mul/u_csa_row0/GEN_CSA_FA[1].u_fa/result[20]_INST_0_i_109/O
                         net (fo=3, routed)           0.416    13.985    GEN_BRAM.u_core/alu/u_mul/u_mul/GEN_ARRAY.u_mul/u_csa_row0/GEN_CSA_FA[1].u_fa/stage_carry[8]_6[20]
    SLICE_X15Y5          LUT3 (Prop_lut3_I0_O)        0.053    14.038 r  GEN_BRAM.u_core/alu/u_mul/u_mul/GEN_ARRAY.u_mul/u_csa_row0/GEN_CSA_FA[1].u_fa/result[22]_INST_0_i_107/O
                         net (fo=2, routed)           0.316    14.354    GEN_BRAM.u_core/alu/u_mul/u_mul/GEN_ARRAY.u_mul/u_csa_row0/GEN_CSA_FA[1].u_fa/stage_carry[9]_47[21]
    SLICE_X15Y5          LUT5 (Prop_lut5_I3_O)        0.053    14.407 r  GEN_BRAM.u_core/alu/u_mul/u_mul/GEN_ARRAY.u_mul/u_csa_row0/GEN_CSA_FA[1].u_fa/result[22]_INST_0_i_90/O
                         net (fo=3, routed)           0.526    14.933    GEN_BRAM.u_core/alu/u_mul/u_mul/GEN_ARRAY.u_mul/u_csa_row0/GEN_CSA_FA[1].u_fa/stage_sum[10]_38[21]
    SLICE_X6Y4           LUT3 (Prop_lut3_I1_O)        0.053    14.986 r  GEN_BRAM.u_core/alu/u_mul/u_mul/GEN_ARRAY.u_mul/u_csa_row0/GEN_CSA_FA[1].u_fa/result[22]_INST_0_i_97/O
                         net (fo=2, routed)           0.577    15.563    GEN_BRAM.u_core/alu/u_mul/u_mul/GEN_ARRAY.u_mul/u_csa_row0/GEN_CSA_FA[1].u_fa/stage_carry[11]_48[22]
    SLICE_X7Y4           LUT5 (Prop_lut5_I3_O)        0.053    15.616 r  GEN_BRAM.u_core/alu/u_mul/u_mul/GEN_ARRAY.u_mul/u_csa_row0/GEN_CSA_FA[1].u_fa/result[22]_INST_0_i_75/O
                         net (fo=3, routed)           0.322    15.938    GEN_BRAM.u_core/alu/u_mul/u_mul/GEN_ARRAY.u_mul/u_csa_row0/GEN_CSA_FA[1].u_fa/stage_sum[12]_37[22]
    SLICE_X6Y3           LUT3 (Prop_lut3_I1_O)        0.053    15.991 r  GEN_BRAM.u_core/alu/u_mul/u_mul/GEN_ARRAY.u_mul/u_csa_row0/GEN_CSA_FA[1].u_fa/result[24]_INST_0_i_102/O
                         net (fo=2, routed)           0.458    16.449    GEN_BRAM.u_core/alu/u_mul/u_mul/GEN_ARRAY.u_mul/u_csa_row0/GEN_CSA_FA[1].u_fa/stage_carry[13]_49[23]
    SLICE_X7Y3           LUT5 (Prop_lut5_I3_O)        0.053    16.502 r  GEN_BRAM.u_core/alu/u_mul/u_mul/GEN_ARRAY.u_mul/u_csa_row0/GEN_CSA_FA[1].u_fa/result[24]_INST_0_i_85/O
                         net (fo=3, routed)           0.571    17.073    GEN_BRAM.u_core/alu/u_mul/u_mul/GEN_ARRAY.u_mul/u_csa_row0/GEN_CSA_FA[1].u_fa/stage_sum[14]_36[23]
    SLICE_X5Y4           LUT5 (Prop_lut5_I1_O)        0.053    17.126 r  GEN_BRAM.u_core/alu/u_mul/u_mul/GEN_ARRAY.u_mul/u_csa_row0/GEN_CSA_FA[1].u_fa/result[24]_INST_0_i_65/O
                         net (fo=3, routed)           0.396    17.522    GEN_BRAM.u_core/alu/u_mul/u_mul/GEN_ARRAY.u_mul/u_csa_row0/GEN_CSA_FA[1].u_fa/stage_sum[16]_35[23]
    SLICE_X4Y5           LUT3 (Prop_lut3_I1_O)        0.053    17.575 r  GEN_BRAM.u_core/alu/u_mul/u_mul/GEN_ARRAY.u_mul/u_csa_row0/GEN_CSA_FA[1].u_fa/result[24]_INST_0_i_72/O
                         net (fo=2, routed)           0.466    18.041    GEN_BRAM.u_core/alu/u_mul/u_mul/GEN_ARRAY.u_mul/u_csa_row0/GEN_CSA_FA[1].u_fa/stage_carry[17]_51[24]
    SLICE_X4Y5           LUT5 (Prop_lut5_I3_O)        0.053    18.094 r  GEN_BRAM.u_core/alu/u_mul/u_mul/GEN_ARRAY.u_mul/u_csa_row0/GEN_CSA_FA[1].u_fa/result[26]_INST_0_i_49/O
                         net (fo=3, routed)           0.442    18.536    GEN_BRAM.u_core/alu/u_mul/u_mul/GEN_ARRAY.u_mul/u_csa_row0/GEN_CSA_FA[1].u_fa/stage_carry[18]_16[25]
    SLICE_X4Y3           LUT3 (Prop_lut3_I0_O)        0.053    18.589 r  GEN_BRAM.u_core/alu/u_mul/u_mul/GEN_ARRAY.u_mul/u_csa_row0/GEN_CSA_FA[1].u_fa/result[26]_INST_0_i_57/O
                         net (fo=2, routed)           0.415    19.004    GEN_BRAM.u_core/alu/u_mul/u_mul/GEN_ARRAY.u_mul/u_csa_row0/GEN_CSA_FA[1].u_fa/stage_carry[19]_52[26]
    SLICE_X3Y3           LUT5 (Prop_lut5_I3_O)        0.053    19.057 r  GEN_BRAM.u_core/alu/u_mul/u_mul/GEN_ARRAY.u_mul/u_csa_row0/GEN_CSA_FA[1].u_fa/result[26]_INST_0_i_35/O
                         net (fo=3, routed)           0.764    19.821    GEN_BRAM.u_core/alu/u_mul/u_mul/GEN_ARRAY.u_mul/u_csa_row0/GEN_CSA_FA[1].u_fa/stage_sum[20]_33[26]
    SLICE_X8Y5           LUT5 (Prop_lut5_I1_O)        0.053    19.874 r  GEN_BRAM.u_core/alu/u_mul/u_mul/GEN_ARRAY.u_mul/u_csa_row0/GEN_CSA_FA[1].u_fa/result[28]_INST_0_i_39/O
                         net (fo=3, routed)           0.641    20.515    GEN_BRAM.u_core/alu/u_mul/u_mul/GEN_ARRAY.u_mul/u_csa_row0/GEN_CSA_FA[1].u_fa/stage_carry[22]_20[27]
    SLICE_X2Y4           LUT3 (Prop_lut3_I0_O)        0.053    20.568 r  GEN_BRAM.u_core/alu/u_mul/u_mul/GEN_ARRAY.u_mul/u_csa_row0/GEN_CSA_FA[1].u_fa/result[28]_INST_0_i_47/O
                         net (fo=2, routed)           0.412    20.980    GEN_BRAM.u_core/alu/u_mul/u_mul/GEN_ARRAY.u_mul/u_csa_row0/GEN_CSA_FA[1].u_fa/stage_carry[23]_54[28]
    SLICE_X1Y4           LUT5 (Prop_lut5_I3_O)        0.053    21.033 r  GEN_BRAM.u_core/alu/u_mul/u_mul/GEN_ARRAY.u_mul/u_csa_row0/GEN_CSA_FA[1].u_fa/result[28]_INST_0_i_26/O
                         net (fo=2, routed)           0.771    21.804    GEN_BRAM.u_core/alu/u_mul/u_mul/GEN_ARRAY.u_mul/u_csa_row0/GEN_CSA_FA[1].u_fa/stage_sum[24]_31[28]
    SLICE_X13Y6          LUT3 (Prop_lut3_I1_O)        0.053    21.857 r  GEN_BRAM.u_core/alu/u_mul/u_mul/GEN_ARRAY.u_mul/u_csa_row0/GEN_CSA_FA[1].u_fa/result[30]_INST_0_i_20/O
                         net (fo=2, routed)           0.304    22.162    GEN_BRAM.u_core/alu/u_mul/u_mul/GEN_ARRAY.u_mul/u_csa_row0/GEN_CSA_FA[1].u_fa/stage_carry[25]_55[29]
    SLICE_X13Y6          LUT5 (Prop_lut5_I3_O)        0.053    22.215 r  GEN_BRAM.u_core/alu/u_mul/u_mul/GEN_ARRAY.u_mul/u_csa_row0/GEN_CSA_FA[1].u_fa/result[30]_INST_0_i_14/O
                         net (fo=2, routed)           0.445    22.659    GEN_BRAM.u_core/alu/u_mul/u_mul/GEN_ARRAY.u_mul/u_csa_row0/GEN_CSA_FA[1].u_fa/stage_carry[26]_24[30]
    SLICE_X14Y7          LUT3 (Prop_lut3_I0_O)        0.053    22.712 r  GEN_BRAM.u_core/alu/u_mul/u_mul/GEN_ARRAY.u_mul/u_csa_row0/GEN_CSA_FA[1].u_fa/result[31]_INST_0_i_33/O
                         net (fo=2, routed)           0.467    23.180    GEN_BRAM.u_core/alu/u_mul/u_mul/GEN_ARRAY.u_mul/u_csa_row0/GEN_CSA_FA[1].u_fa/stage_carry[27]_56[31]
    SLICE_X14Y7          LUT5 (Prop_lut5_I3_O)        0.053    23.233 r  GEN_BRAM.u_core/alu/u_mul/u_mul/GEN_ARRAY.u_mul/u_csa_row0/GEN_CSA_FA[1].u_fa/result[31]_INST_0_i_18/O
                         net (fo=2, routed)           0.469    23.702    GEN_BRAM.u_core/alu/u_mul/u_mul/GEN_ARRAY.u_mul/u_csa_row0/GEN_CSA_FA[1].u_fa/stage_sum[28]_29[31]
    SLICE_X15Y7          LUT5 (Prop_lut5_I3_O)        0.053    23.755 r  GEN_BRAM.u_core/alu/u_mul/u_mul/GEN_ARRAY.u_mul/u_csa_row0/GEN_CSA_FA[1].u_fa/result[1]_INST_0_i_5/O
                         net (fo=4, routed)           0.571    24.325    GEN_BRAM.u_core/alu/u_mul/u_mul/GEN_ARRAY.u_mul/u_csa_row0/GEN_CSA_FA[1].u_fa/stage_carry[29]_59[32]
    SLICE_X11Y7          LUT5 (Prop_lut5_I3_O)        0.068    24.393 r  GEN_BRAM.u_core/alu/u_mul/u_mul/GEN_ARRAY.u_mul/u_csa_row0/GEN_CSA_FA[1].u_fa/result[1]_INST_0_i_6/O
                         net (fo=2, routed)           0.407    24.800    GEN_BRAM.u_core/alu/u_mul/u_mul/GEN_ARRAY.u_mul/u_csa_row0/GEN_CSA_FA[1].u_fa/u_final_cpa/GEN_FINAL_FA[32].u_fa/c2
    SLICE_X11Y8          LUT5 (Prop_lut5_I2_O)        0.180    24.980 r  GEN_BRAM.u_core/alu/u_mul/u_mul/GEN_ARRAY.u_mul/u_csa_row0/GEN_CSA_FA[1].u_fa/result[2]_INST_0_i_9/O
                         net (fo=2, routed)           0.448    25.428    GEN_BRAM.u_core/alu/u_mul/u_mul/GEN_ARRAY.u_mul/u_csa_row0/GEN_CSA_FA[1].u_fa/u_final_cpa/GEN_FINAL_FA[33].u_fa/c2
    SLICE_X11Y8          LUT5 (Prop_lut5_I2_O)        0.187    25.615 r  GEN_BRAM.u_core/alu/u_mul/u_mul/GEN_ARRAY.u_mul/u_csa_row0/GEN_CSA_FA[1].u_fa/result[4]_INST_0_i_14/O
                         net (fo=3, routed)           0.371    25.986    GEN_BRAM.u_core/alu/u_mul/u_mul/GEN_ARRAY.u_mul/u_csa_row0/GEN_CSA_FA[1].u_fa/u_final_cpa/c_35
    SLICE_X12Y9          LUT6 (Prop_lut6_I4_O)        0.169    26.155 r  GEN_BRAM.u_core/alu/u_mul/u_mul/GEN_ARRAY.u_mul/u_csa_row0/GEN_CSA_FA[1].u_fa/result[6]_INST_0_i_12/O
                         net (fo=3, routed)           0.518    26.673    GEN_BRAM.u_core/alu/u_mul/u_mul/GEN_ARRAY.u_mul/u_csa_row0/GEN_CSA_FA[1].u_fa/u_final_cpa/c_37
    SLICE_X12Y9          LUT6 (Prop_lut6_I4_O)        0.053    26.726 r  GEN_BRAM.u_core/alu/u_mul/u_mul/GEN_ARRAY.u_mul/u_csa_row0/GEN_CSA_FA[1].u_fa/result[8]_INST_0_i_13/O
                         net (fo=3, routed)           0.310    27.036    GEN_BRAM.u_core/alu/u_mul/u_mul/GEN_ARRAY.u_mul/u_csa_row0/GEN_CSA_FA[1].u_fa/u_final_cpa/c_39
    SLICE_X13Y9          LUT6 (Prop_lut6_I4_O)        0.053    27.089 r  GEN_BRAM.u_core/alu/u_mul/u_mul/GEN_ARRAY.u_mul/u_csa_row0/GEN_CSA_FA[1].u_fa/result[10]_INST_0_i_12/O
                         net (fo=3, routed)           0.343    27.432    GEN_BRAM.u_core/alu/u_mul/u_mul/GEN_ARRAY.u_mul/u_csa_row0/GEN_CSA_FA[1].u_fa/u_final_cpa/c_41
    SLICE_X13Y10         LUT6 (Prop_lut6_I4_O)        0.053    27.485 r  GEN_BRAM.u_core/alu/u_mul/u_mul/GEN_ARRAY.u_mul/u_csa_row0/GEN_CSA_FA[1].u_fa/result[12]_INST_0_i_13/O
                         net (fo=3, routed)           0.341    27.826    GEN_BRAM.u_core/alu/u_mul/u_mul/GEN_ARRAY.u_mul/u_csa_row0/GEN_CSA_FA[1].u_fa/u_final_cpa/c_43
    SLICE_X14Y11         LUT6 (Prop_lut6_I4_O)        0.053    27.879 r  GEN_BRAM.u_core/alu/u_mul/u_mul/GEN_ARRAY.u_mul/u_csa_row0/GEN_CSA_FA[1].u_fa/result[14]_INST_0_i_12/O
                         net (fo=3, routed)           0.222    28.101    GEN_BRAM.u_core/alu/u_mul/u_mul/GEN_ARRAY.u_mul/u_csa_row0/GEN_CSA_FA[1].u_fa/u_final_cpa/c_45
    SLICE_X14Y11         LUT6 (Prop_lut6_I4_O)        0.053    28.154 r  GEN_BRAM.u_core/alu/u_mul/u_mul/GEN_ARRAY.u_mul/u_csa_row0/GEN_CSA_FA[1].u_fa/result[16]_INST_0_i_13/O
                         net (fo=3, routed)           0.287    28.441    GEN_BRAM.u_core/alu/u_mul/u_mul/GEN_ARRAY.u_mul/u_csa_row0/GEN_CSA_FA[1].u_fa/u_final_cpa/c_47
    SLICE_X15Y11         LUT6 (Prop_lut6_I4_O)        0.053    28.494 r  GEN_BRAM.u_core/alu/u_mul/u_mul/GEN_ARRAY.u_mul/u_csa_row0/GEN_CSA_FA[1].u_fa/result[18]_INST_0_i_12/O
                         net (fo=3, routed)           0.338    28.832    GEN_BRAM.u_core/alu/u_mul/u_mul/GEN_ARRAY.u_mul/u_csa_row0/GEN_CSA_FA[1].u_fa/u_final_cpa/c_49
    SLICE_X14Y12         LUT6 (Prop_lut6_I4_O)        0.053    28.885 r  GEN_BRAM.u_core/alu/u_mul/u_mul/GEN_ARRAY.u_mul/u_csa_row0/GEN_CSA_FA[1].u_fa/result[20]_INST_0_i_13/O
                         net (fo=3, routed)           0.252    29.138    GEN_BRAM.u_core/alu/u_mul/u_mul/GEN_ARRAY.u_mul/u_csa_row0/GEN_CSA_FA[1].u_fa/u_final_cpa/c_51
    SLICE_X14Y13         LUT6 (Prop_lut6_I4_O)        0.053    29.191 r  GEN_BRAM.u_core/alu/u_mul/u_mul/GEN_ARRAY.u_mul/u_csa_row0/GEN_CSA_FA[1].u_fa/result[22]_INST_0_i_12/O
                         net (fo=3, routed)           0.300    29.491    GEN_BRAM.u_core/alu/u_mul/u_mul/GEN_ARRAY.u_mul/u_csa_row0/GEN_CSA_FA[1].u_fa/u_final_cpa/c_53
    SLICE_X13Y13         LUT6 (Prop_lut6_I4_O)        0.053    29.544 r  GEN_BRAM.u_core/alu/u_mul/u_mul/GEN_ARRAY.u_mul/u_csa_row0/GEN_CSA_FA[1].u_fa/result[24]_INST_0_i_13/O
                         net (fo=3, routed)           0.204    29.748    GEN_BRAM.u_core/alu/u_mul/u_mul/GEN_ARRAY.u_mul/u_csa_row0/GEN_CSA_FA[1].u_fa/u_final_cpa/c_55
    SLICE_X13Y13         LUT6 (Prop_lut6_I4_O)        0.053    29.801 r  GEN_BRAM.u_core/alu/u_mul/u_mul/GEN_ARRAY.u_mul/u_csa_row0/GEN_CSA_FA[1].u_fa/result[26]_INST_0_i_12/O
                         net (fo=3, routed)           0.367    30.169    GEN_BRAM.u_core/alu/u_mul/u_mul/GEN_ARRAY.u_mul/u_csa_row0/GEN_CSA_FA[1].u_fa/u_final_cpa/c_57
    SLICE_X13Y14         LUT6 (Prop_lut6_I4_O)        0.053    30.222 r  GEN_BRAM.u_core/alu/u_mul/u_mul/GEN_ARRAY.u_mul/u_csa_row0/GEN_CSA_FA[1].u_fa/result[28]_INST_0_i_13/O
                         net (fo=3, routed)           0.241    30.462    GEN_BRAM.u_core/alu/u_mul/u_mul/GEN_ARRAY.u_mul/u_csa_row0/GEN_CSA_FA[1].u_fa/u_final_cpa/c_59
    SLICE_X13Y14         LUT6 (Prop_lut6_I4_O)        0.053    30.515 r  GEN_BRAM.u_core/alu/u_mul/u_mul/GEN_ARRAY.u_mul/u_csa_row0/GEN_CSA_FA[1].u_fa/result[31]_INST_0_i_13/O
                         net (fo=3, routed)           0.369    30.884    GEN_BRAM.u_core/alu/u_mul/u_mul/GEN_ARRAY.u_mul/u_csa_row0/GEN_CSA_FA[1].u_fa/u_final_cpa/c_61
    SLICE_X11Y15         LUT5 (Prop_lut5_I4_O)        0.053    30.937 r  GEN_BRAM.u_core/alu/u_mul/u_mul/GEN_ARRAY.u_mul/u_csa_row0/GEN_CSA_FA[1].u_fa/result[29]_INST_0_i_2/O
                         net (fo=2, routed)           0.000    30.937    GEN_BRAM.u_core/alu/u_mul/u_mul/GEN_ARRAY.u_mul/u_csa_row0/GEN_CSA_FA[1].u_fa/p_0_in[61]
    SLICE_X11Y15         CARRY4 (Prop_carry4_S[0]_O[1])
                                                      0.271    31.208 r  GEN_BRAM.u_core/alu/u_mul/u_mul/GEN_ARRAY.u_mul/u_csa_row0/GEN_CSA_FA[1].u_fa/result[31]_INST_0_i_6/O[1]
                         net (fo=1, routed)           0.428    31.636    GEN_BRAM.u_core/alu/u_mul/u_mul/GEN_ARRAY.u_mul/u_csa_row0/GEN_CSA_FA[1].u_fa/signed_product0[62]
    SLICE_X13Y15         LUT6 (Prop_lut6_I5_O)        0.152    31.788 r  GEN_BRAM.u_core/alu/u_mul/u_mul/GEN_ARRAY.u_mul/u_csa_row0/GEN_CSA_FA[1].u_fa/result[30]_INST_0/O
                         net (fo=1, routed)           0.377    32.165    GEN_BRAM.u_core/reg_file/result[26]
    SLICE_X14Y16         LUT6 (Prop_lut6_I2_O)        0.053    32.218 r  GEN_BRAM.u_core/reg_file/debug_alu_out_OBUF[30]_inst_i_4/O
                         net (fo=1, routed)           0.235    32.453    GEN_BRAM.u_core/reg_file/debug_alu_out_OBUF[30]_inst_i_4_n_0
    SLICE_X15Y17         LUT6 (Prop_lut6_I5_O)        0.053    32.506 r  GEN_BRAM.u_core/reg_file/debug_alu_out_OBUF[30]_inst_i_1/O
                         net (fo=3, routed)           0.255    32.761    GEN_BRAM.u_core/reg_file/debug_alu_out_OBUF[17]
    SLICE_X15Y18         LUT6 (Prop_lut6_I0_O)        0.053    32.814 r  GEN_BRAM.u_core/reg_file/pc[30]_i_1/O
                         net (fo=1, routed)           0.000    32.814    GEN_BRAM.u_core/pc[30]
    SLICE_X15Y18         FDCE                                         r  GEN_BRAM.u_core/pc_reg[30]/D
  -------------------------------------------------------------------    -------------------

                         (clock sys_clk rise edge)   30.000    30.000 r  
    AD23                                              0.000    30.000 r  clk (IN)
                         net (fo=0)                   0.000    30.000    clk
    AD23                 IBUF (Prop_ibuf_I_O)         0.796    30.796 r  clk_IBUF_inst/O
                         net (fo=1, routed)           1.741    32.537    clk_IBUF
    BUFGCTRL_X0Y0        BUFG (Prop_bufg_I_O)         0.113    32.650 r  clk_IBUF_BUFG_inst/O
                         net (fo=350, routed)         1.535    34.185    GEN_BRAM.u_core/clk_IBUF_BUFG
    SLICE_X15Y18         FDCE                                         r  GEN_BRAM.u_core/pc_reg[30]/C
                         clock pessimism              0.256    34.442    
                         clock uncertainty           -0.035    34.406    
    SLICE_X15Y18         FDCE (Setup_fdce_C_D)        0.035    34.441    GEN_BRAM.u_core/pc_reg[30]
  -------------------------------------------------------------------
                         required time                         34.441    
                         arrival time                         -32.814    
  -------------------------------------------------------------------
                         slack                                  1.627    

Slack (MET) :             1.697ns  (required time - arrival time)
  Source:                 GEN_BRAM.u_core/ir_reg[20]/C
                            (rising edge-triggered cell FDCE clocked by sys_clk  {rise@0.000ns fall@15.000ns period=30.000ns})
  Destination:            GEN_BRAM.u_core/reg_file/registers_reg_r2_0_31_24_29/RAMA_D1/I
                            (rising edge-triggered cell RAMD32 clocked by sys_clk  {rise@0.000ns fall@15.000ns period=30.000ns})
  Path Group:             sys_clk
  Path Type:              Setup (Max at Slow Process Corner)
  Requirement:            30.000ns  (sys_clk rise@30.000ns - sys_clk rise@0.000ns)
  Data Path Delay:        28.071ns  (logic 3.770ns (13.430%)  route 24.301ns (86.570%))
  Logic Levels:           52  (CARRY4=1 LUT3=11 LUT4=1 LUT5=20 LUT6=18 RAMD32=1)
  Clock Path Skew:        -0.030ns (DCD - SCD + CPR)
    Destination Clock Delay (DCD):    4.188ns = ( 34.188 - 30.000 ) 
    Source Clock Delay      (SCD):    4.475ns
    Clock Pessimism Removal (CPR):    0.256ns
  Clock Uncertainty:      0.035ns  ((TSJ^2 + TIJ^2)^1/2 + DJ) / 2 + PE
    Total System Jitter     (TSJ):    0.071ns
    Total Input Jitter      (TIJ):    0.000ns
    Discrete Jitter          (DJ):    0.000ns
    Phase Error              (PE):    0.000ns

    Location             Delay type                Incr(ns)  Path(ns)    Netlist Resource(s)
  -------------------------------------------------------------------    -------------------
                         (clock sys_clk rise edge)    0.000     0.000 r  
    AD23                                              0.000     0.000 r  clk (IN)
                         net (fo=0)                   0.000     0.000    clk
    AD23                 IBUF (Prop_ibuf_I_O)         0.873     0.873 r  clk_IBUF_inst/O
                         net (fo=1, routed)           1.830     2.703    clk_IBUF
    BUFGCTRL_X0Y0        BUFG (Prop_bufg_I_O)         0.120     2.823 r  clk_IBUF_BUFG_inst/O
                         net (fo=350, routed)         1.652     4.475    GEN_BRAM.u_core/clk_IBUF_BUFG
    SLICE_X8Y12          FDCE                                         r  GEN_BRAM.u_core/ir_reg[20]/C
  -------------------------------------------------------------------    -------------------
    SLICE_X8Y12          FDCE (Prop_fdce_C_Q)         0.308     4.783 r  GEN_BRAM.u_core/ir_reg[20]/Q
                         net (fo=66, routed)          0.961     5.744    GEN_BRAM.u_core/reg_file/registers_reg_r2_0_31_30_31__0/DPRA0
    SLICE_X10Y15         RAMD32 (Prop_ramd32_RADR0_O)
                                                      0.053     5.797 f  GEN_BRAM.u_core/reg_file/registers_reg_r2_0_31_30_31__0/DP/O
                         net (fo=42, routed)          0.763     6.560    GEN_BRAM.u_core/alu_mux_b/dataR20[26]
    SLICE_X9Y18          LUT6 (Prop_lut6_I3_O)        0.053     6.613 r  GEN_BRAM.u_core/alu_mux_b/u_mul_i_1/O
                         net (fo=52, routed)          0.620     7.233    GEN_BRAM.u_core/alu/u_mul/u_mul/GEN_ARRAY.u_mul/u_csa_row0/GEN_CSA_FA[1].u_fa/result[30]_INST_0_i_11_n_0
    SLICE_X10Y11         LUT4 (Prop_lut4_I3_O)        0.056     7.289 r  GEN_BRAM.u_core/alu/u_mul/u_mul/GEN_ARRAY.u_mul/u_csa_row0/GEN_CSA_FA[1].u_fa/result[4]_INST_0_i_7/O
                         net (fo=111, routed)         1.034     8.323    GEN_BRAM.u_core/alu/u_mul/u_mul/GEN_ARRAY.u_mul/u_csa_row0/GEN_CSA_FA[1].u_fa/result[4]_INST_0_i_7_n_0
    SLICE_X6Y14          LUT6 (Prop_lut6_I4_O)        0.168     8.491 r  GEN_BRAM.u_core/alu/u_mul/u_mul/GEN_ARRAY.u_mul/u_csa_row0/GEN_CSA_FA[1].u_fa/result[14]_INST_0_i_130/O
                         net (fo=2, routed)           0.355     8.846    GEN_BRAM.u_core/alu/u_mul/u_mul/GEN_ARRAY.u_mul/u_csa_row0/GEN_CSA_FA[1].u_fa/pp[2]_91[13]
    SLICE_X6Y13          LUT6 (Prop_lut6_I5_O)        0.053     8.899 r  GEN_BRAM.u_core/alu/u_mul/u_mul/GEN_ARRAY.u_mul/u_csa_row0/GEN_CSA_FA[1].u_fa/result[14]_INST_0_i_114/O
                         net (fo=3, routed)           0.768     9.667    GEN_BRAM.u_core/alu/u_mul/u_mul/GEN_ARRAY.u_mul/u_csa_row0/GEN_CSA_FA[1].u_fa/stage_carry[0]_58[14]
    SLICE_X15Y13         LUT3 (Prop_lut3_I0_O)        0.053     9.720 r  GEN_BRAM.u_core/alu/u_mul/u_mul/GEN_ARRAY.u_mul/u_csa_row0/GEN_CSA_FA[1].u_fa/result[16]_INST_0_i_147/O
                         net (fo=2, routed)           0.241     9.961    GEN_BRAM.u_core/alu/u_mul/u_mul/GEN_ARRAY.u_mul/u_csa_row0/GEN_CSA_FA[1].u_fa/stage_carry[1]_43[15]
    SLICE_X17Y13         LUT5 (Prop_lut5_I3_O)        0.053    10.014 r  GEN_BRAM.u_core/alu/u_mul/u_mul/GEN_ARRAY.u_mul/u_csa_row0/GEN_CSA_FA[1].u_fa/result[16]_INST_0_i_125/O
                         net (fo=3, routed)           1.041    11.054    GEN_BRAM.u_core/alu/u_mul/u_mul/GEN_ARRAY.u_mul/u_csa_row0/GEN_CSA_FA[1].u_fa/stage_sum[2]_42[15]
    SLICE_X7Y13          LUT5 (Prop_lut5_I1_O)        0.053    11.107 r  GEN_BRAM.u_core/alu/u_mul/u_mul/GEN_ARRAY.u_mul/u_csa_row0/GEN_CSA_FA[1].u_fa/result[16]_INST_0_i_109/O
                         net (fo=3, routed)           0.720    11.827    GEN_BRAM.u_core/alu/u_mul/u_mul/GEN_ARRAY.u_mul/u_csa_row0/GEN_CSA_FA[1].u_fa/stage_carry[4]_2[16]
    SLICE_X16Y12         LUT3 (Prop_lut3_I0_O)        0.053    11.880 r  GEN_BRAM.u_core/alu/u_mul/u_mul/GEN_ARRAY.u_mul/u_csa_row0/GEN_CSA_FA[1].u_fa/result[18]_INST_0_i_112/O
                         net (fo=2, routed)           0.577    12.457    GEN_BRAM.u_core/alu/u_mul/u_mul/GEN_ARRAY.u_mul/u_csa_row0/GEN_CSA_FA[1].u_fa/stage_carry[5]_45[17]
    SLICE_X16Y10         LUT5 (Prop_lut5_I3_O)        0.053    12.510 r  GEN_BRAM.u_core/alu/u_mul/u_mul/GEN_ARRAY.u_mul/u_csa_row0/GEN_CSA_FA[1].u_fa/result[18]_INST_0_i_94/O
                         net (fo=3, routed)           0.643    13.153    GEN_BRAM.u_core/alu/u_mul/u_mul/GEN_ARRAY.u_mul/u_csa_row0/GEN_CSA_FA[1].u_fa/stage_carry[6]_4[18]
    SLICE_X16Y8          LUT3 (Prop_lut3_I0_O)        0.053    13.206 r  GEN_BRAM.u_core/alu/u_mul/u_mul/GEN_ARRAY.u_mul/u_csa_row0/GEN_CSA_FA[1].u_fa/result[20]_INST_0_i_127/O
                         net (fo=2, routed)           0.310    13.516    GEN_BRAM.u_core/alu/u_mul/u_mul/GEN_ARRAY.u_mul/u_csa_row0/GEN_CSA_FA[1].u_fa/stage_carry[7]_46[19]
    SLICE_X15Y8          LUT5 (Prop_lut5_I3_O)        0.053    13.569 r  GEN_BRAM.u_core/alu/u_mul/u_mul/GEN_ARRAY.u_mul/u_csa_row0/GEN_CSA_FA[1].u_fa/result[20]_INST_0_i_109/O
                         net (fo=3, routed)           0.416    13.985    GEN_BRAM.u_core/alu/u_mul/u_mul/GEN_ARRAY.u_mul/u_csa_row0/GEN_CSA_FA[1].u_fa/stage_carry[8]_6[20]
    SLICE_X15Y5          LUT3 (Prop_lut3_I0_O)        0.053    14.038 r  GEN_BRAM.u_core/alu/u_mul/u_mul/GEN_ARRAY.u_mul/u_csa_row0/GEN_CSA_FA[1].u_fa/result[22]_INST_0_i_107/O
                         net (fo=2, routed)           0.316    14.354    GEN_BRAM.u_core/alu/u_mul/u_mul/GEN_ARRAY.u_mul/u_csa_row0/GEN_CSA_FA[1].u_fa/stage_carry[9]_47[21]
    SLICE_X15Y5          LUT5 (Prop_lut5_I3_O)        0.053    14.407 r  GEN_BRAM.u_core/alu/u_mul/u_mul/GEN_ARRAY.u_mul/u_csa_row0/GEN_CSA_FA[1].u_fa/result[22]_INST_0_i_90/O
                         net (fo=3, routed)           0.526    14.933    GEN_BRAM.u_core/alu/u_mul/u_mul/GEN_ARRAY.u_mul/u_csa_row0/GEN_CSA_FA[1].u_fa/stage_sum[10]_38[21]
    SLICE_X6Y4           LUT3 (Prop_lut3_I1_O)        0.053    14.986 r  GEN_BRAM.u_core/alu/u_mul/u_mul/GEN_ARRAY.u_mul/u_csa_row0/GEN_CSA_FA[1].u_fa/result[22]_INST_0_i_97/O
                         net (fo=2, routed)           0.577    15.563    GEN_BRAM.u_core/alu/u_mul/u_mul/GEN_ARRAY.u_mul/u_csa_row0/GEN_CSA_FA[1].u_fa/stage_carry[11]_48[22]
    SLICE_X7Y4           LUT5 (Prop_lut5_I3_O)        0.053    15.616 r  GEN_BRAM.u_core/alu/u_mul/u_mul/GEN_ARRAY.u_mul/u_csa_row0/GEN_CSA_FA[1].u_fa/result[22]_INST_0_i_75/O
                         net (fo=3, routed)           0.322    15.938    GEN_BRAM.u_core/alu/u_mul/u_mul/GEN_ARRAY.u_mul/u_csa_row0/GEN_CSA_FA[1].u_fa/stage_sum[12]_37[22]
    SLICE_X6Y3           LUT3 (Prop_lut3_I1_O)        0.053    15.991 r  GEN_BRAM.u_core/alu/u_mul/u_mul/GEN_ARRAY.u_mul/u_csa_row0/GEN_CSA_FA[1].u_fa/result[24]_INST_0_i_102/O
                         net (fo=2, routed)           0.458    16.449    GEN_BRAM.u_core/alu/u_mul/u_mul/GEN_ARRAY.u_mul/u_csa_row0/GEN_CSA_FA[1].u_fa/stage_carry[13]_49[23]
    SLICE_X7Y3           LUT5 (Prop_lut5_I3_O)        0.053    16.502 r  GEN_BRAM.u_core/alu/u_mul/u_mul/GEN_ARRAY.u_mul/u_csa_row0/GEN_CSA_FA[1].u_fa/result[24]_INST_0_i_85/O
                         net (fo=3, routed)           0.571    17.073    GEN_BRAM.u_core/alu/u_mul/u_mul/GEN_ARRAY.u_mul/u_csa_row0/GEN_CSA_FA[1].u_fa/stage_sum[14]_36[23]
    SLICE_X5Y4           LUT5 (Prop_lut5_I1_O)        0.053    17.126 r  GEN_BRAM.u_core/alu/u_mul/u_mul/GEN_ARRAY.u_mul/u_csa_row0/GEN_CSA_FA[1].u_fa/result[24]_INST_0_i_65/O
                         net (fo=3, routed)           0.396    17.522    GEN_BRAM.u_core/alu/u_mul/u_mul/GEN_ARRAY.u_mul/u_csa_row0/GEN_CSA_FA[1].u_fa/stage_sum[16]_35[23]
    SLICE_X4Y5           LUT3 (Prop_lut3_I1_O)        0.053    17.575 r  GEN_BRAM.u_core/alu/u_mul/u_mul/GEN_ARRAY.u_mul/u_csa_row0/GEN_CSA_FA[1].u_fa/result[24]_INST_0_i_72/O
                         net (fo=2, routed)           0.466    18.041    GEN_BRAM.u_core/alu/u_mul/u_mul/GEN_ARRAY.u_mul/u_csa_row0/GEN_CSA_FA[1].u_fa/stage_carry[17]_51[24]
    SLICE_X4Y5           LUT5 (Prop_lut5_I3_O)        0.053    18.094 r  GEN_BRAM.u_core/alu/u_mul/u_mul/GEN_ARRAY.u_mul/u_csa_row0/GEN_CSA_FA[1].u_fa/result[26]_INST_0_i_49/O
                         net (fo=3, routed)           0.442    18.536    GEN_BRAM.u_core/alu/u_mul/u_mul/GEN_ARRAY.u_mul/u_csa_row0/GEN_CSA_FA[1].u_fa/stage_carry[18]_16[25]
    SLICE_X4Y3           LUT3 (Prop_lut3_I0_O)        0.053    18.589 r  GEN_BRAM.u_core/alu/u_mul/u_mul/GEN_ARRAY.u_mul/u_csa_row0/GEN_CSA_FA[1].u_fa/result[26]_INST_0_i_57/O
                         net (fo=2, routed)           0.415    19.004    GEN_BRAM.u_core/alu/u_mul/u_mul/GEN_ARRAY.u_mul/u_csa_row0/GEN_CSA_FA[1].u_fa/stage_carry[19]_52[26]
    SLICE_X3Y3           LUT5 (Prop_lut5_I3_O)        0.053    19.057 r  GEN_BRAM.u_core/alu/u_mul/u_mul/GEN_ARRAY.u_mul/u_csa_row0/GEN_CSA_FA[1].u_fa/result[26]_INST_0_i_35/O
                         net (fo=3, routed)           0.764    19.821    GEN_BRAM.u_core/alu/u_mul/u_mul/GEN_ARRAY.u_mul/u_csa_row0/GEN_CSA_FA[1].u_fa/stage_sum[20]_33[26]
    SLICE_X8Y5           LUT5 (Prop_lut5_I1_O)        0.053    19.874 r  GEN_BRAM.u_core/alu/u_mul/u_mul/GEN_ARRAY.u_mul/u_csa_row0/GEN_CSA_FA[1].u_fa/result[28]_INST_0_i_39/O
                         net (fo=3, routed)           0.641    20.515    GEN_BRAM.u_core/alu/u_mul/u_mul/GEN_ARRAY.u_mul/u_csa_row0/GEN_CSA_FA[1].u_fa/stage_carry[22]_20[27]
    SLICE_X2Y4           LUT3 (Prop_lut3_I0_O)        0.053    20.568 r  GEN_BRAM.u_core/alu/u_mul/u_mul/GEN_ARRAY.u_mul/u_csa_row0/GEN_CSA_FA[1].u_fa/result[28]_INST_0_i_47/O
                         net (fo=2, routed)           0.412    20.980    GEN_BRAM.u_core/alu/u_mul/u_mul/GEN_ARRAY.u_mul/u_csa_row0/GEN_CSA_FA[1].u_fa/stage_carry[23]_54[28]
    SLICE_X1Y4           LUT5 (Prop_lut5_I3_O)        0.053    21.033 r  GEN_BRAM.u_core/alu/u_mul/u_mul/GEN_ARRAY.u_mul/u_csa_row0/GEN_CSA_FA[1].u_fa/result[28]_INST_0_i_26/O
                         net (fo=2, routed)           0.771    21.804    GEN_BRAM.u_core/alu/u_mul/u_mul/GEN_ARRAY.u_mul/u_csa_row0/GEN_CSA_FA[1].u_fa/stage_sum[24]_31[28]
    SLICE_X13Y6          LUT3 (Prop_lut3_I1_O)        0.053    21.857 r  GEN_BRAM.u_core/alu/u_mul/u_mul/GEN_ARRAY.u_mul/u_csa_row0/GEN_CSA_FA[1].u_fa/result[30]_INST_0_i_20/O
                         net (fo=2, routed)           0.304    22.162    GEN_BRAM.u_core/alu/u_mul/u_mul/GEN_ARRAY.u_mul/u_csa_row0/GEN_CSA_FA[1].u_fa/stage_carry[25]_55[29]
    SLICE_X13Y6          LUT5 (Prop_lut5_I3_O)        0.053    22.215 r  GEN_BRAM.u_core/alu/u_mul/u_mul/GEN_ARRAY.u_mul/u_csa_row0/GEN_CSA_FA[1].u_fa/result[30]_INST_0_i_14/O
                         net (fo=2, routed)           0.445    22.659    GEN_BRAM.u_core/alu/u_mul/u_mul/GEN_ARRAY.u_mul/u_csa_row0/GEN_CSA_FA[1].u_fa/stage_carry[26]_24[30]
    SLICE_X14Y7          LUT3 (Prop_lut3_I0_O)        0.053    22.712 r  GEN_BRAM.u_core/alu/u_mul/u_mul/GEN_ARRAY.u_mul/u_csa_row0/GEN_CSA_FA[1].u_fa/result[31]_INST_0_i_33/O
                         net (fo=2, routed)           0.467    23.180    GEN_BRAM.u_core/alu/u_mul/u_mul/GEN_ARRAY.u_mul/u_csa_row0/GEN_CSA_FA[1].u_fa/stage_carry[27]_56[31]
    SLICE_X14Y7          LUT5 (Prop_lut5_I3_O)        0.053    23.233 r  GEN_BRAM.u_core/alu/u_mul/u_mul/GEN_ARRAY.u_mul/u_csa_row0/GEN_CSA_FA[1].u_fa/result[31]_INST_0_i_18/O
                         net (fo=2, routed)           0.469    23.702    GEN_BRAM.u_core/alu/u_mul/u_mul/GEN_ARRAY.u_mul/u_csa_row0/GEN_CSA_FA[1].u_fa/stage_sum[28]_29[31]
    SLICE_X15Y7          LUT5 (Prop_lut5_I3_O)        0.053    23.755 r  GEN_BRAM.u_core/alu/u_mul/u_mul/GEN_ARRAY.u_mul/u_csa_row0/GEN_CSA_FA[1].u_fa/result[1]_INST_0_i_5/O
                         net (fo=4, routed)           0.571    24.325    GEN_BRAM.u_core/alu/u_mul/u_mul/GEN_ARRAY.u_mul/u_csa_row0/GEN_CSA_FA[1].u_fa/stage_carry[29]_59[32]
    SLICE_X11Y7          LUT5 (Prop_lut5_I3_O)        0.068    24.393 r  GEN_BRAM.u_core/alu/u_mul/u_mul/GEN_ARRAY.u_mul/u_csa_row0/GEN_CSA_FA[1].u_fa/result[1]_INST_0_i_6/O
                         net (fo=2, routed)           0.407    24.800    GEN_BRAM.u_core/alu/u_mul/u_mul/GEN_ARRAY.u_mul/u_csa_row0/GEN_CSA_FA[1].u_fa/u_final_cpa/GEN_FINAL_FA[32].u_fa/c2
    SLICE_X11Y8          LUT5 (Prop_lut5_I2_O)        0.180    24.980 r  GEN_BRAM.u_core/alu/u_mul/u_mul/GEN_ARRAY.u_mul/u_csa_row0/GEN_CSA_FA[1].u_fa/result[2]_INST_0_i_9/O
                         net (fo=2, routed)           0.448    25.428    GEN_BRAM.u_core/alu/u_mul/u_mul/GEN_ARRAY.u_mul/u_csa_row0/GEN_CSA_FA[1].u_fa/u_final_cpa/GEN_FINAL_FA[33].u_fa/c2
    SLICE_X11Y8          LUT5 (Prop_lut5_I2_O)        0.187    25.615 r  GEN_BRAM.u_core/alu/u_mul/u_mul/GEN_ARRAY.u_mul/u_csa_row0/GEN_CSA_FA[1].u_fa/result[4]_INST_0_i_14/O
                         net (fo=3, routed)           0.371    25.986    GEN_BRAM.u_core/alu/u_mul/u_mul/GEN_ARRAY.u_mul/u_csa_row0/GEN_CSA_FA[1].u_fa/u_final_cpa/c_35
    SLICE_X12Y9          LUT6 (Prop_lut6_I4_O)        0.169    26.155 r  GEN_BRAM.u_core/alu/u_mul/u_mul/GEN_ARRAY.u_mul/u_csa_row0/GEN_CSA_FA[1].u_fa/result[6]_INST_0_i_12/O
                         net (fo=3, routed)           0.518    26.673    GEN_BRAM.u_core/alu/u_mul/u_mul/GEN_ARRAY.u_mul/u_csa_row0/GEN_CSA_FA[1].u_fa/u_final_cpa/c_37
    SLICE_X12Y9          LUT6 (Prop_lut6_I4_O)        0.053    26.726 r  GEN_BRAM.u_core/alu/u_mul/u_mul/GEN_ARRAY.u_mul/u_csa_row0/GEN_CSA_FA[1].u_fa/result[8]_INST_0_i_13/O
                         net (fo=3, routed)           0.310    27.036    GEN_BRAM.u_core/alu/u_mul/u_mul/GEN_ARRAY.u_mul/u_csa_row0/GEN_CSA_FA[1].u_fa/u_final_cpa/c_39
    SLICE_X13Y9          LUT6 (Prop_lut6_I4_O)        0.053    27.089 r  GEN_BRAM.u_core/alu/u_mul/u_mul/GEN_ARRAY.u_mul/u_csa_row0/GEN_CSA_FA[1].u_fa/result[10]_INST_0_i_12/O
                         net (fo=3, routed)           0.343    27.432    GEN_BRAM.u_core/alu/u_mul/u_mul/GEN_ARRAY.u_mul/u_csa_row0/GEN_CSA_FA[1].u_fa/u_final_cpa/c_41
    SLICE_X13Y10         LUT6 (Prop_lut6_I4_O)        0.053    27.485 r  GEN_BRAM.u_core/alu/u_mul/u_mul/GEN_ARRAY.u_mul/u_csa_row0/GEN_CSA_FA[1].u_fa/result[12]_INST_0_i_13/O
                         net (fo=3, routed)           0.341    27.826    GEN_BRAM.u_core/alu/u_mul/u_mul/GEN_ARRAY.u_mul/u_csa_row0/GEN_CSA_FA[1].u_fa/u_final_cpa/c_43
    SLICE_X14Y11         LUT6 (Prop_lut6_I4_O)        0.053    27.879 r  GEN_BRAM.u_core/alu/u_mul/u_mul/GEN_ARRAY.u_mul/u_csa_row0/GEN_CSA_FA[1].u_fa/result[14]_INST_0_i_12/O
                         net (fo=3, routed)           0.222    28.101    GEN_BRAM.u_core/alu/u_mul/u_mul/GEN_ARRAY.u_mul/u_csa_row0/GEN_CSA_FA[1].u_fa/u_final_cpa/c_45
    SLICE_X14Y11         LUT6 (Prop_lut6_I4_O)        0.053    28.154 r  GEN_BRAM.u_core/alu/u_mul/u_mul/GEN_ARRAY.u_mul/u_csa_row0/GEN_CSA_FA[1].u_fa/result[16]_INST_0_i_13/O
                         net (fo=3, routed)           0.287    28.441    GEN_BRAM.u_core/alu/u_mul/u_mul/GEN_ARRAY.u_mul/u_csa_row0/GEN_CSA_FA[1].u_fa/u_final_cpa/c_47
    SLICE_X15Y11         LUT6 (Prop_lut6_I4_O)        0.053    28.494 r  GEN_BRAM.u_core/alu/u_mul/u_mul/GEN_ARRAY.u_mul/u_csa_row0/GEN_CSA_FA[1].u_fa/result[18]_INST_0_i_12/O
                         net (fo=3, routed)           0.338    28.832    GEN_BRAM.u_core/alu/u_mul/u_mul/GEN_ARRAY.u_mul/u_csa_row0/GEN_CSA_FA[1].u_fa/u_final_cpa/c_49
    SLICE_X14Y12         LUT6 (Prop_lut6_I4_O)        0.053    28.885 r  GEN_BRAM.u_core/alu/u_mul/u_mul/GEN_ARRAY.u_mul/u_csa_row0/GEN_CSA_FA[1].u_fa/result[20]_INST_0_i_13/O
                         net (fo=3, routed)           0.252    29.138    GEN_BRAM.u_core/alu/u_mul/u_mul/GEN_ARRAY.u_mul/u_csa_row0/GEN_CSA_FA[1].u_fa/u_final_cpa/c_51
    SLICE_X14Y13         LUT6 (Prop_lut6_I4_O)        0.053    29.191 r  GEN_BRAM.u_core/alu/u_mul/u_mul/GEN_ARRAY.u_mul/u_csa_row0/GEN_CSA_FA[1].u_fa/result[22]_INST_0_i_12/O
                         net (fo=3, routed)           0.300    29.491    GEN_BRAM.u_core/alu/u_mul/u_mul/GEN_ARRAY.u_mul/u_csa_row0/GEN_CSA_FA[1].u_fa/u_final_cpa/c_53
    SLICE_X13Y13         LUT6 (Prop_lut6_I4_O)        0.053    29.544 r  GEN_BRAM.u_core/alu/u_mul/u_mul/GEN_ARRAY.u_mul/u_csa_row0/GEN_CSA_FA[1].u_fa/result[24]_INST_0_i_13/O
                         net (fo=3, routed)           0.204    29.748    GEN_BRAM.u_core/alu/u_mul/u_mul/GEN_ARRAY.u_mul/u_csa_row0/GEN_CSA_FA[1].u_fa/u_final_cpa/c_55
    SLICE_X13Y13         LUT6 (Prop_lut6_I4_O)        0.053    29.801 r  GEN_BRAM.u_core/alu/u_mul/u_mul/GEN_ARRAY.u_mul/u_csa_row0/GEN_CSA_FA[1].u_fa/result[26]_INST_0_i_12/O
                         net (fo=3, routed)           0.368    30.170    GEN_BRAM.u_core/alu/u_mul/u_mul/GEN_ARRAY.u_mul/u_csa_row0/GEN_CSA_FA[1].u_fa/u_final_cpa/c_57
    SLICE_X11Y14         LUT5 (Prop_lut5_I4_O)        0.053    30.223 r  GEN_BRAM.u_core/alu/u_mul/u_mul/GEN_ARRAY.u_mul/u_csa_row0/GEN_CSA_FA[1].u_fa/result[25]_INST_0_i_2/O
                         net (fo=2, routed)           0.000    30.223    GEN_BRAM.u_core/alu/u_mul/u_mul/GEN_ARRAY.u_mul/u_csa_row0/GEN_CSA_FA[1].u_fa/p_0_in[57]
    SLICE_X11Y14         CARRY4 (Prop_carry4_S[0]_O[0])
                                                      0.147    30.370 r  GEN_BRAM.u_core/alu/u_mul/u_mul/GEN_ARRAY.u_mul/u_csa_row0/GEN_CSA_FA[1].u_fa/result[28]_INST_0_i_4/O[0]
                         net (fo=1, routed)           0.346    30.716    GEN_BRAM.u_core/alu/u_mul/u_mul/GEN_ARRAY.u_mul/u_csa_row0/GEN_CSA_FA[1].u_fa/signed_product0[57]
    SLICE_X12Y14         LUT5 (Prop_lut5_I4_O)        0.155    30.871 r  GEN_BRAM.u_core/alu/u_mul/u_mul/GEN_ARRAY.u_mul/u_csa_row0/GEN_CSA_FA[1].u_fa/result[25]_INST_0/O
                         net (fo=1, routed)           0.254    31.125    GEN_BRAM.u_core/alu_mux_b/result[2]
    SLICE_X15Y15         LUT6 (Prop_lut6_I2_O)        0.053    31.178 r  GEN_BRAM.u_core/alu_mux_b/debug_alu_out_OBUF[25]_inst_i_4/O
                         net (fo=1, routed)           0.131    31.309    GEN_BRAM.u_core/reg_file/pc_reg[25]
    SLICE_X15Y15         LUT6 (Prop_lut6_I5_O)        0.053    31.362 r  GEN_BRAM.u_core/reg_file/debug_alu_out_OBUF[25]_inst_i_1/O
                         net (fo=3, routed)           0.318    31.680    GEN_BRAM.u_core/wb_mux/debug_alu_out_OBUF[25]
    SLICE_X15Y17         LUT6 (Prop_lut6_I0_O)        0.053    31.733 r  GEN_BRAM.u_core/wb_mux/registers_reg_r1_0_31_24_29_i_8/O
                         net (fo=1, routed)           0.278    32.011    GEN_BRAM.u_core/divider/wb_exec[25]
    SLICE_X14Y17         LUT6 (Prop_lut6_I5_O)        0.053    32.064 r  GEN_BRAM.u_core/divider/registers_reg_r1_0_31_24_29_i_1/O
                         net (fo=2, routed)           0.482    32.546    GEN_BRAM.u_core/reg_file/registers_reg_r2_0_31_24_29/DIA1
    SLICE_X12Y15         RAMD32                                       r  GEN_BRAM.u_core/reg_file/registers_reg_r2_0_31_24_29/RAMA_D1/I
  -------------------------------------------------------------------    -------------------

                         (clock sys_clk rise edge)   30.000    30.000 r  
    AD23                                              0.000    30.000 r  clk (IN)
                         net (fo=0)                   0.000    30.000    clk
    AD23                 IBUF (Prop_ibuf_I_O)         0.796    30.796 r  clk_IBUF_inst/O
                         net (fo=1, routed)           1.741    32.537    clk_IBUF
    BUFGCTRL_X0Y0        BUFG (Prop_bufg_I_O)         0.113    32.650 r  clk_IBUF_BUFG_inst/O
                         net (fo=350, routed)         1.538    34.188    GEN_BRAM.u_core/reg_file/registers_reg_r2_0_31_24_29/WCLK
    SLICE_X12Y15         RAMD32                                       r  GEN_BRAM.u_core/reg_file/registers_reg_r2_0_31_24_29/RAMA_D1/CLK
                         clock pessimism              0.256    34.445    
                         clock uncertainty           -0.035    34.409    
    SLICE_X12Y15         RAMD32 (Setup_ramd32_CLK_I)
                                                     -0.166    34.243    GEN_BRAM.u_core/reg_file/registers_reg_r2_0_31_24_29/RAMA_D1
  -------------------------------------------------------------------
                         required time                         34.243    
                         arrival time                         -32.546    
  -------------------------------------------------------------------
                         slack                                  1.697    

Slack (MET) :             1.735ns  (required time - arrival time)
  Source:                 GEN_BRAM.u_core/ir_reg[20]/C
                            (rising edge-triggered cell FDCE clocked by sys_clk  {rise@0.000ns fall@15.000ns period=30.000ns})
  Destination:            GEN_BRAM.u_core/reg_file/registers_reg_r1_0_31_24_29/RAMA/I
                            (rising edge-triggered cell RAMD32 clocked by sys_clk  {rise@0.000ns fall@15.000ns period=30.000ns})
  Path Group:             sys_clk
  Path Type:              Setup (Max at Slow Process Corner)
  Requirement:            30.000ns  (sys_clk rise@30.000ns - sys_clk rise@0.000ns)
  Data Path Delay:        28.085ns  (logic 3.770ns (13.423%)  route 24.315ns (86.577%))
  Logic Levels:           51  (CARRY4=1 LUT3=11 LUT4=1 LUT5=19 LUT6=18 RAMD32=1)
  Clock Path Skew:        -0.031ns (DCD - SCD + CPR)
    Destination Clock Delay (DCD):    4.187ns = ( 34.187 - 30.000 ) 
    Source Clock Delay      (SCD):    4.475ns
    Clock Pessimism Removal (CPR):    0.256ns
  Clock Uncertainty:      0.035ns  ((TSJ^2 + TIJ^2)^1/2 + DJ) / 2 + PE
    Total System Jitter     (TSJ):    0.071ns
    Total Input Jitter      (TIJ):    0.000ns
    Discrete Jitter          (DJ):    0.000ns
    Phase Error              (PE):    0.000ns

    Location             Delay type                Incr(ns)  Path(ns)    Netlist Resource(s)
  -------------------------------------------------------------------    -------------------
                         (clock sys_clk rise edge)    0.000     0.000 r  
    AD23                                              0.000     0.000 r  clk (IN)
                         net (fo=0)                   0.000     0.000    clk
    AD23                 IBUF (Prop_ibuf_I_O)         0.873     0.873 r  clk_IBUF_inst/O
                         net (fo=1, routed)           1.830     2.703    clk_IBUF
    BUFGCTRL_X0Y0        BUFG (Prop_bufg_I_O)         0.120     2.823 r  clk_IBUF_BUFG_inst/O
                         net (fo=350, routed)         1.652     4.475    GEN_BRAM.u_core/clk_IBUF_BUFG
    SLICE_X8Y12          FDCE                                         r  GEN_BRAM.u_core/ir_reg[20]/C
  -------------------------------------------------------------------    -------------------
    SLICE_X8Y12          FDCE (Prop_fdce_C_Q)         0.308     4.783 r  GEN_BRAM.u_core/ir_reg[20]/Q
                         net (fo=66, routed)          0.961     5.744    GEN_BRAM.u_core/reg_file/registers_reg_r2_0_31_30_31__0/DPRA0
    SLICE_X10Y15         RAMD32 (Prop_ramd32_RADR0_O)
                                                      0.053     5.797 f  GEN_BRAM.u_core/reg_file/registers_reg_r2_0_31_30_31__0/DP/O
                         net (fo=42, routed)          0.763     6.560    GEN_BRAM.u_core/alu_mux_b/dataR20[26]
    SLICE_X9Y18          LUT6 (Prop_lut6_I3_O)        0.053     6.613 r  GEN_BRAM.u_core/alu_mux_b/u_mul_i_1/O
                         net (fo=52, routed)          0.620     7.233    GEN_BRAM.u_core/alu/u_mul/u_mul/GEN_ARRAY.u_mul/u_csa_row0/GEN_CSA_FA[1].u_fa/result[30]_INST_0_i_11_n_0
    SLICE_X10Y11         LUT4 (Prop_lut4_I3_O)        0.056     7.289 r  GEN_BRAM.u_core/alu/u_mul/u_mul/GEN_ARRAY.u_mul/u_csa_row0/GEN_CSA_FA[1].u_fa/result[4]_INST_0_i_7/O
                         net (fo=111, routed)         1.034     8.323    GEN_BRAM.u_core/alu/u_mul/u_mul/GEN_ARRAY.u_mul/u_csa_row0/GEN_CSA_FA[1].u_fa/result[4]_INST_0_i_7_n_0
    SLICE_X6Y14          LUT6 (Prop_lut6_I4_O)        0.168     8.491 r  GEN_BRAM.u_core/alu/u_mul/u_mul/GEN_ARRAY.u_mul/u_csa_row0/GEN_CSA_FA[1].u_fa/result[14]_INST_0_i_130/O
                         net (fo=2, routed)           0.355     8.846    GEN_BRAM.u_core/alu/u_mul/u_mul/GEN_ARRAY.u_mul/u_csa_row0/GEN_CSA_FA[1].u_fa/pp[2]_91[13]
    SLICE_X6Y13          LUT6 (Prop_lut6_I5_O)        0.053     8.899 r  GEN_BRAM.u_core/alu/u_mul/u_mul/GEN_ARRAY.u_mul/u_csa_row0/GEN_CSA_FA[1].u_fa/result[14]_INST_0_i_114/O
                         net (fo=3, routed)           0.768     9.667    GEN_BRAM.u_core/alu/u_mul/u_mul/GEN_ARRAY.u_mul/u_csa_row0/GEN_CSA_FA[1].u_fa/stage_carry[0]_58[14]
    SLICE_X15Y13         LUT3 (Prop_lut3_I0_O)        0.053     9.720 r  GEN_BRAM.u_core/alu/u_mul/u_mul/GEN_ARRAY.u_mul/u_csa_row0/GEN_CSA_FA[1].u_fa/result[16]_INST_0_i_147/O
                         net (fo=2, routed)           0.241     9.961    GEN_BRAM.u_core/alu/u_mul/u_mul/GEN_ARRAY.u_mul/u_csa_row0/GEN_CSA_FA[1].u_fa/stage_carry[1]_43[15]
    SLICE_X17Y13         LUT5 (Prop_lut5_I3_O)        0.053    10.014 r  GEN_BRAM.u_core/alu/u_mul/u_mul/GEN_ARRAY.u_mul/u_csa_row0/GEN_CSA_FA[1].u_fa/result[16]_INST_0_i_125/O
                         net (fo=3, routed)           1.041    11.054    GEN_BRAM.u_core/alu/u_mul/u_mul/GEN_ARRAY.u_mul/u_csa_row0/GEN_CSA_FA[1].u_fa/stage_sum[2]_42[15]
    SLICE_X7Y13          LUT5 (Prop_lut5_I1_O)        0.053    11.107 r  GEN_BRAM.u_core/alu/u_mul/u_mul/GEN_ARRAY.u_mul/u_csa_row0/GEN_CSA_FA[1].u_fa/result[16]_INST_0_i_109/O
                         net (fo=3, routed)           0.720    11.827    GEN_BRAM.u_core/alu/u_mul/u_mul/GEN_ARRAY.u_mul/u_csa_row0/GEN_CSA_FA[1].u_fa/stage_carry[4]_2[16]
    SLICE_X16Y12         LUT3 (Prop_lut3_I0_O)        0.053    11.880 r  GEN_BRAM.u_core/alu/u_mul/u_mul/GEN_ARRAY.u_mul/u_csa_row0/GEN_CSA_FA[1].u_fa/result[18]_INST_0_i_112/O
                         net (fo=2, routed)           0.577    12.457    GEN_BRAM.u_core/alu/u_mul/u_mul/GEN_ARRAY.u_mul/u_csa_row0/GEN_CSA_FA[1].u_fa/stage_carry[5]_45[17]
    SLICE_X16Y10         LUT5 (Prop_lut5_I3_O)        0.053    12.510 r  GEN_BRAM.u_core/alu/u_mul/u_mul/GEN_ARRAY.u_mul/u_csa_row0/GEN_CSA_FA[1].u_fa/result[18]_INST_0_i_94/O
                         net (fo=3, routed)           0.643    13.153    GEN_BRAM.u_core/alu/u_mul/u_mul/GEN_ARRAY.u_mul/u_csa_row0/GEN_CSA_FA[1].u_fa/stage_carry[6]_4[18]
    SLICE_X16Y8          LUT3 (Prop_lut3_I0_O)        0.053    13.206 r  GEN_BRAM.u_core/alu/u_mul/u_mul/GEN_ARRAY.u_mul/u_csa_row0/GEN_CSA_FA[1].u_fa/result[20]_INST_0_i_127/O
                         net (fo=2, routed)           0.310    13.516    GEN_BRAM.u_core/alu/u_mul/u_mul/GEN_ARRAY.u_mul/u_csa_row0/GEN_CSA_FA[1].u_fa/stage_carry[7]_46[19]
    SLICE_X15Y8          LUT5 (Prop_lut5_I3_O)        0.053    13.569 r  GEN_BRAM.u_core/alu/u_mul/u_mul/GEN_ARRAY.u_mul/u_csa_row0/GEN_CSA_FA[1].u_fa/result[20]_INST_0_i_109/O
                         net (fo=3, routed)           0.416    13.985    GEN_BRAM.u_core/alu/u_mul/u_mul/GEN_ARRAY.u_mul/u_csa_row0/GEN_CSA_FA[1].u_fa/stage_carry[8]_6[20]
    SLICE_X15Y5          LUT3 (Prop_lut3_I0_O)        0.053    14.038 r  GEN_BRAM.u_core/alu/u_mul/u_mul/GEN_ARRAY.u_mul/u_csa_row0/GEN_CSA_FA[1].u_fa/result[22]_INST_0_i_107/O
                         net (fo=2, routed)           0.316    14.354    GEN_BRAM.u_core/alu/u_mul/u_mul/GEN_ARRAY.u_mul/u_csa_row0/GEN_CSA_FA[1].u_fa/stage_carry[9]_47[21]
    SLICE_X15Y5          LUT5 (Prop_lut5_I3_O)        0.053    14.407 r  GEN_BRAM.u_core/alu/u_mul/u_mul/GEN_ARRAY.u_mul/u_csa_row0/GEN_CSA_FA[1].u_fa/result[22]_INST_0_i_90/O
                         net (fo=3, routed)           0.526    14.933    GEN_BRAM.u_core/alu/u_mul/u_mul/GEN_ARRAY.u_mul/u_csa_row0/GEN_CSA_FA[1].u_fa/stage_sum[10]_38[21]
    SLICE_X6Y4           LUT3 (Prop_lut3_I1_O)        0.053    14.986 r  GEN_BRAM.u_core/alu/u_mul/u_mul/GEN_ARRAY.u_mul/u_csa_row0/GEN_CSA_FA[1].u_fa/result[22]_INST_0_i_97/O
                         net (fo=2, routed)           0.577    15.563    GEN_BRAM.u_core/alu/u_mul/u_mul/GEN_ARRAY.u_mul/u_csa_row0/GEN_CSA_FA[1].u_fa/stage_carry[11]_48[22]
    SLICE_X7Y4           LUT5 (Prop_lut5_I3_O)        0.053    15.616 r  GEN_BRAM.u_core/alu/u_mul/u_mul/GEN_ARRAY.u_mul/u_csa_row0/GEN_CSA_FA[1].u_fa/result[22]_INST_0_i_75/O
                         net (fo=3, routed)           0.322    15.938    GEN_BRAM.u_core/alu/u_mul/u_mul/GEN_ARRAY.u_mul/u_csa_row0/GEN_CSA_FA[1].u_fa/stage_sum[12]_37[22]
    SLICE_X6Y3           LUT3 (Prop_lut3_I1_O)        0.053    15.991 r  GEN_BRAM.u_core/alu/u_mul/u_mul/GEN_ARRAY.u_mul/u_csa_row0/GEN_CSA_FA[1].u_fa/result[24]_INST_0_i_102/O
                         net (fo=2, routed)           0.458    16.449    GEN_BRAM.u_core/alu/u_mul/u_mul/GEN_ARRAY.u_mul/u_csa_row0/GEN_CSA_FA[1].u_fa/stage_carry[13]_49[23]
    SLICE_X7Y3           LUT5 (Prop_lut5_I3_O)        0.053    16.502 r  GEN_BRAM.u_core/alu/u_mul/u_mul/GEN_ARRAY.u_mul/u_csa_row0/GEN_CSA_FA[1].u_fa/result[24]_INST_0_i_85/O
                         net (fo=3, routed)           0.571    17.073    GEN_BRAM.u_core/alu/u_mul/u_mul/GEN_ARRAY.u_mul/u_csa_row0/GEN_CSA_FA[1].u_fa/stage_sum[14]_36[23]
    SLICE_X5Y4           LUT5 (Prop_lut5_I1_O)        0.053    17.126 r  GEN_BRAM.u_core/alu/u_mul/u_mul/GEN_ARRAY.u_mul/u_csa_row0/GEN_CSA_FA[1].u_fa/result[24]_INST_0_i_65/O
                         net (fo=3, routed)           0.396    17.522    GEN_BRAM.u_core/alu/u_mul/u_mul/GEN_ARRAY.u_mul/u_csa_row0/GEN_CSA_FA[1].u_fa/stage_sum[16]_35[23]
    SLICE_X4Y5           LUT3 (Prop_lut3_I1_O)        0.053    17.575 r  GEN_BRAM.u_core/alu/u_mul/u_mul/GEN_ARRAY.u_mul/u_csa_row0/GEN_CSA_FA[1].u_fa/result[24]_INST_0_i_72/O
                         net (fo=2, routed)           0.466    18.041    GEN_BRAM.u_core/alu/u_mul/u_mul/GEN_ARRAY.u_mul/u_csa_row0/GEN_CSA_FA[1].u_fa/stage_carry[17]_51[24]
    SLICE_X4Y5           LUT5 (Prop_lut5_I3_O)        0.053    18.094 r  GEN_BRAM.u_core/alu/u_mul/u_mul/GEN_ARRAY.u_mul/u_csa_row0/GEN_CSA_FA[1].u_fa/result[26]_INST_0_i_49/O
                         net (fo=3, routed)           0.442    18.536    GEN_BRAM.u_core/alu/u_mul/u_mul/GEN_ARRAY.u_mul/u_csa_row0/GEN_CSA_FA[1].u_fa/stage_carry[18]_16[25]
    SLICE_X4Y3           LUT3 (Prop_lut3_I0_O)        0.053    18.589 r  GEN_BRAM.u_core/alu/u_mul/u_mul/GEN_ARRAY.u_mul/u_csa_row0/GEN_CSA_FA[1].u_fa/result[26]_INST_0_i_57/O
                         net (fo=2, routed)           0.415    19.004    GEN_BRAM.u_core/alu/u_mul/u_mul/GEN_ARRAY.u_mul/u_csa_row0/GEN_CSA_FA[1].u_fa/stage_carry[19]_52[26]
    SLICE_X3Y3           LUT5 (Prop_lut5_I3_O)        0.053    19.057 r  GEN_BRAM.u_core/alu/u_mul/u_mul/GEN_ARRAY.u_mul/u_csa_row0/GEN_CSA_FA[1].u_fa/result[26]_INST_0_i_35/O
                         net (fo=3, routed)           0.764    19.821    GEN_BRAM.u_core/alu/u_mul/u_mul/GEN_ARRAY.u_mul/u_csa_row0/GEN_CSA_FA[1].u_fa/stage_sum[20]_33[26]
    SLICE_X8Y5           LUT5 (Prop_lut5_I1_O)        0.053    19.874 r  GEN_BRAM.u_core/alu/u_mul/u_mul/GEN_ARRAY.u_mul/u_csa_row0/GEN_CSA_FA[1].u_fa/result[28]_INST_0_i_39/O
                         net (fo=3, routed)           0.641    20.515    GEN_BRAM.u_core/alu/u_mul/u_mul/GEN_ARRAY.u_mul/u_csa_row0/GEN_CSA_FA[1].u_fa/stage_carry[22]_20[27]
    SLICE_X2Y4           LUT3 (Prop_lut3_I0_O)        0.053    20.568 r  GEN_BRAM.u_core/alu/u_mul/u_mul/GEN_ARRAY.u_mul/u_csa_row0/GEN_CSA_FA[1].u_fa/result[28]_INST_0_i_47/O
                         net (fo=2, routed)           0.412    20.980    GEN_BRAM.u_core/alu/u_mul/u_mul/GEN_ARRAY.u_mul/u_csa_row0/GEN_CSA_FA[1].u_fa/stage_carry[23]_54[28]
    SLICE_X1Y4           LUT5 (Prop_lut5_I3_O)        0.053    21.033 r  GEN_BRAM.u_core/alu/u_mul/u_mul/GEN_ARRAY.u_mul/u_csa_row0/GEN_CSA_FA[1].u_fa/result[28]_INST_0_i_26/O
                         net (fo=2, routed)           0.771    21.804    GEN_BRAM.u_core/alu/u_mul/u_mul/GEN_ARRAY.u_mul/u_csa_row0/GEN_CSA_FA[1].u_fa/stage_sum[24]_31[28]
    SLICE_X13Y6          LUT3 (Prop_lut3_I1_O)        0.053    21.857 r  GEN_BRAM.u_core/alu/u_mul/u_mul/GEN_ARRAY.u_mul/u_csa_row0/GEN_CSA_FA[1].u_fa/result[30]_INST_0_i_20/O
                         net (fo=2, routed)           0.304    22.162    GEN_BRAM.u_core/alu/u_mul/u_mul/GEN_ARRAY.u_mul/u_csa_row0/GEN_CSA_FA[1].u_fa/stage_carry[25]_55[29]
    SLICE_X13Y6          LUT5 (Prop_lut5_I3_O)        0.053    22.215 r  GEN_BRAM.u_core/alu/u_mul/u_mul/GEN_ARRAY.u_mul/u_csa_row0/GEN_CSA_FA[1].u_fa/result[30]_INST_0_i_14/O
                         net (fo=2, routed)           0.445    22.659    GEN_BRAM.u_core/alu/u_mul/u_mul/GEN_ARRAY.u_mul/u_csa_row0/GEN_CSA_FA[1].u_fa/stage_carry[26]_24[30]
    SLICE_X14Y7          LUT3 (Prop_lut3_I0_O)        0.053    22.712 r  GEN_BRAM.u_core/alu/u_mul/u_mul/GEN_ARRAY.u_mul/u_csa_row0/GEN_CSA_FA[1].u_fa/result[31]_INST_0_i_33/O
                         net (fo=2, routed)           0.467    23.180    GEN_BRAM.u_core/alu/u_mul/u_mul/GEN_ARRAY.u_mul/u_csa_row0/GEN_CSA_FA[1].u_fa/stage_carry[27]_56[31]
    SLICE_X14Y7          LUT5 (Prop_lut5_I3_O)        0.053    23.233 r  GEN_BRAM.u_core/alu/u_mul/u_mul/GEN_ARRAY.u_mul/u_csa_row0/GEN_CSA_FA[1].u_fa/result[31]_INST_0_i_18/O
                         net (fo=2, routed)           0.469    23.702    GEN_BRAM.u_core/alu/u_mul/u_mul/GEN_ARRAY.u_mul/u_csa_row0/GEN_CSA_FA[1].u_fa/stage_sum[28]_29[31]
    SLICE_X15Y7          LUT5 (Prop_lut5_I3_O)        0.053    23.755 r  GEN_BRAM.u_core/alu/u_mul/u_mul/GEN_ARRAY.u_mul/u_csa_row0/GEN_CSA_FA[1].u_fa/result[1]_INST_0_i_5/O
                         net (fo=4, routed)           0.571    24.325    GEN_BRAM.u_core/alu/u_mul/u_mul/GEN_ARRAY.u_mul/u_csa_row0/GEN_CSA_FA[1].u_fa/stage_carry[29]_59[32]
    SLICE_X11Y7          LUT5 (Prop_lut5_I3_O)        0.068    24.393 r  GEN_BRAM.u_core/alu/u_mul/u_mul/GEN_ARRAY.u_mul/u_csa_row0/GEN_CSA_FA[1].u_fa/result[1]_INST_0_i_6/O
                         net (fo=2, routed)           0.407    24.800    GEN_BRAM.u_core/alu/u_mul/u_mul/GEN_ARRAY.u_mul/u_csa_row0/GEN_CSA_FA[1].u_fa/u_final_cpa/GEN_FINAL_FA[32].u_fa/c2
    SLICE_X11Y8          LUT5 (Prop_lut5_I2_O)        0.180    24.980 r  GEN_BRAM.u_core/alu/u_mul/u_mul/GEN_ARRAY.u_mul/u_csa_row0/GEN_CSA_FA[1].u_fa/result[2]_INST_0_i_9/O
                         net (fo=2, routed)           0.448    25.428    GEN_BRAM.u_core/alu/u_mul/u_mul/GEN_ARRAY.u_mul/u_csa_row0/GEN_CSA_FA[1].u_fa/u_final_cpa/GEN_FINAL_FA[33].u_fa/c2
    SLICE_X11Y8          LUT5 (Prop_lut5_I2_O)        0.187    25.615 r  GEN_BRAM.u_core/alu/u_mul/u_mul/GEN_ARRAY.u_mul/u_csa_row0/GEN_CSA_FA[1].u_fa/result[4]_INST_0_i_14/O
                         net (fo=3, routed)           0.371    25.986    GEN_BRAM.u_core/alu/u_mul/u_mul/GEN_ARRAY.u_mul/u_csa_row0/GEN_CSA_FA[1].u_fa/u_final_cpa/c_35
    SLICE_X12Y9          LUT6 (Prop_lut6_I4_O)        0.169    26.155 r  GEN_BRAM.u_core/alu/u_mul/u_mul/GEN_ARRAY.u_mul/u_csa_row0/GEN_CSA_FA[1].u_fa/result[6]_INST_0_i_12/O
                         net (fo=3, routed)           0.518    26.673    GEN_BRAM.u_core/alu/u_mul/u_mul/GEN_ARRAY.u_mul/u_csa_row0/GEN_CSA_FA[1].u_fa/u_final_cpa/c_37
    SLICE_X12Y9          LUT6 (Prop_lut6_I4_O)        0.053    26.726 r  GEN_BRAM.u_core/alu/u_mul/u_mul/GEN_ARRAY.u_mul/u_csa_row0/GEN_CSA_FA[1].u_fa/result[8]_INST_0_i_13/O
                         net (fo=3, routed)           0.310    27.036    GEN_BRAM.u_core/alu/u_mul/u_mul/GEN_ARRAY.u_mul/u_csa_row0/GEN_CSA_FA[1].u_fa/u_final_cpa/c_39
    SLICE_X13Y9          LUT6 (Prop_lut6_I4_O)        0.053    27.089 r  GEN_BRAM.u_core/alu/u_mul/u_mul/GEN_ARRAY.u_mul/u_csa_row0/GEN_CSA_FA[1].u_fa/result[10]_INST_0_i_12/O
                         net (fo=3, routed)           0.343    27.432    GEN_BRAM.u_core/alu/u_mul/u_mul/GEN_ARRAY.u_mul/u_csa_row0/GEN_CSA_FA[1].u_fa/u_final_cpa/c_41
    SLICE_X13Y10         LUT6 (Prop_lut6_I4_O)        0.053    27.485 r  GEN_BRAM.u_core/alu/u_mul/u_mul/GEN_ARRAY.u_mul/u_csa_row0/GEN_CSA_FA[1].u_fa/result[12]_INST_0_i_13/O
                         net (fo=3, routed)           0.341    27.826    GEN_BRAM.u_core/alu/u_mul/u_mul/GEN_ARRAY.u_mul/u_csa_row0/GEN_CSA_FA[1].u_fa/u_final_cpa/c_43
    SLICE_X14Y11         LUT6 (Prop_lut6_I4_O)        0.053    27.879 r  GEN_BRAM.u_core/alu/u_mul/u_mul/GEN_ARRAY.u_mul/u_csa_row0/GEN_CSA_FA[1].u_fa/result[14]_INST_0_i_12/O
                         net (fo=3, routed)           0.222    28.101    GEN_BRAM.u_core/alu/u_mul/u_mul/GEN_ARRAY.u_mul/u_csa_row0/GEN_CSA_FA[1].u_fa/u_final_cpa/c_45
    SLICE_X14Y11         LUT6 (Prop_lut6_I4_O)        0.053    28.154 r  GEN_BRAM.u_core/alu/u_mul/u_mul/GEN_ARRAY.u_mul/u_csa_row0/GEN_CSA_FA[1].u_fa/result[16]_INST_0_i_13/O
                         net (fo=3, routed)           0.287    28.441    GEN_BRAM.u_core/alu/u_mul/u_mul/GEN_ARRAY.u_mul/u_csa_row0/GEN_CSA_FA[1].u_fa/u_final_cpa/c_47
    SLICE_X15Y11         LUT6 (Prop_lut6_I4_O)        0.053    28.494 r  GEN_BRAM.u_core/alu/u_mul/u_mul/GEN_ARRAY.u_mul/u_csa_row0/GEN_CSA_FA[1].u_fa/result[18]_INST_0_i_12/O
                         net (fo=3, routed)           0.338    28.832    GEN_BRAM.u_core/alu/u_mul/u_mul/GEN_ARRAY.u_mul/u_csa_row0/GEN_CSA_FA[1].u_fa/u_final_cpa/c_49
    SLICE_X14Y12         LUT6 (Prop_lut6_I4_O)        0.053    28.885 r  GEN_BRAM.u_core/alu/u_mul/u_mul/GEN_ARRAY.u_mul/u_csa_row0/GEN_CSA_FA[1].u_fa/result[20]_INST_0_i_13/O
                         net (fo=3, routed)           0.252    29.138    GEN_BRAM.u_core/alu/u_mul/u_mul/GEN_ARRAY.u_mul/u_csa_row0/GEN_CSA_FA[1].u_fa/u_final_cpa/c_51
    SLICE_X14Y13         LUT6 (Prop_lut6_I4_O)        0.053    29.191 r  GEN_BRAM.u_core/alu/u_mul/u_mul/GEN_ARRAY.u_mul/u_csa_row0/GEN_CSA_FA[1].u_fa/result[22]_INST_0_i_12/O
                         net (fo=3, routed)           0.300    29.491    GEN_BRAM.u_core/alu/u_mul/u_mul/GEN_ARRAY.u_mul/u_csa_row0/GEN_CSA_FA[1].u_fa/u_final_cpa/c_53
    SLICE_X13Y13         LUT6 (Prop_lut6_I4_O)        0.053    29.544 r  GEN_BRAM.u_core/alu/u_mul/u_mul/GEN_ARRAY.u_mul/u_csa_row0/GEN_CSA_FA[1].u_fa/result[24]_INST_0_i_13/O
                         net (fo=3, routed)           0.263    29.807    GEN_BRAM.u_core/alu/u_mul/u_mul/GEN_ARRAY.u_mul/u_csa_row0/GEN_CSA_FA[1].u_fa/u_final_cpa/c_55
    SLICE_X11Y13         LUT5 (Prop_lut5_I4_O)        0.053    29.860 r  GEN_BRAM.u_core/alu/u_mul/u_mul/GEN_ARRAY.u_mul/u_csa_row0/GEN_CSA_FA[1].u_fa/result[23]_INST_0_i_2/O
                         net (fo=2, routed)           0.000    29.860    GEN_BRAM.u_core/alu/u_mul/u_mul/GEN_ARRAY.u_mul/u_csa_row0/GEN_CSA_FA[1].u_fa/p_0_in[55]
    SLICE_X11Y13         CARRY4 (Prop_carry4_S[2]_O[3])
                                                      0.213    30.073 r  GEN_BRAM.u_core/alu/u_mul/u_mul/GEN_ARRAY.u_mul/u_csa_row0/GEN_CSA_FA[1].u_fa/result[24]_INST_0_i_4/O[3]
                         net (fo=1, routed)           0.349    30.422    GEN_BRAM.u_core/alu/u_mul/u_mul/GEN_ARRAY.u_mul/u_csa_row0/GEN_CSA_FA[1].u_fa/signed_product0[56]
    SLICE_X12Y13         LUT6 (Prop_lut6_I5_O)        0.142    30.564 r  GEN_BRAM.u_core/alu/u_mul/u_mul/GEN_ARRAY.u_mul/u_csa_row0/GEN_CSA_FA[1].u_fa/result[24]_INST_0/O
                         net (fo=1, routed)           0.387    30.952    GEN_BRAM.u_core/reg_file/result[21]
    SLICE_X13Y15         LUT6 (Prop_lut6_I2_O)        0.053    31.005 r  GEN_BRAM.u_core/reg_file/debug_alu_out_OBUF[24]_inst_i_4/O
                         net (fo=1, routed)           0.227    31.232    GEN_BRAM.u_core/reg_file/debug_alu_out_OBUF[24]_inst_i_4_n_0
    SLICE_X15Y15         LUT6 (Prop_lut6_I5_O)        0.053    31.285 r  GEN_BRAM.u_core/reg_file/debug_alu_out_OBUF[24]_inst_i_1/O
                         net (fo=3, routed)           0.408    31.693    GEN_BRAM.u_core/wb_mux/debug_alu_out_OBUF[24]
    SLICE_X13Y16         LUT6 (Prop_lut6_I0_O)        0.053    31.746 r  GEN_BRAM.u_core/wb_mux/registers_reg_r1_0_31_24_29_i_10/O
                         net (fo=1, routed)           0.298    32.044    GEN_BRAM.u_core/divider/wb_exec[24]
    SLICE_X13Y16         LUT6 (Prop_lut6_I5_O)        0.053    32.097 r  GEN_BRAM.u_core/divider/registers_reg_r1_0_31_24_29_i_2/O
                         net (fo=2, routed)           0.463    32.560    GEN_BRAM.u_core/reg_file/registers_reg_r1_0_31_24_29/DIA0
    SLICE_X12Y16         RAMD32                                       r  GEN_BRAM.u_core/reg_file/registers_reg_r1_0_31_24_29/RAMA/I
  -------------------------------------------------------------------    -------------------

                         (clock sys_clk rise edge)   30.000    30.000 r  
    AD23                                              0.000    30.000 r  clk (IN)
                         net (fo=0)                   0.000    30.000    clk
    AD23                 IBUF (Prop_ibuf_I_O)         0.796    30.796 r  clk_IBUF_inst/O
                         net (fo=1, routed)           1.741    32.537    clk_IBUF
    BUFGCTRL_X0Y0        BUFG (Prop_bufg_I_O)         0.113    32.650 r  clk_IBUF_BUFG_inst/O
                         net (fo=350, routed)         1.537    34.187    GEN_BRAM.u_core/reg_file/registers_reg_r1_0_31_24_29/WCLK
    SLICE_X12Y16         RAMD32                                       r  GEN_BRAM.u_core/reg_file/registers_reg_r1_0_31_24_29/RAMA/CLK
                         clock pessimism              0.256    34.444    
                         clock uncertainty           -0.035    34.408    
    SLICE_X12Y16         RAMD32 (Setup_ramd32_CLK_I)
                                                     -0.113    34.295    GEN_BRAM.u_core/reg_file/registers_reg_r1_0_31_24_29/RAMA
  -------------------------------------------------------------------
                         required time                         34.295    
                         arrival time                         -32.560    
  -------------------------------------------------------------------
                         slack                                  1.735    





Pulse Width Checks
--------------------------------------------------------------------------------------
Clock Name:         sys_clk
Waveform(ns):       { 0.000 15.000 }
Period(ns):         30.000
Sources:            { clk }

Check Type        Corner  Lib Pin             Reference Pin  Required(ns)  Actual(ns)  Slack(ns)  Location       Pin
Min Period        n/a     RAMB36E1/CLKARDCLK  n/a            2.495         30.000      27.505     RAMB36_X0Y2    GEN_BRAM.u_core/dmem/mem_reg_0/CLKARDCLK
Min Period        n/a     RAMB36E1/CLKARDCLK  n/a            2.495         30.000      27.505     RAMB36_X0Y3    GEN_BRAM.u_core/dmem/mem_reg_1/CLKARDCLK
Min Period        n/a     RAMB36E1/CLKBWRCLK  n/a            2.183         30.000      27.817     RAMB36_X0Y2    GEN_BRAM.u_core/dmem/mem_reg_0/CLKBWRCLK
Min Period        n/a     RAMB36E1/CLKBWRCLK  n/a            2.183         30.000      27.817     RAMB36_X0Y3    GEN_BRAM.u_core/dmem/mem_reg_1/CLKBWRCLK
Min Period        n/a     RAMB36E1/CLKARDCLK  n/a            2.183         30.000      27.817     RAMB36_X0Y1    GEN_BRAM.u_core/imem/data_out_reg_0/CLKARDCLK
Min Period        n/a     RAMB36E1/CLKARDCLK  n/a            2.183         30.000      27.817     RAMB36_X0Y0    GEN_BRAM.u_core/imem/data_out_reg_1/CLKARDCLK
Min Period        n/a     BUFG/I              n/a            1.600         30.000      28.400     BUFGCTRL_X0Y0  clk_IBUF_BUFG_inst/I
Min Period        n/a     FDCE/C              n/a            0.750         30.000      29.250     SLICE_X10Y11   GEN_BRAM.u_core/ir_reg[24]/C
Min Period        n/a     FDCE/C              n/a            0.750         30.000      29.250     SLICE_X10Y11   GEN_BRAM.u_core/ir_reg[24]_lopt_replica/C
Min Period        n/a     FDCE/C              n/a            0.750         30.000      29.250     SLICE_X2Y38    GEN_BRAM.u_core/divider/count_reg[1]/C
Min Period        n/a     FDCE/C              n/a            0.750         30.000      29.250     SLICE_X3Y38    GEN_BRAM.u_core/divider/count_reg[3]/C
Min Period        n/a     FDCE/C              n/a            0.750         30.000      29.250     SLICE_X6Y22    GEN_BRAM.u_core/divider/remainder_work_reg[13]/C
Min Period        n/a     FDCE/C              n/a            0.750         30.000      29.250     SLICE_X1Y23    GEN_BRAM.u_core/divider/remainder_work_reg[15]/C
Min Period        n/a     FDCE/C              n/a            0.750         30.000      29.250     SLICE_X6Y23    GEN_BRAM.u_core/divider/remainder_work_reg[17]/C
Min Period        n/a     FDCE/C              n/a            0.750         30.000      29.250     SLICE_X1Y24    GEN_BRAM.u_core/divider/remainder_work_reg[19]/C
Min Period        n/a     FDCE/C              n/a            0.750         30.000      29.250     SLICE_X1Y24    GEN_BRAM.u_core/divider/remainder_work_reg[21]/C
Min Period        n/a     FDCE/C              n/a            0.750         30.000      29.250     SLICE_X6Y25    GEN_BRAM.u_core/divider/remainder_work_reg[23]/C
Min Period        n/a     FDCE/C              n/a            0.750         30.000      29.250     SLICE_X6Y25    GEN_BRAM.u_core/divider/remainder_work_reg[25]/C
Min Period        n/a     FDCE/C              n/a            0.750         30.000      29.250     SLICE_X3Y26    GEN_BRAM.u_core/divider/remainder_work_reg[27]/C
Min Period        n/a     FDCE/C              n/a            0.750         30.000      29.250     SLICE_X1Y24    GEN_BRAM.u_core/divider/remainder_work_reg[28]/C
Low Pulse Width   Slow    RAMD32/CLK          n/a            0.910         15.000      14.090     SLICE_X10Y12   GEN_BRAM.u_core/reg_file/registers_reg_r1_0_31_0_5/RAMA/CLK
Low Pulse Width   Fast    RAMD32/CLK          n/a            0.910         15.000      14.090     SLICE_X10Y12   GEN_BRAM.u_core/reg_file/registers_reg_r1_0_31_0_5/RAMA/CLK
Low Pulse Width   Slow    RAMD32/CLK          n/a            0.910         15.000      14.090     SLICE_X10Y12   GEN_BRAM.u_core/reg_file/registers_reg_r1_0_31_0_5/RAMA_D1/CLK
Low Pulse Width   Fast    RAMD32/CLK          n/a            0.910         15.000      14.090     SLICE_X10Y12   GEN_BRAM.u_core/reg_file/registers_reg_r1_0_31_0_5/RAMA_D1/CLK
Low Pulse Width   Slow    RAMD32/CLK          n/a            0.910         15.000      14.090     SLICE_X10Y12   GEN_BRAM.u_core/reg_file/registers_reg_r1_0_31_0_5/RAMB/CLK
Low Pulse Width   Fast    RAMD32/CLK          n/a            0.910         15.000      14.090     SLICE_X10Y12   GEN_BRAM.u_core/reg_file/registers_reg_r1_0_31_0_5/RAMB/CLK
Low Pulse Width   Slow    RAMD32/CLK          n/a            0.910         15.000      14.090     SLICE_X10Y12   GEN_BRAM.u_core/reg_file/registers_reg_r1_0_31_0_5/RAMB_D1/CLK
Low Pulse Width   Fast    RAMD32/CLK          n/a            0.910         15.000      14.090     SLICE_X10Y12   GEN_BRAM.u_core/reg_file/registers_reg_r1_0_31_0_5/RAMB_D1/CLK
Low Pulse Width   Slow    RAMD32/CLK          n/a            0.910         15.000      14.090     SLICE_X10Y12   GEN_BRAM.u_core/reg_file/registers_reg_r1_0_31_0_5/RAMC/CLK
Low Pulse Width   Fast    RAMD32/CLK          n/a            0.910         15.000      14.090     SLICE_X10Y12   GEN_BRAM.u_core/reg_file/registers_reg_r1_0_31_0_5/RAMC/CLK
Low Pulse Width   Slow    RAMD32/CLK          n/a            0.910         15.000      14.090     SLICE_X10Y12   GEN_BRAM.u_core/reg_file/registers_reg_r1_0_31_0_5/RAMC_D1/CLK
Low Pulse Width   Fast    RAMD32/CLK          n/a            0.910         15.000      14.090     SLICE_X10Y12   GEN_BRAM.u_core/reg_file/registers_reg_r1_0_31_0_5/RAMC_D1/CLK
Low Pulse Width   Slow    RAMS32/CLK          n/a            0.910         15.000      14.090     SLICE_X10Y12   GEN_BRAM.u_core/reg_file/registers_reg_r1_0_31_0_5/RAMD/CLK
Low Pulse Width   Fast    RAMS32/CLK          n/a            0.910         15.000      14.090     SLICE_X10Y12   GEN_BRAM.u_core/reg_file/registers_reg_r1_0_31_0_5/RAMD/CLK
Low Pulse Width   Slow    RAMS32/CLK          n/a            0.910         15.000      14.090     SLICE_X10Y12   GEN_BRAM.u_core/reg_file/registers_reg_r1_0_31_0_5/RAMD_D1/CLK
Low Pulse Width   Fast    RAMS32/CLK          n/a            0.910         15.000      14.090     SLICE_X10Y12   GEN_BRAM.u_core/reg_file/registers_reg_r1_0_31_0_5/RAMD_D1/CLK
Low Pulse Width   Slow    RAMD32/CLK          n/a            0.910         15.000      14.090     SLICE_X10Y17   GEN_BRAM.u_core/reg_file/registers_reg_r1_0_31_12_17/RAMA/CLK
Low Pulse Width   Fast    RAMD32/CLK          n/a            0.910         15.000      14.090     SLICE_X10Y17   GEN_BRAM.u_core/reg_file/registers_reg_r1_0_31_12_17/RAMA/CLK
Low Pulse Width   Slow    RAMD32/CLK          n/a            0.910         15.000      14.090     SLICE_X10Y17   GEN_BRAM.u_core/reg_file/registers_reg_r1_0_31_12_17/RAMA_D1/CLK
Low Pulse Width   Fast    RAMD32/CLK          n/a            0.910         15.000      14.090     SLICE_X10Y17   GEN_BRAM.u_core/reg_file/registers_reg_r1_0_31_12_17/RAMA_D1/CLK
High Pulse Width  Slow    RAMD32/CLK          n/a            0.910         15.000      14.090     SLICE_X10Y12   GEN_BRAM.u_core/reg_file/registers_reg_r1_0_31_0_5/RAMA/CLK
High Pulse Width  Fast    RAMD32/CLK          n/a            0.910         15.000      14.090     SLICE_X10Y12   GEN_BRAM.u_core/reg_file/registers_reg_r1_0_31_0_5/RAMA/CLK
High Pulse Width  Slow    RAMD32/CLK          n/a            0.910         15.000      14.090     SLICE_X10Y12   GEN_BRAM.u_core/reg_file/registers_reg_r1_0_31_0_5/RAMA_D1/CLK
High Pulse Width  Fast    RAMD32/CLK          n/a            0.910         15.000      14.090     SLICE_X10Y12   GEN_BRAM.u_core/reg_file/registers_reg_r1_0_31_0_5/RAMA_D1/CLK
High Pulse Width  Slow    RAMD32/CLK          n/a            0.910         15.000      14.090     SLICE_X10Y12   GEN_BRAM.u_core/reg_file/registers_reg_r1_0_31_0_5/RAMB/CLK
High Pulse Width  Fast    RAMD32/CLK          n/a            0.910         15.000      14.090     SLICE_X10Y12   GEN_BRAM.u_core/reg_file/registers_reg_r1_0_31_0_5/RAMB/CLK
High Pulse Width  Slow    RAMD32/CLK          n/a            0.910         15.000      14.090     SLICE_X10Y12   GEN_BRAM.u_core/reg_file/registers_reg_r1_0_31_0_5/RAMB_D1/CLK
High Pulse Width  Fast    RAMD32/CLK          n/a            0.910         15.000      14.090     SLICE_X10Y12   GEN_BRAM.u_core/reg_file/registers_reg_r1_0_31_0_5/RAMB_D1/CLK
High Pulse Width  Slow    RAMD32/CLK          n/a            0.910         15.000      14.090     SLICE_X10Y12   GEN_BRAM.u_core/reg_file/registers_reg_r1_0_31_0_5/RAMC/CLK
High Pulse Width  Fast    RAMD32/CLK          n/a            0.910         15.000      14.090     SLICE_X10Y12   GEN_BRAM.u_core/reg_file/registers_reg_r1_0_31_0_5/RAMC/CLK
High Pulse Width  Slow    RAMD32/CLK          n/a            0.910         15.000      14.090     SLICE_X10Y12   GEN_BRAM.u_core/reg_file/registers_reg_r1_0_31_0_5/RAMC_D1/CLK
High Pulse Width  Fast    RAMD32/CLK          n/a            0.910         15.000      14.090     SLICE_X10Y12   GEN_BRAM.u_core/reg_file/registers_reg_r1_0_31_0_5/RAMC_D1/CLK
High Pulse Width  Slow    RAMS32/CLK          n/a            0.910         15.000      14.090     SLICE_X10Y12   GEN_BRAM.u_core/reg_file/registers_reg_r1_0_31_0_5/RAMD/CLK
High Pulse Width  Fast    RAMS32/CLK          n/a            0.910         15.000      14.090     SLICE_X10Y12   GEN_BRAM.u_core/reg_file/registers_reg_r1_0_31_0_5/RAMD/CLK
High Pulse Width  Slow    RAMS32/CLK          n/a            0.910         15.000      14.090     SLICE_X10Y12   GEN_BRAM.u_core/reg_file/registers_reg_r1_0_31_0_5/RAMD_D1/CLK
High Pulse Width  Fast    RAMS32/CLK          n/a            0.910         15.000      14.090     SLICE_X10Y12   GEN_BRAM.u_core/reg_file/registers_reg_r1_0_31_0_5/RAMD_D1/CLK
High Pulse Width  Slow    RAMD32/CLK          n/a            0.910         15.000      14.090     SLICE_X10Y17   GEN_BRAM.u_core/reg_file/registers_reg_r1_0_31_12_17/RAMA/CLK
High Pulse Width  Fast    RAMD32/CLK          n/a            0.910         15.000      14.090     SLICE_X10Y17   GEN_BRAM.u_core/reg_file/registers_reg_r1_0_31_12_17/RAMA/CLK
High Pulse Width  Slow    RAMD32/CLK          n/a            0.910         15.000      14.090     SLICE_X10Y17   GEN_BRAM.u_core/reg_file/registers_reg_r1_0_31_12_17/RAMA_D1/CLK
High Pulse Width  Fast    RAMD32/CLK          n/a            0.910         15.000      14.090     SLICE_X10Y17   GEN_BRAM.u_core/reg_file/registers_reg_r1_0_31_12_17/RAMA_D1/CLK



