Copyright 1986-2022 Xilinx, Inc. All Rights Reserved. Copyright 2022-2025 Advanced Micro Devices, Inc. All Rights Reserved.
---------------------------------------------------------------------------------------------------------------------------------------------
| Tool Version : Vivado v.2025.2 (win64) Build 6299465 Fri Nov 14 19:35:11 GMT 2025
| Date         : Wed Sep 30 12:10:02 2026
| Host         : LAPTOP_Truong running 64-bit major release  (build 9200)
| Command      : report_timing_summary -delay_type max -max_paths 20 -file ./build/reproduced_9config_mem1/KSA_VEDIC_timing.rpt
| Design       : cpu_top
| Device       : 7z030-ffg676
| Speed File   : -1  PRODUCTION 1.12 2019-11-22
| Design State : Routed
---------------------------------------------------------------------------------------------------------------------------------------------

Timing Summary Report

------------------------------------------------------------------------------------------------
| Timer Settings
| --------------
------------------------------------------------------------------------------------------------

  Enable Multi Corner Analysis               :  Yes
  Enable Pessimism Removal                   :  Yes
  Pessimism Removal Resolution               :  Nearest Common Node
  Enable Input Delay Default Clock           :  No
  Enable Preset / Clear Arcs                 :  No
  Disable Flight Delays                      :  No
  Ignore I/O Paths                           :  No
  Timing Early Launch at Borrowing Latches   :  No
  Borrow Time for Max Delay Exceptions       :  Yes
  Merge Timing Exceptions                    :  Yes
  Inter-SLR Compensation                     :  Conservative

  Corner  Analyze    Analyze    
  Name    Max Paths  Min Paths  
  ------  ---------  ---------  
  Slow    Yes        Yes        
  Fast    Yes        Yes        


------------------------------------------------------------------------------------------------
| Report Methodology
| ------------------
------------------------------------------------------------------------------------------------

Rule       Severity  Description                                 Violations  
---------  --------  ------------------------------------------  ----------  
SYNTH-6    Warning   Timing of a RAM block might be sub-optimal  4           
TIMING-18  Warning   Missing input or output delay               101         

Note: This report is based on the most recent report_methodology run and may not be up-to-date. Run report_methodology on the current design for the latest report.



check_timing report

Table of Contents
-----------------
1. checking no_clock (0)
2. checking constant_clock (0)
3. checking pulse_width_clock (0)
4. checking unconstrained_internal_endpoints (0)
5. checking no_input_delay (1)
6. checking no_output_delay (101)
7. checking multiple_clock (0)
8. checking generated_clocks (0)
9. checking loops (0)
10. checking partial_input_delay (0)
11. checking partial_output_delay (0)
12. checking latch_loops (0)

1. checking no_clock (0)
------------------------
 There are 0 register/latch pins with no clock.


2. checking constant_clock (0)
------------------------------
 There are 0 register/latch pins with constant_clock.


3. checking pulse_width_clock (0)
---------------------------------
 There are 0 register/latch pins which need pulse_width check


4. checking unconstrained_internal_endpoints (0)
------------------------------------------------
 There are 0 pins that are not constrained for maximum delay.

 There are 0 pins that are not constrained for maximum delay due to constant clock.


5. checking no_input_delay (1)
------------------------------
 There are 0 input ports with no input delay specified.

 There is 1 input port with no input delay but user has a false path constraint. (MEDIUM)


6. checking no_output_delay (101)
---------------------------------
 There are 101 ports with no output delay specified. (HIGH)

 There are 0 ports with no output delay but user has a false path constraint

 There are 0 ports with no output delay but with a timing clock defined on it or propagating through it


7. checking multiple_clock (0)
------------------------------
 There are 0 register/latch pins with multiple clocks.


8. checking generated_clocks (0)
--------------------------------
 There are 0 generated clocks that are not connected to a clock source.


9. checking loops (0)
---------------------
 There are 0 combinational loops in the design.


10. checking partial_input_delay (0)
------------------------------------
 There are 0 input ports with partial input delay specified.


11. checking partial_output_delay (0)
-------------------------------------
 There are 0 ports with partial output delay specified.


12. checking latch_loops (0)
----------------------------
 There are 0 combinational latch loops in the design through latch input



------------------------------------------------------------------------------------------------
| Design Timing Summary
| ---------------------
------------------------------------------------------------------------------------------------

    WNS(ns)      TNS(ns)  TNS Failing Endpoints  TNS Total Endpoints     WPWS(ns)     TPWS(ns)  TPWS Failing Endpoints  TPWS Total Endpoints  
    -------      -------  ---------------------  -------------------     --------     --------  ----------------------  --------------------  
      9.778        0.000                      0                 1212       14.090        0.000                       0                   351  


All user specified timing constraints are met.


------------------------------------------------------------------------------------------------
| Clock Summary
| -------------
------------------------------------------------------------------------------------------------

Clock    Waveform(ns)       Period(ns)      Frequency(MHz)
-----    ------------       ----------      --------------
sys_clk  {0.000 15.000}     30.000          33.333          


------------------------------------------------------------------------------------------------
| Intra Clock Table
| -----------------
------------------------------------------------------------------------------------------------

Clock             WNS(ns)      TNS(ns)  TNS Failing Endpoints  TNS Total Endpoints     WPWS(ns)     TPWS(ns)  TPWS Failing Endpoints  TPWS Total Endpoints  
-----             -------      -------  ---------------------  -------------------     --------     --------  ----------------------  --------------------  
sys_clk             9.778        0.000                      0                 1212       14.090        0.000                       0                   351  


------------------------------------------------------------------------------------------------
| Inter Clock Table
| -----------------
------------------------------------------------------------------------------------------------

From Clock    To Clock          WNS(ns)      TNS(ns)  TNS Failing Endpoints  TNS Total Endpoints  
----------    --------          -------      -------  ---------------------  -------------------  


------------------------------------------------------------------------------------------------
| Other Path Groups Table
| -----------------------
------------------------------------------------------------------------------------------------

Path Group    From Clock    To Clock          WNS(ns)      TNS(ns)  TNS Failing Endpoints  TNS Total Endpoints  
----------    ----------    --------          -------      -------  ---------------------  -------------------  


------------------------------------------------------------------------------------------------
| Timing Details
| --------------
------------------------------------------------------------------------------------------------


---------------------------------------------------------------------------------------------------
From Clock:  sys_clk
  To Clock:  sys_clk

Setup :            0  Failing Endpoints,  Worst Slack        9.778ns,  Total Violation        0.000ns
Hold  :           NA  Failing Endpoints,  Worst Slack           NA  ,  Total Violation           NA
PW    :            0  Failing Endpoints,  Worst Slack       14.090ns,  Total Violation        0.000ns
---------------------------------------------------------------------------------------------------


Max Delay Paths
--------------------------------------------------------------------------------------
Slack (MET) :             9.778ns  (required time - arrival time)
  Source:                 GEN_BRAM.u_core/ir_reg[15]/C
                            (rising edge-triggered cell FDCE clocked by sys_clk  {rise@0.000ns fall@15.000ns period=30.000ns})
  Destination:            GEN_BRAM.u_core/reg_file/registers_reg_r2_0_31_6_11/RAMB/I
                            (rising edge-triggered cell RAMD32 clocked by sys_clk  {rise@0.000ns fall@15.000ns period=30.000ns})
  Path Group:             sys_clk
  Path Type:              Setup (Max at Slow Process Corner)
  Requirement:            30.000ns  (sys_clk rise@30.000ns - sys_clk rise@0.000ns)
  Data Path Delay:        20.043ns  (logic 5.214ns (26.014%)  route 14.829ns (73.986%))
  Logic Levels:           30  (CARRY4=12 LUT1=1 LUT3=4 LUT4=5 LUT5=1 LUT6=4 MUXF7=2 RAMD32=1)
  Clock Path Skew:        -0.015ns (DCD - SCD + CPR)
    Destination Clock Delay (DCD):    4.188ns = ( 34.188 - 30.000 ) 
    Source Clock Delay      (SCD):    4.467ns
    Clock Pessimism Removal (CPR):    0.263ns
  Clock Uncertainty:      0.035ns  ((TSJ^2 + TIJ^2)^1/2 + DJ) / 2 + PE
    Total System Jitter     (TSJ):    0.071ns
    Total Input Jitter      (TIJ):    0.000ns
    Discrete Jitter          (DJ):    0.000ns
    Phase Error              (PE):    0.000ns

    Location             Delay type                Incr(ns)  Path(ns)    Netlist Resource(s)
  -------------------------------------------------------------------    -------------------
                         (clock sys_clk rise edge)    0.000     0.000 r  
    AD23                                              0.000     0.000 r  clk (IN)
                         net (fo=0)                   0.000     0.000    clk
    AD23                 IBUF (Prop_ibuf_I_O)         0.873     0.873 r  clk_IBUF_inst/O
                         net (fo=1, routed)           1.830     2.703    clk_IBUF
    BUFGCTRL_X0Y0        BUFG (Prop_bufg_I_O)         0.120     2.823 r  clk_IBUF_BUFG_inst/O
                         net (fo=350, routed)         1.644     4.467    GEN_BRAM.u_core/clk_IBUF_BUFG
    SLICE_X10Y29         FDCE                                         r  GEN_BRAM.u_core/ir_reg[15]/C
  -------------------------------------------------------------------    -------------------
    SLICE_X10Y29         FDCE (Prop_fdce_C_Q)         0.308     4.775 r  GEN_BRAM.u_core/ir_reg[15]/Q
                         net (fo=97, routed)          1.596     6.370    GEN_BRAM.u_core/reg_file/registers_reg_r1_0_31_30_31__0/DPRA0
    SLICE_X6Y41          RAMD32 (Prop_ramd32_RADR0_O)
                                                      0.063     6.433 f  GEN_BRAM.u_core/reg_file/registers_reg_r1_0_31_30_31__0/DP/O
                         net (fo=11, routed)          0.935     7.368    GEN_BRAM.u_core/alu_mux_a/dataR10[31]
    SLICE_X8Y52          LUT4 (Prop_lut4_I1_O)        0.164     7.532 r  GEN_BRAM.u_core/alu_mux_a/u_adder_i_1/O
                         net (fo=85, routed)          1.082     8.615    GEN_BRAM.u_core/alu/u_mul/u_mul/GEN_VEDIC.u_mul/u2/a[17]
    SLICE_X12Y45         LUT6 (Prop_lut6_I1_O)        0.053     8.668 r  GEN_BRAM.u_core/alu/u_mul/u_mul/GEN_VEDIC.u_mul/u2/result[1]_INST_0_i_3/O
                         net (fo=56, routed)          1.662    10.329    GEN_BRAM.u_core/alu/u_mul/u_mul/GEN_VEDIC.u_mul/u0/mag_a[0]
    SLICE_X18Y27         LUT4 (Prop_lut4_I3_O)        0.068    10.397 r  GEN_BRAM.u_core/alu/u_mul/u_mul/GEN_VEDIC.u_mul/u0/result[3]_INST_0_i_23/O
                         net (fo=2, routed)           0.591    10.988    GEN_BRAM.u_core/alu/u_mul/u_mul/GEN_VEDIC.u_mul/u0/u0/u0/p2_2[1]
    SLICE_X19Y27         LUT3 (Prop_lut3_I1_O)        0.187    11.175 r  GEN_BRAM.u_core/alu/u_mul/u_mul/GEN_VEDIC.u_mul/u0/result[3]_INST_0_i_4/O
                         net (fo=2, routed)           0.296    11.472    GEN_BRAM.u_core/alu/u_mul/u_mul/GEN_VEDIC.u_mul/u0/result[3]_INST_0_i_4_n_0
    SLICE_X19Y27         CARRY4 (Prop_carry4_DI[2]_CO[3])
                                                      0.355    11.827 r  GEN_BRAM.u_core/alu/u_mul/u_mul/GEN_VEDIC.u_mul/u0/result[3]_INST_0_i_1/CO[3]
                         net (fo=1, routed)           0.000    11.827    GEN_BRAM.u_core/alu/u_mul/u_mul/GEN_VEDIC.u_mul/u0/result[3]_INST_0_i_1_n_0
    SLICE_X19Y28         CARRY4 (Prop_carry4_CI_O[0])
                                                      0.139    11.966 r  GEN_BRAM.u_core/alu/u_mul/u_mul/GEN_VEDIC.u_mul/u0/result[7]_INST_0_i_20/O[0]
                         net (fo=2, routed)           0.460    12.426    GEN_BRAM.u_core/alu/u_mul/u_mul/GEN_VEDIC.u_mul/u0/u0/p0_4[6]
    SLICE_X16Y28         LUT3 (Prop_lut3_I2_O)        0.165    12.591 r  GEN_BRAM.u_core/alu/u_mul/u_mul/GEN_VEDIC.u_mul/u0/result[7]_INST_0_i_3/O
                         net (fo=2, routed)           0.477    13.069    GEN_BRAM.u_core/alu/u_mul/u_mul/GEN_VEDIC.u_mul/u0/result[7]_INST_0_i_3_n_0
    SLICE_X16Y28         LUT4 (Prop_lut4_I3_O)        0.164    13.233 r  GEN_BRAM.u_core/alu/u_mul/u_mul/GEN_VEDIC.u_mul/u0/result[7]_INST_0_i_6/O
                         net (fo=1, routed)           0.000    13.233    GEN_BRAM.u_core/alu/u_mul/u_mul/GEN_VEDIC.u_mul/u0/result[7]_INST_0_i_6_n_0
    SLICE_X16Y28         CARRY4 (Prop_carry4_S[3]_CO[3])
                                                      0.216    13.449 r  GEN_BRAM.u_core/alu/u_mul/u_mul/GEN_VEDIC.u_mul/u0/result[7]_INST_0_i_1/CO[3]
                         net (fo=1, routed)           0.000    13.449    GEN_BRAM.u_core/alu/u_mul/u_mul/GEN_VEDIC.u_mul/u0/result[7]_INST_0_i_1_n_0
    SLICE_X16Y29         CARRY4 (Prop_carry4_CI_O[3])
                                                      0.181    13.630 r  GEN_BRAM.u_core/alu/u_mul/u_mul/GEN_VEDIC.u_mul/u0/product__0_carry_i_10/O[3]
                         net (fo=2, routed)           0.820    14.450    GEN_BRAM.u_core/alu/u_mul/u_mul/GEN_VEDIC.u_mul/u0/p0[11]
    SLICE_X16Y33         LUT3 (Prop_lut3_I2_O)        0.154    14.604 r  GEN_BRAM.u_core/alu/u_mul/u_mul/GEN_VEDIC.u_mul/u0/product__0_carry__0_i_4__2/O
                         net (fo=2, routed)           0.408    15.012    GEN_BRAM.u_core/alu/u_mul/u_mul/GEN_VEDIC.u_mul/u0/product__0_carry__0_i_4__2_n_0
    SLICE_X16Y34         CARRY4 (Prop_carry4_DI[0]_CO[3])
                                                      0.455    15.467 r  GEN_BRAM.u_core/alu/u_mul/u_mul/GEN_VEDIC.u_mul/u0/product__0_carry__0/CO[3]
                         net (fo=1, routed)           0.000    15.467    GEN_BRAM.u_core/alu/u_mul/u_mul/GEN_VEDIC.u_mul/u0/product__0_carry__0_n_0
    SLICE_X16Y35         CARRY4 (Prop_carry4_CI_CO[3])
                                                      0.060    15.527 r  GEN_BRAM.u_core/alu/u_mul/u_mul/GEN_VEDIC.u_mul/u0/product__0_carry__1/CO[3]
                         net (fo=1, routed)           0.000    15.527    GEN_BRAM.u_core/alu/u_mul/u_mul/GEN_VEDIC.u_mul/u0/product__0_carry__1_n_0
    SLICE_X16Y36         CARRY4 (Prop_carry4_CI_CO[3])
                                                      0.060    15.587 r  GEN_BRAM.u_core/alu/u_mul/u_mul/GEN_VEDIC.u_mul/u0/product__0_carry__2/CO[3]
                         net (fo=1, routed)           0.000    15.587    GEN_BRAM.u_core/alu/u_mul/u_mul/GEN_VEDIC.u_mul/u0/product__0_carry__2_n_0
    SLICE_X16Y37         CARRY4 (Prop_carry4_CI_O[2])
                                                      0.137    15.724 r  GEN_BRAM.u_core/alu/u_mul/u_mul/GEN_VEDIC.u_mul/u0/product__0_carry__3/O[2]
                         net (fo=2, routed)           0.835    16.559    GEN_BRAM.u_core/alu/u_mul/u_mul/GEN_VEDIC.u_mul/u1/result[31]_INST_0_i_1_0[2]
    SLICE_X16Y44         LUT3 (Prop_lut3_I2_O)        0.162    16.721 r  GEN_BRAM.u_core/alu/u_mul/u_mul/GEN_VEDIC.u_mul/u1/result[27]_INST_0_i_3/O
                         net (fo=2, routed)           0.477    17.198    GEN_BRAM.u_core/alu/u_mul/u_mul/GEN_VEDIC.u_mul/u1/result[27]_INST_0_i_3_n_0
    SLICE_X16Y44         LUT4 (Prop_lut4_I3_O)        0.164    17.362 r  GEN_BRAM.u_core/alu/u_mul/u_mul/GEN_VEDIC.u_mul/u1/result[27]_INST_0_i_7/O
                         net (fo=1, routed)           0.000    17.362    GEN_BRAM.u_core/alu/u_mul/u_mul/GEN_VEDIC.u_mul/u1/result[27]_INST_0_i_7_n_0
    SLICE_X16Y44         CARRY4 (Prop_carry4_S[3]_CO[3])
                                                      0.216    17.578 r  GEN_BRAM.u_core/alu/u_mul/u_mul/GEN_VEDIC.u_mul/u1/result[27]_INST_0_i_1/CO[3]
                         net (fo=1, routed)           0.000    17.578    GEN_BRAM.u_core/alu/u_mul/u_mul/GEN_VEDIC.u_mul/u1/result[27]_INST_0_i_1_n_0
    SLICE_X16Y45         CARRY4 (Prop_carry4_CI_O[1])
                                                      0.212    17.790 f  GEN_BRAM.u_core/alu/u_mul/u_mul/GEN_VEDIC.u_mul/u1/result[31]_INST_0_i_1/O[1]
                         net (fo=2, routed)           0.418    18.208    GEN_BRAM.u_core/alu/u_mul/u_mul/GEN_VEDIC.u_mul/u1/result[31]_INST_0_i_13_0[6]
    SLICE_X14Y46         LUT1 (Prop_lut1_I0_O)        0.155    18.363 r  GEN_BRAM.u_core/alu/u_mul/u_mul/GEN_VEDIC.u_mul/u1/result[0]_INST_0_i_6/O
                         net (fo=1, routed)           0.000    18.363    GEN_BRAM.u_core/alu/u_mul/u_mul/GEN_VEDIC.u_mul/u1/p_0_in[29]
    SLICE_X14Y46         CARRY4 (Prop_carry4_S[0]_CO[3])
                                                      0.297    18.660 r  GEN_BRAM.u_core/alu/u_mul/u_mul/GEN_VEDIC.u_mul/u1/result[0]_INST_0_i_1/CO[3]
                         net (fo=1, routed)           0.000    18.660    GEN_BRAM.u_core/alu/u_mul/u_mul/GEN_VEDIC.u_mul/u1/result[0]_INST_0_i_1_n_0
    SLICE_X14Y47         CARRY4 (Prop_carry4_CI_O[0])
                                                      0.135    18.795 f  GEN_BRAM.u_core/alu/u_mul/u_mul/GEN_VEDIC.u_mul/u1/result[4]_INST_0_i_1/O[0]
                         net (fo=1, routed)           0.441    19.236    GEN_BRAM.u_core/alu/u_mul/u_mul/GEN_VEDIC.u_mul/u1/signed_product0[33]
    SLICE_X15Y47         LUT5 (Prop_lut5_I4_O)        0.153    19.389 f  GEN_BRAM.u_core/alu/u_mul/u_mul/GEN_VEDIC.u_mul/u1/result[1]_INST_0/O
                         net (fo=2, routed)           0.677    20.066    GEN_BRAM.u_core/reg_file/result[0]
    SLICE_X4Y50          LUT6 (Prop_lut6_I2_O)        0.053    20.119 f  GEN_BRAM.u_core/reg_file/debug_alu_out_OBUF[1]_inst_i_2/O
                         net (fo=2, routed)           0.000    20.119    GEN_BRAM.u_core/alu_mux_b/load_addr_hold_reg[1]
    SLICE_X4Y50          MUXF7 (Prop_muxf7_I0_O)      0.121    20.240 f  GEN_BRAM.u_core/alu_mux_b/debug_alu_out_OBUF[1]_inst_i_1/O
                         net (fo=43, routed)          1.385    21.625    GEN_BRAM.u_core/alu_mux_b/D[0]
    SLICE_X8Y27          LUT4 (Prop_lut4_I2_O)        0.165    21.790 r  GEN_BRAM.u_core/alu_mux_b/registers_reg_r1_0_31_6_11_i_44/O
                         net (fo=1, routed)           1.072    22.862    GEN_BRAM.u_core/wb_mux/registers_reg_r1_0_31_6_11_i_14_2
    SLICE_X7Y44          LUT6 (Prop_lut6_I4_O)        0.172    23.034 r  GEN_BRAM.u_core/wb_mux/registers_reg_r1_0_31_6_11_i_29/O
                         net (fo=1, routed)           0.000    23.034    GEN_BRAM.u_core/wb_mux/registers_reg_r1_0_31_6_11_i_29_n_0
    SLICE_X7Y44          MUXF7 (Prop_muxf7_I0_O)      0.127    23.161 r  GEN_BRAM.u_core/wb_mux/registers_reg_r1_0_31_6_11_i_14/O
                         net (fo=1, routed)           0.703    23.864    GEN_BRAM.u_core/divider/wb_exec[8]
    SLICE_X9Y30          LUT6 (Prop_lut6_I5_O)        0.153    24.017 r  GEN_BRAM.u_core/divider/registers_reg_r1_0_31_6_11_i_4/O
                         net (fo=2, routed)           0.493    24.510    GEN_BRAM.u_core/reg_file/registers_reg_r2_0_31_6_11/DIB0
    SLICE_X10Y33         RAMD32                                       r  GEN_BRAM.u_core/reg_file/registers_reg_r2_0_31_6_11/RAMB/I
  -------------------------------------------------------------------    -------------------

                         (clock sys_clk rise edge)   30.000    30.000 r  
    AD23                                              0.000    30.000 r  clk (IN)
                         net (fo=0)                   0.000    30.000    clk
    AD23                 IBUF (Prop_ibuf_I_O)         0.796    30.796 r  clk_IBUF_inst/O
                         net (fo=1, routed)           1.741    32.537    clk_IBUF
    BUFGCTRL_X0Y0        BUFG (Prop_bufg_I_O)         0.113    32.650 r  clk_IBUF_BUFG_inst/O
                         net (fo=350, routed)         1.538    34.188    GEN_BRAM.u_core/reg_file/registers_reg_r2_0_31_6_11/WCLK
    SLICE_X10Y33         RAMD32                                       r  GEN_BRAM.u_core/reg_file/registers_reg_r2_0_31_6_11/RAMB/CLK
                         clock pessimism              0.263    34.452    
                         clock uncertainty           -0.035    34.416    
    SLICE_X10Y33         RAMD32 (Setup_ramd32_CLK_I)
                                                     -0.129    34.287    GEN_BRAM.u_core/reg_file/registers_reg_r2_0_31_6_11/RAMB
  -------------------------------------------------------------------
                         required time                         34.287    
                         arrival time                         -24.510    
  -------------------------------------------------------------------
                         slack                                  9.778    

Slack (MET) :             9.812ns  (required time - arrival time)
  Source:                 GEN_BRAM.u_core/ir_reg[15]/C
                            (rising edge-triggered cell FDCE clocked by sys_clk  {rise@0.000ns fall@15.000ns period=30.000ns})
  Destination:            GEN_BRAM.u_core/reg_file/registers_reg_r1_0_31_6_11/RAMB/I
                            (rising edge-triggered cell RAMD32 clocked by sys_clk  {rise@0.000ns fall@15.000ns period=30.000ns})
  Path Group:             sys_clk
  Path Type:              Setup (Max at Slow Process Corner)
  Requirement:            30.000ns  (sys_clk rise@30.000ns - sys_clk rise@0.000ns)
  Data Path Delay:        20.061ns  (logic 5.214ns (25.991%)  route 14.847ns (74.009%))
  Logic Levels:           30  (CARRY4=12 LUT1=1 LUT3=4 LUT4=5 LUT5=1 LUT6=4 MUXF7=2 RAMD32=1)
  Clock Path Skew:        0.037ns (DCD - SCD + CPR)
    Destination Clock Delay (DCD):    4.247ns = ( 34.247 - 30.000 ) 
    Source Clock Delay      (SCD):    4.467ns
    Clock Pessimism Removal (CPR):    0.256ns
  Clock Uncertainty:      0.035ns  ((TSJ^2 + TIJ^2)^1/2 + DJ) / 2 + PE
    Total System Jitter     (TSJ):    0.071ns
    Total Input Jitter      (TIJ):    0.000ns
    Discrete Jitter          (DJ):    0.000ns
    Phase Error              (PE):    0.000ns

    Location             Delay type                Incr(ns)  Path(ns)    Netlist Resource(s)
  -------------------------------------------------------------------    -------------------
                         (clock sys_clk rise edge)    0.000     0.000 r  
    AD23                                              0.000     0.000 r  clk (IN)
                         net (fo=0)                   0.000     0.000    clk
    AD23                 IBUF (Prop_ibuf_I_O)         0.873     0.873 r  clk_IBUF_inst/O
                         net (fo=1, routed)           1.830     2.703    clk_IBUF
    BUFGCTRL_X0Y0        BUFG (Prop_bufg_I_O)         0.120     2.823 r  clk_IBUF_BUFG_inst/O
                         net (fo=350, routed)         1.644     4.467    GEN_BRAM.u_core/clk_IBUF_BUFG
    SLICE_X10Y29         FDCE                                         r  GEN_BRAM.u_core/ir_reg[15]/C
  -------------------------------------------------------------------    -------------------
    SLICE_X10Y29         FDCE (Prop_fdce_C_Q)         0.308     4.775 r  GEN_BRAM.u_core/ir_reg[15]/Q
                         net (fo=97, routed)          1.596     6.370    GEN_BRAM.u_core/reg_file/registers_reg_r1_0_31_30_31__0/DPRA0
    SLICE_X6Y41          RAMD32 (Prop_ramd32_RADR0_O)
                                                      0.063     6.433 f  GEN_BRAM.u_core/reg_file/registers_reg_r1_0_31_30_31__0/DP/O
                         net (fo=11, routed)          0.935     7.368    GEN_BRAM.u_core/alu_mux_a/dataR10[31]
    SLICE_X8Y52          LUT4 (Prop_lut4_I1_O)        0.164     7.532 r  GEN_BRAM.u_core/alu_mux_a/u_adder_i_1/O
                         net (fo=85, routed)          1.082     8.615    GEN_BRAM.u_core/alu/u_mul/u_mul/GEN_VEDIC.u_mul/u2/a[17]
    SLICE_X12Y45         LUT6 (Prop_lut6_I1_O)        0.053     8.668 r  GEN_BRAM.u_core/alu/u_mul/u_mul/GEN_VEDIC.u_mul/u2/result[1]_INST_0_i_3/O
                         net (fo=56, routed)          1.662    10.329    GEN_BRAM.u_core/alu/u_mul/u_mul/GEN_VEDIC.u_mul/u0/mag_a[0]
    SLICE_X18Y27         LUT4 (Prop_lut4_I3_O)        0.068    10.397 r  GEN_BRAM.u_core/alu/u_mul/u_mul/GEN_VEDIC.u_mul/u0/result[3]_INST_0_i_23/O
                         net (fo=2, routed)           0.591    10.988    GEN_BRAM.u_core/alu/u_mul/u_mul/GEN_VEDIC.u_mul/u0/u0/u0/p2_2[1]
    SLICE_X19Y27         LUT3 (Prop_lut3_I1_O)        0.187    11.175 r  GEN_BRAM.u_core/alu/u_mul/u_mul/GEN_VEDIC.u_mul/u0/result[3]_INST_0_i_4/O
                         net (fo=2, routed)           0.296    11.472    GEN_BRAM.u_core/alu/u_mul/u_mul/GEN_VEDIC.u_mul/u0/result[3]_INST_0_i_4_n_0
    SLICE_X19Y27         CARRY4 (Prop_carry4_DI[2]_CO[3])
                                                      0.355    11.827 r  GEN_BRAM.u_core/alu/u_mul/u_mul/GEN_VEDIC.u_mul/u0/result[3]_INST_0_i_1/CO[3]
                         net (fo=1, routed)           0.000    11.827    GEN_BRAM.u_core/alu/u_mul/u_mul/GEN_VEDIC.u_mul/u0/result[3]_INST_0_i_1_n_0
    SLICE_X19Y28         CARRY4 (Prop_carry4_CI_O[0])
                                                      0.139    11.966 r  GEN_BRAM.u_core/alu/u_mul/u_mul/GEN_VEDIC.u_mul/u0/result[7]_INST_0_i_20/O[0]
                         net (fo=2, routed)           0.460    12.426    GEN_BRAM.u_core/alu/u_mul/u_mul/GEN_VEDIC.u_mul/u0/u0/p0_4[6]
    SLICE_X16Y28         LUT3 (Prop_lut3_I2_O)        0.165    12.591 r  GEN_BRAM.u_core/alu/u_mul/u_mul/GEN_VEDIC.u_mul/u0/result[7]_INST_0_i_3/O
                         net (fo=2, routed)           0.477    13.069    GEN_BRAM.u_core/alu/u_mul/u_mul/GEN_VEDIC.u_mul/u0/result[7]_INST_0_i_3_n_0
    SLICE_X16Y28         LUT4 (Prop_lut4_I3_O)        0.164    13.233 r  GEN_BRAM.u_core/alu/u_mul/u_mul/GEN_VEDIC.u_mul/u0/result[7]_INST_0_i_6/O
                         net (fo=1, routed)           0.000    13.233    GEN_BRAM.u_core/alu/u_mul/u_mul/GEN_VEDIC.u_mul/u0/result[7]_INST_0_i_6_n_0
    SLICE_X16Y28         CARRY4 (Prop_carry4_S[3]_CO[3])
                                                      0.216    13.449 r  GEN_BRAM.u_core/alu/u_mul/u_mul/GEN_VEDIC.u_mul/u0/result[7]_INST_0_i_1/CO[3]
                         net (fo=1, routed)           0.000    13.449    GEN_BRAM.u_core/alu/u_mul/u_mul/GEN_VEDIC.u_mul/u0/result[7]_INST_0_i_1_n_0
    SLICE_X16Y29         CARRY4 (Prop_carry4_CI_O[3])
                                                      0.181    13.630 r  GEN_BRAM.u_core/alu/u_mul/u_mul/GEN_VEDIC.u_mul/u0/product__0_carry_i_10/O[3]
                         net (fo=2, routed)           0.820    14.450    GEN_BRAM.u_core/alu/u_mul/u_mul/GEN_VEDIC.u_mul/u0/p0[11]
    SLICE_X16Y33         LUT3 (Prop_lut3_I2_O)        0.154    14.604 r  GEN_BRAM.u_core/alu/u_mul/u_mul/GEN_VEDIC.u_mul/u0/product__0_carry__0_i_4__2/O
                         net (fo=2, routed)           0.408    15.012    GEN_BRAM.u_core/alu/u_mul/u_mul/GEN_VEDIC.u_mul/u0/product__0_carry__0_i_4__2_n_0
    SLICE_X16Y34         CARRY4 (Prop_carry4_DI[0]_CO[3])
                                                      0.455    15.467 r  GEN_BRAM.u_core/alu/u_mul/u_mul/GEN_VEDIC.u_mul/u0/product__0_carry__0/CO[3]
                         net (fo=1, routed)           0.000    15.467    GEN_BRAM.u_core/alu/u_mul/u_mul/GEN_VEDIC.u_mul/u0/product__0_carry__0_n_0
    SLICE_X16Y35         CARRY4 (Prop_carry4_CI_CO[3])
                                                      0.060    15.527 r  GEN_BRAM.u_core/alu/u_mul/u_mul/GEN_VEDIC.u_mul/u0/product__0_carry__1/CO[3]
                         net (fo=1, routed)           0.000    15.527    GEN_BRAM.u_core/alu/u_mul/u_mul/GEN_VEDIC.u_mul/u0/product__0_carry__1_n_0
    SLICE_X16Y36         CARRY4 (Prop_carry4_CI_CO[3])
                                                      0.060    15.587 r  GEN_BRAM.u_core/alu/u_mul/u_mul/GEN_VEDIC.u_mul/u0/product__0_carry__2/CO[3]
                         net (fo=1, routed)           0.000    15.587    GEN_BRAM.u_core/alu/u_mul/u_mul/GEN_VEDIC.u_mul/u0/product__0_carry__2_n_0
    SLICE_X16Y37         CARRY4 (Prop_carry4_CI_O[2])
                                                      0.137    15.724 r  GEN_BRAM.u_core/alu/u_mul/u_mul/GEN_VEDIC.u_mul/u0/product__0_carry__3/O[2]
                         net (fo=2, routed)           0.835    16.559    GEN_BRAM.u_core/alu/u_mul/u_mul/GEN_VEDIC.u_mul/u1/result[31]_INST_0_i_1_0[2]
    SLICE_X16Y44         LUT3 (Prop_lut3_I2_O)        0.162    16.721 r  GEN_BRAM.u_core/alu/u_mul/u_mul/GEN_VEDIC.u_mul/u1/result[27]_INST_0_i_3/O
                         net (fo=2, routed)           0.477    17.198    GEN_BRAM.u_core/alu/u_mul/u_mul/GEN_VEDIC.u_mul/u1/result[27]_INST_0_i_3_n_0
    SLICE_X16Y44         LUT4 (Prop_lut4_I3_O)        0.164    17.362 r  GEN_BRAM.u_core/alu/u_mul/u_mul/GEN_VEDIC.u_mul/u1/result[27]_INST_0_i_7/O
                         net (fo=1, routed)           0.000    17.362    GEN_BRAM.u_core/alu/u_mul/u_mul/GEN_VEDIC.u_mul/u1/result[27]_INST_0_i_7_n_0
    SLICE_X16Y44         CARRY4 (Prop_carry4_S[3]_CO[3])
                                                      0.216    17.578 r  GEN_BRAM.u_core/alu/u_mul/u_mul/GEN_VEDIC.u_mul/u1/result[27]_INST_0_i_1/CO[3]
                         net (fo=1, routed)           0.000    17.578    GEN_BRAM.u_core/alu/u_mul/u_mul/GEN_VEDIC.u_mul/u1/result[27]_INST_0_i_1_n_0
    SLICE_X16Y45         CARRY4 (Prop_carry4_CI_O[1])
                                                      0.212    17.790 f  GEN_BRAM.u_core/alu/u_mul/u_mul/GEN_VEDIC.u_mul/u1/result[31]_INST_0_i_1/O[1]
                         net (fo=2, routed)           0.418    18.208    GEN_BRAM.u_core/alu/u_mul/u_mul/GEN_VEDIC.u_mul/u1/result[31]_INST_0_i_13_0[6]
    SLICE_X14Y46         LUT1 (Prop_lut1_I0_O)        0.155    18.363 r  GEN_BRAM.u_core/alu/u_mul/u_mul/GEN_VEDIC.u_mul/u1/result[0]_INST_0_i_6/O
                         net (fo=1, routed)           0.000    18.363    GEN_BRAM.u_core/alu/u_mul/u_mul/GEN_VEDIC.u_mul/u1/p_0_in[29]
    SLICE_X14Y46         CARRY4 (Prop_carry4_S[0]_CO[3])
                                                      0.297    18.660 r  GEN_BRAM.u_core/alu/u_mul/u_mul/GEN_VEDIC.u_mul/u1/result[0]_INST_0_i_1/CO[3]
                         net (fo=1, routed)           0.000    18.660    GEN_BRAM.u_core/alu/u_mul/u_mul/GEN_VEDIC.u_mul/u1/result[0]_INST_0_i_1_n_0
    SLICE_X14Y47         CARRY4 (Prop_carry4_CI_O[0])
                                                      0.135    18.795 f  GEN_BRAM.u_core/alu/u_mul/u_mul/GEN_VEDIC.u_mul/u1/result[4]_INST_0_i_1/O[0]
                         net (fo=1, routed)           0.441    19.236    GEN_BRAM.u_core/alu/u_mul/u_mul/GEN_VEDIC.u_mul/u1/signed_product0[33]
    SLICE_X15Y47         LUT5 (Prop_lut5_I4_O)        0.153    19.389 f  GEN_BRAM.u_core/alu/u_mul/u_mul/GEN_VEDIC.u_mul/u1/result[1]_INST_0/O
                         net (fo=2, routed)           0.677    20.066    GEN_BRAM.u_core/reg_file/result[0]
    SLICE_X4Y50          LUT6 (Prop_lut6_I2_O)        0.053    20.119 f  GEN_BRAM.u_core/reg_file/debug_alu_out_OBUF[1]_inst_i_2/O
                         net (fo=2, routed)           0.000    20.119    GEN_BRAM.u_core/alu_mux_b/load_addr_hold_reg[1]
    SLICE_X4Y50          MUXF7 (Prop_muxf7_I0_O)      0.121    20.240 f  GEN_BRAM.u_core/alu_mux_b/debug_alu_out_OBUF[1]_inst_i_1/O
                         net (fo=43, routed)          1.385    21.625    GEN_BRAM.u_core/alu_mux_b/D[0]
    SLICE_X8Y27          LUT4 (Prop_lut4_I2_O)        0.165    21.790 r  GEN_BRAM.u_core/alu_mux_b/registers_reg_r1_0_31_6_11_i_44/O
                         net (fo=1, routed)           1.072    22.862    GEN_BRAM.u_core/wb_mux/registers_reg_r1_0_31_6_11_i_14_2
    SLICE_X7Y44          LUT6 (Prop_lut6_I4_O)        0.172    23.034 r  GEN_BRAM.u_core/wb_mux/registers_reg_r1_0_31_6_11_i_29/O
                         net (fo=1, routed)           0.000    23.034    GEN_BRAM.u_core/wb_mux/registers_reg_r1_0_31_6_11_i_29_n_0
    SLICE_X7Y44          MUXF7 (Prop_muxf7_I0_O)      0.127    23.161 r  GEN_BRAM.u_core/wb_mux/registers_reg_r1_0_31_6_11_i_14/O
                         net (fo=1, routed)           0.703    23.864    GEN_BRAM.u_core/divider/wb_exec[8]
    SLICE_X9Y30          LUT6 (Prop_lut6_I5_O)        0.153    24.017 r  GEN_BRAM.u_core/divider/registers_reg_r1_0_31_6_11_i_4/O
                         net (fo=2, routed)           0.511    24.527    GEN_BRAM.u_core/reg_file/registers_reg_r1_0_31_6_11/DIB0
    SLICE_X6Y33          RAMD32                                       r  GEN_BRAM.u_core/reg_file/registers_reg_r1_0_31_6_11/RAMB/I
  -------------------------------------------------------------------    -------------------

                         (clock sys_clk rise edge)   30.000    30.000 r  
    AD23                                              0.000    30.000 r  clk (IN)
                         net (fo=0)                   0.000    30.000    clk
    AD23                 IBUF (Prop_ibuf_I_O)         0.796    30.796 r  clk_IBUF_inst/O
                         net (fo=1, routed)           1.741    32.537    clk_IBUF
    BUFGCTRL_X0Y0        BUFG (Prop_bufg_I_O)         0.113    32.650 r  clk_IBUF_BUFG_inst/O
                         net (fo=350, routed)         1.597    34.247    GEN_BRAM.u_core/reg_file/registers_reg_r1_0_31_6_11/WCLK
    SLICE_X6Y33          RAMD32                                       r  GEN_BRAM.u_core/reg_file/registers_reg_r1_0_31_6_11/RAMB/CLK
                         clock pessimism              0.256    34.504    
                         clock uncertainty           -0.035    34.468    
    SLICE_X6Y33          RAMD32 (Setup_ramd32_CLK_I)
                                                     -0.129    34.339    GEN_BRAM.u_core/reg_file/registers_reg_r1_0_31_6_11/RAMB
  -------------------------------------------------------------------
                         required time                         34.339    
                         arrival time                         -24.527    
  -------------------------------------------------------------------
                         slack                                  9.812    

Slack (MET) :             9.893ns  (required time - arrival time)
  Source:                 GEN_BRAM.u_core/ir_reg[15]/C
                            (rising edge-triggered cell FDCE clocked by sys_clk  {rise@0.000ns fall@15.000ns period=30.000ns})
  Destination:            GEN_BRAM.u_core/dmem/mem_reg_1/DIADI[12]
                            (rising edge-triggered cell RAMB36E1 clocked by sys_clk  {rise@0.000ns fall@15.000ns period=30.000ns})
  Path Group:             sys_clk
  Path Type:              Setup (Max at Slow Process Corner)
  Requirement:            30.000ns  (sys_clk rise@30.000ns - sys_clk rise@0.000ns)
  Data Path Delay:        19.878ns  (logic 5.095ns (25.631%)  route 14.783ns (74.369%))
  Logic Levels:           29  (CARRY4=12 LUT1=1 LUT2=1 LUT3=5 LUT4=4 LUT5=1 LUT6=3 MUXF7=1 RAMD32=1)
  Clock Path Skew:        0.011ns (DCD - SCD + CPR)
    Destination Clock Delay (DCD):    4.221ns = ( 34.221 - 30.000 ) 
    Source Clock Delay      (SCD):    4.467ns
    Clock Pessimism Removal (CPR):    0.256ns
  Clock Uncertainty:      0.035ns  ((TSJ^2 + TIJ^2)^1/2 + DJ) / 2 + PE
    Total System Jitter     (TSJ):    0.071ns
    Total Input Jitter      (TIJ):    0.000ns
    Discrete Jitter          (DJ):    0.000ns
    Phase Error              (PE):    0.000ns

    Location             Delay type                Incr(ns)  Path(ns)    Netlist Resource(s)
  -------------------------------------------------------------------    -------------------
                         (clock sys_clk rise edge)    0.000     0.000 r  
    AD23                                              0.000     0.000 r  clk (IN)
                         net (fo=0)                   0.000     0.000    clk
    AD23                 IBUF (Prop_ibuf_I_O)         0.873     0.873 r  clk_IBUF_inst/O
                         net (fo=1, routed)           1.830     2.703    clk_IBUF
    BUFGCTRL_X0Y0        BUFG (Prop_bufg_I_O)         0.120     2.823 r  clk_IBUF_BUFG_inst/O
                         net (fo=350, routed)         1.644     4.467    GEN_BRAM.u_core/clk_IBUF_BUFG
    SLICE_X10Y29         FDCE                                         r  GEN_BRAM.u_core/ir_reg[15]/C
  -------------------------------------------------------------------    -------------------
    SLICE_X10Y29         FDCE (Prop_fdce_C_Q)         0.308     4.775 r  GEN_BRAM.u_core/ir_reg[15]/Q
                         net (fo=97, routed)          1.596     6.370    GEN_BRAM.u_core/reg_file/registers_reg_r1_0_31_30_31__0/DPRA0
    SLICE_X6Y41          RAMD32 (Prop_ramd32_RADR0_O)
                                                      0.063     6.433 f  GEN_BRAM.u_core/reg_file/registers_reg_r1_0_31_30_31__0/DP/O
                         net (fo=11, routed)          0.935     7.368    GEN_BRAM.u_core/alu_mux_a/dataR10[31]
    SLICE_X8Y52          LUT4 (Prop_lut4_I1_O)        0.164     7.532 r  GEN_BRAM.u_core/alu_mux_a/u_adder_i_1/O
                         net (fo=85, routed)          1.082     8.615    GEN_BRAM.u_core/alu/u_mul/u_mul/GEN_VEDIC.u_mul/u2/a[17]
    SLICE_X12Y45         LUT6 (Prop_lut6_I1_O)        0.053     8.668 r  GEN_BRAM.u_core/alu/u_mul/u_mul/GEN_VEDIC.u_mul/u2/result[1]_INST_0_i_3/O
                         net (fo=56, routed)          1.662    10.329    GEN_BRAM.u_core/alu/u_mul/u_mul/GEN_VEDIC.u_mul/u0/mag_a[0]
    SLICE_X18Y27         LUT4 (Prop_lut4_I3_O)        0.068    10.397 r  GEN_BRAM.u_core/alu/u_mul/u_mul/GEN_VEDIC.u_mul/u0/result[3]_INST_0_i_23/O
                         net (fo=2, routed)           0.591    10.988    GEN_BRAM.u_core/alu/u_mul/u_mul/GEN_VEDIC.u_mul/u0/u0/u0/p2_2[1]
    SLICE_X19Y27         LUT3 (Prop_lut3_I1_O)        0.187    11.175 r  GEN_BRAM.u_core/alu/u_mul/u_mul/GEN_VEDIC.u_mul/u0/result[3]_INST_0_i_4/O
                         net (fo=2, routed)           0.296    11.472    GEN_BRAM.u_core/alu/u_mul/u_mul/GEN_VEDIC.u_mul/u0/result[3]_INST_0_i_4_n_0
    SLICE_X19Y27         CARRY4 (Prop_carry4_DI[2]_CO[3])
                                                      0.355    11.827 r  GEN_BRAM.u_core/alu/u_mul/u_mul/GEN_VEDIC.u_mul/u0/result[3]_INST_0_i_1/CO[3]
                         net (fo=1, routed)           0.000    11.827    GEN_BRAM.u_core/alu/u_mul/u_mul/GEN_VEDIC.u_mul/u0/result[3]_INST_0_i_1_n_0
    SLICE_X19Y28         CARRY4 (Prop_carry4_CI_O[0])
                                                      0.139    11.966 r  GEN_BRAM.u_core/alu/u_mul/u_mul/GEN_VEDIC.u_mul/u0/result[7]_INST_0_i_20/O[0]
                         net (fo=2, routed)           0.460    12.426    GEN_BRAM.u_core/alu/u_mul/u_mul/GEN_VEDIC.u_mul/u0/u0/p0_4[6]
    SLICE_X16Y28         LUT3 (Prop_lut3_I2_O)        0.165    12.591 r  GEN_BRAM.u_core/alu/u_mul/u_mul/GEN_VEDIC.u_mul/u0/result[7]_INST_0_i_3/O
                         net (fo=2, routed)           0.477    13.069    GEN_BRAM.u_core/alu/u_mul/u_mul/GEN_VEDIC.u_mul/u0/result[7]_INST_0_i_3_n_0
    SLICE_X16Y28         LUT4 (Prop_lut4_I3_O)        0.164    13.233 r  GEN_BRAM.u_core/alu/u_mul/u_mul/GEN_VEDIC.u_mul/u0/result[7]_INST_0_i_6/O
                         net (fo=1, routed)           0.000    13.233    GEN_BRAM.u_core/alu/u_mul/u_mul/GEN_VEDIC.u_mul/u0/result[7]_INST_0_i_6_n_0
    SLICE_X16Y28         CARRY4 (Prop_carry4_S[3]_CO[3])
                                                      0.216    13.449 r  GEN_BRAM.u_core/alu/u_mul/u_mul/GEN_VEDIC.u_mul/u0/result[7]_INST_0_i_1/CO[3]
                         net (fo=1, routed)           0.000    13.449    GEN_BRAM.u_core/alu/u_mul/u_mul/GEN_VEDIC.u_mul/u0/result[7]_INST_0_i_1_n_0
    SLICE_X16Y29         CARRY4 (Prop_carry4_CI_O[3])
                                                      0.181    13.630 r  GEN_BRAM.u_core/alu/u_mul/u_mul/GEN_VEDIC.u_mul/u0/product__0_carry_i_10/O[3]
                         net (fo=2, routed)           0.820    14.450    GEN_BRAM.u_core/alu/u_mul/u_mul/GEN_VEDIC.u_mul/u0/p0[11]
    SLICE_X16Y33         LUT3 (Prop_lut3_I2_O)        0.154    14.604 r  GEN_BRAM.u_core/alu/u_mul/u_mul/GEN_VEDIC.u_mul/u0/product__0_carry__0_i_4__2/O
                         net (fo=2, routed)           0.408    15.012    GEN_BRAM.u_core/alu/u_mul/u_mul/GEN_VEDIC.u_mul/u0/product__0_carry__0_i_4__2_n_0
    SLICE_X16Y34         CARRY4 (Prop_carry4_DI[0]_CO[3])
                                                      0.455    15.467 r  GEN_BRAM.u_core/alu/u_mul/u_mul/GEN_VEDIC.u_mul/u0/product__0_carry__0/CO[3]
                         net (fo=1, routed)           0.000    15.467    GEN_BRAM.u_core/alu/u_mul/u_mul/GEN_VEDIC.u_mul/u0/product__0_carry__0_n_0
    SLICE_X16Y35         CARRY4 (Prop_carry4_CI_CO[3])
                                                      0.060    15.527 r  GEN_BRAM.u_core/alu/u_mul/u_mul/GEN_VEDIC.u_mul/u0/product__0_carry__1/CO[3]
                         net (fo=1, routed)           0.000    15.527    GEN_BRAM.u_core/alu/u_mul/u_mul/GEN_VEDIC.u_mul/u0/product__0_carry__1_n_0
    SLICE_X16Y36         CARRY4 (Prop_carry4_CI_CO[3])
                                                      0.060    15.587 r  GEN_BRAM.u_core/alu/u_mul/u_mul/GEN_VEDIC.u_mul/u0/product__0_carry__2/CO[3]
                         net (fo=1, routed)           0.000    15.587    GEN_BRAM.u_core/alu/u_mul/u_mul/GEN_VEDIC.u_mul/u0/product__0_carry__2_n_0
    SLICE_X16Y37         CARRY4 (Prop_carry4_CI_O[2])
                                                      0.137    15.724 r  GEN_BRAM.u_core/alu/u_mul/u_mul/GEN_VEDIC.u_mul/u0/product__0_carry__3/O[2]
                         net (fo=2, routed)           0.835    16.559    GEN_BRAM.u_core/alu/u_mul/u_mul/GEN_VEDIC.u_mul/u1/result[31]_INST_0_i_1_0[2]
    SLICE_X16Y44         LUT3 (Prop_lut3_I2_O)        0.162    16.721 r  GEN_BRAM.u_core/alu/u_mul/u_mul/GEN_VEDIC.u_mul/u1/result[27]_INST_0_i_3/O
                         net (fo=2, routed)           0.477    17.198    GEN_BRAM.u_core/alu/u_mul/u_mul/GEN_VEDIC.u_mul/u1/result[27]_INST_0_i_3_n_0
    SLICE_X16Y44         LUT4 (Prop_lut4_I3_O)        0.164    17.362 r  GEN_BRAM.u_core/alu/u_mul/u_mul/GEN_VEDIC.u_mul/u1/result[27]_INST_0_i_7/O
                         net (fo=1, routed)           0.000    17.362    GEN_BRAM.u_core/alu/u_mul/u_mul/GEN_VEDIC.u_mul/u1/result[27]_INST_0_i_7_n_0
    SLICE_X16Y44         CARRY4 (Prop_carry4_S[3]_CO[3])
                                                      0.216    17.578 r  GEN_BRAM.u_core/alu/u_mul/u_mul/GEN_VEDIC.u_mul/u1/result[27]_INST_0_i_1/CO[3]
                         net (fo=1, routed)           0.000    17.578    GEN_BRAM.u_core/alu/u_mul/u_mul/GEN_VEDIC.u_mul/u1/result[27]_INST_0_i_1_n_0
    SLICE_X16Y45         CARRY4 (Prop_carry4_CI_O[1])
                                                      0.212    17.790 f  GEN_BRAM.u_core/alu/u_mul/u_mul/GEN_VEDIC.u_mul/u1/result[31]_INST_0_i_1/O[1]
                         net (fo=2, routed)           0.418    18.208    GEN_BRAM.u_core/alu/u_mul/u_mul/GEN_VEDIC.u_mul/u1/result[31]_INST_0_i_13_0[6]
    SLICE_X14Y46         LUT1 (Prop_lut1_I0_O)        0.155    18.363 r  GEN_BRAM.u_core/alu/u_mul/u_mul/GEN_VEDIC.u_mul/u1/result[0]_INST_0_i_6/O
                         net (fo=1, routed)           0.000    18.363    GEN_BRAM.u_core/alu/u_mul/u_mul/GEN_VEDIC.u_mul/u1/p_0_in[29]
    SLICE_X14Y46         CARRY4 (Prop_carry4_S[0]_CO[3])
                                                      0.297    18.660 r  GEN_BRAM.u_core/alu/u_mul/u_mul/GEN_VEDIC.u_mul/u1/result[0]_INST_0_i_1/CO[3]
                         net (fo=1, routed)           0.000    18.660    GEN_BRAM.u_core/alu/u_mul/u_mul/GEN_VEDIC.u_mul/u1/result[0]_INST_0_i_1_n_0
    SLICE_X14Y47         CARRY4 (Prop_carry4_CI_O[0])
                                                      0.135    18.795 r  GEN_BRAM.u_core/alu/u_mul/u_mul/GEN_VEDIC.u_mul/u1/result[4]_INST_0_i_1/O[0]
                         net (fo=1, routed)           0.441    19.236    GEN_BRAM.u_core/alu/u_mul/u_mul/GEN_VEDIC.u_mul/u1/signed_product0[33]
    SLICE_X15Y47         LUT5 (Prop_lut5_I4_O)        0.153    19.389 r  GEN_BRAM.u_core/alu/u_mul/u_mul/GEN_VEDIC.u_mul/u1/result[1]_INST_0/O
                         net (fo=2, routed)           0.677    20.066    GEN_BRAM.u_core/reg_file/result[0]
    SLICE_X4Y50          LUT6 (Prop_lut6_I2_O)        0.053    20.119 r  GEN_BRAM.u_core/reg_file/debug_alu_out_OBUF[1]_inst_i_2/O
                         net (fo=2, routed)           0.000    20.119    GEN_BRAM.u_core/alu_mux_b/load_addr_hold_reg[1]
    SLICE_X4Y50          MUXF7 (Prop_muxf7_I0_O)      0.121    20.240 r  GEN_BRAM.u_core/alu_mux_b/debug_alu_out_OBUF[1]_inst_i_1/O
                         net (fo=43, routed)          1.860    22.100    GEN_BRAM.u_core/alu_mux_b/D[0]
    SLICE_X8Y27          LUT3 (Prop_lut3_I2_O)        0.161    22.261 r  GEN_BRAM.u_core/alu_mux_b/mem_reg_1_i_41/O
                         net (fo=12, routed)          0.579    22.840    GEN_BRAM.u_core/alu_mux_b/ir_reg[14]
    SLICE_X11Y31         LUT2 (Prop_lut2_I0_O)        0.167    23.007 r  GEN_BRAM.u_core/alu_mux_b/mem_reg_1_i_19/O
                         net (fo=8, routed)           0.684    23.692    GEN_BRAM.u_core/reg_file/mem_reg_1_2
    SLICE_X12Y33         LUT6 (Prop_lut6_I0_O)        0.170    23.862 r  GEN_BRAM.u_core/reg_file/mem_reg_1_i_4/O
                         net (fo=1, routed)           0.483    24.345    GEN_BRAM.u_core/dmem/wdata[28]
    RAMB36_X0Y6          RAMB36E1                                     r  GEN_BRAM.u_core/dmem/mem_reg_1/DIADI[12]
  -------------------------------------------------------------------    -------------------

                         (clock sys_clk rise edge)   30.000    30.000 r  
    AD23                                              0.000    30.000 r  clk (IN)
                         net (fo=0)                   0.000    30.000    clk
    AD23                 IBUF (Prop_ibuf_I_O)         0.796    30.796 r  clk_IBUF_inst/O
                         net (fo=1, routed)           1.741    32.537    clk_IBUF
    BUFGCTRL_X0Y0        BUFG (Prop_bufg_I_O)         0.113    32.650 r  clk_IBUF_BUFG_inst/O
                         net (fo=350, routed)         1.571    34.221    GEN_BRAM.u_core/dmem/clk_IBUF_BUFG
    RAMB36_X0Y6          RAMB36E1                                     r  GEN_BRAM.u_core/dmem/mem_reg_1/CLKARDCLK
                         clock pessimism              0.256    34.477    
                         clock uncertainty           -0.035    34.442    
    RAMB36_X0Y6          RAMB36E1 (Setup_ramb36e1_CLKARDCLK_DIADI[12])
                                                     -0.204    34.238    GEN_BRAM.u_core/dmem/mem_reg_1
  -------------------------------------------------------------------
                         required time                         34.238    
                         arrival time                         -24.345    
  -------------------------------------------------------------------
                         slack                                  9.893    

Slack (MET) :             9.909ns  (required time - arrival time)
  Source:                 GEN_BRAM.u_core/ir_reg[15]/C
                            (rising edge-triggered cell FDCE clocked by sys_clk  {rise@0.000ns fall@15.000ns period=30.000ns})
  Destination:            GEN_BRAM.u_core/dmem/mem_reg_1/DIADI[11]
                            (rising edge-triggered cell RAMB36E1 clocked by sys_clk  {rise@0.000ns fall@15.000ns period=30.000ns})
  Path Group:             sys_clk
  Path Type:              Setup (Max at Slow Process Corner)
  Requirement:            30.000ns  (sys_clk rise@30.000ns - sys_clk rise@0.000ns)
  Data Path Delay:        19.862ns  (logic 5.095ns (25.651%)  route 14.767ns (74.349%))
  Logic Levels:           29  (CARRY4=12 LUT1=1 LUT2=1 LUT3=5 LUT4=4 LUT5=1 LUT6=3 MUXF7=1 RAMD32=1)
  Clock Path Skew:        0.011ns (DCD - SCD + CPR)
    Destination Clock Delay (DCD):    4.221ns = ( 34.221 - 30.000 ) 
    Source Clock Delay      (SCD):    4.467ns
    Clock Pessimism Removal (CPR):    0.256ns
  Clock Uncertainty:      0.035ns  ((TSJ^2 + TIJ^2)^1/2 + DJ) / 2 + PE
    Total System Jitter     (TSJ):    0.071ns
    Total Input Jitter      (TIJ):    0.000ns
    Discrete Jitter          (DJ):    0.000ns
    Phase Error              (PE):    0.000ns

    Location             Delay type                Incr(ns)  Path(ns)    Netlist Resource(s)
  -------------------------------------------------------------------    -------------------
                         (clock sys_clk rise edge)    0.000     0.000 r  
    AD23                                              0.000     0.000 r  clk (IN)
                         net (fo=0)                   0.000     0.000    clk
    AD23                 IBUF (Prop_ibuf_I_O)         0.873     0.873 r  clk_IBUF_inst/O
                         net (fo=1, routed)           1.830     2.703    clk_IBUF
    BUFGCTRL_X0Y0        BUFG (Prop_bufg_I_O)         0.120     2.823 r  clk_IBUF_BUFG_inst/O
                         net (fo=350, routed)         1.644     4.467    GEN_BRAM.u_core/clk_IBUF_BUFG
    SLICE_X10Y29         FDCE                                         r  GEN_BRAM.u_core/ir_reg[15]/C
  -------------------------------------------------------------------    -------------------
    SLICE_X10Y29         FDCE (Prop_fdce_C_Q)         0.308     4.775 r  GEN_BRAM.u_core/ir_reg[15]/Q
                         net (fo=97, routed)          1.596     6.370    GEN_BRAM.u_core/reg_file/registers_reg_r1_0_31_30_31__0/DPRA0
    SLICE_X6Y41          RAMD32 (Prop_ramd32_RADR0_O)
                                                      0.063     6.433 f  GEN_BRAM.u_core/reg_file/registers_reg_r1_0_31_30_31__0/DP/O
                         net (fo=11, routed)          0.935     7.368    GEN_BRAM.u_core/alu_mux_a/dataR10[31]
    SLICE_X8Y52          LUT4 (Prop_lut4_I1_O)        0.164     7.532 r  GEN_BRAM.u_core/alu_mux_a/u_adder_i_1/O
                         net (fo=85, routed)          1.082     8.615    GEN_BRAM.u_core/alu/u_mul/u_mul/GEN_VEDIC.u_mul/u2/a[17]
    SLICE_X12Y45         LUT6 (Prop_lut6_I1_O)        0.053     8.668 r  GEN_BRAM.u_core/alu/u_mul/u_mul/GEN_VEDIC.u_mul/u2/result[1]_INST_0_i_3/O
                         net (fo=56, routed)          1.662    10.329    GEN_BRAM.u_core/alu/u_mul/u_mul/GEN_VEDIC.u_mul/u0/mag_a[0]
    SLICE_X18Y27         LUT4 (Prop_lut4_I3_O)        0.068    10.397 r  GEN_BRAM.u_core/alu/u_mul/u_mul/GEN_VEDIC.u_mul/u0/result[3]_INST_0_i_23/O
                         net (fo=2, routed)           0.591    10.988    GEN_BRAM.u_core/alu/u_mul/u_mul/GEN_VEDIC.u_mul/u0/u0/u0/p2_2[1]
    SLICE_X19Y27         LUT3 (Prop_lut3_I1_O)        0.187    11.175 r  GEN_BRAM.u_core/alu/u_mul/u_mul/GEN_VEDIC.u_mul/u0/result[3]_INST_0_i_4/O
                         net (fo=2, routed)           0.296    11.472    GEN_BRAM.u_core/alu/u_mul/u_mul/GEN_VEDIC.u_mul/u0/result[3]_INST_0_i_4_n_0
    SLICE_X19Y27         CARRY4 (Prop_carry4_DI[2]_CO[3])
                                                      0.355    11.827 r  GEN_BRAM.u_core/alu/u_mul/u_mul/GEN_VEDIC.u_mul/u0/result[3]_INST_0_i_1/CO[3]
                         net (fo=1, routed)           0.000    11.827    GEN_BRAM.u_core/alu/u_mul/u_mul/GEN_VEDIC.u_mul/u0/result[3]_INST_0_i_1_n_0
    SLICE_X19Y28         CARRY4 (Prop_carry4_CI_O[0])
                                                      0.139    11.966 r  GEN_BRAM.u_core/alu/u_mul/u_mul/GEN_VEDIC.u_mul/u0/result[7]_INST_0_i_20/O[0]
                         net (fo=2, routed)           0.460    12.426    GEN_BRAM.u_core/alu/u_mul/u_mul/GEN_VEDIC.u_mul/u0/u0/p0_4[6]
    SLICE_X16Y28         LUT3 (Prop_lut3_I2_O)        0.165    12.591 r  GEN_BRAM.u_core/alu/u_mul/u_mul/GEN_VEDIC.u_mul/u0/result[7]_INST_0_i_3/O
                         net (fo=2, routed)           0.477    13.069    GEN_BRAM.u_core/alu/u_mul/u_mul/GEN_VEDIC.u_mul/u0/result[7]_INST_0_i_3_n_0
    SLICE_X16Y28         LUT4 (Prop_lut4_I3_O)        0.164    13.233 r  GEN_BRAM.u_core/alu/u_mul/u_mul/GEN_VEDIC.u_mul/u0/result[7]_INST_0_i_6/O
                         net (fo=1, routed)           0.000    13.233    GEN_BRAM.u_core/alu/u_mul/u_mul/GEN_VEDIC.u_mul/u0/result[7]_INST_0_i_6_n_0
    SLICE_X16Y28         CARRY4 (Prop_carry4_S[3]_CO[3])
                                                      0.216    13.449 r  GEN_BRAM.u_core/alu/u_mul/u_mul/GEN_VEDIC.u_mul/u0/result[7]_INST_0_i_1/CO[3]
                         net (fo=1, routed)           0.000    13.449    GEN_BRAM.u_core/alu/u_mul/u_mul/GEN_VEDIC.u_mul/u0/result[7]_INST_0_i_1_n_0
    SLICE_X16Y29         CARRY4 (Prop_carry4_CI_O[3])
                                                      0.181    13.630 r  GEN_BRAM.u_core/alu/u_mul/u_mul/GEN_VEDIC.u_mul/u0/product__0_carry_i_10/O[3]
                         net (fo=2, routed)           0.820    14.450    GEN_BRAM.u_core/alu/u_mul/u_mul/GEN_VEDIC.u_mul/u0/p0[11]
    SLICE_X16Y33         LUT3 (Prop_lut3_I2_O)        0.154    14.604 r  GEN_BRAM.u_core/alu/u_mul/u_mul/GEN_VEDIC.u_mul/u0/product__0_carry__0_i_4__2/O
                         net (fo=2, routed)           0.408    15.012    GEN_BRAM.u_core/alu/u_mul/u_mul/GEN_VEDIC.u_mul/u0/product__0_carry__0_i_4__2_n_0
    SLICE_X16Y34         CARRY4 (Prop_carry4_DI[0]_CO[3])
                                                      0.455    15.467 r  GEN_BRAM.u_core/alu/u_mul/u_mul/GEN_VEDIC.u_mul/u0/product__0_carry__0/CO[3]
                         net (fo=1, routed)           0.000    15.467    GEN_BRAM.u_core/alu/u_mul/u_mul/GEN_VEDIC.u_mul/u0/product__0_carry__0_n_0
    SLICE_X16Y35         CARRY4 (Prop_carry4_CI_CO[3])
                                                      0.060    15.527 r  GEN_BRAM.u_core/alu/u_mul/u_mul/GEN_VEDIC.u_mul/u0/product__0_carry__1/CO[3]
                         net (fo=1, routed)           0.000    15.527    GEN_BRAM.u_core/alu/u_mul/u_mul/GEN_VEDIC.u_mul/u0/product__0_carry__1_n_0
    SLICE_X16Y36         CARRY4 (Prop_carry4_CI_CO[3])
                                                      0.060    15.587 r  GEN_BRAM.u_core/alu/u_mul/u_mul/GEN_VEDIC.u_mul/u0/product__0_carry__2/CO[3]
                         net (fo=1, routed)           0.000    15.587    GEN_BRAM.u_core/alu/u_mul/u_mul/GEN_VEDIC.u_mul/u0/product__0_carry__2_n_0
    SLICE_X16Y37         CARRY4 (Prop_carry4_CI_O[2])
                                                      0.137    15.724 r  GEN_BRAM.u_core/alu/u_mul/u_mul/GEN_VEDIC.u_mul/u0/product__0_carry__3/O[2]
                         net (fo=2, routed)           0.835    16.559    GEN_BRAM.u_core/alu/u_mul/u_mul/GEN_VEDIC.u_mul/u1/result[31]_INST_0_i_1_0[2]
    SLICE_X16Y44         LUT3 (Prop_lut3_I2_O)        0.162    16.721 r  GEN_BRAM.u_core/alu/u_mul/u_mul/GEN_VEDIC.u_mul/u1/result[27]_INST_0_i_3/O
                         net (fo=2, routed)           0.477    17.198    GEN_BRAM.u_core/alu/u_mul/u_mul/GEN_VEDIC.u_mul/u1/result[27]_INST_0_i_3_n_0
    SLICE_X16Y44         LUT4 (Prop_lut4_I3_O)        0.164    17.362 r  GEN_BRAM.u_core/alu/u_mul/u_mul/GEN_VEDIC.u_mul/u1/result[27]_INST_0_i_7/O
                         net (fo=1, routed)           0.000    17.362    GEN_BRAM.u_core/alu/u_mul/u_mul/GEN_VEDIC.u_mul/u1/result[27]_INST_0_i_7_n_0
    SLICE_X16Y44         CARRY4 (Prop_carry4_S[3]_CO[3])
                                                      0.216    17.578 r  GEN_BRAM.u_core/alu/u_mul/u_mul/GEN_VEDIC.u_mul/u1/result[27]_INST_0_i_1/CO[3]
                         net (fo=1, routed)           0.000    17.578    GEN_BRAM.u_core/alu/u_mul/u_mul/GEN_VEDIC.u_mul/u1/result[27]_INST_0_i_1_n_0
    SLICE_X16Y45         CARRY4 (Prop_carry4_CI_O[1])
                                                      0.212    17.790 f  GEN_BRAM.u_core/alu/u_mul/u_mul/GEN_VEDIC.u_mul/u1/result[31]_INST_0_i_1/O[1]
                         net (fo=2, routed)           0.418    18.208    GEN_BRAM.u_core/alu/u_mul/u_mul/GEN_VEDIC.u_mul/u1/result[31]_INST_0_i_13_0[6]
    SLICE_X14Y46         LUT1 (Prop_lut1_I0_O)        0.155    18.363 r  GEN_BRAM.u_core/alu/u_mul/u_mul/GEN_VEDIC.u_mul/u1/result[0]_INST_0_i_6/O
                         net (fo=1, routed)           0.000    18.363    GEN_BRAM.u_core/alu/u_mul/u_mul/GEN_VEDIC.u_mul/u1/p_0_in[29]
    SLICE_X14Y46         CARRY4 (Prop_carry4_S[0]_CO[3])
                                                      0.297    18.660 r  GEN_BRAM.u_core/alu/u_mul/u_mul/GEN_VEDIC.u_mul/u1/result[0]_INST_0_i_1/CO[3]
                         net (fo=1, routed)           0.000    18.660    GEN_BRAM.u_core/alu/u_mul/u_mul/GEN_VEDIC.u_mul/u1/result[0]_INST_0_i_1_n_0
    SLICE_X14Y47         CARRY4 (Prop_carry4_CI_O[0])
                                                      0.135    18.795 r  GEN_BRAM.u_core/alu/u_mul/u_mul/GEN_VEDIC.u_mul/u1/result[4]_INST_0_i_1/O[0]
                         net (fo=1, routed)           0.441    19.236    GEN_BRAM.u_core/alu/u_mul/u_mul/GEN_VEDIC.u_mul/u1/signed_product0[33]
    SLICE_X15Y47         LUT5 (Prop_lut5_I4_O)        0.153    19.389 r  GEN_BRAM.u_core/alu/u_mul/u_mul/GEN_VEDIC.u_mul/u1/result[1]_INST_0/O
                         net (fo=2, routed)           0.677    20.066    GEN_BRAM.u_core/reg_file/result[0]
    SLICE_X4Y50          LUT6 (Prop_lut6_I2_O)        0.053    20.119 r  GEN_BRAM.u_core/reg_file/debug_alu_out_OBUF[1]_inst_i_2/O
                         net (fo=2, routed)           0.000    20.119    GEN_BRAM.u_core/alu_mux_b/load_addr_hold_reg[1]
    SLICE_X4Y50          MUXF7 (Prop_muxf7_I0_O)      0.121    20.240 r  GEN_BRAM.u_core/alu_mux_b/debug_alu_out_OBUF[1]_inst_i_1/O
                         net (fo=43, routed)          1.860    22.100    GEN_BRAM.u_core/alu_mux_b/D[0]
    SLICE_X8Y27          LUT3 (Prop_lut3_I2_O)        0.161    22.261 r  GEN_BRAM.u_core/alu_mux_b/mem_reg_1_i_41/O
                         net (fo=12, routed)          0.579    22.840    GEN_BRAM.u_core/alu_mux_b/ir_reg[14]
    SLICE_X11Y31         LUT2 (Prop_lut2_I0_O)        0.167    23.007 r  GEN_BRAM.u_core/alu_mux_b/mem_reg_1_i_19/O
                         net (fo=8, routed)           0.699    23.706    GEN_BRAM.u_core/reg_file/mem_reg_1_2
    SLICE_X12Y34         LUT6 (Prop_lut6_I0_O)        0.170    23.876 r  GEN_BRAM.u_core/reg_file/mem_reg_1_i_5/O
                         net (fo=1, routed)           0.453    24.329    GEN_BRAM.u_core/dmem/wdata[27]
    RAMB36_X0Y6          RAMB36E1                                     r  GEN_BRAM.u_core/dmem/mem_reg_1/DIADI[11]
  -------------------------------------------------------------------    -------------------

                         (clock sys_clk rise edge)   30.000    30.000 r  
    AD23                                              0.000    30.000 r  clk (IN)
                         net (fo=0)                   0.000    30.000    clk
    AD23                 IBUF (Prop_ibuf_I_O)         0.796    30.796 r  clk_IBUF_inst/O
                         net (fo=1, routed)           1.741    32.537    clk_IBUF
    BUFGCTRL_X0Y0        BUFG (Prop_bufg_I_O)         0.113    32.650 r  clk_IBUF_BUFG_inst/O
                         net (fo=350, routed)         1.571    34.221    GEN_BRAM.u_core/dmem/clk_IBUF_BUFG
    RAMB36_X0Y6          RAMB36E1                                     r  GEN_BRAM.u_core/dmem/mem_reg_1/CLKARDCLK
                         clock pessimism              0.256    34.477    
                         clock uncertainty           -0.035    34.442    
    RAMB36_X0Y6          RAMB36E1 (Setup_ramb36e1_CLKARDCLK_DIADI[11])
                                                     -0.204    34.238    GEN_BRAM.u_core/dmem/mem_reg_1
  -------------------------------------------------------------------
                         required time                         34.238    
                         arrival time                         -24.329    
  -------------------------------------------------------------------
                         slack                                  9.909    

Slack (MET) :             9.965ns  (required time - arrival time)
  Source:                 GEN_BRAM.u_core/ir_reg[15]/C
                            (rising edge-triggered cell FDCE clocked by sys_clk  {rise@0.000ns fall@15.000ns period=30.000ns})
  Destination:            GEN_BRAM.u_core/dmem/mem_reg_1/DIADI[9]
                            (rising edge-triggered cell RAMB36E1 clocked by sys_clk  {rise@0.000ns fall@15.000ns period=30.000ns})
  Path Group:             sys_clk
  Path Type:              Setup (Max at Slow Process Corner)
  Requirement:            30.000ns  (sys_clk rise@30.000ns - sys_clk rise@0.000ns)
  Data Path Delay:        19.806ns  (logic 5.095ns (25.725%)  route 14.711ns (74.275%))
  Logic Levels:           29  (CARRY4=12 LUT1=1 LUT2=1 LUT3=5 LUT4=4 LUT5=1 LUT6=3 MUXF7=1 RAMD32=1)
  Clock Path Skew:        0.011ns (DCD - SCD + CPR)
    Destination Clock Delay (DCD):    4.221ns = ( 34.221 - 30.000 ) 
    Source Clock Delay      (SCD):    4.467ns
    Clock Pessimism Removal (CPR):    0.256ns
  Clock Uncertainty:      0.035ns  ((TSJ^2 + TIJ^2)^1/2 + DJ) / 2 + PE
    Total System Jitter     (TSJ):    0.071ns
    Total Input Jitter      (TIJ):    0.000ns
    Discrete Jitter          (DJ):    0.000ns
    Phase Error              (PE):    0.000ns

    Location             Delay type                Incr(ns)  Path(ns)    Netlist Resource(s)
  -------------------------------------------------------------------    -------------------
                         (clock sys_clk rise edge)    0.000     0.000 r  
    AD23                                              0.000     0.000 r  clk (IN)
                         net (fo=0)                   0.000     0.000    clk
    AD23                 IBUF (Prop_ibuf_I_O)         0.873     0.873 r  clk_IBUF_inst/O
                         net (fo=1, routed)           1.830     2.703    clk_IBUF
    BUFGCTRL_X0Y0        BUFG (Prop_bufg_I_O)         0.120     2.823 r  clk_IBUF_BUFG_inst/O
                         net (fo=350, routed)         1.644     4.467    GEN_BRAM.u_core/clk_IBUF_BUFG
    SLICE_X10Y29         FDCE                                         r  GEN_BRAM.u_core/ir_reg[15]/C
  -------------------------------------------------------------------    -------------------
    SLICE_X10Y29         FDCE (Prop_fdce_C_Q)         0.308     4.775 r  GEN_BRAM.u_core/ir_reg[15]/Q
                         net (fo=97, routed)          1.596     6.370    GEN_BRAM.u_core/reg_file/registers_reg_r1_0_31_30_31__0/DPRA0
    SLICE_X6Y41          RAMD32 (Prop_ramd32_RADR0_O)
                                                      0.063     6.433 f  GEN_BRAM.u_core/reg_file/registers_reg_r1_0_31_30_31__0/DP/O
                         net (fo=11, routed)          0.935     7.368    GEN_BRAM.u_core/alu_mux_a/dataR10[31]
    SLICE_X8Y52          LUT4 (Prop_lut4_I1_O)        0.164     7.532 r  GEN_BRAM.u_core/alu_mux_a/u_adder_i_1/O
                         net (fo=85, routed)          1.082     8.615    GEN_BRAM.u_core/alu/u_mul/u_mul/GEN_VEDIC.u_mul/u2/a[17]
    SLICE_X12Y45         LUT6 (Prop_lut6_I1_O)        0.053     8.668 r  GEN_BRAM.u_core/alu/u_mul/u_mul/GEN_VEDIC.u_mul/u2/result[1]_INST_0_i_3/O
                         net (fo=56, routed)          1.662    10.329    GEN_BRAM.u_core/alu/u_mul/u_mul/GEN_VEDIC.u_mul/u0/mag_a[0]
    SLICE_X18Y27         LUT4 (Prop_lut4_I3_O)        0.068    10.397 r  GEN_BRAM.u_core/alu/u_mul/u_mul/GEN_VEDIC.u_mul/u0/result[3]_INST_0_i_23/O
                         net (fo=2, routed)           0.591    10.988    GEN_BRAM.u_core/alu/u_mul/u_mul/GEN_VEDIC.u_mul/u0/u0/u0/p2_2[1]
    SLICE_X19Y27         LUT3 (Prop_lut3_I1_O)        0.187    11.175 r  GEN_BRAM.u_core/alu/u_mul/u_mul/GEN_VEDIC.u_mul/u0/result[3]_INST_0_i_4/O
                         net (fo=2, routed)           0.296    11.472    GEN_BRAM.u_core/alu/u_mul/u_mul/GEN_VEDIC.u_mul/u0/result[3]_INST_0_i_4_n_0
    SLICE_X19Y27         CARRY4 (Prop_carry4_DI[2]_CO[3])
                                                      0.355    11.827 r  GEN_BRAM.u_core/alu/u_mul/u_mul/GEN_VEDIC.u_mul/u0/result[3]_INST_0_i_1/CO[3]
                         net (fo=1, routed)           0.000    11.827    GEN_BRAM.u_core/alu/u_mul/u_mul/GEN_VEDIC.u_mul/u0/result[3]_INST_0_i_1_n_0
    SLICE_X19Y28         CARRY4 (Prop_carry4_CI_O[0])
                                                      0.139    11.966 r  GEN_BRAM.u_core/alu/u_mul/u_mul/GEN_VEDIC.u_mul/u0/result[7]_INST_0_i_20/O[0]
                         net (fo=2, routed)           0.460    12.426    GEN_BRAM.u_core/alu/u_mul/u_mul/GEN_VEDIC.u_mul/u0/u0/p0_4[6]
    SLICE_X16Y28         LUT3 (Prop_lut3_I2_O)        0.165    12.591 r  GEN_BRAM.u_core/alu/u_mul/u_mul/GEN_VEDIC.u_mul/u0/result[7]_INST_0_i_3/O
                         net (fo=2, routed)           0.477    13.069    GEN_BRAM.u_core/alu/u_mul/u_mul/GEN_VEDIC.u_mul/u0/result[7]_INST_0_i_3_n_0
    SLICE_X16Y28         LUT4 (Prop_lut4_I3_O)        0.164    13.233 r  GEN_BRAM.u_core/alu/u_mul/u_mul/GEN_VEDIC.u_mul/u0/result[7]_INST_0_i_6/O
                         net (fo=1, routed)           0.000    13.233    GEN_BRAM.u_core/alu/u_mul/u_mul/GEN_VEDIC.u_mul/u0/result[7]_INST_0_i_6_n_0
    SLICE_X16Y28         CARRY4 (Prop_carry4_S[3]_CO[3])
                                                      0.216    13.449 r  GEN_BRAM.u_core/alu/u_mul/u_mul/GEN_VEDIC.u_mul/u0/result[7]_INST_0_i_1/CO[3]
                         net (fo=1, routed)           0.000    13.449    GEN_BRAM.u_core/alu/u_mul/u_mul/GEN_VEDIC.u_mul/u0/result[7]_INST_0_i_1_n_0
    SLICE_X16Y29         CARRY4 (Prop_carry4_CI_O[3])
                                                      0.181    13.630 r  GEN_BRAM.u_core/alu/u_mul/u_mul/GEN_VEDIC.u_mul/u0/product__0_carry_i_10/O[3]
                         net (fo=2, routed)           0.820    14.450    GEN_BRAM.u_core/alu/u_mul/u_mul/GEN_VEDIC.u_mul/u0/p0[11]
    SLICE_X16Y33         LUT3 (Prop_lut3_I2_O)        0.154    14.604 r  GEN_BRAM.u_core/alu/u_mul/u_mul/GEN_VEDIC.u_mul/u0/product__0_carry__0_i_4__2/O
                         net (fo=2, routed)           0.408    15.012    GEN_BRAM.u_core/alu/u_mul/u_mul/GEN_VEDIC.u_mul/u0/product__0_carry__0_i_4__2_n_0
    SLICE_X16Y34         CARRY4 (Prop_carry4_DI[0]_CO[3])
                                                      0.455    15.467 r  GEN_BRAM.u_core/alu/u_mul/u_mul/GEN_VEDIC.u_mul/u0/product__0_carry__0/CO[3]
                         net (fo=1, routed)           0.000    15.467    GEN_BRAM.u_core/alu/u_mul/u_mul/GEN_VEDIC.u_mul/u0/product__0_carry__0_n_0
    SLICE_X16Y35         CARRY4 (Prop_carry4_CI_CO[3])
                                                      0.060    15.527 r  GEN_BRAM.u_core/alu/u_mul/u_mul/GEN_VEDIC.u_mul/u0/product__0_carry__1/CO[3]
                         net (fo=1, routed)           0.000    15.527    GEN_BRAM.u_core/alu/u_mul/u_mul/GEN_VEDIC.u_mul/u0/product__0_carry__1_n_0
    SLICE_X16Y36         CARRY4 (Prop_carry4_CI_CO[3])
                                                      0.060    15.587 r  GEN_BRAM.u_core/alu/u_mul/u_mul/GEN_VEDIC.u_mul/u0/product__0_carry__2/CO[3]
                         net (fo=1, routed)           0.000    15.587    GEN_BRAM.u_core/alu/u_mul/u_mul/GEN_VEDIC.u_mul/u0/product__0_carry__2_n_0
    SLICE_X16Y37         CARRY4 (Prop_carry4_CI_O[2])
                                                      0.137    15.724 r  GEN_BRAM.u_core/alu/u_mul/u_mul/GEN_VEDIC.u_mul/u0/product__0_carry__3/O[2]
                         net (fo=2, routed)           0.835    16.559    GEN_BRAM.u_core/alu/u_mul/u_mul/GEN_VEDIC.u_mul/u1/result[31]_INST_0_i_1_0[2]
    SLICE_X16Y44         LUT3 (Prop_lut3_I2_O)        0.162    16.721 r  GEN_BRAM.u_core/alu/u_mul/u_mul/GEN_VEDIC.u_mul/u1/result[27]_INST_0_i_3/O
                         net (fo=2, routed)           0.477    17.198    GEN_BRAM.u_core/alu/u_mul/u_mul/GEN_VEDIC.u_mul/u1/result[27]_INST_0_i_3_n_0
    SLICE_X16Y44         LUT4 (Prop_lut4_I3_O)        0.164    17.362 r  GEN_BRAM.u_core/alu/u_mul/u_mul/GEN_VEDIC.u_mul/u1/result[27]_INST_0_i_7/O
                         net (fo=1, routed)           0.000    17.362    GEN_BRAM.u_core/alu/u_mul/u_mul/GEN_VEDIC.u_mul/u1/result[27]_INST_0_i_7_n_0
    SLICE_X16Y44         CARRY4 (Prop_carry4_S[3]_CO[3])
                                                      0.216    17.578 r  GEN_BRAM.u_core/alu/u_mul/u_mul/GEN_VEDIC.u_mul/u1/result[27]_INST_0_i_1/CO[3]
                         net (fo=1, routed)           0.000    17.578    GEN_BRAM.u_core/alu/u_mul/u_mul/GEN_VEDIC.u_mul/u1/result[27]_INST_0_i_1_n_0
    SLICE_X16Y45         CARRY4 (Prop_carry4_CI_O[1])
                                                      0.212    17.790 f  GEN_BRAM.u_core/alu/u_mul/u_mul/GEN_VEDIC.u_mul/u1/result[31]_INST_0_i_1/O[1]
                         net (fo=2, routed)           0.418    18.208    GEN_BRAM.u_core/alu/u_mul/u_mul/GEN_VEDIC.u_mul/u1/result[31]_INST_0_i_13_0[6]
    SLICE_X14Y46         LUT1 (Prop_lut1_I0_O)        0.155    18.363 r  GEN_BRAM.u_core/alu/u_mul/u_mul/GEN_VEDIC.u_mul/u1/result[0]_INST_0_i_6/O
                         net (fo=1, routed)           0.000    18.363    GEN_BRAM.u_core/alu/u_mul/u_mul/GEN_VEDIC.u_mul/u1/p_0_in[29]
    SLICE_X14Y46         CARRY4 (Prop_carry4_S[0]_CO[3])
                                                      0.297    18.660 r  GEN_BRAM.u_core/alu/u_mul/u_mul/GEN_VEDIC.u_mul/u1/result[0]_INST_0_i_1/CO[3]
                         net (fo=1, routed)           0.000    18.660    GEN_BRAM.u_core/alu/u_mul/u_mul/GEN_VEDIC.u_mul/u1/result[0]_INST_0_i_1_n_0
    SLICE_X14Y47         CARRY4 (Prop_carry4_CI_O[0])
                                                      0.135    18.795 r  GEN_BRAM.u_core/alu/u_mul/u_mul/GEN_VEDIC.u_mul/u1/result[4]_INST_0_i_1/O[0]
                         net (fo=1, routed)           0.441    19.236    GEN_BRAM.u_core/alu/u_mul/u_mul/GEN_VEDIC.u_mul/u1/signed_product0[33]
    SLICE_X15Y47         LUT5 (Prop_lut5_I4_O)        0.153    19.389 r  GEN_BRAM.u_core/alu/u_mul/u_mul/GEN_VEDIC.u_mul/u1/result[1]_INST_0/O
                         net (fo=2, routed)           0.677    20.066    GEN_BRAM.u_core/reg_file/result[0]
    SLICE_X4Y50          LUT6 (Prop_lut6_I2_O)        0.053    20.119 r  GEN_BRAM.u_core/reg_file/debug_alu_out_OBUF[1]_inst_i_2/O
                         net (fo=2, routed)           0.000    20.119    GEN_BRAM.u_core/alu_mux_b/load_addr_hold_reg[1]
    SLICE_X4Y50          MUXF7 (Prop_muxf7_I0_O)      0.121    20.240 r  GEN_BRAM.u_core/alu_mux_b/debug_alu_out_OBUF[1]_inst_i_1/O
                         net (fo=43, routed)          1.860    22.100    GEN_BRAM.u_core/alu_mux_b/D[0]
    SLICE_X8Y27          LUT3 (Prop_lut3_I2_O)        0.161    22.261 r  GEN_BRAM.u_core/alu_mux_b/mem_reg_1_i_41/O
                         net (fo=12, routed)          0.579    22.840    GEN_BRAM.u_core/alu_mux_b/ir_reg[14]
    SLICE_X11Y31         LUT2 (Prop_lut2_I0_O)        0.167    23.007 r  GEN_BRAM.u_core/alu_mux_b/mem_reg_1_i_19/O
                         net (fo=8, routed)           0.712    23.719    GEN_BRAM.u_core/reg_file/mem_reg_1_2
    SLICE_X12Y34         LUT6 (Prop_lut6_I0_O)        0.170    23.889 r  GEN_BRAM.u_core/reg_file/mem_reg_1_i_7/O
                         net (fo=1, routed)           0.383    24.272    GEN_BRAM.u_core/dmem/wdata[25]
    RAMB36_X0Y6          RAMB36E1                                     r  GEN_BRAM.u_core/dmem/mem_reg_1/DIADI[9]
  -------------------------------------------------------------------    -------------------

                         (clock sys_clk rise edge)   30.000    30.000 r  
    AD23                                              0.000    30.000 r  clk (IN)
                         net (fo=0)                   0.000    30.000    clk
    AD23                 IBUF (Prop_ibuf_I_O)         0.796    30.796 r  clk_IBUF_inst/O
                         net (fo=1, routed)           1.741    32.537    clk_IBUF
    BUFGCTRL_X0Y0        BUFG (Prop_bufg_I_O)         0.113    32.650 r  clk_IBUF_BUFG_inst/O
                         net (fo=350, routed)         1.571    34.221    GEN_BRAM.u_core/dmem/clk_IBUF_BUFG
    RAMB36_X0Y6          RAMB36E1                                     r  GEN_BRAM.u_core/dmem/mem_reg_1/CLKARDCLK
                         clock pessimism              0.256    34.477    
                         clock uncertainty           -0.035    34.442    
    RAMB36_X0Y6          RAMB36E1 (Setup_ramb36e1_CLKARDCLK_DIADI[9])
                                                     -0.204    34.238    GEN_BRAM.u_core/dmem/mem_reg_1
  -------------------------------------------------------------------
                         required time                         34.238    
                         arrival time                         -24.272    
  -------------------------------------------------------------------
                         slack                                  9.965    

Slack (MET) :             9.986ns  (required time - arrival time)
  Source:                 GEN_BRAM.u_core/ir_reg[15]/C
                            (rising edge-triggered cell FDCE clocked by sys_clk  {rise@0.000ns fall@15.000ns period=30.000ns})
  Destination:            GEN_BRAM.u_core/reg_file/registers_reg_r2_0_31_12_17/RAMB_D1/I
                            (rising edge-triggered cell RAMD32 clocked by sys_clk  {rise@0.000ns fall@15.000ns period=30.000ns})
  Path Group:             sys_clk
  Path Type:              Setup (Max at Slow Process Corner)
  Requirement:            30.000ns  (sys_clk rise@30.000ns - sys_clk rise@0.000ns)
  Data Path Delay:        19.802ns  (logic 5.208ns (26.300%)  route 14.594ns (73.700%))
  Logic Levels:           30  (CARRY4=12 LUT1=1 LUT3=4 LUT4=5 LUT5=1 LUT6=4 MUXF7=2 RAMD32=1)
  Clock Path Skew:        -0.018ns (DCD - SCD + CPR)
    Destination Clock Delay (DCD):    4.192ns = ( 34.192 - 30.000 ) 
    Source Clock Delay      (SCD):    4.467ns
    Clock Pessimism Removal (CPR):    0.256ns
  Clock Uncertainty:      0.035ns  ((TSJ^2 + TIJ^2)^1/2 + DJ) / 2 + PE
    Total System Jitter     (TSJ):    0.071ns
    Total Input Jitter      (TIJ):    0.000ns
    Discrete Jitter          (DJ):    0.000ns
    Phase Error              (PE):    0.000ns

    Location             Delay type                Incr(ns)  Path(ns)    Netlist Resource(s)
  -------------------------------------------------------------------    -------------------
                         (clock sys_clk rise edge)    0.000     0.000 r  
    AD23                                              0.000     0.000 r  clk (IN)
                         net (fo=0)                   0.000     0.000    clk
    AD23                 IBUF (Prop_ibuf_I_O)         0.873     0.873 r  clk_IBUF_inst/O
                         net (fo=1, routed)           1.830     2.703    clk_IBUF
    BUFGCTRL_X0Y0        BUFG (Prop_bufg_I_O)         0.120     2.823 r  clk_IBUF_BUFG_inst/O
                         net (fo=350, routed)         1.644     4.467    GEN_BRAM.u_core/clk_IBUF_BUFG
    SLICE_X10Y29         FDCE                                         r  GEN_BRAM.u_core/ir_reg[15]/C
  -------------------------------------------------------------------    -------------------
    SLICE_X10Y29         FDCE (Prop_fdce_C_Q)         0.308     4.775 r  GEN_BRAM.u_core/ir_reg[15]/Q
                         net (fo=97, routed)          1.596     6.370    GEN_BRAM.u_core/reg_file/registers_reg_r1_0_31_30_31__0/DPRA0
    SLICE_X6Y41          RAMD32 (Prop_ramd32_RADR0_O)
                                                      0.063     6.433 f  GEN_BRAM.u_core/reg_file/registers_reg_r1_0_31_30_31__0/DP/O
                         net (fo=11, routed)          0.935     7.368    GEN_BRAM.u_core/alu_mux_a/dataR10[31]
    SLICE_X8Y52          LUT4 (Prop_lut4_I1_O)        0.164     7.532 r  GEN_BRAM.u_core/alu_mux_a/u_adder_i_1/O
                         net (fo=85, routed)          1.082     8.615    GEN_BRAM.u_core/alu/u_mul/u_mul/GEN_VEDIC.u_mul/u2/a[17]
    SLICE_X12Y45         LUT6 (Prop_lut6_I1_O)        0.053     8.668 r  GEN_BRAM.u_core/alu/u_mul/u_mul/GEN_VEDIC.u_mul/u2/result[1]_INST_0_i_3/O
                         net (fo=56, routed)          1.662    10.329    GEN_BRAM.u_core/alu/u_mul/u_mul/GEN_VEDIC.u_mul/u0/mag_a[0]
    SLICE_X18Y27         LUT4 (Prop_lut4_I3_O)        0.068    10.397 r  GEN_BRAM.u_core/alu/u_mul/u_mul/GEN_VEDIC.u_mul/u0/result[3]_INST_0_i_23/O
                         net (fo=2, routed)           0.591    10.988    GEN_BRAM.u_core/alu/u_mul/u_mul/GEN_VEDIC.u_mul/u0/u0/u0/p2_2[1]
    SLICE_X19Y27         LUT3 (Prop_lut3_I1_O)        0.187    11.175 r  GEN_BRAM.u_core/alu/u_mul/u_mul/GEN_VEDIC.u_mul/u0/result[3]_INST_0_i_4/O
                         net (fo=2, routed)           0.296    11.472    GEN_BRAM.u_core/alu/u_mul/u_mul/GEN_VEDIC.u_mul/u0/result[3]_INST_0_i_4_n_0
    SLICE_X19Y27         CARRY4 (Prop_carry4_DI[2]_CO[3])
                                                      0.355    11.827 r  GEN_BRAM.u_core/alu/u_mul/u_mul/GEN_VEDIC.u_mul/u0/result[3]_INST_0_i_1/CO[3]
                         net (fo=1, routed)           0.000    11.827    GEN_BRAM.u_core/alu/u_mul/u_mul/GEN_VEDIC.u_mul/u0/result[3]_INST_0_i_1_n_0
    SLICE_X19Y28         CARRY4 (Prop_carry4_CI_O[0])
                                                      0.139    11.966 r  GEN_BRAM.u_core/alu/u_mul/u_mul/GEN_VEDIC.u_mul/u0/result[7]_INST_0_i_20/O[0]
                         net (fo=2, routed)           0.460    12.426    GEN_BRAM.u_core/alu/u_mul/u_mul/GEN_VEDIC.u_mul/u0/u0/p0_4[6]
    SLICE_X16Y28         LUT3 (Prop_lut3_I2_O)        0.165    12.591 r  GEN_BRAM.u_core/alu/u_mul/u_mul/GEN_VEDIC.u_mul/u0/result[7]_INST_0_i_3/O
                         net (fo=2, routed)           0.477    13.069    GEN_BRAM.u_core/alu/u_mul/u_mul/GEN_VEDIC.u_mul/u0/result[7]_INST_0_i_3_n_0
    SLICE_X16Y28         LUT4 (Prop_lut4_I3_O)        0.164    13.233 r  GEN_BRAM.u_core/alu/u_mul/u_mul/GEN_VEDIC.u_mul/u0/result[7]_INST_0_i_6/O
                         net (fo=1, routed)           0.000    13.233    GEN_BRAM.u_core/alu/u_mul/u_mul/GEN_VEDIC.u_mul/u0/result[7]_INST_0_i_6_n_0
    SLICE_X16Y28         CARRY4 (Prop_carry4_S[3]_CO[3])
                                                      0.216    13.449 r  GEN_BRAM.u_core/alu/u_mul/u_mul/GEN_VEDIC.u_mul/u0/result[7]_INST_0_i_1/CO[3]
                         net (fo=1, routed)           0.000    13.449    GEN_BRAM.u_core/alu/u_mul/u_mul/GEN_VEDIC.u_mul/u0/result[7]_INST_0_i_1_n_0
    SLICE_X16Y29         CARRY4 (Prop_carry4_CI_O[3])
                                                      0.181    13.630 r  GEN_BRAM.u_core/alu/u_mul/u_mul/GEN_VEDIC.u_mul/u0/product__0_carry_i_10/O[3]
                         net (fo=2, routed)           0.820    14.450    GEN_BRAM.u_core/alu/u_mul/u_mul/GEN_VEDIC.u_mul/u0/p0[11]
    SLICE_X16Y33         LUT3 (Prop_lut3_I2_O)        0.154    14.604 r  GEN_BRAM.u_core/alu/u_mul/u_mul/GEN_VEDIC.u_mul/u0/product__0_carry__0_i_4__2/O
                         net (fo=2, routed)           0.408    15.012    GEN_BRAM.u_core/alu/u_mul/u_mul/GEN_VEDIC.u_mul/u0/product__0_carry__0_i_4__2_n_0
    SLICE_X16Y34         CARRY4 (Prop_carry4_DI[0]_CO[3])
                                                      0.455    15.467 r  GEN_BRAM.u_core/alu/u_mul/u_mul/GEN_VEDIC.u_mul/u0/product__0_carry__0/CO[3]
                         net (fo=1, routed)           0.000    15.467    GEN_BRAM.u_core/alu/u_mul/u_mul/GEN_VEDIC.u_mul/u0/product__0_carry__0_n_0
    SLICE_X16Y35         CARRY4 (Prop_carry4_CI_CO[3])
                                                      0.060    15.527 r  GEN_BRAM.u_core/alu/u_mul/u_mul/GEN_VEDIC.u_mul/u0/product__0_carry__1/CO[3]
                         net (fo=1, routed)           0.000    15.527    GEN_BRAM.u_core/alu/u_mul/u_mul/GEN_VEDIC.u_mul/u0/product__0_carry__1_n_0
    SLICE_X16Y36         CARRY4 (Prop_carry4_CI_CO[3])
                                                      0.060    15.587 r  GEN_BRAM.u_core/alu/u_mul/u_mul/GEN_VEDIC.u_mul/u0/product__0_carry__2/CO[3]
                         net (fo=1, routed)           0.000    15.587    GEN_BRAM.u_core/alu/u_mul/u_mul/GEN_VEDIC.u_mul/u0/product__0_carry__2_n_0
    SLICE_X16Y37         CARRY4 (Prop_carry4_CI_O[2])
                                                      0.137    15.724 r  GEN_BRAM.u_core/alu/u_mul/u_mul/GEN_VEDIC.u_mul/u0/product__0_carry__3/O[2]
                         net (fo=2, routed)           0.835    16.559    GEN_BRAM.u_core/alu/u_mul/u_mul/GEN_VEDIC.u_mul/u1/result[31]_INST_0_i_1_0[2]
    SLICE_X16Y44         LUT3 (Prop_lut3_I2_O)        0.162    16.721 r  GEN_BRAM.u_core/alu/u_mul/u_mul/GEN_VEDIC.u_mul/u1/result[27]_INST_0_i_3/O
                         net (fo=2, routed)           0.477    17.198    GEN_BRAM.u_core/alu/u_mul/u_mul/GEN_VEDIC.u_mul/u1/result[27]_INST_0_i_3_n_0
    SLICE_X16Y44         LUT4 (Prop_lut4_I3_O)        0.164    17.362 r  GEN_BRAM.u_core/alu/u_mul/u_mul/GEN_VEDIC.u_mul/u1/result[27]_INST_0_i_7/O
                         net (fo=1, routed)           0.000    17.362    GEN_BRAM.u_core/alu/u_mul/u_mul/GEN_VEDIC.u_mul/u1/result[27]_INST_0_i_7_n_0
    SLICE_X16Y44         CARRY4 (Prop_carry4_S[3]_CO[3])
                                                      0.216    17.578 r  GEN_BRAM.u_core/alu/u_mul/u_mul/GEN_VEDIC.u_mul/u1/result[27]_INST_0_i_1/CO[3]
                         net (fo=1, routed)           0.000    17.578    GEN_BRAM.u_core/alu/u_mul/u_mul/GEN_VEDIC.u_mul/u1/result[27]_INST_0_i_1_n_0
    SLICE_X16Y45         CARRY4 (Prop_carry4_CI_O[1])
                                                      0.212    17.790 f  GEN_BRAM.u_core/alu/u_mul/u_mul/GEN_VEDIC.u_mul/u1/result[31]_INST_0_i_1/O[1]
                         net (fo=2, routed)           0.418    18.208    GEN_BRAM.u_core/alu/u_mul/u_mul/GEN_VEDIC.u_mul/u1/result[31]_INST_0_i_13_0[6]
    SLICE_X14Y46         LUT1 (Prop_lut1_I0_O)        0.155    18.363 r  GEN_BRAM.u_core/alu/u_mul/u_mul/GEN_VEDIC.u_mul/u1/result[0]_INST_0_i_6/O
                         net (fo=1, routed)           0.000    18.363    GEN_BRAM.u_core/alu/u_mul/u_mul/GEN_VEDIC.u_mul/u1/p_0_in[29]
    SLICE_X14Y46         CARRY4 (Prop_carry4_S[0]_CO[3])
                                                      0.297    18.660 r  GEN_BRAM.u_core/alu/u_mul/u_mul/GEN_VEDIC.u_mul/u1/result[0]_INST_0_i_1/CO[3]
                         net (fo=1, routed)           0.000    18.660    GEN_BRAM.u_core/alu/u_mul/u_mul/GEN_VEDIC.u_mul/u1/result[0]_INST_0_i_1_n_0
    SLICE_X14Y47         CARRY4 (Prop_carry4_CI_O[0])
                                                      0.135    18.795 r  GEN_BRAM.u_core/alu/u_mul/u_mul/GEN_VEDIC.u_mul/u1/result[4]_INST_0_i_1/O[0]
                         net (fo=1, routed)           0.441    19.236    GEN_BRAM.u_core/alu/u_mul/u_mul/GEN_VEDIC.u_mul/u1/signed_product0[33]
    SLICE_X15Y47         LUT5 (Prop_lut5_I4_O)        0.153    19.389 r  GEN_BRAM.u_core/alu/u_mul/u_mul/GEN_VEDIC.u_mul/u1/result[1]_INST_0/O
                         net (fo=2, routed)           0.677    20.066    GEN_BRAM.u_core/reg_file/result[0]
    SLICE_X4Y50          LUT6 (Prop_lut6_I2_O)        0.053    20.119 r  GEN_BRAM.u_core/reg_file/debug_alu_out_OBUF[1]_inst_i_2/O
                         net (fo=2, routed)           0.000    20.119    GEN_BRAM.u_core/alu_mux_b/load_addr_hold_reg[1]
    SLICE_X4Y50          MUXF7 (Prop_muxf7_I0_O)      0.121    20.240 r  GEN_BRAM.u_core/alu_mux_b/debug_alu_out_OBUF[1]_inst_i_1/O
                         net (fo=43, routed)          1.608    21.848    GEN_BRAM.u_core/alu_mux_b/D[0]
    SLICE_X8Y29          LUT4 (Prop_lut4_I0_O)        0.163    22.011 r  GEN_BRAM.u_core/alu_mux_b/registers_reg_r1_0_31_12_17_i_44/O
                         net (fo=1, routed)           0.928    22.939    GEN_BRAM.u_core/wb_mux/registers_reg_r1_0_31_12_17_i_12_1
    SLICE_X7Y46          LUT6 (Prop_lut6_I5_O)        0.168    23.107 r  GEN_BRAM.u_core/wb_mux/registers_reg_r1_0_31_12_17_i_26/O
                         net (fo=1, routed)           0.000    23.107    GEN_BRAM.u_core/wb_mux/registers_reg_r1_0_31_12_17_i_26_n_0
    SLICE_X7Y46          MUXF7 (Prop_muxf7_I0_O)      0.127    23.234 r  GEN_BRAM.u_core/wb_mux/registers_reg_r1_0_31_12_17_i_12/O
                         net (fo=1, routed)           0.355    23.589    GEN_BRAM.u_core/divider/wb_exec[15]
    SLICE_X7Y42          LUT6 (Prop_lut6_I5_O)        0.153    23.742 r  GEN_BRAM.u_core/divider/registers_reg_r1_0_31_12_17_i_3/O
                         net (fo=2, routed)           0.527    24.269    GEN_BRAM.u_core/reg_file/registers_reg_r2_0_31_12_17/DIB1
    SLICE_X8Y39          RAMD32                                       r  GEN_BRAM.u_core/reg_file/registers_reg_r2_0_31_12_17/RAMB_D1/I
  -------------------------------------------------------------------    -------------------

                         (clock sys_clk rise edge)   30.000    30.000 r  
    AD23                                              0.000    30.000 r  clk (IN)
                         net (fo=0)                   0.000    30.000    clk
    AD23                 IBUF (Prop_ibuf_I_O)         0.796    30.796 r  clk_IBUF_inst/O
                         net (fo=1, routed)           1.741    32.537    clk_IBUF
    BUFGCTRL_X0Y0        BUFG (Prop_bufg_I_O)         0.113    32.650 r  clk_IBUF_BUFG_inst/O
                         net (fo=350, routed)         1.542    34.192    GEN_BRAM.u_core/reg_file/registers_reg_r2_0_31_12_17/WCLK
    SLICE_X8Y39          RAMD32                                       r  GEN_BRAM.u_core/reg_file/registers_reg_r2_0_31_12_17/RAMB_D1/CLK
                         clock pessimism              0.256    34.449    
                         clock uncertainty           -0.035    34.413    
    SLICE_X8Y39          RAMD32 (Setup_ramd32_CLK_I)
                                                     -0.159    34.254    GEN_BRAM.u_core/reg_file/registers_reg_r2_0_31_12_17/RAMB_D1
  -------------------------------------------------------------------
                         required time                         34.254    
                         arrival time                         -24.269    
  -------------------------------------------------------------------
                         slack                                  9.986    

Slack (MET) :             10.069ns  (required time - arrival time)
  Source:                 GEN_BRAM.u_core/ir_reg[15]/C
                            (rising edge-triggered cell FDCE clocked by sys_clk  {rise@0.000ns fall@15.000ns period=30.000ns})
  Destination:            GEN_BRAM.u_core/dmem/mem_reg_1/DIADI[15]
                            (rising edge-triggered cell RAMB36E1 clocked by sys_clk  {rise@0.000ns fall@15.000ns period=30.000ns})
  Path Group:             sys_clk
  Path Type:              Setup (Max at Slow Process Corner)
  Requirement:            30.000ns  (sys_clk rise@30.000ns - sys_clk rise@0.000ns)
  Data Path Delay:        19.702ns  (logic 5.095ns (25.860%)  route 14.607ns (74.140%))
  Logic Levels:           29  (CARRY4=12 LUT1=1 LUT2=1 LUT3=5 LUT4=4 LUT5=1 LUT6=3 MUXF7=1 RAMD32=1)
  Clock Path Skew:        0.011ns (DCD - SCD + CPR)
    Destination Clock Delay (DCD):    4.221ns = ( 34.221 - 30.000 ) 
    Source Clock Delay      (SCD):    4.467ns
    Clock Pessimism Removal (CPR):    0.256ns
  Clock Uncertainty:      0.035ns  ((TSJ^2 + TIJ^2)^1/2 + DJ) / 2 + PE
    Total System Jitter     (TSJ):    0.071ns
    Total Input Jitter      (TIJ):    0.000ns
    Discrete Jitter          (DJ):    0.000ns
    Phase Error              (PE):    0.000ns

    Location             Delay type                Incr(ns)  Path(ns)    Netlist Resource(s)
  -------------------------------------------------------------------    -------------------
                         (clock sys_clk rise edge)    0.000     0.000 r  
    AD23                                              0.000     0.000 r  clk (IN)
                         net (fo=0)                   0.000     0.000    clk
    AD23                 IBUF (Prop_ibuf_I_O)         0.873     0.873 r  clk_IBUF_inst/O
                         net (fo=1, routed)           1.830     2.703    clk_IBUF
    BUFGCTRL_X0Y0        BUFG (Prop_bufg_I_O)         0.120     2.823 r  clk_IBUF_BUFG_inst/O
                         net (fo=350, routed)         1.644     4.467    GEN_BRAM.u_core/clk_IBUF_BUFG
    SLICE_X10Y29         FDCE                                         r  GEN_BRAM.u_core/ir_reg[15]/C
  -------------------------------------------------------------------    -------------------
    SLICE_X10Y29         FDCE (Prop_fdce_C_Q)         0.308     4.775 r  GEN_BRAM.u_core/ir_reg[15]/Q
                         net (fo=97, routed)          1.596     6.370    GEN_BRAM.u_core/reg_file/registers_reg_r1_0_31_30_31__0/DPRA0
    SLICE_X6Y41          RAMD32 (Prop_ramd32_RADR0_O)
                                                      0.063     6.433 f  GEN_BRAM.u_core/reg_file/registers_reg_r1_0_31_30_31__0/DP/O
                         net (fo=11, routed)          0.935     7.368    GEN_BRAM.u_core/alu_mux_a/dataR10[31]
    SLICE_X8Y52          LUT4 (Prop_lut4_I1_O)        0.164     7.532 r  GEN_BRAM.u_core/alu_mux_a/u_adder_i_1/O
                         net (fo=85, routed)          1.082     8.615    GEN_BRAM.u_core/alu/u_mul/u_mul/GEN_VEDIC.u_mul/u2/a[17]
    SLICE_X12Y45         LUT6 (Prop_lut6_I1_O)        0.053     8.668 r  GEN_BRAM.u_core/alu/u_mul/u_mul/GEN_VEDIC.u_mul/u2/result[1]_INST_0_i_3/O
                         net (fo=56, routed)          1.662    10.329    GEN_BRAM.u_core/alu/u_mul/u_mul/GEN_VEDIC.u_mul/u0/mag_a[0]
    SLICE_X18Y27         LUT4 (Prop_lut4_I3_O)        0.068    10.397 r  GEN_BRAM.u_core/alu/u_mul/u_mul/GEN_VEDIC.u_mul/u0/result[3]_INST_0_i_23/O
                         net (fo=2, routed)           0.591    10.988    GEN_BRAM.u_core/alu/u_mul/u_mul/GEN_VEDIC.u_mul/u0/u0/u0/p2_2[1]
    SLICE_X19Y27         LUT3 (Prop_lut3_I1_O)        0.187    11.175 r  GEN_BRAM.u_core/alu/u_mul/u_mul/GEN_VEDIC.u_mul/u0/result[3]_INST_0_i_4/O
                         net (fo=2, routed)           0.296    11.472    GEN_BRAM.u_core/alu/u_mul/u_mul/GEN_VEDIC.u_mul/u0/result[3]_INST_0_i_4_n_0
    SLICE_X19Y27         CARRY4 (Prop_carry4_DI[2]_CO[3])
                                                      0.355    11.827 r  GEN_BRAM.u_core/alu/u_mul/u_mul/GEN_VEDIC.u_mul/u0/result[3]_INST_0_i_1/CO[3]
                         net (fo=1, routed)           0.000    11.827    GEN_BRAM.u_core/alu/u_mul/u_mul/GEN_VEDIC.u_mul/u0/result[3]_INST_0_i_1_n_0
    SLICE_X19Y28         CARRY4 (Prop_carry4_CI_O[0])
                                                      0.139    11.966 r  GEN_BRAM.u_core/alu/u_mul/u_mul/GEN_VEDIC.u_mul/u0/result[7]_INST_0_i_20/O[0]
                         net (fo=2, routed)           0.460    12.426    GEN_BRAM.u_core/alu/u_mul/u_mul/GEN_VEDIC.u_mul/u0/u0/p0_4[6]
    SLICE_X16Y28         LUT3 (Prop_lut3_I2_O)        0.165    12.591 r  GEN_BRAM.u_core/alu/u_mul/u_mul/GEN_VEDIC.u_mul/u0/result[7]_INST_0_i_3/O
                         net (fo=2, routed)           0.477    13.069    GEN_BRAM.u_core/alu/u_mul/u_mul/GEN_VEDIC.u_mul/u0/result[7]_INST_0_i_3_n_0
    SLICE_X16Y28         LUT4 (Prop_lut4_I3_O)        0.164    13.233 r  GEN_BRAM.u_core/alu/u_mul/u_mul/GEN_VEDIC.u_mul/u0/result[7]_INST_0_i_6/O
                         net (fo=1, routed)           0.000    13.233    GEN_BRAM.u_core/alu/u_mul/u_mul/GEN_VEDIC.u_mul/u0/result[7]_INST_0_i_6_n_0
    SLICE_X16Y28         CARRY4 (Prop_carry4_S[3]_CO[3])
                                                      0.216    13.449 r  GEN_BRAM.u_core/alu/u_mul/u_mul/GEN_VEDIC.u_mul/u0/result[7]_INST_0_i_1/CO[3]
                         net (fo=1, routed)           0.000    13.449    GEN_BRAM.u_core/alu/u_mul/u_mul/GEN_VEDIC.u_mul/u0/result[7]_INST_0_i_1_n_0
    SLICE_X16Y29         CARRY4 (Prop_carry4_CI_O[3])
                                                      0.181    13.630 r  GEN_BRAM.u_core/alu/u_mul/u_mul/GEN_VEDIC.u_mul/u0/product__0_carry_i_10/O[3]
                         net (fo=2, routed)           0.820    14.450    GEN_BRAM.u_core/alu/u_mul/u_mul/GEN_VEDIC.u_mul/u0/p0[11]
    SLICE_X16Y33         LUT3 (Prop_lut3_I2_O)        0.154    14.604 r  GEN_BRAM.u_core/alu/u_mul/u_mul/GEN_VEDIC.u_mul/u0/product__0_carry__0_i_4__2/O
                         net (fo=2, routed)           0.408    15.012    GEN_BRAM.u_core/alu/u_mul/u_mul/GEN_VEDIC.u_mul/u0/product__0_carry__0_i_4__2_n_0
    SLICE_X16Y34         CARRY4 (Prop_carry4_DI[0]_CO[3])
                                                      0.455    15.467 r  GEN_BRAM.u_core/alu/u_mul/u_mul/GEN_VEDIC.u_mul/u0/product__0_carry__0/CO[3]
                         net (fo=1, routed)           0.000    15.467    GEN_BRAM.u_core/alu/u_mul/u_mul/GEN_VEDIC.u_mul/u0/product__0_carry__0_n_0
    SLICE_X16Y35         CARRY4 (Prop_carry4_CI_CO[3])
                                                      0.060    15.527 r  GEN_BRAM.u_core/alu/u_mul/u_mul/GEN_VEDIC.u_mul/u0/product__0_carry__1/CO[3]
                         net (fo=1, routed)           0.000    15.527    GEN_BRAM.u_core/alu/u_mul/u_mul/GEN_VEDIC.u_mul/u0/product__0_carry__1_n_0
    SLICE_X16Y36         CARRY4 (Prop_carry4_CI_CO[3])
                                                      0.060    15.587 r  GEN_BRAM.u_core/alu/u_mul/u_mul/GEN_VEDIC.u_mul/u0/product__0_carry__2/CO[3]
                         net (fo=1, routed)           0.000    15.587    GEN_BRAM.u_core/alu/u_mul/u_mul/GEN_VEDIC.u_mul/u0/product__0_carry__2_n_0
    SLICE_X16Y37         CARRY4 (Prop_carry4_CI_O[2])
                                                      0.137    15.724 r  GEN_BRAM.u_core/alu/u_mul/u_mul/GEN_VEDIC.u_mul/u0/product__0_carry__3/O[2]
                         net (fo=2, routed)           0.835    16.559    GEN_BRAM.u_core/alu/u_mul/u_mul/GEN_VEDIC.u_mul/u1/result[31]_INST_0_i_1_0[2]
    SLICE_X16Y44         LUT3 (Prop_lut3_I2_O)        0.162    16.721 r  GEN_BRAM.u_core/alu/u_mul/u_mul/GEN_VEDIC.u_mul/u1/result[27]_INST_0_i_3/O
                         net (fo=2, routed)           0.477    17.198    GEN_BRAM.u_core/alu/u_mul/u_mul/GEN_VEDIC.u_mul/u1/result[27]_INST_0_i_3_n_0
    SLICE_X16Y44         LUT4 (Prop_lut4_I3_O)        0.164    17.362 r  GEN_BRAM.u_core/alu/u_mul/u_mul/GEN_VEDIC.u_mul/u1/result[27]_INST_0_i_7/O
                         net (fo=1, routed)           0.000    17.362    GEN_BRAM.u_core/alu/u_mul/u_mul/GEN_VEDIC.u_mul/u1/result[27]_INST_0_i_7_n_0
    SLICE_X16Y44         CARRY4 (Prop_carry4_S[3]_CO[3])
                                                      0.216    17.578 r  GEN_BRAM.u_core/alu/u_mul/u_mul/GEN_VEDIC.u_mul/u1/result[27]_INST_0_i_1/CO[3]
                         net (fo=1, routed)           0.000    17.578    GEN_BRAM.u_core/alu/u_mul/u_mul/GEN_VEDIC.u_mul/u1/result[27]_INST_0_i_1_n_0
    SLICE_X16Y45         CARRY4 (Prop_carry4_CI_O[1])
                                                      0.212    17.790 f  GEN_BRAM.u_core/alu/u_mul/u_mul/GEN_VEDIC.u_mul/u1/result[31]_INST_0_i_1/O[1]
                         net (fo=2, routed)           0.418    18.208    GEN_BRAM.u_core/alu/u_mul/u_mul/GEN_VEDIC.u_mul/u1/result[31]_INST_0_i_13_0[6]
    SLICE_X14Y46         LUT1 (Prop_lut1_I0_O)        0.155    18.363 r  GEN_BRAM.u_core/alu/u_mul/u_mul/GEN_VEDIC.u_mul/u1/result[0]_INST_0_i_6/O
                         net (fo=1, routed)           0.000    18.363    GEN_BRAM.u_core/alu/u_mul/u_mul/GEN_VEDIC.u_mul/u1/p_0_in[29]
    SLICE_X14Y46         CARRY4 (Prop_carry4_S[0]_CO[3])
                                                      0.297    18.660 r  GEN_BRAM.u_core/alu/u_mul/u_mul/GEN_VEDIC.u_mul/u1/result[0]_INST_0_i_1/CO[3]
                         net (fo=1, routed)           0.000    18.660    GEN_BRAM.u_core/alu/u_mul/u_mul/GEN_VEDIC.u_mul/u1/result[0]_INST_0_i_1_n_0
    SLICE_X14Y47         CARRY4 (Prop_carry4_CI_O[0])
                                                      0.135    18.795 r  GEN_BRAM.u_core/alu/u_mul/u_mul/GEN_VEDIC.u_mul/u1/result[4]_INST_0_i_1/O[0]
                         net (fo=1, routed)           0.441    19.236    GEN_BRAM.u_core/alu/u_mul/u_mul/GEN_VEDIC.u_mul/u1/signed_product0[33]
    SLICE_X15Y47         LUT5 (Prop_lut5_I4_O)        0.153    19.389 r  GEN_BRAM.u_core/alu/u_mul/u_mul/GEN_VEDIC.u_mul/u1/result[1]_INST_0/O
                         net (fo=2, routed)           0.677    20.066    GEN_BRAM.u_core/reg_file/result[0]
    SLICE_X4Y50          LUT6 (Prop_lut6_I2_O)        0.053    20.119 r  GEN_BRAM.u_core/reg_file/debug_alu_out_OBUF[1]_inst_i_2/O
                         net (fo=2, routed)           0.000    20.119    GEN_BRAM.u_core/alu_mux_b/load_addr_hold_reg[1]
    SLICE_X4Y50          MUXF7 (Prop_muxf7_I0_O)      0.121    20.240 r  GEN_BRAM.u_core/alu_mux_b/debug_alu_out_OBUF[1]_inst_i_1/O
                         net (fo=43, routed)          1.860    22.100    GEN_BRAM.u_core/alu_mux_b/D[0]
    SLICE_X8Y27          LUT3 (Prop_lut3_I2_O)        0.161    22.261 r  GEN_BRAM.u_core/alu_mux_b/mem_reg_1_i_41/O
                         net (fo=12, routed)          0.579    22.840    GEN_BRAM.u_core/alu_mux_b/ir_reg[14]
    SLICE_X11Y31         LUT2 (Prop_lut2_I0_O)        0.167    23.007 r  GEN_BRAM.u_core/alu_mux_b/mem_reg_1_i_19/O
                         net (fo=8, routed)           0.504    23.512    GEN_BRAM.u_core/reg_file/mem_reg_1_2
    SLICE_X12Y33         LUT6 (Prop_lut6_I0_O)        0.170    23.682 r  GEN_BRAM.u_core/reg_file/mem_reg_1_i_1/O
                         net (fo=1, routed)           0.487    24.169    GEN_BRAM.u_core/dmem/wdata[31]
    RAMB36_X0Y6          RAMB36E1                                     r  GEN_BRAM.u_core/dmem/mem_reg_1/DIADI[15]
  -------------------------------------------------------------------    -------------------

                         (clock sys_clk rise edge)   30.000    30.000 r  
    AD23                                              0.000    30.000 r  clk (IN)
                         net (fo=0)                   0.000    30.000    clk
    AD23                 IBUF (Prop_ibuf_I_O)         0.796    30.796 r  clk_IBUF_inst/O
                         net (fo=1, routed)           1.741    32.537    clk_IBUF
    BUFGCTRL_X0Y0        BUFG (Prop_bufg_I_O)         0.113    32.650 r  clk_IBUF_BUFG_inst/O
                         net (fo=350, routed)         1.571    34.221    GEN_BRAM.u_core/dmem/clk_IBUF_BUFG
    RAMB36_X0Y6          RAMB36E1                                     r  GEN_BRAM.u_core/dmem/mem_reg_1/CLKARDCLK
                         clock pessimism              0.256    34.477    
                         clock uncertainty           -0.035    34.442    
    RAMB36_X0Y6          RAMB36E1 (Setup_ramb36e1_CLKARDCLK_DIADI[15])
                                                     -0.204    34.238    GEN_BRAM.u_core/dmem/mem_reg_1
  -------------------------------------------------------------------
                         required time                         34.238    
                         arrival time                         -24.169    
  -------------------------------------------------------------------
                         slack                                 10.069    

Slack (MET) :             10.078ns  (required time - arrival time)
  Source:                 GEN_BRAM.u_core/ir_reg[15]/C
                            (rising edge-triggered cell FDCE clocked by sys_clk  {rise@0.000ns fall@15.000ns period=30.000ns})
  Destination:            GEN_BRAM.u_core/dmem/mem_reg_1/DIADI[13]
                            (rising edge-triggered cell RAMB36E1 clocked by sys_clk  {rise@0.000ns fall@15.000ns period=30.000ns})
  Path Group:             sys_clk
  Path Type:              Setup (Max at Slow Process Corner)
  Requirement:            30.000ns  (sys_clk rise@30.000ns - sys_clk rise@0.000ns)
  Data Path Delay:        19.693ns  (logic 5.095ns (25.872%)  route 14.598ns (74.128%))
  Logic Levels:           29  (CARRY4=12 LUT1=1 LUT2=1 LUT3=5 LUT4=4 LUT5=1 LUT6=3 MUXF7=1 RAMD32=1)
  Clock Path Skew:        0.011ns (DCD - SCD + CPR)
    Destination Clock Delay (DCD):    4.221ns = ( 34.221 - 30.000 ) 
    Source Clock Delay      (SCD):    4.467ns
    Clock Pessimism Removal (CPR):    0.256ns
  Clock Uncertainty:      0.035ns  ((TSJ^2 + TIJ^2)^1/2 + DJ) / 2 + PE
    Total System Jitter     (TSJ):    0.071ns
    Total Input Jitter      (TIJ):    0.000ns
    Discrete Jitter          (DJ):    0.000ns
    Phase Error              (PE):    0.000ns

    Location             Delay type                Incr(ns)  Path(ns)    Netlist Resource(s)
  -------------------------------------------------------------------    -------------------
                         (clock sys_clk rise edge)    0.000     0.000 r  
    AD23                                              0.000     0.000 r  clk (IN)
                         net (fo=0)                   0.000     0.000    clk
    AD23                 IBUF (Prop_ibuf_I_O)         0.873     0.873 r  clk_IBUF_inst/O
                         net (fo=1, routed)           1.830     2.703    clk_IBUF
    BUFGCTRL_X0Y0        BUFG (Prop_bufg_I_O)         0.120     2.823 r  clk_IBUF_BUFG_inst/O
                         net (fo=350, routed)         1.644     4.467    GEN_BRAM.u_core/clk_IBUF_BUFG
    SLICE_X10Y29         FDCE                                         r  GEN_BRAM.u_core/ir_reg[15]/C
  -------------------------------------------------------------------    -------------------
    SLICE_X10Y29         FDCE (Prop_fdce_C_Q)         0.308     4.775 r  GEN_BRAM.u_core/ir_reg[15]/Q
                         net (fo=97, routed)          1.596     6.370    GEN_BRAM.u_core/reg_file/registers_reg_r1_0_31_30_31__0/DPRA0
    SLICE_X6Y41          RAMD32 (Prop_ramd32_RADR0_O)
                                                      0.063     6.433 f  GEN_BRAM.u_core/reg_file/registers_reg_r1_0_31_30_31__0/DP/O
                         net (fo=11, routed)          0.935     7.368    GEN_BRAM.u_core/alu_mux_a/dataR10[31]
    SLICE_X8Y52          LUT4 (Prop_lut4_I1_O)        0.164     7.532 r  GEN_BRAM.u_core/alu_mux_a/u_adder_i_1/O
                         net (fo=85, routed)          1.082     8.615    GEN_BRAM.u_core/alu/u_mul/u_mul/GEN_VEDIC.u_mul/u2/a[17]
    SLICE_X12Y45         LUT6 (Prop_lut6_I1_O)        0.053     8.668 r  GEN_BRAM.u_core/alu/u_mul/u_mul/GEN_VEDIC.u_mul/u2/result[1]_INST_0_i_3/O
                         net (fo=56, routed)          1.662    10.329    GEN_BRAM.u_core/alu/u_mul/u_mul/GEN_VEDIC.u_mul/u0/mag_a[0]
    SLICE_X18Y27         LUT4 (Prop_lut4_I3_O)        0.068    10.397 r  GEN_BRAM.u_core/alu/u_mul/u_mul/GEN_VEDIC.u_mul/u0/result[3]_INST_0_i_23/O
                         net (fo=2, routed)           0.591    10.988    GEN_BRAM.u_core/alu/u_mul/u_mul/GEN_VEDIC.u_mul/u0/u0/u0/p2_2[1]
    SLICE_X19Y27         LUT3 (Prop_lut3_I1_O)        0.187    11.175 r  GEN_BRAM.u_core/alu/u_mul/u_mul/GEN_VEDIC.u_mul/u0/result[3]_INST_0_i_4/O
                         net (fo=2, routed)           0.296    11.472    GEN_BRAM.u_core/alu/u_mul/u_mul/GEN_VEDIC.u_mul/u0/result[3]_INST_0_i_4_n_0
    SLICE_X19Y27         CARRY4 (Prop_carry4_DI[2]_CO[3])
                                                      0.355    11.827 r  GEN_BRAM.u_core/alu/u_mul/u_mul/GEN_VEDIC.u_mul/u0/result[3]_INST_0_i_1/CO[3]
                         net (fo=1, routed)           0.000    11.827    GEN_BRAM.u_core/alu/u_mul/u_mul/GEN_VEDIC.u_mul/u0/result[3]_INST_0_i_1_n_0
    SLICE_X19Y28         CARRY4 (Prop_carry4_CI_O[0])
                                                      0.139    11.966 r  GEN_BRAM.u_core/alu/u_mul/u_mul/GEN_VEDIC.u_mul/u0/result[7]_INST_0_i_20/O[0]
                         net (fo=2, routed)           0.460    12.426    GEN_BRAM.u_core/alu/u_mul/u_mul/GEN_VEDIC.u_mul/u0/u0/p0_4[6]
    SLICE_X16Y28         LUT3 (Prop_lut3_I2_O)        0.165    12.591 r  GEN_BRAM.u_core/alu/u_mul/u_mul/GEN_VEDIC.u_mul/u0/result[7]_INST_0_i_3/O
                         net (fo=2, routed)           0.477    13.069    GEN_BRAM.u_core/alu/u_mul/u_mul/GEN_VEDIC.u_mul/u0/result[7]_INST_0_i_3_n_0
    SLICE_X16Y28         LUT4 (Prop_lut4_I3_O)        0.164    13.233 r  GEN_BRAM.u_core/alu/u_mul/u_mul/GEN_VEDIC.u_mul/u0/result[7]_INST_0_i_6/O
                         net (fo=1, routed)           0.000    13.233    GEN_BRAM.u_core/alu/u_mul/u_mul/GEN_VEDIC.u_mul/u0/result[7]_INST_0_i_6_n_0
    SLICE_X16Y28         CARRY4 (Prop_carry4_S[3]_CO[3])
                                                      0.216    13.449 r  GEN_BRAM.u_core/alu/u_mul/u_mul/GEN_VEDIC.u_mul/u0/result[7]_INST_0_i_1/CO[3]
                         net (fo=1, routed)           0.000    13.449    GEN_BRAM.u_core/alu/u_mul/u_mul/GEN_VEDIC.u_mul/u0/result[7]_INST_0_i_1_n_0
    SLICE_X16Y29         CARRY4 (Prop_carry4_CI_O[3])
                                                      0.181    13.630 r  GEN_BRAM.u_core/alu/u_mul/u_mul/GEN_VEDIC.u_mul/u0/product__0_carry_i_10/O[3]
                         net (fo=2, routed)           0.820    14.450    GEN_BRAM.u_core/alu/u_mul/u_mul/GEN_VEDIC.u_mul/u0/p0[11]
    SLICE_X16Y33         LUT3 (Prop_lut3_I2_O)        0.154    14.604 r  GEN_BRAM.u_core/alu/u_mul/u_mul/GEN_VEDIC.u_mul/u0/product__0_carry__0_i_4__2/O
                         net (fo=2, routed)           0.408    15.012    GEN_BRAM.u_core/alu/u_mul/u_mul/GEN_VEDIC.u_mul/u0/product__0_carry__0_i_4__2_n_0
    SLICE_X16Y34         CARRY4 (Prop_carry4_DI[0]_CO[3])
                                                      0.455    15.467 r  GEN_BRAM.u_core/alu/u_mul/u_mul/GEN_VEDIC.u_mul/u0/product__0_carry__0/CO[3]
                         net (fo=1, routed)           0.000    15.467    GEN_BRAM.u_core/alu/u_mul/u_mul/GEN_VEDIC.u_mul/u0/product__0_carry__0_n_0
    SLICE_X16Y35         CARRY4 (Prop_carry4_CI_CO[3])
                                                      0.060    15.527 r  GEN_BRAM.u_core/alu/u_mul/u_mul/GEN_VEDIC.u_mul/u0/product__0_carry__1/CO[3]
                         net (fo=1, routed)           0.000    15.527    GEN_BRAM.u_core/alu/u_mul/u_mul/GEN_VEDIC.u_mul/u0/product__0_carry__1_n_0
    SLICE_X16Y36         CARRY4 (Prop_carry4_CI_CO[3])
                                                      0.060    15.587 r  GEN_BRAM.u_core/alu/u_mul/u_mul/GEN_VEDIC.u_mul/u0/product__0_carry__2/CO[3]
                         net (fo=1, routed)           0.000    15.587    GEN_BRAM.u_core/alu/u_mul/u_mul/GEN_VEDIC.u_mul/u0/product__0_carry__2_n_0
    SLICE_X16Y37         CARRY4 (Prop_carry4_CI_O[2])
                                                      0.137    15.724 r  GEN_BRAM.u_core/alu/u_mul/u_mul/GEN_VEDIC.u_mul/u0/product__0_carry__3/O[2]
                         net (fo=2, routed)           0.835    16.559    GEN_BRAM.u_core/alu/u_mul/u_mul/GEN_VEDIC.u_mul/u1/result[31]_INST_0_i_1_0[2]
    SLICE_X16Y44         LUT3 (Prop_lut3_I2_O)        0.162    16.721 r  GEN_BRAM.u_core/alu/u_mul/u_mul/GEN_VEDIC.u_mul/u1/result[27]_INST_0_i_3/O
                         net (fo=2, routed)           0.477    17.198    GEN_BRAM.u_core/alu/u_mul/u_mul/GEN_VEDIC.u_mul/u1/result[27]_INST_0_i_3_n_0
    SLICE_X16Y44         LUT4 (Prop_lut4_I3_O)        0.164    17.362 r  GEN_BRAM.u_core/alu/u_mul/u_mul/GEN_VEDIC.u_mul/u1/result[27]_INST_0_i_7/O
                         net (fo=1, routed)           0.000    17.362    GEN_BRAM.u_core/alu/u_mul/u_mul/GEN_VEDIC.u_mul/u1/result[27]_INST_0_i_7_n_0
    SLICE_X16Y44         CARRY4 (Prop_carry4_S[3]_CO[3])
                                                      0.216    17.578 r  GEN_BRAM.u_core/alu/u_mul/u_mul/GEN_VEDIC.u_mul/u1/result[27]_INST_0_i_1/CO[3]
                         net (fo=1, routed)           0.000    17.578    GEN_BRAM.u_core/alu/u_mul/u_mul/GEN_VEDIC.u_mul/u1/result[27]_INST_0_i_1_n_0
    SLICE_X16Y45         CARRY4 (Prop_carry4_CI_O[1])
                                                      0.212    17.790 f  GEN_BRAM.u_core/alu/u_mul/u_mul/GEN_VEDIC.u_mul/u1/result[31]_INST_0_i_1/O[1]
                         net (fo=2, routed)           0.418    18.208    GEN_BRAM.u_core/alu/u_mul/u_mul/GEN_VEDIC.u_mul/u1/result[31]_INST_0_i_13_0[6]
    SLICE_X14Y46         LUT1 (Prop_lut1_I0_O)        0.155    18.363 r  GEN_BRAM.u_core/alu/u_mul/u_mul/GEN_VEDIC.u_mul/u1/result[0]_INST_0_i_6/O
                         net (fo=1, routed)           0.000    18.363    GEN_BRAM.u_core/alu/u_mul/u_mul/GEN_VEDIC.u_mul/u1/p_0_in[29]
    SLICE_X14Y46         CARRY4 (Prop_carry4_S[0]_CO[3])
                                                      0.297    18.660 r  GEN_BRAM.u_core/alu/u_mul/u_mul/GEN_VEDIC.u_mul/u1/result[0]_INST_0_i_1/CO[3]
                         net (fo=1, routed)           0.000    18.660    GEN_BRAM.u_core/alu/u_mul/u_mul/GEN_VEDIC.u_mul/u1/result[0]_INST_0_i_1_n_0
    SLICE_X14Y47         CARRY4 (Prop_carry4_CI_O[0])
                                                      0.135    18.795 r  GEN_BRAM.u_core/alu/u_mul/u_mul/GEN_VEDIC.u_mul/u1/result[4]_INST_0_i_1/O[0]
                         net (fo=1, routed)           0.441    19.236    GEN_BRAM.u_core/alu/u_mul/u_mul/GEN_VEDIC.u_mul/u1/signed_product0[33]
    SLICE_X15Y47         LUT5 (Prop_lut5_I4_O)        0.153    19.389 r  GEN_BRAM.u_core/alu/u_mul/u_mul/GEN_VEDIC.u_mul/u1/result[1]_INST_0/O
                         net (fo=2, routed)           0.677    20.066    GEN_BRAM.u_core/reg_file/result[0]
    SLICE_X4Y50          LUT6 (Prop_lut6_I2_O)        0.053    20.119 r  GEN_BRAM.u_core/reg_file/debug_alu_out_OBUF[1]_inst_i_2/O
                         net (fo=2, routed)           0.000    20.119    GEN_BRAM.u_core/alu_mux_b/load_addr_hold_reg[1]
    SLICE_X4Y50          MUXF7 (Prop_muxf7_I0_O)      0.121    20.240 r  GEN_BRAM.u_core/alu_mux_b/debug_alu_out_OBUF[1]_inst_i_1/O
                         net (fo=43, routed)          1.860    22.100    GEN_BRAM.u_core/alu_mux_b/D[0]
    SLICE_X8Y27          LUT3 (Prop_lut3_I2_O)        0.161    22.261 r  GEN_BRAM.u_core/alu_mux_b/mem_reg_1_i_41/O
                         net (fo=12, routed)          0.579    22.840    GEN_BRAM.u_core/alu_mux_b/ir_reg[14]
    SLICE_X11Y31         LUT2 (Prop_lut2_I0_O)        0.167    23.007 r  GEN_BRAM.u_core/alu_mux_b/mem_reg_1_i_19/O
                         net (fo=8, routed)           0.519    23.526    GEN_BRAM.u_core/reg_file/mem_reg_1_2
    SLICE_X12Y34         LUT6 (Prop_lut6_I0_O)        0.170    23.696 r  GEN_BRAM.u_core/reg_file/mem_reg_1_i_3/O
                         net (fo=1, routed)           0.463    24.160    GEN_BRAM.u_core/dmem/wdata[29]
    RAMB36_X0Y6          RAMB36E1                                     r  GEN_BRAM.u_core/dmem/mem_reg_1/DIADI[13]
  -------------------------------------------------------------------    -------------------

                         (clock sys_clk rise edge)   30.000    30.000 r  
    AD23                                              0.000    30.000 r  clk (IN)
                         net (fo=0)                   0.000    30.000    clk
    AD23                 IBUF (Prop_ibuf_I_O)         0.796    30.796 r  clk_IBUF_inst/O
                         net (fo=1, routed)           1.741    32.537    clk_IBUF
    BUFGCTRL_X0Y0        BUFG (Prop_bufg_I_O)         0.113    32.650 r  clk_IBUF_BUFG_inst/O
                         net (fo=350, routed)         1.571    34.221    GEN_BRAM.u_core/dmem/clk_IBUF_BUFG
    RAMB36_X0Y6          RAMB36E1                                     r  GEN_BRAM.u_core/dmem/mem_reg_1/CLKARDCLK
                         clock pessimism              0.256    34.477    
                         clock uncertainty           -0.035    34.442    
    RAMB36_X0Y6          RAMB36E1 (Setup_ramb36e1_CLKARDCLK_DIADI[13])
                                                     -0.204    34.238    GEN_BRAM.u_core/dmem/mem_reg_1
  -------------------------------------------------------------------
                         required time                         34.238    
                         arrival time                         -24.160    
  -------------------------------------------------------------------
                         slack                                 10.078    

Slack (MET) :             10.102ns  (required time - arrival time)
  Source:                 GEN_BRAM.u_core/ir_reg[15]/C
                            (rising edge-triggered cell FDCE clocked by sys_clk  {rise@0.000ns fall@15.000ns period=30.000ns})
  Destination:            GEN_BRAM.u_core/reg_file/registers_reg_r1_0_31_12_17/RAMB_D1/I
                            (rising edge-triggered cell RAMD32 clocked by sys_clk  {rise@0.000ns fall@15.000ns period=30.000ns})
  Path Group:             sys_clk
  Path Type:              Setup (Max at Slow Process Corner)
  Requirement:            30.000ns  (sys_clk rise@30.000ns - sys_clk rise@0.000ns)
  Data Path Delay:        19.745ns  (logic 5.208ns (26.376%)  route 14.537ns (73.624%))
  Logic Levels:           30  (CARRY4=12 LUT1=1 LUT3=4 LUT4=5 LUT5=1 LUT6=4 MUXF7=2 RAMD32=1)
  Clock Path Skew:        0.041ns (DCD - SCD + CPR)
    Destination Clock Delay (DCD):    4.251ns = ( 34.251 - 30.000 ) 
    Source Clock Delay      (SCD):    4.467ns
    Clock Pessimism Removal (CPR):    0.256ns
  Clock Uncertainty:      0.035ns  ((TSJ^2 + TIJ^2)^1/2 + DJ) / 2 + PE
    Total System Jitter     (TSJ):    0.071ns
    Total Input Jitter      (TIJ):    0.000ns
    Discrete Jitter          (DJ):    0.000ns
    Phase Error              (PE):    0.000ns

    Location             Delay type                Incr(ns)  Path(ns)    Netlist Resource(s)
  -------------------------------------------------------------------    -------------------
                         (clock sys_clk rise edge)    0.000     0.000 r  
    AD23                                              0.000     0.000 r  clk (IN)
                         net (fo=0)                   0.000     0.000    clk
    AD23                 IBUF (Prop_ibuf_I_O)         0.873     0.873 r  clk_IBUF_inst/O
                         net (fo=1, routed)           1.830     2.703    clk_IBUF
    BUFGCTRL_X0Y0        BUFG (Prop_bufg_I_O)         0.120     2.823 r  clk_IBUF_BUFG_inst/O
                         net (fo=350, routed)         1.644     4.467    GEN_BRAM.u_core/clk_IBUF_BUFG
    SLICE_X10Y29         FDCE                                         r  GEN_BRAM.u_core/ir_reg[15]/C
  -------------------------------------------------------------------    -------------------
    SLICE_X10Y29         FDCE (Prop_fdce_C_Q)         0.308     4.775 r  GEN_BRAM.u_core/ir_reg[15]/Q
                         net (fo=97, routed)          1.596     6.370    GEN_BRAM.u_core/reg_file/registers_reg_r1_0_31_30_31__0/DPRA0
    SLICE_X6Y41          RAMD32 (Prop_ramd32_RADR0_O)
                                                      0.063     6.433 f  GEN_BRAM.u_core/reg_file/registers_reg_r1_0_31_30_31__0/DP/O
                         net (fo=11, routed)          0.935     7.368    GEN_BRAM.u_core/alu_mux_a/dataR10[31]
    SLICE_X8Y52          LUT4 (Prop_lut4_I1_O)        0.164     7.532 r  GEN_BRAM.u_core/alu_mux_a/u_adder_i_1/O
                         net (fo=85, routed)          1.082     8.615    GEN_BRAM.u_core/alu/u_mul/u_mul/GEN_VEDIC.u_mul/u2/a[17]
    SLICE_X12Y45         LUT6 (Prop_lut6_I1_O)        0.053     8.668 r  GEN_BRAM.u_core/alu/u_mul/u_mul/GEN_VEDIC.u_mul/u2/result[1]_INST_0_i_3/O
                         net (fo=56, routed)          1.662    10.329    GEN_BRAM.u_core/alu/u_mul/u_mul/GEN_VEDIC.u_mul/u0/mag_a[0]
    SLICE_X18Y27         LUT4 (Prop_lut4_I3_O)        0.068    10.397 r  GEN_BRAM.u_core/alu/u_mul/u_mul/GEN_VEDIC.u_mul/u0/result[3]_INST_0_i_23/O
                         net (fo=2, routed)           0.591    10.988    GEN_BRAM.u_core/alu/u_mul/u_mul/GEN_VEDIC.u_mul/u0/u0/u0/p2_2[1]
    SLICE_X19Y27         LUT3 (Prop_lut3_I1_O)        0.187    11.175 r  GEN_BRAM.u_core/alu/u_mul/u_mul/GEN_VEDIC.u_mul/u0/result[3]_INST_0_i_4/O
                         net (fo=2, routed)           0.296    11.472    GEN_BRAM.u_core/alu/u_mul/u_mul/GEN_VEDIC.u_mul/u0/result[3]_INST_0_i_4_n_0
    SLICE_X19Y27         CARRY4 (Prop_carry4_DI[2]_CO[3])
                                                      0.355    11.827 r  GEN_BRAM.u_core/alu/u_mul/u_mul/GEN_VEDIC.u_mul/u0/result[3]_INST_0_i_1/CO[3]
                         net (fo=1, routed)           0.000    11.827    GEN_BRAM.u_core/alu/u_mul/u_mul/GEN_VEDIC.u_mul/u0/result[3]_INST_0_i_1_n_0
    SLICE_X19Y28         CARRY4 (Prop_carry4_CI_O[0])
                                                      0.139    11.966 r  GEN_BRAM.u_core/alu/u_mul/u_mul/GEN_VEDIC.u_mul/u0/result[7]_INST_0_i_20/O[0]
                         net (fo=2, routed)           0.460    12.426    GEN_BRAM.u_core/alu/u_mul/u_mul/GEN_VEDIC.u_mul/u0/u0/p0_4[6]
    SLICE_X16Y28         LUT3 (Prop_lut3_I2_O)        0.165    12.591 r  GEN_BRAM.u_core/alu/u_mul/u_mul/GEN_VEDIC.u_mul/u0/result[7]_INST_0_i_3/O
                         net (fo=2, routed)           0.477    13.069    GEN_BRAM.u_core/alu/u_mul/u_mul/GEN_VEDIC.u_mul/u0/result[7]_INST_0_i_3_n_0
    SLICE_X16Y28         LUT4 (Prop_lut4_I3_O)        0.164    13.233 r  GEN_BRAM.u_core/alu/u_mul/u_mul/GEN_VEDIC.u_mul/u0/result[7]_INST_0_i_6/O
                         net (fo=1, routed)           0.000    13.233    GEN_BRAM.u_core/alu/u_mul/u_mul/GEN_VEDIC.u_mul/u0/result[7]_INST_0_i_6_n_0
    SLICE_X16Y28         CARRY4 (Prop_carry4_S[3]_CO[3])
                                                      0.216    13.449 r  GEN_BRAM.u_core/alu/u_mul/u_mul/GEN_VEDIC.u_mul/u0/result[7]_INST_0_i_1/CO[3]
                         net (fo=1, routed)           0.000    13.449    GEN_BRAM.u_core/alu/u_mul/u_mul/GEN_VEDIC.u_mul/u0/result[7]_INST_0_i_1_n_0
    SLICE_X16Y29         CARRY4 (Prop_carry4_CI_O[3])
                                                      0.181    13.630 r  GEN_BRAM.u_core/alu/u_mul/u_mul/GEN_VEDIC.u_mul/u0/product__0_carry_i_10/O[3]
                         net (fo=2, routed)           0.820    14.450    GEN_BRAM.u_core/alu/u_mul/u_mul/GEN_VEDIC.u_mul/u0/p0[11]
    SLICE_X16Y33         LUT3 (Prop_lut3_I2_O)        0.154    14.604 r  GEN_BRAM.u_core/alu/u_mul/u_mul/GEN_VEDIC.u_mul/u0/product__0_carry__0_i_4__2/O
                         net (fo=2, routed)           0.408    15.012    GEN_BRAM.u_core/alu/u_mul/u_mul/GEN_VEDIC.u_mul/u0/product__0_carry__0_i_4__2_n_0
    SLICE_X16Y34         CARRY4 (Prop_carry4_DI[0]_CO[3])
                                                      0.455    15.467 r  GEN_BRAM.u_core/alu/u_mul/u_mul/GEN_VEDIC.u_mul/u0/product__0_carry__0/CO[3]
                         net (fo=1, routed)           0.000    15.467    GEN_BRAM.u_core/alu/u_mul/u_mul/GEN_VEDIC.u_mul/u0/product__0_carry__0_n_0
    SLICE_X16Y35         CARRY4 (Prop_carry4_CI_CO[3])
                                                      0.060    15.527 r  GEN_BRAM.u_core/alu/u_mul/u_mul/GEN_VEDIC.u_mul/u0/product__0_carry__1/CO[3]
                         net (fo=1, routed)           0.000    15.527    GEN_BRAM.u_core/alu/u_mul/u_mul/GEN_VEDIC.u_mul/u0/product__0_carry__1_n_0
    SLICE_X16Y36         CARRY4 (Prop_carry4_CI_CO[3])
                                                      0.060    15.587 r  GEN_BRAM.u_core/alu/u_mul/u_mul/GEN_VEDIC.u_mul/u0/product__0_carry__2/CO[3]
                         net (fo=1, routed)           0.000    15.587    GEN_BRAM.u_core/alu/u_mul/u_mul/GEN_VEDIC.u_mul/u0/product__0_carry__2_n_0
    SLICE_X16Y37         CARRY4 (Prop_carry4_CI_O[2])
                                                      0.137    15.724 r  GEN_BRAM.u_core/alu/u_mul/u_mul/GEN_VEDIC.u_mul/u0/product__0_carry__3/O[2]
                         net (fo=2, routed)           0.835    16.559    GEN_BRAM.u_core/alu/u_mul/u_mul/GEN_VEDIC.u_mul/u1/result[31]_INST_0_i_1_0[2]
    SLICE_X16Y44         LUT3 (Prop_lut3_I2_O)        0.162    16.721 r  GEN_BRAM.u_core/alu/u_mul/u_mul/GEN_VEDIC.u_mul/u1/result[27]_INST_0_i_3/O
                         net (fo=2, routed)           0.477    17.198    GEN_BRAM.u_core/alu/u_mul/u_mul/GEN_VEDIC.u_mul/u1/result[27]_INST_0_i_3_n_0
    SLICE_X16Y44         LUT4 (Prop_lut4_I3_O)        0.164    17.362 r  GEN_BRAM.u_core/alu/u_mul/u_mul/GEN_VEDIC.u_mul/u1/result[27]_INST_0_i_7/O
                         net (fo=1, routed)           0.000    17.362    GEN_BRAM.u_core/alu/u_mul/u_mul/GEN_VEDIC.u_mul/u1/result[27]_INST_0_i_7_n_0
    SLICE_X16Y44         CARRY4 (Prop_carry4_S[3]_CO[3])
                                                      0.216    17.578 r  GEN_BRAM.u_core/alu/u_mul/u_mul/GEN_VEDIC.u_mul/u1/result[27]_INST_0_i_1/CO[3]
                         net (fo=1, routed)           0.000    17.578    GEN_BRAM.u_core/alu/u_mul/u_mul/GEN_VEDIC.u_mul/u1/result[27]_INST_0_i_1_n_0
    SLICE_X16Y45         CARRY4 (Prop_carry4_CI_O[1])
                                                      0.212    17.790 f  GEN_BRAM.u_core/alu/u_mul/u_mul/GEN_VEDIC.u_mul/u1/result[31]_INST_0_i_1/O[1]
                         net (fo=2, routed)           0.418    18.208    GEN_BRAM.u_core/alu/u_mul/u_mul/GEN_VEDIC.u_mul/u1/result[31]_INST_0_i_13_0[6]
    SLICE_X14Y46         LUT1 (Prop_lut1_I0_O)        0.155    18.363 r  GEN_BRAM.u_core/alu/u_mul/u_mul/GEN_VEDIC.u_mul/u1/result[0]_INST_0_i_6/O
                         net (fo=1, routed)           0.000    18.363    GEN_BRAM.u_core/alu/u_mul/u_mul/GEN_VEDIC.u_mul/u1/p_0_in[29]
    SLICE_X14Y46         CARRY4 (Prop_carry4_S[0]_CO[3])
                                                      0.297    18.660 r  GEN_BRAM.u_core/alu/u_mul/u_mul/GEN_VEDIC.u_mul/u1/result[0]_INST_0_i_1/CO[3]
                         net (fo=1, routed)           0.000    18.660    GEN_BRAM.u_core/alu/u_mul/u_mul/GEN_VEDIC.u_mul/u1/result[0]_INST_0_i_1_n_0
    SLICE_X14Y47         CARRY4 (Prop_carry4_CI_O[0])
                                                      0.135    18.795 r  GEN_BRAM.u_core/alu/u_mul/u_mul/GEN_VEDIC.u_mul/u1/result[4]_INST_0_i_1/O[0]
                         net (fo=1, routed)           0.441    19.236    GEN_BRAM.u_core/alu/u_mul/u_mul/GEN_VEDIC.u_mul/u1/signed_product0[33]
    SLICE_X15Y47         LUT5 (Prop_lut5_I4_O)        0.153    19.389 r  GEN_BRAM.u_core/alu/u_mul/u_mul/GEN_VEDIC.u_mul/u1/result[1]_INST_0/O
                         net (fo=2, routed)           0.677    20.066    GEN_BRAM.u_core/reg_file/result[0]
    SLICE_X4Y50          LUT6 (Prop_lut6_I2_O)        0.053    20.119 r  GEN_BRAM.u_core/reg_file/debug_alu_out_OBUF[1]_inst_i_2/O
                         net (fo=2, routed)           0.000    20.119    GEN_BRAM.u_core/alu_mux_b/load_addr_hold_reg[1]
    SLICE_X4Y50          MUXF7 (Prop_muxf7_I0_O)      0.121    20.240 r  GEN_BRAM.u_core/alu_mux_b/debug_alu_out_OBUF[1]_inst_i_1/O
                         net (fo=43, routed)          1.608    21.848    GEN_BRAM.u_core/alu_mux_b/D[0]
    SLICE_X8Y29          LUT4 (Prop_lut4_I0_O)        0.163    22.011 r  GEN_BRAM.u_core/alu_mux_b/registers_reg_r1_0_31_12_17_i_44/O
                         net (fo=1, routed)           0.928    22.939    GEN_BRAM.u_core/wb_mux/registers_reg_r1_0_31_12_17_i_12_1
    SLICE_X7Y46          LUT6 (Prop_lut6_I5_O)        0.168    23.107 r  GEN_BRAM.u_core/wb_mux/registers_reg_r1_0_31_12_17_i_26/O
                         net (fo=1, routed)           0.000    23.107    GEN_BRAM.u_core/wb_mux/registers_reg_r1_0_31_12_17_i_26_n_0
    SLICE_X7Y46          MUXF7 (Prop_muxf7_I0_O)      0.127    23.234 r  GEN_BRAM.u_core/wb_mux/registers_reg_r1_0_31_12_17_i_12/O
                         net (fo=1, routed)           0.355    23.589    GEN_BRAM.u_core/divider/wb_exec[15]
    SLICE_X7Y42          LUT6 (Prop_lut6_I5_O)        0.153    23.742 r  GEN_BRAM.u_core/divider/registers_reg_r1_0_31_12_17_i_3/O
                         net (fo=2, routed)           0.469    24.212    GEN_BRAM.u_core/reg_file/registers_reg_r1_0_31_12_17/DIB1
    SLICE_X6Y38          RAMD32                                       r  GEN_BRAM.u_core/reg_file/registers_reg_r1_0_31_12_17/RAMB_D1/I
  -------------------------------------------------------------------    -------------------

                         (clock sys_clk rise edge)   30.000    30.000 r  
    AD23                                              0.000    30.000 r  clk (IN)
                         net (fo=0)                   0.000    30.000    clk
    AD23                 IBUF (Prop_ibuf_I_O)         0.796    30.796 r  clk_IBUF_inst/O
                         net (fo=1, routed)           1.741    32.537    clk_IBUF
    BUFGCTRL_X0Y0        BUFG (Prop_bufg_I_O)         0.113    32.650 r  clk_IBUF_BUFG_inst/O
                         net (fo=350, routed)         1.601    34.251    GEN_BRAM.u_core/reg_file/registers_reg_r1_0_31_12_17/WCLK
    SLICE_X6Y38          RAMD32                                       r  GEN_BRAM.u_core/reg_file/registers_reg_r1_0_31_12_17/RAMB_D1/CLK
                         clock pessimism              0.256    34.508    
                         clock uncertainty           -0.035    34.472    
    SLICE_X6Y38          RAMD32 (Setup_ramd32_CLK_I)
                                                     -0.159    34.313    GEN_BRAM.u_core/reg_file/registers_reg_r1_0_31_12_17/RAMB_D1
  -------------------------------------------------------------------
                         required time                         34.313    
                         arrival time                         -24.212    
  -------------------------------------------------------------------
                         slack                                 10.102    

Slack (MET) :             10.155ns  (required time - arrival time)
  Source:                 GEN_BRAM.u_core/ir_reg[15]/C
                            (rising edge-triggered cell FDCE clocked by sys_clk  {rise@0.000ns fall@15.000ns period=30.000ns})
  Destination:            GEN_BRAM.u_core/dmem/mem_reg_1/DIADI[10]
                            (rising edge-triggered cell RAMB36E1 clocked by sys_clk  {rise@0.000ns fall@15.000ns period=30.000ns})
  Path Group:             sys_clk
  Path Type:              Setup (Max at Slow Process Corner)
  Requirement:            30.000ns  (sys_clk rise@30.000ns - sys_clk rise@0.000ns)
  Data Path Delay:        19.616ns  (logic 5.095ns (25.973%)  route 14.521ns (74.027%))
  Logic Levels:           29  (CARRY4=12 LUT1=1 LUT2=1 LUT3=5 LUT4=4 LUT5=1 LUT6=3 MUXF7=1 RAMD32=1)
  Clock Path Skew:        0.011ns (DCD - SCD + CPR)
    Destination Clock Delay (DCD):    4.221ns = ( 34.221 - 30.000 ) 
    Source Clock Delay      (SCD):    4.467ns
    Clock Pessimism Removal (CPR):    0.256ns
  Clock Uncertainty:      0.035ns  ((TSJ^2 + TIJ^2)^1/2 + DJ) / 2 + PE
    Total System Jitter     (TSJ):    0.071ns
    Total Input Jitter      (TIJ):    0.000ns
    Discrete Jitter          (DJ):    0.000ns
    Phase Error              (PE):    0.000ns

    Location             Delay type                Incr(ns)  Path(ns)    Netlist Resource(s)
  -------------------------------------------------------------------    -------------------
                         (clock sys_clk rise edge)    0.000     0.000 r  
    AD23                                              0.000     0.000 r  clk (IN)
                         net (fo=0)                   0.000     0.000    clk
    AD23                 IBUF (Prop_ibuf_I_O)         0.873     0.873 r  clk_IBUF_inst/O
                         net (fo=1, routed)           1.830     2.703    clk_IBUF
    BUFGCTRL_X0Y0        BUFG (Prop_bufg_I_O)         0.120     2.823 r  clk_IBUF_BUFG_inst/O
                         net (fo=350, routed)         1.644     4.467    GEN_BRAM.u_core/clk_IBUF_BUFG
    SLICE_X10Y29         FDCE                                         r  GEN_BRAM.u_core/ir_reg[15]/C
  -------------------------------------------------------------------    -------------------
    SLICE_X10Y29         FDCE (Prop_fdce_C_Q)         0.308     4.775 r  GEN_BRAM.u_core/ir_reg[15]/Q
                         net (fo=97, routed)          1.596     6.370    GEN_BRAM.u_core/reg_file/registers_reg_r1_0_31_30_31__0/DPRA0
    SLICE_X6Y41          RAMD32 (Prop_ramd32_RADR0_O)
                                                      0.063     6.433 f  GEN_BRAM.u_core/reg_file/registers_reg_r1_0_31_30_31__0/DP/O
                         net (fo=11, routed)          0.935     7.368    GEN_BRAM.u_core/alu_mux_a/dataR10[31]
    SLICE_X8Y52          LUT4 (Prop_lut4_I1_O)        0.164     7.532 r  GEN_BRAM.u_core/alu_mux_a/u_adder_i_1/O
                         net (fo=85, routed)          1.082     8.615    GEN_BRAM.u_core/alu/u_mul/u_mul/GEN_VEDIC.u_mul/u2/a[17]
    SLICE_X12Y45         LUT6 (Prop_lut6_I1_O)        0.053     8.668 r  GEN_BRAM.u_core/alu/u_mul/u_mul/GEN_VEDIC.u_mul/u2/result[1]_INST_0_i_3/O
                         net (fo=56, routed)          1.662    10.329    GEN_BRAM.u_core/alu/u_mul/u_mul/GEN_VEDIC.u_mul/u0/mag_a[0]
    SLICE_X18Y27         LUT4 (Prop_lut4_I3_O)        0.068    10.397 r  GEN_BRAM.u_core/alu/u_mul/u_mul/GEN_VEDIC.u_mul/u0/result[3]_INST_0_i_23/O
                         net (fo=2, routed)           0.591    10.988    GEN_BRAM.u_core/alu/u_mul/u_mul/GEN_VEDIC.u_mul/u0/u0/u0/p2_2[1]
    SLICE_X19Y27         LUT3 (Prop_lut3_I1_O)        0.187    11.175 r  GEN_BRAM.u_core/alu/u_mul/u_mul/GEN_VEDIC.u_mul/u0/result[3]_INST_0_i_4/O
                         net (fo=2, routed)           0.296    11.472    GEN_BRAM.u_core/alu/u_mul/u_mul/GEN_VEDIC.u_mul/u0/result[3]_INST_0_i_4_n_0
    SLICE_X19Y27         CARRY4 (Prop_carry4_DI[2]_CO[3])
                                                      0.355    11.827 r  GEN_BRAM.u_core/alu/u_mul/u_mul/GEN_VEDIC.u_mul/u0/result[3]_INST_0_i_1/CO[3]
                         net (fo=1, routed)           0.000    11.827    GEN_BRAM.u_core/alu/u_mul/u_mul/GEN_VEDIC.u_mul/u0/result[3]_INST_0_i_1_n_0
    SLICE_X19Y28         CARRY4 (Prop_carry4_CI_O[0])
                                                      0.139    11.966 r  GEN_BRAM.u_core/alu/u_mul/u_mul/GEN_VEDIC.u_mul/u0/result[7]_INST_0_i_20/O[0]
                         net (fo=2, routed)           0.460    12.426    GEN_BRAM.u_core/alu/u_mul/u_mul/GEN_VEDIC.u_mul/u0/u0/p0_4[6]
    SLICE_X16Y28         LUT3 (Prop_lut3_I2_O)        0.165    12.591 r  GEN_BRAM.u_core/alu/u_mul/u_mul/GEN_VEDIC.u_mul/u0/result[7]_INST_0_i_3/O
                         net (fo=2, routed)           0.477    13.069    GEN_BRAM.u_core/alu/u_mul/u_mul/GEN_VEDIC.u_mul/u0/result[7]_INST_0_i_3_n_0
    SLICE_X16Y28         LUT4 (Prop_lut4_I3_O)        0.164    13.233 r  GEN_BRAM.u_core/alu/u_mul/u_mul/GEN_VEDIC.u_mul/u0/result[7]_INST_0_i_6/O
                         net (fo=1, routed)           0.000    13.233    GEN_BRAM.u_core/alu/u_mul/u_mul/GEN_VEDIC.u_mul/u0/result[7]_INST_0_i_6_n_0
    SLICE_X16Y28         CARRY4 (Prop_carry4_S[3]_CO[3])
                                                      0.216    13.449 r  GEN_BRAM.u_core/alu/u_mul/u_mul/GEN_VEDIC.u_mul/u0/result[7]_INST_0_i_1/CO[3]
                         net (fo=1, routed)           0.000    13.449    GEN_BRAM.u_core/alu/u_mul/u_mul/GEN_VEDIC.u_mul/u0/result[7]_INST_0_i_1_n_0
    SLICE_X16Y29         CARRY4 (Prop_carry4_CI_O[3])
                                                      0.181    13.630 r  GEN_BRAM.u_core/alu/u_mul/u_mul/GEN_VEDIC.u_mul/u0/product__0_carry_i_10/O[3]
                         net (fo=2, routed)           0.820    14.450    GEN_BRAM.u_core/alu/u_mul/u_mul/GEN_VEDIC.u_mul/u0/p0[11]
    SLICE_X16Y33         LUT3 (Prop_lut3_I2_O)        0.154    14.604 r  GEN_BRAM.u_core/alu/u_mul/u_mul/GEN_VEDIC.u_mul/u0/product__0_carry__0_i_4__2/O
                         net (fo=2, routed)           0.408    15.012    GEN_BRAM.u_core/alu/u_mul/u_mul/GEN_VEDIC.u_mul/u0/product__0_carry__0_i_4__2_n_0
    SLICE_X16Y34         CARRY4 (Prop_carry4_DI[0]_CO[3])
                                                      0.455    15.467 r  GEN_BRAM.u_core/alu/u_mul/u_mul/GEN_VEDIC.u_mul/u0/product__0_carry__0/CO[3]
                         net (fo=1, routed)           0.000    15.467    GEN_BRAM.u_core/alu/u_mul/u_mul/GEN_VEDIC.u_mul/u0/product__0_carry__0_n_0
    SLICE_X16Y35         CARRY4 (Prop_carry4_CI_CO[3])
                                                      0.060    15.527 r  GEN_BRAM.u_core/alu/u_mul/u_mul/GEN_VEDIC.u_mul/u0/product__0_carry__1/CO[3]
                         net (fo=1, routed)           0.000    15.527    GEN_BRAM.u_core/alu/u_mul/u_mul/GEN_VEDIC.u_mul/u0/product__0_carry__1_n_0
    SLICE_X16Y36         CARRY4 (Prop_carry4_CI_CO[3])
                                                      0.060    15.587 r  GEN_BRAM.u_core/alu/u_mul/u_mul/GEN_VEDIC.u_mul/u0/product__0_carry__2/CO[3]
                         net (fo=1, routed)           0.000    15.587    GEN_BRAM.u_core/alu/u_mul/u_mul/GEN_VEDIC.u_mul/u0/product__0_carry__2_n_0
    SLICE_X16Y37         CARRY4 (Prop_carry4_CI_O[2])
                                                      0.137    15.724 r  GEN_BRAM.u_core/alu/u_mul/u_mul/GEN_VEDIC.u_mul/u0/product__0_carry__3/O[2]
                         net (fo=2, routed)           0.835    16.559    GEN_BRAM.u_core/alu/u_mul/u_mul/GEN_VEDIC.u_mul/u1/result[31]_INST_0_i_1_0[2]
    SLICE_X16Y44         LUT3 (Prop_lut3_I2_O)        0.162    16.721 r  GEN_BRAM.u_core/alu/u_mul/u_mul/GEN_VEDIC.u_mul/u1/result[27]_INST_0_i_3/O
                         net (fo=2, routed)           0.477    17.198    GEN_BRAM.u_core/alu/u_mul/u_mul/GEN_VEDIC.u_mul/u1/result[27]_INST_0_i_3_n_0
    SLICE_X16Y44         LUT4 (Prop_lut4_I3_O)        0.164    17.362 r  GEN_BRAM.u_core/alu/u_mul/u_mul/GEN_VEDIC.u_mul/u1/result[27]_INST_0_i_7/O
                         net (fo=1, routed)           0.000    17.362    GEN_BRAM.u_core/alu/u_mul/u_mul/GEN_VEDIC.u_mul/u1/result[27]_INST_0_i_7_n_0
    SLICE_X16Y44         CARRY4 (Prop_carry4_S[3]_CO[3])
                                                      0.216    17.578 r  GEN_BRAM.u_core/alu/u_mul/u_mul/GEN_VEDIC.u_mul/u1/result[27]_INST_0_i_1/CO[3]
                         net (fo=1, routed)           0.000    17.578    GEN_BRAM.u_core/alu/u_mul/u_mul/GEN_VEDIC.u_mul/u1/result[27]_INST_0_i_1_n_0
    SLICE_X16Y45         CARRY4 (Prop_carry4_CI_O[1])
                                                      0.212    17.790 f  GEN_BRAM.u_core/alu/u_mul/u_mul/GEN_VEDIC.u_mul/u1/result[31]_INST_0_i_1/O[1]
                         net (fo=2, routed)           0.418    18.208    GEN_BRAM.u_core/alu/u_mul/u_mul/GEN_VEDIC.u_mul/u1/result[31]_INST_0_i_13_0[6]
    SLICE_X14Y46         LUT1 (Prop_lut1_I0_O)        0.155    18.363 r  GEN_BRAM.u_core/alu/u_mul/u_mul/GEN_VEDIC.u_mul/u1/result[0]_INST_0_i_6/O
                         net (fo=1, routed)           0.000    18.363    GEN_BRAM.u_core/alu/u_mul/u_mul/GEN_VEDIC.u_mul/u1/p_0_in[29]
    SLICE_X14Y46         CARRY4 (Prop_carry4_S[0]_CO[3])
                                                      0.297    18.660 r  GEN_BRAM.u_core/alu/u_mul/u_mul/GEN_VEDIC.u_mul/u1/result[0]_INST_0_i_1/CO[3]
                         net (fo=1, routed)           0.000    18.660    GEN_BRAM.u_core/alu/u_mul/u_mul/GEN_VEDIC.u_mul/u1/result[0]_INST_0_i_1_n_0
    SLICE_X14Y47         CARRY4 (Prop_carry4_CI_O[0])
                                                      0.135    18.795 r  GEN_BRAM.u_core/alu/u_mul/u_mul/GEN_VEDIC.u_mul/u1/result[4]_INST_0_i_1/O[0]
                         net (fo=1, routed)           0.441    19.236    GEN_BRAM.u_core/alu/u_mul/u_mul/GEN_VEDIC.u_mul/u1/signed_product0[33]
    SLICE_X15Y47         LUT5 (Prop_lut5_I4_O)        0.153    19.389 r  GEN_BRAM.u_core/alu/u_mul/u_mul/GEN_VEDIC.u_mul/u1/result[1]_INST_0/O
                         net (fo=2, routed)           0.677    20.066    GEN_BRAM.u_core/reg_file/result[0]
    SLICE_X4Y50          LUT6 (Prop_lut6_I2_O)        0.053    20.119 r  GEN_BRAM.u_core/reg_file/debug_alu_out_OBUF[1]_inst_i_2/O
                         net (fo=2, routed)           0.000    20.119    GEN_BRAM.u_core/alu_mux_b/load_addr_hold_reg[1]
    SLICE_X4Y50          MUXF7 (Prop_muxf7_I0_O)      0.121    20.240 r  GEN_BRAM.u_core/alu_mux_b/debug_alu_out_OBUF[1]_inst_i_1/O
                         net (fo=43, routed)          1.860    22.100    GEN_BRAM.u_core/alu_mux_b/D[0]
    SLICE_X8Y27          LUT3 (Prop_lut3_I2_O)        0.161    22.261 r  GEN_BRAM.u_core/alu_mux_b/mem_reg_1_i_41/O
                         net (fo=12, routed)          0.579    22.840    GEN_BRAM.u_core/alu_mux_b/ir_reg[14]
    SLICE_X11Y31         LUT2 (Prop_lut2_I0_O)        0.167    23.007 r  GEN_BRAM.u_core/alu_mux_b/mem_reg_1_i_19/O
                         net (fo=8, routed)           0.448    23.455    GEN_BRAM.u_core/reg_file/mem_reg_1_2
    SLICE_X12Y31         LUT6 (Prop_lut6_I0_O)        0.170    23.625 r  GEN_BRAM.u_core/reg_file/mem_reg_1_i_6/O
                         net (fo=1, routed)           0.458    24.083    GEN_BRAM.u_core/dmem/wdata[26]
    RAMB36_X0Y6          RAMB36E1                                     r  GEN_BRAM.u_core/dmem/mem_reg_1/DIADI[10]
  -------------------------------------------------------------------    -------------------

                         (clock sys_clk rise edge)   30.000    30.000 r  
    AD23                                              0.000    30.000 r  clk (IN)
                         net (fo=0)                   0.000    30.000    clk
    AD23                 IBUF (Prop_ibuf_I_O)         0.796    30.796 r  clk_IBUF_inst/O
                         net (fo=1, routed)           1.741    32.537    clk_IBUF
    BUFGCTRL_X0Y0        BUFG (Prop_bufg_I_O)         0.113    32.650 r  clk_IBUF_BUFG_inst/O
                         net (fo=350, routed)         1.571    34.221    GEN_BRAM.u_core/dmem/clk_IBUF_BUFG
    RAMB36_X0Y6          RAMB36E1                                     r  GEN_BRAM.u_core/dmem/mem_reg_1/CLKARDCLK
                         clock pessimism              0.256    34.477    
                         clock uncertainty           -0.035    34.442    
    RAMB36_X0Y6          RAMB36E1 (Setup_ramb36e1_CLKARDCLK_DIADI[10])
                                                     -0.204    34.238    GEN_BRAM.u_core/dmem/mem_reg_1
  -------------------------------------------------------------------
                         required time                         34.238    
                         arrival time                         -24.083    
  -------------------------------------------------------------------
                         slack                                 10.155    

Slack (MET) :             10.189ns  (required time - arrival time)
  Source:                 GEN_BRAM.u_core/ir_reg[15]/C
                            (rising edge-triggered cell FDCE clocked by sys_clk  {rise@0.000ns fall@15.000ns period=30.000ns})
  Destination:            GEN_BRAM.u_core/dmem/mem_reg_1/DIADI[8]
                            (rising edge-triggered cell RAMB36E1 clocked by sys_clk  {rise@0.000ns fall@15.000ns period=30.000ns})
  Path Group:             sys_clk
  Path Type:              Setup (Max at Slow Process Corner)
  Requirement:            30.000ns  (sys_clk rise@30.000ns - sys_clk rise@0.000ns)
  Data Path Delay:        19.582ns  (logic 5.095ns (26.019%)  route 14.487ns (73.981%))
  Logic Levels:           29  (CARRY4=12 LUT1=1 LUT2=1 LUT3=5 LUT4=4 LUT5=1 LUT6=3 MUXF7=1 RAMD32=1)
  Clock Path Skew:        0.011ns (DCD - SCD + CPR)
    Destination Clock Delay (DCD):    4.221ns = ( 34.221 - 30.000 ) 
    Source Clock Delay      (SCD):    4.467ns
    Clock Pessimism Removal (CPR):    0.256ns
  Clock Uncertainty:      0.035ns  ((TSJ^2 + TIJ^2)^1/2 + DJ) / 2 + PE
    Total System Jitter     (TSJ):    0.071ns
    Total Input Jitter      (TIJ):    0.000ns
    Discrete Jitter          (DJ):    0.000ns
    Phase Error              (PE):    0.000ns

    Location             Delay type                Incr(ns)  Path(ns)    Netlist Resource(s)
  -------------------------------------------------------------------    -------------------
                         (clock sys_clk rise edge)    0.000     0.000 r  
    AD23                                              0.000     0.000 r  clk (IN)
                         net (fo=0)                   0.000     0.000    clk
    AD23                 IBUF (Prop_ibuf_I_O)         0.873     0.873 r  clk_IBUF_inst/O
                         net (fo=1, routed)           1.830     2.703    clk_IBUF
    BUFGCTRL_X0Y0        BUFG (Prop_bufg_I_O)         0.120     2.823 r  clk_IBUF_BUFG_inst/O
                         net (fo=350, routed)         1.644     4.467    GEN_BRAM.u_core/clk_IBUF_BUFG
    SLICE_X10Y29         FDCE                                         r  GEN_BRAM.u_core/ir_reg[15]/C
  -------------------------------------------------------------------    -------------------
    SLICE_X10Y29         FDCE (Prop_fdce_C_Q)         0.308     4.775 r  GEN_BRAM.u_core/ir_reg[15]/Q
                         net (fo=97, routed)          1.596     6.370    GEN_BRAM.u_core/reg_file/registers_reg_r1_0_31_30_31__0/DPRA0
    SLICE_X6Y41          RAMD32 (Prop_ramd32_RADR0_O)
                                                      0.063     6.433 f  GEN_BRAM.u_core/reg_file/registers_reg_r1_0_31_30_31__0/DP/O
                         net (fo=11, routed)          0.935     7.368    GEN_BRAM.u_core/alu_mux_a/dataR10[31]
    SLICE_X8Y52          LUT4 (Prop_lut4_I1_O)        0.164     7.532 r  GEN_BRAM.u_core/alu_mux_a/u_adder_i_1/O
                         net (fo=85, routed)          1.082     8.615    GEN_BRAM.u_core/alu/u_mul/u_mul/GEN_VEDIC.u_mul/u2/a[17]
    SLICE_X12Y45         LUT6 (Prop_lut6_I1_O)        0.053     8.668 r  GEN_BRAM.u_core/alu/u_mul/u_mul/GEN_VEDIC.u_mul/u2/result[1]_INST_0_i_3/O
                         net (fo=56, routed)          1.662    10.329    GEN_BRAM.u_core/alu/u_mul/u_mul/GEN_VEDIC.u_mul/u0/mag_a[0]
    SLICE_X18Y27         LUT4 (Prop_lut4_I3_O)        0.068    10.397 r  GEN_BRAM.u_core/alu/u_mul/u_mul/GEN_VEDIC.u_mul/u0/result[3]_INST_0_i_23/O
                         net (fo=2, routed)           0.591    10.988    GEN_BRAM.u_core/alu/u_mul/u_mul/GEN_VEDIC.u_mul/u0/u0/u0/p2_2[1]
    SLICE_X19Y27         LUT3 (Prop_lut3_I1_O)        0.187    11.175 r  GEN_BRAM.u_core/alu/u_mul/u_mul/GEN_VEDIC.u_mul/u0/result[3]_INST_0_i_4/O
                         net (fo=2, routed)           0.296    11.472    GEN_BRAM.u_core/alu/u_mul/u_mul/GEN_VEDIC.u_mul/u0/result[3]_INST_0_i_4_n_0
    SLICE_X19Y27         CARRY4 (Prop_carry4_DI[2]_CO[3])
                                                      0.355    11.827 r  GEN_BRAM.u_core/alu/u_mul/u_mul/GEN_VEDIC.u_mul/u0/result[3]_INST_0_i_1/CO[3]
                         net (fo=1, routed)           0.000    11.827    GEN_BRAM.u_core/alu/u_mul/u_mul/GEN_VEDIC.u_mul/u0/result[3]_INST_0_i_1_n_0
    SLICE_X19Y28         CARRY4 (Prop_carry4_CI_O[0])
                                                      0.139    11.966 r  GEN_BRAM.u_core/alu/u_mul/u_mul/GEN_VEDIC.u_mul/u0/result[7]_INST_0_i_20/O[0]
                         net (fo=2, routed)           0.460    12.426    GEN_BRAM.u_core/alu/u_mul/u_mul/GEN_VEDIC.u_mul/u0/u0/p0_4[6]
    SLICE_X16Y28         LUT3 (Prop_lut3_I2_O)        0.165    12.591 r  GEN_BRAM.u_core/alu/u_mul/u_mul/GEN_VEDIC.u_mul/u0/result[7]_INST_0_i_3/O
                         net (fo=2, routed)           0.477    13.069    GEN_BRAM.u_core/alu/u_mul/u_mul/GEN_VEDIC.u_mul/u0/result[7]_INST_0_i_3_n_0
    SLICE_X16Y28         LUT4 (Prop_lut4_I3_O)        0.164    13.233 r  GEN_BRAM.u_core/alu/u_mul/u_mul/GEN_VEDIC.u_mul/u0/result[7]_INST_0_i_6/O
                         net (fo=1, routed)           0.000    13.233    GEN_BRAM.u_core/alu/u_mul/u_mul/GEN_VEDIC.u_mul/u0/result[7]_INST_0_i_6_n_0
    SLICE_X16Y28         CARRY4 (Prop_carry4_S[3]_CO[3])
                                                      0.216    13.449 r  GEN_BRAM.u_core/alu/u_mul/u_mul/GEN_VEDIC.u_mul/u0/result[7]_INST_0_i_1/CO[3]
                         net (fo=1, routed)           0.000    13.449    GEN_BRAM.u_core/alu/u_mul/u_mul/GEN_VEDIC.u_mul/u0/result[7]_INST_0_i_1_n_0
    SLICE_X16Y29         CARRY4 (Prop_carry4_CI_O[3])
                                                      0.181    13.630 r  GEN_BRAM.u_core/alu/u_mul/u_mul/GEN_VEDIC.u_mul/u0/product__0_carry_i_10/O[3]
                         net (fo=2, routed)           0.820    14.450    GEN_BRAM.u_core/alu/u_mul/u_mul/GEN_VEDIC.u_mul/u0/p0[11]
    SLICE_X16Y33         LUT3 (Prop_lut3_I2_O)        0.154    14.604 r  GEN_BRAM.u_core/alu/u_mul/u_mul/GEN_VEDIC.u_mul/u0/product__0_carry__0_i_4__2/O
                         net (fo=2, routed)           0.408    15.012    GEN_BRAM.u_core/alu/u_mul/u_mul/GEN_VEDIC.u_mul/u0/product__0_carry__0_i_4__2_n_0
    SLICE_X16Y34         CARRY4 (Prop_carry4_DI[0]_CO[3])
                                                      0.455    15.467 r  GEN_BRAM.u_core/alu/u_mul/u_mul/GEN_VEDIC.u_mul/u0/product__0_carry__0/CO[3]
                         net (fo=1, routed)           0.000    15.467    GEN_BRAM.u_core/alu/u_mul/u_mul/GEN_VEDIC.u_mul/u0/product__0_carry__0_n_0
    SLICE_X16Y35         CARRY4 (Prop_carry4_CI_CO[3])
                                                      0.060    15.527 r  GEN_BRAM.u_core/alu/u_mul/u_mul/GEN_VEDIC.u_mul/u0/product__0_carry__1/CO[3]
                         net (fo=1, routed)           0.000    15.527    GEN_BRAM.u_core/alu/u_mul/u_mul/GEN_VEDIC.u_mul/u0/product__0_carry__1_n_0
    SLICE_X16Y36         CARRY4 (Prop_carry4_CI_CO[3])
                                                      0.060    15.587 r  GEN_BRAM.u_core/alu/u_mul/u_mul/GEN_VEDIC.u_mul/u0/product__0_carry__2/CO[3]
                         net (fo=1, routed)           0.000    15.587    GEN_BRAM.u_core/alu/u_mul/u_mul/GEN_VEDIC.u_mul/u0/product__0_carry__2_n_0
    SLICE_X16Y37         CARRY4 (Prop_carry4_CI_O[2])
                                                      0.137    15.724 r  GEN_BRAM.u_core/alu/u_mul/u_mul/GEN_VEDIC.u_mul/u0/product__0_carry__3/O[2]
                         net (fo=2, routed)           0.835    16.559    GEN_BRAM.u_core/alu/u_mul/u_mul/GEN_VEDIC.u_mul/u1/result[31]_INST_0_i_1_0[2]
    SLICE_X16Y44         LUT3 (Prop_lut3_I2_O)        0.162    16.721 r  GEN_BRAM.u_core/alu/u_mul/u_mul/GEN_VEDIC.u_mul/u1/result[27]_INST_0_i_3/O
                         net (fo=2, routed)           0.477    17.198    GEN_BRAM.u_core/alu/u_mul/u_mul/GEN_VEDIC.u_mul/u1/result[27]_INST_0_i_3_n_0
    SLICE_X16Y44         LUT4 (Prop_lut4_I3_O)        0.164    17.362 r  GEN_BRAM.u_core/alu/u_mul/u_mul/GEN_VEDIC.u_mul/u1/result[27]_INST_0_i_7/O
                         net (fo=1, routed)           0.000    17.362    GEN_BRAM.u_core/alu/u_mul/u_mul/GEN_VEDIC.u_mul/u1/result[27]_INST_0_i_7_n_0
    SLICE_X16Y44         CARRY4 (Prop_carry4_S[3]_CO[3])
                                                      0.216    17.578 r  GEN_BRAM.u_core/alu/u_mul/u_mul/GEN_VEDIC.u_mul/u1/result[27]_INST_0_i_1/CO[3]
                         net (fo=1, routed)           0.000    17.578    GEN_BRAM.u_core/alu/u_mul/u_mul/GEN_VEDIC.u_mul/u1/result[27]_INST_0_i_1_n_0
    SLICE_X16Y45         CARRY4 (Prop_carry4_CI_O[1])
                                                      0.212    17.790 f  GEN_BRAM.u_core/alu/u_mul/u_mul/GEN_VEDIC.u_mul/u1/result[31]_INST_0_i_1/O[1]
                         net (fo=2, routed)           0.418    18.208    GEN_BRAM.u_core/alu/u_mul/u_mul/GEN_VEDIC.u_mul/u1/result[31]_INST_0_i_13_0[6]
    SLICE_X14Y46         LUT1 (Prop_lut1_I0_O)        0.155    18.363 r  GEN_BRAM.u_core/alu/u_mul/u_mul/GEN_VEDIC.u_mul/u1/result[0]_INST_0_i_6/O
                         net (fo=1, routed)           0.000    18.363    GEN_BRAM.u_core/alu/u_mul/u_mul/GEN_VEDIC.u_mul/u1/p_0_in[29]
    SLICE_X14Y46         CARRY4 (Prop_carry4_S[0]_CO[3])
                                                      0.297    18.660 r  GEN_BRAM.u_core/alu/u_mul/u_mul/GEN_VEDIC.u_mul/u1/result[0]_INST_0_i_1/CO[3]
                         net (fo=1, routed)           0.000    18.660    GEN_BRAM.u_core/alu/u_mul/u_mul/GEN_VEDIC.u_mul/u1/result[0]_INST_0_i_1_n_0
    SLICE_X14Y47         CARRY4 (Prop_carry4_CI_O[0])
                                                      0.135    18.795 r  GEN_BRAM.u_core/alu/u_mul/u_mul/GEN_VEDIC.u_mul/u1/result[4]_INST_0_i_1/O[0]
                         net (fo=1, routed)           0.441    19.236    GEN_BRAM.u_core/alu/u_mul/u_mul/GEN_VEDIC.u_mul/u1/signed_product0[33]
    SLICE_X15Y47         LUT5 (Prop_lut5_I4_O)        0.153    19.389 r  GEN_BRAM.u_core/alu/u_mul/u_mul/GEN_VEDIC.u_mul/u1/result[1]_INST_0/O
                         net (fo=2, routed)           0.677    20.066    GEN_BRAM.u_core/reg_file/result[0]
    SLICE_X4Y50          LUT6 (Prop_lut6_I2_O)        0.053    20.119 r  GEN_BRAM.u_core/reg_file/debug_alu_out_OBUF[1]_inst_i_2/O
                         net (fo=2, routed)           0.000    20.119    GEN_BRAM.u_core/alu_mux_b/load_addr_hold_reg[1]
    SLICE_X4Y50          MUXF7 (Prop_muxf7_I0_O)      0.121    20.240 r  GEN_BRAM.u_core/alu_mux_b/debug_alu_out_OBUF[1]_inst_i_1/O
                         net (fo=43, routed)          1.860    22.100    GEN_BRAM.u_core/alu_mux_b/D[0]
    SLICE_X8Y27          LUT3 (Prop_lut3_I2_O)        0.161    22.261 r  GEN_BRAM.u_core/alu_mux_b/mem_reg_1_i_41/O
                         net (fo=12, routed)          0.579    22.840    GEN_BRAM.u_core/alu_mux_b/ir_reg[14]
    SLICE_X11Y31         LUT2 (Prop_lut2_I0_O)        0.167    23.007 r  GEN_BRAM.u_core/alu_mux_b/mem_reg_1_i_19/O
                         net (fo=8, routed)           0.392    23.399    GEN_BRAM.u_core/reg_file/mem_reg_1_2
    SLICE_X12Y32         LUT6 (Prop_lut6_I0_O)        0.170    23.569 r  GEN_BRAM.u_core/reg_file/mem_reg_1_i_8/O
                         net (fo=1, routed)           0.480    24.049    GEN_BRAM.u_core/dmem/wdata[24]
    RAMB36_X0Y6          RAMB36E1                                     r  GEN_BRAM.u_core/dmem/mem_reg_1/DIADI[8]
  -------------------------------------------------------------------    -------------------

                         (clock sys_clk rise edge)   30.000    30.000 r  
    AD23                                              0.000    30.000 r  clk (IN)
                         net (fo=0)                   0.000    30.000    clk
    AD23                 IBUF (Prop_ibuf_I_O)         0.796    30.796 r  clk_IBUF_inst/O
                         net (fo=1, routed)           1.741    32.537    clk_IBUF
    BUFGCTRL_X0Y0        BUFG (Prop_bufg_I_O)         0.113    32.650 r  clk_IBUF_BUFG_inst/O
                         net (fo=350, routed)         1.571    34.221    GEN_BRAM.u_core/dmem/clk_IBUF_BUFG
    RAMB36_X0Y6          RAMB36E1                                     r  GEN_BRAM.u_core/dmem/mem_reg_1/CLKARDCLK
                         clock pessimism              0.256    34.477    
                         clock uncertainty           -0.035    34.442    
    RAMB36_X0Y6          RAMB36E1 (Setup_ramb36e1_CLKARDCLK_DIADI[8])
                                                     -0.204    34.238    GEN_BRAM.u_core/dmem/mem_reg_1
  -------------------------------------------------------------------
                         required time                         34.238    
                         arrival time                         -24.049    
  -------------------------------------------------------------------
                         slack                                 10.189    

Slack (MET) :             10.381ns  (required time - arrival time)
  Source:                 GEN_BRAM.u_core/ir_reg[15]/C
                            (rising edge-triggered cell FDCE clocked by sys_clk  {rise@0.000ns fall@15.000ns period=30.000ns})
  Destination:            GEN_BRAM.u_core/dmem/mem_reg_1/WEA[0]
                            (rising edge-triggered cell RAMB36E1 clocked by sys_clk  {rise@0.000ns fall@15.000ns period=30.000ns})
  Path Group:             sys_clk
  Path Type:              Setup (Max at Slow Process Corner)
  Requirement:            30.000ns  (sys_clk rise@30.000ns - sys_clk rise@0.000ns)
  Data Path Delay:        19.143ns  (logic 4.922ns (25.711%)  route 14.221ns (74.289%))
  Logic Levels:           28  (CARRY4=12 LUT1=1 LUT3=5 LUT4=4 LUT5=2 LUT6=2 MUXF7=1 RAMD32=1)
  Clock Path Skew:        0.011ns (DCD - SCD + CPR)
    Destination Clock Delay (DCD):    4.221ns = ( 34.221 - 30.000 ) 
    Source Clock Delay      (SCD):    4.467ns
    Clock Pessimism Removal (CPR):    0.256ns
  Clock Uncertainty:      0.035ns  ((TSJ^2 + TIJ^2)^1/2 + DJ) / 2 + PE
    Total System Jitter     (TSJ):    0.071ns
    Total Input Jitter      (TIJ):    0.000ns
    Discrete Jitter          (DJ):    0.000ns
    Phase Error              (PE):    0.000ns

    Location             Delay type                Incr(ns)  Path(ns)    Netlist Resource(s)
  -------------------------------------------------------------------    -------------------
                         (clock sys_clk rise edge)    0.000     0.000 r  
    AD23                                              0.000     0.000 r  clk (IN)
                         net (fo=0)                   0.000     0.000    clk
    AD23                 IBUF (Prop_ibuf_I_O)         0.873     0.873 r  clk_IBUF_inst/O
                         net (fo=1, routed)           1.830     2.703    clk_IBUF
    BUFGCTRL_X0Y0        BUFG (Prop_bufg_I_O)         0.120     2.823 r  clk_IBUF_BUFG_inst/O
                         net (fo=350, routed)         1.644     4.467    GEN_BRAM.u_core/clk_IBUF_BUFG
    SLICE_X10Y29         FDCE                                         r  GEN_BRAM.u_core/ir_reg[15]/C
  -------------------------------------------------------------------    -------------------
    SLICE_X10Y29         FDCE (Prop_fdce_C_Q)         0.308     4.775 r  GEN_BRAM.u_core/ir_reg[15]/Q
                         net (fo=97, routed)          1.596     6.370    GEN_BRAM.u_core/reg_file/registers_reg_r1_0_31_30_31__0/DPRA0
    SLICE_X6Y41          RAMD32 (Prop_ramd32_RADR0_O)
                                                      0.063     6.433 f  GEN_BRAM.u_core/reg_file/registers_reg_r1_0_31_30_31__0/DP/O
                         net (fo=11, routed)          0.935     7.368    GEN_BRAM.u_core/alu_mux_a/dataR10[31]
    SLICE_X8Y52          LUT4 (Prop_lut4_I1_O)        0.164     7.532 r  GEN_BRAM.u_core/alu_mux_a/u_adder_i_1/O
                         net (fo=85, routed)          1.082     8.615    GEN_BRAM.u_core/alu/u_mul/u_mul/GEN_VEDIC.u_mul/u2/a[17]
    SLICE_X12Y45         LUT6 (Prop_lut6_I1_O)        0.053     8.668 r  GEN_BRAM.u_core/alu/u_mul/u_mul/GEN_VEDIC.u_mul/u2/result[1]_INST_0_i_3/O
                         net (fo=56, routed)          1.662    10.329    GEN_BRAM.u_core/alu/u_mul/u_mul/GEN_VEDIC.u_mul/u0/mag_a[0]
    SLICE_X18Y27         LUT4 (Prop_lut4_I3_O)        0.068    10.397 r  GEN_BRAM.u_core/alu/u_mul/u_mul/GEN_VEDIC.u_mul/u0/result[3]_INST_0_i_23/O
                         net (fo=2, routed)           0.591    10.988    GEN_BRAM.u_core/alu/u_mul/u_mul/GEN_VEDIC.u_mul/u0/u0/u0/p2_2[1]
    SLICE_X19Y27         LUT3 (Prop_lut3_I1_O)        0.187    11.175 r  GEN_BRAM.u_core/alu/u_mul/u_mul/GEN_VEDIC.u_mul/u0/result[3]_INST_0_i_4/O
                         net (fo=2, routed)           0.296    11.472    GEN_BRAM.u_core/alu/u_mul/u_mul/GEN_VEDIC.u_mul/u0/result[3]_INST_0_i_4_n_0
    SLICE_X19Y27         CARRY4 (Prop_carry4_DI[2]_CO[3])
                                                      0.355    11.827 r  GEN_BRAM.u_core/alu/u_mul/u_mul/GEN_VEDIC.u_mul/u0/result[3]_INST_0_i_1/CO[3]
                         net (fo=1, routed)           0.000    11.827    GEN_BRAM.u_core/alu/u_mul/u_mul/GEN_VEDIC.u_mul/u0/result[3]_INST_0_i_1_n_0
    SLICE_X19Y28         CARRY4 (Prop_carry4_CI_O[0])
                                                      0.139    11.966 r  GEN_BRAM.u_core/alu/u_mul/u_mul/GEN_VEDIC.u_mul/u0/result[7]_INST_0_i_20/O[0]
                         net (fo=2, routed)           0.460    12.426    GEN_BRAM.u_core/alu/u_mul/u_mul/GEN_VEDIC.u_mul/u0/u0/p0_4[6]
    SLICE_X16Y28         LUT3 (Prop_lut3_I2_O)        0.165    12.591 r  GEN_BRAM.u_core/alu/u_mul/u_mul/GEN_VEDIC.u_mul/u0/result[7]_INST_0_i_3/O
                         net (fo=2, routed)           0.477    13.069    GEN_BRAM.u_core/alu/u_mul/u_mul/GEN_VEDIC.u_mul/u0/result[7]_INST_0_i_3_n_0
    SLICE_X16Y28         LUT4 (Prop_lut4_I3_O)        0.164    13.233 r  GEN_BRAM.u_core/alu/u_mul/u_mul/GEN_VEDIC.u_mul/u0/result[7]_INST_0_i_6/O
                         net (fo=1, routed)           0.000    13.233    GEN_BRAM.u_core/alu/u_mul/u_mul/GEN_VEDIC.u_mul/u0/result[7]_INST_0_i_6_n_0
    SLICE_X16Y28         CARRY4 (Prop_carry4_S[3]_CO[3])
                                                      0.216    13.449 r  GEN_BRAM.u_core/alu/u_mul/u_mul/GEN_VEDIC.u_mul/u0/result[7]_INST_0_i_1/CO[3]
                         net (fo=1, routed)           0.000    13.449    GEN_BRAM.u_core/alu/u_mul/u_mul/GEN_VEDIC.u_mul/u0/result[7]_INST_0_i_1_n_0
    SLICE_X16Y29         CARRY4 (Prop_carry4_CI_O[3])
                                                      0.181    13.630 r  GEN_BRAM.u_core/alu/u_mul/u_mul/GEN_VEDIC.u_mul/u0/product__0_carry_i_10/O[3]
                         net (fo=2, routed)           0.820    14.450    GEN_BRAM.u_core/alu/u_mul/u_mul/GEN_VEDIC.u_mul/u0/p0[11]
    SLICE_X16Y33         LUT3 (Prop_lut3_I2_O)        0.154    14.604 r  GEN_BRAM.u_core/alu/u_mul/u_mul/GEN_VEDIC.u_mul/u0/product__0_carry__0_i_4__2/O
                         net (fo=2, routed)           0.408    15.012    GEN_BRAM.u_core/alu/u_mul/u_mul/GEN_VEDIC.u_mul/u0/product__0_carry__0_i_4__2_n_0
    SLICE_X16Y34         CARRY4 (Prop_carry4_DI[0]_CO[3])
                                                      0.455    15.467 r  GEN_BRAM.u_core/alu/u_mul/u_mul/GEN_VEDIC.u_mul/u0/product__0_carry__0/CO[3]
                         net (fo=1, routed)           0.000    15.467    GEN_BRAM.u_core/alu/u_mul/u_mul/GEN_VEDIC.u_mul/u0/product__0_carry__0_n_0
    SLICE_X16Y35         CARRY4 (Prop_carry4_CI_CO[3])
                                                      0.060    15.527 r  GEN_BRAM.u_core/alu/u_mul/u_mul/GEN_VEDIC.u_mul/u0/product__0_carry__1/CO[3]
                         net (fo=1, routed)           0.000    15.527    GEN_BRAM.u_core/alu/u_mul/u_mul/GEN_VEDIC.u_mul/u0/product__0_carry__1_n_0
    SLICE_X16Y36         CARRY4 (Prop_carry4_CI_CO[3])
                                                      0.060    15.587 r  GEN_BRAM.u_core/alu/u_mul/u_mul/GEN_VEDIC.u_mul/u0/product__0_carry__2/CO[3]
                         net (fo=1, routed)           0.000    15.587    GEN_BRAM.u_core/alu/u_mul/u_mul/GEN_VEDIC.u_mul/u0/product__0_carry__2_n_0
    SLICE_X16Y37         CARRY4 (Prop_carry4_CI_O[2])
                                                      0.137    15.724 r  GEN_BRAM.u_core/alu/u_mul/u_mul/GEN_VEDIC.u_mul/u0/product__0_carry__3/O[2]
                         net (fo=2, routed)           0.835    16.559    GEN_BRAM.u_core/alu/u_mul/u_mul/GEN_VEDIC.u_mul/u1/result[31]_INST_0_i_1_0[2]
    SLICE_X16Y44         LUT3 (Prop_lut3_I2_O)        0.162    16.721 r  GEN_BRAM.u_core/alu/u_mul/u_mul/GEN_VEDIC.u_mul/u1/result[27]_INST_0_i_3/O
                         net (fo=2, routed)           0.477    17.198    GEN_BRAM.u_core/alu/u_mul/u_mul/GEN_VEDIC.u_mul/u1/result[27]_INST_0_i_3_n_0
    SLICE_X16Y44         LUT4 (Prop_lut4_I3_O)        0.164    17.362 r  GEN_BRAM.u_core/alu/u_mul/u_mul/GEN_VEDIC.u_mul/u1/result[27]_INST_0_i_7/O
                         net (fo=1, routed)           0.000    17.362    GEN_BRAM.u_core/alu/u_mul/u_mul/GEN_VEDIC.u_mul/u1/result[27]_INST_0_i_7_n_0
    SLICE_X16Y44         CARRY4 (Prop_carry4_S[3]_CO[3])
                                                      0.216    17.578 r  GEN_BRAM.u_core/alu/u_mul/u_mul/GEN_VEDIC.u_mul/u1/result[27]_INST_0_i_1/CO[3]
                         net (fo=1, routed)           0.000    17.578    GEN_BRAM.u_core/alu/u_mul/u_mul/GEN_VEDIC.u_mul/u1/result[27]_INST_0_i_1_n_0
    SLICE_X16Y45         CARRY4 (Prop_carry4_CI_O[1])
                                                      0.212    17.790 f  GEN_BRAM.u_core/alu/u_mul/u_mul/GEN_VEDIC.u_mul/u1/result[31]_INST_0_i_1/O[1]
                         net (fo=2, routed)           0.418    18.208    GEN_BRAM.u_core/alu/u_mul/u_mul/GEN_VEDIC.u_mul/u1/result[31]_INST_0_i_13_0[6]
    SLICE_X14Y46         LUT1 (Prop_lut1_I0_O)        0.155    18.363 r  GEN_BRAM.u_core/alu/u_mul/u_mul/GEN_VEDIC.u_mul/u1/result[0]_INST_0_i_6/O
                         net (fo=1, routed)           0.000    18.363    GEN_BRAM.u_core/alu/u_mul/u_mul/GEN_VEDIC.u_mul/u1/p_0_in[29]
    SLICE_X14Y46         CARRY4 (Prop_carry4_S[0]_CO[3])
                                                      0.297    18.660 r  GEN_BRAM.u_core/alu/u_mul/u_mul/GEN_VEDIC.u_mul/u1/result[0]_INST_0_i_1/CO[3]
                         net (fo=1, routed)           0.000    18.660    GEN_BRAM.u_core/alu/u_mul/u_mul/GEN_VEDIC.u_mul/u1/result[0]_INST_0_i_1_n_0
    SLICE_X14Y47         CARRY4 (Prop_carry4_CI_O[0])
                                                      0.135    18.795 r  GEN_BRAM.u_core/alu/u_mul/u_mul/GEN_VEDIC.u_mul/u1/result[4]_INST_0_i_1/O[0]
                         net (fo=1, routed)           0.441    19.236    GEN_BRAM.u_core/alu/u_mul/u_mul/GEN_VEDIC.u_mul/u1/signed_product0[33]
    SLICE_X15Y47         LUT5 (Prop_lut5_I4_O)        0.153    19.389 r  GEN_BRAM.u_core/alu/u_mul/u_mul/GEN_VEDIC.u_mul/u1/result[1]_INST_0/O
                         net (fo=2, routed)           0.677    20.066    GEN_BRAM.u_core/reg_file/result[0]
    SLICE_X4Y50          LUT6 (Prop_lut6_I2_O)        0.053    20.119 r  GEN_BRAM.u_core/reg_file/debug_alu_out_OBUF[1]_inst_i_2/O
                         net (fo=2, routed)           0.000    20.119    GEN_BRAM.u_core/alu_mux_b/load_addr_hold_reg[1]
    SLICE_X4Y50          MUXF7 (Prop_muxf7_I0_O)      0.121    20.240 r  GEN_BRAM.u_core/alu_mux_b/debug_alu_out_OBUF[1]_inst_i_1/O
                         net (fo=43, routed)          1.860    22.100    GEN_BRAM.u_core/alu_mux_b/D[0]
    SLICE_X8Y27          LUT3 (Prop_lut3_I2_O)        0.161    22.261 r  GEN_BRAM.u_core/alu_mux_b/mem_reg_1_i_41/O
                         net (fo=12, routed)          0.802    23.063    GEN_BRAM.u_core/alu_mux_b/ir_reg[14]
    SLICE_X9Y32          LUT5 (Prop_lut5_I0_O)        0.164    23.227 r  GEN_BRAM.u_core/alu_mux_b/mem_reg_1_i_18/O
                         net (fo=1, routed)           0.383    23.610    GEN_BRAM.u_core/dmem/wstrb[2]
    RAMB36_X0Y6          RAMB36E1                                     r  GEN_BRAM.u_core/dmem/mem_reg_1/WEA[0]
  -------------------------------------------------------------------    -------------------

                         (clock sys_clk rise edge)   30.000    30.000 r  
    AD23                                              0.000    30.000 r  clk (IN)
                         net (fo=0)                   0.000    30.000    clk
    AD23                 IBUF (Prop_ibuf_I_O)         0.796    30.796 r  clk_IBUF_inst/O
                         net (fo=1, routed)           1.741    32.537    clk_IBUF
    BUFGCTRL_X0Y0        BUFG (Prop_bufg_I_O)         0.113    32.650 r  clk_IBUF_BUFG_inst/O
                         net (fo=350, routed)         1.571    34.221    GEN_BRAM.u_core/dmem/clk_IBUF_BUFG
    RAMB36_X0Y6          RAMB36E1                                     r  GEN_BRAM.u_core/dmem/mem_reg_1/CLKARDCLK
                         clock pessimism              0.256    34.477    
                         clock uncertainty           -0.035    34.442    
    RAMB36_X0Y6          RAMB36E1 (Setup_ramb36e1_CLKARDCLK_WEA[0])
                                                     -0.451    33.991    GEN_BRAM.u_core/dmem/mem_reg_1
  -------------------------------------------------------------------
                         required time                         33.991    
                         arrival time                         -23.610    
  -------------------------------------------------------------------
                         slack                                 10.381    

Slack (MET) :             10.413ns  (required time - arrival time)
  Source:                 GEN_BRAM.u_core/ir_reg[15]/C
                            (rising edge-triggered cell FDCE clocked by sys_clk  {rise@0.000ns fall@15.000ns period=30.000ns})
  Destination:            GEN_BRAM.u_core/dmem/mem_reg_1/DIADI[14]
                            (rising edge-triggered cell RAMB36E1 clocked by sys_clk  {rise@0.000ns fall@15.000ns period=30.000ns})
  Path Group:             sys_clk
  Path Type:              Setup (Max at Slow Process Corner)
  Requirement:            30.000ns  (sys_clk rise@30.000ns - sys_clk rise@0.000ns)
  Data Path Delay:        19.358ns  (logic 5.095ns (26.320%)  route 14.263ns (73.680%))
  Logic Levels:           29  (CARRY4=12 LUT1=1 LUT2=1 LUT3=5 LUT4=4 LUT5=1 LUT6=3 MUXF7=1 RAMD32=1)
  Clock Path Skew:        0.011ns (DCD - SCD + CPR)
    Destination Clock Delay (DCD):    4.221ns = ( 34.221 - 30.000 ) 
    Source Clock Delay      (SCD):    4.467ns
    Clock Pessimism Removal (CPR):    0.256ns
  Clock Uncertainty:      0.035ns  ((TSJ^2 + TIJ^2)^1/2 + DJ) / 2 + PE
    Total System Jitter     (TSJ):    0.071ns
    Total Input Jitter      (TIJ):    0.000ns
    Discrete Jitter          (DJ):    0.000ns
    Phase Error              (PE):    0.000ns

    Location             Delay type                Incr(ns)  Path(ns)    Netlist Resource(s)
  -------------------------------------------------------------------    -------------------
                         (clock sys_clk rise edge)    0.000     0.000 r  
    AD23                                              0.000     0.000 r  clk (IN)
                         net (fo=0)                   0.000     0.000    clk
    AD23                 IBUF (Prop_ibuf_I_O)         0.873     0.873 r  clk_IBUF_inst/O
                         net (fo=1, routed)           1.830     2.703    clk_IBUF
    BUFGCTRL_X0Y0        BUFG (Prop_bufg_I_O)         0.120     2.823 r  clk_IBUF_BUFG_inst/O
                         net (fo=350, routed)         1.644     4.467    GEN_BRAM.u_core/clk_IBUF_BUFG
    SLICE_X10Y29         FDCE                                         r  GEN_BRAM.u_core/ir_reg[15]/C
  -------------------------------------------------------------------    -------------------
    SLICE_X10Y29         FDCE (Prop_fdce_C_Q)         0.308     4.775 r  GEN_BRAM.u_core/ir_reg[15]/Q
                         net (fo=97, routed)          1.596     6.370    GEN_BRAM.u_core/reg_file/registers_reg_r1_0_31_30_31__0/DPRA0
    SLICE_X6Y41          RAMD32 (Prop_ramd32_RADR0_O)
                                                      0.063     6.433 f  GEN_BRAM.u_core/reg_file/registers_reg_r1_0_31_30_31__0/DP/O
                         net (fo=11, routed)          0.935     7.368    GEN_BRAM.u_core/alu_mux_a/dataR10[31]
    SLICE_X8Y52          LUT4 (Prop_lut4_I1_O)        0.164     7.532 r  GEN_BRAM.u_core/alu_mux_a/u_adder_i_1/O
                         net (fo=85, routed)          1.082     8.615    GEN_BRAM.u_core/alu/u_mul/u_mul/GEN_VEDIC.u_mul/u2/a[17]
    SLICE_X12Y45         LUT6 (Prop_lut6_I1_O)        0.053     8.668 r  GEN_BRAM.u_core/alu/u_mul/u_mul/GEN_VEDIC.u_mul/u2/result[1]_INST_0_i_3/O
                         net (fo=56, routed)          1.662    10.329    GEN_BRAM.u_core/alu/u_mul/u_mul/GEN_VEDIC.u_mul/u0/mag_a[0]
    SLICE_X18Y27         LUT4 (Prop_lut4_I3_O)        0.068    10.397 r  GEN_BRAM.u_core/alu/u_mul/u_mul/GEN_VEDIC.u_mul/u0/result[3]_INST_0_i_23/O
                         net (fo=2, routed)           0.591    10.988    GEN_BRAM.u_core/alu/u_mul/u_mul/GEN_VEDIC.u_mul/u0/u0/u0/p2_2[1]
    SLICE_X19Y27         LUT3 (Prop_lut3_I1_O)        0.187    11.175 r  GEN_BRAM.u_core/alu/u_mul/u_mul/GEN_VEDIC.u_mul/u0/result[3]_INST_0_i_4/O
                         net (fo=2, routed)           0.296    11.472    GEN_BRAM.u_core/alu/u_mul/u_mul/GEN_VEDIC.u_mul/u0/result[3]_INST_0_i_4_n_0
    SLICE_X19Y27         CARRY4 (Prop_carry4_DI[2]_CO[3])
                                                      0.355    11.827 r  GEN_BRAM.u_core/alu/u_mul/u_mul/GEN_VEDIC.u_mul/u0/result[3]_INST_0_i_1/CO[3]
                         net (fo=1, routed)           0.000    11.827    GEN_BRAM.u_core/alu/u_mul/u_mul/GEN_VEDIC.u_mul/u0/result[3]_INST_0_i_1_n_0
    SLICE_X19Y28         CARRY4 (Prop_carry4_CI_O[0])
                                                      0.139    11.966 r  GEN_BRAM.u_core/alu/u_mul/u_mul/GEN_VEDIC.u_mul/u0/result[7]_INST_0_i_20/O[0]
                         net (fo=2, routed)           0.460    12.426    GEN_BRAM.u_core/alu/u_mul/u_mul/GEN_VEDIC.u_mul/u0/u0/p0_4[6]
    SLICE_X16Y28         LUT3 (Prop_lut3_I2_O)        0.165    12.591 r  GEN_BRAM.u_core/alu/u_mul/u_mul/GEN_VEDIC.u_mul/u0/result[7]_INST_0_i_3/O
                         net (fo=2, routed)           0.477    13.069    GEN_BRAM.u_core/alu/u_mul/u_mul/GEN_VEDIC.u_mul/u0/result[7]_INST_0_i_3_n_0
    SLICE_X16Y28         LUT4 (Prop_lut4_I3_O)        0.164    13.233 r  GEN_BRAM.u_core/alu/u_mul/u_mul/GEN_VEDIC.u_mul/u0/result[7]_INST_0_i_6/O
                         net (fo=1, routed)           0.000    13.233    GEN_BRAM.u_core/alu/u_mul/u_mul/GEN_VEDIC.u_mul/u0/result[7]_INST_0_i_6_n_0
    SLICE_X16Y28         CARRY4 (Prop_carry4_S[3]_CO[3])
                                                      0.216    13.449 r  GEN_BRAM.u_core/alu/u_mul/u_mul/GEN_VEDIC.u_mul/u0/result[7]_INST_0_i_1/CO[3]
                         net (fo=1, routed)           0.000    13.449    GEN_BRAM.u_core/alu/u_mul/u_mul/GEN_VEDIC.u_mul/u0/result[7]_INST_0_i_1_n_0
    SLICE_X16Y29         CARRY4 (Prop_carry4_CI_O[3])
                                                      0.181    13.630 r  GEN_BRAM.u_core/alu/u_mul/u_mul/GEN_VEDIC.u_mul/u0/product__0_carry_i_10/O[3]
                         net (fo=2, routed)           0.820    14.450    GEN_BRAM.u_core/alu/u_mul/u_mul/GEN_VEDIC.u_mul/u0/p0[11]
    SLICE_X16Y33         LUT3 (Prop_lut3_I2_O)        0.154    14.604 r  GEN_BRAM.u_core/alu/u_mul/u_mul/GEN_VEDIC.u_mul/u0/product__0_carry__0_i_4__2/O
                         net (fo=2, routed)           0.408    15.012    GEN_BRAM.u_core/alu/u_mul/u_mul/GEN_VEDIC.u_mul/u0/product__0_carry__0_i_4__2_n_0
    SLICE_X16Y34         CARRY4 (Prop_carry4_DI[0]_CO[3])
                                                      0.455    15.467 r  GEN_BRAM.u_core/alu/u_mul/u_mul/GEN_VEDIC.u_mul/u0/product__0_carry__0/CO[3]
                         net (fo=1, routed)           0.000    15.467    GEN_BRAM.u_core/alu/u_mul/u_mul/GEN_VEDIC.u_mul/u0/product__0_carry__0_n_0
    SLICE_X16Y35         CARRY4 (Prop_carry4_CI_CO[3])
                                                      0.060    15.527 r  GEN_BRAM.u_core/alu/u_mul/u_mul/GEN_VEDIC.u_mul/u0/product__0_carry__1/CO[3]
                         net (fo=1, routed)           0.000    15.527    GEN_BRAM.u_core/alu/u_mul/u_mul/GEN_VEDIC.u_mul/u0/product__0_carry__1_n_0
    SLICE_X16Y36         CARRY4 (Prop_carry4_CI_CO[3])
                                                      0.060    15.587 r  GEN_BRAM.u_core/alu/u_mul/u_mul/GEN_VEDIC.u_mul/u0/product__0_carry__2/CO[3]
                         net (fo=1, routed)           0.000    15.587    GEN_BRAM.u_core/alu/u_mul/u_mul/GEN_VEDIC.u_mul/u0/product__0_carry__2_n_0
    SLICE_X16Y37         CARRY4 (Prop_carry4_CI_O[2])
                                                      0.137    15.724 r  GEN_BRAM.u_core/alu/u_mul/u_mul/GEN_VEDIC.u_mul/u0/product__0_carry__3/O[2]
                         net (fo=2, routed)           0.835    16.559    GEN_BRAM.u_core/alu/u_mul/u_mul/GEN_VEDIC.u_mul/u1/result[31]_INST_0_i_1_0[2]
    SLICE_X16Y44         LUT3 (Prop_lut3_I2_O)        0.162    16.721 r  GEN_BRAM.u_core/alu/u_mul/u_mul/GEN_VEDIC.u_mul/u1/result[27]_INST_0_i_3/O
                         net (fo=2, routed)           0.477    17.198    GEN_BRAM.u_core/alu/u_mul/u_mul/GEN_VEDIC.u_mul/u1/result[27]_INST_0_i_3_n_0
    SLICE_X16Y44         LUT4 (Prop_lut4_I3_O)        0.164    17.362 r  GEN_BRAM.u_core/alu/u_mul/u_mul/GEN_VEDIC.u_mul/u1/result[27]_INST_0_i_7/O
                         net (fo=1, routed)           0.000    17.362    GEN_BRAM.u_core/alu/u_mul/u_mul/GEN_VEDIC.u_mul/u1/result[27]_INST_0_i_7_n_0
    SLICE_X16Y44         CARRY4 (Prop_carry4_S[3]_CO[3])
                                                      0.216    17.578 r  GEN_BRAM.u_core/alu/u_mul/u_mul/GEN_VEDIC.u_mul/u1/result[27]_INST_0_i_1/CO[3]
                         net (fo=1, routed)           0.000    17.578    GEN_BRAM.u_core/alu/u_mul/u_mul/GEN_VEDIC.u_mul/u1/result[27]_INST_0_i_1_n_0
    SLICE_X16Y45         CARRY4 (Prop_carry4_CI_O[1])
                                                      0.212    17.790 f  GEN_BRAM.u_core/alu/u_mul/u_mul/GEN_VEDIC.u_mul/u1/result[31]_INST_0_i_1/O[1]
                         net (fo=2, routed)           0.418    18.208    GEN_BRAM.u_core/alu/u_mul/u_mul/GEN_VEDIC.u_mul/u1/result[31]_INST_0_i_13_0[6]
    SLICE_X14Y46         LUT1 (Prop_lut1_I0_O)        0.155    18.363 r  GEN_BRAM.u_core/alu/u_mul/u_mul/GEN_VEDIC.u_mul/u1/result[0]_INST_0_i_6/O
                         net (fo=1, routed)           0.000    18.363    GEN_BRAM.u_core/alu/u_mul/u_mul/GEN_VEDIC.u_mul/u1/p_0_in[29]
    SLICE_X14Y46         CARRY4 (Prop_carry4_S[0]_CO[3])
                                                      0.297    18.660 r  GEN_BRAM.u_core/alu/u_mul/u_mul/GEN_VEDIC.u_mul/u1/result[0]_INST_0_i_1/CO[3]
                         net (fo=1, routed)           0.000    18.660    GEN_BRAM.u_core/alu/u_mul/u_mul/GEN_VEDIC.u_mul/u1/result[0]_INST_0_i_1_n_0
    SLICE_X14Y47         CARRY4 (Prop_carry4_CI_O[0])
                                                      0.135    18.795 r  GEN_BRAM.u_core/alu/u_mul/u_mul/GEN_VEDIC.u_mul/u1/result[4]_INST_0_i_1/O[0]
                         net (fo=1, routed)           0.441    19.236    GEN_BRAM.u_core/alu/u_mul/u_mul/GEN_VEDIC.u_mul/u1/signed_product0[33]
    SLICE_X15Y47         LUT5 (Prop_lut5_I4_O)        0.153    19.389 r  GEN_BRAM.u_core/alu/u_mul/u_mul/GEN_VEDIC.u_mul/u1/result[1]_INST_0/O
                         net (fo=2, routed)           0.677    20.066    GEN_BRAM.u_core/reg_file/result[0]
    SLICE_X4Y50          LUT6 (Prop_lut6_I2_O)        0.053    20.119 r  GEN_BRAM.u_core/reg_file/debug_alu_out_OBUF[1]_inst_i_2/O
                         net (fo=2, routed)           0.000    20.119    GEN_BRAM.u_core/alu_mux_b/load_addr_hold_reg[1]
    SLICE_X4Y50          MUXF7 (Prop_muxf7_I0_O)      0.121    20.240 r  GEN_BRAM.u_core/alu_mux_b/debug_alu_out_OBUF[1]_inst_i_1/O
                         net (fo=43, routed)          1.860    22.100    GEN_BRAM.u_core/alu_mux_b/D[0]
    SLICE_X8Y27          LUT3 (Prop_lut3_I2_O)        0.161    22.261 r  GEN_BRAM.u_core/alu_mux_b/mem_reg_1_i_41/O
                         net (fo=12, routed)          0.579    22.840    GEN_BRAM.u_core/alu_mux_b/ir_reg[14]
    SLICE_X11Y31         LUT2 (Prop_lut2_I0_O)        0.167    23.007 r  GEN_BRAM.u_core/alu_mux_b/mem_reg_1_i_19/O
                         net (fo=8, routed)           0.255    23.262    GEN_BRAM.u_core/reg_file/mem_reg_1_2
    SLICE_X11Y32         LUT6 (Prop_lut6_I0_O)        0.170    23.432 r  GEN_BRAM.u_core/reg_file/mem_reg_1_i_2/O
                         net (fo=1, routed)           0.393    23.825    GEN_BRAM.u_core/dmem/wdata[30]
    RAMB36_X0Y6          RAMB36E1                                     r  GEN_BRAM.u_core/dmem/mem_reg_1/DIADI[14]
  -------------------------------------------------------------------    -------------------

                         (clock sys_clk rise edge)   30.000    30.000 r  
    AD23                                              0.000    30.000 r  clk (IN)
                         net (fo=0)                   0.000    30.000    clk
    AD23                 IBUF (Prop_ibuf_I_O)         0.796    30.796 r  clk_IBUF_inst/O
                         net (fo=1, routed)           1.741    32.537    clk_IBUF
    BUFGCTRL_X0Y0        BUFG (Prop_bufg_I_O)         0.113    32.650 r  clk_IBUF_BUFG_inst/O
                         net (fo=350, routed)         1.571    34.221    GEN_BRAM.u_core/dmem/clk_IBUF_BUFG
    RAMB36_X0Y6          RAMB36E1                                     r  GEN_BRAM.u_core/dmem/mem_reg_1/CLKARDCLK
                         clock pessimism              0.256    34.477    
                         clock uncertainty           -0.035    34.442    
    RAMB36_X0Y6          RAMB36E1 (Setup_ramb36e1_CLKARDCLK_DIADI[14])
                                                     -0.204    34.238    GEN_BRAM.u_core/dmem/mem_reg_1
  -------------------------------------------------------------------
                         required time                         34.238    
                         arrival time                         -23.825    
  -------------------------------------------------------------------
                         slack                                 10.413    

Slack (MET) :             10.503ns  (required time - arrival time)
  Source:                 GEN_BRAM.u_core/ir_reg[15]/C
                            (rising edge-triggered cell FDCE clocked by sys_clk  {rise@0.000ns fall@15.000ns period=30.000ns})
  Destination:            GEN_BRAM.u_core/reg_file/registers_reg_r1_0_31_0_5/RAMC_D1/I
                            (rising edge-triggered cell RAMD32 clocked by sys_clk  {rise@0.000ns fall@15.000ns period=30.000ns})
  Path Group:             sys_clk
  Path Type:              Setup (Max at Slow Process Corner)
  Requirement:            30.000ns  (sys_clk rise@30.000ns - sys_clk rise@0.000ns)
  Data Path Delay:        19.325ns  (logic 4.992ns (25.832%)  route 14.333ns (74.168%))
  Logic Levels:           29  (CARRY4=11 LUT1=1 LUT2=1 LUT3=3 LUT4=3 LUT5=2 LUT6=6 MUXF7=1 RAMD32=1)
  Clock Path Skew:        0.037ns (DCD - SCD + CPR)
    Destination Clock Delay (DCD):    4.247ns = ( 34.247 - 30.000 ) 
    Source Clock Delay      (SCD):    4.467ns
    Clock Pessimism Removal (CPR):    0.256ns
  Clock Uncertainty:      0.035ns  ((TSJ^2 + TIJ^2)^1/2 + DJ) / 2 + PE
    Total System Jitter     (TSJ):    0.071ns
    Total Input Jitter      (TIJ):    0.000ns
    Discrete Jitter          (DJ):    0.000ns
    Phase Error              (PE):    0.000ns

    Location             Delay type                Incr(ns)  Path(ns)    Netlist Resource(s)
  -------------------------------------------------------------------    -------------------
                         (clock sys_clk rise edge)    0.000     0.000 r  
    AD23                                              0.000     0.000 r  clk (IN)
                         net (fo=0)                   0.000     0.000    clk
    AD23                 IBUF (Prop_ibuf_I_O)         0.873     0.873 r  clk_IBUF_inst/O
                         net (fo=1, routed)           1.830     2.703    clk_IBUF
    BUFGCTRL_X0Y0        BUFG (Prop_bufg_I_O)         0.120     2.823 r  clk_IBUF_BUFG_inst/O
                         net (fo=350, routed)         1.644     4.467    GEN_BRAM.u_core/clk_IBUF_BUFG
    SLICE_X10Y29         FDCE                                         r  GEN_BRAM.u_core/ir_reg[15]/C
  -------------------------------------------------------------------    -------------------
    SLICE_X10Y29         FDCE (Prop_fdce_C_Q)         0.308     4.775 r  GEN_BRAM.u_core/ir_reg[15]/Q
                         net (fo=97, routed)          1.596     6.370    GEN_BRAM.u_core/reg_file/registers_reg_r1_0_31_30_31__0/DPRA0
    SLICE_X6Y41          RAMD32 (Prop_ramd32_RADR0_O)
                                                      0.063     6.433 f  GEN_BRAM.u_core/reg_file/registers_reg_r1_0_31_30_31__0/DP/O
                         net (fo=11, routed)          0.935     7.368    GEN_BRAM.u_core/alu_mux_a/dataR10[31]
    SLICE_X8Y52          LUT4 (Prop_lut4_I1_O)        0.164     7.532 r  GEN_BRAM.u_core/alu_mux_a/u_adder_i_1/O
                         net (fo=85, routed)          1.082     8.615    GEN_BRAM.u_core/alu/u_mul/u_mul/GEN_VEDIC.u_mul/u2/a[17]
    SLICE_X12Y45         LUT6 (Prop_lut6_I1_O)        0.053     8.668 r  GEN_BRAM.u_core/alu/u_mul/u_mul/GEN_VEDIC.u_mul/u2/result[1]_INST_0_i_3/O
                         net (fo=56, routed)          1.662    10.329    GEN_BRAM.u_core/alu/u_mul/u_mul/GEN_VEDIC.u_mul/u0/mag_a[0]
    SLICE_X18Y27         LUT4 (Prop_lut4_I3_O)        0.068    10.397 r  GEN_BRAM.u_core/alu/u_mul/u_mul/GEN_VEDIC.u_mul/u0/result[3]_INST_0_i_23/O
                         net (fo=2, routed)           0.591    10.988    GEN_BRAM.u_core/alu/u_mul/u_mul/GEN_VEDIC.u_mul/u0/u0/u0/p2_2[1]
    SLICE_X19Y27         LUT3 (Prop_lut3_I1_O)        0.187    11.175 r  GEN_BRAM.u_core/alu/u_mul/u_mul/GEN_VEDIC.u_mul/u0/result[3]_INST_0_i_4/O
                         net (fo=2, routed)           0.296    11.472    GEN_BRAM.u_core/alu/u_mul/u_mul/GEN_VEDIC.u_mul/u0/result[3]_INST_0_i_4_n_0
    SLICE_X19Y27         CARRY4 (Prop_carry4_DI[2]_CO[3])
                                                      0.355    11.827 r  GEN_BRAM.u_core/alu/u_mul/u_mul/GEN_VEDIC.u_mul/u0/result[3]_INST_0_i_1/CO[3]
                         net (fo=1, routed)           0.000    11.827    GEN_BRAM.u_core/alu/u_mul/u_mul/GEN_VEDIC.u_mul/u0/result[3]_INST_0_i_1_n_0
    SLICE_X19Y28         CARRY4 (Prop_carry4_CI_O[0])
                                                      0.139    11.966 r  GEN_BRAM.u_core/alu/u_mul/u_mul/GEN_VEDIC.u_mul/u0/result[7]_INST_0_i_20/O[0]
                         net (fo=2, routed)           0.460    12.426    GEN_BRAM.u_core/alu/u_mul/u_mul/GEN_VEDIC.u_mul/u0/u0/p0_4[6]
    SLICE_X16Y28         LUT3 (Prop_lut3_I2_O)        0.165    12.591 r  GEN_BRAM.u_core/alu/u_mul/u_mul/GEN_VEDIC.u_mul/u0/result[7]_INST_0_i_3/O
                         net (fo=2, routed)           0.477    13.069    GEN_BRAM.u_core/alu/u_mul/u_mul/GEN_VEDIC.u_mul/u0/result[7]_INST_0_i_3_n_0
    SLICE_X16Y28         LUT4 (Prop_lut4_I3_O)        0.164    13.233 r  GEN_BRAM.u_core/alu/u_mul/u_mul/GEN_VEDIC.u_mul/u0/result[7]_INST_0_i_6/O
                         net (fo=1, routed)           0.000    13.233    GEN_BRAM.u_core/alu/u_mul/u_mul/GEN_VEDIC.u_mul/u0/result[7]_INST_0_i_6_n_0
    SLICE_X16Y28         CARRY4 (Prop_carry4_S[3]_CO[3])
                                                      0.216    13.449 r  GEN_BRAM.u_core/alu/u_mul/u_mul/GEN_VEDIC.u_mul/u0/result[7]_INST_0_i_1/CO[3]
                         net (fo=1, routed)           0.000    13.449    GEN_BRAM.u_core/alu/u_mul/u_mul/GEN_VEDIC.u_mul/u0/result[7]_INST_0_i_1_n_0
    SLICE_X16Y29         CARRY4 (Prop_carry4_CI_O[3])
                                                      0.181    13.630 r  GEN_BRAM.u_core/alu/u_mul/u_mul/GEN_VEDIC.u_mul/u0/product__0_carry_i_10/O[3]
                         net (fo=2, routed)           0.820    14.450    GEN_BRAM.u_core/alu/u_mul/u_mul/GEN_VEDIC.u_mul/u0/p0[11]
    SLICE_X16Y33         LUT3 (Prop_lut3_I2_O)        0.154    14.604 r  GEN_BRAM.u_core/alu/u_mul/u_mul/GEN_VEDIC.u_mul/u0/product__0_carry__0_i_4__2/O
                         net (fo=2, routed)           0.408    15.012    GEN_BRAM.u_core/alu/u_mul/u_mul/GEN_VEDIC.u_mul/u0/product__0_carry__0_i_4__2_n_0
    SLICE_X16Y34         CARRY4 (Prop_carry4_DI[0]_CO[3])
                                                      0.455    15.467 r  GEN_BRAM.u_core/alu/u_mul/u_mul/GEN_VEDIC.u_mul/u0/product__0_carry__0/CO[3]
                         net (fo=1, routed)           0.000    15.467    GEN_BRAM.u_core/alu/u_mul/u_mul/GEN_VEDIC.u_mul/u0/product__0_carry__0_n_0
    SLICE_X16Y35         CARRY4 (Prop_carry4_CI_O[0])
                                                      0.135    15.602 r  GEN_BRAM.u_core/alu/u_mul/u_mul/GEN_VEDIC.u_mul/u0/product__0_carry__1/O[0]
                         net (fo=2, routed)           0.752    16.353    GEN_BRAM.u_core/alu/u_mul/u_mul/GEN_VEDIC.u_mul/u0/p_1_in[16]
    SLICE_X17Y42         LUT5 (Prop_lut5_I4_O)        0.167    16.520 r  GEN_BRAM.u_core/alu/u_mul/u_mul/GEN_VEDIC.u_mul/u0/result[19]_INST_0_i_5/O
                         net (fo=2, routed)           0.481    17.002    GEN_BRAM.u_core/alu/u_mul/u_mul/GEN_VEDIC.u_mul/u0/result[19]_INST_0_i_5_n_0
    SLICE_X16Y42         CARRY4 (Prop_carry4_DI[1]_CO[3])
                                                      0.424    17.426 r  GEN_BRAM.u_core/alu/u_mul/u_mul/GEN_VEDIC.u_mul/u0/result[19]_INST_0_i_1/CO[3]
                         net (fo=1, routed)           0.000    17.426    GEN_BRAM.u_core/alu/u_mul/u_mul/GEN_VEDIC.u_mul/u0/result[19]_INST_0_i_1_n_0
    SLICE_X16Y43         CARRY4 (Prop_carry4_CI_CO[3])
                                                      0.060    17.486 r  GEN_BRAM.u_core/alu/u_mul/u_mul/GEN_VEDIC.u_mul/u0/result[23]_INST_0_i_1/CO[3]
                         net (fo=1, routed)           0.000    17.486    GEN_BRAM.u_core/alu/u_mul/u_mul/GEN_VEDIC.u_mul/u1/result[24]_INST_0[0]
    SLICE_X16Y44         CARRY4 (Prop_carry4_CI_O[1])
                                                      0.212    17.698 f  GEN_BRAM.u_core/alu/u_mul/u_mul/GEN_VEDIC.u_mul/u1/result[27]_INST_0_i_1/O[1]
                         net (fo=2, routed)           0.424    18.121    GEN_BRAM.u_core/alu/u_mul/u_mul/GEN_VEDIC.u_mul/u1/result[31]_INST_0_i_13_0[2]
    SLICE_X14Y45         LUT1 (Prop_lut1_I0_O)        0.155    18.276 r  GEN_BRAM.u_core/alu/u_mul/u_mul/GEN_VEDIC.u_mul/u1/result[0]_INST_0_i_11/O
                         net (fo=1, routed)           0.000    18.276    GEN_BRAM.u_core/alu/u_mul/u_mul/GEN_VEDIC.u_mul/u1/p_0_in[25]
    SLICE_X14Y45         CARRY4 (Prop_carry4_S[0]_CO[3])
                                                      0.297    18.573 r  GEN_BRAM.u_core/alu/u_mul/u_mul/GEN_VEDIC.u_mul/u1/result[0]_INST_0_i_2/CO[3]
                         net (fo=1, routed)           0.000    18.573    GEN_BRAM.u_core/alu/u_mul/u_mul/GEN_VEDIC.u_mul/u1/result[0]_INST_0_i_2_n_0
    SLICE_X14Y46         CARRY4 (Prop_carry4_CI_O[3])
                                                      0.181    18.754 f  GEN_BRAM.u_core/alu/u_mul/u_mul/GEN_VEDIC.u_mul/u1/result[0]_INST_0_i_1/O[3]
                         net (fo=1, routed)           0.419    19.173    GEN_BRAM.u_core/alu/u_mul/u_mul/GEN_VEDIC.u_mul/u1/signed_product0[32]
    SLICE_X13Y49         LUT6 (Prop_lut6_I5_O)        0.142    19.315 f  GEN_BRAM.u_core/alu/u_mul/u_mul/GEN_VEDIC.u_mul/u1/result[0]_INST_0/O
                         net (fo=1, routed)           0.413    19.728    GEN_BRAM.u_core/alu/mul_result[0]
    SLICE_X7Y49          LUT6 (Prop_lut6_I0_O)        0.053    19.781 f  GEN_BRAM.u_core/alu/debug_alu_out_OBUF[0]_inst_i_11/O
                         net (fo=1, routed)           0.000    19.781    GEN_BRAM.u_core/alu/debug_alu_out_OBUF[0]_inst_i_11_n_0
    SLICE_X7Y49          MUXF7 (Prop_muxf7_I1_O)      0.129    19.910 f  GEN_BRAM.u_core/alu/debug_alu_out_OBUF[0]_inst_i_4/O
                         net (fo=1, routed)           0.391    20.301    GEN_BRAM.u_core/alu/debug_alu_out_OBUF[0]_inst_i_4_n_0
    SLICE_X5Y50          LUT6 (Prop_lut6_I5_O)        0.153    20.454 f  GEN_BRAM.u_core/alu/debug_alu_out_OBUF[0]_inst_i_1/O
                         net (fo=11, routed)          1.321    21.775    GEN_BRAM.u_core/alu/D[0]
    SLICE_X8Y27          LUT2 (Prop_lut2_I1_O)        0.053    21.828 r  GEN_BRAM.u_core/alu/mem_reg_0_i_37/O
                         net (fo=26, routed)          0.823    22.651    GEN_BRAM.u_core/dmem/registers_reg_r1_0_31_6_11_i_10
    SLICE_X3Y31          LUT5 (Prop_lut5_I4_O)        0.053    22.704 r  GEN_BRAM.u_core/dmem/registers_reg_r1_0_31_0_5_i_40/O
                         net (fo=1, routed)           0.230    22.934    GEN_BRAM.u_core/wb_mux/registers_reg_r1_0_31_0_5_i_6_0
    SLICE_X1Y31          LUT6 (Prop_lut6_I5_O)        0.053    22.987 r  GEN_BRAM.u_core/wb_mux/registers_reg_r1_0_31_0_5_i_19/O
                         net (fo=1, routed)           0.362    23.349    GEN_BRAM.u_core/divider/wb_exec[5]
    SLICE_X2Y31          LUT6 (Prop_lut6_I5_O)        0.053    23.402 r  GEN_BRAM.u_core/divider/registers_reg_r1_0_31_0_5_i_6/O
                         net (fo=2, routed)           0.389    23.791    GEN_BRAM.u_core/reg_file/registers_reg_r1_0_31_0_5/DIC1
    SLICE_X6Y32          RAMD32                                       r  GEN_BRAM.u_core/reg_file/registers_reg_r1_0_31_0_5/RAMC_D1/I
  -------------------------------------------------------------------    -------------------

                         (clock sys_clk rise edge)   30.000    30.000 r  
    AD23                                              0.000    30.000 r  clk (IN)
                         net (fo=0)                   0.000    30.000    clk
    AD23                 IBUF (Prop_ibuf_I_O)         0.796    30.796 r  clk_IBUF_inst/O
                         net (fo=1, routed)           1.741    32.537    clk_IBUF
    BUFGCTRL_X0Y0        BUFG (Prop_bufg_I_O)         0.113    32.650 r  clk_IBUF_BUFG_inst/O
                         net (fo=350, routed)         1.597    34.247    GEN_BRAM.u_core/reg_file/registers_reg_r1_0_31_0_5/WCLK
    SLICE_X6Y32          RAMD32                                       r  GEN_BRAM.u_core/reg_file/registers_reg_r1_0_31_0_5/RAMC_D1/CLK
                         clock pessimism              0.256    34.504    
                         clock uncertainty           -0.035    34.468    
    SLICE_X6Y32          RAMD32 (Setup_ramd32_CLK_I)
                                                     -0.174    34.294    GEN_BRAM.u_core/reg_file/registers_reg_r1_0_31_0_5/RAMC_D1
  -------------------------------------------------------------------
                         required time                         34.294    
                         arrival time                         -23.791    
  -------------------------------------------------------------------
                         slack                                 10.503    

Slack (MET) :             10.519ns  (required time - arrival time)
  Source:                 GEN_BRAM.u_core/ir_reg[15]/C
                            (rising edge-triggered cell FDCE clocked by sys_clk  {rise@0.000ns fall@15.000ns period=30.000ns})
  Destination:            GEN_BRAM.u_core/reg_file/registers_reg_r2_0_31_0_5/RAMB/I
                            (rising edge-triggered cell RAMD32 clocked by sys_clk  {rise@0.000ns fall@15.000ns period=30.000ns})
  Path Group:             sys_clk
  Path Type:              Setup (Max at Slow Process Corner)
  Requirement:            30.000ns  (sys_clk rise@30.000ns - sys_clk rise@0.000ns)
  Data Path Delay:        19.351ns  (logic 4.992ns (25.796%)  route 14.359ns (74.204%))
  Logic Levels:           29  (CARRY4=11 LUT1=1 LUT2=1 LUT3=3 LUT4=3 LUT5=2 LUT6=6 MUXF7=1 RAMD32=1)
  Clock Path Skew:        0.035ns (DCD - SCD + CPR)
    Destination Clock Delay (DCD):    4.245ns = ( 34.245 - 30.000 ) 
    Source Clock Delay      (SCD):    4.467ns
    Clock Pessimism Removal (CPR):    0.256ns
  Clock Uncertainty:      0.035ns  ((TSJ^2 + TIJ^2)^1/2 + DJ) / 2 + PE
    Total System Jitter     (TSJ):    0.071ns
    Total Input Jitter      (TIJ):    0.000ns
    Discrete Jitter          (DJ):    0.000ns
    Phase Error              (PE):    0.000ns

    Location             Delay type                Incr(ns)  Path(ns)    Netlist Resource(s)
  -------------------------------------------------------------------    -------------------
                         (clock sys_clk rise edge)    0.000     0.000 r  
    AD23                                              0.000     0.000 r  clk (IN)
                         net (fo=0)                   0.000     0.000    clk
    AD23                 IBUF (Prop_ibuf_I_O)         0.873     0.873 r  clk_IBUF_inst/O
                         net (fo=1, routed)           1.830     2.703    clk_IBUF
    BUFGCTRL_X0Y0        BUFG (Prop_bufg_I_O)         0.120     2.823 r  clk_IBUF_BUFG_inst/O
                         net (fo=350, routed)         1.644     4.467    GEN_BRAM.u_core/clk_IBUF_BUFG
    SLICE_X10Y29         FDCE                                         r  GEN_BRAM.u_core/ir_reg[15]/C
  -------------------------------------------------------------------    -------------------
    SLICE_X10Y29         FDCE (Prop_fdce_C_Q)         0.308     4.775 r  GEN_BRAM.u_core/ir_reg[15]/Q
                         net (fo=97, routed)          1.596     6.370    GEN_BRAM.u_core/reg_file/registers_reg_r1_0_31_30_31__0/DPRA0
    SLICE_X6Y41          RAMD32 (Prop_ramd32_RADR0_O)
                                                      0.063     6.433 f  GEN_BRAM.u_core/reg_file/registers_reg_r1_0_31_30_31__0/DP/O
                         net (fo=11, routed)          0.935     7.368    GEN_BRAM.u_core/alu_mux_a/dataR10[31]
    SLICE_X8Y52          LUT4 (Prop_lut4_I1_O)        0.164     7.532 r  GEN_BRAM.u_core/alu_mux_a/u_adder_i_1/O
                         net (fo=85, routed)          1.082     8.615    GEN_BRAM.u_core/alu/u_mul/u_mul/GEN_VEDIC.u_mul/u2/a[17]
    SLICE_X12Y45         LUT6 (Prop_lut6_I1_O)        0.053     8.668 r  GEN_BRAM.u_core/alu/u_mul/u_mul/GEN_VEDIC.u_mul/u2/result[1]_INST_0_i_3/O
                         net (fo=56, routed)          1.662    10.329    GEN_BRAM.u_core/alu/u_mul/u_mul/GEN_VEDIC.u_mul/u0/mag_a[0]
    SLICE_X18Y27         LUT4 (Prop_lut4_I3_O)        0.068    10.397 r  GEN_BRAM.u_core/alu/u_mul/u_mul/GEN_VEDIC.u_mul/u0/result[3]_INST_0_i_23/O
                         net (fo=2, routed)           0.591    10.988    GEN_BRAM.u_core/alu/u_mul/u_mul/GEN_VEDIC.u_mul/u0/u0/u0/p2_2[1]
    SLICE_X19Y27         LUT3 (Prop_lut3_I1_O)        0.187    11.175 r  GEN_BRAM.u_core/alu/u_mul/u_mul/GEN_VEDIC.u_mul/u0/result[3]_INST_0_i_4/O
                         net (fo=2, routed)           0.296    11.472    GEN_BRAM.u_core/alu/u_mul/u_mul/GEN_VEDIC.u_mul/u0/result[3]_INST_0_i_4_n_0
    SLICE_X19Y27         CARRY4 (Prop_carry4_DI[2]_CO[3])
                                                      0.355    11.827 r  GEN_BRAM.u_core/alu/u_mul/u_mul/GEN_VEDIC.u_mul/u0/result[3]_INST_0_i_1/CO[3]
                         net (fo=1, routed)           0.000    11.827    GEN_BRAM.u_core/alu/u_mul/u_mul/GEN_VEDIC.u_mul/u0/result[3]_INST_0_i_1_n_0
    SLICE_X19Y28         CARRY4 (Prop_carry4_CI_O[0])
                                                      0.139    11.966 r  GEN_BRAM.u_core/alu/u_mul/u_mul/GEN_VEDIC.u_mul/u0/result[7]_INST_0_i_20/O[0]
                         net (fo=2, routed)           0.460    12.426    GEN_BRAM.u_core/alu/u_mul/u_mul/GEN_VEDIC.u_mul/u0/u0/p0_4[6]
    SLICE_X16Y28         LUT3 (Prop_lut3_I2_O)        0.165    12.591 r  GEN_BRAM.u_core/alu/u_mul/u_mul/GEN_VEDIC.u_mul/u0/result[7]_INST_0_i_3/O
                         net (fo=2, routed)           0.477    13.069    GEN_BRAM.u_core/alu/u_mul/u_mul/GEN_VEDIC.u_mul/u0/result[7]_INST_0_i_3_n_0
    SLICE_X16Y28         LUT4 (Prop_lut4_I3_O)        0.164    13.233 r  GEN_BRAM.u_core/alu/u_mul/u_mul/GEN_VEDIC.u_mul/u0/result[7]_INST_0_i_6/O
                         net (fo=1, routed)           0.000    13.233    GEN_BRAM.u_core/alu/u_mul/u_mul/GEN_VEDIC.u_mul/u0/result[7]_INST_0_i_6_n_0
    SLICE_X16Y28         CARRY4 (Prop_carry4_S[3]_CO[3])
                                                      0.216    13.449 r  GEN_BRAM.u_core/alu/u_mul/u_mul/GEN_VEDIC.u_mul/u0/result[7]_INST_0_i_1/CO[3]
                         net (fo=1, routed)           0.000    13.449    GEN_BRAM.u_core/alu/u_mul/u_mul/GEN_VEDIC.u_mul/u0/result[7]_INST_0_i_1_n_0
    SLICE_X16Y29         CARRY4 (Prop_carry4_CI_O[3])
                                                      0.181    13.630 r  GEN_BRAM.u_core/alu/u_mul/u_mul/GEN_VEDIC.u_mul/u0/product__0_carry_i_10/O[3]
                         net (fo=2, routed)           0.820    14.450    GEN_BRAM.u_core/alu/u_mul/u_mul/GEN_VEDIC.u_mul/u0/p0[11]
    SLICE_X16Y33         LUT3 (Prop_lut3_I2_O)        0.154    14.604 r  GEN_BRAM.u_core/alu/u_mul/u_mul/GEN_VEDIC.u_mul/u0/product__0_carry__0_i_4__2/O
                         net (fo=2, routed)           0.408    15.012    GEN_BRAM.u_core/alu/u_mul/u_mul/GEN_VEDIC.u_mul/u0/product__0_carry__0_i_4__2_n_0
    SLICE_X16Y34         CARRY4 (Prop_carry4_DI[0]_CO[3])
                                                      0.455    15.467 r  GEN_BRAM.u_core/alu/u_mul/u_mul/GEN_VEDIC.u_mul/u0/product__0_carry__0/CO[3]
                         net (fo=1, routed)           0.000    15.467    GEN_BRAM.u_core/alu/u_mul/u_mul/GEN_VEDIC.u_mul/u0/product__0_carry__0_n_0
    SLICE_X16Y35         CARRY4 (Prop_carry4_CI_O[0])
                                                      0.135    15.602 r  GEN_BRAM.u_core/alu/u_mul/u_mul/GEN_VEDIC.u_mul/u0/product__0_carry__1/O[0]
                         net (fo=2, routed)           0.752    16.353    GEN_BRAM.u_core/alu/u_mul/u_mul/GEN_VEDIC.u_mul/u0/p_1_in[16]
    SLICE_X17Y42         LUT5 (Prop_lut5_I4_O)        0.167    16.520 r  GEN_BRAM.u_core/alu/u_mul/u_mul/GEN_VEDIC.u_mul/u0/result[19]_INST_0_i_5/O
                         net (fo=2, routed)           0.481    17.002    GEN_BRAM.u_core/alu/u_mul/u_mul/GEN_VEDIC.u_mul/u0/result[19]_INST_0_i_5_n_0
    SLICE_X16Y42         CARRY4 (Prop_carry4_DI[1]_CO[3])
                                                      0.424    17.426 r  GEN_BRAM.u_core/alu/u_mul/u_mul/GEN_VEDIC.u_mul/u0/result[19]_INST_0_i_1/CO[3]
                         net (fo=1, routed)           0.000    17.426    GEN_BRAM.u_core/alu/u_mul/u_mul/GEN_VEDIC.u_mul/u0/result[19]_INST_0_i_1_n_0
    SLICE_X16Y43         CARRY4 (Prop_carry4_CI_CO[3])
                                                      0.060    17.486 r  GEN_BRAM.u_core/alu/u_mul/u_mul/GEN_VEDIC.u_mul/u0/result[23]_INST_0_i_1/CO[3]
                         net (fo=1, routed)           0.000    17.486    GEN_BRAM.u_core/alu/u_mul/u_mul/GEN_VEDIC.u_mul/u1/result[24]_INST_0[0]
    SLICE_X16Y44         CARRY4 (Prop_carry4_CI_O[1])
                                                      0.212    17.698 f  GEN_BRAM.u_core/alu/u_mul/u_mul/GEN_VEDIC.u_mul/u1/result[27]_INST_0_i_1/O[1]
                         net (fo=2, routed)           0.424    18.121    GEN_BRAM.u_core/alu/u_mul/u_mul/GEN_VEDIC.u_mul/u1/result[31]_INST_0_i_13_0[2]
    SLICE_X14Y45         LUT1 (Prop_lut1_I0_O)        0.155    18.276 r  GEN_BRAM.u_core/alu/u_mul/u_mul/GEN_VEDIC.u_mul/u1/result[0]_INST_0_i_11/O
                         net (fo=1, routed)           0.000    18.276    GEN_BRAM.u_core/alu/u_mul/u_mul/GEN_VEDIC.u_mul/u1/p_0_in[25]
    SLICE_X14Y45         CARRY4 (Prop_carry4_S[0]_CO[3])
                                                      0.297    18.573 r  GEN_BRAM.u_core/alu/u_mul/u_mul/GEN_VEDIC.u_mul/u1/result[0]_INST_0_i_2/CO[3]
                         net (fo=1, routed)           0.000    18.573    GEN_BRAM.u_core/alu/u_mul/u_mul/GEN_VEDIC.u_mul/u1/result[0]_INST_0_i_2_n_0
    SLICE_X14Y46         CARRY4 (Prop_carry4_CI_O[3])
                                                      0.181    18.754 f  GEN_BRAM.u_core/alu/u_mul/u_mul/GEN_VEDIC.u_mul/u1/result[0]_INST_0_i_1/O[3]
                         net (fo=1, routed)           0.419    19.173    GEN_BRAM.u_core/alu/u_mul/u_mul/GEN_VEDIC.u_mul/u1/signed_product0[32]
    SLICE_X13Y49         LUT6 (Prop_lut6_I5_O)        0.142    19.315 f  GEN_BRAM.u_core/alu/u_mul/u_mul/GEN_VEDIC.u_mul/u1/result[0]_INST_0/O
                         net (fo=1, routed)           0.413    19.728    GEN_BRAM.u_core/alu/mul_result[0]
    SLICE_X7Y49          LUT6 (Prop_lut6_I0_O)        0.053    19.781 f  GEN_BRAM.u_core/alu/debug_alu_out_OBUF[0]_inst_i_11/O
                         net (fo=1, routed)           0.000    19.781    GEN_BRAM.u_core/alu/debug_alu_out_OBUF[0]_inst_i_11_n_0
    SLICE_X7Y49          MUXF7 (Prop_muxf7_I1_O)      0.129    19.910 f  GEN_BRAM.u_core/alu/debug_alu_out_OBUF[0]_inst_i_4/O
                         net (fo=1, routed)           0.391    20.301    GEN_BRAM.u_core/alu/debug_alu_out_OBUF[0]_inst_i_4_n_0
    SLICE_X5Y50          LUT6 (Prop_lut6_I5_O)        0.153    20.454 f  GEN_BRAM.u_core/alu/debug_alu_out_OBUF[0]_inst_i_1/O
                         net (fo=11, routed)          1.321    21.775    GEN_BRAM.u_core/alu/D[0]
    SLICE_X8Y27          LUT2 (Prop_lut2_I1_O)        0.053    21.828 r  GEN_BRAM.u_core/alu/mem_reg_0_i_37/O
                         net (fo=26, routed)          0.816    22.644    GEN_BRAM.u_core/dmem/registers_reg_r1_0_31_6_11_i_10
    SLICE_X3Y31          LUT5 (Prop_lut5_I4_O)        0.053    22.697 r  GEN_BRAM.u_core/dmem/registers_reg_r1_0_31_0_5_i_37/O
                         net (fo=1, routed)           0.408    23.105    GEN_BRAM.u_core/wb_mux/registers_reg_r1_0_31_0_5_i_5_0
    SLICE_X3Y31          LUT6 (Prop_lut6_I5_O)        0.053    23.158 r  GEN_BRAM.u_core/wb_mux/registers_reg_r1_0_31_0_5_i_17/O
                         net (fo=1, routed)           0.234    23.392    GEN_BRAM.u_core/divider/wb_exec[2]
    SLICE_X5Y31          LUT6 (Prop_lut6_I5_O)        0.053    23.445 r  GEN_BRAM.u_core/divider/registers_reg_r1_0_31_0_5_i_5/O
                         net (fo=2, routed)           0.373    23.818    GEN_BRAM.u_core/reg_file/registers_reg_r2_0_31_0_5/DIB0
    SLICE_X6Y31          RAMD32                                       r  GEN_BRAM.u_core/reg_file/registers_reg_r2_0_31_0_5/RAMB/I
  -------------------------------------------------------------------    -------------------

                         (clock sys_clk rise edge)   30.000    30.000 r  
    AD23                                              0.000    30.000 r  clk (IN)
                         net (fo=0)                   0.000    30.000    clk
    AD23                 IBUF (Prop_ibuf_I_O)         0.796    30.796 r  clk_IBUF_inst/O
                         net (fo=1, routed)           1.741    32.537    clk_IBUF
    BUFGCTRL_X0Y0        BUFG (Prop_bufg_I_O)         0.113    32.650 r  clk_IBUF_BUFG_inst/O
                         net (fo=350, routed)         1.595    34.245    GEN_BRAM.u_core/reg_file/registers_reg_r2_0_31_0_5/WCLK
    SLICE_X6Y31          RAMD32                                       r  GEN_BRAM.u_core/reg_file/registers_reg_r2_0_31_0_5/RAMB/CLK
                         clock pessimism              0.256    34.502    
                         clock uncertainty           -0.035    34.466    
    SLICE_X6Y31          RAMD32 (Setup_ramd32_CLK_I)
                                                     -0.129    34.337    GEN_BRAM.u_core/reg_file/registers_reg_r2_0_31_0_5/RAMB
  -------------------------------------------------------------------
                         required time                         34.337    
                         arrival time                         -23.818    
  -------------------------------------------------------------------
                         slack                                 10.519    

Slack (MET) :             10.526ns  (required time - arrival time)
  Source:                 GEN_BRAM.u_core/ir_reg[15]/C
                            (rising edge-triggered cell FDCE clocked by sys_clk  {rise@0.000ns fall@15.000ns period=30.000ns})
  Destination:            GEN_BRAM.u_core/reg_file/registers_reg_r1_0_31_0_5/RAMA_D1/I
                            (rising edge-triggered cell RAMD32 clocked by sys_clk  {rise@0.000ns fall@15.000ns period=30.000ns})
  Path Group:             sys_clk
  Path Type:              Setup (Max at Slow Process Corner)
  Requirement:            30.000ns  (sys_clk rise@30.000ns - sys_clk rise@0.000ns)
  Data Path Delay:        19.309ns  (logic 4.992ns (25.853%)  route 14.317ns (74.147%))
  Logic Levels:           29  (CARRY4=11 LUT1=1 LUT2=1 LUT3=3 LUT4=3 LUT5=2 LUT6=6 MUXF7=1 RAMD32=1)
  Clock Path Skew:        0.037ns (DCD - SCD + CPR)
    Destination Clock Delay (DCD):    4.247ns = ( 34.247 - 30.000 ) 
    Source Clock Delay      (SCD):    4.467ns
    Clock Pessimism Removal (CPR):    0.256ns
  Clock Uncertainty:      0.035ns  ((TSJ^2 + TIJ^2)^1/2 + DJ) / 2 + PE
    Total System Jitter     (TSJ):    0.071ns
    Total Input Jitter      (TIJ):    0.000ns
    Discrete Jitter          (DJ):    0.000ns
    Phase Error              (PE):    0.000ns

    Location             Delay type                Incr(ns)  Path(ns)    Netlist Resource(s)
  -------------------------------------------------------------------    -------------------
                         (clock sys_clk rise edge)    0.000     0.000 r  
    AD23                                              0.000     0.000 r  clk (IN)
                         net (fo=0)                   0.000     0.000    clk
    AD23                 IBUF (Prop_ibuf_I_O)         0.873     0.873 r  clk_IBUF_inst/O
                         net (fo=1, routed)           1.830     2.703    clk_IBUF
    BUFGCTRL_X0Y0        BUFG (Prop_bufg_I_O)         0.120     2.823 r  clk_IBUF_BUFG_inst/O
                         net (fo=350, routed)         1.644     4.467    GEN_BRAM.u_core/clk_IBUF_BUFG
    SLICE_X10Y29         FDCE                                         r  GEN_BRAM.u_core/ir_reg[15]/C
  -------------------------------------------------------------------    -------------------
    SLICE_X10Y29         FDCE (Prop_fdce_C_Q)         0.308     4.775 r  GEN_BRAM.u_core/ir_reg[15]/Q
                         net (fo=97, routed)          1.596     6.370    GEN_BRAM.u_core/reg_file/registers_reg_r1_0_31_30_31__0/DPRA0
    SLICE_X6Y41          RAMD32 (Prop_ramd32_RADR0_O)
                                                      0.063     6.433 f  GEN_BRAM.u_core/reg_file/registers_reg_r1_0_31_30_31__0/DP/O
                         net (fo=11, routed)          0.935     7.368    GEN_BRAM.u_core/alu_mux_a/dataR10[31]
    SLICE_X8Y52          LUT4 (Prop_lut4_I1_O)        0.164     7.532 r  GEN_BRAM.u_core/alu_mux_a/u_adder_i_1/O
                         net (fo=85, routed)          1.082     8.615    GEN_BRAM.u_core/alu/u_mul/u_mul/GEN_VEDIC.u_mul/u2/a[17]
    SLICE_X12Y45         LUT6 (Prop_lut6_I1_O)        0.053     8.668 r  GEN_BRAM.u_core/alu/u_mul/u_mul/GEN_VEDIC.u_mul/u2/result[1]_INST_0_i_3/O
                         net (fo=56, routed)          1.662    10.329    GEN_BRAM.u_core/alu/u_mul/u_mul/GEN_VEDIC.u_mul/u0/mag_a[0]
    SLICE_X18Y27         LUT4 (Prop_lut4_I3_O)        0.068    10.397 r  GEN_BRAM.u_core/alu/u_mul/u_mul/GEN_VEDIC.u_mul/u0/result[3]_INST_0_i_23/O
                         net (fo=2, routed)           0.591    10.988    GEN_BRAM.u_core/alu/u_mul/u_mul/GEN_VEDIC.u_mul/u0/u0/u0/p2_2[1]
    SLICE_X19Y27         LUT3 (Prop_lut3_I1_O)        0.187    11.175 r  GEN_BRAM.u_core/alu/u_mul/u_mul/GEN_VEDIC.u_mul/u0/result[3]_INST_0_i_4/O
                         net (fo=2, routed)           0.296    11.472    GEN_BRAM.u_core/alu/u_mul/u_mul/GEN_VEDIC.u_mul/u0/result[3]_INST_0_i_4_n_0
    SLICE_X19Y27         CARRY4 (Prop_carry4_DI[2]_CO[3])
                                                      0.355    11.827 r  GEN_BRAM.u_core/alu/u_mul/u_mul/GEN_VEDIC.u_mul/u0/result[3]_INST_0_i_1/CO[3]
                         net (fo=1, routed)           0.000    11.827    GEN_BRAM.u_core/alu/u_mul/u_mul/GEN_VEDIC.u_mul/u0/result[3]_INST_0_i_1_n_0
    SLICE_X19Y28         CARRY4 (Prop_carry4_CI_O[0])
                                                      0.139    11.966 r  GEN_BRAM.u_core/alu/u_mul/u_mul/GEN_VEDIC.u_mul/u0/result[7]_INST_0_i_20/O[0]
                         net (fo=2, routed)           0.460    12.426    GEN_BRAM.u_core/alu/u_mul/u_mul/GEN_VEDIC.u_mul/u0/u0/p0_4[6]
    SLICE_X16Y28         LUT3 (Prop_lut3_I2_O)        0.165    12.591 r  GEN_BRAM.u_core/alu/u_mul/u_mul/GEN_VEDIC.u_mul/u0/result[7]_INST_0_i_3/O
                         net (fo=2, routed)           0.477    13.069    GEN_BRAM.u_core/alu/u_mul/u_mul/GEN_VEDIC.u_mul/u0/result[7]_INST_0_i_3_n_0
    SLICE_X16Y28         LUT4 (Prop_lut4_I3_O)        0.164    13.233 r  GEN_BRAM.u_core/alu/u_mul/u_mul/GEN_VEDIC.u_mul/u0/result[7]_INST_0_i_6/O
                         net (fo=1, routed)           0.000    13.233    GEN_BRAM.u_core/alu/u_mul/u_mul/GEN_VEDIC.u_mul/u0/result[7]_INST_0_i_6_n_0
    SLICE_X16Y28         CARRY4 (Prop_carry4_S[3]_CO[3])
                                                      0.216    13.449 r  GEN_BRAM.u_core/alu/u_mul/u_mul/GEN_VEDIC.u_mul/u0/result[7]_INST_0_i_1/CO[3]
                         net (fo=1, routed)           0.000    13.449    GEN_BRAM.u_core/alu/u_mul/u_mul/GEN_VEDIC.u_mul/u0/result[7]_INST_0_i_1_n_0
    SLICE_X16Y29         CARRY4 (Prop_carry4_CI_O[3])
                                                      0.181    13.630 r  GEN_BRAM.u_core/alu/u_mul/u_mul/GEN_VEDIC.u_mul/u0/product__0_carry_i_10/O[3]
                         net (fo=2, routed)           0.820    14.450    GEN_BRAM.u_core/alu/u_mul/u_mul/GEN_VEDIC.u_mul/u0/p0[11]
    SLICE_X16Y33         LUT3 (Prop_lut3_I2_O)        0.154    14.604 r  GEN_BRAM.u_core/alu/u_mul/u_mul/GEN_VEDIC.u_mul/u0/product__0_carry__0_i_4__2/O
                         net (fo=2, routed)           0.408    15.012    GEN_BRAM.u_core/alu/u_mul/u_mul/GEN_VEDIC.u_mul/u0/product__0_carry__0_i_4__2_n_0
    SLICE_X16Y34         CARRY4 (Prop_carry4_DI[0]_CO[3])
                                                      0.455    15.467 r  GEN_BRAM.u_core/alu/u_mul/u_mul/GEN_VEDIC.u_mul/u0/product__0_carry__0/CO[3]
                         net (fo=1, routed)           0.000    15.467    GEN_BRAM.u_core/alu/u_mul/u_mul/GEN_VEDIC.u_mul/u0/product__0_carry__0_n_0
    SLICE_X16Y35         CARRY4 (Prop_carry4_CI_O[0])
                                                      0.135    15.602 r  GEN_BRAM.u_core/alu/u_mul/u_mul/GEN_VEDIC.u_mul/u0/product__0_carry__1/O[0]
                         net (fo=2, routed)           0.752    16.353    GEN_BRAM.u_core/alu/u_mul/u_mul/GEN_VEDIC.u_mul/u0/p_1_in[16]
    SLICE_X17Y42         LUT5 (Prop_lut5_I4_O)        0.167    16.520 r  GEN_BRAM.u_core/alu/u_mul/u_mul/GEN_VEDIC.u_mul/u0/result[19]_INST_0_i_5/O
                         net (fo=2, routed)           0.481    17.002    GEN_BRAM.u_core/alu/u_mul/u_mul/GEN_VEDIC.u_mul/u0/result[19]_INST_0_i_5_n_0
    SLICE_X16Y42         CARRY4 (Prop_carry4_DI[1]_CO[3])
                                                      0.424    17.426 r  GEN_BRAM.u_core/alu/u_mul/u_mul/GEN_VEDIC.u_mul/u0/result[19]_INST_0_i_1/CO[3]
                         net (fo=1, routed)           0.000    17.426    GEN_BRAM.u_core/alu/u_mul/u_mul/GEN_VEDIC.u_mul/u0/result[19]_INST_0_i_1_n_0
    SLICE_X16Y43         CARRY4 (Prop_carry4_CI_CO[3])
                                                      0.060    17.486 r  GEN_BRAM.u_core/alu/u_mul/u_mul/GEN_VEDIC.u_mul/u0/result[23]_INST_0_i_1/CO[3]
                         net (fo=1, routed)           0.000    17.486    GEN_BRAM.u_core/alu/u_mul/u_mul/GEN_VEDIC.u_mul/u1/result[24]_INST_0[0]
    SLICE_X16Y44         CARRY4 (Prop_carry4_CI_O[1])
                                                      0.212    17.698 f  GEN_BRAM.u_core/alu/u_mul/u_mul/GEN_VEDIC.u_mul/u1/result[27]_INST_0_i_1/O[1]
                         net (fo=2, routed)           0.424    18.121    GEN_BRAM.u_core/alu/u_mul/u_mul/GEN_VEDIC.u_mul/u1/result[31]_INST_0_i_13_0[2]
    SLICE_X14Y45         LUT1 (Prop_lut1_I0_O)        0.155    18.276 r  GEN_BRAM.u_core/alu/u_mul/u_mul/GEN_VEDIC.u_mul/u1/result[0]_INST_0_i_11/O
                         net (fo=1, routed)           0.000    18.276    GEN_BRAM.u_core/alu/u_mul/u_mul/GEN_VEDIC.u_mul/u1/p_0_in[25]
    SLICE_X14Y45         CARRY4 (Prop_carry4_S[0]_CO[3])
                                                      0.297    18.573 r  GEN_BRAM.u_core/alu/u_mul/u_mul/GEN_VEDIC.u_mul/u1/result[0]_INST_0_i_2/CO[3]
                         net (fo=1, routed)           0.000    18.573    GEN_BRAM.u_core/alu/u_mul/u_mul/GEN_VEDIC.u_mul/u1/result[0]_INST_0_i_2_n_0
    SLICE_X14Y46         CARRY4 (Prop_carry4_CI_O[3])
                                                      0.181    18.754 f  GEN_BRAM.u_core/alu/u_mul/u_mul/GEN_VEDIC.u_mul/u1/result[0]_INST_0_i_1/O[3]
                         net (fo=1, routed)           0.419    19.173    GEN_BRAM.u_core/alu/u_mul/u_mul/GEN_VEDIC.u_mul/u1/signed_product0[32]
    SLICE_X13Y49         LUT6 (Prop_lut6_I5_O)        0.142    19.315 f  GEN_BRAM.u_core/alu/u_mul/u_mul/GEN_VEDIC.u_mul/u1/result[0]_INST_0/O
                         net (fo=1, routed)           0.413    19.728    GEN_BRAM.u_core/alu/mul_result[0]
    SLICE_X7Y49          LUT6 (Prop_lut6_I0_O)        0.053    19.781 f  GEN_BRAM.u_core/alu/debug_alu_out_OBUF[0]_inst_i_11/O
                         net (fo=1, routed)           0.000    19.781    GEN_BRAM.u_core/alu/debug_alu_out_OBUF[0]_inst_i_11_n_0
    SLICE_X7Y49          MUXF7 (Prop_muxf7_I1_O)      0.129    19.910 f  GEN_BRAM.u_core/alu/debug_alu_out_OBUF[0]_inst_i_4/O
                         net (fo=1, routed)           0.391    20.301    GEN_BRAM.u_core/alu/debug_alu_out_OBUF[0]_inst_i_4_n_0
    SLICE_X5Y50          LUT6 (Prop_lut6_I5_O)        0.153    20.454 f  GEN_BRAM.u_core/alu/debug_alu_out_OBUF[0]_inst_i_1/O
                         net (fo=11, routed)          1.321    21.775    GEN_BRAM.u_core/alu/D[0]
    SLICE_X8Y27          LUT2 (Prop_lut2_I1_O)        0.053    21.828 r  GEN_BRAM.u_core/alu/mem_reg_0_i_37/O
                         net (fo=26, routed)          0.638    22.466    GEN_BRAM.u_core/dmem/registers_reg_r1_0_31_6_11_i_10
    SLICE_X5Y30          LUT5 (Prop_lut5_I4_O)        0.053    22.519 r  GEN_BRAM.u_core/dmem/registers_reg_r1_0_31_0_5_i_27/O
                         net (fo=1, routed)           0.293    22.813    GEN_BRAM.u_core/wb_mux/registers_reg_r1_0_31_0_5_i_2_0
    SLICE_X5Y30          LUT6 (Prop_lut6_I5_O)        0.053    22.866 r  GEN_BRAM.u_core/wb_mux/registers_reg_r1_0_31_0_5_i_11/O
                         net (fo=1, routed)           0.446    23.312    GEN_BRAM.u_core/divider/wb_exec[1]
    SLICE_X5Y31          LUT6 (Prop_lut6_I5_O)        0.053    23.365 r  GEN_BRAM.u_core/divider/registers_reg_r1_0_31_0_5_i_2/O
                         net (fo=2, routed)           0.411    23.776    GEN_BRAM.u_core/reg_file/registers_reg_r1_0_31_0_5/DIA1
    SLICE_X6Y32          RAMD32                                       r  GEN_BRAM.u_core/reg_file/registers_reg_r1_0_31_0_5/RAMA_D1/I
  -------------------------------------------------------------------    -------------------

                         (clock sys_clk rise edge)   30.000    30.000 r  
    AD23                                              0.000    30.000 r  clk (IN)
                         net (fo=0)                   0.000    30.000    clk
    AD23                 IBUF (Prop_ibuf_I_O)         0.796    30.796 r  clk_IBUF_inst/O
                         net (fo=1, routed)           1.741    32.537    clk_IBUF
    BUFGCTRL_X0Y0        BUFG (Prop_bufg_I_O)         0.113    32.650 r  clk_IBUF_BUFG_inst/O
                         net (fo=350, routed)         1.597    34.247    GEN_BRAM.u_core/reg_file/registers_reg_r1_0_31_0_5/WCLK
    SLICE_X6Y32          RAMD32                                       r  GEN_BRAM.u_core/reg_file/registers_reg_r1_0_31_0_5/RAMA_D1/CLK
                         clock pessimism              0.256    34.504    
                         clock uncertainty           -0.035    34.468    
    SLICE_X6Y32          RAMD32 (Setup_ramd32_CLK_I)
                                                     -0.166    34.302    GEN_BRAM.u_core/reg_file/registers_reg_r1_0_31_0_5/RAMA_D1
  -------------------------------------------------------------------
                         required time                         34.302    
                         arrival time                         -23.776    
  -------------------------------------------------------------------
                         slack                                 10.526    

Slack (MET) :             10.566ns  (required time - arrival time)
  Source:                 GEN_BRAM.u_core/ir_reg[15]/C
                            (rising edge-triggered cell FDCE clocked by sys_clk  {rise@0.000ns fall@15.000ns period=30.000ns})
  Destination:            GEN_BRAM.u_core/reg_file/registers_reg_r2_0_31_0_5/RAMA_D1/I
                            (rising edge-triggered cell RAMD32 clocked by sys_clk  {rise@0.000ns fall@15.000ns period=30.000ns})
  Path Group:             sys_clk
  Path Type:              Setup (Max at Slow Process Corner)
  Requirement:            30.000ns  (sys_clk rise@30.000ns - sys_clk rise@0.000ns)
  Data Path Delay:        19.268ns  (logic 4.992ns (25.908%)  route 14.276ns (74.092%))
  Logic Levels:           29  (CARRY4=11 LUT1=1 LUT2=1 LUT3=3 LUT4=3 LUT5=2 LUT6=6 MUXF7=1 RAMD32=1)
  Clock Path Skew:        0.035ns (DCD - SCD + CPR)
    Destination Clock Delay (DCD):    4.245ns = ( 34.245 - 30.000 ) 
    Source Clock Delay      (SCD):    4.467ns
    Clock Pessimism Removal (CPR):    0.256ns
  Clock Uncertainty:      0.035ns  ((TSJ^2 + TIJ^2)^1/2 + DJ) / 2 + PE
    Total System Jitter     (TSJ):    0.071ns
    Total Input Jitter      (TIJ):    0.000ns
    Discrete Jitter          (DJ):    0.000ns
    Phase Error              (PE):    0.000ns

    Location             Delay type                Incr(ns)  Path(ns)    Netlist Resource(s)
  -------------------------------------------------------------------    -------------------
                         (clock sys_clk rise edge)    0.000     0.000 r  
    AD23                                              0.000     0.000 r  clk (IN)
                         net (fo=0)                   0.000     0.000    clk
    AD23                 IBUF (Prop_ibuf_I_O)         0.873     0.873 r  clk_IBUF_inst/O
                         net (fo=1, routed)           1.830     2.703    clk_IBUF
    BUFGCTRL_X0Y0        BUFG (Prop_bufg_I_O)         0.120     2.823 r  clk_IBUF_BUFG_inst/O
                         net (fo=350, routed)         1.644     4.467    GEN_BRAM.u_core/clk_IBUF_BUFG
    SLICE_X10Y29         FDCE                                         r  GEN_BRAM.u_core/ir_reg[15]/C
  -------------------------------------------------------------------    -------------------
    SLICE_X10Y29         FDCE (Prop_fdce_C_Q)         0.308     4.775 r  GEN_BRAM.u_core/ir_reg[15]/Q
                         net (fo=97, routed)          1.596     6.370    GEN_BRAM.u_core/reg_file/registers_reg_r1_0_31_30_31__0/DPRA0
    SLICE_X6Y41          RAMD32 (Prop_ramd32_RADR0_O)
                                                      0.063     6.433 f  GEN_BRAM.u_core/reg_file/registers_reg_r1_0_31_30_31__0/DP/O
                         net (fo=11, routed)          0.935     7.368    GEN_BRAM.u_core/alu_mux_a/dataR10[31]
    SLICE_X8Y52          LUT4 (Prop_lut4_I1_O)        0.164     7.532 r  GEN_BRAM.u_core/alu_mux_a/u_adder_i_1/O
                         net (fo=85, routed)          1.082     8.615    GEN_BRAM.u_core/alu/u_mul/u_mul/GEN_VEDIC.u_mul/u2/a[17]
    SLICE_X12Y45         LUT6 (Prop_lut6_I1_O)        0.053     8.668 r  GEN_BRAM.u_core/alu/u_mul/u_mul/GEN_VEDIC.u_mul/u2/result[1]_INST_0_i_3/O
                         net (fo=56, routed)          1.662    10.329    GEN_BRAM.u_core/alu/u_mul/u_mul/GEN_VEDIC.u_mul/u0/mag_a[0]
    SLICE_X18Y27         LUT4 (Prop_lut4_I3_O)        0.068    10.397 r  GEN_BRAM.u_core/alu/u_mul/u_mul/GEN_VEDIC.u_mul/u0/result[3]_INST_0_i_23/O
                         net (fo=2, routed)           0.591    10.988    GEN_BRAM.u_core/alu/u_mul/u_mul/GEN_VEDIC.u_mul/u0/u0/u0/p2_2[1]
    SLICE_X19Y27         LUT3 (Prop_lut3_I1_O)        0.187    11.175 r  GEN_BRAM.u_core/alu/u_mul/u_mul/GEN_VEDIC.u_mul/u0/result[3]_INST_0_i_4/O
                         net (fo=2, routed)           0.296    11.472    GEN_BRAM.u_core/alu/u_mul/u_mul/GEN_VEDIC.u_mul/u0/result[3]_INST_0_i_4_n_0
    SLICE_X19Y27         CARRY4 (Prop_carry4_DI[2]_CO[3])
                                                      0.355    11.827 r  GEN_BRAM.u_core/alu/u_mul/u_mul/GEN_VEDIC.u_mul/u0/result[3]_INST_0_i_1/CO[3]
                         net (fo=1, routed)           0.000    11.827    GEN_BRAM.u_core/alu/u_mul/u_mul/GEN_VEDIC.u_mul/u0/result[3]_INST_0_i_1_n_0
    SLICE_X19Y28         CARRY4 (Prop_carry4_CI_O[0])
                                                      0.139    11.966 r  GEN_BRAM.u_core/alu/u_mul/u_mul/GEN_VEDIC.u_mul/u0/result[7]_INST_0_i_20/O[0]
                         net (fo=2, routed)           0.460    12.426    GEN_BRAM.u_core/alu/u_mul/u_mul/GEN_VEDIC.u_mul/u0/u0/p0_4[6]
    SLICE_X16Y28         LUT3 (Prop_lut3_I2_O)        0.165    12.591 r  GEN_BRAM.u_core/alu/u_mul/u_mul/GEN_VEDIC.u_mul/u0/result[7]_INST_0_i_3/O
                         net (fo=2, routed)           0.477    13.069    GEN_BRAM.u_core/alu/u_mul/u_mul/GEN_VEDIC.u_mul/u0/result[7]_INST_0_i_3_n_0
    SLICE_X16Y28         LUT4 (Prop_lut4_I3_O)        0.164    13.233 r  GEN_BRAM.u_core/alu/u_mul/u_mul/GEN_VEDIC.u_mul/u0/result[7]_INST_0_i_6/O
                         net (fo=1, routed)           0.000    13.233    GEN_BRAM.u_core/alu/u_mul/u_mul/GEN_VEDIC.u_mul/u0/result[7]_INST_0_i_6_n_0
    SLICE_X16Y28         CARRY4 (Prop_carry4_S[3]_CO[3])
                                                      0.216    13.449 r  GEN_BRAM.u_core/alu/u_mul/u_mul/GEN_VEDIC.u_mul/u0/result[7]_INST_0_i_1/CO[3]
                         net (fo=1, routed)           0.000    13.449    GEN_BRAM.u_core/alu/u_mul/u_mul/GEN_VEDIC.u_mul/u0/result[7]_INST_0_i_1_n_0
    SLICE_X16Y29         CARRY4 (Prop_carry4_CI_O[3])
                                                      0.181    13.630 r  GEN_BRAM.u_core/alu/u_mul/u_mul/GEN_VEDIC.u_mul/u0/product__0_carry_i_10/O[3]
                         net (fo=2, routed)           0.820    14.450    GEN_BRAM.u_core/alu/u_mul/u_mul/GEN_VEDIC.u_mul/u0/p0[11]
    SLICE_X16Y33         LUT3 (Prop_lut3_I2_O)        0.154    14.604 r  GEN_BRAM.u_core/alu/u_mul/u_mul/GEN_VEDIC.u_mul/u0/product__0_carry__0_i_4__2/O
                         net (fo=2, routed)           0.408    15.012    GEN_BRAM.u_core/alu/u_mul/u_mul/GEN_VEDIC.u_mul/u0/product__0_carry__0_i_4__2_n_0
    SLICE_X16Y34         CARRY4 (Prop_carry4_DI[0]_CO[3])
                                                      0.455    15.467 r  GEN_BRAM.u_core/alu/u_mul/u_mul/GEN_VEDIC.u_mul/u0/product__0_carry__0/CO[3]
                         net (fo=1, routed)           0.000    15.467    GEN_BRAM.u_core/alu/u_mul/u_mul/GEN_VEDIC.u_mul/u0/product__0_carry__0_n_0
    SLICE_X16Y35         CARRY4 (Prop_carry4_CI_O[0])
                                                      0.135    15.602 r  GEN_BRAM.u_core/alu/u_mul/u_mul/GEN_VEDIC.u_mul/u0/product__0_carry__1/O[0]
                         net (fo=2, routed)           0.752    16.353    GEN_BRAM.u_core/alu/u_mul/u_mul/GEN_VEDIC.u_mul/u0/p_1_in[16]
    SLICE_X17Y42         LUT5 (Prop_lut5_I4_O)        0.167    16.520 r  GEN_BRAM.u_core/alu/u_mul/u_mul/GEN_VEDIC.u_mul/u0/result[19]_INST_0_i_5/O
                         net (fo=2, routed)           0.481    17.002    GEN_BRAM.u_core/alu/u_mul/u_mul/GEN_VEDIC.u_mul/u0/result[19]_INST_0_i_5_n_0
    SLICE_X16Y42         CARRY4 (Prop_carry4_DI[1]_CO[3])
                                                      0.424    17.426 r  GEN_BRAM.u_core/alu/u_mul/u_mul/GEN_VEDIC.u_mul/u0/result[19]_INST_0_i_1/CO[3]
                         net (fo=1, routed)           0.000    17.426    GEN_BRAM.u_core/alu/u_mul/u_mul/GEN_VEDIC.u_mul/u0/result[19]_INST_0_i_1_n_0
    SLICE_X16Y43         CARRY4 (Prop_carry4_CI_CO[3])
                                                      0.060    17.486 r  GEN_BRAM.u_core/alu/u_mul/u_mul/GEN_VEDIC.u_mul/u0/result[23]_INST_0_i_1/CO[3]
                         net (fo=1, routed)           0.000    17.486    GEN_BRAM.u_core/alu/u_mul/u_mul/GEN_VEDIC.u_mul/u1/result[24]_INST_0[0]
    SLICE_X16Y44         CARRY4 (Prop_carry4_CI_O[1])
                                                      0.212    17.698 f  GEN_BRAM.u_core/alu/u_mul/u_mul/GEN_VEDIC.u_mul/u1/result[27]_INST_0_i_1/O[1]
                         net (fo=2, routed)           0.424    18.121    GEN_BRAM.u_core/alu/u_mul/u_mul/GEN_VEDIC.u_mul/u1/result[31]_INST_0_i_13_0[2]
    SLICE_X14Y45         LUT1 (Prop_lut1_I0_O)        0.155    18.276 r  GEN_BRAM.u_core/alu/u_mul/u_mul/GEN_VEDIC.u_mul/u1/result[0]_INST_0_i_11/O
                         net (fo=1, routed)           0.000    18.276    GEN_BRAM.u_core/alu/u_mul/u_mul/GEN_VEDIC.u_mul/u1/p_0_in[25]
    SLICE_X14Y45         CARRY4 (Prop_carry4_S[0]_CO[3])
                                                      0.297    18.573 r  GEN_BRAM.u_core/alu/u_mul/u_mul/GEN_VEDIC.u_mul/u1/result[0]_INST_0_i_2/CO[3]
                         net (fo=1, routed)           0.000    18.573    GEN_BRAM.u_core/alu/u_mul/u_mul/GEN_VEDIC.u_mul/u1/result[0]_INST_0_i_2_n_0
    SLICE_X14Y46         CARRY4 (Prop_carry4_CI_O[3])
                                                      0.181    18.754 f  GEN_BRAM.u_core/alu/u_mul/u_mul/GEN_VEDIC.u_mul/u1/result[0]_INST_0_i_1/O[3]
                         net (fo=1, routed)           0.419    19.173    GEN_BRAM.u_core/alu/u_mul/u_mul/GEN_VEDIC.u_mul/u1/signed_product0[32]
    SLICE_X13Y49         LUT6 (Prop_lut6_I5_O)        0.142    19.315 f  GEN_BRAM.u_core/alu/u_mul/u_mul/GEN_VEDIC.u_mul/u1/result[0]_INST_0/O
                         net (fo=1, routed)           0.413    19.728    GEN_BRAM.u_core/alu/mul_result[0]
    SLICE_X7Y49          LUT6 (Prop_lut6_I0_O)        0.053    19.781 f  GEN_BRAM.u_core/alu/debug_alu_out_OBUF[0]_inst_i_11/O
                         net (fo=1, routed)           0.000    19.781    GEN_BRAM.u_core/alu/debug_alu_out_OBUF[0]_inst_i_11_n_0
    SLICE_X7Y49          MUXF7 (Prop_muxf7_I1_O)      0.129    19.910 f  GEN_BRAM.u_core/alu/debug_alu_out_OBUF[0]_inst_i_4/O
                         net (fo=1, routed)           0.391    20.301    GEN_BRAM.u_core/alu/debug_alu_out_OBUF[0]_inst_i_4_n_0
    SLICE_X5Y50          LUT6 (Prop_lut6_I5_O)        0.153    20.454 f  GEN_BRAM.u_core/alu/debug_alu_out_OBUF[0]_inst_i_1/O
                         net (fo=11, routed)          1.321    21.775    GEN_BRAM.u_core/alu/D[0]
    SLICE_X8Y27          LUT2 (Prop_lut2_I1_O)        0.053    21.828 r  GEN_BRAM.u_core/alu/mem_reg_0_i_37/O
                         net (fo=26, routed)          0.638    22.466    GEN_BRAM.u_core/dmem/registers_reg_r1_0_31_6_11_i_10
    SLICE_X5Y30          LUT5 (Prop_lut5_I4_O)        0.053    22.519 r  GEN_BRAM.u_core/dmem/registers_reg_r1_0_31_0_5_i_27/O
                         net (fo=1, routed)           0.293    22.813    GEN_BRAM.u_core/wb_mux/registers_reg_r1_0_31_0_5_i_2_0
    SLICE_X5Y30          LUT6 (Prop_lut6_I5_O)        0.053    22.866 r  GEN_BRAM.u_core/wb_mux/registers_reg_r1_0_31_0_5_i_11/O
                         net (fo=1, routed)           0.446    23.312    GEN_BRAM.u_core/divider/wb_exec[1]
    SLICE_X5Y31          LUT6 (Prop_lut6_I5_O)        0.053    23.365 r  GEN_BRAM.u_core/divider/registers_reg_r1_0_31_0_5_i_2/O
                         net (fo=2, routed)           0.370    23.735    GEN_BRAM.u_core/reg_file/registers_reg_r2_0_31_0_5/DIA1
    SLICE_X6Y31          RAMD32                                       r  GEN_BRAM.u_core/reg_file/registers_reg_r2_0_31_0_5/RAMA_D1/I
  -------------------------------------------------------------------    -------------------

                         (clock sys_clk rise edge)   30.000    30.000 r  
    AD23                                              0.000    30.000 r  clk (IN)
                         net (fo=0)                   0.000    30.000    clk
    AD23                 IBUF (Prop_ibuf_I_O)         0.796    30.796 r  clk_IBUF_inst/O
                         net (fo=1, routed)           1.741    32.537    clk_IBUF
    BUFGCTRL_X0Y0        BUFG (Prop_bufg_I_O)         0.113    32.650 r  clk_IBUF_BUFG_inst/O
                         net (fo=350, routed)         1.595    34.245    GEN_BRAM.u_core/reg_file/registers_reg_r2_0_31_0_5/WCLK
    SLICE_X6Y31          RAMD32                                       r  GEN_BRAM.u_core/reg_file/registers_reg_r2_0_31_0_5/RAMA_D1/CLK
                         clock pessimism              0.256    34.502    
                         clock uncertainty           -0.035    34.466    
    SLICE_X6Y31          RAMD32 (Setup_ramd32_CLK_I)
                                                     -0.166    34.300    GEN_BRAM.u_core/reg_file/registers_reg_r2_0_31_0_5/RAMA_D1
  -------------------------------------------------------------------
                         required time                         34.300    
                         arrival time                         -23.735    
  -------------------------------------------------------------------
                         slack                                 10.566    

Slack (MET) :             10.579ns  (required time - arrival time)
  Source:                 GEN_BRAM.u_core/ir_reg[15]/C
                            (rising edge-triggered cell FDCE clocked by sys_clk  {rise@0.000ns fall@15.000ns period=30.000ns})
  Destination:            GEN_BRAM.u_core/reg_file/registers_reg_r2_0_31_6_11/RAMA/I
                            (rising edge-triggered cell RAMD32 clocked by sys_clk  {rise@0.000ns fall@15.000ns period=30.000ns})
  Path Group:             sys_clk
  Path Type:              Setup (Max at Slow Process Corner)
  Requirement:            30.000ns  (sys_clk rise@30.000ns - sys_clk rise@0.000ns)
  Data Path Delay:        19.258ns  (logic 5.117ns (26.571%)  route 14.141ns (73.429%))
  Logic Levels:           29  (CARRY4=11 LUT1=1 LUT2=1 LUT3=3 LUT4=3 LUT5=2 LUT6=6 MUXF7=1 RAMD32=1)
  Clock Path Skew:        -0.015ns (DCD - SCD + CPR)
    Destination Clock Delay (DCD):    4.188ns = ( 34.188 - 30.000 ) 
    Source Clock Delay      (SCD):    4.467ns
    Clock Pessimism Removal (CPR):    0.263ns
  Clock Uncertainty:      0.035ns  ((TSJ^2 + TIJ^2)^1/2 + DJ) / 2 + PE
    Total System Jitter     (TSJ):    0.071ns
    Total Input Jitter      (TIJ):    0.000ns
    Discrete Jitter          (DJ):    0.000ns
    Phase Error              (PE):    0.000ns

    Location             Delay type                Incr(ns)  Path(ns)    Netlist Resource(s)
  -------------------------------------------------------------------    -------------------
                         (clock sys_clk rise edge)    0.000     0.000 r  
    AD23                                              0.000     0.000 r  clk (IN)
                         net (fo=0)                   0.000     0.000    clk
    AD23                 IBUF (Prop_ibuf_I_O)         0.873     0.873 r  clk_IBUF_inst/O
                         net (fo=1, routed)           1.830     2.703    clk_IBUF
    BUFGCTRL_X0Y0        BUFG (Prop_bufg_I_O)         0.120     2.823 r  clk_IBUF_BUFG_inst/O
                         net (fo=350, routed)         1.644     4.467    GEN_BRAM.u_core/clk_IBUF_BUFG
    SLICE_X10Y29         FDCE                                         r  GEN_BRAM.u_core/ir_reg[15]/C
  -------------------------------------------------------------------    -------------------
    SLICE_X10Y29         FDCE (Prop_fdce_C_Q)         0.308     4.775 r  GEN_BRAM.u_core/ir_reg[15]/Q
                         net (fo=97, routed)          1.596     6.370    GEN_BRAM.u_core/reg_file/registers_reg_r1_0_31_30_31__0/DPRA0
    SLICE_X6Y41          RAMD32 (Prop_ramd32_RADR0_O)
                                                      0.063     6.433 f  GEN_BRAM.u_core/reg_file/registers_reg_r1_0_31_30_31__0/DP/O
                         net (fo=11, routed)          0.935     7.368    GEN_BRAM.u_core/alu_mux_a/dataR10[31]
    SLICE_X8Y52          LUT4 (Prop_lut4_I1_O)        0.164     7.532 r  GEN_BRAM.u_core/alu_mux_a/u_adder_i_1/O
                         net (fo=85, routed)          1.082     8.615    GEN_BRAM.u_core/alu/u_mul/u_mul/GEN_VEDIC.u_mul/u2/a[17]
    SLICE_X12Y45         LUT6 (Prop_lut6_I1_O)        0.053     8.668 r  GEN_BRAM.u_core/alu/u_mul/u_mul/GEN_VEDIC.u_mul/u2/result[1]_INST_0_i_3/O
                         net (fo=56, routed)          1.662    10.329    GEN_BRAM.u_core/alu/u_mul/u_mul/GEN_VEDIC.u_mul/u0/mag_a[0]
    SLICE_X18Y27         LUT4 (Prop_lut4_I3_O)        0.068    10.397 r  GEN_BRAM.u_core/alu/u_mul/u_mul/GEN_VEDIC.u_mul/u0/result[3]_INST_0_i_23/O
                         net (fo=2, routed)           0.591    10.988    GEN_BRAM.u_core/alu/u_mul/u_mul/GEN_VEDIC.u_mul/u0/u0/u0/p2_2[1]
    SLICE_X19Y27         LUT3 (Prop_lut3_I1_O)        0.187    11.175 r  GEN_BRAM.u_core/alu/u_mul/u_mul/GEN_VEDIC.u_mul/u0/result[3]_INST_0_i_4/O
                         net (fo=2, routed)           0.296    11.472    GEN_BRAM.u_core/alu/u_mul/u_mul/GEN_VEDIC.u_mul/u0/result[3]_INST_0_i_4_n_0
    SLICE_X19Y27         CARRY4 (Prop_carry4_DI[2]_CO[3])
                                                      0.355    11.827 r  GEN_BRAM.u_core/alu/u_mul/u_mul/GEN_VEDIC.u_mul/u0/result[3]_INST_0_i_1/CO[3]
                         net (fo=1, routed)           0.000    11.827    GEN_BRAM.u_core/alu/u_mul/u_mul/GEN_VEDIC.u_mul/u0/result[3]_INST_0_i_1_n_0
    SLICE_X19Y28         CARRY4 (Prop_carry4_CI_O[0])
                                                      0.139    11.966 r  GEN_BRAM.u_core/alu/u_mul/u_mul/GEN_VEDIC.u_mul/u0/result[7]_INST_0_i_20/O[0]
                         net (fo=2, routed)           0.460    12.426    GEN_BRAM.u_core/alu/u_mul/u_mul/GEN_VEDIC.u_mul/u0/u0/p0_4[6]
    SLICE_X16Y28         LUT3 (Prop_lut3_I2_O)        0.165    12.591 r  GEN_BRAM.u_core/alu/u_mul/u_mul/GEN_VEDIC.u_mul/u0/result[7]_INST_0_i_3/O
                         net (fo=2, routed)           0.477    13.069    GEN_BRAM.u_core/alu/u_mul/u_mul/GEN_VEDIC.u_mul/u0/result[7]_INST_0_i_3_n_0
    SLICE_X16Y28         LUT4 (Prop_lut4_I3_O)        0.164    13.233 r  GEN_BRAM.u_core/alu/u_mul/u_mul/GEN_VEDIC.u_mul/u0/result[7]_INST_0_i_6/O
                         net (fo=1, routed)           0.000    13.233    GEN_BRAM.u_core/alu/u_mul/u_mul/GEN_VEDIC.u_mul/u0/result[7]_INST_0_i_6_n_0
    SLICE_X16Y28         CARRY4 (Prop_carry4_S[3]_CO[3])
                                                      0.216    13.449 r  GEN_BRAM.u_core/alu/u_mul/u_mul/GEN_VEDIC.u_mul/u0/result[7]_INST_0_i_1/CO[3]
                         net (fo=1, routed)           0.000    13.449    GEN_BRAM.u_core/alu/u_mul/u_mul/GEN_VEDIC.u_mul/u0/result[7]_INST_0_i_1_n_0
    SLICE_X16Y29         CARRY4 (Prop_carry4_CI_O[3])
                                                      0.181    13.630 r  GEN_BRAM.u_core/alu/u_mul/u_mul/GEN_VEDIC.u_mul/u0/product__0_carry_i_10/O[3]
                         net (fo=2, routed)           0.820    14.450    GEN_BRAM.u_core/alu/u_mul/u_mul/GEN_VEDIC.u_mul/u0/p0[11]
    SLICE_X16Y33         LUT3 (Prop_lut3_I2_O)        0.154    14.604 r  GEN_BRAM.u_core/alu/u_mul/u_mul/GEN_VEDIC.u_mul/u0/product__0_carry__0_i_4__2/O
                         net (fo=2, routed)           0.408    15.012    GEN_BRAM.u_core/alu/u_mul/u_mul/GEN_VEDIC.u_mul/u0/product__0_carry__0_i_4__2_n_0
    SLICE_X16Y34         CARRY4 (Prop_carry4_DI[0]_CO[3])
                                                      0.455    15.467 r  GEN_BRAM.u_core/alu/u_mul/u_mul/GEN_VEDIC.u_mul/u0/product__0_carry__0/CO[3]
                         net (fo=1, routed)           0.000    15.467    GEN_BRAM.u_core/alu/u_mul/u_mul/GEN_VEDIC.u_mul/u0/product__0_carry__0_n_0
    SLICE_X16Y35         CARRY4 (Prop_carry4_CI_O[0])
                                                      0.135    15.602 r  GEN_BRAM.u_core/alu/u_mul/u_mul/GEN_VEDIC.u_mul/u0/product__0_carry__1/O[0]
                         net (fo=2, routed)           0.752    16.353    GEN_BRAM.u_core/alu/u_mul/u_mul/GEN_VEDIC.u_mul/u0/p_1_in[16]
    SLICE_X17Y42         LUT5 (Prop_lut5_I4_O)        0.167    16.520 r  GEN_BRAM.u_core/alu/u_mul/u_mul/GEN_VEDIC.u_mul/u0/result[19]_INST_0_i_5/O
                         net (fo=2, routed)           0.481    17.002    GEN_BRAM.u_core/alu/u_mul/u_mul/GEN_VEDIC.u_mul/u0/result[19]_INST_0_i_5_n_0
    SLICE_X16Y42         CARRY4 (Prop_carry4_DI[1]_CO[3])
                                                      0.424    17.426 r  GEN_BRAM.u_core/alu/u_mul/u_mul/GEN_VEDIC.u_mul/u0/result[19]_INST_0_i_1/CO[3]
                         net (fo=1, routed)           0.000    17.426    GEN_BRAM.u_core/alu/u_mul/u_mul/GEN_VEDIC.u_mul/u0/result[19]_INST_0_i_1_n_0
    SLICE_X16Y43         CARRY4 (Prop_carry4_CI_CO[3])
                                                      0.060    17.486 r  GEN_BRAM.u_core/alu/u_mul/u_mul/GEN_VEDIC.u_mul/u0/result[23]_INST_0_i_1/CO[3]
                         net (fo=1, routed)           0.000    17.486    GEN_BRAM.u_core/alu/u_mul/u_mul/GEN_VEDIC.u_mul/u1/result[24]_INST_0[0]
    SLICE_X16Y44         CARRY4 (Prop_carry4_CI_O[1])
                                                      0.212    17.698 f  GEN_BRAM.u_core/alu/u_mul/u_mul/GEN_VEDIC.u_mul/u1/result[27]_INST_0_i_1/O[1]
                         net (fo=2, routed)           0.424    18.121    GEN_BRAM.u_core/alu/u_mul/u_mul/GEN_VEDIC.u_mul/u1/result[31]_INST_0_i_13_0[2]
    SLICE_X14Y45         LUT1 (Prop_lut1_I0_O)        0.155    18.276 r  GEN_BRAM.u_core/alu/u_mul/u_mul/GEN_VEDIC.u_mul/u1/result[0]_INST_0_i_11/O
                         net (fo=1, routed)           0.000    18.276    GEN_BRAM.u_core/alu/u_mul/u_mul/GEN_VEDIC.u_mul/u1/p_0_in[25]
    SLICE_X14Y45         CARRY4 (Prop_carry4_S[0]_CO[3])
                                                      0.297    18.573 r  GEN_BRAM.u_core/alu/u_mul/u_mul/GEN_VEDIC.u_mul/u1/result[0]_INST_0_i_2/CO[3]
                         net (fo=1, routed)           0.000    18.573    GEN_BRAM.u_core/alu/u_mul/u_mul/GEN_VEDIC.u_mul/u1/result[0]_INST_0_i_2_n_0
    SLICE_X14Y46         CARRY4 (Prop_carry4_CI_O[3])
                                                      0.181    18.754 f  GEN_BRAM.u_core/alu/u_mul/u_mul/GEN_VEDIC.u_mul/u1/result[0]_INST_0_i_1/O[3]
                         net (fo=1, routed)           0.419    19.173    GEN_BRAM.u_core/alu/u_mul/u_mul/GEN_VEDIC.u_mul/u1/signed_product0[32]
    SLICE_X13Y49         LUT6 (Prop_lut6_I5_O)        0.142    19.315 f  GEN_BRAM.u_core/alu/u_mul/u_mul/GEN_VEDIC.u_mul/u1/result[0]_INST_0/O
                         net (fo=1, routed)           0.413    19.728    GEN_BRAM.u_core/alu/mul_result[0]
    SLICE_X7Y49          LUT6 (Prop_lut6_I0_O)        0.053    19.781 f  GEN_BRAM.u_core/alu/debug_alu_out_OBUF[0]_inst_i_11/O
                         net (fo=1, routed)           0.000    19.781    GEN_BRAM.u_core/alu/debug_alu_out_OBUF[0]_inst_i_11_n_0
    SLICE_X7Y49          MUXF7 (Prop_muxf7_I1_O)      0.129    19.910 f  GEN_BRAM.u_core/alu/debug_alu_out_OBUF[0]_inst_i_4/O
                         net (fo=1, routed)           0.391    20.301    GEN_BRAM.u_core/alu/debug_alu_out_OBUF[0]_inst_i_4_n_0
    SLICE_X5Y50          LUT6 (Prop_lut6_I5_O)        0.153    20.454 f  GEN_BRAM.u_core/alu/debug_alu_out_OBUF[0]_inst_i_1/O
                         net (fo=11, routed)          1.321    21.775    GEN_BRAM.u_core/alu/D[0]
    SLICE_X8Y27          LUT2 (Prop_lut2_I1_O)        0.053    21.828 r  GEN_BRAM.u_core/alu/mem_reg_0_i_37/O
                         net (fo=26, routed)          0.640    22.468    GEN_BRAM.u_core/dmem/registers_reg_r1_0_31_6_11_i_10
    SLICE_X5Y30          LUT5 (Prop_lut5_I4_O)        0.062    22.530 r  GEN_BRAM.u_core/dmem/registers_reg_r1_0_31_6_11_i_24/O
                         net (fo=1, routed)           0.292    22.823    GEN_BRAM.u_core/wb_mux/registers_reg_r1_0_31_6_11_i_2_0
    SLICE_X5Y29          LUT6 (Prop_lut6_I5_O)        0.169    22.992 r  GEN_BRAM.u_core/wb_mux/registers_reg_r1_0_31_6_11_i_10/O
                         net (fo=1, routed)           0.235    23.227    GEN_BRAM.u_core/divider/wb_exec[6]
    SLICE_X6Y29          LUT6 (Prop_lut6_I5_O)        0.053    23.280 r  GEN_BRAM.u_core/divider/registers_reg_r1_0_31_6_11_i_2/O
                         net (fo=2, routed)           0.445    23.724    GEN_BRAM.u_core/reg_file/registers_reg_r2_0_31_6_11/DIA0
    SLICE_X10Y33         RAMD32                                       r  GEN_BRAM.u_core/reg_file/registers_reg_r2_0_31_6_11/RAMA/I
  -------------------------------------------------------------------    -------------------

                         (clock sys_clk rise edge)   30.000    30.000 r  
    AD23                                              0.000    30.000 r  clk (IN)
                         net (fo=0)                   0.000    30.000    clk
    AD23                 IBUF (Prop_ibuf_I_O)         0.796    30.796 r  clk_IBUF_inst/O
                         net (fo=1, routed)           1.741    32.537    clk_IBUF
    BUFGCTRL_X0Y0        BUFG (Prop_bufg_I_O)         0.113    32.650 r  clk_IBUF_BUFG_inst/O
                         net (fo=350, routed)         1.538    34.188    GEN_BRAM.u_core/reg_file/registers_reg_r2_0_31_6_11/WCLK
    SLICE_X10Y33         RAMD32                                       r  GEN_BRAM.u_core/reg_file/registers_reg_r2_0_31_6_11/RAMA/CLK
                         clock pessimism              0.263    34.452    
                         clock uncertainty           -0.035    34.416    
    SLICE_X10Y33         RAMD32 (Setup_ramd32_CLK_I)
                                                     -0.113    34.303    GEN_BRAM.u_core/reg_file/registers_reg_r2_0_31_6_11/RAMA
  -------------------------------------------------------------------
                         required time                         34.303    
                         arrival time                         -23.724    
  -------------------------------------------------------------------
                         slack                                 10.579    

Slack (MET) :             10.601ns  (required time - arrival time)
  Source:                 GEN_BRAM.u_core/ir_reg[15]/C
                            (rising edge-triggered cell FDCE clocked by sys_clk  {rise@0.000ns fall@15.000ns period=30.000ns})
  Destination:            GEN_BRAM.u_core/reg_file/registers_reg_r1_0_31_6_11/RAMA/I
                            (rising edge-triggered cell RAMD32 clocked by sys_clk  {rise@0.000ns fall@15.000ns period=30.000ns})
  Path Group:             sys_clk
  Path Type:              Setup (Max at Slow Process Corner)
  Requirement:            30.000ns  (sys_clk rise@30.000ns - sys_clk rise@0.000ns)
  Data Path Delay:        19.288ns  (logic 5.117ns (26.530%)  route 14.171ns (73.470%))
  Logic Levels:           29  (CARRY4=11 LUT1=1 LUT2=1 LUT3=3 LUT4=3 LUT5=2 LUT6=6 MUXF7=1 RAMD32=1)
  Clock Path Skew:        0.037ns (DCD - SCD + CPR)
    Destination Clock Delay (DCD):    4.247ns = ( 34.247 - 30.000 ) 
    Source Clock Delay      (SCD):    4.467ns
    Clock Pessimism Removal (CPR):    0.256ns
  Clock Uncertainty:      0.035ns  ((TSJ^2 + TIJ^2)^1/2 + DJ) / 2 + PE
    Total System Jitter     (TSJ):    0.071ns
    Total Input Jitter      (TIJ):    0.000ns
    Discrete Jitter          (DJ):    0.000ns
    Phase Error              (PE):    0.000ns

    Location             Delay type                Incr(ns)  Path(ns)    Netlist Resource(s)
  -------------------------------------------------------------------    -------------------
                         (clock sys_clk rise edge)    0.000     0.000 r  
    AD23                                              0.000     0.000 r  clk (IN)
                         net (fo=0)                   0.000     0.000    clk
    AD23                 IBUF (Prop_ibuf_I_O)         0.873     0.873 r  clk_IBUF_inst/O
                         net (fo=1, routed)           1.830     2.703    clk_IBUF
    BUFGCTRL_X0Y0        BUFG (Prop_bufg_I_O)         0.120     2.823 r  clk_IBUF_BUFG_inst/O
                         net (fo=350, routed)         1.644     4.467    GEN_BRAM.u_core/clk_IBUF_BUFG
    SLICE_X10Y29         FDCE                                         r  GEN_BRAM.u_core/ir_reg[15]/C
  -------------------------------------------------------------------    -------------------
    SLICE_X10Y29         FDCE (Prop_fdce_C_Q)         0.308     4.775 r  GEN_BRAM.u_core/ir_reg[15]/Q
                         net (fo=97, routed)          1.596     6.370    GEN_BRAM.u_core/reg_file/registers_reg_r1_0_31_30_31__0/DPRA0
    SLICE_X6Y41          RAMD32 (Prop_ramd32_RADR0_O)
                                                      0.063     6.433 f  GEN_BRAM.u_core/reg_file/registers_reg_r1_0_31_30_31__0/DP/O
                         net (fo=11, routed)          0.935     7.368    GEN_BRAM.u_core/alu_mux_a/dataR10[31]
    SLICE_X8Y52          LUT4 (Prop_lut4_I1_O)        0.164     7.532 r  GEN_BRAM.u_core/alu_mux_a/u_adder_i_1/O
                         net (fo=85, routed)          1.082     8.615    GEN_BRAM.u_core/alu/u_mul/u_mul/GEN_VEDIC.u_mul/u2/a[17]
    SLICE_X12Y45         LUT6 (Prop_lut6_I1_O)        0.053     8.668 r  GEN_BRAM.u_core/alu/u_mul/u_mul/GEN_VEDIC.u_mul/u2/result[1]_INST_0_i_3/O
                         net (fo=56, routed)          1.662    10.329    GEN_BRAM.u_core/alu/u_mul/u_mul/GEN_VEDIC.u_mul/u0/mag_a[0]
    SLICE_X18Y27         LUT4 (Prop_lut4_I3_O)        0.068    10.397 r  GEN_BRAM.u_core/alu/u_mul/u_mul/GEN_VEDIC.u_mul/u0/result[3]_INST_0_i_23/O
                         net (fo=2, routed)           0.591    10.988    GEN_BRAM.u_core/alu/u_mul/u_mul/GEN_VEDIC.u_mul/u0/u0/u0/p2_2[1]
    SLICE_X19Y27         LUT3 (Prop_lut3_I1_O)        0.187    11.175 r  GEN_BRAM.u_core/alu/u_mul/u_mul/GEN_VEDIC.u_mul/u0/result[3]_INST_0_i_4/O
                         net (fo=2, routed)           0.296    11.472    GEN_BRAM.u_core/alu/u_mul/u_mul/GEN_VEDIC.u_mul/u0/result[3]_INST_0_i_4_n_0
    SLICE_X19Y27         CARRY4 (Prop_carry4_DI[2]_CO[3])
                                                      0.355    11.827 r  GEN_BRAM.u_core/alu/u_mul/u_mul/GEN_VEDIC.u_mul/u0/result[3]_INST_0_i_1/CO[3]
                         net (fo=1, routed)           0.000    11.827    GEN_BRAM.u_core/alu/u_mul/u_mul/GEN_VEDIC.u_mul/u0/result[3]_INST_0_i_1_n_0
    SLICE_X19Y28         CARRY4 (Prop_carry4_CI_O[0])
                                                      0.139    11.966 r  GEN_BRAM.u_core/alu/u_mul/u_mul/GEN_VEDIC.u_mul/u0/result[7]_INST_0_i_20/O[0]
                         net (fo=2, routed)           0.460    12.426    GEN_BRAM.u_core/alu/u_mul/u_mul/GEN_VEDIC.u_mul/u0/u0/p0_4[6]
    SLICE_X16Y28         LUT3 (Prop_lut3_I2_O)        0.165    12.591 r  GEN_BRAM.u_core/alu/u_mul/u_mul/GEN_VEDIC.u_mul/u0/result[7]_INST_0_i_3/O
                         net (fo=2, routed)           0.477    13.069    GEN_BRAM.u_core/alu/u_mul/u_mul/GEN_VEDIC.u_mul/u0/result[7]_INST_0_i_3_n_0
    SLICE_X16Y28         LUT4 (Prop_lut4_I3_O)        0.164    13.233 r  GEN_BRAM.u_core/alu/u_mul/u_mul/GEN_VEDIC.u_mul/u0/result[7]_INST_0_i_6/O
                         net (fo=1, routed)           0.000    13.233    GEN_BRAM.u_core/alu/u_mul/u_mul/GEN_VEDIC.u_mul/u0/result[7]_INST_0_i_6_n_0
    SLICE_X16Y28         CARRY4 (Prop_carry4_S[3]_CO[3])
                                                      0.216    13.449 r  GEN_BRAM.u_core/alu/u_mul/u_mul/GEN_VEDIC.u_mul/u0/result[7]_INST_0_i_1/CO[3]
                         net (fo=1, routed)           0.000    13.449    GEN_BRAM.u_core/alu/u_mul/u_mul/GEN_VEDIC.u_mul/u0/result[7]_INST_0_i_1_n_0
    SLICE_X16Y29         CARRY4 (Prop_carry4_CI_O[3])
                                                      0.181    13.630 r  GEN_BRAM.u_core/alu/u_mul/u_mul/GEN_VEDIC.u_mul/u0/product__0_carry_i_10/O[3]
                         net (fo=2, routed)           0.820    14.450    GEN_BRAM.u_core/alu/u_mul/u_mul/GEN_VEDIC.u_mul/u0/p0[11]
    SLICE_X16Y33         LUT3 (Prop_lut3_I2_O)        0.154    14.604 r  GEN_BRAM.u_core/alu/u_mul/u_mul/GEN_VEDIC.u_mul/u0/product__0_carry__0_i_4__2/O
                         net (fo=2, routed)           0.408    15.012    GEN_BRAM.u_core/alu/u_mul/u_mul/GEN_VEDIC.u_mul/u0/product__0_carry__0_i_4__2_n_0
    SLICE_X16Y34         CARRY4 (Prop_carry4_DI[0]_CO[3])
                                                      0.455    15.467 r  GEN_BRAM.u_core/alu/u_mul/u_mul/GEN_VEDIC.u_mul/u0/product__0_carry__0/CO[3]
                         net (fo=1, routed)           0.000    15.467    GEN_BRAM.u_core/alu/u_mul/u_mul/GEN_VEDIC.u_mul/u0/product__0_carry__0_n_0
    SLICE_X16Y35         CARRY4 (Prop_carry4_CI_O[0])
                                                      0.135    15.602 r  GEN_BRAM.u_core/alu/u_mul/u_mul/GEN_VEDIC.u_mul/u0/product__0_carry__1/O[0]
                         net (fo=2, routed)           0.752    16.353    GEN_BRAM.u_core/alu/u_mul/u_mul/GEN_VEDIC.u_mul/u0/p_1_in[16]
    SLICE_X17Y42         LUT5 (Prop_lut5_I4_O)        0.167    16.520 r  GEN_BRAM.u_core/alu/u_mul/u_mul/GEN_VEDIC.u_mul/u0/result[19]_INST_0_i_5/O
                         net (fo=2, routed)           0.481    17.002    GEN_BRAM.u_core/alu/u_mul/u_mul/GEN_VEDIC.u_mul/u0/result[19]_INST_0_i_5_n_0
    SLICE_X16Y42         CARRY4 (Prop_carry4_DI[1]_CO[3])
                                                      0.424    17.426 r  GEN_BRAM.u_core/alu/u_mul/u_mul/GEN_VEDIC.u_mul/u0/result[19]_INST_0_i_1/CO[3]
                         net (fo=1, routed)           0.000    17.426    GEN_BRAM.u_core/alu/u_mul/u_mul/GEN_VEDIC.u_mul/u0/result[19]_INST_0_i_1_n_0
    SLICE_X16Y43         CARRY4 (Prop_carry4_CI_CO[3])
                                                      0.060    17.486 r  GEN_BRAM.u_core/alu/u_mul/u_mul/GEN_VEDIC.u_mul/u0/result[23]_INST_0_i_1/CO[3]
                         net (fo=1, routed)           0.000    17.486    GEN_BRAM.u_core/alu/u_mul/u_mul/GEN_VEDIC.u_mul/u1/result[24]_INST_0[0]
    SLICE_X16Y44         CARRY4 (Prop_carry4_CI_O[1])
                                                      0.212    17.698 f  GEN_BRAM.u_core/alu/u_mul/u_mul/GEN_VEDIC.u_mul/u1/result[27]_INST_0_i_1/O[1]
                         net (fo=2, routed)           0.424    18.121    GEN_BRAM.u_core/alu/u_mul/u_mul/GEN_VEDIC.u_mul/u1/result[31]_INST_0_i_13_0[2]
    SLICE_X14Y45         LUT1 (Prop_lut1_I0_O)        0.155    18.276 r  GEN_BRAM.u_core/alu/u_mul/u_mul/GEN_VEDIC.u_mul/u1/result[0]_INST_0_i_11/O
                         net (fo=1, routed)           0.000    18.276    GEN_BRAM.u_core/alu/u_mul/u_mul/GEN_VEDIC.u_mul/u1/p_0_in[25]
    SLICE_X14Y45         CARRY4 (Prop_carry4_S[0]_CO[3])
                                                      0.297    18.573 r  GEN_BRAM.u_core/alu/u_mul/u_mul/GEN_VEDIC.u_mul/u1/result[0]_INST_0_i_2/CO[3]
                         net (fo=1, routed)           0.000    18.573    GEN_BRAM.u_core/alu/u_mul/u_mul/GEN_VEDIC.u_mul/u1/result[0]_INST_0_i_2_n_0
    SLICE_X14Y46         CARRY4 (Prop_carry4_CI_O[3])
                                                      0.181    18.754 f  GEN_BRAM.u_core/alu/u_mul/u_mul/GEN_VEDIC.u_mul/u1/result[0]_INST_0_i_1/O[3]
                         net (fo=1, routed)           0.419    19.173    GEN_BRAM.u_core/alu/u_mul/u_mul/GEN_VEDIC.u_mul/u1/signed_product0[32]
    SLICE_X13Y49         LUT6 (Prop_lut6_I5_O)        0.142    19.315 f  GEN_BRAM.u_core/alu/u_mul/u_mul/GEN_VEDIC.u_mul/u1/result[0]_INST_0/O
                         net (fo=1, routed)           0.413    19.728    GEN_BRAM.u_core/alu/mul_result[0]
    SLICE_X7Y49          LUT6 (Prop_lut6_I0_O)        0.053    19.781 f  GEN_BRAM.u_core/alu/debug_alu_out_OBUF[0]_inst_i_11/O
                         net (fo=1, routed)           0.000    19.781    GEN_BRAM.u_core/alu/debug_alu_out_OBUF[0]_inst_i_11_n_0
    SLICE_X7Y49          MUXF7 (Prop_muxf7_I1_O)      0.129    19.910 f  GEN_BRAM.u_core/alu/debug_alu_out_OBUF[0]_inst_i_4/O
                         net (fo=1, routed)           0.391    20.301    GEN_BRAM.u_core/alu/debug_alu_out_OBUF[0]_inst_i_4_n_0
    SLICE_X5Y50          LUT6 (Prop_lut6_I5_O)        0.153    20.454 f  GEN_BRAM.u_core/alu/debug_alu_out_OBUF[0]_inst_i_1/O
                         net (fo=11, routed)          1.321    21.775    GEN_BRAM.u_core/alu/D[0]
    SLICE_X8Y27          LUT2 (Prop_lut2_I1_O)        0.053    21.828 r  GEN_BRAM.u_core/alu/mem_reg_0_i_37/O
                         net (fo=26, routed)          0.640    22.468    GEN_BRAM.u_core/dmem/registers_reg_r1_0_31_6_11_i_10
    SLICE_X5Y30          LUT5 (Prop_lut5_I4_O)        0.062    22.530 r  GEN_BRAM.u_core/dmem/registers_reg_r1_0_31_6_11_i_24/O
                         net (fo=1, routed)           0.292    22.823    GEN_BRAM.u_core/wb_mux/registers_reg_r1_0_31_6_11_i_2_0
    SLICE_X5Y29          LUT6 (Prop_lut6_I5_O)        0.169    22.992 r  GEN_BRAM.u_core/wb_mux/registers_reg_r1_0_31_6_11_i_10/O
                         net (fo=1, routed)           0.235    23.227    GEN_BRAM.u_core/divider/wb_exec[6]
    SLICE_X6Y29          LUT6 (Prop_lut6_I5_O)        0.053    23.280 r  GEN_BRAM.u_core/divider/registers_reg_r1_0_31_6_11_i_2/O
                         net (fo=2, routed)           0.475    23.755    GEN_BRAM.u_core/reg_file/registers_reg_r1_0_31_6_11/DIA0
    SLICE_X6Y33          RAMD32                                       r  GEN_BRAM.u_core/reg_file/registers_reg_r1_0_31_6_11/RAMA/I
  -------------------------------------------------------------------    -------------------

                         (clock sys_clk rise edge)   30.000    30.000 r  
    AD23                                              0.000    30.000 r  clk (IN)
                         net (fo=0)                   0.000    30.000    clk
    AD23                 IBUF (Prop_ibuf_I_O)         0.796    30.796 r  clk_IBUF_inst/O
                         net (fo=1, routed)           1.741    32.537    clk_IBUF
    BUFGCTRL_X0Y0        BUFG (Prop_bufg_I_O)         0.113    32.650 r  clk_IBUF_BUFG_inst/O
                         net (fo=350, routed)         1.597    34.247    GEN_BRAM.u_core/reg_file/registers_reg_r1_0_31_6_11/WCLK
    SLICE_X6Y33          RAMD32                                       r  GEN_BRAM.u_core/reg_file/registers_reg_r1_0_31_6_11/RAMA/CLK
                         clock pessimism              0.256    34.504    
                         clock uncertainty           -0.035    34.468    
    SLICE_X6Y33          RAMD32 (Setup_ramd32_CLK_I)
                                                     -0.113    34.355    GEN_BRAM.u_core/reg_file/registers_reg_r1_0_31_6_11/RAMA
  -------------------------------------------------------------------
                         required time                         34.355    
                         arrival time                         -23.755    
  -------------------------------------------------------------------
                         slack                                 10.601    

Slack (MET) :             10.620ns  (required time - arrival time)
  Source:                 GEN_BRAM.u_core/ir_reg[15]/C
                            (rising edge-triggered cell FDCE clocked by sys_clk  {rise@0.000ns fall@15.000ns period=30.000ns})
  Destination:            GEN_BRAM.u_core/reg_file/registers_reg_r1_0_31_0_5/RAMB/I
                            (rising edge-triggered cell RAMD32 clocked by sys_clk  {rise@0.000ns fall@15.000ns period=30.000ns})
  Path Group:             sys_clk
  Path Type:              Setup (Max at Slow Process Corner)
  Requirement:            30.000ns  (sys_clk rise@30.000ns - sys_clk rise@0.000ns)
  Data Path Delay:        19.252ns  (logic 4.992ns (25.930%)  route 14.260ns (74.071%))
  Logic Levels:           29  (CARRY4=11 LUT1=1 LUT2=1 LUT3=3 LUT4=3 LUT5=2 LUT6=6 MUXF7=1 RAMD32=1)
  Clock Path Skew:        0.037ns (DCD - SCD + CPR)
    Destination Clock Delay (DCD):    4.247ns = ( 34.247 - 30.000 ) 
    Source Clock Delay      (SCD):    4.467ns
    Clock Pessimism Removal (CPR):    0.256ns
  Clock Uncertainty:      0.035ns  ((TSJ^2 + TIJ^2)^1/2 + DJ) / 2 + PE
    Total System Jitter     (TSJ):    0.071ns
    Total Input Jitter      (TIJ):    0.000ns
    Discrete Jitter          (DJ):    0.000ns
    Phase Error              (PE):    0.000ns

    Location             Delay type                Incr(ns)  Path(ns)    Netlist Resource(s)
  -------------------------------------------------------------------    -------------------
                         (clock sys_clk rise edge)    0.000     0.000 r  
    AD23                                              0.000     0.000 r  clk (IN)
                         net (fo=0)                   0.000     0.000    clk
    AD23                 IBUF (Prop_ibuf_I_O)         0.873     0.873 r  clk_IBUF_inst/O
                         net (fo=1, routed)           1.830     2.703    clk_IBUF
    BUFGCTRL_X0Y0        BUFG (Prop_bufg_I_O)         0.120     2.823 r  clk_IBUF_BUFG_inst/O
                         net (fo=350, routed)         1.644     4.467    GEN_BRAM.u_core/clk_IBUF_BUFG
    SLICE_X10Y29         FDCE                                         r  GEN_BRAM.u_core/ir_reg[15]/C
  -------------------------------------------------------------------    -------------------
    SLICE_X10Y29         FDCE (Prop_fdce_C_Q)         0.308     4.775 r  GEN_BRAM.u_core/ir_reg[15]/Q
                         net (fo=97, routed)          1.596     6.370    GEN_BRAM.u_core/reg_file/registers_reg_r1_0_31_30_31__0/DPRA0
    SLICE_X6Y41          RAMD32 (Prop_ramd32_RADR0_O)
                                                      0.063     6.433 f  GEN_BRAM.u_core/reg_file/registers_reg_r1_0_31_30_31__0/DP/O
                         net (fo=11, routed)          0.935     7.368    GEN_BRAM.u_core/alu_mux_a/dataR10[31]
    SLICE_X8Y52          LUT4 (Prop_lut4_I1_O)        0.164     7.532 r  GEN_BRAM.u_core/alu_mux_a/u_adder_i_1/O
                         net (fo=85, routed)          1.082     8.615    GEN_BRAM.u_core/alu/u_mul/u_mul/GEN_VEDIC.u_mul/u2/a[17]
    SLICE_X12Y45         LUT6 (Prop_lut6_I1_O)        0.053     8.668 r  GEN_BRAM.u_core/alu/u_mul/u_mul/GEN_VEDIC.u_mul/u2/result[1]_INST_0_i_3/O
                         net (fo=56, routed)          1.662    10.329    GEN_BRAM.u_core/alu/u_mul/u_mul/GEN_VEDIC.u_mul/u0/mag_a[0]
    SLICE_X18Y27         LUT4 (Prop_lut4_I3_O)        0.068    10.397 r  GEN_BRAM.u_core/alu/u_mul/u_mul/GEN_VEDIC.u_mul/u0/result[3]_INST_0_i_23/O
                         net (fo=2, routed)           0.591    10.988    GEN_BRAM.u_core/alu/u_mul/u_mul/GEN_VEDIC.u_mul/u0/u0/u0/p2_2[1]
    SLICE_X19Y27         LUT3 (Prop_lut3_I1_O)        0.187    11.175 r  GEN_BRAM.u_core/alu/u_mul/u_mul/GEN_VEDIC.u_mul/u0/result[3]_INST_0_i_4/O
                         net (fo=2, routed)           0.296    11.472    GEN_BRAM.u_core/alu/u_mul/u_mul/GEN_VEDIC.u_mul/u0/result[3]_INST_0_i_4_n_0
    SLICE_X19Y27         CARRY4 (Prop_carry4_DI[2]_CO[3])
                                                      0.355    11.827 r  GEN_BRAM.u_core/alu/u_mul/u_mul/GEN_VEDIC.u_mul/u0/result[3]_INST_0_i_1/CO[3]
                         net (fo=1, routed)           0.000    11.827    GEN_BRAM.u_core/alu/u_mul/u_mul/GEN_VEDIC.u_mul/u0/result[3]_INST_0_i_1_n_0
    SLICE_X19Y28         CARRY4 (Prop_carry4_CI_O[0])
                                                      0.139    11.966 r  GEN_BRAM.u_core/alu/u_mul/u_mul/GEN_VEDIC.u_mul/u0/result[7]_INST_0_i_20/O[0]
                         net (fo=2, routed)           0.460    12.426    GEN_BRAM.u_core/alu/u_mul/u_mul/GEN_VEDIC.u_mul/u0/u0/p0_4[6]
    SLICE_X16Y28         LUT3 (Prop_lut3_I2_O)        0.165    12.591 r  GEN_BRAM.u_core/alu/u_mul/u_mul/GEN_VEDIC.u_mul/u0/result[7]_INST_0_i_3/O
                         net (fo=2, routed)           0.477    13.069    GEN_BRAM.u_core/alu/u_mul/u_mul/GEN_VEDIC.u_mul/u0/result[7]_INST_0_i_3_n_0
    SLICE_X16Y28         LUT4 (Prop_lut4_I3_O)        0.164    13.233 r  GEN_BRAM.u_core/alu/u_mul/u_mul/GEN_VEDIC.u_mul/u0/result[7]_INST_0_i_6/O
                         net (fo=1, routed)           0.000    13.233    GEN_BRAM.u_core/alu/u_mul/u_mul/GEN_VEDIC.u_mul/u0/result[7]_INST_0_i_6_n_0
    SLICE_X16Y28         CARRY4 (Prop_carry4_S[3]_CO[3])
                                                      0.216    13.449 r  GEN_BRAM.u_core/alu/u_mul/u_mul/GEN_VEDIC.u_mul/u0/result[7]_INST_0_i_1/CO[3]
                         net (fo=1, routed)           0.000    13.449    GEN_BRAM.u_core/alu/u_mul/u_mul/GEN_VEDIC.u_mul/u0/result[7]_INST_0_i_1_n_0
    SLICE_X16Y29         CARRY4 (Prop_carry4_CI_O[3])
                                                      0.181    13.630 r  GEN_BRAM.u_core/alu/u_mul/u_mul/GEN_VEDIC.u_mul/u0/product__0_carry_i_10/O[3]
                         net (fo=2, routed)           0.820    14.450    GEN_BRAM.u_core/alu/u_mul/u_mul/GEN_VEDIC.u_mul/u0/p0[11]
    SLICE_X16Y33         LUT3 (Prop_lut3_I2_O)        0.154    14.604 r  GEN_BRAM.u_core/alu/u_mul/u_mul/GEN_VEDIC.u_mul/u0/product__0_carry__0_i_4__2/O
                         net (fo=2, routed)           0.408    15.012    GEN_BRAM.u_core/alu/u_mul/u_mul/GEN_VEDIC.u_mul/u0/product__0_carry__0_i_4__2_n_0
    SLICE_X16Y34         CARRY4 (Prop_carry4_DI[0]_CO[3])
                                                      0.455    15.467 r  GEN_BRAM.u_core/alu/u_mul/u_mul/GEN_VEDIC.u_mul/u0/product__0_carry__0/CO[3]
                         net (fo=1, routed)           0.000    15.467    GEN_BRAM.u_core/alu/u_mul/u_mul/GEN_VEDIC.u_mul/u0/product__0_carry__0_n_0
    SLICE_X16Y35         CARRY4 (Prop_carry4_CI_O[0])
                                                      0.135    15.602 r  GEN_BRAM.u_core/alu/u_mul/u_mul/GEN_VEDIC.u_mul/u0/product__0_carry__1/O[0]
                         net (fo=2, routed)           0.752    16.353    GEN_BRAM.u_core/alu/u_mul/u_mul/GEN_VEDIC.u_mul/u0/p_1_in[16]
    SLICE_X17Y42         LUT5 (Prop_lut5_I4_O)        0.167    16.520 r  GEN_BRAM.u_core/alu/u_mul/u_mul/GEN_VEDIC.u_mul/u0/result[19]_INST_0_i_5/O
                         net (fo=2, routed)           0.481    17.002    GEN_BRAM.u_core/alu/u_mul/u_mul/GEN_VEDIC.u_mul/u0/result[19]_INST_0_i_5_n_0
    SLICE_X16Y42         CARRY4 (Prop_carry4_DI[1]_CO[3])
                                                      0.424    17.426 r  GEN_BRAM.u_core/alu/u_mul/u_mul/GEN_VEDIC.u_mul/u0/result[19]_INST_0_i_1/CO[3]
                         net (fo=1, routed)           0.000    17.426    GEN_BRAM.u_core/alu/u_mul/u_mul/GEN_VEDIC.u_mul/u0/result[19]_INST_0_i_1_n_0
    SLICE_X16Y43         CARRY4 (Prop_carry4_CI_CO[3])
                                                      0.060    17.486 r  GEN_BRAM.u_core/alu/u_mul/u_mul/GEN_VEDIC.u_mul/u0/result[23]_INST_0_i_1/CO[3]
                         net (fo=1, routed)           0.000    17.486    GEN_BRAM.u_core/alu/u_mul/u_mul/GEN_VEDIC.u_mul/u1/result[24]_INST_0[0]
    SLICE_X16Y44         CARRY4 (Prop_carry4_CI_O[1])
                                                      0.212    17.698 f  GEN_BRAM.u_core/alu/u_mul/u_mul/GEN_VEDIC.u_mul/u1/result[27]_INST_0_i_1/O[1]
                         net (fo=2, routed)           0.424    18.121    GEN_BRAM.u_core/alu/u_mul/u_mul/GEN_VEDIC.u_mul/u1/result[31]_INST_0_i_13_0[2]
    SLICE_X14Y45         LUT1 (Prop_lut1_I0_O)        0.155    18.276 r  GEN_BRAM.u_core/alu/u_mul/u_mul/GEN_VEDIC.u_mul/u1/result[0]_INST_0_i_11/O
                         net (fo=1, routed)           0.000    18.276    GEN_BRAM.u_core/alu/u_mul/u_mul/GEN_VEDIC.u_mul/u1/p_0_in[25]
    SLICE_X14Y45         CARRY4 (Prop_carry4_S[0]_CO[3])
                                                      0.297    18.573 r  GEN_BRAM.u_core/alu/u_mul/u_mul/GEN_VEDIC.u_mul/u1/result[0]_INST_0_i_2/CO[3]
                         net (fo=1, routed)           0.000    18.573    GEN_BRAM.u_core/alu/u_mul/u_mul/GEN_VEDIC.u_mul/u1/result[0]_INST_0_i_2_n_0
    SLICE_X14Y46         CARRY4 (Prop_carry4_CI_O[3])
                                                      0.181    18.754 f  GEN_BRAM.u_core/alu/u_mul/u_mul/GEN_VEDIC.u_mul/u1/result[0]_INST_0_i_1/O[3]
                         net (fo=1, routed)           0.419    19.173    GEN_BRAM.u_core/alu/u_mul/u_mul/GEN_VEDIC.u_mul/u1/signed_product0[32]
    SLICE_X13Y49         LUT6 (Prop_lut6_I5_O)        0.142    19.315 f  GEN_BRAM.u_core/alu/u_mul/u_mul/GEN_VEDIC.u_mul/u1/result[0]_INST_0/O
                         net (fo=1, routed)           0.413    19.728    GEN_BRAM.u_core/alu/mul_result[0]
    SLICE_X7Y49          LUT6 (Prop_lut6_I0_O)        0.053    19.781 f  GEN_BRAM.u_core/alu/debug_alu_out_OBUF[0]_inst_i_11/O
                         net (fo=1, routed)           0.000    19.781    GEN_BRAM.u_core/alu/debug_alu_out_OBUF[0]_inst_i_11_n_0
    SLICE_X7Y49          MUXF7 (Prop_muxf7_I1_O)      0.129    19.910 f  GEN_BRAM.u_core/alu/debug_alu_out_OBUF[0]_inst_i_4/O
                         net (fo=1, routed)           0.391    20.301    GEN_BRAM.u_core/alu/debug_alu_out_OBUF[0]_inst_i_4_n_0
    SLICE_X5Y50          LUT6 (Prop_lut6_I5_O)        0.153    20.454 f  GEN_BRAM.u_core/alu/debug_alu_out_OBUF[0]_inst_i_1/O
                         net (fo=11, routed)          1.321    21.775    GEN_BRAM.u_core/alu/D[0]
    SLICE_X8Y27          LUT2 (Prop_lut2_I1_O)        0.053    21.828 r  GEN_BRAM.u_core/alu/mem_reg_0_i_37/O
                         net (fo=26, routed)          0.816    22.644    GEN_BRAM.u_core/dmem/registers_reg_r1_0_31_6_11_i_10
    SLICE_X3Y31          LUT5 (Prop_lut5_I4_O)        0.053    22.697 r  GEN_BRAM.u_core/dmem/registers_reg_r1_0_31_0_5_i_37/O
                         net (fo=1, routed)           0.408    23.105    GEN_BRAM.u_core/wb_mux/registers_reg_r1_0_31_0_5_i_5_0
    SLICE_X3Y31          LUT6 (Prop_lut6_I5_O)        0.053    23.158 r  GEN_BRAM.u_core/wb_mux/registers_reg_r1_0_31_0_5_i_17/O
                         net (fo=1, routed)           0.234    23.392    GEN_BRAM.u_core/divider/wb_exec[2]
    SLICE_X5Y31          LUT6 (Prop_lut6_I5_O)        0.053    23.445 r  GEN_BRAM.u_core/divider/registers_reg_r1_0_31_0_5_i_5/O
                         net (fo=2, routed)           0.274    23.719    GEN_BRAM.u_core/reg_file/registers_reg_r1_0_31_0_5/DIB0
    SLICE_X6Y32          RAMD32                                       r  GEN_BRAM.u_core/reg_file/registers_reg_r1_0_31_0_5/RAMB/I
  -------------------------------------------------------------------    -------------------

                         (clock sys_clk rise edge)   30.000    30.000 r  
    AD23                                              0.000    30.000 r  clk (IN)
                         net (fo=0)                   0.000    30.000    clk
    AD23                 IBUF (Prop_ibuf_I_O)         0.796    30.796 r  clk_IBUF_inst/O
                         net (fo=1, routed)           1.741    32.537    clk_IBUF
    BUFGCTRL_X0Y0        BUFG (Prop_bufg_I_O)         0.113    32.650 r  clk_IBUF_BUFG_inst/O
                         net (fo=350, routed)         1.597    34.247    GEN_BRAM.u_core/reg_file/registers_reg_r1_0_31_0_5/WCLK
    SLICE_X6Y32          RAMD32                                       r  GEN_BRAM.u_core/reg_file/registers_reg_r1_0_31_0_5/RAMB/CLK
                         clock pessimism              0.256    34.504    
                         clock uncertainty           -0.035    34.468    
    SLICE_X6Y32          RAMD32 (Setup_ramd32_CLK_I)
                                                     -0.129    34.339    GEN_BRAM.u_core/reg_file/registers_reg_r1_0_31_0_5/RAMB
  -------------------------------------------------------------------
                         required time                         34.339    
                         arrival time                         -23.719    
  -------------------------------------------------------------------
                         slack                                 10.620    





Pulse Width Checks
--------------------------------------------------------------------------------------
Clock Name:         sys_clk
Waveform(ns):       { 0.000 15.000 }
Period(ns):         30.000
Sources:            { clk }

Check Type        Corner  Lib Pin             Reference Pin  Required(ns)  Actual(ns)  Slack(ns)  Location       Pin
Min Period        n/a     RAMB36E1/CLKARDCLK  n/a            2.495         30.000      27.505     RAMB36_X0Y5    GEN_BRAM.u_core/dmem/mem_reg_0/CLKARDCLK
Min Period        n/a     RAMB36E1/CLKARDCLK  n/a            2.495         30.000      27.505     RAMB36_X0Y6    GEN_BRAM.u_core/dmem/mem_reg_1/CLKARDCLK
Min Period        n/a     RAMB36E1/CLKBWRCLK  n/a            2.183         30.000      27.817     RAMB36_X0Y5    GEN_BRAM.u_core/dmem/mem_reg_0/CLKBWRCLK
Min Period        n/a     RAMB36E1/CLKBWRCLK  n/a            2.183         30.000      27.817     RAMB36_X0Y6    GEN_BRAM.u_core/dmem/mem_reg_1/CLKBWRCLK
Min Period        n/a     RAMB36E1/CLKARDCLK  n/a            2.183         30.000      27.817     RAMB36_X0Y4    GEN_BRAM.u_core/imem/data_out_reg_0/CLKARDCLK
Min Period        n/a     RAMB36E1/CLKARDCLK  n/a            2.183         30.000      27.817     RAMB36_X0Y7    GEN_BRAM.u_core/imem/data_out_reg_1/CLKARDCLK
Min Period        n/a     BUFG/I              n/a            1.600         30.000      28.400     BUFGCTRL_X0Y0  clk_IBUF_BUFG_inst/I
Min Period        n/a     FDCE/C              n/a            0.750         30.000      29.250     SLICE_X8Y28    GEN_BRAM.u_core/FSM_onehot_state_reg[5]/C
Min Period        n/a     FDCE/C              n/a            0.750         30.000      29.250     SLICE_X10Y28   GEN_BRAM.u_core/ir_reg[14]/C
Min Period        n/a     FDCE/C              n/a            0.750         30.000      29.250     SLICE_X10Y28   GEN_BRAM.u_core/ir_reg[14]_lopt_replica/C
Min Period        n/a     FDCE/C              n/a            0.750         30.000      29.250     SLICE_X11Y29   GEN_BRAM.u_core/ir_reg[7]/C
Min Period        n/a     FDCE/C              n/a            0.750         30.000      29.250     SLICE_X11Y29   GEN_BRAM.u_core/ir_reg[7]_lopt_replica/C
Min Period        n/a     FDCE/C              n/a            0.750         30.000      29.250     SLICE_X11Y29   GEN_BRAM.u_core/ir_reg[8]/C
Min Period        n/a     FDCE/C              n/a            0.750         30.000      29.250     SLICE_X11Y29   GEN_BRAM.u_core/ir_reg[8]_lopt_replica/C
Min Period        n/a     FDCE/C              n/a            0.750         30.000      29.250     SLICE_X3Y26    GEN_BRAM.u_core/divider/count_reg[1]/C
Min Period        n/a     FDCE/C              n/a            0.750         30.000      29.250     SLICE_X2Y26    GEN_BRAM.u_core/divider/count_reg[3]/C
Min Period        n/a     FDCE/C              n/a            0.750         30.000      29.250     SLICE_X5Y33    GEN_BRAM.u_core/divider/remainder_work_reg[13]/C
Min Period        n/a     FDCE/C              n/a            0.750         30.000      29.250     SLICE_X2Y35    GEN_BRAM.u_core/divider/remainder_work_reg[15]/C
Min Period        n/a     FDCE/C              n/a            0.750         30.000      29.250     SLICE_X2Y35    GEN_BRAM.u_core/divider/remainder_work_reg[17]/C
Min Period        n/a     FDCE/C              n/a            0.750         30.000      29.250     SLICE_X2Y36    GEN_BRAM.u_core/divider/remainder_work_reg[19]/C
Low Pulse Width   Slow    RAMD32/CLK          n/a            0.910         15.000      14.090     SLICE_X6Y32    GEN_BRAM.u_core/reg_file/registers_reg_r1_0_31_0_5/RAMA/CLK
Low Pulse Width   Fast    RAMD32/CLK          n/a            0.910         15.000      14.090     SLICE_X6Y32    GEN_BRAM.u_core/reg_file/registers_reg_r1_0_31_0_5/RAMA/CLK
Low Pulse Width   Slow    RAMD32/CLK          n/a            0.910         15.000      14.090     SLICE_X6Y32    GEN_BRAM.u_core/reg_file/registers_reg_r1_0_31_0_5/RAMA_D1/CLK
Low Pulse Width   Fast    RAMD32/CLK          n/a            0.910         15.000      14.090     SLICE_X6Y32    GEN_BRAM.u_core/reg_file/registers_reg_r1_0_31_0_5/RAMA_D1/CLK
Low Pulse Width   Slow    RAMD32/CLK          n/a            0.910         15.000      14.090     SLICE_X6Y32    GEN_BRAM.u_core/reg_file/registers_reg_r1_0_31_0_5/RAMB/CLK
Low Pulse Width   Fast    RAMD32/CLK          n/a            0.910         15.000      14.090     SLICE_X6Y32    GEN_BRAM.u_core/reg_file/registers_reg_r1_0_31_0_5/RAMB/CLK
Low Pulse Width   Slow    RAMD32/CLK          n/a            0.910         15.000      14.090     SLICE_X6Y32    GEN_BRAM.u_core/reg_file/registers_reg_r1_0_31_0_5/RAMB_D1/CLK
Low Pulse Width   Fast    RAMD32/CLK          n/a            0.910         15.000      14.090     SLICE_X6Y32    GEN_BRAM.u_core/reg_file/registers_reg_r1_0_31_0_5/RAMB_D1/CLK
Low Pulse Width   Slow    RAMD32/CLK          n/a            0.910         15.000      14.090     SLICE_X6Y32    GEN_BRAM.u_core/reg_file/registers_reg_r1_0_31_0_5/RAMC/CLK
Low Pulse Width   Fast    RAMD32/CLK          n/a            0.910         15.000      14.090     SLICE_X6Y32    GEN_BRAM.u_core/reg_file/registers_reg_r1_0_31_0_5/RAMC/CLK
Low Pulse Width   Slow    RAMD32/CLK          n/a            0.910         15.000      14.090     SLICE_X6Y32    GEN_BRAM.u_core/reg_file/registers_reg_r1_0_31_0_5/RAMC_D1/CLK
Low Pulse Width   Fast    RAMD32/CLK          n/a            0.910         15.000      14.090     SLICE_X6Y32    GEN_BRAM.u_core/reg_file/registers_reg_r1_0_31_0_5/RAMC_D1/CLK
Low Pulse Width   Slow    RAMS32/CLK          n/a            0.910         15.000      14.090     SLICE_X6Y32    GEN_BRAM.u_core/reg_file/registers_reg_r1_0_31_0_5/RAMD/CLK
Low Pulse Width   Fast    RAMS32/CLK          n/a            0.910         15.000      14.090     SLICE_X6Y32    GEN_BRAM.u_core/reg_file/registers_reg_r1_0_31_0_5/RAMD/CLK
Low Pulse Width   Slow    RAMS32/CLK          n/a            0.910         15.000      14.090     SLICE_X6Y32    GEN_BRAM.u_core/reg_file/registers_reg_r1_0_31_0_5/RAMD_D1/CLK
Low Pulse Width   Fast    RAMS32/CLK          n/a            0.910         15.000      14.090     SLICE_X6Y32    GEN_BRAM.u_core/reg_file/registers_reg_r1_0_31_0_5/RAMD_D1/CLK
Low Pulse Width   Slow    RAMD32/CLK          n/a            0.910         15.000      14.090     SLICE_X6Y38    GEN_BRAM.u_core/reg_file/registers_reg_r1_0_31_12_17/RAMA/CLK
Low Pulse Width   Fast    RAMD32/CLK          n/a            0.910         15.000      14.090     SLICE_X6Y38    GEN_BRAM.u_core/reg_file/registers_reg_r1_0_31_12_17/RAMA/CLK
Low Pulse Width   Slow    RAMD32/CLK          n/a            0.910         15.000      14.090     SLICE_X6Y38    GEN_BRAM.u_core/reg_file/registers_reg_r1_0_31_12_17/RAMA_D1/CLK
Low Pulse Width   Fast    RAMD32/CLK          n/a            0.910         15.000      14.090     SLICE_X6Y38    GEN_BRAM.u_core/reg_file/registers_reg_r1_0_31_12_17/RAMA_D1/CLK
High Pulse Width  Slow    RAMD32/CLK          n/a            0.910         15.000      14.090     SLICE_X6Y32    GEN_BRAM.u_core/reg_file/registers_reg_r1_0_31_0_5/RAMA/CLK
High Pulse Width  Fast    RAMD32/CLK          n/a            0.910         15.000      14.090     SLICE_X6Y32    GEN_BRAM.u_core/reg_file/registers_reg_r1_0_31_0_5/RAMA/CLK
High Pulse Width  Slow    RAMD32/CLK          n/a            0.910         15.000      14.090     SLICE_X6Y32    GEN_BRAM.u_core/reg_file/registers_reg_r1_0_31_0_5/RAMA_D1/CLK
High Pulse Width  Fast    RAMD32/CLK          n/a            0.910         15.000      14.090     SLICE_X6Y32    GEN_BRAM.u_core/reg_file/registers_reg_r1_0_31_0_5/RAMA_D1/CLK
High Pulse Width  Slow    RAMD32/CLK          n/a            0.910         15.000      14.090     SLICE_X6Y32    GEN_BRAM.u_core/reg_file/registers_reg_r1_0_31_0_5/RAMB/CLK
High Pulse Width  Fast    RAMD32/CLK          n/a            0.910         15.000      14.090     SLICE_X6Y32    GEN_BRAM.u_core/reg_file/registers_reg_r1_0_31_0_5/RAMB/CLK
High Pulse Width  Slow    RAMD32/CLK          n/a            0.910         15.000      14.090     SLICE_X6Y32    GEN_BRAM.u_core/reg_file/registers_reg_r1_0_31_0_5/RAMB_D1/CLK
High Pulse Width  Fast    RAMD32/CLK          n/a            0.910         15.000      14.090     SLICE_X6Y32    GEN_BRAM.u_core/reg_file/registers_reg_r1_0_31_0_5/RAMB_D1/CLK
High Pulse Width  Slow    RAMD32/CLK          n/a            0.910         15.000      14.090     SLICE_X6Y32    GEN_BRAM.u_core/reg_file/registers_reg_r1_0_31_0_5/RAMC/CLK
High Pulse Width  Fast    RAMD32/CLK          n/a            0.910         15.000      14.090     SLICE_X6Y32    GEN_BRAM.u_core/reg_file/registers_reg_r1_0_31_0_5/RAMC/CLK
High Pulse Width  Slow    RAMD32/CLK          n/a            0.910         15.000      14.090     SLICE_X6Y32    GEN_BRAM.u_core/reg_file/registers_reg_r1_0_31_0_5/RAMC_D1/CLK
High Pulse Width  Fast    RAMD32/CLK          n/a            0.910         15.000      14.090     SLICE_X6Y32    GEN_BRAM.u_core/reg_file/registers_reg_r1_0_31_0_5/RAMC_D1/CLK
High Pulse Width  Slow    RAMS32/CLK          n/a            0.910         15.000      14.090     SLICE_X6Y32    GEN_BRAM.u_core/reg_file/registers_reg_r1_0_31_0_5/RAMD/CLK
High Pulse Width  Fast    RAMS32/CLK          n/a            0.910         15.000      14.090     SLICE_X6Y32    GEN_BRAM.u_core/reg_file/registers_reg_r1_0_31_0_5/RAMD/CLK
High Pulse Width  Slow    RAMS32/CLK          n/a            0.910         15.000      14.090     SLICE_X6Y32    GEN_BRAM.u_core/reg_file/registers_reg_r1_0_31_0_5/RAMD_D1/CLK
High Pulse Width  Fast    RAMS32/CLK          n/a            0.910         15.000      14.090     SLICE_X6Y32    GEN_BRAM.u_core/reg_file/registers_reg_r1_0_31_0_5/RAMD_D1/CLK
High Pulse Width  Slow    RAMD32/CLK          n/a            0.910         15.000      14.090     SLICE_X6Y38    GEN_BRAM.u_core/reg_file/registers_reg_r1_0_31_12_17/RAMA/CLK
High Pulse Width  Fast    RAMD32/CLK          n/a            0.910         15.000      14.090     SLICE_X6Y38    GEN_BRAM.u_core/reg_file/registers_reg_r1_0_31_12_17/RAMA/CLK
High Pulse Width  Slow    RAMD32/CLK          n/a            0.910         15.000      14.090     SLICE_X6Y38    GEN_BRAM.u_core/reg_file/registers_reg_r1_0_31_12_17/RAMA_D1/CLK
High Pulse Width  Fast    RAMD32/CLK          n/a            0.910         15.000      14.090     SLICE_X6Y38    GEN_BRAM.u_core/reg_file/registers_reg_r1_0_31_12_17/RAMA_D1/CLK



