Copyright 1986-2022 Xilinx, Inc. All Rights Reserved. Copyright 2022-2025 Advanced Micro Devices, Inc. All Rights Reserved.
---------------------------------------------------------------------------------------------------------------------------------------------
| Tool Version : Vivado v.2025.2 (win64) Build 6299465 Fri Nov 14 19:35:11 GMT 2025
| Date         : Wed Sep 30 11:53:45 2026
| Host         : LAPTOP_Truong running 64-bit major release  (build 9200)
| Command      : report_timing_summary -delay_type max -max_paths 20 -file ./build/reproduced_9config_mem1/RCA_VEDIC_timing.rpt
| Design       : cpu_top
| Device       : 7z030-ffg676
| Speed File   : -1  PRODUCTION 1.12 2019-11-22
| Design State : Routed
---------------------------------------------------------------------------------------------------------------------------------------------

Timing Summary Report

------------------------------------------------------------------------------------------------
| Timer Settings
| --------------
------------------------------------------------------------------------------------------------

  Enable Multi Corner Analysis               :  Yes
  Enable Pessimism Removal                   :  Yes
  Pessimism Removal Resolution               :  Nearest Common Node
  Enable Input Delay Default Clock           :  No
  Enable Preset / Clear Arcs                 :  No
  Disable Flight Delays                      :  No
  Ignore I/O Paths                           :  No
  Timing Early Launch at Borrowing Latches   :  No
  Borrow Time for Max Delay Exceptions       :  Yes
  Merge Timing Exceptions                    :  Yes
  Inter-SLR Compensation                     :  Conservative

  Corner  Analyze    Analyze    
  Name    Max Paths  Min Paths  
  ------  ---------  ---------  
  Slow    Yes        Yes        
  Fast    Yes        Yes        


------------------------------------------------------------------------------------------------
| Report Methodology
| ------------------
------------------------------------------------------------------------------------------------

Rule       Severity  Description                                 Violations  
---------  --------  ------------------------------------------  ----------  
SYNTH-6    Warning   Timing of a RAM block might be sub-optimal  4           
TIMING-18  Warning   Missing input or output delay               101         

Note: This report is based on the most recent report_methodology run and may not be up-to-date. Run report_methodology on the current design for the latest report.



check_timing report

Table of Contents
-----------------
1. checking no_clock (0)
2. checking constant_clock (0)
3. checking pulse_width_clock (0)
4. checking unconstrained_internal_endpoints (0)
5. checking no_input_delay (1)
6. checking no_output_delay (101)
7. checking multiple_clock (0)
8. checking generated_clocks (0)
9. checking loops (0)
10. checking partial_input_delay (0)
11. checking partial_output_delay (0)
12. checking latch_loops (0)

1. checking no_clock (0)
------------------------
 There are 0 register/latch pins with no clock.


2. checking constant_clock (0)
------------------------------
 There are 0 register/latch pins with constant_clock.


3. checking pulse_width_clock (0)
---------------------------------
 There are 0 register/latch pins which need pulse_width check


4. checking unconstrained_internal_endpoints (0)
------------------------------------------------
 There are 0 pins that are not constrained for maximum delay.

 There are 0 pins that are not constrained for maximum delay due to constant clock.


5. checking no_input_delay (1)
------------------------------
 There are 0 input ports with no input delay specified.

 There is 1 input port with no input delay but user has a false path constraint. (MEDIUM)


6. checking no_output_delay (101)
---------------------------------
 There are 101 ports with no output delay specified. (HIGH)

 There are 0 ports with no output delay but user has a false path constraint

 There are 0 ports with no output delay but with a timing clock defined on it or propagating through it


7. checking multiple_clock (0)
------------------------------
 There are 0 register/latch pins with multiple clocks.


8. checking generated_clocks (0)
--------------------------------
 There are 0 generated clocks that are not connected to a clock source.


9. checking loops (0)
---------------------
 There are 0 combinational loops in the design.


10. checking partial_input_delay (0)
------------------------------------
 There are 0 input ports with partial input delay specified.


11. checking partial_output_delay (0)
-------------------------------------
 There are 0 ports with partial output delay specified.


12. checking latch_loops (0)
----------------------------
 There are 0 combinational latch loops in the design through latch input



------------------------------------------------------------------------------------------------
| Design Timing Summary
| ---------------------
------------------------------------------------------------------------------------------------

    WNS(ns)      TNS(ns)  TNS Failing Endpoints  TNS Total Endpoints     WPWS(ns)     TPWS(ns)  TPWS Failing Endpoints  TPWS Total Endpoints  
    -------      -------  ---------------------  -------------------     --------     --------  ----------------------  --------------------  
      9.675        0.000                      0                 1212       14.090        0.000                       0                   351  


All user specified timing constraints are met.


------------------------------------------------------------------------------------------------
| Clock Summary
| -------------
------------------------------------------------------------------------------------------------

Clock    Waveform(ns)       Period(ns)      Frequency(MHz)
-----    ------------       ----------      --------------
sys_clk  {0.000 15.000}     30.000          33.333          


------------------------------------------------------------------------------------------------
| Intra Clock Table
| -----------------
------------------------------------------------------------------------------------------------

Clock             WNS(ns)      TNS(ns)  TNS Failing Endpoints  TNS Total Endpoints     WPWS(ns)     TPWS(ns)  TPWS Failing Endpoints  TPWS Total Endpoints  
-----             -------      -------  ---------------------  -------------------     --------     --------  ----------------------  --------------------  
sys_clk             9.675        0.000                      0                 1212       14.090        0.000                       0                   351  


------------------------------------------------------------------------------------------------
| Inter Clock Table
| -----------------
------------------------------------------------------------------------------------------------

From Clock    To Clock          WNS(ns)      TNS(ns)  TNS Failing Endpoints  TNS Total Endpoints  
----------    --------          -------      -------  ---------------------  -------------------  


------------------------------------------------------------------------------------------------
| Other Path Groups Table
| -----------------------
------------------------------------------------------------------------------------------------

Path Group    From Clock    To Clock          WNS(ns)      TNS(ns)  TNS Failing Endpoints  TNS Total Endpoints  
----------    ----------    --------          -------      -------  ---------------------  -------------------  


------------------------------------------------------------------------------------------------
| Timing Details
| --------------
------------------------------------------------------------------------------------------------


---------------------------------------------------------------------------------------------------
From Clock:  sys_clk
  To Clock:  sys_clk

Setup :            0  Failing Endpoints,  Worst Slack        9.675ns,  Total Violation        0.000ns
Hold  :           NA  Failing Endpoints,  Worst Slack           NA  ,  Total Violation           NA
PW    :            0  Failing Endpoints,  Worst Slack       14.090ns,  Total Violation        0.000ns
---------------------------------------------------------------------------------------------------


Max Delay Paths
--------------------------------------------------------------------------------------
Slack (MET) :             9.675ns  (required time - arrival time)
  Source:                 GEN_BRAM.u_core/ir_reg[15]/C
                            (rising edge-triggered cell FDCE clocked by sys_clk  {rise@0.000ns fall@15.000ns period=30.000ns})
  Destination:            GEN_BRAM.u_core/dmem/mem_reg_1/DIADI[13]
                            (rising edge-triggered cell RAMB36E1 clocked by sys_clk  {rise@0.000ns fall@15.000ns period=30.000ns})
  Path Group:             sys_clk
  Path Type:              Setup (Max at Slow Process Corner)
  Requirement:            30.000ns  (sys_clk rise@30.000ns - sys_clk rise@0.000ns)
  Data Path Delay:        20.090ns  (logic 5.726ns (28.502%)  route 14.364ns (71.498%))
  Logic Levels:           31  (CARRY4=13 LUT1=1 LUT2=1 LUT3=5 LUT4=4 LUT5=2 LUT6=3 MUXF7=1 RAMD32=1)
  Clock Path Skew:        0.005ns (DCD - SCD + CPR)
    Destination Clock Delay (DCD):    4.214ns = ( 34.214 - 30.000 ) 
    Source Clock Delay      (SCD):    4.473ns
    Clock Pessimism Removal (CPR):    0.263ns
  Clock Uncertainty:      0.035ns  ((TSJ^2 + TIJ^2)^1/2 + DJ) / 2 + PE
    Total System Jitter     (TSJ):    0.071ns
    Total Input Jitter      (TIJ):    0.000ns
    Discrete Jitter          (DJ):    0.000ns
    Phase Error              (PE):    0.000ns

    Location             Delay type                Incr(ns)  Path(ns)    Netlist Resource(s)
  -------------------------------------------------------------------    -------------------
                         (clock sys_clk rise edge)    0.000     0.000 r  
    AD23                                              0.000     0.000 r  clk (IN)
                         net (fo=0)                   0.000     0.000    clk
    AD23                 IBUF (Prop_ibuf_I_O)         0.873     0.873 r  clk_IBUF_inst/O
                         net (fo=1, routed)           1.830     2.703    clk_IBUF
    BUFGCTRL_X0Y0        BUFG (Prop_bufg_I_O)         0.120     2.823 r  clk_IBUF_BUFG_inst/O
                         net (fo=350, routed)         1.650     4.473    GEN_BRAM.u_core/clk_IBUF_BUFG
    SLICE_X8Y15          FDCE                                         r  GEN_BRAM.u_core/ir_reg[15]/C
  -------------------------------------------------------------------    -------------------
    SLICE_X8Y15          FDCE (Prop_fdce_C_Q)         0.308     4.781 r  GEN_BRAM.u_core/ir_reg[15]/Q
                         net (fo=97, routed)          0.962     5.743    GEN_BRAM.u_core/reg_file/registers_reg_r1_0_31_0_5/ADDRA0
    SLICE_X4Y16          RAMD32 (Prop_ramd32_RADR0_O)
                                                      0.066     5.809 f  GEN_BRAM.u_core/reg_file/registers_reg_r1_0_31_0_5/RAMA/O
                         net (fo=10, routed)          1.146     6.955    GEN_BRAM.u_core/alu_mux_a/dataR10[0]
    SLICE_X6Y29          LUT4 (Prop_lut4_I1_O)        0.168     7.123 r  GEN_BRAM.u_core/alu_mux_a/u_adder_i_32/O
                         net (fo=90, routed)          0.579     7.702    GEN_BRAM.u_core/alu/u_mul/u_mul/GEN_VEDIC.u_mul/u2/result[1]_INST_0_i_11_n_0
    SLICE_X11Y27         CARRY4 (Prop_carry4_CYINIT_CO[3])
                                                      0.346     8.048 r  GEN_BRAM.u_core/alu/u_mul/u_mul/GEN_VEDIC.u_mul/u2/result[1]_INST_0_i_5/CO[3]
                         net (fo=1, routed)           0.000     8.048    GEN_BRAM.u_core/alu/u_mul/u_mul/GEN_VEDIC.u_mul/u2/result[1]_INST_0_i_5_n_0
    SLICE_X11Y28         CARRY4 (Prop_carry4_CI_CO[3])
                                                      0.058     8.106 r  GEN_BRAM.u_core/alu/u_mul/u_mul/GEN_VEDIC.u_mul/u2/product__0_carry_i_42__1/CO[3]
                         net (fo=1, routed)           0.000     8.106    GEN_BRAM.u_core/alu/u_mul/u_mul/GEN_VEDIC.u_mul/u2/product__0_carry_i_42__1_n_0
    SLICE_X11Y29         CARRY4 (Prop_carry4_CI_O[1])
                                                      0.213     8.319 r  GEN_BRAM.u_core/alu/u_mul/u_mul/GEN_VEDIC.u_mul/u2/product__0_carry_i_73__0/O[1]
                         net (fo=1, routed)           0.280     8.599    GEN_BRAM.u_core/alu/u_mul/u_mul/GEN_VEDIC.u_mul/u2/mag_a0[10]
    SLICE_X10Y29         LUT6 (Prop_lut6_I0_O)        0.152     8.751 r  GEN_BRAM.u_core/alu/u_mul/u_mul/GEN_VEDIC.u_mul/u2/product__0_carry_i_44__1/O
                         net (fo=80, routed)          2.008    10.759    GEN_BRAM.u_core/alu/u_mul/u_mul/GEN_VEDIC.u_mul/u0/mag_a[9]
    SLICE_X23Y9          LUT4 (Prop_lut4_I1_O)        0.056    10.815 r  GEN_BRAM.u_core/alu/u_mul/u_mul/GEN_VEDIC.u_mul/u0/product__0_carry_i_37/O
                         net (fo=2, routed)           0.639    11.454    GEN_BRAM.u_core/alu/u_mul/u_mul/GEN_VEDIC.u_mul/u0/u1/u0/p1[1]
    SLICE_X22Y9          LUT3 (Prop_lut3_I0_O)        0.185    11.639 r  GEN_BRAM.u_core/alu/u_mul/u_mul/GEN_VEDIC.u_mul/u0/product__0_carry_i_14/O
                         net (fo=2, routed)           0.289    11.928    GEN_BRAM.u_core/alu/u_mul/u_mul/GEN_VEDIC.u_mul/u0/product__0_carry_i_14_n_0
    SLICE_X22Y9          LUT5 (Prop_lut5_I4_O)        0.172    12.100 r  GEN_BRAM.u_core/alu/u_mul/u_mul/GEN_VEDIC.u_mul/u0/product__0_carry_i_17__1/O
                         net (fo=1, routed)           0.000    12.100    GEN_BRAM.u_core/alu/u_mul/u_mul/GEN_VEDIC.u_mul/u0/product__0_carry_i_17__1_n_0
    SLICE_X22Y9          CARRY4 (Prop_carry4_S[2]_CO[3])
                                                      0.219    12.319 r  GEN_BRAM.u_core/alu/u_mul/u_mul/GEN_VEDIC.u_mul/u0/product__0_carry_i_8/CO[3]
                         net (fo=1, routed)           0.000    12.319    GEN_BRAM.u_core/alu/u_mul/u_mul/GEN_VEDIC.u_mul/u0/product__0_carry_i_8_n_0
    SLICE_X22Y10         CARRY4 (Prop_carry4_CI_O[0])
                                                      0.135    12.454 r  GEN_BRAM.u_core/alu/u_mul/u_mul/GEN_VEDIC.u_mul/u0/product__0_carry__0_i_31/O[0]
                         net (fo=2, routed)           0.605    13.059    GEN_BRAM.u_core/alu/u_mul/u_mul/GEN_VEDIC.u_mul/u0/u1/p0_20[6]
    SLICE_X25Y11         LUT3 (Prop_lut3_I2_O)        0.166    13.225 r  GEN_BRAM.u_core/alu/u_mul/u_mul/GEN_VEDIC.u_mul/u0/product__0_carry__0_i_12/O
                         net (fo=2, routed)           0.445    13.670    GEN_BRAM.u_core/alu/u_mul/u_mul/GEN_VEDIC.u_mul/u0/product__0_carry__0_i_12_n_0
    SLICE_X25Y11         CARRY4 (Prop_carry4_DI[3]_CO[3])
                                                      0.342    14.012 r  GEN_BRAM.u_core/alu/u_mul/u_mul/GEN_VEDIC.u_mul/u0/product__0_carry__0_i_9/CO[3]
                         net (fo=1, routed)           0.000    14.012    GEN_BRAM.u_core/alu/u_mul/u_mul/GEN_VEDIC.u_mul/u0/product__0_carry__0_i_9_n_0
    SLICE_X25Y12         CARRY4 (Prop_carry4_CI_O[3])
                                                      0.179    14.191 r  GEN_BRAM.u_core/alu/u_mul/u_mul/GEN_VEDIC.u_mul/u0/product__0_carry__1_i_9/O[3]
                         net (fo=2, routed)           0.816    15.006    GEN_BRAM.u_core/alu/u_mul/u_mul/GEN_VEDIC.u_mul/u0/p1[11]
    SLICE_X19Y12         LUT3 (Prop_lut3_I0_O)        0.155    15.161 r  GEN_BRAM.u_core/alu/u_mul/u_mul/GEN_VEDIC.u_mul/u0/product__0_carry__2_i_4__2/O
                         net (fo=2, routed)           0.443    15.604    GEN_BRAM.u_core/alu/u_mul/u_mul/GEN_VEDIC.u_mul/u0/product__0_carry__2_i_4__2_n_0
    SLICE_X19Y13         LUT4 (Prop_lut4_I3_O)        0.168    15.772 r  GEN_BRAM.u_core/alu/u_mul/u_mul/GEN_VEDIC.u_mul/u0/product__0_carry__2_i_8__2/O
                         net (fo=1, routed)           0.000    15.772    GEN_BRAM.u_core/alu/u_mul/u_mul/GEN_VEDIC.u_mul/u0/product__0_carry__2_i_8__2_n_0
    SLICE_X19Y13         CARRY4 (Prop_carry4_S[0]_CO[3])
                                                      0.313    16.085 r  GEN_BRAM.u_core/alu/u_mul/u_mul/GEN_VEDIC.u_mul/u0/product__0_carry__2/CO[3]
                         net (fo=1, routed)           0.000    16.085    GEN_BRAM.u_core/alu/u_mul/u_mul/GEN_VEDIC.u_mul/u0/product__0_carry__2_n_0
    SLICE_X19Y14         CARRY4 (Prop_carry4_CI_O[2])
                                                      0.136    16.221 r  GEN_BRAM.u_core/alu/u_mul/u_mul/GEN_VEDIC.u_mul/u0/product__0_carry__3/O[2]
                         net (fo=2, routed)           0.730    16.951    GEN_BRAM.u_core/alu/u_mul/u_mul/GEN_VEDIC.u_mul/u1/result[31]_INST_0_i_1_0[2]
    SLICE_X20Y20         LUT3 (Prop_lut3_I2_O)        0.162    17.113 r  GEN_BRAM.u_core/alu/u_mul/u_mul/GEN_VEDIC.u_mul/u1/result[27]_INST_0_i_3/O
                         net (fo=2, routed)           0.477    17.590    GEN_BRAM.u_core/alu/u_mul/u_mul/GEN_VEDIC.u_mul/u1/result[27]_INST_0_i_3_n_0
    SLICE_X20Y20         LUT4 (Prop_lut4_I3_O)        0.164    17.754 r  GEN_BRAM.u_core/alu/u_mul/u_mul/GEN_VEDIC.u_mul/u1/result[27]_INST_0_i_7/O
                         net (fo=1, routed)           0.000    17.754    GEN_BRAM.u_core/alu/u_mul/u_mul/GEN_VEDIC.u_mul/u1/result[27]_INST_0_i_7_n_0
    SLICE_X20Y20         CARRY4 (Prop_carry4_S[3]_CO[3])
                                                      0.216    17.970 r  GEN_BRAM.u_core/alu/u_mul/u_mul/GEN_VEDIC.u_mul/u1/result[27]_INST_0_i_1/CO[3]
                         net (fo=1, routed)           0.000    17.970    GEN_BRAM.u_core/alu/u_mul/u_mul/GEN_VEDIC.u_mul/u1/result[27]_INST_0_i_1_n_0
    SLICE_X20Y21         CARRY4 (Prop_carry4_CI_O[1])
                                                      0.212    18.182 f  GEN_BRAM.u_core/alu/u_mul/u_mul/GEN_VEDIC.u_mul/u1/result[31]_INST_0_i_1/O[1]
                         net (fo=2, routed)           0.438    18.620    GEN_BRAM.u_core/alu/u_mul/u_mul/GEN_VEDIC.u_mul/u1/result[31]_INST_0_i_13_0[6]
    SLICE_X18Y24         LUT1 (Prop_lut1_I0_O)        0.155    18.775 r  GEN_BRAM.u_core/alu/u_mul/u_mul/GEN_VEDIC.u_mul/u1/result[0]_INST_0_i_6/O
                         net (fo=1, routed)           0.000    18.775    GEN_BRAM.u_core/alu/u_mul/u_mul/GEN_VEDIC.u_mul/u1/p_0_in[29]
    SLICE_X18Y24         CARRY4 (Prop_carry4_S[0]_CO[3])
                                                      0.297    19.072 r  GEN_BRAM.u_core/alu/u_mul/u_mul/GEN_VEDIC.u_mul/u1/result[0]_INST_0_i_1/CO[3]
                         net (fo=1, routed)           0.008    19.080    GEN_BRAM.u_core/alu/u_mul/u_mul/GEN_VEDIC.u_mul/u1/result[0]_INST_0_i_1_n_0
    SLICE_X18Y25         CARRY4 (Prop_carry4_CI_O[0])
                                                      0.135    19.215 r  GEN_BRAM.u_core/alu/u_mul/u_mul/GEN_VEDIC.u_mul/u1/result[4]_INST_0_i_1/O[0]
                         net (fo=1, routed)           0.467    19.683    GEN_BRAM.u_core/alu/u_mul/u_mul/GEN_VEDIC.u_mul/u1/signed_product0[33]
    SLICE_X19Y25         LUT5 (Prop_lut5_I4_O)        0.153    19.836 r  GEN_BRAM.u_core/alu/u_mul/u_mul/GEN_VEDIC.u_mul/u1/result[1]_INST_0/O
                         net (fo=2, routed)           0.807    20.642    GEN_BRAM.u_core/reg_file/result[0]
    SLICE_X6Y34          LUT6 (Prop_lut6_I2_O)        0.053    20.695 r  GEN_BRAM.u_core/reg_file/debug_alu_out_OBUF[1]_inst_i_2/O
                         net (fo=2, routed)           0.000    20.695    GEN_BRAM.u_core/alu_mux_b/load_addr_hold_reg[1]
    SLICE_X6Y34          MUXF7 (Prop_muxf7_I0_O)      0.121    20.816 r  GEN_BRAM.u_core/alu_mux_b/debug_alu_out_OBUF[1]_inst_i_1/O
                         net (fo=43, routed)          1.471    22.287    GEN_BRAM.u_core/alu_mux_b/D[0]
    SLICE_X9Y17          LUT3 (Prop_lut3_I2_O)        0.165    22.452 r  GEN_BRAM.u_core/alu_mux_b/mem_reg_1_i_41/O
                         net (fo=12, routed)          0.583    23.035    GEN_BRAM.u_core/alu_mux_b/ir_reg[14]
    SLICE_X8Y19          LUT2 (Prop_lut2_I0_O)        0.184    23.219 r  GEN_BRAM.u_core/alu_mux_b/mem_reg_1_i_19/O
                         net (fo=8, routed)           0.607    23.826    GEN_BRAM.u_core/reg_file/mem_reg_1_2
    SLICE_X10Y21         LUT6 (Prop_lut6_I0_O)        0.172    23.998 r  GEN_BRAM.u_core/reg_file/mem_reg_1_i_3/O
                         net (fo=1, routed)           0.565    24.563    GEN_BRAM.u_core/dmem/wdata[29]
    RAMB36_X0Y4          RAMB36E1                                     r  GEN_BRAM.u_core/dmem/mem_reg_1/DIADI[13]
  -------------------------------------------------------------------    -------------------

                         (clock sys_clk rise edge)   30.000    30.000 r  
    AD23                                              0.000    30.000 r  clk (IN)
                         net (fo=0)                   0.000    30.000    clk
    AD23                 IBUF (Prop_ibuf_I_O)         0.796    30.796 r  clk_IBUF_inst/O
                         net (fo=1, routed)           1.741    32.537    clk_IBUF
    BUFGCTRL_X0Y0        BUFG (Prop_bufg_I_O)         0.113    32.650 r  clk_IBUF_BUFG_inst/O
                         net (fo=350, routed)         1.564    34.214    GEN_BRAM.u_core/dmem/clk_IBUF_BUFG
    RAMB36_X0Y4          RAMB36E1                                     r  GEN_BRAM.u_core/dmem/mem_reg_1/CLKARDCLK
                         clock pessimism              0.263    34.477    
                         clock uncertainty           -0.035    34.442    
    RAMB36_X0Y4          RAMB36E1 (Setup_ramb36e1_CLKARDCLK_DIADI[13])
                                                     -0.204    34.238    GEN_BRAM.u_core/dmem/mem_reg_1
  -------------------------------------------------------------------
                         required time                         34.238    
                         arrival time                         -24.563    
  -------------------------------------------------------------------
                         slack                                  9.675    

Slack (MET) :             9.683ns  (required time - arrival time)
  Source:                 GEN_BRAM.u_core/ir_reg[15]/C
                            (rising edge-triggered cell FDCE clocked by sys_clk  {rise@0.000ns fall@15.000ns period=30.000ns})
  Destination:            GEN_BRAM.u_core/reg_file/registers_reg_r2_0_31_0_5/RAMA_D1/I
                            (rising edge-triggered cell RAMD32 clocked by sys_clk  {rise@0.000ns fall@15.000ns period=30.000ns})
  Path Group:             sys_clk
  Path Type:              Setup (Max at Slow Process Corner)
  Requirement:            30.000ns  (sys_clk rise@30.000ns - sys_clk rise@0.000ns)
  Data Path Delay:        20.146ns  (logic 5.444ns (27.022%)  route 14.702ns (72.978%))
  Logic Levels:           33  (CARRY4=13 LUT1=1 LUT2=1 LUT3=4 LUT4=4 LUT5=2 LUT6=6 MUXF7=1 RAMD32=1)
  Clock Path Skew:        0.031ns (DCD - SCD + CPR)
    Destination Clock Delay (DCD):    4.247ns = ( 34.247 - 30.000 ) 
    Source Clock Delay      (SCD):    4.473ns
    Clock Pessimism Removal (CPR):    0.256ns
  Clock Uncertainty:      0.035ns  ((TSJ^2 + TIJ^2)^1/2 + DJ) / 2 + PE
    Total System Jitter     (TSJ):    0.071ns
    Total Input Jitter      (TIJ):    0.000ns
    Discrete Jitter          (DJ):    0.000ns
    Phase Error              (PE):    0.000ns

    Location             Delay type                Incr(ns)  Path(ns)    Netlist Resource(s)
  -------------------------------------------------------------------    -------------------
                         (clock sys_clk rise edge)    0.000     0.000 r  
    AD23                                              0.000     0.000 r  clk (IN)
                         net (fo=0)                   0.000     0.000    clk
    AD23                 IBUF (Prop_ibuf_I_O)         0.873     0.873 r  clk_IBUF_inst/O
                         net (fo=1, routed)           1.830     2.703    clk_IBUF
    BUFGCTRL_X0Y0        BUFG (Prop_bufg_I_O)         0.120     2.823 r  clk_IBUF_BUFG_inst/O
                         net (fo=350, routed)         1.650     4.473    GEN_BRAM.u_core/clk_IBUF_BUFG
    SLICE_X8Y15          FDCE                                         r  GEN_BRAM.u_core/ir_reg[15]/C
  -------------------------------------------------------------------    -------------------
    SLICE_X8Y15          FDCE (Prop_fdce_C_Q)         0.308     4.781 r  GEN_BRAM.u_core/ir_reg[15]/Q
                         net (fo=97, routed)          0.962     5.743    GEN_BRAM.u_core/reg_file/registers_reg_r1_0_31_0_5/ADDRA0
    SLICE_X4Y16          RAMD32 (Prop_ramd32_RADR0_O)
                                                      0.066     5.809 f  GEN_BRAM.u_core/reg_file/registers_reg_r1_0_31_0_5/RAMA/O
                         net (fo=10, routed)          1.146     6.955    GEN_BRAM.u_core/alu_mux_a/dataR10[0]
    SLICE_X6Y29          LUT4 (Prop_lut4_I1_O)        0.168     7.123 r  GEN_BRAM.u_core/alu_mux_a/u_adder_i_32/O
                         net (fo=90, routed)          0.579     7.702    GEN_BRAM.u_core/alu/u_mul/u_mul/GEN_VEDIC.u_mul/u2/result[1]_INST_0_i_11_n_0
    SLICE_X11Y27         CARRY4 (Prop_carry4_CYINIT_CO[3])
                                                      0.346     8.048 r  GEN_BRAM.u_core/alu/u_mul/u_mul/GEN_VEDIC.u_mul/u2/result[1]_INST_0_i_5/CO[3]
                         net (fo=1, routed)           0.000     8.048    GEN_BRAM.u_core/alu/u_mul/u_mul/GEN_VEDIC.u_mul/u2/result[1]_INST_0_i_5_n_0
    SLICE_X11Y28         CARRY4 (Prop_carry4_CI_CO[3])
                                                      0.058     8.106 r  GEN_BRAM.u_core/alu/u_mul/u_mul/GEN_VEDIC.u_mul/u2/product__0_carry_i_42__1/CO[3]
                         net (fo=1, routed)           0.000     8.106    GEN_BRAM.u_core/alu/u_mul/u_mul/GEN_VEDIC.u_mul/u2/product__0_carry_i_42__1_n_0
    SLICE_X11Y29         CARRY4 (Prop_carry4_CI_O[1])
                                                      0.213     8.319 r  GEN_BRAM.u_core/alu/u_mul/u_mul/GEN_VEDIC.u_mul/u2/product__0_carry_i_73__0/O[1]
                         net (fo=1, routed)           0.280     8.599    GEN_BRAM.u_core/alu/u_mul/u_mul/GEN_VEDIC.u_mul/u2/mag_a0[10]
    SLICE_X10Y29         LUT6 (Prop_lut6_I0_O)        0.152     8.751 r  GEN_BRAM.u_core/alu/u_mul/u_mul/GEN_VEDIC.u_mul/u2/product__0_carry_i_44__1/O
                         net (fo=80, routed)          2.008    10.759    GEN_BRAM.u_core/alu/u_mul/u_mul/GEN_VEDIC.u_mul/u0/mag_a[9]
    SLICE_X23Y9          LUT4 (Prop_lut4_I1_O)        0.056    10.815 r  GEN_BRAM.u_core/alu/u_mul/u_mul/GEN_VEDIC.u_mul/u0/product__0_carry_i_37/O
                         net (fo=2, routed)           0.639    11.454    GEN_BRAM.u_core/alu/u_mul/u_mul/GEN_VEDIC.u_mul/u0/u1/u0/p1[1]
    SLICE_X22Y9          LUT3 (Prop_lut3_I0_O)        0.185    11.639 r  GEN_BRAM.u_core/alu/u_mul/u_mul/GEN_VEDIC.u_mul/u0/product__0_carry_i_14/O
                         net (fo=2, routed)           0.289    11.928    GEN_BRAM.u_core/alu/u_mul/u_mul/GEN_VEDIC.u_mul/u0/product__0_carry_i_14_n_0
    SLICE_X22Y9          LUT5 (Prop_lut5_I4_O)        0.172    12.100 r  GEN_BRAM.u_core/alu/u_mul/u_mul/GEN_VEDIC.u_mul/u0/product__0_carry_i_17__1/O
                         net (fo=1, routed)           0.000    12.100    GEN_BRAM.u_core/alu/u_mul/u_mul/GEN_VEDIC.u_mul/u0/product__0_carry_i_17__1_n_0
    SLICE_X22Y9          CARRY4 (Prop_carry4_S[2]_CO[3])
                                                      0.219    12.319 r  GEN_BRAM.u_core/alu/u_mul/u_mul/GEN_VEDIC.u_mul/u0/product__0_carry_i_8/CO[3]
                         net (fo=1, routed)           0.000    12.319    GEN_BRAM.u_core/alu/u_mul/u_mul/GEN_VEDIC.u_mul/u0/product__0_carry_i_8_n_0
    SLICE_X22Y10         CARRY4 (Prop_carry4_CI_O[0])
                                                      0.135    12.454 r  GEN_BRAM.u_core/alu/u_mul/u_mul/GEN_VEDIC.u_mul/u0/product__0_carry__0_i_31/O[0]
                         net (fo=2, routed)           0.605    13.059    GEN_BRAM.u_core/alu/u_mul/u_mul/GEN_VEDIC.u_mul/u0/u1/p0_20[6]
    SLICE_X25Y11         LUT3 (Prop_lut3_I2_O)        0.166    13.225 r  GEN_BRAM.u_core/alu/u_mul/u_mul/GEN_VEDIC.u_mul/u0/product__0_carry__0_i_12/O
                         net (fo=2, routed)           0.445    13.670    GEN_BRAM.u_core/alu/u_mul/u_mul/GEN_VEDIC.u_mul/u0/product__0_carry__0_i_12_n_0
    SLICE_X25Y11         CARRY4 (Prop_carry4_DI[3]_CO[3])
                                                      0.342    14.012 r  GEN_BRAM.u_core/alu/u_mul/u_mul/GEN_VEDIC.u_mul/u0/product__0_carry__0_i_9/CO[3]
                         net (fo=1, routed)           0.000    14.012    GEN_BRAM.u_core/alu/u_mul/u_mul/GEN_VEDIC.u_mul/u0/product__0_carry__0_i_9_n_0
    SLICE_X25Y12         CARRY4 (Prop_carry4_CI_O[3])
                                                      0.179    14.191 r  GEN_BRAM.u_core/alu/u_mul/u_mul/GEN_VEDIC.u_mul/u0/product__0_carry__1_i_9/O[3]
                         net (fo=2, routed)           0.816    15.006    GEN_BRAM.u_core/alu/u_mul/u_mul/GEN_VEDIC.u_mul/u0/p1[11]
    SLICE_X19Y12         LUT3 (Prop_lut3_I0_O)        0.155    15.161 r  GEN_BRAM.u_core/alu/u_mul/u_mul/GEN_VEDIC.u_mul/u0/product__0_carry__2_i_4__2/O
                         net (fo=2, routed)           0.443    15.604    GEN_BRAM.u_core/alu/u_mul/u_mul/GEN_VEDIC.u_mul/u0/product__0_carry__2_i_4__2_n_0
    SLICE_X19Y13         LUT4 (Prop_lut4_I3_O)        0.168    15.772 r  GEN_BRAM.u_core/alu/u_mul/u_mul/GEN_VEDIC.u_mul/u0/product__0_carry__2_i_8__2/O
                         net (fo=1, routed)           0.000    15.772    GEN_BRAM.u_core/alu/u_mul/u_mul/GEN_VEDIC.u_mul/u0/product__0_carry__2_i_8__2_n_0
    SLICE_X19Y13         CARRY4 (Prop_carry4_S[0]_CO[3])
                                                      0.313    16.085 r  GEN_BRAM.u_core/alu/u_mul/u_mul/GEN_VEDIC.u_mul/u0/product__0_carry__2/CO[3]
                         net (fo=1, routed)           0.000    16.085    GEN_BRAM.u_core/alu/u_mul/u_mul/GEN_VEDIC.u_mul/u0/product__0_carry__2_n_0
    SLICE_X19Y14         CARRY4 (Prop_carry4_CI_O[2])
                                                      0.136    16.221 r  GEN_BRAM.u_core/alu/u_mul/u_mul/GEN_VEDIC.u_mul/u0/product__0_carry__3/O[2]
                         net (fo=2, routed)           0.730    16.951    GEN_BRAM.u_core/alu/u_mul/u_mul/GEN_VEDIC.u_mul/u1/result[31]_INST_0_i_1_0[2]
    SLICE_X20Y20         LUT3 (Prop_lut3_I2_O)        0.162    17.113 r  GEN_BRAM.u_core/alu/u_mul/u_mul/GEN_VEDIC.u_mul/u1/result[27]_INST_0_i_3/O
                         net (fo=2, routed)           0.477    17.590    GEN_BRAM.u_core/alu/u_mul/u_mul/GEN_VEDIC.u_mul/u1/result[27]_INST_0_i_3_n_0
    SLICE_X20Y20         LUT4 (Prop_lut4_I3_O)        0.164    17.754 r  GEN_BRAM.u_core/alu/u_mul/u_mul/GEN_VEDIC.u_mul/u1/result[27]_INST_0_i_7/O
                         net (fo=1, routed)           0.000    17.754    GEN_BRAM.u_core/alu/u_mul/u_mul/GEN_VEDIC.u_mul/u1/result[27]_INST_0_i_7_n_0
    SLICE_X20Y20         CARRY4 (Prop_carry4_S[3]_CO[3])
                                                      0.216    17.970 r  GEN_BRAM.u_core/alu/u_mul/u_mul/GEN_VEDIC.u_mul/u1/result[27]_INST_0_i_1/CO[3]
                         net (fo=1, routed)           0.000    17.970    GEN_BRAM.u_core/alu/u_mul/u_mul/GEN_VEDIC.u_mul/u1/result[27]_INST_0_i_1_n_0
    SLICE_X20Y21         CARRY4 (Prop_carry4_CI_O[0])
                                                      0.135    18.105 f  GEN_BRAM.u_core/alu/u_mul/u_mul/GEN_VEDIC.u_mul/u1/result[31]_INST_0_i_1/O[0]
                         net (fo=2, routed)           0.479    18.584    GEN_BRAM.u_core/alu/u_mul/u_mul/GEN_VEDIC.u_mul/u1/result[31]_INST_0_i_13_0[5]
    SLICE_X18Y23         LUT1 (Prop_lut1_I0_O)        0.153    18.737 r  GEN_BRAM.u_core/alu/u_mul/u_mul/GEN_VEDIC.u_mul/u1/result[0]_INST_0_i_8/O
                         net (fo=1, routed)           0.000    18.737    GEN_BRAM.u_core/alu/u_mul/u_mul/GEN_VEDIC.u_mul/u1/p_0_in[28]
    SLICE_X18Y23         CARRY4 (Prop_carry4_S[3]_CO[3])
                                                      0.216    18.953 r  GEN_BRAM.u_core/alu/u_mul/u_mul/GEN_VEDIC.u_mul/u1/result[0]_INST_0_i_2/CO[3]
                         net (fo=1, routed)           0.000    18.953    GEN_BRAM.u_core/alu/u_mul/u_mul/GEN_VEDIC.u_mul/u1/result[0]_INST_0_i_2_n_0
    SLICE_X18Y24         CARRY4 (Prop_carry4_CI_O[3])
                                                      0.181    19.134 f  GEN_BRAM.u_core/alu/u_mul/u_mul/GEN_VEDIC.u_mul/u1/result[0]_INST_0_i_1/O[3]
                         net (fo=1, routed)           0.470    19.604    GEN_BRAM.u_core/alu/u_mul/u_mul/GEN_VEDIC.u_mul/u1/signed_product0[32]
    SLICE_X16Y27         LUT6 (Prop_lut6_I5_O)        0.142    19.746 f  GEN_BRAM.u_core/alu/u_mul/u_mul/GEN_VEDIC.u_mul/u1/result[0]_INST_0/O
                         net (fo=1, routed)           0.747    20.493    GEN_BRAM.u_core/alu/mul_result[0]
    SLICE_X10Y33         LUT6 (Prop_lut6_I0_O)        0.053    20.546 f  GEN_BRAM.u_core/alu/debug_alu_out_OBUF[0]_inst_i_11/O
                         net (fo=1, routed)           0.000    20.546    GEN_BRAM.u_core/alu/debug_alu_out_OBUF[0]_inst_i_11_n_0
    SLICE_X10Y33         MUXF7 (Prop_muxf7_I1_O)      0.123    20.669 f  GEN_BRAM.u_core/alu/debug_alu_out_OBUF[0]_inst_i_4/O
                         net (fo=1, routed)           0.381    21.050    GEN_BRAM.u_core/alu/debug_alu_out_OBUF[0]_inst_i_4_n_0
    SLICE_X6Y33          LUT6 (Prop_lut6_I5_O)        0.150    21.200 f  GEN_BRAM.u_core/alu/debug_alu_out_OBUF[0]_inst_i_1/O
                         net (fo=11, routed)          1.112    22.312    GEN_BRAM.u_core/alu/D[0]
    SLICE_X8Y15          LUT2 (Prop_lut2_I1_O)        0.053    22.365 r  GEN_BRAM.u_core/alu/mem_reg_0_i_37/O
                         net (fo=26, routed)          0.674    23.039    GEN_BRAM.u_core/dmem/registers_reg_r1_0_31_6_11_i_10
    SLICE_X4Y14          LUT5 (Prop_lut5_I4_O)        0.053    23.092 r  GEN_BRAM.u_core/dmem/registers_reg_r1_0_31_0_5_i_27/O
                         net (fo=1, routed)           0.468    23.560    GEN_BRAM.u_core/wb_mux/registers_reg_r1_0_31_0_5_i_2_0
    SLICE_X4Y14          LUT6 (Prop_lut6_I5_O)        0.053    23.613 r  GEN_BRAM.u_core/wb_mux/registers_reg_r1_0_31_0_5_i_11/O
                         net (fo=1, routed)           0.456    24.069    GEN_BRAM.u_core/divider/wb_exec[1]
    SLICE_X4Y14          LUT6 (Prop_lut6_I5_O)        0.053    24.122 r  GEN_BRAM.u_core/divider/registers_reg_r1_0_31_0_5_i_2/O
                         net (fo=2, routed)           0.497    24.619    GEN_BRAM.u_core/reg_file/registers_reg_r2_0_31_0_5/DIA1
    SLICE_X6Y16          RAMD32                                       r  GEN_BRAM.u_core/reg_file/registers_reg_r2_0_31_0_5/RAMA_D1/I
  -------------------------------------------------------------------    -------------------

                         (clock sys_clk rise edge)   30.000    30.000 r  
    AD23                                              0.000    30.000 r  clk (IN)
                         net (fo=0)                   0.000    30.000    clk
    AD23                 IBUF (Prop_ibuf_I_O)         0.796    30.796 r  clk_IBUF_inst/O
                         net (fo=1, routed)           1.741    32.537    clk_IBUF
    BUFGCTRL_X0Y0        BUFG (Prop_bufg_I_O)         0.113    32.650 r  clk_IBUF_BUFG_inst/O
                         net (fo=350, routed)         1.597    34.247    GEN_BRAM.u_core/reg_file/registers_reg_r2_0_31_0_5/WCLK
    SLICE_X6Y16          RAMD32                                       r  GEN_BRAM.u_core/reg_file/registers_reg_r2_0_31_0_5/RAMA_D1/CLK
                         clock pessimism              0.256    34.504    
                         clock uncertainty           -0.035    34.468    
    SLICE_X6Y16          RAMD32 (Setup_ramd32_CLK_I)
                                                     -0.166    34.302    GEN_BRAM.u_core/reg_file/registers_reg_r2_0_31_0_5/RAMA_D1
  -------------------------------------------------------------------
                         required time                         34.302    
                         arrival time                         -24.619    
  -------------------------------------------------------------------
                         slack                                  9.683    

Slack (MET) :             9.779ns  (required time - arrival time)
  Source:                 GEN_BRAM.u_core/ir_reg[15]/C
                            (rising edge-triggered cell FDCE clocked by sys_clk  {rise@0.000ns fall@15.000ns period=30.000ns})
  Destination:            GEN_BRAM.u_core/dmem/mem_reg_1/DIADI[11]
                            (rising edge-triggered cell RAMB36E1 clocked by sys_clk  {rise@0.000ns fall@15.000ns period=30.000ns})
  Path Group:             sys_clk
  Path Type:              Setup (Max at Slow Process Corner)
  Requirement:            30.000ns  (sys_clk rise@30.000ns - sys_clk rise@0.000ns)
  Data Path Delay:        19.986ns  (logic 5.726ns (28.650%)  route 14.260ns (71.350%))
  Logic Levels:           31  (CARRY4=13 LUT1=1 LUT2=1 LUT3=5 LUT4=4 LUT5=2 LUT6=3 MUXF7=1 RAMD32=1)
  Clock Path Skew:        0.005ns (DCD - SCD + CPR)
    Destination Clock Delay (DCD):    4.214ns = ( 34.214 - 30.000 ) 
    Source Clock Delay      (SCD):    4.473ns
    Clock Pessimism Removal (CPR):    0.263ns
  Clock Uncertainty:      0.035ns  ((TSJ^2 + TIJ^2)^1/2 + DJ) / 2 + PE
    Total System Jitter     (TSJ):    0.071ns
    Total Input Jitter      (TIJ):    0.000ns
    Discrete Jitter          (DJ):    0.000ns
    Phase Error              (PE):    0.000ns

    Location             Delay type                Incr(ns)  Path(ns)    Netlist Resource(s)
  -------------------------------------------------------------------    -------------------
                         (clock sys_clk rise edge)    0.000     0.000 r  
    AD23                                              0.000     0.000 r  clk (IN)
                         net (fo=0)                   0.000     0.000    clk
    AD23                 IBUF (Prop_ibuf_I_O)         0.873     0.873 r  clk_IBUF_inst/O
                         net (fo=1, routed)           1.830     2.703    clk_IBUF
    BUFGCTRL_X0Y0        BUFG (Prop_bufg_I_O)         0.120     2.823 r  clk_IBUF_BUFG_inst/O
                         net (fo=350, routed)         1.650     4.473    GEN_BRAM.u_core/clk_IBUF_BUFG
    SLICE_X8Y15          FDCE                                         r  GEN_BRAM.u_core/ir_reg[15]/C
  -------------------------------------------------------------------    -------------------
    SLICE_X8Y15          FDCE (Prop_fdce_C_Q)         0.308     4.781 r  GEN_BRAM.u_core/ir_reg[15]/Q
                         net (fo=97, routed)          0.962     5.743    GEN_BRAM.u_core/reg_file/registers_reg_r1_0_31_0_5/ADDRA0
    SLICE_X4Y16          RAMD32 (Prop_ramd32_RADR0_O)
                                                      0.066     5.809 f  GEN_BRAM.u_core/reg_file/registers_reg_r1_0_31_0_5/RAMA/O
                         net (fo=10, routed)          1.146     6.955    GEN_BRAM.u_core/alu_mux_a/dataR10[0]
    SLICE_X6Y29          LUT4 (Prop_lut4_I1_O)        0.168     7.123 r  GEN_BRAM.u_core/alu_mux_a/u_adder_i_32/O
                         net (fo=90, routed)          0.579     7.702    GEN_BRAM.u_core/alu/u_mul/u_mul/GEN_VEDIC.u_mul/u2/result[1]_INST_0_i_11_n_0
    SLICE_X11Y27         CARRY4 (Prop_carry4_CYINIT_CO[3])
                                                      0.346     8.048 r  GEN_BRAM.u_core/alu/u_mul/u_mul/GEN_VEDIC.u_mul/u2/result[1]_INST_0_i_5/CO[3]
                         net (fo=1, routed)           0.000     8.048    GEN_BRAM.u_core/alu/u_mul/u_mul/GEN_VEDIC.u_mul/u2/result[1]_INST_0_i_5_n_0
    SLICE_X11Y28         CARRY4 (Prop_carry4_CI_CO[3])
                                                      0.058     8.106 r  GEN_BRAM.u_core/alu/u_mul/u_mul/GEN_VEDIC.u_mul/u2/product__0_carry_i_42__1/CO[3]
                         net (fo=1, routed)           0.000     8.106    GEN_BRAM.u_core/alu/u_mul/u_mul/GEN_VEDIC.u_mul/u2/product__0_carry_i_42__1_n_0
    SLICE_X11Y29         CARRY4 (Prop_carry4_CI_O[1])
                                                      0.213     8.319 r  GEN_BRAM.u_core/alu/u_mul/u_mul/GEN_VEDIC.u_mul/u2/product__0_carry_i_73__0/O[1]
                         net (fo=1, routed)           0.280     8.599    GEN_BRAM.u_core/alu/u_mul/u_mul/GEN_VEDIC.u_mul/u2/mag_a0[10]
    SLICE_X10Y29         LUT6 (Prop_lut6_I0_O)        0.152     8.751 r  GEN_BRAM.u_core/alu/u_mul/u_mul/GEN_VEDIC.u_mul/u2/product__0_carry_i_44__1/O
                         net (fo=80, routed)          2.008    10.759    GEN_BRAM.u_core/alu/u_mul/u_mul/GEN_VEDIC.u_mul/u0/mag_a[9]
    SLICE_X23Y9          LUT4 (Prop_lut4_I1_O)        0.056    10.815 r  GEN_BRAM.u_core/alu/u_mul/u_mul/GEN_VEDIC.u_mul/u0/product__0_carry_i_37/O
                         net (fo=2, routed)           0.639    11.454    GEN_BRAM.u_core/alu/u_mul/u_mul/GEN_VEDIC.u_mul/u0/u1/u0/p1[1]
    SLICE_X22Y9          LUT3 (Prop_lut3_I0_O)        0.185    11.639 r  GEN_BRAM.u_core/alu/u_mul/u_mul/GEN_VEDIC.u_mul/u0/product__0_carry_i_14/O
                         net (fo=2, routed)           0.289    11.928    GEN_BRAM.u_core/alu/u_mul/u_mul/GEN_VEDIC.u_mul/u0/product__0_carry_i_14_n_0
    SLICE_X22Y9          LUT5 (Prop_lut5_I4_O)        0.172    12.100 r  GEN_BRAM.u_core/alu/u_mul/u_mul/GEN_VEDIC.u_mul/u0/product__0_carry_i_17__1/O
                         net (fo=1, routed)           0.000    12.100    GEN_BRAM.u_core/alu/u_mul/u_mul/GEN_VEDIC.u_mul/u0/product__0_carry_i_17__1_n_0
    SLICE_X22Y9          CARRY4 (Prop_carry4_S[2]_CO[3])
                                                      0.219    12.319 r  GEN_BRAM.u_core/alu/u_mul/u_mul/GEN_VEDIC.u_mul/u0/product__0_carry_i_8/CO[3]
                         net (fo=1, routed)           0.000    12.319    GEN_BRAM.u_core/alu/u_mul/u_mul/GEN_VEDIC.u_mul/u0/product__0_carry_i_8_n_0
    SLICE_X22Y10         CARRY4 (Prop_carry4_CI_O[0])
                                                      0.135    12.454 r  GEN_BRAM.u_core/alu/u_mul/u_mul/GEN_VEDIC.u_mul/u0/product__0_carry__0_i_31/O[0]
                         net (fo=2, routed)           0.605    13.059    GEN_BRAM.u_core/alu/u_mul/u_mul/GEN_VEDIC.u_mul/u0/u1/p0_20[6]
    SLICE_X25Y11         LUT3 (Prop_lut3_I2_O)        0.166    13.225 r  GEN_BRAM.u_core/alu/u_mul/u_mul/GEN_VEDIC.u_mul/u0/product__0_carry__0_i_12/O
                         net (fo=2, routed)           0.445    13.670    GEN_BRAM.u_core/alu/u_mul/u_mul/GEN_VEDIC.u_mul/u0/product__0_carry__0_i_12_n_0
    SLICE_X25Y11         CARRY4 (Prop_carry4_DI[3]_CO[3])
                                                      0.342    14.012 r  GEN_BRAM.u_core/alu/u_mul/u_mul/GEN_VEDIC.u_mul/u0/product__0_carry__0_i_9/CO[3]
                         net (fo=1, routed)           0.000    14.012    GEN_BRAM.u_core/alu/u_mul/u_mul/GEN_VEDIC.u_mul/u0/product__0_carry__0_i_9_n_0
    SLICE_X25Y12         CARRY4 (Prop_carry4_CI_O[3])
                                                      0.179    14.191 r  GEN_BRAM.u_core/alu/u_mul/u_mul/GEN_VEDIC.u_mul/u0/product__0_carry__1_i_9/O[3]
                         net (fo=2, routed)           0.816    15.006    GEN_BRAM.u_core/alu/u_mul/u_mul/GEN_VEDIC.u_mul/u0/p1[11]
    SLICE_X19Y12         LUT3 (Prop_lut3_I0_O)        0.155    15.161 r  GEN_BRAM.u_core/alu/u_mul/u_mul/GEN_VEDIC.u_mul/u0/product__0_carry__2_i_4__2/O
                         net (fo=2, routed)           0.443    15.604    GEN_BRAM.u_core/alu/u_mul/u_mul/GEN_VEDIC.u_mul/u0/product__0_carry__2_i_4__2_n_0
    SLICE_X19Y13         LUT4 (Prop_lut4_I3_O)        0.168    15.772 r  GEN_BRAM.u_core/alu/u_mul/u_mul/GEN_VEDIC.u_mul/u0/product__0_carry__2_i_8__2/O
                         net (fo=1, routed)           0.000    15.772    GEN_BRAM.u_core/alu/u_mul/u_mul/GEN_VEDIC.u_mul/u0/product__0_carry__2_i_8__2_n_0
    SLICE_X19Y13         CARRY4 (Prop_carry4_S[0]_CO[3])
                                                      0.313    16.085 r  GEN_BRAM.u_core/alu/u_mul/u_mul/GEN_VEDIC.u_mul/u0/product__0_carry__2/CO[3]
                         net (fo=1, routed)           0.000    16.085    GEN_BRAM.u_core/alu/u_mul/u_mul/GEN_VEDIC.u_mul/u0/product__0_carry__2_n_0
    SLICE_X19Y14         CARRY4 (Prop_carry4_CI_O[2])
                                                      0.136    16.221 r  GEN_BRAM.u_core/alu/u_mul/u_mul/GEN_VEDIC.u_mul/u0/product__0_carry__3/O[2]
                         net (fo=2, routed)           0.730    16.951    GEN_BRAM.u_core/alu/u_mul/u_mul/GEN_VEDIC.u_mul/u1/result[31]_INST_0_i_1_0[2]
    SLICE_X20Y20         LUT3 (Prop_lut3_I2_O)        0.162    17.113 r  GEN_BRAM.u_core/alu/u_mul/u_mul/GEN_VEDIC.u_mul/u1/result[27]_INST_0_i_3/O
                         net (fo=2, routed)           0.477    17.590    GEN_BRAM.u_core/alu/u_mul/u_mul/GEN_VEDIC.u_mul/u1/result[27]_INST_0_i_3_n_0
    SLICE_X20Y20         LUT4 (Prop_lut4_I3_O)        0.164    17.754 r  GEN_BRAM.u_core/alu/u_mul/u_mul/GEN_VEDIC.u_mul/u1/result[27]_INST_0_i_7/O
                         net (fo=1, routed)           0.000    17.754    GEN_BRAM.u_core/alu/u_mul/u_mul/GEN_VEDIC.u_mul/u1/result[27]_INST_0_i_7_n_0
    SLICE_X20Y20         CARRY4 (Prop_carry4_S[3]_CO[3])
                                                      0.216    17.970 r  GEN_BRAM.u_core/alu/u_mul/u_mul/GEN_VEDIC.u_mul/u1/result[27]_INST_0_i_1/CO[3]
                         net (fo=1, routed)           0.000    17.970    GEN_BRAM.u_core/alu/u_mul/u_mul/GEN_VEDIC.u_mul/u1/result[27]_INST_0_i_1_n_0
    SLICE_X20Y21         CARRY4 (Prop_carry4_CI_O[1])
                                                      0.212    18.182 f  GEN_BRAM.u_core/alu/u_mul/u_mul/GEN_VEDIC.u_mul/u1/result[31]_INST_0_i_1/O[1]
                         net (fo=2, routed)           0.438    18.620    GEN_BRAM.u_core/alu/u_mul/u_mul/GEN_VEDIC.u_mul/u1/result[31]_INST_0_i_13_0[6]
    SLICE_X18Y24         LUT1 (Prop_lut1_I0_O)        0.155    18.775 r  GEN_BRAM.u_core/alu/u_mul/u_mul/GEN_VEDIC.u_mul/u1/result[0]_INST_0_i_6/O
                         net (fo=1, routed)           0.000    18.775    GEN_BRAM.u_core/alu/u_mul/u_mul/GEN_VEDIC.u_mul/u1/p_0_in[29]
    SLICE_X18Y24         CARRY4 (Prop_carry4_S[0]_CO[3])
                                                      0.297    19.072 r  GEN_BRAM.u_core/alu/u_mul/u_mul/GEN_VEDIC.u_mul/u1/result[0]_INST_0_i_1/CO[3]
                         net (fo=1, routed)           0.008    19.080    GEN_BRAM.u_core/alu/u_mul/u_mul/GEN_VEDIC.u_mul/u1/result[0]_INST_0_i_1_n_0
    SLICE_X18Y25         CARRY4 (Prop_carry4_CI_O[0])
                                                      0.135    19.215 r  GEN_BRAM.u_core/alu/u_mul/u_mul/GEN_VEDIC.u_mul/u1/result[4]_INST_0_i_1/O[0]
                         net (fo=1, routed)           0.467    19.683    GEN_BRAM.u_core/alu/u_mul/u_mul/GEN_VEDIC.u_mul/u1/signed_product0[33]
    SLICE_X19Y25         LUT5 (Prop_lut5_I4_O)        0.153    19.836 r  GEN_BRAM.u_core/alu/u_mul/u_mul/GEN_VEDIC.u_mul/u1/result[1]_INST_0/O
                         net (fo=2, routed)           0.807    20.642    GEN_BRAM.u_core/reg_file/result[0]
    SLICE_X6Y34          LUT6 (Prop_lut6_I2_O)        0.053    20.695 r  GEN_BRAM.u_core/reg_file/debug_alu_out_OBUF[1]_inst_i_2/O
                         net (fo=2, routed)           0.000    20.695    GEN_BRAM.u_core/alu_mux_b/load_addr_hold_reg[1]
    SLICE_X6Y34          MUXF7 (Prop_muxf7_I0_O)      0.121    20.816 r  GEN_BRAM.u_core/alu_mux_b/debug_alu_out_OBUF[1]_inst_i_1/O
                         net (fo=43, routed)          1.471    22.287    GEN_BRAM.u_core/alu_mux_b/D[0]
    SLICE_X9Y17          LUT3 (Prop_lut3_I2_O)        0.165    22.452 r  GEN_BRAM.u_core/alu_mux_b/mem_reg_1_i_41/O
                         net (fo=12, routed)          0.583    23.035    GEN_BRAM.u_core/alu_mux_b/ir_reg[14]
    SLICE_X8Y19          LUT2 (Prop_lut2_I0_O)        0.184    23.219 r  GEN_BRAM.u_core/alu_mux_b/mem_reg_1_i_19/O
                         net (fo=8, routed)           0.605    23.824    GEN_BRAM.u_core/reg_file/mem_reg_1_2
    SLICE_X10Y21         LUT6 (Prop_lut6_I0_O)        0.172    23.996 r  GEN_BRAM.u_core/reg_file/mem_reg_1_i_5/O
                         net (fo=1, routed)           0.463    24.459    GEN_BRAM.u_core/dmem/wdata[27]
    RAMB36_X0Y4          RAMB36E1                                     r  GEN_BRAM.u_core/dmem/mem_reg_1/DIADI[11]
  -------------------------------------------------------------------    -------------------

                         (clock sys_clk rise edge)   30.000    30.000 r  
    AD23                                              0.000    30.000 r  clk (IN)
                         net (fo=0)                   0.000    30.000    clk
    AD23                 IBUF (Prop_ibuf_I_O)         0.796    30.796 r  clk_IBUF_inst/O
                         net (fo=1, routed)           1.741    32.537    clk_IBUF
    BUFGCTRL_X0Y0        BUFG (Prop_bufg_I_O)         0.113    32.650 r  clk_IBUF_BUFG_inst/O
                         net (fo=350, routed)         1.564    34.214    GEN_BRAM.u_core/dmem/clk_IBUF_BUFG
    RAMB36_X0Y4          RAMB36E1                                     r  GEN_BRAM.u_core/dmem/mem_reg_1/CLKARDCLK
                         clock pessimism              0.263    34.477    
                         clock uncertainty           -0.035    34.442    
    RAMB36_X0Y4          RAMB36E1 (Setup_ramb36e1_CLKARDCLK_DIADI[11])
                                                     -0.204    34.238    GEN_BRAM.u_core/dmem/mem_reg_1
  -------------------------------------------------------------------
                         required time                         34.238    
                         arrival time                         -24.459    
  -------------------------------------------------------------------
                         slack                                  9.779    

Slack (MET) :             9.792ns  (required time - arrival time)
  Source:                 GEN_BRAM.u_core/ir_reg[15]/C
                            (rising edge-triggered cell FDCE clocked by sys_clk  {rise@0.000ns fall@15.000ns period=30.000ns})
  Destination:            GEN_BRAM.u_core/reg_file/registers_reg_r1_0_31_6_11/RAMA/I
                            (rising edge-triggered cell RAMD32 clocked by sys_clk  {rise@0.000ns fall@15.000ns period=30.000ns})
  Path Group:             sys_clk
  Path Type:              Setup (Max at Slow Process Corner)
  Requirement:            30.000ns  (sys_clk rise@30.000ns - sys_clk rise@0.000ns)
  Data Path Delay:        20.090ns  (logic 5.562ns (27.685%)  route 14.528ns (72.315%))
  Logic Levels:           33  (CARRY4=13 LUT1=1 LUT2=1 LUT3=4 LUT4=4 LUT5=2 LUT6=6 MUXF7=1 RAMD32=1)
  Clock Path Skew:        0.031ns (DCD - SCD + CPR)
    Destination Clock Delay (DCD):    4.247ns = ( 34.247 - 30.000 ) 
    Source Clock Delay      (SCD):    4.473ns
    Clock Pessimism Removal (CPR):    0.256ns
  Clock Uncertainty:      0.035ns  ((TSJ^2 + TIJ^2)^1/2 + DJ) / 2 + PE
    Total System Jitter     (TSJ):    0.071ns
    Total Input Jitter      (TIJ):    0.000ns
    Discrete Jitter          (DJ):    0.000ns
    Phase Error              (PE):    0.000ns

    Location             Delay type                Incr(ns)  Path(ns)    Netlist Resource(s)
  -------------------------------------------------------------------    -------------------
                         (clock sys_clk rise edge)    0.000     0.000 r  
    AD23                                              0.000     0.000 r  clk (IN)
                         net (fo=0)                   0.000     0.000    clk
    AD23                 IBUF (Prop_ibuf_I_O)         0.873     0.873 r  clk_IBUF_inst/O
                         net (fo=1, routed)           1.830     2.703    clk_IBUF
    BUFGCTRL_X0Y0        BUFG (Prop_bufg_I_O)         0.120     2.823 r  clk_IBUF_BUFG_inst/O
                         net (fo=350, routed)         1.650     4.473    GEN_BRAM.u_core/clk_IBUF_BUFG
    SLICE_X8Y15          FDCE                                         r  GEN_BRAM.u_core/ir_reg[15]/C
  -------------------------------------------------------------------    -------------------
    SLICE_X8Y15          FDCE (Prop_fdce_C_Q)         0.308     4.781 r  GEN_BRAM.u_core/ir_reg[15]/Q
                         net (fo=97, routed)          0.962     5.743    GEN_BRAM.u_core/reg_file/registers_reg_r1_0_31_0_5/ADDRA0
    SLICE_X4Y16          RAMD32 (Prop_ramd32_RADR0_O)
                                                      0.066     5.809 f  GEN_BRAM.u_core/reg_file/registers_reg_r1_0_31_0_5/RAMA/O
                         net (fo=10, routed)          1.146     6.955    GEN_BRAM.u_core/alu_mux_a/dataR10[0]
    SLICE_X6Y29          LUT4 (Prop_lut4_I1_O)        0.168     7.123 r  GEN_BRAM.u_core/alu_mux_a/u_adder_i_32/O
                         net (fo=90, routed)          0.579     7.702    GEN_BRAM.u_core/alu/u_mul/u_mul/GEN_VEDIC.u_mul/u2/result[1]_INST_0_i_11_n_0
    SLICE_X11Y27         CARRY4 (Prop_carry4_CYINIT_CO[3])
                                                      0.346     8.048 r  GEN_BRAM.u_core/alu/u_mul/u_mul/GEN_VEDIC.u_mul/u2/result[1]_INST_0_i_5/CO[3]
                         net (fo=1, routed)           0.000     8.048    GEN_BRAM.u_core/alu/u_mul/u_mul/GEN_VEDIC.u_mul/u2/result[1]_INST_0_i_5_n_0
    SLICE_X11Y28         CARRY4 (Prop_carry4_CI_CO[3])
                                                      0.058     8.106 r  GEN_BRAM.u_core/alu/u_mul/u_mul/GEN_VEDIC.u_mul/u2/product__0_carry_i_42__1/CO[3]
                         net (fo=1, routed)           0.000     8.106    GEN_BRAM.u_core/alu/u_mul/u_mul/GEN_VEDIC.u_mul/u2/product__0_carry_i_42__1_n_0
    SLICE_X11Y29         CARRY4 (Prop_carry4_CI_O[1])
                                                      0.213     8.319 r  GEN_BRAM.u_core/alu/u_mul/u_mul/GEN_VEDIC.u_mul/u2/product__0_carry_i_73__0/O[1]
                         net (fo=1, routed)           0.280     8.599    GEN_BRAM.u_core/alu/u_mul/u_mul/GEN_VEDIC.u_mul/u2/mag_a0[10]
    SLICE_X10Y29         LUT6 (Prop_lut6_I0_O)        0.152     8.751 r  GEN_BRAM.u_core/alu/u_mul/u_mul/GEN_VEDIC.u_mul/u2/product__0_carry_i_44__1/O
                         net (fo=80, routed)          2.008    10.759    GEN_BRAM.u_core/alu/u_mul/u_mul/GEN_VEDIC.u_mul/u0/mag_a[9]
    SLICE_X23Y9          LUT4 (Prop_lut4_I1_O)        0.056    10.815 r  GEN_BRAM.u_core/alu/u_mul/u_mul/GEN_VEDIC.u_mul/u0/product__0_carry_i_37/O
                         net (fo=2, routed)           0.639    11.454    GEN_BRAM.u_core/alu/u_mul/u_mul/GEN_VEDIC.u_mul/u0/u1/u0/p1[1]
    SLICE_X22Y9          LUT3 (Prop_lut3_I0_O)        0.185    11.639 r  GEN_BRAM.u_core/alu/u_mul/u_mul/GEN_VEDIC.u_mul/u0/product__0_carry_i_14/O
                         net (fo=2, routed)           0.289    11.928    GEN_BRAM.u_core/alu/u_mul/u_mul/GEN_VEDIC.u_mul/u0/product__0_carry_i_14_n_0
    SLICE_X22Y9          LUT5 (Prop_lut5_I4_O)        0.172    12.100 r  GEN_BRAM.u_core/alu/u_mul/u_mul/GEN_VEDIC.u_mul/u0/product__0_carry_i_17__1/O
                         net (fo=1, routed)           0.000    12.100    GEN_BRAM.u_core/alu/u_mul/u_mul/GEN_VEDIC.u_mul/u0/product__0_carry_i_17__1_n_0
    SLICE_X22Y9          CARRY4 (Prop_carry4_S[2]_CO[3])
                                                      0.219    12.319 r  GEN_BRAM.u_core/alu/u_mul/u_mul/GEN_VEDIC.u_mul/u0/product__0_carry_i_8/CO[3]
                         net (fo=1, routed)           0.000    12.319    GEN_BRAM.u_core/alu/u_mul/u_mul/GEN_VEDIC.u_mul/u0/product__0_carry_i_8_n_0
    SLICE_X22Y10         CARRY4 (Prop_carry4_CI_O[0])
                                                      0.135    12.454 r  GEN_BRAM.u_core/alu/u_mul/u_mul/GEN_VEDIC.u_mul/u0/product__0_carry__0_i_31/O[0]
                         net (fo=2, routed)           0.605    13.059    GEN_BRAM.u_core/alu/u_mul/u_mul/GEN_VEDIC.u_mul/u0/u1/p0_20[6]
    SLICE_X25Y11         LUT3 (Prop_lut3_I2_O)        0.166    13.225 r  GEN_BRAM.u_core/alu/u_mul/u_mul/GEN_VEDIC.u_mul/u0/product__0_carry__0_i_12/O
                         net (fo=2, routed)           0.445    13.670    GEN_BRAM.u_core/alu/u_mul/u_mul/GEN_VEDIC.u_mul/u0/product__0_carry__0_i_12_n_0
    SLICE_X25Y11         CARRY4 (Prop_carry4_DI[3]_CO[3])
                                                      0.342    14.012 r  GEN_BRAM.u_core/alu/u_mul/u_mul/GEN_VEDIC.u_mul/u0/product__0_carry__0_i_9/CO[3]
                         net (fo=1, routed)           0.000    14.012    GEN_BRAM.u_core/alu/u_mul/u_mul/GEN_VEDIC.u_mul/u0/product__0_carry__0_i_9_n_0
    SLICE_X25Y12         CARRY4 (Prop_carry4_CI_O[3])
                                                      0.179    14.191 r  GEN_BRAM.u_core/alu/u_mul/u_mul/GEN_VEDIC.u_mul/u0/product__0_carry__1_i_9/O[3]
                         net (fo=2, routed)           0.816    15.006    GEN_BRAM.u_core/alu/u_mul/u_mul/GEN_VEDIC.u_mul/u0/p1[11]
    SLICE_X19Y12         LUT3 (Prop_lut3_I0_O)        0.155    15.161 r  GEN_BRAM.u_core/alu/u_mul/u_mul/GEN_VEDIC.u_mul/u0/product__0_carry__2_i_4__2/O
                         net (fo=2, routed)           0.443    15.604    GEN_BRAM.u_core/alu/u_mul/u_mul/GEN_VEDIC.u_mul/u0/product__0_carry__2_i_4__2_n_0
    SLICE_X19Y13         LUT4 (Prop_lut4_I3_O)        0.168    15.772 r  GEN_BRAM.u_core/alu/u_mul/u_mul/GEN_VEDIC.u_mul/u0/product__0_carry__2_i_8__2/O
                         net (fo=1, routed)           0.000    15.772    GEN_BRAM.u_core/alu/u_mul/u_mul/GEN_VEDIC.u_mul/u0/product__0_carry__2_i_8__2_n_0
    SLICE_X19Y13         CARRY4 (Prop_carry4_S[0]_CO[3])
                                                      0.313    16.085 r  GEN_BRAM.u_core/alu/u_mul/u_mul/GEN_VEDIC.u_mul/u0/product__0_carry__2/CO[3]
                         net (fo=1, routed)           0.000    16.085    GEN_BRAM.u_core/alu/u_mul/u_mul/GEN_VEDIC.u_mul/u0/product__0_carry__2_n_0
    SLICE_X19Y14         CARRY4 (Prop_carry4_CI_O[2])
                                                      0.136    16.221 r  GEN_BRAM.u_core/alu/u_mul/u_mul/GEN_VEDIC.u_mul/u0/product__0_carry__3/O[2]
                         net (fo=2, routed)           0.730    16.951    GEN_BRAM.u_core/alu/u_mul/u_mul/GEN_VEDIC.u_mul/u1/result[31]_INST_0_i_1_0[2]
    SLICE_X20Y20         LUT3 (Prop_lut3_I2_O)        0.162    17.113 r  GEN_BRAM.u_core/alu/u_mul/u_mul/GEN_VEDIC.u_mul/u1/result[27]_INST_0_i_3/O
                         net (fo=2, routed)           0.477    17.590    GEN_BRAM.u_core/alu/u_mul/u_mul/GEN_VEDIC.u_mul/u1/result[27]_INST_0_i_3_n_0
    SLICE_X20Y20         LUT4 (Prop_lut4_I3_O)        0.164    17.754 r  GEN_BRAM.u_core/alu/u_mul/u_mul/GEN_VEDIC.u_mul/u1/result[27]_INST_0_i_7/O
                         net (fo=1, routed)           0.000    17.754    GEN_BRAM.u_core/alu/u_mul/u_mul/GEN_VEDIC.u_mul/u1/result[27]_INST_0_i_7_n_0
    SLICE_X20Y20         CARRY4 (Prop_carry4_S[3]_CO[3])
                                                      0.216    17.970 r  GEN_BRAM.u_core/alu/u_mul/u_mul/GEN_VEDIC.u_mul/u1/result[27]_INST_0_i_1/CO[3]
                         net (fo=1, routed)           0.000    17.970    GEN_BRAM.u_core/alu/u_mul/u_mul/GEN_VEDIC.u_mul/u1/result[27]_INST_0_i_1_n_0
    SLICE_X20Y21         CARRY4 (Prop_carry4_CI_O[0])
                                                      0.135    18.105 f  GEN_BRAM.u_core/alu/u_mul/u_mul/GEN_VEDIC.u_mul/u1/result[31]_INST_0_i_1/O[0]
                         net (fo=2, routed)           0.479    18.584    GEN_BRAM.u_core/alu/u_mul/u_mul/GEN_VEDIC.u_mul/u1/result[31]_INST_0_i_13_0[5]
    SLICE_X18Y23         LUT1 (Prop_lut1_I0_O)        0.153    18.737 r  GEN_BRAM.u_core/alu/u_mul/u_mul/GEN_VEDIC.u_mul/u1/result[0]_INST_0_i_8/O
                         net (fo=1, routed)           0.000    18.737    GEN_BRAM.u_core/alu/u_mul/u_mul/GEN_VEDIC.u_mul/u1/p_0_in[28]
    SLICE_X18Y23         CARRY4 (Prop_carry4_S[3]_CO[3])
                                                      0.216    18.953 r  GEN_BRAM.u_core/alu/u_mul/u_mul/GEN_VEDIC.u_mul/u1/result[0]_INST_0_i_2/CO[3]
                         net (fo=1, routed)           0.000    18.953    GEN_BRAM.u_core/alu/u_mul/u_mul/GEN_VEDIC.u_mul/u1/result[0]_INST_0_i_2_n_0
    SLICE_X18Y24         CARRY4 (Prop_carry4_CI_O[3])
                                                      0.181    19.134 f  GEN_BRAM.u_core/alu/u_mul/u_mul/GEN_VEDIC.u_mul/u1/result[0]_INST_0_i_1/O[3]
                         net (fo=1, routed)           0.470    19.604    GEN_BRAM.u_core/alu/u_mul/u_mul/GEN_VEDIC.u_mul/u1/signed_product0[32]
    SLICE_X16Y27         LUT6 (Prop_lut6_I5_O)        0.142    19.746 f  GEN_BRAM.u_core/alu/u_mul/u_mul/GEN_VEDIC.u_mul/u1/result[0]_INST_0/O
                         net (fo=1, routed)           0.747    20.493    GEN_BRAM.u_core/alu/mul_result[0]
    SLICE_X10Y33         LUT6 (Prop_lut6_I0_O)        0.053    20.546 f  GEN_BRAM.u_core/alu/debug_alu_out_OBUF[0]_inst_i_11/O
                         net (fo=1, routed)           0.000    20.546    GEN_BRAM.u_core/alu/debug_alu_out_OBUF[0]_inst_i_11_n_0
    SLICE_X10Y33         MUXF7 (Prop_muxf7_I1_O)      0.123    20.669 f  GEN_BRAM.u_core/alu/debug_alu_out_OBUF[0]_inst_i_4/O
                         net (fo=1, routed)           0.381    21.050    GEN_BRAM.u_core/alu/debug_alu_out_OBUF[0]_inst_i_4_n_0
    SLICE_X6Y33          LUT6 (Prop_lut6_I5_O)        0.150    21.200 f  GEN_BRAM.u_core/alu/debug_alu_out_OBUF[0]_inst_i_1/O
                         net (fo=11, routed)          1.112    22.312    GEN_BRAM.u_core/alu/D[0]
    SLICE_X8Y15          LUT2 (Prop_lut2_I1_O)        0.053    22.365 r  GEN_BRAM.u_core/alu/mem_reg_0_i_37/O
                         net (fo=26, routed)          0.645    23.009    GEN_BRAM.u_core/dmem/registers_reg_r1_0_31_6_11_i_10
    SLICE_X2Y17          LUT5 (Prop_lut5_I4_O)        0.056    23.065 r  GEN_BRAM.u_core/dmem/registers_reg_r1_0_31_6_11_i_24/O
                         net (fo=1, routed)           0.442    23.507    GEN_BRAM.u_core/wb_mux/registers_reg_r1_0_31_6_11_i_2_0
    SLICE_X2Y15          LUT6 (Prop_lut6_I5_O)        0.168    23.675 r  GEN_BRAM.u_core/wb_mux/registers_reg_r1_0_31_6_11_i_10/O
                         net (fo=1, routed)           0.345    24.020    GEN_BRAM.u_core/divider/wb_exec[6]
    SLICE_X3Y15          LUT6 (Prop_lut6_I5_O)        0.053    24.073 r  GEN_BRAM.u_core/divider/registers_reg_r1_0_31_6_11_i_2/O
                         net (fo=2, routed)           0.490    24.563    GEN_BRAM.u_core/reg_file/registers_reg_r1_0_31_6_11/DIA0
    SLICE_X4Y17          RAMD32                                       r  GEN_BRAM.u_core/reg_file/registers_reg_r1_0_31_6_11/RAMA/I
  -------------------------------------------------------------------    -------------------

                         (clock sys_clk rise edge)   30.000    30.000 r  
    AD23                                              0.000    30.000 r  clk (IN)
                         net (fo=0)                   0.000    30.000    clk
    AD23                 IBUF (Prop_ibuf_I_O)         0.796    30.796 r  clk_IBUF_inst/O
                         net (fo=1, routed)           1.741    32.537    clk_IBUF
    BUFGCTRL_X0Y0        BUFG (Prop_bufg_I_O)         0.113    32.650 r  clk_IBUF_BUFG_inst/O
                         net (fo=350, routed)         1.597    34.247    GEN_BRAM.u_core/reg_file/registers_reg_r1_0_31_6_11/WCLK
    SLICE_X4Y17          RAMD32                                       r  GEN_BRAM.u_core/reg_file/registers_reg_r1_0_31_6_11/RAMA/CLK
                         clock pessimism              0.256    34.504    
                         clock uncertainty           -0.035    34.468    
    SLICE_X4Y17          RAMD32 (Setup_ramd32_CLK_I)
                                                     -0.113    34.355    GEN_BRAM.u_core/reg_file/registers_reg_r1_0_31_6_11/RAMA
  -------------------------------------------------------------------
                         required time                         34.355    
                         arrival time                         -24.563    
  -------------------------------------------------------------------
                         slack                                  9.792    

Slack (MET) :             9.813ns  (required time - arrival time)
  Source:                 GEN_BRAM.u_core/ir_reg[15]/C
                            (rising edge-triggered cell FDCE clocked by sys_clk  {rise@0.000ns fall@15.000ns period=30.000ns})
  Destination:            GEN_BRAM.u_core/reg_file/registers_reg_r2_0_31_6_11/RAMA/I
                            (rising edge-triggered cell RAMD32 clocked by sys_clk  {rise@0.000ns fall@15.000ns period=30.000ns})
  Path Group:             sys_clk
  Path Type:              Setup (Max at Slow Process Corner)
  Requirement:            30.000ns  (sys_clk rise@30.000ns - sys_clk rise@0.000ns)
  Data Path Delay:        20.070ns  (logic 5.562ns (27.714%)  route 14.508ns (72.286%))
  Logic Levels:           33  (CARRY4=13 LUT1=1 LUT2=1 LUT3=4 LUT4=4 LUT5=2 LUT6=6 MUXF7=1 RAMD32=1)
  Clock Path Skew:        0.031ns (DCD - SCD + CPR)
    Destination Clock Delay (DCD):    4.247ns = ( 34.247 - 30.000 ) 
    Source Clock Delay      (SCD):    4.473ns
    Clock Pessimism Removal (CPR):    0.256ns
  Clock Uncertainty:      0.035ns  ((TSJ^2 + TIJ^2)^1/2 + DJ) / 2 + PE
    Total System Jitter     (TSJ):    0.071ns
    Total Input Jitter      (TIJ):    0.000ns
    Discrete Jitter          (DJ):    0.000ns
    Phase Error              (PE):    0.000ns

    Location             Delay type                Incr(ns)  Path(ns)    Netlist Resource(s)
  -------------------------------------------------------------------    -------------------
                         (clock sys_clk rise edge)    0.000     0.000 r  
    AD23                                              0.000     0.000 r  clk (IN)
                         net (fo=0)                   0.000     0.000    clk
    AD23                 IBUF (Prop_ibuf_I_O)         0.873     0.873 r  clk_IBUF_inst/O
                         net (fo=1, routed)           1.830     2.703    clk_IBUF
    BUFGCTRL_X0Y0        BUFG (Prop_bufg_I_O)         0.120     2.823 r  clk_IBUF_BUFG_inst/O
                         net (fo=350, routed)         1.650     4.473    GEN_BRAM.u_core/clk_IBUF_BUFG
    SLICE_X8Y15          FDCE                                         r  GEN_BRAM.u_core/ir_reg[15]/C
  -------------------------------------------------------------------    -------------------
    SLICE_X8Y15          FDCE (Prop_fdce_C_Q)         0.308     4.781 r  GEN_BRAM.u_core/ir_reg[15]/Q
                         net (fo=97, routed)          0.962     5.743    GEN_BRAM.u_core/reg_file/registers_reg_r1_0_31_0_5/ADDRA0
    SLICE_X4Y16          RAMD32 (Prop_ramd32_RADR0_O)
                                                      0.066     5.809 f  GEN_BRAM.u_core/reg_file/registers_reg_r1_0_31_0_5/RAMA/O
                         net (fo=10, routed)          1.146     6.955    GEN_BRAM.u_core/alu_mux_a/dataR10[0]
    SLICE_X6Y29          LUT4 (Prop_lut4_I1_O)        0.168     7.123 r  GEN_BRAM.u_core/alu_mux_a/u_adder_i_32/O
                         net (fo=90, routed)          0.579     7.702    GEN_BRAM.u_core/alu/u_mul/u_mul/GEN_VEDIC.u_mul/u2/result[1]_INST_0_i_11_n_0
    SLICE_X11Y27         CARRY4 (Prop_carry4_CYINIT_CO[3])
                                                      0.346     8.048 r  GEN_BRAM.u_core/alu/u_mul/u_mul/GEN_VEDIC.u_mul/u2/result[1]_INST_0_i_5/CO[3]
                         net (fo=1, routed)           0.000     8.048    GEN_BRAM.u_core/alu/u_mul/u_mul/GEN_VEDIC.u_mul/u2/result[1]_INST_0_i_5_n_0
    SLICE_X11Y28         CARRY4 (Prop_carry4_CI_CO[3])
                                                      0.058     8.106 r  GEN_BRAM.u_core/alu/u_mul/u_mul/GEN_VEDIC.u_mul/u2/product__0_carry_i_42__1/CO[3]
                         net (fo=1, routed)           0.000     8.106    GEN_BRAM.u_core/alu/u_mul/u_mul/GEN_VEDIC.u_mul/u2/product__0_carry_i_42__1_n_0
    SLICE_X11Y29         CARRY4 (Prop_carry4_CI_O[1])
                                                      0.213     8.319 r  GEN_BRAM.u_core/alu/u_mul/u_mul/GEN_VEDIC.u_mul/u2/product__0_carry_i_73__0/O[1]
                         net (fo=1, routed)           0.280     8.599    GEN_BRAM.u_core/alu/u_mul/u_mul/GEN_VEDIC.u_mul/u2/mag_a0[10]
    SLICE_X10Y29         LUT6 (Prop_lut6_I0_O)        0.152     8.751 r  GEN_BRAM.u_core/alu/u_mul/u_mul/GEN_VEDIC.u_mul/u2/product__0_carry_i_44__1/O
                         net (fo=80, routed)          2.008    10.759    GEN_BRAM.u_core/alu/u_mul/u_mul/GEN_VEDIC.u_mul/u0/mag_a[9]
    SLICE_X23Y9          LUT4 (Prop_lut4_I1_O)        0.056    10.815 r  GEN_BRAM.u_core/alu/u_mul/u_mul/GEN_VEDIC.u_mul/u0/product__0_carry_i_37/O
                         net (fo=2, routed)           0.639    11.454    GEN_BRAM.u_core/alu/u_mul/u_mul/GEN_VEDIC.u_mul/u0/u1/u0/p1[1]
    SLICE_X22Y9          LUT3 (Prop_lut3_I0_O)        0.185    11.639 r  GEN_BRAM.u_core/alu/u_mul/u_mul/GEN_VEDIC.u_mul/u0/product__0_carry_i_14/O
                         net (fo=2, routed)           0.289    11.928    GEN_BRAM.u_core/alu/u_mul/u_mul/GEN_VEDIC.u_mul/u0/product__0_carry_i_14_n_0
    SLICE_X22Y9          LUT5 (Prop_lut5_I4_O)        0.172    12.100 r  GEN_BRAM.u_core/alu/u_mul/u_mul/GEN_VEDIC.u_mul/u0/product__0_carry_i_17__1/O
                         net (fo=1, routed)           0.000    12.100    GEN_BRAM.u_core/alu/u_mul/u_mul/GEN_VEDIC.u_mul/u0/product__0_carry_i_17__1_n_0
    SLICE_X22Y9          CARRY4 (Prop_carry4_S[2]_CO[3])
                                                      0.219    12.319 r  GEN_BRAM.u_core/alu/u_mul/u_mul/GEN_VEDIC.u_mul/u0/product__0_carry_i_8/CO[3]
                         net (fo=1, routed)           0.000    12.319    GEN_BRAM.u_core/alu/u_mul/u_mul/GEN_VEDIC.u_mul/u0/product__0_carry_i_8_n_0
    SLICE_X22Y10         CARRY4 (Prop_carry4_CI_O[0])
                                                      0.135    12.454 r  GEN_BRAM.u_core/alu/u_mul/u_mul/GEN_VEDIC.u_mul/u0/product__0_carry__0_i_31/O[0]
                         net (fo=2, routed)           0.605    13.059    GEN_BRAM.u_core/alu/u_mul/u_mul/GEN_VEDIC.u_mul/u0/u1/p0_20[6]
    SLICE_X25Y11         LUT3 (Prop_lut3_I2_O)        0.166    13.225 r  GEN_BRAM.u_core/alu/u_mul/u_mul/GEN_VEDIC.u_mul/u0/product__0_carry__0_i_12/O
                         net (fo=2, routed)           0.445    13.670    GEN_BRAM.u_core/alu/u_mul/u_mul/GEN_VEDIC.u_mul/u0/product__0_carry__0_i_12_n_0
    SLICE_X25Y11         CARRY4 (Prop_carry4_DI[3]_CO[3])
                                                      0.342    14.012 r  GEN_BRAM.u_core/alu/u_mul/u_mul/GEN_VEDIC.u_mul/u0/product__0_carry__0_i_9/CO[3]
                         net (fo=1, routed)           0.000    14.012    GEN_BRAM.u_core/alu/u_mul/u_mul/GEN_VEDIC.u_mul/u0/product__0_carry__0_i_9_n_0
    SLICE_X25Y12         CARRY4 (Prop_carry4_CI_O[3])
                                                      0.179    14.191 r  GEN_BRAM.u_core/alu/u_mul/u_mul/GEN_VEDIC.u_mul/u0/product__0_carry__1_i_9/O[3]
                         net (fo=2, routed)           0.816    15.006    GEN_BRAM.u_core/alu/u_mul/u_mul/GEN_VEDIC.u_mul/u0/p1[11]
    SLICE_X19Y12         LUT3 (Prop_lut3_I0_O)        0.155    15.161 r  GEN_BRAM.u_core/alu/u_mul/u_mul/GEN_VEDIC.u_mul/u0/product__0_carry__2_i_4__2/O
                         net (fo=2, routed)           0.443    15.604    GEN_BRAM.u_core/alu/u_mul/u_mul/GEN_VEDIC.u_mul/u0/product__0_carry__2_i_4__2_n_0
    SLICE_X19Y13         LUT4 (Prop_lut4_I3_O)        0.168    15.772 r  GEN_BRAM.u_core/alu/u_mul/u_mul/GEN_VEDIC.u_mul/u0/product__0_carry__2_i_8__2/O
                         net (fo=1, routed)           0.000    15.772    GEN_BRAM.u_core/alu/u_mul/u_mul/GEN_VEDIC.u_mul/u0/product__0_carry__2_i_8__2_n_0
    SLICE_X19Y13         CARRY4 (Prop_carry4_S[0]_CO[3])
                                                      0.313    16.085 r  GEN_BRAM.u_core/alu/u_mul/u_mul/GEN_VEDIC.u_mul/u0/product__0_carry__2/CO[3]
                         net (fo=1, routed)           0.000    16.085    GEN_BRAM.u_core/alu/u_mul/u_mul/GEN_VEDIC.u_mul/u0/product__0_carry__2_n_0
    SLICE_X19Y14         CARRY4 (Prop_carry4_CI_O[2])
                                                      0.136    16.221 r  GEN_BRAM.u_core/alu/u_mul/u_mul/GEN_VEDIC.u_mul/u0/product__0_carry__3/O[2]
                         net (fo=2, routed)           0.730    16.951    GEN_BRAM.u_core/alu/u_mul/u_mul/GEN_VEDIC.u_mul/u1/result[31]_INST_0_i_1_0[2]
    SLICE_X20Y20         LUT3 (Prop_lut3_I2_O)        0.162    17.113 r  GEN_BRAM.u_core/alu/u_mul/u_mul/GEN_VEDIC.u_mul/u1/result[27]_INST_0_i_3/O
                         net (fo=2, routed)           0.477    17.590    GEN_BRAM.u_core/alu/u_mul/u_mul/GEN_VEDIC.u_mul/u1/result[27]_INST_0_i_3_n_0
    SLICE_X20Y20         LUT4 (Prop_lut4_I3_O)        0.164    17.754 r  GEN_BRAM.u_core/alu/u_mul/u_mul/GEN_VEDIC.u_mul/u1/result[27]_INST_0_i_7/O
                         net (fo=1, routed)           0.000    17.754    GEN_BRAM.u_core/alu/u_mul/u_mul/GEN_VEDIC.u_mul/u1/result[27]_INST_0_i_7_n_0
    SLICE_X20Y20         CARRY4 (Prop_carry4_S[3]_CO[3])
                                                      0.216    17.970 r  GEN_BRAM.u_core/alu/u_mul/u_mul/GEN_VEDIC.u_mul/u1/result[27]_INST_0_i_1/CO[3]
                         net (fo=1, routed)           0.000    17.970    GEN_BRAM.u_core/alu/u_mul/u_mul/GEN_VEDIC.u_mul/u1/result[27]_INST_0_i_1_n_0
    SLICE_X20Y21         CARRY4 (Prop_carry4_CI_O[0])
                                                      0.135    18.105 f  GEN_BRAM.u_core/alu/u_mul/u_mul/GEN_VEDIC.u_mul/u1/result[31]_INST_0_i_1/O[0]
                         net (fo=2, routed)           0.479    18.584    GEN_BRAM.u_core/alu/u_mul/u_mul/GEN_VEDIC.u_mul/u1/result[31]_INST_0_i_13_0[5]
    SLICE_X18Y23         LUT1 (Prop_lut1_I0_O)        0.153    18.737 r  GEN_BRAM.u_core/alu/u_mul/u_mul/GEN_VEDIC.u_mul/u1/result[0]_INST_0_i_8/O
                         net (fo=1, routed)           0.000    18.737    GEN_BRAM.u_core/alu/u_mul/u_mul/GEN_VEDIC.u_mul/u1/p_0_in[28]
    SLICE_X18Y23         CARRY4 (Prop_carry4_S[3]_CO[3])
                                                      0.216    18.953 r  GEN_BRAM.u_core/alu/u_mul/u_mul/GEN_VEDIC.u_mul/u1/result[0]_INST_0_i_2/CO[3]
                         net (fo=1, routed)           0.000    18.953    GEN_BRAM.u_core/alu/u_mul/u_mul/GEN_VEDIC.u_mul/u1/result[0]_INST_0_i_2_n_0
    SLICE_X18Y24         CARRY4 (Prop_carry4_CI_O[3])
                                                      0.181    19.134 f  GEN_BRAM.u_core/alu/u_mul/u_mul/GEN_VEDIC.u_mul/u1/result[0]_INST_0_i_1/O[3]
                         net (fo=1, routed)           0.470    19.604    GEN_BRAM.u_core/alu/u_mul/u_mul/GEN_VEDIC.u_mul/u1/signed_product0[32]
    SLICE_X16Y27         LUT6 (Prop_lut6_I5_O)        0.142    19.746 f  GEN_BRAM.u_core/alu/u_mul/u_mul/GEN_VEDIC.u_mul/u1/result[0]_INST_0/O
                         net (fo=1, routed)           0.747    20.493    GEN_BRAM.u_core/alu/mul_result[0]
    SLICE_X10Y33         LUT6 (Prop_lut6_I0_O)        0.053    20.546 f  GEN_BRAM.u_core/alu/debug_alu_out_OBUF[0]_inst_i_11/O
                         net (fo=1, routed)           0.000    20.546    GEN_BRAM.u_core/alu/debug_alu_out_OBUF[0]_inst_i_11_n_0
    SLICE_X10Y33         MUXF7 (Prop_muxf7_I1_O)      0.123    20.669 f  GEN_BRAM.u_core/alu/debug_alu_out_OBUF[0]_inst_i_4/O
                         net (fo=1, routed)           0.381    21.050    GEN_BRAM.u_core/alu/debug_alu_out_OBUF[0]_inst_i_4_n_0
    SLICE_X6Y33          LUT6 (Prop_lut6_I5_O)        0.150    21.200 f  GEN_BRAM.u_core/alu/debug_alu_out_OBUF[0]_inst_i_1/O
                         net (fo=11, routed)          1.112    22.312    GEN_BRAM.u_core/alu/D[0]
    SLICE_X8Y15          LUT2 (Prop_lut2_I1_O)        0.053    22.365 r  GEN_BRAM.u_core/alu/mem_reg_0_i_37/O
                         net (fo=26, routed)          0.645    23.009    GEN_BRAM.u_core/dmem/registers_reg_r1_0_31_6_11_i_10
    SLICE_X2Y17          LUT5 (Prop_lut5_I4_O)        0.056    23.065 r  GEN_BRAM.u_core/dmem/registers_reg_r1_0_31_6_11_i_24/O
                         net (fo=1, routed)           0.442    23.507    GEN_BRAM.u_core/wb_mux/registers_reg_r1_0_31_6_11_i_2_0
    SLICE_X2Y15          LUT6 (Prop_lut6_I5_O)        0.168    23.675 r  GEN_BRAM.u_core/wb_mux/registers_reg_r1_0_31_6_11_i_10/O
                         net (fo=1, routed)           0.345    24.020    GEN_BRAM.u_core/divider/wb_exec[6]
    SLICE_X3Y15          LUT6 (Prop_lut6_I5_O)        0.053    24.073 r  GEN_BRAM.u_core/divider/registers_reg_r1_0_31_6_11_i_2/O
                         net (fo=2, routed)           0.469    24.542    GEN_BRAM.u_core/reg_file/registers_reg_r2_0_31_6_11/DIA0
    SLICE_X6Y17          RAMD32                                       r  GEN_BRAM.u_core/reg_file/registers_reg_r2_0_31_6_11/RAMA/I
  -------------------------------------------------------------------    -------------------

                         (clock sys_clk rise edge)   30.000    30.000 r  
    AD23                                              0.000    30.000 r  clk (IN)
                         net (fo=0)                   0.000    30.000    clk
    AD23                 IBUF (Prop_ibuf_I_O)         0.796    30.796 r  clk_IBUF_inst/O
                         net (fo=1, routed)           1.741    32.537    clk_IBUF
    BUFGCTRL_X0Y0        BUFG (Prop_bufg_I_O)         0.113    32.650 r  clk_IBUF_BUFG_inst/O
                         net (fo=350, routed)         1.597    34.247    GEN_BRAM.u_core/reg_file/registers_reg_r2_0_31_6_11/WCLK
    SLICE_X6Y17          RAMD32                                       r  GEN_BRAM.u_core/reg_file/registers_reg_r2_0_31_6_11/RAMA/CLK
                         clock pessimism              0.256    34.504    
                         clock uncertainty           -0.035    34.468    
    SLICE_X6Y17          RAMD32 (Setup_ramd32_CLK_I)
                                                     -0.113    34.355    GEN_BRAM.u_core/reg_file/registers_reg_r2_0_31_6_11/RAMA
  -------------------------------------------------------------------
                         required time                         34.355    
                         arrival time                         -24.542    
  -------------------------------------------------------------------
                         slack                                  9.813    

Slack (MET) :             9.827ns  (required time - arrival time)
  Source:                 GEN_BRAM.u_core/ir_reg[15]/C
                            (rising edge-triggered cell FDCE clocked by sys_clk  {rise@0.000ns fall@15.000ns period=30.000ns})
  Destination:            GEN_BRAM.u_core/reg_file/registers_reg_r2_0_31_12_17/RAMB_D1/I
                            (rising edge-triggered cell RAMD32 clocked by sys_clk  {rise@0.000ns fall@15.000ns period=30.000ns})
  Path Group:             sys_clk
  Path Type:              Setup (Max at Slow Process Corner)
  Requirement:            30.000ns  (sys_clk rise@30.000ns - sys_clk rise@0.000ns)
  Data Path Delay:        19.945ns  (logic 5.807ns (29.115%)  route 14.138ns (70.885%))
  Logic Levels:           32  (CARRY4=13 LUT1=1 LUT3=4 LUT4=5 LUT5=2 LUT6=4 MUXF7=2 RAMD32=1)
  Clock Path Skew:        -0.034ns (DCD - SCD + CPR)
    Destination Clock Delay (DCD):    4.182ns = ( 34.182 - 30.000 ) 
    Source Clock Delay      (SCD):    4.473ns
    Clock Pessimism Removal (CPR):    0.256ns
  Clock Uncertainty:      0.035ns  ((TSJ^2 + TIJ^2)^1/2 + DJ) / 2 + PE
    Total System Jitter     (TSJ):    0.071ns
    Total Input Jitter      (TIJ):    0.000ns
    Discrete Jitter          (DJ):    0.000ns
    Phase Error              (PE):    0.000ns

    Location             Delay type                Incr(ns)  Path(ns)    Netlist Resource(s)
  -------------------------------------------------------------------    -------------------
                         (clock sys_clk rise edge)    0.000     0.000 r  
    AD23                                              0.000     0.000 r  clk (IN)
                         net (fo=0)                   0.000     0.000    clk
    AD23                 IBUF (Prop_ibuf_I_O)         0.873     0.873 r  clk_IBUF_inst/O
                         net (fo=1, routed)           1.830     2.703    clk_IBUF
    BUFGCTRL_X0Y0        BUFG (Prop_bufg_I_O)         0.120     2.823 r  clk_IBUF_BUFG_inst/O
                         net (fo=350, routed)         1.650     4.473    GEN_BRAM.u_core/clk_IBUF_BUFG
    SLICE_X8Y15          FDCE                                         r  GEN_BRAM.u_core/ir_reg[15]/C
  -------------------------------------------------------------------    -------------------
    SLICE_X8Y15          FDCE (Prop_fdce_C_Q)         0.308     4.781 r  GEN_BRAM.u_core/ir_reg[15]/Q
                         net (fo=97, routed)          0.962     5.743    GEN_BRAM.u_core/reg_file/registers_reg_r1_0_31_0_5/ADDRA0
    SLICE_X4Y16          RAMD32 (Prop_ramd32_RADR0_O)
                                                      0.066     5.809 f  GEN_BRAM.u_core/reg_file/registers_reg_r1_0_31_0_5/RAMA/O
                         net (fo=10, routed)          1.146     6.955    GEN_BRAM.u_core/alu_mux_a/dataR10[0]
    SLICE_X6Y29          LUT4 (Prop_lut4_I1_O)        0.168     7.123 r  GEN_BRAM.u_core/alu_mux_a/u_adder_i_32/O
                         net (fo=90, routed)          0.579     7.702    GEN_BRAM.u_core/alu/u_mul/u_mul/GEN_VEDIC.u_mul/u2/result[1]_INST_0_i_11_n_0
    SLICE_X11Y27         CARRY4 (Prop_carry4_CYINIT_CO[3])
                                                      0.346     8.048 r  GEN_BRAM.u_core/alu/u_mul/u_mul/GEN_VEDIC.u_mul/u2/result[1]_INST_0_i_5/CO[3]
                         net (fo=1, routed)           0.000     8.048    GEN_BRAM.u_core/alu/u_mul/u_mul/GEN_VEDIC.u_mul/u2/result[1]_INST_0_i_5_n_0
    SLICE_X11Y28         CARRY4 (Prop_carry4_CI_CO[3])
                                                      0.058     8.106 r  GEN_BRAM.u_core/alu/u_mul/u_mul/GEN_VEDIC.u_mul/u2/product__0_carry_i_42__1/CO[3]
                         net (fo=1, routed)           0.000     8.106    GEN_BRAM.u_core/alu/u_mul/u_mul/GEN_VEDIC.u_mul/u2/product__0_carry_i_42__1_n_0
    SLICE_X11Y29         CARRY4 (Prop_carry4_CI_O[1])
                                                      0.213     8.319 r  GEN_BRAM.u_core/alu/u_mul/u_mul/GEN_VEDIC.u_mul/u2/product__0_carry_i_73__0/O[1]
                         net (fo=1, routed)           0.280     8.599    GEN_BRAM.u_core/alu/u_mul/u_mul/GEN_VEDIC.u_mul/u2/mag_a0[10]
    SLICE_X10Y29         LUT6 (Prop_lut6_I0_O)        0.152     8.751 r  GEN_BRAM.u_core/alu/u_mul/u_mul/GEN_VEDIC.u_mul/u2/product__0_carry_i_44__1/O
                         net (fo=80, routed)          2.008    10.759    GEN_BRAM.u_core/alu/u_mul/u_mul/GEN_VEDIC.u_mul/u0/mag_a[9]
    SLICE_X23Y9          LUT4 (Prop_lut4_I1_O)        0.056    10.815 r  GEN_BRAM.u_core/alu/u_mul/u_mul/GEN_VEDIC.u_mul/u0/product__0_carry_i_37/O
                         net (fo=2, routed)           0.639    11.454    GEN_BRAM.u_core/alu/u_mul/u_mul/GEN_VEDIC.u_mul/u0/u1/u0/p1[1]
    SLICE_X22Y9          LUT3 (Prop_lut3_I0_O)        0.185    11.639 r  GEN_BRAM.u_core/alu/u_mul/u_mul/GEN_VEDIC.u_mul/u0/product__0_carry_i_14/O
                         net (fo=2, routed)           0.289    11.928    GEN_BRAM.u_core/alu/u_mul/u_mul/GEN_VEDIC.u_mul/u0/product__0_carry_i_14_n_0
    SLICE_X22Y9          LUT5 (Prop_lut5_I4_O)        0.172    12.100 r  GEN_BRAM.u_core/alu/u_mul/u_mul/GEN_VEDIC.u_mul/u0/product__0_carry_i_17__1/O
                         net (fo=1, routed)           0.000    12.100    GEN_BRAM.u_core/alu/u_mul/u_mul/GEN_VEDIC.u_mul/u0/product__0_carry_i_17__1_n_0
    SLICE_X22Y9          CARRY4 (Prop_carry4_S[2]_CO[3])
                                                      0.219    12.319 r  GEN_BRAM.u_core/alu/u_mul/u_mul/GEN_VEDIC.u_mul/u0/product__0_carry_i_8/CO[3]
                         net (fo=1, routed)           0.000    12.319    GEN_BRAM.u_core/alu/u_mul/u_mul/GEN_VEDIC.u_mul/u0/product__0_carry_i_8_n_0
    SLICE_X22Y10         CARRY4 (Prop_carry4_CI_O[0])
                                                      0.135    12.454 r  GEN_BRAM.u_core/alu/u_mul/u_mul/GEN_VEDIC.u_mul/u0/product__0_carry__0_i_31/O[0]
                         net (fo=2, routed)           0.605    13.059    GEN_BRAM.u_core/alu/u_mul/u_mul/GEN_VEDIC.u_mul/u0/u1/p0_20[6]
    SLICE_X25Y11         LUT3 (Prop_lut3_I2_O)        0.166    13.225 r  GEN_BRAM.u_core/alu/u_mul/u_mul/GEN_VEDIC.u_mul/u0/product__0_carry__0_i_12/O
                         net (fo=2, routed)           0.445    13.670    GEN_BRAM.u_core/alu/u_mul/u_mul/GEN_VEDIC.u_mul/u0/product__0_carry__0_i_12_n_0
    SLICE_X25Y11         CARRY4 (Prop_carry4_DI[3]_CO[3])
                                                      0.342    14.012 r  GEN_BRAM.u_core/alu/u_mul/u_mul/GEN_VEDIC.u_mul/u0/product__0_carry__0_i_9/CO[3]
                         net (fo=1, routed)           0.000    14.012    GEN_BRAM.u_core/alu/u_mul/u_mul/GEN_VEDIC.u_mul/u0/product__0_carry__0_i_9_n_0
    SLICE_X25Y12         CARRY4 (Prop_carry4_CI_O[3])
                                                      0.179    14.191 r  GEN_BRAM.u_core/alu/u_mul/u_mul/GEN_VEDIC.u_mul/u0/product__0_carry__1_i_9/O[3]
                         net (fo=2, routed)           0.816    15.006    GEN_BRAM.u_core/alu/u_mul/u_mul/GEN_VEDIC.u_mul/u0/p1[11]
    SLICE_X19Y12         LUT3 (Prop_lut3_I0_O)        0.155    15.161 r  GEN_BRAM.u_core/alu/u_mul/u_mul/GEN_VEDIC.u_mul/u0/product__0_carry__2_i_4__2/O
                         net (fo=2, routed)           0.443    15.604    GEN_BRAM.u_core/alu/u_mul/u_mul/GEN_VEDIC.u_mul/u0/product__0_carry__2_i_4__2_n_0
    SLICE_X19Y13         LUT4 (Prop_lut4_I3_O)        0.168    15.772 r  GEN_BRAM.u_core/alu/u_mul/u_mul/GEN_VEDIC.u_mul/u0/product__0_carry__2_i_8__2/O
                         net (fo=1, routed)           0.000    15.772    GEN_BRAM.u_core/alu/u_mul/u_mul/GEN_VEDIC.u_mul/u0/product__0_carry__2_i_8__2_n_0
    SLICE_X19Y13         CARRY4 (Prop_carry4_S[0]_CO[3])
                                                      0.313    16.085 r  GEN_BRAM.u_core/alu/u_mul/u_mul/GEN_VEDIC.u_mul/u0/product__0_carry__2/CO[3]
                         net (fo=1, routed)           0.000    16.085    GEN_BRAM.u_core/alu/u_mul/u_mul/GEN_VEDIC.u_mul/u0/product__0_carry__2_n_0
    SLICE_X19Y14         CARRY4 (Prop_carry4_CI_O[2])
                                                      0.136    16.221 r  GEN_BRAM.u_core/alu/u_mul/u_mul/GEN_VEDIC.u_mul/u0/product__0_carry__3/O[2]
                         net (fo=2, routed)           0.730    16.951    GEN_BRAM.u_core/alu/u_mul/u_mul/GEN_VEDIC.u_mul/u1/result[31]_INST_0_i_1_0[2]
    SLICE_X20Y20         LUT3 (Prop_lut3_I2_O)        0.162    17.113 r  GEN_BRAM.u_core/alu/u_mul/u_mul/GEN_VEDIC.u_mul/u1/result[27]_INST_0_i_3/O
                         net (fo=2, routed)           0.477    17.590    GEN_BRAM.u_core/alu/u_mul/u_mul/GEN_VEDIC.u_mul/u1/result[27]_INST_0_i_3_n_0
    SLICE_X20Y20         LUT4 (Prop_lut4_I3_O)        0.164    17.754 r  GEN_BRAM.u_core/alu/u_mul/u_mul/GEN_VEDIC.u_mul/u1/result[27]_INST_0_i_7/O
                         net (fo=1, routed)           0.000    17.754    GEN_BRAM.u_core/alu/u_mul/u_mul/GEN_VEDIC.u_mul/u1/result[27]_INST_0_i_7_n_0
    SLICE_X20Y20         CARRY4 (Prop_carry4_S[3]_CO[3])
                                                      0.216    17.970 r  GEN_BRAM.u_core/alu/u_mul/u_mul/GEN_VEDIC.u_mul/u1/result[27]_INST_0_i_1/CO[3]
                         net (fo=1, routed)           0.000    17.970    GEN_BRAM.u_core/alu/u_mul/u_mul/GEN_VEDIC.u_mul/u1/result[27]_INST_0_i_1_n_0
    SLICE_X20Y21         CARRY4 (Prop_carry4_CI_O[1])
                                                      0.212    18.182 f  GEN_BRAM.u_core/alu/u_mul/u_mul/GEN_VEDIC.u_mul/u1/result[31]_INST_0_i_1/O[1]
                         net (fo=2, routed)           0.438    18.620    GEN_BRAM.u_core/alu/u_mul/u_mul/GEN_VEDIC.u_mul/u1/result[31]_INST_0_i_13_0[6]
    SLICE_X18Y24         LUT1 (Prop_lut1_I0_O)        0.155    18.775 r  GEN_BRAM.u_core/alu/u_mul/u_mul/GEN_VEDIC.u_mul/u1/result[0]_INST_0_i_6/O
                         net (fo=1, routed)           0.000    18.775    GEN_BRAM.u_core/alu/u_mul/u_mul/GEN_VEDIC.u_mul/u1/p_0_in[29]
    SLICE_X18Y24         CARRY4 (Prop_carry4_S[0]_CO[3])
                                                      0.297    19.072 r  GEN_BRAM.u_core/alu/u_mul/u_mul/GEN_VEDIC.u_mul/u1/result[0]_INST_0_i_1/CO[3]
                         net (fo=1, routed)           0.008    19.080    GEN_BRAM.u_core/alu/u_mul/u_mul/GEN_VEDIC.u_mul/u1/result[0]_INST_0_i_1_n_0
    SLICE_X18Y25         CARRY4 (Prop_carry4_CI_O[0])
                                                      0.135    19.215 r  GEN_BRAM.u_core/alu/u_mul/u_mul/GEN_VEDIC.u_mul/u1/result[4]_INST_0_i_1/O[0]
                         net (fo=1, routed)           0.467    19.683    GEN_BRAM.u_core/alu/u_mul/u_mul/GEN_VEDIC.u_mul/u1/signed_product0[33]
    SLICE_X19Y25         LUT5 (Prop_lut5_I4_O)        0.153    19.836 r  GEN_BRAM.u_core/alu/u_mul/u_mul/GEN_VEDIC.u_mul/u1/result[1]_INST_0/O
                         net (fo=2, routed)           0.807    20.642    GEN_BRAM.u_core/reg_file/result[0]
    SLICE_X6Y34          LUT6 (Prop_lut6_I2_O)        0.053    20.695 r  GEN_BRAM.u_core/reg_file/debug_alu_out_OBUF[1]_inst_i_2/O
                         net (fo=2, routed)           0.000    20.695    GEN_BRAM.u_core/alu_mux_b/load_addr_hold_reg[1]
    SLICE_X6Y34          MUXF7 (Prop_muxf7_I0_O)      0.121    20.816 r  GEN_BRAM.u_core/alu_mux_b/debug_alu_out_OBUF[1]_inst_i_1/O
                         net (fo=43, routed)          1.240    22.057    GEN_BRAM.u_core/alu_mux_b/D[0]
    SLICE_X8Y19          LUT4 (Prop_lut4_I0_O)        0.163    22.220 r  GEN_BRAM.u_core/alu_mux_b/registers_reg_r1_0_31_12_17_i_44/O
                         net (fo=1, routed)           0.785    23.005    GEN_BRAM.u_core/wb_mux/registers_reg_r1_0_31_12_17_i_12_1
    SLICE_X6Y32          LUT6 (Prop_lut6_I5_O)        0.168    23.173 r  GEN_BRAM.u_core/wb_mux/registers_reg_r1_0_31_12_17_i_26/O
                         net (fo=1, routed)           0.000    23.173    GEN_BRAM.u_core/wb_mux/registers_reg_r1_0_31_12_17_i_26_n_0
    SLICE_X6Y32          MUXF7 (Prop_muxf7_I0_O)      0.121    23.294 r  GEN_BRAM.u_core/wb_mux/registers_reg_r1_0_31_12_17_i_12/O
                         net (fo=1, routed)           0.577    23.872    GEN_BRAM.u_core/divider/wb_exec[15]
    SLICE_X8Y28          LUT6 (Prop_lut6_I5_O)        0.150    24.022 r  GEN_BRAM.u_core/divider/registers_reg_r1_0_31_12_17_i_3/O
                         net (fo=2, routed)           0.396    24.418    GEN_BRAM.u_core/reg_file/registers_reg_r2_0_31_12_17/DIB1
    SLICE_X10Y27         RAMD32                                       r  GEN_BRAM.u_core/reg_file/registers_reg_r2_0_31_12_17/RAMB_D1/I
  -------------------------------------------------------------------    -------------------

                         (clock sys_clk rise edge)   30.000    30.000 r  
    AD23                                              0.000    30.000 r  clk (IN)
                         net (fo=0)                   0.000    30.000    clk
    AD23                 IBUF (Prop_ibuf_I_O)         0.796    30.796 r  clk_IBUF_inst/O
                         net (fo=1, routed)           1.741    32.537    clk_IBUF
    BUFGCTRL_X0Y0        BUFG (Prop_bufg_I_O)         0.113    32.650 r  clk_IBUF_BUFG_inst/O
                         net (fo=350, routed)         1.532    34.182    GEN_BRAM.u_core/reg_file/registers_reg_r2_0_31_12_17/WCLK
    SLICE_X10Y27         RAMD32                                       r  GEN_BRAM.u_core/reg_file/registers_reg_r2_0_31_12_17/RAMB_D1/CLK
                         clock pessimism              0.256    34.439    
                         clock uncertainty           -0.035    34.403    
    SLICE_X10Y27         RAMD32 (Setup_ramd32_CLK_I)
                                                     -0.159    34.244    GEN_BRAM.u_core/reg_file/registers_reg_r2_0_31_12_17/RAMB_D1
  -------------------------------------------------------------------
                         required time                         34.244    
                         arrival time                         -24.417    
  -------------------------------------------------------------------
                         slack                                  9.827    

Slack (MET) :             9.857ns  (required time - arrival time)
  Source:                 GEN_BRAM.u_core/ir_reg[15]/C
                            (rising edge-triggered cell FDCE clocked by sys_clk  {rise@0.000ns fall@15.000ns period=30.000ns})
  Destination:            GEN_BRAM.u_core/reg_file/registers_reg_r1_0_31_12_17/RAMB_D1/I
                            (rising edge-triggered cell RAMD32 clocked by sys_clk  {rise@0.000ns fall@15.000ns period=30.000ns})
  Path Group:             sys_clk
  Path Type:              Setup (Max at Slow Process Corner)
  Requirement:            30.000ns  (sys_clk rise@30.000ns - sys_clk rise@0.000ns)
  Data Path Delay:        19.913ns  (logic 5.807ns (29.161%)  route 14.106ns (70.839%))
  Logic Levels:           32  (CARRY4=13 LUT1=1 LUT3=4 LUT4=5 LUT5=2 LUT6=4 MUXF7=2 RAMD32=1)
  Clock Path Skew:        -0.035ns (DCD - SCD + CPR)
    Destination Clock Delay (DCD):    4.181ns = ( 34.181 - 30.000 ) 
    Source Clock Delay      (SCD):    4.473ns
    Clock Pessimism Removal (CPR):    0.256ns
  Clock Uncertainty:      0.035ns  ((TSJ^2 + TIJ^2)^1/2 + DJ) / 2 + PE
    Total System Jitter     (TSJ):    0.071ns
    Total Input Jitter      (TIJ):    0.000ns
    Discrete Jitter          (DJ):    0.000ns
    Phase Error              (PE):    0.000ns

    Location             Delay type                Incr(ns)  Path(ns)    Netlist Resource(s)
  -------------------------------------------------------------------    -------------------
                         (clock sys_clk rise edge)    0.000     0.000 r  
    AD23                                              0.000     0.000 r  clk (IN)
                         net (fo=0)                   0.000     0.000    clk
    AD23                 IBUF (Prop_ibuf_I_O)         0.873     0.873 r  clk_IBUF_inst/O
                         net (fo=1, routed)           1.830     2.703    clk_IBUF
    BUFGCTRL_X0Y0        BUFG (Prop_bufg_I_O)         0.120     2.823 r  clk_IBUF_BUFG_inst/O
                         net (fo=350, routed)         1.650     4.473    GEN_BRAM.u_core/clk_IBUF_BUFG
    SLICE_X8Y15          FDCE                                         r  GEN_BRAM.u_core/ir_reg[15]/C
  -------------------------------------------------------------------    -------------------
    SLICE_X8Y15          FDCE (Prop_fdce_C_Q)         0.308     4.781 r  GEN_BRAM.u_core/ir_reg[15]/Q
                         net (fo=97, routed)          0.962     5.743    GEN_BRAM.u_core/reg_file/registers_reg_r1_0_31_0_5/ADDRA0
    SLICE_X4Y16          RAMD32 (Prop_ramd32_RADR0_O)
                                                      0.066     5.809 f  GEN_BRAM.u_core/reg_file/registers_reg_r1_0_31_0_5/RAMA/O
                         net (fo=10, routed)          1.146     6.955    GEN_BRAM.u_core/alu_mux_a/dataR10[0]
    SLICE_X6Y29          LUT4 (Prop_lut4_I1_O)        0.168     7.123 r  GEN_BRAM.u_core/alu_mux_a/u_adder_i_32/O
                         net (fo=90, routed)          0.579     7.702    GEN_BRAM.u_core/alu/u_mul/u_mul/GEN_VEDIC.u_mul/u2/result[1]_INST_0_i_11_n_0
    SLICE_X11Y27         CARRY4 (Prop_carry4_CYINIT_CO[3])
                                                      0.346     8.048 r  GEN_BRAM.u_core/alu/u_mul/u_mul/GEN_VEDIC.u_mul/u2/result[1]_INST_0_i_5/CO[3]
                         net (fo=1, routed)           0.000     8.048    GEN_BRAM.u_core/alu/u_mul/u_mul/GEN_VEDIC.u_mul/u2/result[1]_INST_0_i_5_n_0
    SLICE_X11Y28         CARRY4 (Prop_carry4_CI_CO[3])
                                                      0.058     8.106 r  GEN_BRAM.u_core/alu/u_mul/u_mul/GEN_VEDIC.u_mul/u2/product__0_carry_i_42__1/CO[3]
                         net (fo=1, routed)           0.000     8.106    GEN_BRAM.u_core/alu/u_mul/u_mul/GEN_VEDIC.u_mul/u2/product__0_carry_i_42__1_n_0
    SLICE_X11Y29         CARRY4 (Prop_carry4_CI_O[1])
                                                      0.213     8.319 r  GEN_BRAM.u_core/alu/u_mul/u_mul/GEN_VEDIC.u_mul/u2/product__0_carry_i_73__0/O[1]
                         net (fo=1, routed)           0.280     8.599    GEN_BRAM.u_core/alu/u_mul/u_mul/GEN_VEDIC.u_mul/u2/mag_a0[10]
    SLICE_X10Y29         LUT6 (Prop_lut6_I0_O)        0.152     8.751 r  GEN_BRAM.u_core/alu/u_mul/u_mul/GEN_VEDIC.u_mul/u2/product__0_carry_i_44__1/O
                         net (fo=80, routed)          2.008    10.759    GEN_BRAM.u_core/alu/u_mul/u_mul/GEN_VEDIC.u_mul/u0/mag_a[9]
    SLICE_X23Y9          LUT4 (Prop_lut4_I1_O)        0.056    10.815 r  GEN_BRAM.u_core/alu/u_mul/u_mul/GEN_VEDIC.u_mul/u0/product__0_carry_i_37/O
                         net (fo=2, routed)           0.639    11.454    GEN_BRAM.u_core/alu/u_mul/u_mul/GEN_VEDIC.u_mul/u0/u1/u0/p1[1]
    SLICE_X22Y9          LUT3 (Prop_lut3_I0_O)        0.185    11.639 r  GEN_BRAM.u_core/alu/u_mul/u_mul/GEN_VEDIC.u_mul/u0/product__0_carry_i_14/O
                         net (fo=2, routed)           0.289    11.928    GEN_BRAM.u_core/alu/u_mul/u_mul/GEN_VEDIC.u_mul/u0/product__0_carry_i_14_n_0
    SLICE_X22Y9          LUT5 (Prop_lut5_I4_O)        0.172    12.100 r  GEN_BRAM.u_core/alu/u_mul/u_mul/GEN_VEDIC.u_mul/u0/product__0_carry_i_17__1/O
                         net (fo=1, routed)           0.000    12.100    GEN_BRAM.u_core/alu/u_mul/u_mul/GEN_VEDIC.u_mul/u0/product__0_carry_i_17__1_n_0
    SLICE_X22Y9          CARRY4 (Prop_carry4_S[2]_CO[3])
                                                      0.219    12.319 r  GEN_BRAM.u_core/alu/u_mul/u_mul/GEN_VEDIC.u_mul/u0/product__0_carry_i_8/CO[3]
                         net (fo=1, routed)           0.000    12.319    GEN_BRAM.u_core/alu/u_mul/u_mul/GEN_VEDIC.u_mul/u0/product__0_carry_i_8_n_0
    SLICE_X22Y10         CARRY4 (Prop_carry4_CI_O[0])
                                                      0.135    12.454 r  GEN_BRAM.u_core/alu/u_mul/u_mul/GEN_VEDIC.u_mul/u0/product__0_carry__0_i_31/O[0]
                         net (fo=2, routed)           0.605    13.059    GEN_BRAM.u_core/alu/u_mul/u_mul/GEN_VEDIC.u_mul/u0/u1/p0_20[6]
    SLICE_X25Y11         LUT3 (Prop_lut3_I2_O)        0.166    13.225 r  GEN_BRAM.u_core/alu/u_mul/u_mul/GEN_VEDIC.u_mul/u0/product__0_carry__0_i_12/O
                         net (fo=2, routed)           0.445    13.670    GEN_BRAM.u_core/alu/u_mul/u_mul/GEN_VEDIC.u_mul/u0/product__0_carry__0_i_12_n_0
    SLICE_X25Y11         CARRY4 (Prop_carry4_DI[3]_CO[3])
                                                      0.342    14.012 r  GEN_BRAM.u_core/alu/u_mul/u_mul/GEN_VEDIC.u_mul/u0/product__0_carry__0_i_9/CO[3]
                         net (fo=1, routed)           0.000    14.012    GEN_BRAM.u_core/alu/u_mul/u_mul/GEN_VEDIC.u_mul/u0/product__0_carry__0_i_9_n_0
    SLICE_X25Y12         CARRY4 (Prop_carry4_CI_O[3])
                                                      0.179    14.191 r  GEN_BRAM.u_core/alu/u_mul/u_mul/GEN_VEDIC.u_mul/u0/product__0_carry__1_i_9/O[3]
                         net (fo=2, routed)           0.816    15.006    GEN_BRAM.u_core/alu/u_mul/u_mul/GEN_VEDIC.u_mul/u0/p1[11]
    SLICE_X19Y12         LUT3 (Prop_lut3_I0_O)        0.155    15.161 r  GEN_BRAM.u_core/alu/u_mul/u_mul/GEN_VEDIC.u_mul/u0/product__0_carry__2_i_4__2/O
                         net (fo=2, routed)           0.443    15.604    GEN_BRAM.u_core/alu/u_mul/u_mul/GEN_VEDIC.u_mul/u0/product__0_carry__2_i_4__2_n_0
    SLICE_X19Y13         LUT4 (Prop_lut4_I3_O)        0.168    15.772 r  GEN_BRAM.u_core/alu/u_mul/u_mul/GEN_VEDIC.u_mul/u0/product__0_carry__2_i_8__2/O
                         net (fo=1, routed)           0.000    15.772    GEN_BRAM.u_core/alu/u_mul/u_mul/GEN_VEDIC.u_mul/u0/product__0_carry__2_i_8__2_n_0
    SLICE_X19Y13         CARRY4 (Prop_carry4_S[0]_CO[3])
                                                      0.313    16.085 r  GEN_BRAM.u_core/alu/u_mul/u_mul/GEN_VEDIC.u_mul/u0/product__0_carry__2/CO[3]
                         net (fo=1, routed)           0.000    16.085    GEN_BRAM.u_core/alu/u_mul/u_mul/GEN_VEDIC.u_mul/u0/product__0_carry__2_n_0
    SLICE_X19Y14         CARRY4 (Prop_carry4_CI_O[2])
                                                      0.136    16.221 r  GEN_BRAM.u_core/alu/u_mul/u_mul/GEN_VEDIC.u_mul/u0/product__0_carry__3/O[2]
                         net (fo=2, routed)           0.730    16.951    GEN_BRAM.u_core/alu/u_mul/u_mul/GEN_VEDIC.u_mul/u1/result[31]_INST_0_i_1_0[2]
    SLICE_X20Y20         LUT3 (Prop_lut3_I2_O)        0.162    17.113 r  GEN_BRAM.u_core/alu/u_mul/u_mul/GEN_VEDIC.u_mul/u1/result[27]_INST_0_i_3/O
                         net (fo=2, routed)           0.477    17.590    GEN_BRAM.u_core/alu/u_mul/u_mul/GEN_VEDIC.u_mul/u1/result[27]_INST_0_i_3_n_0
    SLICE_X20Y20         LUT4 (Prop_lut4_I3_O)        0.164    17.754 r  GEN_BRAM.u_core/alu/u_mul/u_mul/GEN_VEDIC.u_mul/u1/result[27]_INST_0_i_7/O
                         net (fo=1, routed)           0.000    17.754    GEN_BRAM.u_core/alu/u_mul/u_mul/GEN_VEDIC.u_mul/u1/result[27]_INST_0_i_7_n_0
    SLICE_X20Y20         CARRY4 (Prop_carry4_S[3]_CO[3])
                                                      0.216    17.970 r  GEN_BRAM.u_core/alu/u_mul/u_mul/GEN_VEDIC.u_mul/u1/result[27]_INST_0_i_1/CO[3]
                         net (fo=1, routed)           0.000    17.970    GEN_BRAM.u_core/alu/u_mul/u_mul/GEN_VEDIC.u_mul/u1/result[27]_INST_0_i_1_n_0
    SLICE_X20Y21         CARRY4 (Prop_carry4_CI_O[1])
                                                      0.212    18.182 f  GEN_BRAM.u_core/alu/u_mul/u_mul/GEN_VEDIC.u_mul/u1/result[31]_INST_0_i_1/O[1]
                         net (fo=2, routed)           0.438    18.620    GEN_BRAM.u_core/alu/u_mul/u_mul/GEN_VEDIC.u_mul/u1/result[31]_INST_0_i_13_0[6]
    SLICE_X18Y24         LUT1 (Prop_lut1_I0_O)        0.155    18.775 r  GEN_BRAM.u_core/alu/u_mul/u_mul/GEN_VEDIC.u_mul/u1/result[0]_INST_0_i_6/O
                         net (fo=1, routed)           0.000    18.775    GEN_BRAM.u_core/alu/u_mul/u_mul/GEN_VEDIC.u_mul/u1/p_0_in[29]
    SLICE_X18Y24         CARRY4 (Prop_carry4_S[0]_CO[3])
                                                      0.297    19.072 r  GEN_BRAM.u_core/alu/u_mul/u_mul/GEN_VEDIC.u_mul/u1/result[0]_INST_0_i_1/CO[3]
                         net (fo=1, routed)           0.008    19.080    GEN_BRAM.u_core/alu/u_mul/u_mul/GEN_VEDIC.u_mul/u1/result[0]_INST_0_i_1_n_0
    SLICE_X18Y25         CARRY4 (Prop_carry4_CI_O[0])
                                                      0.135    19.215 r  GEN_BRAM.u_core/alu/u_mul/u_mul/GEN_VEDIC.u_mul/u1/result[4]_INST_0_i_1/O[0]
                         net (fo=1, routed)           0.467    19.683    GEN_BRAM.u_core/alu/u_mul/u_mul/GEN_VEDIC.u_mul/u1/signed_product0[33]
    SLICE_X19Y25         LUT5 (Prop_lut5_I4_O)        0.153    19.836 r  GEN_BRAM.u_core/alu/u_mul/u_mul/GEN_VEDIC.u_mul/u1/result[1]_INST_0/O
                         net (fo=2, routed)           0.807    20.642    GEN_BRAM.u_core/reg_file/result[0]
    SLICE_X6Y34          LUT6 (Prop_lut6_I2_O)        0.053    20.695 r  GEN_BRAM.u_core/reg_file/debug_alu_out_OBUF[1]_inst_i_2/O
                         net (fo=2, routed)           0.000    20.695    GEN_BRAM.u_core/alu_mux_b/load_addr_hold_reg[1]
    SLICE_X6Y34          MUXF7 (Prop_muxf7_I0_O)      0.121    20.816 r  GEN_BRAM.u_core/alu_mux_b/debug_alu_out_OBUF[1]_inst_i_1/O
                         net (fo=43, routed)          1.240    22.057    GEN_BRAM.u_core/alu_mux_b/D[0]
    SLICE_X8Y19          LUT4 (Prop_lut4_I0_O)        0.163    22.220 r  GEN_BRAM.u_core/alu_mux_b/registers_reg_r1_0_31_12_17_i_44/O
                         net (fo=1, routed)           0.785    23.005    GEN_BRAM.u_core/wb_mux/registers_reg_r1_0_31_12_17_i_12_1
    SLICE_X6Y32          LUT6 (Prop_lut6_I5_O)        0.168    23.173 r  GEN_BRAM.u_core/wb_mux/registers_reg_r1_0_31_12_17_i_26/O
                         net (fo=1, routed)           0.000    23.173    GEN_BRAM.u_core/wb_mux/registers_reg_r1_0_31_12_17_i_26_n_0
    SLICE_X6Y32          MUXF7 (Prop_muxf7_I0_O)      0.121    23.294 r  GEN_BRAM.u_core/wb_mux/registers_reg_r1_0_31_12_17_i_12/O
                         net (fo=1, routed)           0.577    23.872    GEN_BRAM.u_core/divider/wb_exec[15]
    SLICE_X8Y28          LUT6 (Prop_lut6_I5_O)        0.150    24.022 r  GEN_BRAM.u_core/divider/registers_reg_r1_0_31_12_17_i_3/O
                         net (fo=2, routed)           0.365    24.386    GEN_BRAM.u_core/reg_file/registers_reg_r1_0_31_12_17/DIB1
    SLICE_X8Y27          RAMD32                                       r  GEN_BRAM.u_core/reg_file/registers_reg_r1_0_31_12_17/RAMB_D1/I
  -------------------------------------------------------------------    -------------------

                         (clock sys_clk rise edge)   30.000    30.000 r  
    AD23                                              0.000    30.000 r  clk (IN)
                         net (fo=0)                   0.000    30.000    clk
    AD23                 IBUF (Prop_ibuf_I_O)         0.796    30.796 r  clk_IBUF_inst/O
                         net (fo=1, routed)           1.741    32.537    clk_IBUF
    BUFGCTRL_X0Y0        BUFG (Prop_bufg_I_O)         0.113    32.650 r  clk_IBUF_BUFG_inst/O
                         net (fo=350, routed)         1.531    34.181    GEN_BRAM.u_core/reg_file/registers_reg_r1_0_31_12_17/WCLK
    SLICE_X8Y27          RAMD32                                       r  GEN_BRAM.u_core/reg_file/registers_reg_r1_0_31_12_17/RAMB_D1/CLK
                         clock pessimism              0.256    34.438    
                         clock uncertainty           -0.035    34.402    
    SLICE_X8Y27          RAMD32 (Setup_ramd32_CLK_I)
                                                     -0.159    34.243    GEN_BRAM.u_core/reg_file/registers_reg_r1_0_31_12_17/RAMB_D1
  -------------------------------------------------------------------
                         required time                         34.243    
                         arrival time                         -24.386    
  -------------------------------------------------------------------
                         slack                                  9.857    

Slack (MET) :             9.870ns  (required time - arrival time)
  Source:                 GEN_BRAM.u_core/ir_reg[15]/C
                            (rising edge-triggered cell FDCE clocked by sys_clk  {rise@0.000ns fall@15.000ns period=30.000ns})
  Destination:            GEN_BRAM.u_core/reg_file/registers_reg_r2_0_31_0_5/RAMC_D1/I
                            (rising edge-triggered cell RAMD32 clocked by sys_clk  {rise@0.000ns fall@15.000ns period=30.000ns})
  Path Group:             sys_clk
  Path Type:              Setup (Max at Slow Process Corner)
  Requirement:            30.000ns  (sys_clk rise@30.000ns - sys_clk rise@0.000ns)
  Data Path Delay:        19.952ns  (logic 5.444ns (27.286%)  route 14.508ns (72.714%))
  Logic Levels:           33  (CARRY4=13 LUT1=1 LUT2=1 LUT3=4 LUT4=4 LUT5=2 LUT6=6 MUXF7=1 RAMD32=1)
  Clock Path Skew:        0.031ns (DCD - SCD + CPR)
    Destination Clock Delay (DCD):    4.247ns = ( 34.247 - 30.000 ) 
    Source Clock Delay      (SCD):    4.473ns
    Clock Pessimism Removal (CPR):    0.256ns
  Clock Uncertainty:      0.035ns  ((TSJ^2 + TIJ^2)^1/2 + DJ) / 2 + PE
    Total System Jitter     (TSJ):    0.071ns
    Total Input Jitter      (TIJ):    0.000ns
    Discrete Jitter          (DJ):    0.000ns
    Phase Error              (PE):    0.000ns

    Location             Delay type                Incr(ns)  Path(ns)    Netlist Resource(s)
  -------------------------------------------------------------------    -------------------
                         (clock sys_clk rise edge)    0.000     0.000 r  
    AD23                                              0.000     0.000 r  clk (IN)
                         net (fo=0)                   0.000     0.000    clk
    AD23                 IBUF (Prop_ibuf_I_O)         0.873     0.873 r  clk_IBUF_inst/O
                         net (fo=1, routed)           1.830     2.703    clk_IBUF
    BUFGCTRL_X0Y0        BUFG (Prop_bufg_I_O)         0.120     2.823 r  clk_IBUF_BUFG_inst/O
                         net (fo=350, routed)         1.650     4.473    GEN_BRAM.u_core/clk_IBUF_BUFG
    SLICE_X8Y15          FDCE                                         r  GEN_BRAM.u_core/ir_reg[15]/C
  -------------------------------------------------------------------    -------------------
    SLICE_X8Y15          FDCE (Prop_fdce_C_Q)         0.308     4.781 r  GEN_BRAM.u_core/ir_reg[15]/Q
                         net (fo=97, routed)          0.962     5.743    GEN_BRAM.u_core/reg_file/registers_reg_r1_0_31_0_5/ADDRA0
    SLICE_X4Y16          RAMD32 (Prop_ramd32_RADR0_O)
                                                      0.066     5.809 f  GEN_BRAM.u_core/reg_file/registers_reg_r1_0_31_0_5/RAMA/O
                         net (fo=10, routed)          1.146     6.955    GEN_BRAM.u_core/alu_mux_a/dataR10[0]
    SLICE_X6Y29          LUT4 (Prop_lut4_I1_O)        0.168     7.123 r  GEN_BRAM.u_core/alu_mux_a/u_adder_i_32/O
                         net (fo=90, routed)          0.579     7.702    GEN_BRAM.u_core/alu/u_mul/u_mul/GEN_VEDIC.u_mul/u2/result[1]_INST_0_i_11_n_0
    SLICE_X11Y27         CARRY4 (Prop_carry4_CYINIT_CO[3])
                                                      0.346     8.048 r  GEN_BRAM.u_core/alu/u_mul/u_mul/GEN_VEDIC.u_mul/u2/result[1]_INST_0_i_5/CO[3]
                         net (fo=1, routed)           0.000     8.048    GEN_BRAM.u_core/alu/u_mul/u_mul/GEN_VEDIC.u_mul/u2/result[1]_INST_0_i_5_n_0
    SLICE_X11Y28         CARRY4 (Prop_carry4_CI_CO[3])
                                                      0.058     8.106 r  GEN_BRAM.u_core/alu/u_mul/u_mul/GEN_VEDIC.u_mul/u2/product__0_carry_i_42__1/CO[3]
                         net (fo=1, routed)           0.000     8.106    GEN_BRAM.u_core/alu/u_mul/u_mul/GEN_VEDIC.u_mul/u2/product__0_carry_i_42__1_n_0
    SLICE_X11Y29         CARRY4 (Prop_carry4_CI_O[1])
                                                      0.213     8.319 r  GEN_BRAM.u_core/alu/u_mul/u_mul/GEN_VEDIC.u_mul/u2/product__0_carry_i_73__0/O[1]
                         net (fo=1, routed)           0.280     8.599    GEN_BRAM.u_core/alu/u_mul/u_mul/GEN_VEDIC.u_mul/u2/mag_a0[10]
    SLICE_X10Y29         LUT6 (Prop_lut6_I0_O)        0.152     8.751 r  GEN_BRAM.u_core/alu/u_mul/u_mul/GEN_VEDIC.u_mul/u2/product__0_carry_i_44__1/O
                         net (fo=80, routed)          2.008    10.759    GEN_BRAM.u_core/alu/u_mul/u_mul/GEN_VEDIC.u_mul/u0/mag_a[9]
    SLICE_X23Y9          LUT4 (Prop_lut4_I1_O)        0.056    10.815 r  GEN_BRAM.u_core/alu/u_mul/u_mul/GEN_VEDIC.u_mul/u0/product__0_carry_i_37/O
                         net (fo=2, routed)           0.639    11.454    GEN_BRAM.u_core/alu/u_mul/u_mul/GEN_VEDIC.u_mul/u0/u1/u0/p1[1]
    SLICE_X22Y9          LUT3 (Prop_lut3_I0_O)        0.185    11.639 r  GEN_BRAM.u_core/alu/u_mul/u_mul/GEN_VEDIC.u_mul/u0/product__0_carry_i_14/O
                         net (fo=2, routed)           0.289    11.928    GEN_BRAM.u_core/alu/u_mul/u_mul/GEN_VEDIC.u_mul/u0/product__0_carry_i_14_n_0
    SLICE_X22Y9          LUT5 (Prop_lut5_I4_O)        0.172    12.100 r  GEN_BRAM.u_core/alu/u_mul/u_mul/GEN_VEDIC.u_mul/u0/product__0_carry_i_17__1/O
                         net (fo=1, routed)           0.000    12.100    GEN_BRAM.u_core/alu/u_mul/u_mul/GEN_VEDIC.u_mul/u0/product__0_carry_i_17__1_n_0
    SLICE_X22Y9          CARRY4 (Prop_carry4_S[2]_CO[3])
                                                      0.219    12.319 r  GEN_BRAM.u_core/alu/u_mul/u_mul/GEN_VEDIC.u_mul/u0/product__0_carry_i_8/CO[3]
                         net (fo=1, routed)           0.000    12.319    GEN_BRAM.u_core/alu/u_mul/u_mul/GEN_VEDIC.u_mul/u0/product__0_carry_i_8_n_0
    SLICE_X22Y10         CARRY4 (Prop_carry4_CI_O[0])
                                                      0.135    12.454 r  GEN_BRAM.u_core/alu/u_mul/u_mul/GEN_VEDIC.u_mul/u0/product__0_carry__0_i_31/O[0]
                         net (fo=2, routed)           0.605    13.059    GEN_BRAM.u_core/alu/u_mul/u_mul/GEN_VEDIC.u_mul/u0/u1/p0_20[6]
    SLICE_X25Y11         LUT3 (Prop_lut3_I2_O)        0.166    13.225 r  GEN_BRAM.u_core/alu/u_mul/u_mul/GEN_VEDIC.u_mul/u0/product__0_carry__0_i_12/O
                         net (fo=2, routed)           0.445    13.670    GEN_BRAM.u_core/alu/u_mul/u_mul/GEN_VEDIC.u_mul/u0/product__0_carry__0_i_12_n_0
    SLICE_X25Y11         CARRY4 (Prop_carry4_DI[3]_CO[3])
                                                      0.342    14.012 r  GEN_BRAM.u_core/alu/u_mul/u_mul/GEN_VEDIC.u_mul/u0/product__0_carry__0_i_9/CO[3]
                         net (fo=1, routed)           0.000    14.012    GEN_BRAM.u_core/alu/u_mul/u_mul/GEN_VEDIC.u_mul/u0/product__0_carry__0_i_9_n_0
    SLICE_X25Y12         CARRY4 (Prop_carry4_CI_O[3])
                                                      0.179    14.191 r  GEN_BRAM.u_core/alu/u_mul/u_mul/GEN_VEDIC.u_mul/u0/product__0_carry__1_i_9/O[3]
                         net (fo=2, routed)           0.816    15.006    GEN_BRAM.u_core/alu/u_mul/u_mul/GEN_VEDIC.u_mul/u0/p1[11]
    SLICE_X19Y12         LUT3 (Prop_lut3_I0_O)        0.155    15.161 r  GEN_BRAM.u_core/alu/u_mul/u_mul/GEN_VEDIC.u_mul/u0/product__0_carry__2_i_4__2/O
                         net (fo=2, routed)           0.443    15.604    GEN_BRAM.u_core/alu/u_mul/u_mul/GEN_VEDIC.u_mul/u0/product__0_carry__2_i_4__2_n_0
    SLICE_X19Y13         LUT4 (Prop_lut4_I3_O)        0.168    15.772 r  GEN_BRAM.u_core/alu/u_mul/u_mul/GEN_VEDIC.u_mul/u0/product__0_carry__2_i_8__2/O
                         net (fo=1, routed)           0.000    15.772    GEN_BRAM.u_core/alu/u_mul/u_mul/GEN_VEDIC.u_mul/u0/product__0_carry__2_i_8__2_n_0
    SLICE_X19Y13         CARRY4 (Prop_carry4_S[0]_CO[3])
                                                      0.313    16.085 r  GEN_BRAM.u_core/alu/u_mul/u_mul/GEN_VEDIC.u_mul/u0/product__0_carry__2/CO[3]
                         net (fo=1, routed)           0.000    16.085    GEN_BRAM.u_core/alu/u_mul/u_mul/GEN_VEDIC.u_mul/u0/product__0_carry__2_n_0
    SLICE_X19Y14         CARRY4 (Prop_carry4_CI_O[2])
                                                      0.136    16.221 r  GEN_BRAM.u_core/alu/u_mul/u_mul/GEN_VEDIC.u_mul/u0/product__0_carry__3/O[2]
                         net (fo=2, routed)           0.730    16.951    GEN_BRAM.u_core/alu/u_mul/u_mul/GEN_VEDIC.u_mul/u1/result[31]_INST_0_i_1_0[2]
    SLICE_X20Y20         LUT3 (Prop_lut3_I2_O)        0.162    17.113 r  GEN_BRAM.u_core/alu/u_mul/u_mul/GEN_VEDIC.u_mul/u1/result[27]_INST_0_i_3/O
                         net (fo=2, routed)           0.477    17.590    GEN_BRAM.u_core/alu/u_mul/u_mul/GEN_VEDIC.u_mul/u1/result[27]_INST_0_i_3_n_0
    SLICE_X20Y20         LUT4 (Prop_lut4_I3_O)        0.164    17.754 r  GEN_BRAM.u_core/alu/u_mul/u_mul/GEN_VEDIC.u_mul/u1/result[27]_INST_0_i_7/O
                         net (fo=1, routed)           0.000    17.754    GEN_BRAM.u_core/alu/u_mul/u_mul/GEN_VEDIC.u_mul/u1/result[27]_INST_0_i_7_n_0
    SLICE_X20Y20         CARRY4 (Prop_carry4_S[3]_CO[3])
                                                      0.216    17.970 r  GEN_BRAM.u_core/alu/u_mul/u_mul/GEN_VEDIC.u_mul/u1/result[27]_INST_0_i_1/CO[3]
                         net (fo=1, routed)           0.000    17.970    GEN_BRAM.u_core/alu/u_mul/u_mul/GEN_VEDIC.u_mul/u1/result[27]_INST_0_i_1_n_0
    SLICE_X20Y21         CARRY4 (Prop_carry4_CI_O[0])
                                                      0.135    18.105 f  GEN_BRAM.u_core/alu/u_mul/u_mul/GEN_VEDIC.u_mul/u1/result[31]_INST_0_i_1/O[0]
                         net (fo=2, routed)           0.479    18.584    GEN_BRAM.u_core/alu/u_mul/u_mul/GEN_VEDIC.u_mul/u1/result[31]_INST_0_i_13_0[5]
    SLICE_X18Y23         LUT1 (Prop_lut1_I0_O)        0.153    18.737 r  GEN_BRAM.u_core/alu/u_mul/u_mul/GEN_VEDIC.u_mul/u1/result[0]_INST_0_i_8/O
                         net (fo=1, routed)           0.000    18.737    GEN_BRAM.u_core/alu/u_mul/u_mul/GEN_VEDIC.u_mul/u1/p_0_in[28]
    SLICE_X18Y23         CARRY4 (Prop_carry4_S[3]_CO[3])
                                                      0.216    18.953 r  GEN_BRAM.u_core/alu/u_mul/u_mul/GEN_VEDIC.u_mul/u1/result[0]_INST_0_i_2/CO[3]
                         net (fo=1, routed)           0.000    18.953    GEN_BRAM.u_core/alu/u_mul/u_mul/GEN_VEDIC.u_mul/u1/result[0]_INST_0_i_2_n_0
    SLICE_X18Y24         CARRY4 (Prop_carry4_CI_O[3])
                                                      0.181    19.134 f  GEN_BRAM.u_core/alu/u_mul/u_mul/GEN_VEDIC.u_mul/u1/result[0]_INST_0_i_1/O[3]
                         net (fo=1, routed)           0.470    19.604    GEN_BRAM.u_core/alu/u_mul/u_mul/GEN_VEDIC.u_mul/u1/signed_product0[32]
    SLICE_X16Y27         LUT6 (Prop_lut6_I5_O)        0.142    19.746 f  GEN_BRAM.u_core/alu/u_mul/u_mul/GEN_VEDIC.u_mul/u1/result[0]_INST_0/O
                         net (fo=1, routed)           0.747    20.493    GEN_BRAM.u_core/alu/mul_result[0]
    SLICE_X10Y33         LUT6 (Prop_lut6_I0_O)        0.053    20.546 f  GEN_BRAM.u_core/alu/debug_alu_out_OBUF[0]_inst_i_11/O
                         net (fo=1, routed)           0.000    20.546    GEN_BRAM.u_core/alu/debug_alu_out_OBUF[0]_inst_i_11_n_0
    SLICE_X10Y33         MUXF7 (Prop_muxf7_I1_O)      0.123    20.669 f  GEN_BRAM.u_core/alu/debug_alu_out_OBUF[0]_inst_i_4/O
                         net (fo=1, routed)           0.381    21.050    GEN_BRAM.u_core/alu/debug_alu_out_OBUF[0]_inst_i_4_n_0
    SLICE_X6Y33          LUT6 (Prop_lut6_I5_O)        0.150    21.200 f  GEN_BRAM.u_core/alu/debug_alu_out_OBUF[0]_inst_i_1/O
                         net (fo=11, routed)          1.112    22.312    GEN_BRAM.u_core/alu/D[0]
    SLICE_X8Y15          LUT2 (Prop_lut2_I1_O)        0.053    22.365 r  GEN_BRAM.u_core/alu/mem_reg_0_i_37/O
                         net (fo=26, routed)          0.536    22.901    GEN_BRAM.u_core/dmem/registers_reg_r1_0_31_6_11_i_10
    SLICE_X3Y17          LUT5 (Prop_lut5_I4_O)        0.053    22.954 r  GEN_BRAM.u_core/dmem/registers_reg_r1_0_31_0_5_i_40/O
                         net (fo=1, routed)           0.582    23.536    GEN_BRAM.u_core/wb_mux/registers_reg_r1_0_31_0_5_i_6_0
    SLICE_X3Y15          LUT6 (Prop_lut6_I5_O)        0.053    23.589 r  GEN_BRAM.u_core/wb_mux/registers_reg_r1_0_31_0_5_i_19/O
                         net (fo=1, routed)           0.298    23.887    GEN_BRAM.u_core/divider/wb_exec[5]
    SLICE_X3Y15          LUT6 (Prop_lut6_I5_O)        0.053    23.940 r  GEN_BRAM.u_core/divider/registers_reg_r1_0_31_0_5_i_6/O
                         net (fo=2, routed)           0.485    24.425    GEN_BRAM.u_core/reg_file/registers_reg_r2_0_31_0_5/DIC1
    SLICE_X6Y16          RAMD32                                       r  GEN_BRAM.u_core/reg_file/registers_reg_r2_0_31_0_5/RAMC_D1/I
  -------------------------------------------------------------------    -------------------

                         (clock sys_clk rise edge)   30.000    30.000 r  
    AD23                                              0.000    30.000 r  clk (IN)
                         net (fo=0)                   0.000    30.000    clk
    AD23                 IBUF (Prop_ibuf_I_O)         0.796    30.796 r  clk_IBUF_inst/O
                         net (fo=1, routed)           1.741    32.537    clk_IBUF
    BUFGCTRL_X0Y0        BUFG (Prop_bufg_I_O)         0.113    32.650 r  clk_IBUF_BUFG_inst/O
                         net (fo=350, routed)         1.597    34.247    GEN_BRAM.u_core/reg_file/registers_reg_r2_0_31_0_5/WCLK
    SLICE_X6Y16          RAMD32                                       r  GEN_BRAM.u_core/reg_file/registers_reg_r2_0_31_0_5/RAMC_D1/CLK
                         clock pessimism              0.256    34.504    
                         clock uncertainty           -0.035    34.468    
    SLICE_X6Y16          RAMD32 (Setup_ramd32_CLK_I)
                                                     -0.174    34.294    GEN_BRAM.u_core/reg_file/registers_reg_r2_0_31_0_5/RAMC_D1
  -------------------------------------------------------------------
                         required time                         34.294    
                         arrival time                         -24.425    
  -------------------------------------------------------------------
                         slack                                  9.870    

Slack (MET) :             9.899ns  (required time - arrival time)
  Source:                 GEN_BRAM.u_core/ir_reg[15]/C
                            (rising edge-triggered cell FDCE clocked by sys_clk  {rise@0.000ns fall@15.000ns period=30.000ns})
  Destination:            GEN_BRAM.u_core/dmem/mem_reg_1/DIADI[10]
                            (rising edge-triggered cell RAMB36E1 clocked by sys_clk  {rise@0.000ns fall@15.000ns period=30.000ns})
  Path Group:             sys_clk
  Path Type:              Setup (Max at Slow Process Corner)
  Requirement:            30.000ns  (sys_clk rise@30.000ns - sys_clk rise@0.000ns)
  Data Path Delay:        19.867ns  (logic 5.726ns (28.822%)  route 14.141ns (71.178%))
  Logic Levels:           31  (CARRY4=13 LUT1=1 LUT2=1 LUT3=5 LUT4=4 LUT5=2 LUT6=3 MUXF7=1 RAMD32=1)
  Clock Path Skew:        0.005ns (DCD - SCD + CPR)
    Destination Clock Delay (DCD):    4.214ns = ( 34.214 - 30.000 ) 
    Source Clock Delay      (SCD):    4.473ns
    Clock Pessimism Removal (CPR):    0.263ns
  Clock Uncertainty:      0.035ns  ((TSJ^2 + TIJ^2)^1/2 + DJ) / 2 + PE
    Total System Jitter     (TSJ):    0.071ns
    Total Input Jitter      (TIJ):    0.000ns
    Discrete Jitter          (DJ):    0.000ns
    Phase Error              (PE):    0.000ns

    Location             Delay type                Incr(ns)  Path(ns)    Netlist Resource(s)
  -------------------------------------------------------------------    -------------------
                         (clock sys_clk rise edge)    0.000     0.000 r  
    AD23                                              0.000     0.000 r  clk (IN)
                         net (fo=0)                   0.000     0.000    clk
    AD23                 IBUF (Prop_ibuf_I_O)         0.873     0.873 r  clk_IBUF_inst/O
                         net (fo=1, routed)           1.830     2.703    clk_IBUF
    BUFGCTRL_X0Y0        BUFG (Prop_bufg_I_O)         0.120     2.823 r  clk_IBUF_BUFG_inst/O
                         net (fo=350, routed)         1.650     4.473    GEN_BRAM.u_core/clk_IBUF_BUFG
    SLICE_X8Y15          FDCE                                         r  GEN_BRAM.u_core/ir_reg[15]/C
  -------------------------------------------------------------------    -------------------
    SLICE_X8Y15          FDCE (Prop_fdce_C_Q)         0.308     4.781 r  GEN_BRAM.u_core/ir_reg[15]/Q
                         net (fo=97, routed)          0.962     5.743    GEN_BRAM.u_core/reg_file/registers_reg_r1_0_31_0_5/ADDRA0
    SLICE_X4Y16          RAMD32 (Prop_ramd32_RADR0_O)
                                                      0.066     5.809 f  GEN_BRAM.u_core/reg_file/registers_reg_r1_0_31_0_5/RAMA/O
                         net (fo=10, routed)          1.146     6.955    GEN_BRAM.u_core/alu_mux_a/dataR10[0]
    SLICE_X6Y29          LUT4 (Prop_lut4_I1_O)        0.168     7.123 r  GEN_BRAM.u_core/alu_mux_a/u_adder_i_32/O
                         net (fo=90, routed)          0.579     7.702    GEN_BRAM.u_core/alu/u_mul/u_mul/GEN_VEDIC.u_mul/u2/result[1]_INST_0_i_11_n_0
    SLICE_X11Y27         CARRY4 (Prop_carry4_CYINIT_CO[3])
                                                      0.346     8.048 r  GEN_BRAM.u_core/alu/u_mul/u_mul/GEN_VEDIC.u_mul/u2/result[1]_INST_0_i_5/CO[3]
                         net (fo=1, routed)           0.000     8.048    GEN_BRAM.u_core/alu/u_mul/u_mul/GEN_VEDIC.u_mul/u2/result[1]_INST_0_i_5_n_0
    SLICE_X11Y28         CARRY4 (Prop_carry4_CI_CO[3])
                                                      0.058     8.106 r  GEN_BRAM.u_core/alu/u_mul/u_mul/GEN_VEDIC.u_mul/u2/product__0_carry_i_42__1/CO[3]
                         net (fo=1, routed)           0.000     8.106    GEN_BRAM.u_core/alu/u_mul/u_mul/GEN_VEDIC.u_mul/u2/product__0_carry_i_42__1_n_0
    SLICE_X11Y29         CARRY4 (Prop_carry4_CI_O[1])
                                                      0.213     8.319 r  GEN_BRAM.u_core/alu/u_mul/u_mul/GEN_VEDIC.u_mul/u2/product__0_carry_i_73__0/O[1]
                         net (fo=1, routed)           0.280     8.599    GEN_BRAM.u_core/alu/u_mul/u_mul/GEN_VEDIC.u_mul/u2/mag_a0[10]
    SLICE_X10Y29         LUT6 (Prop_lut6_I0_O)        0.152     8.751 r  GEN_BRAM.u_core/alu/u_mul/u_mul/GEN_VEDIC.u_mul/u2/product__0_carry_i_44__1/O
                         net (fo=80, routed)          2.008    10.759    GEN_BRAM.u_core/alu/u_mul/u_mul/GEN_VEDIC.u_mul/u0/mag_a[9]
    SLICE_X23Y9          LUT4 (Prop_lut4_I1_O)        0.056    10.815 r  GEN_BRAM.u_core/alu/u_mul/u_mul/GEN_VEDIC.u_mul/u0/product__0_carry_i_37/O
                         net (fo=2, routed)           0.639    11.454    GEN_BRAM.u_core/alu/u_mul/u_mul/GEN_VEDIC.u_mul/u0/u1/u0/p1[1]
    SLICE_X22Y9          LUT3 (Prop_lut3_I0_O)        0.185    11.639 r  GEN_BRAM.u_core/alu/u_mul/u_mul/GEN_VEDIC.u_mul/u0/product__0_carry_i_14/O
                         net (fo=2, routed)           0.289    11.928    GEN_BRAM.u_core/alu/u_mul/u_mul/GEN_VEDIC.u_mul/u0/product__0_carry_i_14_n_0
    SLICE_X22Y9          LUT5 (Prop_lut5_I4_O)        0.172    12.100 r  GEN_BRAM.u_core/alu/u_mul/u_mul/GEN_VEDIC.u_mul/u0/product__0_carry_i_17__1/O
                         net (fo=1, routed)           0.000    12.100    GEN_BRAM.u_core/alu/u_mul/u_mul/GEN_VEDIC.u_mul/u0/product__0_carry_i_17__1_n_0
    SLICE_X22Y9          CARRY4 (Prop_carry4_S[2]_CO[3])
                                                      0.219    12.319 r  GEN_BRAM.u_core/alu/u_mul/u_mul/GEN_VEDIC.u_mul/u0/product__0_carry_i_8/CO[3]
                         net (fo=1, routed)           0.000    12.319    GEN_BRAM.u_core/alu/u_mul/u_mul/GEN_VEDIC.u_mul/u0/product__0_carry_i_8_n_0
    SLICE_X22Y10         CARRY4 (Prop_carry4_CI_O[0])
                                                      0.135    12.454 r  GEN_BRAM.u_core/alu/u_mul/u_mul/GEN_VEDIC.u_mul/u0/product__0_carry__0_i_31/O[0]
                         net (fo=2, routed)           0.605    13.059    GEN_BRAM.u_core/alu/u_mul/u_mul/GEN_VEDIC.u_mul/u0/u1/p0_20[6]
    SLICE_X25Y11         LUT3 (Prop_lut3_I2_O)        0.166    13.225 r  GEN_BRAM.u_core/alu/u_mul/u_mul/GEN_VEDIC.u_mul/u0/product__0_carry__0_i_12/O
                         net (fo=2, routed)           0.445    13.670    GEN_BRAM.u_core/alu/u_mul/u_mul/GEN_VEDIC.u_mul/u0/product__0_carry__0_i_12_n_0
    SLICE_X25Y11         CARRY4 (Prop_carry4_DI[3]_CO[3])
                                                      0.342    14.012 r  GEN_BRAM.u_core/alu/u_mul/u_mul/GEN_VEDIC.u_mul/u0/product__0_carry__0_i_9/CO[3]
                         net (fo=1, routed)           0.000    14.012    GEN_BRAM.u_core/alu/u_mul/u_mul/GEN_VEDIC.u_mul/u0/product__0_carry__0_i_9_n_0
    SLICE_X25Y12         CARRY4 (Prop_carry4_CI_O[3])
                                                      0.179    14.191 r  GEN_BRAM.u_core/alu/u_mul/u_mul/GEN_VEDIC.u_mul/u0/product__0_carry__1_i_9/O[3]
                         net (fo=2, routed)           0.816    15.006    GEN_BRAM.u_core/alu/u_mul/u_mul/GEN_VEDIC.u_mul/u0/p1[11]
    SLICE_X19Y12         LUT3 (Prop_lut3_I0_O)        0.155    15.161 r  GEN_BRAM.u_core/alu/u_mul/u_mul/GEN_VEDIC.u_mul/u0/product__0_carry__2_i_4__2/O
                         net (fo=2, routed)           0.443    15.604    GEN_BRAM.u_core/alu/u_mul/u_mul/GEN_VEDIC.u_mul/u0/product__0_carry__2_i_4__2_n_0
    SLICE_X19Y13         LUT4 (Prop_lut4_I3_O)        0.168    15.772 r  GEN_BRAM.u_core/alu/u_mul/u_mul/GEN_VEDIC.u_mul/u0/product__0_carry__2_i_8__2/O
                         net (fo=1, routed)           0.000    15.772    GEN_BRAM.u_core/alu/u_mul/u_mul/GEN_VEDIC.u_mul/u0/product__0_carry__2_i_8__2_n_0
    SLICE_X19Y13         CARRY4 (Prop_carry4_S[0]_CO[3])
                                                      0.313    16.085 r  GEN_BRAM.u_core/alu/u_mul/u_mul/GEN_VEDIC.u_mul/u0/product__0_carry__2/CO[3]
                         net (fo=1, routed)           0.000    16.085    GEN_BRAM.u_core/alu/u_mul/u_mul/GEN_VEDIC.u_mul/u0/product__0_carry__2_n_0
    SLICE_X19Y14         CARRY4 (Prop_carry4_CI_O[2])
                                                      0.136    16.221 r  GEN_BRAM.u_core/alu/u_mul/u_mul/GEN_VEDIC.u_mul/u0/product__0_carry__3/O[2]
                         net (fo=2, routed)           0.730    16.951    GEN_BRAM.u_core/alu/u_mul/u_mul/GEN_VEDIC.u_mul/u1/result[31]_INST_0_i_1_0[2]
    SLICE_X20Y20         LUT3 (Prop_lut3_I2_O)        0.162    17.113 r  GEN_BRAM.u_core/alu/u_mul/u_mul/GEN_VEDIC.u_mul/u1/result[27]_INST_0_i_3/O
                         net (fo=2, routed)           0.477    17.590    GEN_BRAM.u_core/alu/u_mul/u_mul/GEN_VEDIC.u_mul/u1/result[27]_INST_0_i_3_n_0
    SLICE_X20Y20         LUT4 (Prop_lut4_I3_O)        0.164    17.754 r  GEN_BRAM.u_core/alu/u_mul/u_mul/GEN_VEDIC.u_mul/u1/result[27]_INST_0_i_7/O
                         net (fo=1, routed)           0.000    17.754    GEN_BRAM.u_core/alu/u_mul/u_mul/GEN_VEDIC.u_mul/u1/result[27]_INST_0_i_7_n_0
    SLICE_X20Y20         CARRY4 (Prop_carry4_S[3]_CO[3])
                                                      0.216    17.970 r  GEN_BRAM.u_core/alu/u_mul/u_mul/GEN_VEDIC.u_mul/u1/result[27]_INST_0_i_1/CO[3]
                         net (fo=1, routed)           0.000    17.970    GEN_BRAM.u_core/alu/u_mul/u_mul/GEN_VEDIC.u_mul/u1/result[27]_INST_0_i_1_n_0
    SLICE_X20Y21         CARRY4 (Prop_carry4_CI_O[1])
                                                      0.212    18.182 f  GEN_BRAM.u_core/alu/u_mul/u_mul/GEN_VEDIC.u_mul/u1/result[31]_INST_0_i_1/O[1]
                         net (fo=2, routed)           0.438    18.620    GEN_BRAM.u_core/alu/u_mul/u_mul/GEN_VEDIC.u_mul/u1/result[31]_INST_0_i_13_0[6]
    SLICE_X18Y24         LUT1 (Prop_lut1_I0_O)        0.155    18.775 r  GEN_BRAM.u_core/alu/u_mul/u_mul/GEN_VEDIC.u_mul/u1/result[0]_INST_0_i_6/O
                         net (fo=1, routed)           0.000    18.775    GEN_BRAM.u_core/alu/u_mul/u_mul/GEN_VEDIC.u_mul/u1/p_0_in[29]
    SLICE_X18Y24         CARRY4 (Prop_carry4_S[0]_CO[3])
                                                      0.297    19.072 r  GEN_BRAM.u_core/alu/u_mul/u_mul/GEN_VEDIC.u_mul/u1/result[0]_INST_0_i_1/CO[3]
                         net (fo=1, routed)           0.008    19.080    GEN_BRAM.u_core/alu/u_mul/u_mul/GEN_VEDIC.u_mul/u1/result[0]_INST_0_i_1_n_0
    SLICE_X18Y25         CARRY4 (Prop_carry4_CI_O[0])
                                                      0.135    19.215 r  GEN_BRAM.u_core/alu/u_mul/u_mul/GEN_VEDIC.u_mul/u1/result[4]_INST_0_i_1/O[0]
                         net (fo=1, routed)           0.467    19.683    GEN_BRAM.u_core/alu/u_mul/u_mul/GEN_VEDIC.u_mul/u1/signed_product0[33]
    SLICE_X19Y25         LUT5 (Prop_lut5_I4_O)        0.153    19.836 r  GEN_BRAM.u_core/alu/u_mul/u_mul/GEN_VEDIC.u_mul/u1/result[1]_INST_0/O
                         net (fo=2, routed)           0.807    20.642    GEN_BRAM.u_core/reg_file/result[0]
    SLICE_X6Y34          LUT6 (Prop_lut6_I2_O)        0.053    20.695 r  GEN_BRAM.u_core/reg_file/debug_alu_out_OBUF[1]_inst_i_2/O
                         net (fo=2, routed)           0.000    20.695    GEN_BRAM.u_core/alu_mux_b/load_addr_hold_reg[1]
    SLICE_X6Y34          MUXF7 (Prop_muxf7_I0_O)      0.121    20.816 r  GEN_BRAM.u_core/alu_mux_b/debug_alu_out_OBUF[1]_inst_i_1/O
                         net (fo=43, routed)          1.471    22.287    GEN_BRAM.u_core/alu_mux_b/D[0]
    SLICE_X9Y17          LUT3 (Prop_lut3_I2_O)        0.165    22.452 r  GEN_BRAM.u_core/alu_mux_b/mem_reg_1_i_41/O
                         net (fo=12, routed)          0.583    23.035    GEN_BRAM.u_core/alu_mux_b/ir_reg[14]
    SLICE_X8Y19          LUT2 (Prop_lut2_I0_O)        0.184    23.219 r  GEN_BRAM.u_core/alu_mux_b/mem_reg_1_i_19/O
                         net (fo=8, routed)           0.606    23.825    GEN_BRAM.u_core/reg_file/mem_reg_1_2
    SLICE_X10Y21         LUT6 (Prop_lut6_I0_O)        0.172    23.997 r  GEN_BRAM.u_core/reg_file/mem_reg_1_i_6/O
                         net (fo=1, routed)           0.343    24.339    GEN_BRAM.u_core/dmem/wdata[26]
    RAMB36_X0Y4          RAMB36E1                                     r  GEN_BRAM.u_core/dmem/mem_reg_1/DIADI[10]
  -------------------------------------------------------------------    -------------------

                         (clock sys_clk rise edge)   30.000    30.000 r  
    AD23                                              0.000    30.000 r  clk (IN)
                         net (fo=0)                   0.000    30.000    clk
    AD23                 IBUF (Prop_ibuf_I_O)         0.796    30.796 r  clk_IBUF_inst/O
                         net (fo=1, routed)           1.741    32.537    clk_IBUF
    BUFGCTRL_X0Y0        BUFG (Prop_bufg_I_O)         0.113    32.650 r  clk_IBUF_BUFG_inst/O
                         net (fo=350, routed)         1.564    34.214    GEN_BRAM.u_core/dmem/clk_IBUF_BUFG
    RAMB36_X0Y4          RAMB36E1                                     r  GEN_BRAM.u_core/dmem/mem_reg_1/CLKARDCLK
                         clock pessimism              0.263    34.477    
                         clock uncertainty           -0.035    34.442    
    RAMB36_X0Y4          RAMB36E1 (Setup_ramb36e1_CLKARDCLK_DIADI[10])
                                                     -0.204    34.238    GEN_BRAM.u_core/dmem/mem_reg_1
  -------------------------------------------------------------------
                         required time                         34.238    
                         arrival time                         -24.339    
  -------------------------------------------------------------------
                         slack                                  9.899    

Slack (MET) :             9.909ns  (required time - arrival time)
  Source:                 GEN_BRAM.u_core/ir_reg[15]/C
                            (rising edge-triggered cell FDCE clocked by sys_clk  {rise@0.000ns fall@15.000ns period=30.000ns})
  Destination:            GEN_BRAM.u_core/dmem/mem_reg_1/DIADI[15]
                            (rising edge-triggered cell RAMB36E1 clocked by sys_clk  {rise@0.000ns fall@15.000ns period=30.000ns})
  Path Group:             sys_clk
  Path Type:              Setup (Max at Slow Process Corner)
  Requirement:            30.000ns  (sys_clk rise@30.000ns - sys_clk rise@0.000ns)
  Data Path Delay:        19.856ns  (logic 5.726ns (28.838%)  route 14.130ns (71.162%))
  Logic Levels:           31  (CARRY4=13 LUT1=1 LUT2=1 LUT3=5 LUT4=4 LUT5=2 LUT6=3 MUXF7=1 RAMD32=1)
  Clock Path Skew:        0.005ns (DCD - SCD + CPR)
    Destination Clock Delay (DCD):    4.214ns = ( 34.214 - 30.000 ) 
    Source Clock Delay      (SCD):    4.473ns
    Clock Pessimism Removal (CPR):    0.263ns
  Clock Uncertainty:      0.035ns  ((TSJ^2 + TIJ^2)^1/2 + DJ) / 2 + PE
    Total System Jitter     (TSJ):    0.071ns
    Total Input Jitter      (TIJ):    0.000ns
    Discrete Jitter          (DJ):    0.000ns
    Phase Error              (PE):    0.000ns

    Location             Delay type                Incr(ns)  Path(ns)    Netlist Resource(s)
  -------------------------------------------------------------------    -------------------
                         (clock sys_clk rise edge)    0.000     0.000 r  
    AD23                                              0.000     0.000 r  clk (IN)
                         net (fo=0)                   0.000     0.000    clk
    AD23                 IBUF (Prop_ibuf_I_O)         0.873     0.873 r  clk_IBUF_inst/O
                         net (fo=1, routed)           1.830     2.703    clk_IBUF
    BUFGCTRL_X0Y0        BUFG (Prop_bufg_I_O)         0.120     2.823 r  clk_IBUF_BUFG_inst/O
                         net (fo=350, routed)         1.650     4.473    GEN_BRAM.u_core/clk_IBUF_BUFG
    SLICE_X8Y15          FDCE                                         r  GEN_BRAM.u_core/ir_reg[15]/C
  -------------------------------------------------------------------    -------------------
    SLICE_X8Y15          FDCE (Prop_fdce_C_Q)         0.308     4.781 r  GEN_BRAM.u_core/ir_reg[15]/Q
                         net (fo=97, routed)          0.962     5.743    GEN_BRAM.u_core/reg_file/registers_reg_r1_0_31_0_5/ADDRA0
    SLICE_X4Y16          RAMD32 (Prop_ramd32_RADR0_O)
                                                      0.066     5.809 f  GEN_BRAM.u_core/reg_file/registers_reg_r1_0_31_0_5/RAMA/O
                         net (fo=10, routed)          1.146     6.955    GEN_BRAM.u_core/alu_mux_a/dataR10[0]
    SLICE_X6Y29          LUT4 (Prop_lut4_I1_O)        0.168     7.123 r  GEN_BRAM.u_core/alu_mux_a/u_adder_i_32/O
                         net (fo=90, routed)          0.579     7.702    GEN_BRAM.u_core/alu/u_mul/u_mul/GEN_VEDIC.u_mul/u2/result[1]_INST_0_i_11_n_0
    SLICE_X11Y27         CARRY4 (Prop_carry4_CYINIT_CO[3])
                                                      0.346     8.048 r  GEN_BRAM.u_core/alu/u_mul/u_mul/GEN_VEDIC.u_mul/u2/result[1]_INST_0_i_5/CO[3]
                         net (fo=1, routed)           0.000     8.048    GEN_BRAM.u_core/alu/u_mul/u_mul/GEN_VEDIC.u_mul/u2/result[1]_INST_0_i_5_n_0
    SLICE_X11Y28         CARRY4 (Prop_carry4_CI_CO[3])
                                                      0.058     8.106 r  GEN_BRAM.u_core/alu/u_mul/u_mul/GEN_VEDIC.u_mul/u2/product__0_carry_i_42__1/CO[3]
                         net (fo=1, routed)           0.000     8.106    GEN_BRAM.u_core/alu/u_mul/u_mul/GEN_VEDIC.u_mul/u2/product__0_carry_i_42__1_n_0
    SLICE_X11Y29         CARRY4 (Prop_carry4_CI_O[1])
                                                      0.213     8.319 r  GEN_BRAM.u_core/alu/u_mul/u_mul/GEN_VEDIC.u_mul/u2/product__0_carry_i_73__0/O[1]
                         net (fo=1, routed)           0.280     8.599    GEN_BRAM.u_core/alu/u_mul/u_mul/GEN_VEDIC.u_mul/u2/mag_a0[10]
    SLICE_X10Y29         LUT6 (Prop_lut6_I0_O)        0.152     8.751 r  GEN_BRAM.u_core/alu/u_mul/u_mul/GEN_VEDIC.u_mul/u2/product__0_carry_i_44__1/O
                         net (fo=80, routed)          2.008    10.759    GEN_BRAM.u_core/alu/u_mul/u_mul/GEN_VEDIC.u_mul/u0/mag_a[9]
    SLICE_X23Y9          LUT4 (Prop_lut4_I1_O)        0.056    10.815 r  GEN_BRAM.u_core/alu/u_mul/u_mul/GEN_VEDIC.u_mul/u0/product__0_carry_i_37/O
                         net (fo=2, routed)           0.639    11.454    GEN_BRAM.u_core/alu/u_mul/u_mul/GEN_VEDIC.u_mul/u0/u1/u0/p1[1]
    SLICE_X22Y9          LUT3 (Prop_lut3_I0_O)        0.185    11.639 r  GEN_BRAM.u_core/alu/u_mul/u_mul/GEN_VEDIC.u_mul/u0/product__0_carry_i_14/O
                         net (fo=2, routed)           0.289    11.928    GEN_BRAM.u_core/alu/u_mul/u_mul/GEN_VEDIC.u_mul/u0/product__0_carry_i_14_n_0
    SLICE_X22Y9          LUT5 (Prop_lut5_I4_O)        0.172    12.100 r  GEN_BRAM.u_core/alu/u_mul/u_mul/GEN_VEDIC.u_mul/u0/product__0_carry_i_17__1/O
                         net (fo=1, routed)           0.000    12.100    GEN_BRAM.u_core/alu/u_mul/u_mul/GEN_VEDIC.u_mul/u0/product__0_carry_i_17__1_n_0
    SLICE_X22Y9          CARRY4 (Prop_carry4_S[2]_CO[3])
                                                      0.219    12.319 r  GEN_BRAM.u_core/alu/u_mul/u_mul/GEN_VEDIC.u_mul/u0/product__0_carry_i_8/CO[3]
                         net (fo=1, routed)           0.000    12.319    GEN_BRAM.u_core/alu/u_mul/u_mul/GEN_VEDIC.u_mul/u0/product__0_carry_i_8_n_0
    SLICE_X22Y10         CARRY4 (Prop_carry4_CI_O[0])
                                                      0.135    12.454 r  GEN_BRAM.u_core/alu/u_mul/u_mul/GEN_VEDIC.u_mul/u0/product__0_carry__0_i_31/O[0]
                         net (fo=2, routed)           0.605    13.059    GEN_BRAM.u_core/alu/u_mul/u_mul/GEN_VEDIC.u_mul/u0/u1/p0_20[6]
    SLICE_X25Y11         LUT3 (Prop_lut3_I2_O)        0.166    13.225 r  GEN_BRAM.u_core/alu/u_mul/u_mul/GEN_VEDIC.u_mul/u0/product__0_carry__0_i_12/O
                         net (fo=2, routed)           0.445    13.670    GEN_BRAM.u_core/alu/u_mul/u_mul/GEN_VEDIC.u_mul/u0/product__0_carry__0_i_12_n_0
    SLICE_X25Y11         CARRY4 (Prop_carry4_DI[3]_CO[3])
                                                      0.342    14.012 r  GEN_BRAM.u_core/alu/u_mul/u_mul/GEN_VEDIC.u_mul/u0/product__0_carry__0_i_9/CO[3]
                         net (fo=1, routed)           0.000    14.012    GEN_BRAM.u_core/alu/u_mul/u_mul/GEN_VEDIC.u_mul/u0/product__0_carry__0_i_9_n_0
    SLICE_X25Y12         CARRY4 (Prop_carry4_CI_O[3])
                                                      0.179    14.191 r  GEN_BRAM.u_core/alu/u_mul/u_mul/GEN_VEDIC.u_mul/u0/product__0_carry__1_i_9/O[3]
                         net (fo=2, routed)           0.816    15.006    GEN_BRAM.u_core/alu/u_mul/u_mul/GEN_VEDIC.u_mul/u0/p1[11]
    SLICE_X19Y12         LUT3 (Prop_lut3_I0_O)        0.155    15.161 r  GEN_BRAM.u_core/alu/u_mul/u_mul/GEN_VEDIC.u_mul/u0/product__0_carry__2_i_4__2/O
                         net (fo=2, routed)           0.443    15.604    GEN_BRAM.u_core/alu/u_mul/u_mul/GEN_VEDIC.u_mul/u0/product__0_carry__2_i_4__2_n_0
    SLICE_X19Y13         LUT4 (Prop_lut4_I3_O)        0.168    15.772 r  GEN_BRAM.u_core/alu/u_mul/u_mul/GEN_VEDIC.u_mul/u0/product__0_carry__2_i_8__2/O
                         net (fo=1, routed)           0.000    15.772    GEN_BRAM.u_core/alu/u_mul/u_mul/GEN_VEDIC.u_mul/u0/product__0_carry__2_i_8__2_n_0
    SLICE_X19Y13         CARRY4 (Prop_carry4_S[0]_CO[3])
                                                      0.313    16.085 r  GEN_BRAM.u_core/alu/u_mul/u_mul/GEN_VEDIC.u_mul/u0/product__0_carry__2/CO[3]
                         net (fo=1, routed)           0.000    16.085    GEN_BRAM.u_core/alu/u_mul/u_mul/GEN_VEDIC.u_mul/u0/product__0_carry__2_n_0
    SLICE_X19Y14         CARRY4 (Prop_carry4_CI_O[2])
                                                      0.136    16.221 r  GEN_BRAM.u_core/alu/u_mul/u_mul/GEN_VEDIC.u_mul/u0/product__0_carry__3/O[2]
                         net (fo=2, routed)           0.730    16.951    GEN_BRAM.u_core/alu/u_mul/u_mul/GEN_VEDIC.u_mul/u1/result[31]_INST_0_i_1_0[2]
    SLICE_X20Y20         LUT3 (Prop_lut3_I2_O)        0.162    17.113 r  GEN_BRAM.u_core/alu/u_mul/u_mul/GEN_VEDIC.u_mul/u1/result[27]_INST_0_i_3/O
                         net (fo=2, routed)           0.477    17.590    GEN_BRAM.u_core/alu/u_mul/u_mul/GEN_VEDIC.u_mul/u1/result[27]_INST_0_i_3_n_0
    SLICE_X20Y20         LUT4 (Prop_lut4_I3_O)        0.164    17.754 r  GEN_BRAM.u_core/alu/u_mul/u_mul/GEN_VEDIC.u_mul/u1/result[27]_INST_0_i_7/O
                         net (fo=1, routed)           0.000    17.754    GEN_BRAM.u_core/alu/u_mul/u_mul/GEN_VEDIC.u_mul/u1/result[27]_INST_0_i_7_n_0
    SLICE_X20Y20         CARRY4 (Prop_carry4_S[3]_CO[3])
                                                      0.216    17.970 r  GEN_BRAM.u_core/alu/u_mul/u_mul/GEN_VEDIC.u_mul/u1/result[27]_INST_0_i_1/CO[3]
                         net (fo=1, routed)           0.000    17.970    GEN_BRAM.u_core/alu/u_mul/u_mul/GEN_VEDIC.u_mul/u1/result[27]_INST_0_i_1_n_0
    SLICE_X20Y21         CARRY4 (Prop_carry4_CI_O[1])
                                                      0.212    18.182 f  GEN_BRAM.u_core/alu/u_mul/u_mul/GEN_VEDIC.u_mul/u1/result[31]_INST_0_i_1/O[1]
                         net (fo=2, routed)           0.438    18.620    GEN_BRAM.u_core/alu/u_mul/u_mul/GEN_VEDIC.u_mul/u1/result[31]_INST_0_i_13_0[6]
    SLICE_X18Y24         LUT1 (Prop_lut1_I0_O)        0.155    18.775 r  GEN_BRAM.u_core/alu/u_mul/u_mul/GEN_VEDIC.u_mul/u1/result[0]_INST_0_i_6/O
                         net (fo=1, routed)           0.000    18.775    GEN_BRAM.u_core/alu/u_mul/u_mul/GEN_VEDIC.u_mul/u1/p_0_in[29]
    SLICE_X18Y24         CARRY4 (Prop_carry4_S[0]_CO[3])
                                                      0.297    19.072 r  GEN_BRAM.u_core/alu/u_mul/u_mul/GEN_VEDIC.u_mul/u1/result[0]_INST_0_i_1/CO[3]
                         net (fo=1, routed)           0.008    19.080    GEN_BRAM.u_core/alu/u_mul/u_mul/GEN_VEDIC.u_mul/u1/result[0]_INST_0_i_1_n_0
    SLICE_X18Y25         CARRY4 (Prop_carry4_CI_O[0])
                                                      0.135    19.215 r  GEN_BRAM.u_core/alu/u_mul/u_mul/GEN_VEDIC.u_mul/u1/result[4]_INST_0_i_1/O[0]
                         net (fo=1, routed)           0.467    19.683    GEN_BRAM.u_core/alu/u_mul/u_mul/GEN_VEDIC.u_mul/u1/signed_product0[33]
    SLICE_X19Y25         LUT5 (Prop_lut5_I4_O)        0.153    19.836 r  GEN_BRAM.u_core/alu/u_mul/u_mul/GEN_VEDIC.u_mul/u1/result[1]_INST_0/O
                         net (fo=2, routed)           0.807    20.642    GEN_BRAM.u_core/reg_file/result[0]
    SLICE_X6Y34          LUT6 (Prop_lut6_I2_O)        0.053    20.695 r  GEN_BRAM.u_core/reg_file/debug_alu_out_OBUF[1]_inst_i_2/O
                         net (fo=2, routed)           0.000    20.695    GEN_BRAM.u_core/alu_mux_b/load_addr_hold_reg[1]
    SLICE_X6Y34          MUXF7 (Prop_muxf7_I0_O)      0.121    20.816 r  GEN_BRAM.u_core/alu_mux_b/debug_alu_out_OBUF[1]_inst_i_1/O
                         net (fo=43, routed)          1.471    22.287    GEN_BRAM.u_core/alu_mux_b/D[0]
    SLICE_X9Y17          LUT3 (Prop_lut3_I2_O)        0.165    22.452 r  GEN_BRAM.u_core/alu_mux_b/mem_reg_1_i_41/O
                         net (fo=12, routed)          0.583    23.035    GEN_BRAM.u_core/alu_mux_b/ir_reg[14]
    SLICE_X8Y19          LUT2 (Prop_lut2_I0_O)        0.184    23.219 r  GEN_BRAM.u_core/alu_mux_b/mem_reg_1_i_19/O
                         net (fo=8, routed)           0.429    23.648    GEN_BRAM.u_core/reg_file/mem_reg_1_2
    SLICE_X9Y21          LUT6 (Prop_lut6_I0_O)        0.172    23.820 r  GEN_BRAM.u_core/reg_file/mem_reg_1_i_1/O
                         net (fo=1, routed)           0.509    24.329    GEN_BRAM.u_core/dmem/wdata[31]
    RAMB36_X0Y4          RAMB36E1                                     r  GEN_BRAM.u_core/dmem/mem_reg_1/DIADI[15]
  -------------------------------------------------------------------    -------------------

                         (clock sys_clk rise edge)   30.000    30.000 r  
    AD23                                              0.000    30.000 r  clk (IN)
                         net (fo=0)                   0.000    30.000    clk
    AD23                 IBUF (Prop_ibuf_I_O)         0.796    30.796 r  clk_IBUF_inst/O
                         net (fo=1, routed)           1.741    32.537    clk_IBUF
    BUFGCTRL_X0Y0        BUFG (Prop_bufg_I_O)         0.113    32.650 r  clk_IBUF_BUFG_inst/O
                         net (fo=350, routed)         1.564    34.214    GEN_BRAM.u_core/dmem/clk_IBUF_BUFG
    RAMB36_X0Y4          RAMB36E1                                     r  GEN_BRAM.u_core/dmem/mem_reg_1/CLKARDCLK
                         clock pessimism              0.263    34.477    
                         clock uncertainty           -0.035    34.442    
    RAMB36_X0Y4          RAMB36E1 (Setup_ramb36e1_CLKARDCLK_DIADI[15])
                                                     -0.204    34.238    GEN_BRAM.u_core/dmem/mem_reg_1
  -------------------------------------------------------------------
                         required time                         34.238    
                         arrival time                         -24.329    
  -------------------------------------------------------------------
                         slack                                  9.909    

Slack (MET) :             9.911ns  (required time - arrival time)
  Source:                 GEN_BRAM.u_core/ir_reg[15]/C
                            (rising edge-triggered cell FDCE clocked by sys_clk  {rise@0.000ns fall@15.000ns period=30.000ns})
  Destination:            GEN_BRAM.u_core/reg_file/registers_reg_r1_0_31_0_5/RAMA_D1/I
                            (rising edge-triggered cell RAMD32 clocked by sys_clk  {rise@0.000ns fall@15.000ns period=30.000ns})
  Path Group:             sys_clk
  Path Type:              Setup (Max at Slow Process Corner)
  Requirement:            30.000ns  (sys_clk rise@30.000ns - sys_clk rise@0.000ns)
  Data Path Delay:        19.919ns  (logic 5.444ns (27.331%)  route 14.475ns (72.669%))
  Logic Levels:           33  (CARRY4=13 LUT1=1 LUT2=1 LUT3=4 LUT4=4 LUT5=2 LUT6=6 MUXF7=1 RAMD32=1)
  Clock Path Skew:        0.031ns (DCD - SCD + CPR)
    Destination Clock Delay (DCD):    4.247ns = ( 34.247 - 30.000 ) 
    Source Clock Delay      (SCD):    4.473ns
    Clock Pessimism Removal (CPR):    0.256ns
  Clock Uncertainty:      0.035ns  ((TSJ^2 + TIJ^2)^1/2 + DJ) / 2 + PE
    Total System Jitter     (TSJ):    0.071ns
    Total Input Jitter      (TIJ):    0.000ns
    Discrete Jitter          (DJ):    0.000ns
    Phase Error              (PE):    0.000ns

    Location             Delay type                Incr(ns)  Path(ns)    Netlist Resource(s)
  -------------------------------------------------------------------    -------------------
                         (clock sys_clk rise edge)    0.000     0.000 r  
    AD23                                              0.000     0.000 r  clk (IN)
                         net (fo=0)                   0.000     0.000    clk
    AD23                 IBUF (Prop_ibuf_I_O)         0.873     0.873 r  clk_IBUF_inst/O
                         net (fo=1, routed)           1.830     2.703    clk_IBUF
    BUFGCTRL_X0Y0        BUFG (Prop_bufg_I_O)         0.120     2.823 r  clk_IBUF_BUFG_inst/O
                         net (fo=350, routed)         1.650     4.473    GEN_BRAM.u_core/clk_IBUF_BUFG
    SLICE_X8Y15          FDCE                                         r  GEN_BRAM.u_core/ir_reg[15]/C
  -------------------------------------------------------------------    -------------------
    SLICE_X8Y15          FDCE (Prop_fdce_C_Q)         0.308     4.781 r  GEN_BRAM.u_core/ir_reg[15]/Q
                         net (fo=97, routed)          0.962     5.743    GEN_BRAM.u_core/reg_file/registers_reg_r1_0_31_0_5/ADDRA0
    SLICE_X4Y16          RAMD32 (Prop_ramd32_RADR0_O)
                                                      0.066     5.809 f  GEN_BRAM.u_core/reg_file/registers_reg_r1_0_31_0_5/RAMA/O
                         net (fo=10, routed)          1.146     6.955    GEN_BRAM.u_core/alu_mux_a/dataR10[0]
    SLICE_X6Y29          LUT4 (Prop_lut4_I1_O)        0.168     7.123 r  GEN_BRAM.u_core/alu_mux_a/u_adder_i_32/O
                         net (fo=90, routed)          0.579     7.702    GEN_BRAM.u_core/alu/u_mul/u_mul/GEN_VEDIC.u_mul/u2/result[1]_INST_0_i_11_n_0
    SLICE_X11Y27         CARRY4 (Prop_carry4_CYINIT_CO[3])
                                                      0.346     8.048 r  GEN_BRAM.u_core/alu/u_mul/u_mul/GEN_VEDIC.u_mul/u2/result[1]_INST_0_i_5/CO[3]
                         net (fo=1, routed)           0.000     8.048    GEN_BRAM.u_core/alu/u_mul/u_mul/GEN_VEDIC.u_mul/u2/result[1]_INST_0_i_5_n_0
    SLICE_X11Y28         CARRY4 (Prop_carry4_CI_CO[3])
                                                      0.058     8.106 r  GEN_BRAM.u_core/alu/u_mul/u_mul/GEN_VEDIC.u_mul/u2/product__0_carry_i_42__1/CO[3]
                         net (fo=1, routed)           0.000     8.106    GEN_BRAM.u_core/alu/u_mul/u_mul/GEN_VEDIC.u_mul/u2/product__0_carry_i_42__1_n_0
    SLICE_X11Y29         CARRY4 (Prop_carry4_CI_O[1])
                                                      0.213     8.319 r  GEN_BRAM.u_core/alu/u_mul/u_mul/GEN_VEDIC.u_mul/u2/product__0_carry_i_73__0/O[1]
                         net (fo=1, routed)           0.280     8.599    GEN_BRAM.u_core/alu/u_mul/u_mul/GEN_VEDIC.u_mul/u2/mag_a0[10]
    SLICE_X10Y29         LUT6 (Prop_lut6_I0_O)        0.152     8.751 r  GEN_BRAM.u_core/alu/u_mul/u_mul/GEN_VEDIC.u_mul/u2/product__0_carry_i_44__1/O
                         net (fo=80, routed)          2.008    10.759    GEN_BRAM.u_core/alu/u_mul/u_mul/GEN_VEDIC.u_mul/u0/mag_a[9]
    SLICE_X23Y9          LUT4 (Prop_lut4_I1_O)        0.056    10.815 r  GEN_BRAM.u_core/alu/u_mul/u_mul/GEN_VEDIC.u_mul/u0/product__0_carry_i_37/O
                         net (fo=2, routed)           0.639    11.454    GEN_BRAM.u_core/alu/u_mul/u_mul/GEN_VEDIC.u_mul/u0/u1/u0/p1[1]
    SLICE_X22Y9          LUT3 (Prop_lut3_I0_O)        0.185    11.639 r  GEN_BRAM.u_core/alu/u_mul/u_mul/GEN_VEDIC.u_mul/u0/product__0_carry_i_14/O
                         net (fo=2, routed)           0.289    11.928    GEN_BRAM.u_core/alu/u_mul/u_mul/GEN_VEDIC.u_mul/u0/product__0_carry_i_14_n_0
    SLICE_X22Y9          LUT5 (Prop_lut5_I4_O)        0.172    12.100 r  GEN_BRAM.u_core/alu/u_mul/u_mul/GEN_VEDIC.u_mul/u0/product__0_carry_i_17__1/O
                         net (fo=1, routed)           0.000    12.100    GEN_BRAM.u_core/alu/u_mul/u_mul/GEN_VEDIC.u_mul/u0/product__0_carry_i_17__1_n_0
    SLICE_X22Y9          CARRY4 (Prop_carry4_S[2]_CO[3])
                                                      0.219    12.319 r  GEN_BRAM.u_core/alu/u_mul/u_mul/GEN_VEDIC.u_mul/u0/product__0_carry_i_8/CO[3]
                         net (fo=1, routed)           0.000    12.319    GEN_BRAM.u_core/alu/u_mul/u_mul/GEN_VEDIC.u_mul/u0/product__0_carry_i_8_n_0
    SLICE_X22Y10         CARRY4 (Prop_carry4_CI_O[0])
                                                      0.135    12.454 r  GEN_BRAM.u_core/alu/u_mul/u_mul/GEN_VEDIC.u_mul/u0/product__0_carry__0_i_31/O[0]
                         net (fo=2, routed)           0.605    13.059    GEN_BRAM.u_core/alu/u_mul/u_mul/GEN_VEDIC.u_mul/u0/u1/p0_20[6]
    SLICE_X25Y11         LUT3 (Prop_lut3_I2_O)        0.166    13.225 r  GEN_BRAM.u_core/alu/u_mul/u_mul/GEN_VEDIC.u_mul/u0/product__0_carry__0_i_12/O
                         net (fo=2, routed)           0.445    13.670    GEN_BRAM.u_core/alu/u_mul/u_mul/GEN_VEDIC.u_mul/u0/product__0_carry__0_i_12_n_0
    SLICE_X25Y11         CARRY4 (Prop_carry4_DI[3]_CO[3])
                                                      0.342    14.012 r  GEN_BRAM.u_core/alu/u_mul/u_mul/GEN_VEDIC.u_mul/u0/product__0_carry__0_i_9/CO[3]
                         net (fo=1, routed)           0.000    14.012    GEN_BRAM.u_core/alu/u_mul/u_mul/GEN_VEDIC.u_mul/u0/product__0_carry__0_i_9_n_0
    SLICE_X25Y12         CARRY4 (Prop_carry4_CI_O[3])
                                                      0.179    14.191 r  GEN_BRAM.u_core/alu/u_mul/u_mul/GEN_VEDIC.u_mul/u0/product__0_carry__1_i_9/O[3]
                         net (fo=2, routed)           0.816    15.006    GEN_BRAM.u_core/alu/u_mul/u_mul/GEN_VEDIC.u_mul/u0/p1[11]
    SLICE_X19Y12         LUT3 (Prop_lut3_I0_O)        0.155    15.161 r  GEN_BRAM.u_core/alu/u_mul/u_mul/GEN_VEDIC.u_mul/u0/product__0_carry__2_i_4__2/O
                         net (fo=2, routed)           0.443    15.604    GEN_BRAM.u_core/alu/u_mul/u_mul/GEN_VEDIC.u_mul/u0/product__0_carry__2_i_4__2_n_0
    SLICE_X19Y13         LUT4 (Prop_lut4_I3_O)        0.168    15.772 r  GEN_BRAM.u_core/alu/u_mul/u_mul/GEN_VEDIC.u_mul/u0/product__0_carry__2_i_8__2/O
                         net (fo=1, routed)           0.000    15.772    GEN_BRAM.u_core/alu/u_mul/u_mul/GEN_VEDIC.u_mul/u0/product__0_carry__2_i_8__2_n_0
    SLICE_X19Y13         CARRY4 (Prop_carry4_S[0]_CO[3])
                                                      0.313    16.085 r  GEN_BRAM.u_core/alu/u_mul/u_mul/GEN_VEDIC.u_mul/u0/product__0_carry__2/CO[3]
                         net (fo=1, routed)           0.000    16.085    GEN_BRAM.u_core/alu/u_mul/u_mul/GEN_VEDIC.u_mul/u0/product__0_carry__2_n_0
    SLICE_X19Y14         CARRY4 (Prop_carry4_CI_O[2])
                                                      0.136    16.221 r  GEN_BRAM.u_core/alu/u_mul/u_mul/GEN_VEDIC.u_mul/u0/product__0_carry__3/O[2]
                         net (fo=2, routed)           0.730    16.951    GEN_BRAM.u_core/alu/u_mul/u_mul/GEN_VEDIC.u_mul/u1/result[31]_INST_0_i_1_0[2]
    SLICE_X20Y20         LUT3 (Prop_lut3_I2_O)        0.162    17.113 r  GEN_BRAM.u_core/alu/u_mul/u_mul/GEN_VEDIC.u_mul/u1/result[27]_INST_0_i_3/O
                         net (fo=2, routed)           0.477    17.590    GEN_BRAM.u_core/alu/u_mul/u_mul/GEN_VEDIC.u_mul/u1/result[27]_INST_0_i_3_n_0
    SLICE_X20Y20         LUT4 (Prop_lut4_I3_O)        0.164    17.754 r  GEN_BRAM.u_core/alu/u_mul/u_mul/GEN_VEDIC.u_mul/u1/result[27]_INST_0_i_7/O
                         net (fo=1, routed)           0.000    17.754    GEN_BRAM.u_core/alu/u_mul/u_mul/GEN_VEDIC.u_mul/u1/result[27]_INST_0_i_7_n_0
    SLICE_X20Y20         CARRY4 (Prop_carry4_S[3]_CO[3])
                                                      0.216    17.970 r  GEN_BRAM.u_core/alu/u_mul/u_mul/GEN_VEDIC.u_mul/u1/result[27]_INST_0_i_1/CO[3]
                         net (fo=1, routed)           0.000    17.970    GEN_BRAM.u_core/alu/u_mul/u_mul/GEN_VEDIC.u_mul/u1/result[27]_INST_0_i_1_n_0
    SLICE_X20Y21         CARRY4 (Prop_carry4_CI_O[0])
                                                      0.135    18.105 f  GEN_BRAM.u_core/alu/u_mul/u_mul/GEN_VEDIC.u_mul/u1/result[31]_INST_0_i_1/O[0]
                         net (fo=2, routed)           0.479    18.584    GEN_BRAM.u_core/alu/u_mul/u_mul/GEN_VEDIC.u_mul/u1/result[31]_INST_0_i_13_0[5]
    SLICE_X18Y23         LUT1 (Prop_lut1_I0_O)        0.153    18.737 r  GEN_BRAM.u_core/alu/u_mul/u_mul/GEN_VEDIC.u_mul/u1/result[0]_INST_0_i_8/O
                         net (fo=1, routed)           0.000    18.737    GEN_BRAM.u_core/alu/u_mul/u_mul/GEN_VEDIC.u_mul/u1/p_0_in[28]
    SLICE_X18Y23         CARRY4 (Prop_carry4_S[3]_CO[3])
                                                      0.216    18.953 r  GEN_BRAM.u_core/alu/u_mul/u_mul/GEN_VEDIC.u_mul/u1/result[0]_INST_0_i_2/CO[3]
                         net (fo=1, routed)           0.000    18.953    GEN_BRAM.u_core/alu/u_mul/u_mul/GEN_VEDIC.u_mul/u1/result[0]_INST_0_i_2_n_0
    SLICE_X18Y24         CARRY4 (Prop_carry4_CI_O[3])
                                                      0.181    19.134 f  GEN_BRAM.u_core/alu/u_mul/u_mul/GEN_VEDIC.u_mul/u1/result[0]_INST_0_i_1/O[3]
                         net (fo=1, routed)           0.470    19.604    GEN_BRAM.u_core/alu/u_mul/u_mul/GEN_VEDIC.u_mul/u1/signed_product0[32]
    SLICE_X16Y27         LUT6 (Prop_lut6_I5_O)        0.142    19.746 f  GEN_BRAM.u_core/alu/u_mul/u_mul/GEN_VEDIC.u_mul/u1/result[0]_INST_0/O
                         net (fo=1, routed)           0.747    20.493    GEN_BRAM.u_core/alu/mul_result[0]
    SLICE_X10Y33         LUT6 (Prop_lut6_I0_O)        0.053    20.546 f  GEN_BRAM.u_core/alu/debug_alu_out_OBUF[0]_inst_i_11/O
                         net (fo=1, routed)           0.000    20.546    GEN_BRAM.u_core/alu/debug_alu_out_OBUF[0]_inst_i_11_n_0
    SLICE_X10Y33         MUXF7 (Prop_muxf7_I1_O)      0.123    20.669 f  GEN_BRAM.u_core/alu/debug_alu_out_OBUF[0]_inst_i_4/O
                         net (fo=1, routed)           0.381    21.050    GEN_BRAM.u_core/alu/debug_alu_out_OBUF[0]_inst_i_4_n_0
    SLICE_X6Y33          LUT6 (Prop_lut6_I5_O)        0.150    21.200 f  GEN_BRAM.u_core/alu/debug_alu_out_OBUF[0]_inst_i_1/O
                         net (fo=11, routed)          1.112    22.312    GEN_BRAM.u_core/alu/D[0]
    SLICE_X8Y15          LUT2 (Prop_lut2_I1_O)        0.053    22.365 r  GEN_BRAM.u_core/alu/mem_reg_0_i_37/O
                         net (fo=26, routed)          0.674    23.039    GEN_BRAM.u_core/dmem/registers_reg_r1_0_31_6_11_i_10
    SLICE_X4Y14          LUT5 (Prop_lut5_I4_O)        0.053    23.092 r  GEN_BRAM.u_core/dmem/registers_reg_r1_0_31_0_5_i_27/O
                         net (fo=1, routed)           0.468    23.560    GEN_BRAM.u_core/wb_mux/registers_reg_r1_0_31_0_5_i_2_0
    SLICE_X4Y14          LUT6 (Prop_lut6_I5_O)        0.053    23.613 r  GEN_BRAM.u_core/wb_mux/registers_reg_r1_0_31_0_5_i_11/O
                         net (fo=1, routed)           0.456    24.069    GEN_BRAM.u_core/divider/wb_exec[1]
    SLICE_X4Y14          LUT6 (Prop_lut6_I5_O)        0.053    24.122 r  GEN_BRAM.u_core/divider/registers_reg_r1_0_31_0_5_i_2/O
                         net (fo=2, routed)           0.270    24.391    GEN_BRAM.u_core/reg_file/registers_reg_r1_0_31_0_5/DIA1
    SLICE_X4Y16          RAMD32                                       r  GEN_BRAM.u_core/reg_file/registers_reg_r1_0_31_0_5/RAMA_D1/I
  -------------------------------------------------------------------    -------------------

                         (clock sys_clk rise edge)   30.000    30.000 r  
    AD23                                              0.000    30.000 r  clk (IN)
                         net (fo=0)                   0.000    30.000    clk
    AD23                 IBUF (Prop_ibuf_I_O)         0.796    30.796 r  clk_IBUF_inst/O
                         net (fo=1, routed)           1.741    32.537    clk_IBUF
    BUFGCTRL_X0Y0        BUFG (Prop_bufg_I_O)         0.113    32.650 r  clk_IBUF_BUFG_inst/O
                         net (fo=350, routed)         1.597    34.247    GEN_BRAM.u_core/reg_file/registers_reg_r1_0_31_0_5/WCLK
    SLICE_X4Y16          RAMD32                                       r  GEN_BRAM.u_core/reg_file/registers_reg_r1_0_31_0_5/RAMA_D1/CLK
                         clock pessimism              0.256    34.504    
                         clock uncertainty           -0.035    34.468    
    SLICE_X4Y16          RAMD32 (Setup_ramd32_CLK_I)
                                                     -0.166    34.302    GEN_BRAM.u_core/reg_file/registers_reg_r1_0_31_0_5/RAMA_D1
  -------------------------------------------------------------------
                         required time                         34.302    
                         arrival time                         -24.391    
  -------------------------------------------------------------------
                         slack                                  9.911    

Slack (MET) :             9.934ns  (required time - arrival time)
  Source:                 GEN_BRAM.u_core/ir_reg[15]/C
                            (rising edge-triggered cell FDCE clocked by sys_clk  {rise@0.000ns fall@15.000ns period=30.000ns})
  Destination:            GEN_BRAM.u_core/dmem/mem_reg_1/DIADI[8]
                            (rising edge-triggered cell RAMB36E1 clocked by sys_clk  {rise@0.000ns fall@15.000ns period=30.000ns})
  Path Group:             sys_clk
  Path Type:              Setup (Max at Slow Process Corner)
  Requirement:            30.000ns  (sys_clk rise@30.000ns - sys_clk rise@0.000ns)
  Data Path Delay:        19.831ns  (logic 5.726ns (28.874%)  route 14.105ns (71.126%))
  Logic Levels:           31  (CARRY4=13 LUT1=1 LUT2=1 LUT3=5 LUT4=4 LUT5=2 LUT6=3 MUXF7=1 RAMD32=1)
  Clock Path Skew:        0.005ns (DCD - SCD + CPR)
    Destination Clock Delay (DCD):    4.214ns = ( 34.214 - 30.000 ) 
    Source Clock Delay      (SCD):    4.473ns
    Clock Pessimism Removal (CPR):    0.263ns
  Clock Uncertainty:      0.035ns  ((TSJ^2 + TIJ^2)^1/2 + DJ) / 2 + PE
    Total System Jitter     (TSJ):    0.071ns
    Total Input Jitter      (TIJ):    0.000ns
    Discrete Jitter          (DJ):    0.000ns
    Phase Error              (PE):    0.000ns

    Location             Delay type                Incr(ns)  Path(ns)    Netlist Resource(s)
  -------------------------------------------------------------------    -------------------
                         (clock sys_clk rise edge)    0.000     0.000 r  
    AD23                                              0.000     0.000 r  clk (IN)
                         net (fo=0)                   0.000     0.000    clk
    AD23                 IBUF (Prop_ibuf_I_O)         0.873     0.873 r  clk_IBUF_inst/O
                         net (fo=1, routed)           1.830     2.703    clk_IBUF
    BUFGCTRL_X0Y0        BUFG (Prop_bufg_I_O)         0.120     2.823 r  clk_IBUF_BUFG_inst/O
                         net (fo=350, routed)         1.650     4.473    GEN_BRAM.u_core/clk_IBUF_BUFG
    SLICE_X8Y15          FDCE                                         r  GEN_BRAM.u_core/ir_reg[15]/C
  -------------------------------------------------------------------    -------------------
    SLICE_X8Y15          FDCE (Prop_fdce_C_Q)         0.308     4.781 r  GEN_BRAM.u_core/ir_reg[15]/Q
                         net (fo=97, routed)          0.962     5.743    GEN_BRAM.u_core/reg_file/registers_reg_r1_0_31_0_5/ADDRA0
    SLICE_X4Y16          RAMD32 (Prop_ramd32_RADR0_O)
                                                      0.066     5.809 f  GEN_BRAM.u_core/reg_file/registers_reg_r1_0_31_0_5/RAMA/O
                         net (fo=10, routed)          1.146     6.955    GEN_BRAM.u_core/alu_mux_a/dataR10[0]
    SLICE_X6Y29          LUT4 (Prop_lut4_I1_O)        0.168     7.123 r  GEN_BRAM.u_core/alu_mux_a/u_adder_i_32/O
                         net (fo=90, routed)          0.579     7.702    GEN_BRAM.u_core/alu/u_mul/u_mul/GEN_VEDIC.u_mul/u2/result[1]_INST_0_i_11_n_0
    SLICE_X11Y27         CARRY4 (Prop_carry4_CYINIT_CO[3])
                                                      0.346     8.048 r  GEN_BRAM.u_core/alu/u_mul/u_mul/GEN_VEDIC.u_mul/u2/result[1]_INST_0_i_5/CO[3]
                         net (fo=1, routed)           0.000     8.048    GEN_BRAM.u_core/alu/u_mul/u_mul/GEN_VEDIC.u_mul/u2/result[1]_INST_0_i_5_n_0
    SLICE_X11Y28         CARRY4 (Prop_carry4_CI_CO[3])
                                                      0.058     8.106 r  GEN_BRAM.u_core/alu/u_mul/u_mul/GEN_VEDIC.u_mul/u2/product__0_carry_i_42__1/CO[3]
                         net (fo=1, routed)           0.000     8.106    GEN_BRAM.u_core/alu/u_mul/u_mul/GEN_VEDIC.u_mul/u2/product__0_carry_i_42__1_n_0
    SLICE_X11Y29         CARRY4 (Prop_carry4_CI_O[1])
                                                      0.213     8.319 r  GEN_BRAM.u_core/alu/u_mul/u_mul/GEN_VEDIC.u_mul/u2/product__0_carry_i_73__0/O[1]
                         net (fo=1, routed)           0.280     8.599    GEN_BRAM.u_core/alu/u_mul/u_mul/GEN_VEDIC.u_mul/u2/mag_a0[10]
    SLICE_X10Y29         LUT6 (Prop_lut6_I0_O)        0.152     8.751 r  GEN_BRAM.u_core/alu/u_mul/u_mul/GEN_VEDIC.u_mul/u2/product__0_carry_i_44__1/O
                         net (fo=80, routed)          2.008    10.759    GEN_BRAM.u_core/alu/u_mul/u_mul/GEN_VEDIC.u_mul/u0/mag_a[9]
    SLICE_X23Y9          LUT4 (Prop_lut4_I1_O)        0.056    10.815 r  GEN_BRAM.u_core/alu/u_mul/u_mul/GEN_VEDIC.u_mul/u0/product__0_carry_i_37/O
                         net (fo=2, routed)           0.639    11.454    GEN_BRAM.u_core/alu/u_mul/u_mul/GEN_VEDIC.u_mul/u0/u1/u0/p1[1]
    SLICE_X22Y9          LUT3 (Prop_lut3_I0_O)        0.185    11.639 r  GEN_BRAM.u_core/alu/u_mul/u_mul/GEN_VEDIC.u_mul/u0/product__0_carry_i_14/O
                         net (fo=2, routed)           0.289    11.928    GEN_BRAM.u_core/alu/u_mul/u_mul/GEN_VEDIC.u_mul/u0/product__0_carry_i_14_n_0
    SLICE_X22Y9          LUT5 (Prop_lut5_I4_O)        0.172    12.100 r  GEN_BRAM.u_core/alu/u_mul/u_mul/GEN_VEDIC.u_mul/u0/product__0_carry_i_17__1/O
                         net (fo=1, routed)           0.000    12.100    GEN_BRAM.u_core/alu/u_mul/u_mul/GEN_VEDIC.u_mul/u0/product__0_carry_i_17__1_n_0
    SLICE_X22Y9          CARRY4 (Prop_carry4_S[2]_CO[3])
                                                      0.219    12.319 r  GEN_BRAM.u_core/alu/u_mul/u_mul/GEN_VEDIC.u_mul/u0/product__0_carry_i_8/CO[3]
                         net (fo=1, routed)           0.000    12.319    GEN_BRAM.u_core/alu/u_mul/u_mul/GEN_VEDIC.u_mul/u0/product__0_carry_i_8_n_0
    SLICE_X22Y10         CARRY4 (Prop_carry4_CI_O[0])
                                                      0.135    12.454 r  GEN_BRAM.u_core/alu/u_mul/u_mul/GEN_VEDIC.u_mul/u0/product__0_carry__0_i_31/O[0]
                         net (fo=2, routed)           0.605    13.059    GEN_BRAM.u_core/alu/u_mul/u_mul/GEN_VEDIC.u_mul/u0/u1/p0_20[6]
    SLICE_X25Y11         LUT3 (Prop_lut3_I2_O)        0.166    13.225 r  GEN_BRAM.u_core/alu/u_mul/u_mul/GEN_VEDIC.u_mul/u0/product__0_carry__0_i_12/O
                         net (fo=2, routed)           0.445    13.670    GEN_BRAM.u_core/alu/u_mul/u_mul/GEN_VEDIC.u_mul/u0/product__0_carry__0_i_12_n_0
    SLICE_X25Y11         CARRY4 (Prop_carry4_DI[3]_CO[3])
                                                      0.342    14.012 r  GEN_BRAM.u_core/alu/u_mul/u_mul/GEN_VEDIC.u_mul/u0/product__0_carry__0_i_9/CO[3]
                         net (fo=1, routed)           0.000    14.012    GEN_BRAM.u_core/alu/u_mul/u_mul/GEN_VEDIC.u_mul/u0/product__0_carry__0_i_9_n_0
    SLICE_X25Y12         CARRY4 (Prop_carry4_CI_O[3])
                                                      0.179    14.191 r  GEN_BRAM.u_core/alu/u_mul/u_mul/GEN_VEDIC.u_mul/u0/product__0_carry__1_i_9/O[3]
                         net (fo=2, routed)           0.816    15.006    GEN_BRAM.u_core/alu/u_mul/u_mul/GEN_VEDIC.u_mul/u0/p1[11]
    SLICE_X19Y12         LUT3 (Prop_lut3_I0_O)        0.155    15.161 r  GEN_BRAM.u_core/alu/u_mul/u_mul/GEN_VEDIC.u_mul/u0/product__0_carry__2_i_4__2/O
                         net (fo=2, routed)           0.443    15.604    GEN_BRAM.u_core/alu/u_mul/u_mul/GEN_VEDIC.u_mul/u0/product__0_carry__2_i_4__2_n_0
    SLICE_X19Y13         LUT4 (Prop_lut4_I3_O)        0.168    15.772 r  GEN_BRAM.u_core/alu/u_mul/u_mul/GEN_VEDIC.u_mul/u0/product__0_carry__2_i_8__2/O
                         net (fo=1, routed)           0.000    15.772    GEN_BRAM.u_core/alu/u_mul/u_mul/GEN_VEDIC.u_mul/u0/product__0_carry__2_i_8__2_n_0
    SLICE_X19Y13         CARRY4 (Prop_carry4_S[0]_CO[3])
                                                      0.313    16.085 r  GEN_BRAM.u_core/alu/u_mul/u_mul/GEN_VEDIC.u_mul/u0/product__0_carry__2/CO[3]
                         net (fo=1, routed)           0.000    16.085    GEN_BRAM.u_core/alu/u_mul/u_mul/GEN_VEDIC.u_mul/u0/product__0_carry__2_n_0
    SLICE_X19Y14         CARRY4 (Prop_carry4_CI_O[2])
                                                      0.136    16.221 r  GEN_BRAM.u_core/alu/u_mul/u_mul/GEN_VEDIC.u_mul/u0/product__0_carry__3/O[2]
                         net (fo=2, routed)           0.730    16.951    GEN_BRAM.u_core/alu/u_mul/u_mul/GEN_VEDIC.u_mul/u1/result[31]_INST_0_i_1_0[2]
    SLICE_X20Y20         LUT3 (Prop_lut3_I2_O)        0.162    17.113 r  GEN_BRAM.u_core/alu/u_mul/u_mul/GEN_VEDIC.u_mul/u1/result[27]_INST_0_i_3/O
                         net (fo=2, routed)           0.477    17.590    GEN_BRAM.u_core/alu/u_mul/u_mul/GEN_VEDIC.u_mul/u1/result[27]_INST_0_i_3_n_0
    SLICE_X20Y20         LUT4 (Prop_lut4_I3_O)        0.164    17.754 r  GEN_BRAM.u_core/alu/u_mul/u_mul/GEN_VEDIC.u_mul/u1/result[27]_INST_0_i_7/O
                         net (fo=1, routed)           0.000    17.754    GEN_BRAM.u_core/alu/u_mul/u_mul/GEN_VEDIC.u_mul/u1/result[27]_INST_0_i_7_n_0
    SLICE_X20Y20         CARRY4 (Prop_carry4_S[3]_CO[3])
                                                      0.216    17.970 r  GEN_BRAM.u_core/alu/u_mul/u_mul/GEN_VEDIC.u_mul/u1/result[27]_INST_0_i_1/CO[3]
                         net (fo=1, routed)           0.000    17.970    GEN_BRAM.u_core/alu/u_mul/u_mul/GEN_VEDIC.u_mul/u1/result[27]_INST_0_i_1_n_0
    SLICE_X20Y21         CARRY4 (Prop_carry4_CI_O[1])
                                                      0.212    18.182 f  GEN_BRAM.u_core/alu/u_mul/u_mul/GEN_VEDIC.u_mul/u1/result[31]_INST_0_i_1/O[1]
                         net (fo=2, routed)           0.438    18.620    GEN_BRAM.u_core/alu/u_mul/u_mul/GEN_VEDIC.u_mul/u1/result[31]_INST_0_i_13_0[6]
    SLICE_X18Y24         LUT1 (Prop_lut1_I0_O)        0.155    18.775 r  GEN_BRAM.u_core/alu/u_mul/u_mul/GEN_VEDIC.u_mul/u1/result[0]_INST_0_i_6/O
                         net (fo=1, routed)           0.000    18.775    GEN_BRAM.u_core/alu/u_mul/u_mul/GEN_VEDIC.u_mul/u1/p_0_in[29]
    SLICE_X18Y24         CARRY4 (Prop_carry4_S[0]_CO[3])
                                                      0.297    19.072 r  GEN_BRAM.u_core/alu/u_mul/u_mul/GEN_VEDIC.u_mul/u1/result[0]_INST_0_i_1/CO[3]
                         net (fo=1, routed)           0.008    19.080    GEN_BRAM.u_core/alu/u_mul/u_mul/GEN_VEDIC.u_mul/u1/result[0]_INST_0_i_1_n_0
    SLICE_X18Y25         CARRY4 (Prop_carry4_CI_O[0])
                                                      0.135    19.215 r  GEN_BRAM.u_core/alu/u_mul/u_mul/GEN_VEDIC.u_mul/u1/result[4]_INST_0_i_1/O[0]
                         net (fo=1, routed)           0.467    19.683    GEN_BRAM.u_core/alu/u_mul/u_mul/GEN_VEDIC.u_mul/u1/signed_product0[33]
    SLICE_X19Y25         LUT5 (Prop_lut5_I4_O)        0.153    19.836 r  GEN_BRAM.u_core/alu/u_mul/u_mul/GEN_VEDIC.u_mul/u1/result[1]_INST_0/O
                         net (fo=2, routed)           0.807    20.642    GEN_BRAM.u_core/reg_file/result[0]
    SLICE_X6Y34          LUT6 (Prop_lut6_I2_O)        0.053    20.695 r  GEN_BRAM.u_core/reg_file/debug_alu_out_OBUF[1]_inst_i_2/O
                         net (fo=2, routed)           0.000    20.695    GEN_BRAM.u_core/alu_mux_b/load_addr_hold_reg[1]
    SLICE_X6Y34          MUXF7 (Prop_muxf7_I0_O)      0.121    20.816 r  GEN_BRAM.u_core/alu_mux_b/debug_alu_out_OBUF[1]_inst_i_1/O
                         net (fo=43, routed)          1.471    22.287    GEN_BRAM.u_core/alu_mux_b/D[0]
    SLICE_X9Y17          LUT3 (Prop_lut3_I2_O)        0.165    22.452 r  GEN_BRAM.u_core/alu_mux_b/mem_reg_1_i_41/O
                         net (fo=12, routed)          0.583    23.035    GEN_BRAM.u_core/alu_mux_b/ir_reg[14]
    SLICE_X8Y19          LUT2 (Prop_lut2_I0_O)        0.184    23.219 r  GEN_BRAM.u_core/alu_mux_b/mem_reg_1_i_19/O
                         net (fo=8, routed)           0.463    23.682    GEN_BRAM.u_core/reg_file/mem_reg_1_2
    SLICE_X10Y19         LUT6 (Prop_lut6_I0_O)        0.172    23.854 r  GEN_BRAM.u_core/reg_file/mem_reg_1_i_8/O
                         net (fo=1, routed)           0.449    24.304    GEN_BRAM.u_core/dmem/wdata[24]
    RAMB36_X0Y4          RAMB36E1                                     r  GEN_BRAM.u_core/dmem/mem_reg_1/DIADI[8]
  -------------------------------------------------------------------    -------------------

                         (clock sys_clk rise edge)   30.000    30.000 r  
    AD23                                              0.000    30.000 r  clk (IN)
                         net (fo=0)                   0.000    30.000    clk
    AD23                 IBUF (Prop_ibuf_I_O)         0.796    30.796 r  clk_IBUF_inst/O
                         net (fo=1, routed)           1.741    32.537    clk_IBUF
    BUFGCTRL_X0Y0        BUFG (Prop_bufg_I_O)         0.113    32.650 r  clk_IBUF_BUFG_inst/O
                         net (fo=350, routed)         1.564    34.214    GEN_BRAM.u_core/dmem/clk_IBUF_BUFG
    RAMB36_X0Y4          RAMB36E1                                     r  GEN_BRAM.u_core/dmem/mem_reg_1/CLKARDCLK
                         clock pessimism              0.263    34.477    
                         clock uncertainty           -0.035    34.442    
    RAMB36_X0Y4          RAMB36E1 (Setup_ramb36e1_CLKARDCLK_DIADI[8])
                                                     -0.204    34.238    GEN_BRAM.u_core/dmem/mem_reg_1
  -------------------------------------------------------------------
                         required time                         34.238    
                         arrival time                         -24.304    
  -------------------------------------------------------------------
                         slack                                  9.934    

Slack (MET) :             9.985ns  (required time - arrival time)
  Source:                 GEN_BRAM.u_core/ir_reg[15]/C
                            (rising edge-triggered cell FDCE clocked by sys_clk  {rise@0.000ns fall@15.000ns period=30.000ns})
  Destination:            GEN_BRAM.u_core/reg_file/registers_reg_r1_0_31_0_5/RAMC_D1/I
                            (rising edge-triggered cell RAMD32 clocked by sys_clk  {rise@0.000ns fall@15.000ns period=30.000ns})
  Path Group:             sys_clk
  Path Type:              Setup (Max at Slow Process Corner)
  Requirement:            30.000ns  (sys_clk rise@30.000ns - sys_clk rise@0.000ns)
  Data Path Delay:        19.836ns  (logic 5.444ns (27.445%)  route 14.392ns (72.555%))
  Logic Levels:           33  (CARRY4=13 LUT1=1 LUT2=1 LUT3=4 LUT4=4 LUT5=2 LUT6=6 MUXF7=1 RAMD32=1)
  Clock Path Skew:        0.031ns (DCD - SCD + CPR)
    Destination Clock Delay (DCD):    4.247ns = ( 34.247 - 30.000 ) 
    Source Clock Delay      (SCD):    4.473ns
    Clock Pessimism Removal (CPR):    0.256ns
  Clock Uncertainty:      0.035ns  ((TSJ^2 + TIJ^2)^1/2 + DJ) / 2 + PE
    Total System Jitter     (TSJ):    0.071ns
    Total Input Jitter      (TIJ):    0.000ns
    Discrete Jitter          (DJ):    0.000ns
    Phase Error              (PE):    0.000ns

    Location             Delay type                Incr(ns)  Path(ns)    Netlist Resource(s)
  -------------------------------------------------------------------    -------------------
                         (clock sys_clk rise edge)    0.000     0.000 r  
    AD23                                              0.000     0.000 r  clk (IN)
                         net (fo=0)                   0.000     0.000    clk
    AD23                 IBUF (Prop_ibuf_I_O)         0.873     0.873 r  clk_IBUF_inst/O
                         net (fo=1, routed)           1.830     2.703    clk_IBUF
    BUFGCTRL_X0Y0        BUFG (Prop_bufg_I_O)         0.120     2.823 r  clk_IBUF_BUFG_inst/O
                         net (fo=350, routed)         1.650     4.473    GEN_BRAM.u_core/clk_IBUF_BUFG
    SLICE_X8Y15          FDCE                                         r  GEN_BRAM.u_core/ir_reg[15]/C
  -------------------------------------------------------------------    -------------------
    SLICE_X8Y15          FDCE (Prop_fdce_C_Q)         0.308     4.781 r  GEN_BRAM.u_core/ir_reg[15]/Q
                         net (fo=97, routed)          0.962     5.743    GEN_BRAM.u_core/reg_file/registers_reg_r1_0_31_0_5/ADDRA0
    SLICE_X4Y16          RAMD32 (Prop_ramd32_RADR0_O)
                                                      0.066     5.809 f  GEN_BRAM.u_core/reg_file/registers_reg_r1_0_31_0_5/RAMA/O
                         net (fo=10, routed)          1.146     6.955    GEN_BRAM.u_core/alu_mux_a/dataR10[0]
    SLICE_X6Y29          LUT4 (Prop_lut4_I1_O)        0.168     7.123 r  GEN_BRAM.u_core/alu_mux_a/u_adder_i_32/O
                         net (fo=90, routed)          0.579     7.702    GEN_BRAM.u_core/alu/u_mul/u_mul/GEN_VEDIC.u_mul/u2/result[1]_INST_0_i_11_n_0
    SLICE_X11Y27         CARRY4 (Prop_carry4_CYINIT_CO[3])
                                                      0.346     8.048 r  GEN_BRAM.u_core/alu/u_mul/u_mul/GEN_VEDIC.u_mul/u2/result[1]_INST_0_i_5/CO[3]
                         net (fo=1, routed)           0.000     8.048    GEN_BRAM.u_core/alu/u_mul/u_mul/GEN_VEDIC.u_mul/u2/result[1]_INST_0_i_5_n_0
    SLICE_X11Y28         CARRY4 (Prop_carry4_CI_CO[3])
                                                      0.058     8.106 r  GEN_BRAM.u_core/alu/u_mul/u_mul/GEN_VEDIC.u_mul/u2/product__0_carry_i_42__1/CO[3]
                         net (fo=1, routed)           0.000     8.106    GEN_BRAM.u_core/alu/u_mul/u_mul/GEN_VEDIC.u_mul/u2/product__0_carry_i_42__1_n_0
    SLICE_X11Y29         CARRY4 (Prop_carry4_CI_O[1])
                                                      0.213     8.319 r  GEN_BRAM.u_core/alu/u_mul/u_mul/GEN_VEDIC.u_mul/u2/product__0_carry_i_73__0/O[1]
                         net (fo=1, routed)           0.280     8.599    GEN_BRAM.u_core/alu/u_mul/u_mul/GEN_VEDIC.u_mul/u2/mag_a0[10]
    SLICE_X10Y29         LUT6 (Prop_lut6_I0_O)        0.152     8.751 r  GEN_BRAM.u_core/alu/u_mul/u_mul/GEN_VEDIC.u_mul/u2/product__0_carry_i_44__1/O
                         net (fo=80, routed)          2.008    10.759    GEN_BRAM.u_core/alu/u_mul/u_mul/GEN_VEDIC.u_mul/u0/mag_a[9]
    SLICE_X23Y9          LUT4 (Prop_lut4_I1_O)        0.056    10.815 r  GEN_BRAM.u_core/alu/u_mul/u_mul/GEN_VEDIC.u_mul/u0/product__0_carry_i_37/O
                         net (fo=2, routed)           0.639    11.454    GEN_BRAM.u_core/alu/u_mul/u_mul/GEN_VEDIC.u_mul/u0/u1/u0/p1[1]
    SLICE_X22Y9          LUT3 (Prop_lut3_I0_O)        0.185    11.639 r  GEN_BRAM.u_core/alu/u_mul/u_mul/GEN_VEDIC.u_mul/u0/product__0_carry_i_14/O
                         net (fo=2, routed)           0.289    11.928    GEN_BRAM.u_core/alu/u_mul/u_mul/GEN_VEDIC.u_mul/u0/product__0_carry_i_14_n_0
    SLICE_X22Y9          LUT5 (Prop_lut5_I4_O)        0.172    12.100 r  GEN_BRAM.u_core/alu/u_mul/u_mul/GEN_VEDIC.u_mul/u0/product__0_carry_i_17__1/O
                         net (fo=1, routed)           0.000    12.100    GEN_BRAM.u_core/alu/u_mul/u_mul/GEN_VEDIC.u_mul/u0/product__0_carry_i_17__1_n_0
    SLICE_X22Y9          CARRY4 (Prop_carry4_S[2]_CO[3])
                                                      0.219    12.319 r  GEN_BRAM.u_core/alu/u_mul/u_mul/GEN_VEDIC.u_mul/u0/product__0_carry_i_8/CO[3]
                         net (fo=1, routed)           0.000    12.319    GEN_BRAM.u_core/alu/u_mul/u_mul/GEN_VEDIC.u_mul/u0/product__0_carry_i_8_n_0
    SLICE_X22Y10         CARRY4 (Prop_carry4_CI_O[0])
                                                      0.135    12.454 r  GEN_BRAM.u_core/alu/u_mul/u_mul/GEN_VEDIC.u_mul/u0/product__0_carry__0_i_31/O[0]
                         net (fo=2, routed)           0.605    13.059    GEN_BRAM.u_core/alu/u_mul/u_mul/GEN_VEDIC.u_mul/u0/u1/p0_20[6]
    SLICE_X25Y11         LUT3 (Prop_lut3_I2_O)        0.166    13.225 r  GEN_BRAM.u_core/alu/u_mul/u_mul/GEN_VEDIC.u_mul/u0/product__0_carry__0_i_12/O
                         net (fo=2, routed)           0.445    13.670    GEN_BRAM.u_core/alu/u_mul/u_mul/GEN_VEDIC.u_mul/u0/product__0_carry__0_i_12_n_0
    SLICE_X25Y11         CARRY4 (Prop_carry4_DI[3]_CO[3])
                                                      0.342    14.012 r  GEN_BRAM.u_core/alu/u_mul/u_mul/GEN_VEDIC.u_mul/u0/product__0_carry__0_i_9/CO[3]
                         net (fo=1, routed)           0.000    14.012    GEN_BRAM.u_core/alu/u_mul/u_mul/GEN_VEDIC.u_mul/u0/product__0_carry__0_i_9_n_0
    SLICE_X25Y12         CARRY4 (Prop_carry4_CI_O[3])
                                                      0.179    14.191 r  GEN_BRAM.u_core/alu/u_mul/u_mul/GEN_VEDIC.u_mul/u0/product__0_carry__1_i_9/O[3]
                         net (fo=2, routed)           0.816    15.006    GEN_BRAM.u_core/alu/u_mul/u_mul/GEN_VEDIC.u_mul/u0/p1[11]
    SLICE_X19Y12         LUT3 (Prop_lut3_I0_O)        0.155    15.161 r  GEN_BRAM.u_core/alu/u_mul/u_mul/GEN_VEDIC.u_mul/u0/product__0_carry__2_i_4__2/O
                         net (fo=2, routed)           0.443    15.604    GEN_BRAM.u_core/alu/u_mul/u_mul/GEN_VEDIC.u_mul/u0/product__0_carry__2_i_4__2_n_0
    SLICE_X19Y13         LUT4 (Prop_lut4_I3_O)        0.168    15.772 r  GEN_BRAM.u_core/alu/u_mul/u_mul/GEN_VEDIC.u_mul/u0/product__0_carry__2_i_8__2/O
                         net (fo=1, routed)           0.000    15.772    GEN_BRAM.u_core/alu/u_mul/u_mul/GEN_VEDIC.u_mul/u0/product__0_carry__2_i_8__2_n_0
    SLICE_X19Y13         CARRY4 (Prop_carry4_S[0]_CO[3])
                                                      0.313    16.085 r  GEN_BRAM.u_core/alu/u_mul/u_mul/GEN_VEDIC.u_mul/u0/product__0_carry__2/CO[3]
                         net (fo=1, routed)           0.000    16.085    GEN_BRAM.u_core/alu/u_mul/u_mul/GEN_VEDIC.u_mul/u0/product__0_carry__2_n_0
    SLICE_X19Y14         CARRY4 (Prop_carry4_CI_O[2])
                                                      0.136    16.221 r  GEN_BRAM.u_core/alu/u_mul/u_mul/GEN_VEDIC.u_mul/u0/product__0_carry__3/O[2]
                         net (fo=2, routed)           0.730    16.951    GEN_BRAM.u_core/alu/u_mul/u_mul/GEN_VEDIC.u_mul/u1/result[31]_INST_0_i_1_0[2]
    SLICE_X20Y20         LUT3 (Prop_lut3_I2_O)        0.162    17.113 r  GEN_BRAM.u_core/alu/u_mul/u_mul/GEN_VEDIC.u_mul/u1/result[27]_INST_0_i_3/O
                         net (fo=2, routed)           0.477    17.590    GEN_BRAM.u_core/alu/u_mul/u_mul/GEN_VEDIC.u_mul/u1/result[27]_INST_0_i_3_n_0
    SLICE_X20Y20         LUT4 (Prop_lut4_I3_O)        0.164    17.754 r  GEN_BRAM.u_core/alu/u_mul/u_mul/GEN_VEDIC.u_mul/u1/result[27]_INST_0_i_7/O
                         net (fo=1, routed)           0.000    17.754    GEN_BRAM.u_core/alu/u_mul/u_mul/GEN_VEDIC.u_mul/u1/result[27]_INST_0_i_7_n_0
    SLICE_X20Y20         CARRY4 (Prop_carry4_S[3]_CO[3])
                                                      0.216    17.970 r  GEN_BRAM.u_core/alu/u_mul/u_mul/GEN_VEDIC.u_mul/u1/result[27]_INST_0_i_1/CO[3]
                         net (fo=1, routed)           0.000    17.970    GEN_BRAM.u_core/alu/u_mul/u_mul/GEN_VEDIC.u_mul/u1/result[27]_INST_0_i_1_n_0
    SLICE_X20Y21         CARRY4 (Prop_carry4_CI_O[0])
                                                      0.135    18.105 f  GEN_BRAM.u_core/alu/u_mul/u_mul/GEN_VEDIC.u_mul/u1/result[31]_INST_0_i_1/O[0]
                         net (fo=2, routed)           0.479    18.584    GEN_BRAM.u_core/alu/u_mul/u_mul/GEN_VEDIC.u_mul/u1/result[31]_INST_0_i_13_0[5]
    SLICE_X18Y23         LUT1 (Prop_lut1_I0_O)        0.153    18.737 r  GEN_BRAM.u_core/alu/u_mul/u_mul/GEN_VEDIC.u_mul/u1/result[0]_INST_0_i_8/O
                         net (fo=1, routed)           0.000    18.737    GEN_BRAM.u_core/alu/u_mul/u_mul/GEN_VEDIC.u_mul/u1/p_0_in[28]
    SLICE_X18Y23         CARRY4 (Prop_carry4_S[3]_CO[3])
                                                      0.216    18.953 r  GEN_BRAM.u_core/alu/u_mul/u_mul/GEN_VEDIC.u_mul/u1/result[0]_INST_0_i_2/CO[3]
                         net (fo=1, routed)           0.000    18.953    GEN_BRAM.u_core/alu/u_mul/u_mul/GEN_VEDIC.u_mul/u1/result[0]_INST_0_i_2_n_0
    SLICE_X18Y24         CARRY4 (Prop_carry4_CI_O[3])
                                                      0.181    19.134 f  GEN_BRAM.u_core/alu/u_mul/u_mul/GEN_VEDIC.u_mul/u1/result[0]_INST_0_i_1/O[3]
                         net (fo=1, routed)           0.470    19.604    GEN_BRAM.u_core/alu/u_mul/u_mul/GEN_VEDIC.u_mul/u1/signed_product0[32]
    SLICE_X16Y27         LUT6 (Prop_lut6_I5_O)        0.142    19.746 f  GEN_BRAM.u_core/alu/u_mul/u_mul/GEN_VEDIC.u_mul/u1/result[0]_INST_0/O
                         net (fo=1, routed)           0.747    20.493    GEN_BRAM.u_core/alu/mul_result[0]
    SLICE_X10Y33         LUT6 (Prop_lut6_I0_O)        0.053    20.546 f  GEN_BRAM.u_core/alu/debug_alu_out_OBUF[0]_inst_i_11/O
                         net (fo=1, routed)           0.000    20.546    GEN_BRAM.u_core/alu/debug_alu_out_OBUF[0]_inst_i_11_n_0
    SLICE_X10Y33         MUXF7 (Prop_muxf7_I1_O)      0.123    20.669 f  GEN_BRAM.u_core/alu/debug_alu_out_OBUF[0]_inst_i_4/O
                         net (fo=1, routed)           0.381    21.050    GEN_BRAM.u_core/alu/debug_alu_out_OBUF[0]_inst_i_4_n_0
    SLICE_X6Y33          LUT6 (Prop_lut6_I5_O)        0.150    21.200 f  GEN_BRAM.u_core/alu/debug_alu_out_OBUF[0]_inst_i_1/O
                         net (fo=11, routed)          1.112    22.312    GEN_BRAM.u_core/alu/D[0]
    SLICE_X8Y15          LUT2 (Prop_lut2_I1_O)        0.053    22.365 r  GEN_BRAM.u_core/alu/mem_reg_0_i_37/O
                         net (fo=26, routed)          0.536    22.901    GEN_BRAM.u_core/dmem/registers_reg_r1_0_31_6_11_i_10
    SLICE_X3Y17          LUT5 (Prop_lut5_I4_O)        0.053    22.954 r  GEN_BRAM.u_core/dmem/registers_reg_r1_0_31_0_5_i_40/O
                         net (fo=1, routed)           0.582    23.536    GEN_BRAM.u_core/wb_mux/registers_reg_r1_0_31_0_5_i_6_0
    SLICE_X3Y15          LUT6 (Prop_lut6_I5_O)        0.053    23.589 r  GEN_BRAM.u_core/wb_mux/registers_reg_r1_0_31_0_5_i_19/O
                         net (fo=1, routed)           0.298    23.887    GEN_BRAM.u_core/divider/wb_exec[5]
    SLICE_X3Y15          LUT6 (Prop_lut6_I5_O)        0.053    23.940 r  GEN_BRAM.u_core/divider/registers_reg_r1_0_31_0_5_i_6/O
                         net (fo=2, routed)           0.369    24.309    GEN_BRAM.u_core/reg_file/registers_reg_r1_0_31_0_5/DIC1
    SLICE_X4Y16          RAMD32                                       r  GEN_BRAM.u_core/reg_file/registers_reg_r1_0_31_0_5/RAMC_D1/I
  -------------------------------------------------------------------    -------------------

                         (clock sys_clk rise edge)   30.000    30.000 r  
    AD23                                              0.000    30.000 r  clk (IN)
                         net (fo=0)                   0.000    30.000    clk
    AD23                 IBUF (Prop_ibuf_I_O)         0.796    30.796 r  clk_IBUF_inst/O
                         net (fo=1, routed)           1.741    32.537    clk_IBUF
    BUFGCTRL_X0Y0        BUFG (Prop_bufg_I_O)         0.113    32.650 r  clk_IBUF_BUFG_inst/O
                         net (fo=350, routed)         1.597    34.247    GEN_BRAM.u_core/reg_file/registers_reg_r1_0_31_0_5/WCLK
    SLICE_X4Y16          RAMD32                                       r  GEN_BRAM.u_core/reg_file/registers_reg_r1_0_31_0_5/RAMC_D1/CLK
                         clock pessimism              0.256    34.504    
                         clock uncertainty           -0.035    34.468    
    SLICE_X4Y16          RAMD32 (Setup_ramd32_CLK_I)
                                                     -0.174    34.294    GEN_BRAM.u_core/reg_file/registers_reg_r1_0_31_0_5/RAMC_D1
  -------------------------------------------------------------------
                         required time                         34.294    
                         arrival time                         -24.309    
  -------------------------------------------------------------------
                         slack                                  9.985    

Slack (MET) :             9.993ns  (required time - arrival time)
  Source:                 GEN_BRAM.u_core/ir_reg[15]/C
                            (rising edge-triggered cell FDCE clocked by sys_clk  {rise@0.000ns fall@15.000ns period=30.000ns})
  Destination:            GEN_BRAM.u_core/reg_file/registers_reg_r1_0_31_6_11/RAMB/I
                            (rising edge-triggered cell RAMD32 clocked by sys_clk  {rise@0.000ns fall@15.000ns period=30.000ns})
  Path Group:             sys_clk
  Path Type:              Setup (Max at Slow Process Corner)
  Requirement:            30.000ns  (sys_clk rise@30.000ns - sys_clk rise@0.000ns)
  Data Path Delay:        19.874ns  (logic 5.808ns (29.224%)  route 14.066ns (70.776%))
  Logic Levels:           32  (CARRY4=13 LUT1=1 LUT3=4 LUT4=5 LUT5=2 LUT6=4 MUXF7=2 RAMD32=1)
  Clock Path Skew:        0.031ns (DCD - SCD + CPR)
    Destination Clock Delay (DCD):    4.247ns = ( 34.247 - 30.000 ) 
    Source Clock Delay      (SCD):    4.473ns
    Clock Pessimism Removal (CPR):    0.256ns
  Clock Uncertainty:      0.035ns  ((TSJ^2 + TIJ^2)^1/2 + DJ) / 2 + PE
    Total System Jitter     (TSJ):    0.071ns
    Total Input Jitter      (TIJ):    0.000ns
    Discrete Jitter          (DJ):    0.000ns
    Phase Error              (PE):    0.000ns

    Location             Delay type                Incr(ns)  Path(ns)    Netlist Resource(s)
  -------------------------------------------------------------------    -------------------
                         (clock sys_clk rise edge)    0.000     0.000 r  
    AD23                                              0.000     0.000 r  clk (IN)
                         net (fo=0)                   0.000     0.000    clk
    AD23                 IBUF (Prop_ibuf_I_O)         0.873     0.873 r  clk_IBUF_inst/O
                         net (fo=1, routed)           1.830     2.703    clk_IBUF
    BUFGCTRL_X0Y0        BUFG (Prop_bufg_I_O)         0.120     2.823 r  clk_IBUF_BUFG_inst/O
                         net (fo=350, routed)         1.650     4.473    GEN_BRAM.u_core/clk_IBUF_BUFG
    SLICE_X8Y15          FDCE                                         r  GEN_BRAM.u_core/ir_reg[15]/C
  -------------------------------------------------------------------    -------------------
    SLICE_X8Y15          FDCE (Prop_fdce_C_Q)         0.308     4.781 r  GEN_BRAM.u_core/ir_reg[15]/Q
                         net (fo=97, routed)          0.962     5.743    GEN_BRAM.u_core/reg_file/registers_reg_r1_0_31_0_5/ADDRA0
    SLICE_X4Y16          RAMD32 (Prop_ramd32_RADR0_O)
                                                      0.066     5.809 f  GEN_BRAM.u_core/reg_file/registers_reg_r1_0_31_0_5/RAMA/O
                         net (fo=10, routed)          1.146     6.955    GEN_BRAM.u_core/alu_mux_a/dataR10[0]
    SLICE_X6Y29          LUT4 (Prop_lut4_I1_O)        0.168     7.123 r  GEN_BRAM.u_core/alu_mux_a/u_adder_i_32/O
                         net (fo=90, routed)          0.579     7.702    GEN_BRAM.u_core/alu/u_mul/u_mul/GEN_VEDIC.u_mul/u2/result[1]_INST_0_i_11_n_0
    SLICE_X11Y27         CARRY4 (Prop_carry4_CYINIT_CO[3])
                                                      0.346     8.048 r  GEN_BRAM.u_core/alu/u_mul/u_mul/GEN_VEDIC.u_mul/u2/result[1]_INST_0_i_5/CO[3]
                         net (fo=1, routed)           0.000     8.048    GEN_BRAM.u_core/alu/u_mul/u_mul/GEN_VEDIC.u_mul/u2/result[1]_INST_0_i_5_n_0
    SLICE_X11Y28         CARRY4 (Prop_carry4_CI_CO[3])
                                                      0.058     8.106 r  GEN_BRAM.u_core/alu/u_mul/u_mul/GEN_VEDIC.u_mul/u2/product__0_carry_i_42__1/CO[3]
                         net (fo=1, routed)           0.000     8.106    GEN_BRAM.u_core/alu/u_mul/u_mul/GEN_VEDIC.u_mul/u2/product__0_carry_i_42__1_n_0
    SLICE_X11Y29         CARRY4 (Prop_carry4_CI_O[1])
                                                      0.213     8.319 r  GEN_BRAM.u_core/alu/u_mul/u_mul/GEN_VEDIC.u_mul/u2/product__0_carry_i_73__0/O[1]
                         net (fo=1, routed)           0.280     8.599    GEN_BRAM.u_core/alu/u_mul/u_mul/GEN_VEDIC.u_mul/u2/mag_a0[10]
    SLICE_X10Y29         LUT6 (Prop_lut6_I0_O)        0.152     8.751 r  GEN_BRAM.u_core/alu/u_mul/u_mul/GEN_VEDIC.u_mul/u2/product__0_carry_i_44__1/O
                         net (fo=80, routed)          2.008    10.759    GEN_BRAM.u_core/alu/u_mul/u_mul/GEN_VEDIC.u_mul/u0/mag_a[9]
    SLICE_X23Y9          LUT4 (Prop_lut4_I1_O)        0.056    10.815 r  GEN_BRAM.u_core/alu/u_mul/u_mul/GEN_VEDIC.u_mul/u0/product__0_carry_i_37/O
                         net (fo=2, routed)           0.639    11.454    GEN_BRAM.u_core/alu/u_mul/u_mul/GEN_VEDIC.u_mul/u0/u1/u0/p1[1]
    SLICE_X22Y9          LUT3 (Prop_lut3_I0_O)        0.185    11.639 r  GEN_BRAM.u_core/alu/u_mul/u_mul/GEN_VEDIC.u_mul/u0/product__0_carry_i_14/O
                         net (fo=2, routed)           0.289    11.928    GEN_BRAM.u_core/alu/u_mul/u_mul/GEN_VEDIC.u_mul/u0/product__0_carry_i_14_n_0
    SLICE_X22Y9          LUT5 (Prop_lut5_I4_O)        0.172    12.100 r  GEN_BRAM.u_core/alu/u_mul/u_mul/GEN_VEDIC.u_mul/u0/product__0_carry_i_17__1/O
                         net (fo=1, routed)           0.000    12.100    GEN_BRAM.u_core/alu/u_mul/u_mul/GEN_VEDIC.u_mul/u0/product__0_carry_i_17__1_n_0
    SLICE_X22Y9          CARRY4 (Prop_carry4_S[2]_CO[3])
                                                      0.219    12.319 r  GEN_BRAM.u_core/alu/u_mul/u_mul/GEN_VEDIC.u_mul/u0/product__0_carry_i_8/CO[3]
                         net (fo=1, routed)           0.000    12.319    GEN_BRAM.u_core/alu/u_mul/u_mul/GEN_VEDIC.u_mul/u0/product__0_carry_i_8_n_0
    SLICE_X22Y10         CARRY4 (Prop_carry4_CI_O[0])
                                                      0.135    12.454 r  GEN_BRAM.u_core/alu/u_mul/u_mul/GEN_VEDIC.u_mul/u0/product__0_carry__0_i_31/O[0]
                         net (fo=2, routed)           0.605    13.059    GEN_BRAM.u_core/alu/u_mul/u_mul/GEN_VEDIC.u_mul/u0/u1/p0_20[6]
    SLICE_X25Y11         LUT3 (Prop_lut3_I2_O)        0.166    13.225 r  GEN_BRAM.u_core/alu/u_mul/u_mul/GEN_VEDIC.u_mul/u0/product__0_carry__0_i_12/O
                         net (fo=2, routed)           0.445    13.670    GEN_BRAM.u_core/alu/u_mul/u_mul/GEN_VEDIC.u_mul/u0/product__0_carry__0_i_12_n_0
    SLICE_X25Y11         CARRY4 (Prop_carry4_DI[3]_CO[3])
                                                      0.342    14.012 r  GEN_BRAM.u_core/alu/u_mul/u_mul/GEN_VEDIC.u_mul/u0/product__0_carry__0_i_9/CO[3]
                         net (fo=1, routed)           0.000    14.012    GEN_BRAM.u_core/alu/u_mul/u_mul/GEN_VEDIC.u_mul/u0/product__0_carry__0_i_9_n_0
    SLICE_X25Y12         CARRY4 (Prop_carry4_CI_O[3])
                                                      0.179    14.191 r  GEN_BRAM.u_core/alu/u_mul/u_mul/GEN_VEDIC.u_mul/u0/product__0_carry__1_i_9/O[3]
                         net (fo=2, routed)           0.816    15.006    GEN_BRAM.u_core/alu/u_mul/u_mul/GEN_VEDIC.u_mul/u0/p1[11]
    SLICE_X19Y12         LUT3 (Prop_lut3_I0_O)        0.155    15.161 r  GEN_BRAM.u_core/alu/u_mul/u_mul/GEN_VEDIC.u_mul/u0/product__0_carry__2_i_4__2/O
                         net (fo=2, routed)           0.443    15.604    GEN_BRAM.u_core/alu/u_mul/u_mul/GEN_VEDIC.u_mul/u0/product__0_carry__2_i_4__2_n_0
    SLICE_X19Y13         LUT4 (Prop_lut4_I3_O)        0.168    15.772 r  GEN_BRAM.u_core/alu/u_mul/u_mul/GEN_VEDIC.u_mul/u0/product__0_carry__2_i_8__2/O
                         net (fo=1, routed)           0.000    15.772    GEN_BRAM.u_core/alu/u_mul/u_mul/GEN_VEDIC.u_mul/u0/product__0_carry__2_i_8__2_n_0
    SLICE_X19Y13         CARRY4 (Prop_carry4_S[0]_CO[3])
                                                      0.313    16.085 r  GEN_BRAM.u_core/alu/u_mul/u_mul/GEN_VEDIC.u_mul/u0/product__0_carry__2/CO[3]
                         net (fo=1, routed)           0.000    16.085    GEN_BRAM.u_core/alu/u_mul/u_mul/GEN_VEDIC.u_mul/u0/product__0_carry__2_n_0
    SLICE_X19Y14         CARRY4 (Prop_carry4_CI_O[2])
                                                      0.136    16.221 r  GEN_BRAM.u_core/alu/u_mul/u_mul/GEN_VEDIC.u_mul/u0/product__0_carry__3/O[2]
                         net (fo=2, routed)           0.730    16.951    GEN_BRAM.u_core/alu/u_mul/u_mul/GEN_VEDIC.u_mul/u1/result[31]_INST_0_i_1_0[2]
    SLICE_X20Y20         LUT3 (Prop_lut3_I2_O)        0.162    17.113 r  GEN_BRAM.u_core/alu/u_mul/u_mul/GEN_VEDIC.u_mul/u1/result[27]_INST_0_i_3/O
                         net (fo=2, routed)           0.477    17.590    GEN_BRAM.u_core/alu/u_mul/u_mul/GEN_VEDIC.u_mul/u1/result[27]_INST_0_i_3_n_0
    SLICE_X20Y20         LUT4 (Prop_lut4_I3_O)        0.164    17.754 r  GEN_BRAM.u_core/alu/u_mul/u_mul/GEN_VEDIC.u_mul/u1/result[27]_INST_0_i_7/O
                         net (fo=1, routed)           0.000    17.754    GEN_BRAM.u_core/alu/u_mul/u_mul/GEN_VEDIC.u_mul/u1/result[27]_INST_0_i_7_n_0
    SLICE_X20Y20         CARRY4 (Prop_carry4_S[3]_CO[3])
                                                      0.216    17.970 r  GEN_BRAM.u_core/alu/u_mul/u_mul/GEN_VEDIC.u_mul/u1/result[27]_INST_0_i_1/CO[3]
                         net (fo=1, routed)           0.000    17.970    GEN_BRAM.u_core/alu/u_mul/u_mul/GEN_VEDIC.u_mul/u1/result[27]_INST_0_i_1_n_0
    SLICE_X20Y21         CARRY4 (Prop_carry4_CI_O[1])
                                                      0.212    18.182 f  GEN_BRAM.u_core/alu/u_mul/u_mul/GEN_VEDIC.u_mul/u1/result[31]_INST_0_i_1/O[1]
                         net (fo=2, routed)           0.438    18.620    GEN_BRAM.u_core/alu/u_mul/u_mul/GEN_VEDIC.u_mul/u1/result[31]_INST_0_i_13_0[6]
    SLICE_X18Y24         LUT1 (Prop_lut1_I0_O)        0.155    18.775 r  GEN_BRAM.u_core/alu/u_mul/u_mul/GEN_VEDIC.u_mul/u1/result[0]_INST_0_i_6/O
                         net (fo=1, routed)           0.000    18.775    GEN_BRAM.u_core/alu/u_mul/u_mul/GEN_VEDIC.u_mul/u1/p_0_in[29]
    SLICE_X18Y24         CARRY4 (Prop_carry4_S[0]_CO[3])
                                                      0.297    19.072 r  GEN_BRAM.u_core/alu/u_mul/u_mul/GEN_VEDIC.u_mul/u1/result[0]_INST_0_i_1/CO[3]
                         net (fo=1, routed)           0.008    19.080    GEN_BRAM.u_core/alu/u_mul/u_mul/GEN_VEDIC.u_mul/u1/result[0]_INST_0_i_1_n_0
    SLICE_X18Y25         CARRY4 (Prop_carry4_CI_O[0])
                                                      0.135    19.215 f  GEN_BRAM.u_core/alu/u_mul/u_mul/GEN_VEDIC.u_mul/u1/result[4]_INST_0_i_1/O[0]
                         net (fo=1, routed)           0.467    19.683    GEN_BRAM.u_core/alu/u_mul/u_mul/GEN_VEDIC.u_mul/u1/signed_product0[33]
    SLICE_X19Y25         LUT5 (Prop_lut5_I4_O)        0.153    19.836 f  GEN_BRAM.u_core/alu/u_mul/u_mul/GEN_VEDIC.u_mul/u1/result[1]_INST_0/O
                         net (fo=2, routed)           0.807    20.642    GEN_BRAM.u_core/reg_file/result[0]
    SLICE_X6Y34          LUT6 (Prop_lut6_I2_O)        0.053    20.695 f  GEN_BRAM.u_core/reg_file/debug_alu_out_OBUF[1]_inst_i_2/O
                         net (fo=2, routed)           0.000    20.695    GEN_BRAM.u_core/alu_mux_b/load_addr_hold_reg[1]
    SLICE_X6Y34          MUXF7 (Prop_muxf7_I0_O)      0.121    20.816 f  GEN_BRAM.u_core/alu_mux_b/debug_alu_out_OBUF[1]_inst_i_1/O
                         net (fo=43, routed)          1.166    21.982    GEN_BRAM.u_core/alu_mux_b/D[0]
    SLICE_X7Y17          LUT4 (Prop_lut4_I2_O)        0.153    22.135 r  GEN_BRAM.u_core/alu_mux_b/registers_reg_r1_0_31_6_11_i_44/O
                         net (fo=1, routed)           0.579    22.714    GEN_BRAM.u_core/wb_mux/registers_reg_r1_0_31_6_11_i_14_2
    SLICE_X7Y31          LUT6 (Prop_lut6_I4_O)        0.170    22.884 r  GEN_BRAM.u_core/wb_mux/registers_reg_r1_0_31_6_11_i_29/O
                         net (fo=1, routed)           0.000    22.884    GEN_BRAM.u_core/wb_mux/registers_reg_r1_0_31_6_11_i_29_n_0
    SLICE_X7Y31          MUXF7 (Prop_muxf7_I0_O)      0.127    23.011 r  GEN_BRAM.u_core/wb_mux/registers_reg_r1_0_31_6_11_i_14/O
                         net (fo=1, routed)           0.820    23.831    GEN_BRAM.u_core/divider/wb_exec[8]
    SLICE_X4Y18          LUT6 (Prop_lut6_I5_O)        0.153    23.984 r  GEN_BRAM.u_core/divider/registers_reg_r1_0_31_6_11_i_4/O
                         net (fo=2, routed)           0.363    24.347    GEN_BRAM.u_core/reg_file/registers_reg_r1_0_31_6_11/DIB0
    SLICE_X4Y17          RAMD32                                       r  GEN_BRAM.u_core/reg_file/registers_reg_r1_0_31_6_11/RAMB/I
  -------------------------------------------------------------------    -------------------

                         (clock sys_clk rise edge)   30.000    30.000 r  
    AD23                                              0.000    30.000 r  clk (IN)
                         net (fo=0)                   0.000    30.000    clk
    AD23                 IBUF (Prop_ibuf_I_O)         0.796    30.796 r  clk_IBUF_inst/O
                         net (fo=1, routed)           1.741    32.537    clk_IBUF
    BUFGCTRL_X0Y0        BUFG (Prop_bufg_I_O)         0.113    32.650 r  clk_IBUF_BUFG_inst/O
                         net (fo=350, routed)         1.597    34.247    GEN_BRAM.u_core/reg_file/registers_reg_r1_0_31_6_11/WCLK
    SLICE_X4Y17          RAMD32                                       r  GEN_BRAM.u_core/reg_file/registers_reg_r1_0_31_6_11/RAMB/CLK
                         clock pessimism              0.256    34.504    
                         clock uncertainty           -0.035    34.468    
    SLICE_X4Y17          RAMD32 (Setup_ramd32_CLK_I)
                                                     -0.129    34.339    GEN_BRAM.u_core/reg_file/registers_reg_r1_0_31_6_11/RAMB
  -------------------------------------------------------------------
                         required time                         34.339    
                         arrival time                         -24.347    
  -------------------------------------------------------------------
                         slack                                  9.993    

Slack (MET) :             10.002ns  (required time - arrival time)
  Source:                 GEN_BRAM.u_core/ir_reg[15]/C
                            (rising edge-triggered cell FDCE clocked by sys_clk  {rise@0.000ns fall@15.000ns period=30.000ns})
  Destination:            GEN_BRAM.u_core/reg_file/registers_reg_r2_0_31_6_11/RAMB/I
                            (rising edge-triggered cell RAMD32 clocked by sys_clk  {rise@0.000ns fall@15.000ns period=30.000ns})
  Path Group:             sys_clk
  Path Type:              Setup (Max at Slow Process Corner)
  Requirement:            30.000ns  (sys_clk rise@30.000ns - sys_clk rise@0.000ns)
  Data Path Delay:        19.865ns  (logic 5.808ns (29.237%)  route 14.057ns (70.763%))
  Logic Levels:           32  (CARRY4=13 LUT1=1 LUT3=4 LUT4=5 LUT5=2 LUT6=4 MUXF7=2 RAMD32=1)
  Clock Path Skew:        0.031ns (DCD - SCD + CPR)
    Destination Clock Delay (DCD):    4.247ns = ( 34.247 - 30.000 ) 
    Source Clock Delay      (SCD):    4.473ns
    Clock Pessimism Removal (CPR):    0.256ns
  Clock Uncertainty:      0.035ns  ((TSJ^2 + TIJ^2)^1/2 + DJ) / 2 + PE
    Total System Jitter     (TSJ):    0.071ns
    Total Input Jitter      (TIJ):    0.000ns
    Discrete Jitter          (DJ):    0.000ns
    Phase Error              (PE):    0.000ns

    Location             Delay type                Incr(ns)  Path(ns)    Netlist Resource(s)
  -------------------------------------------------------------------    -------------------
                         (clock sys_clk rise edge)    0.000     0.000 r  
    AD23                                              0.000     0.000 r  clk (IN)
                         net (fo=0)                   0.000     0.000    clk
    AD23                 IBUF (Prop_ibuf_I_O)         0.873     0.873 r  clk_IBUF_inst/O
                         net (fo=1, routed)           1.830     2.703    clk_IBUF
    BUFGCTRL_X0Y0        BUFG (Prop_bufg_I_O)         0.120     2.823 r  clk_IBUF_BUFG_inst/O
                         net (fo=350, routed)         1.650     4.473    GEN_BRAM.u_core/clk_IBUF_BUFG
    SLICE_X8Y15          FDCE                                         r  GEN_BRAM.u_core/ir_reg[15]/C
  -------------------------------------------------------------------    -------------------
    SLICE_X8Y15          FDCE (Prop_fdce_C_Q)         0.308     4.781 r  GEN_BRAM.u_core/ir_reg[15]/Q
                         net (fo=97, routed)          0.962     5.743    GEN_BRAM.u_core/reg_file/registers_reg_r1_0_31_0_5/ADDRA0
    SLICE_X4Y16          RAMD32 (Prop_ramd32_RADR0_O)
                                                      0.066     5.809 f  GEN_BRAM.u_core/reg_file/registers_reg_r1_0_31_0_5/RAMA/O
                         net (fo=10, routed)          1.146     6.955    GEN_BRAM.u_core/alu_mux_a/dataR10[0]
    SLICE_X6Y29          LUT4 (Prop_lut4_I1_O)        0.168     7.123 r  GEN_BRAM.u_core/alu_mux_a/u_adder_i_32/O
                         net (fo=90, routed)          0.579     7.702    GEN_BRAM.u_core/alu/u_mul/u_mul/GEN_VEDIC.u_mul/u2/result[1]_INST_0_i_11_n_0
    SLICE_X11Y27         CARRY4 (Prop_carry4_CYINIT_CO[3])
                                                      0.346     8.048 r  GEN_BRAM.u_core/alu/u_mul/u_mul/GEN_VEDIC.u_mul/u2/result[1]_INST_0_i_5/CO[3]
                         net (fo=1, routed)           0.000     8.048    GEN_BRAM.u_core/alu/u_mul/u_mul/GEN_VEDIC.u_mul/u2/result[1]_INST_0_i_5_n_0
    SLICE_X11Y28         CARRY4 (Prop_carry4_CI_CO[3])
                                                      0.058     8.106 r  GEN_BRAM.u_core/alu/u_mul/u_mul/GEN_VEDIC.u_mul/u2/product__0_carry_i_42__1/CO[3]
                         net (fo=1, routed)           0.000     8.106    GEN_BRAM.u_core/alu/u_mul/u_mul/GEN_VEDIC.u_mul/u2/product__0_carry_i_42__1_n_0
    SLICE_X11Y29         CARRY4 (Prop_carry4_CI_O[1])
                                                      0.213     8.319 r  GEN_BRAM.u_core/alu/u_mul/u_mul/GEN_VEDIC.u_mul/u2/product__0_carry_i_73__0/O[1]
                         net (fo=1, routed)           0.280     8.599    GEN_BRAM.u_core/alu/u_mul/u_mul/GEN_VEDIC.u_mul/u2/mag_a0[10]
    SLICE_X10Y29         LUT6 (Prop_lut6_I0_O)        0.152     8.751 r  GEN_BRAM.u_core/alu/u_mul/u_mul/GEN_VEDIC.u_mul/u2/product__0_carry_i_44__1/O
                         net (fo=80, routed)          2.008    10.759    GEN_BRAM.u_core/alu/u_mul/u_mul/GEN_VEDIC.u_mul/u0/mag_a[9]
    SLICE_X23Y9          LUT4 (Prop_lut4_I1_O)        0.056    10.815 r  GEN_BRAM.u_core/alu/u_mul/u_mul/GEN_VEDIC.u_mul/u0/product__0_carry_i_37/O
                         net (fo=2, routed)           0.639    11.454    GEN_BRAM.u_core/alu/u_mul/u_mul/GEN_VEDIC.u_mul/u0/u1/u0/p1[1]
    SLICE_X22Y9          LUT3 (Prop_lut3_I0_O)        0.185    11.639 r  GEN_BRAM.u_core/alu/u_mul/u_mul/GEN_VEDIC.u_mul/u0/product__0_carry_i_14/O
                         net (fo=2, routed)           0.289    11.928    GEN_BRAM.u_core/alu/u_mul/u_mul/GEN_VEDIC.u_mul/u0/product__0_carry_i_14_n_0
    SLICE_X22Y9          LUT5 (Prop_lut5_I4_O)        0.172    12.100 r  GEN_BRAM.u_core/alu/u_mul/u_mul/GEN_VEDIC.u_mul/u0/product__0_carry_i_17__1/O
                         net (fo=1, routed)           0.000    12.100    GEN_BRAM.u_core/alu/u_mul/u_mul/GEN_VEDIC.u_mul/u0/product__0_carry_i_17__1_n_0
    SLICE_X22Y9          CARRY4 (Prop_carry4_S[2]_CO[3])
                                                      0.219    12.319 r  GEN_BRAM.u_core/alu/u_mul/u_mul/GEN_VEDIC.u_mul/u0/product__0_carry_i_8/CO[3]
                         net (fo=1, routed)           0.000    12.319    GEN_BRAM.u_core/alu/u_mul/u_mul/GEN_VEDIC.u_mul/u0/product__0_carry_i_8_n_0
    SLICE_X22Y10         CARRY4 (Prop_carry4_CI_O[0])
                                                      0.135    12.454 r  GEN_BRAM.u_core/alu/u_mul/u_mul/GEN_VEDIC.u_mul/u0/product__0_carry__0_i_31/O[0]
                         net (fo=2, routed)           0.605    13.059    GEN_BRAM.u_core/alu/u_mul/u_mul/GEN_VEDIC.u_mul/u0/u1/p0_20[6]
    SLICE_X25Y11         LUT3 (Prop_lut3_I2_O)        0.166    13.225 r  GEN_BRAM.u_core/alu/u_mul/u_mul/GEN_VEDIC.u_mul/u0/product__0_carry__0_i_12/O
                         net (fo=2, routed)           0.445    13.670    GEN_BRAM.u_core/alu/u_mul/u_mul/GEN_VEDIC.u_mul/u0/product__0_carry__0_i_12_n_0
    SLICE_X25Y11         CARRY4 (Prop_carry4_DI[3]_CO[3])
                                                      0.342    14.012 r  GEN_BRAM.u_core/alu/u_mul/u_mul/GEN_VEDIC.u_mul/u0/product__0_carry__0_i_9/CO[3]
                         net (fo=1, routed)           0.000    14.012    GEN_BRAM.u_core/alu/u_mul/u_mul/GEN_VEDIC.u_mul/u0/product__0_carry__0_i_9_n_0
    SLICE_X25Y12         CARRY4 (Prop_carry4_CI_O[3])
                                                      0.179    14.191 r  GEN_BRAM.u_core/alu/u_mul/u_mul/GEN_VEDIC.u_mul/u0/product__0_carry__1_i_9/O[3]
                         net (fo=2, routed)           0.816    15.006    GEN_BRAM.u_core/alu/u_mul/u_mul/GEN_VEDIC.u_mul/u0/p1[11]
    SLICE_X19Y12         LUT3 (Prop_lut3_I0_O)        0.155    15.161 r  GEN_BRAM.u_core/alu/u_mul/u_mul/GEN_VEDIC.u_mul/u0/product__0_carry__2_i_4__2/O
                         net (fo=2, routed)           0.443    15.604    GEN_BRAM.u_core/alu/u_mul/u_mul/GEN_VEDIC.u_mul/u0/product__0_carry__2_i_4__2_n_0
    SLICE_X19Y13         LUT4 (Prop_lut4_I3_O)        0.168    15.772 r  GEN_BRAM.u_core/alu/u_mul/u_mul/GEN_VEDIC.u_mul/u0/product__0_carry__2_i_8__2/O
                         net (fo=1, routed)           0.000    15.772    GEN_BRAM.u_core/alu/u_mul/u_mul/GEN_VEDIC.u_mul/u0/product__0_carry__2_i_8__2_n_0
    SLICE_X19Y13         CARRY4 (Prop_carry4_S[0]_CO[3])
                                                      0.313    16.085 r  GEN_BRAM.u_core/alu/u_mul/u_mul/GEN_VEDIC.u_mul/u0/product__0_carry__2/CO[3]
                         net (fo=1, routed)           0.000    16.085    GEN_BRAM.u_core/alu/u_mul/u_mul/GEN_VEDIC.u_mul/u0/product__0_carry__2_n_0
    SLICE_X19Y14         CARRY4 (Prop_carry4_CI_O[2])
                                                      0.136    16.221 r  GEN_BRAM.u_core/alu/u_mul/u_mul/GEN_VEDIC.u_mul/u0/product__0_carry__3/O[2]
                         net (fo=2, routed)           0.730    16.951    GEN_BRAM.u_core/alu/u_mul/u_mul/GEN_VEDIC.u_mul/u1/result[31]_INST_0_i_1_0[2]
    SLICE_X20Y20         LUT3 (Prop_lut3_I2_O)        0.162    17.113 r  GEN_BRAM.u_core/alu/u_mul/u_mul/GEN_VEDIC.u_mul/u1/result[27]_INST_0_i_3/O
                         net (fo=2, routed)           0.477    17.590    GEN_BRAM.u_core/alu/u_mul/u_mul/GEN_VEDIC.u_mul/u1/result[27]_INST_0_i_3_n_0
    SLICE_X20Y20         LUT4 (Prop_lut4_I3_O)        0.164    17.754 r  GEN_BRAM.u_core/alu/u_mul/u_mul/GEN_VEDIC.u_mul/u1/result[27]_INST_0_i_7/O
                         net (fo=1, routed)           0.000    17.754    GEN_BRAM.u_core/alu/u_mul/u_mul/GEN_VEDIC.u_mul/u1/result[27]_INST_0_i_7_n_0
    SLICE_X20Y20         CARRY4 (Prop_carry4_S[3]_CO[3])
                                                      0.216    17.970 r  GEN_BRAM.u_core/alu/u_mul/u_mul/GEN_VEDIC.u_mul/u1/result[27]_INST_0_i_1/CO[3]
                         net (fo=1, routed)           0.000    17.970    GEN_BRAM.u_core/alu/u_mul/u_mul/GEN_VEDIC.u_mul/u1/result[27]_INST_0_i_1_n_0
    SLICE_X20Y21         CARRY4 (Prop_carry4_CI_O[1])
                                                      0.212    18.182 f  GEN_BRAM.u_core/alu/u_mul/u_mul/GEN_VEDIC.u_mul/u1/result[31]_INST_0_i_1/O[1]
                         net (fo=2, routed)           0.438    18.620    GEN_BRAM.u_core/alu/u_mul/u_mul/GEN_VEDIC.u_mul/u1/result[31]_INST_0_i_13_0[6]
    SLICE_X18Y24         LUT1 (Prop_lut1_I0_O)        0.155    18.775 r  GEN_BRAM.u_core/alu/u_mul/u_mul/GEN_VEDIC.u_mul/u1/result[0]_INST_0_i_6/O
                         net (fo=1, routed)           0.000    18.775    GEN_BRAM.u_core/alu/u_mul/u_mul/GEN_VEDIC.u_mul/u1/p_0_in[29]
    SLICE_X18Y24         CARRY4 (Prop_carry4_S[0]_CO[3])
                                                      0.297    19.072 r  GEN_BRAM.u_core/alu/u_mul/u_mul/GEN_VEDIC.u_mul/u1/result[0]_INST_0_i_1/CO[3]
                         net (fo=1, routed)           0.008    19.080    GEN_BRAM.u_core/alu/u_mul/u_mul/GEN_VEDIC.u_mul/u1/result[0]_INST_0_i_1_n_0
    SLICE_X18Y25         CARRY4 (Prop_carry4_CI_O[0])
                                                      0.135    19.215 f  GEN_BRAM.u_core/alu/u_mul/u_mul/GEN_VEDIC.u_mul/u1/result[4]_INST_0_i_1/O[0]
                         net (fo=1, routed)           0.467    19.683    GEN_BRAM.u_core/alu/u_mul/u_mul/GEN_VEDIC.u_mul/u1/signed_product0[33]
    SLICE_X19Y25         LUT5 (Prop_lut5_I4_O)        0.153    19.836 f  GEN_BRAM.u_core/alu/u_mul/u_mul/GEN_VEDIC.u_mul/u1/result[1]_INST_0/O
                         net (fo=2, routed)           0.807    20.642    GEN_BRAM.u_core/reg_file/result[0]
    SLICE_X6Y34          LUT6 (Prop_lut6_I2_O)        0.053    20.695 f  GEN_BRAM.u_core/reg_file/debug_alu_out_OBUF[1]_inst_i_2/O
                         net (fo=2, routed)           0.000    20.695    GEN_BRAM.u_core/alu_mux_b/load_addr_hold_reg[1]
    SLICE_X6Y34          MUXF7 (Prop_muxf7_I0_O)      0.121    20.816 f  GEN_BRAM.u_core/alu_mux_b/debug_alu_out_OBUF[1]_inst_i_1/O
                         net (fo=43, routed)          1.166    21.982    GEN_BRAM.u_core/alu_mux_b/D[0]
    SLICE_X7Y17          LUT4 (Prop_lut4_I2_O)        0.153    22.135 r  GEN_BRAM.u_core/alu_mux_b/registers_reg_r1_0_31_6_11_i_44/O
                         net (fo=1, routed)           0.579    22.714    GEN_BRAM.u_core/wb_mux/registers_reg_r1_0_31_6_11_i_14_2
    SLICE_X7Y31          LUT6 (Prop_lut6_I4_O)        0.170    22.884 r  GEN_BRAM.u_core/wb_mux/registers_reg_r1_0_31_6_11_i_29/O
                         net (fo=1, routed)           0.000    22.884    GEN_BRAM.u_core/wb_mux/registers_reg_r1_0_31_6_11_i_29_n_0
    SLICE_X7Y31          MUXF7 (Prop_muxf7_I0_O)      0.127    23.011 r  GEN_BRAM.u_core/wb_mux/registers_reg_r1_0_31_6_11_i_14/O
                         net (fo=1, routed)           0.820    23.831    GEN_BRAM.u_core/divider/wb_exec[8]
    SLICE_X4Y18          LUT6 (Prop_lut6_I5_O)        0.153    23.984 r  GEN_BRAM.u_core/divider/registers_reg_r1_0_31_6_11_i_4/O
                         net (fo=2, routed)           0.354    24.338    GEN_BRAM.u_core/reg_file/registers_reg_r2_0_31_6_11/DIB0
    SLICE_X6Y17          RAMD32                                       r  GEN_BRAM.u_core/reg_file/registers_reg_r2_0_31_6_11/RAMB/I
  -------------------------------------------------------------------    -------------------

                         (clock sys_clk rise edge)   30.000    30.000 r  
    AD23                                              0.000    30.000 r  clk (IN)
                         net (fo=0)                   0.000    30.000    clk
    AD23                 IBUF (Prop_ibuf_I_O)         0.796    30.796 r  clk_IBUF_inst/O
                         net (fo=1, routed)           1.741    32.537    clk_IBUF
    BUFGCTRL_X0Y0        BUFG (Prop_bufg_I_O)         0.113    32.650 r  clk_IBUF_BUFG_inst/O
                         net (fo=350, routed)         1.597    34.247    GEN_BRAM.u_core/reg_file/registers_reg_r2_0_31_6_11/WCLK
    SLICE_X6Y17          RAMD32                                       r  GEN_BRAM.u_core/reg_file/registers_reg_r2_0_31_6_11/RAMB/CLK
                         clock pessimism              0.256    34.504    
                         clock uncertainty           -0.035    34.468    
    SLICE_X6Y17          RAMD32 (Setup_ramd32_CLK_I)
                                                     -0.129    34.339    GEN_BRAM.u_core/reg_file/registers_reg_r2_0_31_6_11/RAMB
  -------------------------------------------------------------------
                         required time                         34.339    
                         arrival time                         -24.338    
  -------------------------------------------------------------------
                         slack                                 10.002    

Slack (MET) :             10.027ns  (required time - arrival time)
  Source:                 GEN_BRAM.u_core/ir_reg[15]/C
                            (rising edge-triggered cell FDCE clocked by sys_clk  {rise@0.000ns fall@15.000ns period=30.000ns})
  Destination:            GEN_BRAM.u_core/reg_file/registers_reg_r2_0_31_12_17/RAMA/I
                            (rising edge-triggered cell RAMD32 clocked by sys_clk  {rise@0.000ns fall@15.000ns period=30.000ns})
  Path Group:             sys_clk
  Path Type:              Setup (Max at Slow Process Corner)
  Requirement:            30.000ns  (sys_clk rise@30.000ns - sys_clk rise@0.000ns)
  Data Path Delay:        19.791ns  (logic 5.609ns (28.341%)  route 14.182ns (71.659%))
  Logic Levels:           33  (CARRY4=13 LUT1=1 LUT3=4 LUT4=4 LUT5=1 LUT6=7 MUXF7=2 RAMD32=1)
  Clock Path Skew:        -0.034ns (DCD - SCD + CPR)
    Destination Clock Delay (DCD):    4.182ns = ( 34.182 - 30.000 ) 
    Source Clock Delay      (SCD):    4.473ns
    Clock Pessimism Removal (CPR):    0.256ns
  Clock Uncertainty:      0.035ns  ((TSJ^2 + TIJ^2)^1/2 + DJ) / 2 + PE
    Total System Jitter     (TSJ):    0.071ns
    Total Input Jitter      (TIJ):    0.000ns
    Discrete Jitter          (DJ):    0.000ns
    Phase Error              (PE):    0.000ns

    Location             Delay type                Incr(ns)  Path(ns)    Netlist Resource(s)
  -------------------------------------------------------------------    -------------------
                         (clock sys_clk rise edge)    0.000     0.000 r  
    AD23                                              0.000     0.000 r  clk (IN)
                         net (fo=0)                   0.000     0.000    clk
    AD23                 IBUF (Prop_ibuf_I_O)         0.873     0.873 r  clk_IBUF_inst/O
                         net (fo=1, routed)           1.830     2.703    clk_IBUF
    BUFGCTRL_X0Y0        BUFG (Prop_bufg_I_O)         0.120     2.823 r  clk_IBUF_BUFG_inst/O
                         net (fo=350, routed)         1.650     4.473    GEN_BRAM.u_core/clk_IBUF_BUFG
    SLICE_X8Y15          FDCE                                         r  GEN_BRAM.u_core/ir_reg[15]/C
  -------------------------------------------------------------------    -------------------
    SLICE_X8Y15          FDCE (Prop_fdce_C_Q)         0.308     4.781 r  GEN_BRAM.u_core/ir_reg[15]/Q
                         net (fo=97, routed)          0.962     5.743    GEN_BRAM.u_core/reg_file/registers_reg_r1_0_31_0_5/ADDRA0
    SLICE_X4Y16          RAMD32 (Prop_ramd32_RADR0_O)
                                                      0.066     5.809 f  GEN_BRAM.u_core/reg_file/registers_reg_r1_0_31_0_5/RAMA/O
                         net (fo=10, routed)          1.146     6.955    GEN_BRAM.u_core/alu_mux_a/dataR10[0]
    SLICE_X6Y29          LUT4 (Prop_lut4_I1_O)        0.168     7.123 r  GEN_BRAM.u_core/alu_mux_a/u_adder_i_32/O
                         net (fo=90, routed)          0.579     7.702    GEN_BRAM.u_core/alu/u_mul/u_mul/GEN_VEDIC.u_mul/u2/result[1]_INST_0_i_11_n_0
    SLICE_X11Y27         CARRY4 (Prop_carry4_CYINIT_CO[3])
                                                      0.346     8.048 r  GEN_BRAM.u_core/alu/u_mul/u_mul/GEN_VEDIC.u_mul/u2/result[1]_INST_0_i_5/CO[3]
                         net (fo=1, routed)           0.000     8.048    GEN_BRAM.u_core/alu/u_mul/u_mul/GEN_VEDIC.u_mul/u2/result[1]_INST_0_i_5_n_0
    SLICE_X11Y28         CARRY4 (Prop_carry4_CI_CO[3])
                                                      0.058     8.106 r  GEN_BRAM.u_core/alu/u_mul/u_mul/GEN_VEDIC.u_mul/u2/product__0_carry_i_42__1/CO[3]
                         net (fo=1, routed)           0.000     8.106    GEN_BRAM.u_core/alu/u_mul/u_mul/GEN_VEDIC.u_mul/u2/product__0_carry_i_42__1_n_0
    SLICE_X11Y29         CARRY4 (Prop_carry4_CI_O[1])
                                                      0.213     8.319 r  GEN_BRAM.u_core/alu/u_mul/u_mul/GEN_VEDIC.u_mul/u2/product__0_carry_i_73__0/O[1]
                         net (fo=1, routed)           0.280     8.599    GEN_BRAM.u_core/alu/u_mul/u_mul/GEN_VEDIC.u_mul/u2/mag_a0[10]
    SLICE_X10Y29         LUT6 (Prop_lut6_I0_O)        0.152     8.751 r  GEN_BRAM.u_core/alu/u_mul/u_mul/GEN_VEDIC.u_mul/u2/product__0_carry_i_44__1/O
                         net (fo=80, routed)          2.008    10.759    GEN_BRAM.u_core/alu/u_mul/u_mul/GEN_VEDIC.u_mul/u0/mag_a[9]
    SLICE_X23Y9          LUT4 (Prop_lut4_I1_O)        0.056    10.815 r  GEN_BRAM.u_core/alu/u_mul/u_mul/GEN_VEDIC.u_mul/u0/product__0_carry_i_37/O
                         net (fo=2, routed)           0.639    11.454    GEN_BRAM.u_core/alu/u_mul/u_mul/GEN_VEDIC.u_mul/u0/u1/u0/p1[1]
    SLICE_X22Y9          LUT3 (Prop_lut3_I0_O)        0.185    11.639 r  GEN_BRAM.u_core/alu/u_mul/u_mul/GEN_VEDIC.u_mul/u0/product__0_carry_i_14/O
                         net (fo=2, routed)           0.289    11.928    GEN_BRAM.u_core/alu/u_mul/u_mul/GEN_VEDIC.u_mul/u0/product__0_carry_i_14_n_0
    SLICE_X22Y9          LUT5 (Prop_lut5_I4_O)        0.172    12.100 r  GEN_BRAM.u_core/alu/u_mul/u_mul/GEN_VEDIC.u_mul/u0/product__0_carry_i_17__1/O
                         net (fo=1, routed)           0.000    12.100    GEN_BRAM.u_core/alu/u_mul/u_mul/GEN_VEDIC.u_mul/u0/product__0_carry_i_17__1_n_0
    SLICE_X22Y9          CARRY4 (Prop_carry4_S[2]_CO[3])
                                                      0.219    12.319 r  GEN_BRAM.u_core/alu/u_mul/u_mul/GEN_VEDIC.u_mul/u0/product__0_carry_i_8/CO[3]
                         net (fo=1, routed)           0.000    12.319    GEN_BRAM.u_core/alu/u_mul/u_mul/GEN_VEDIC.u_mul/u0/product__0_carry_i_8_n_0
    SLICE_X22Y10         CARRY4 (Prop_carry4_CI_O[0])
                                                      0.135    12.454 r  GEN_BRAM.u_core/alu/u_mul/u_mul/GEN_VEDIC.u_mul/u0/product__0_carry__0_i_31/O[0]
                         net (fo=2, routed)           0.605    13.059    GEN_BRAM.u_core/alu/u_mul/u_mul/GEN_VEDIC.u_mul/u0/u1/p0_20[6]
    SLICE_X25Y11         LUT3 (Prop_lut3_I2_O)        0.166    13.225 r  GEN_BRAM.u_core/alu/u_mul/u_mul/GEN_VEDIC.u_mul/u0/product__0_carry__0_i_12/O
                         net (fo=2, routed)           0.445    13.670    GEN_BRAM.u_core/alu/u_mul/u_mul/GEN_VEDIC.u_mul/u0/product__0_carry__0_i_12_n_0
    SLICE_X25Y11         CARRY4 (Prop_carry4_DI[3]_CO[3])
                                                      0.342    14.012 r  GEN_BRAM.u_core/alu/u_mul/u_mul/GEN_VEDIC.u_mul/u0/product__0_carry__0_i_9/CO[3]
                         net (fo=1, routed)           0.000    14.012    GEN_BRAM.u_core/alu/u_mul/u_mul/GEN_VEDIC.u_mul/u0/product__0_carry__0_i_9_n_0
    SLICE_X25Y12         CARRY4 (Prop_carry4_CI_O[3])
                                                      0.179    14.191 r  GEN_BRAM.u_core/alu/u_mul/u_mul/GEN_VEDIC.u_mul/u0/product__0_carry__1_i_9/O[3]
                         net (fo=2, routed)           0.816    15.006    GEN_BRAM.u_core/alu/u_mul/u_mul/GEN_VEDIC.u_mul/u0/p1[11]
    SLICE_X19Y12         LUT3 (Prop_lut3_I0_O)        0.155    15.161 r  GEN_BRAM.u_core/alu/u_mul/u_mul/GEN_VEDIC.u_mul/u0/product__0_carry__2_i_4__2/O
                         net (fo=2, routed)           0.443    15.604    GEN_BRAM.u_core/alu/u_mul/u_mul/GEN_VEDIC.u_mul/u0/product__0_carry__2_i_4__2_n_0
    SLICE_X19Y13         LUT4 (Prop_lut4_I3_O)        0.168    15.772 r  GEN_BRAM.u_core/alu/u_mul/u_mul/GEN_VEDIC.u_mul/u0/product__0_carry__2_i_8__2/O
                         net (fo=1, routed)           0.000    15.772    GEN_BRAM.u_core/alu/u_mul/u_mul/GEN_VEDIC.u_mul/u0/product__0_carry__2_i_8__2_n_0
    SLICE_X19Y13         CARRY4 (Prop_carry4_S[0]_CO[3])
                                                      0.313    16.085 r  GEN_BRAM.u_core/alu/u_mul/u_mul/GEN_VEDIC.u_mul/u0/product__0_carry__2/CO[3]
                         net (fo=1, routed)           0.000    16.085    GEN_BRAM.u_core/alu/u_mul/u_mul/GEN_VEDIC.u_mul/u0/product__0_carry__2_n_0
    SLICE_X19Y14         CARRY4 (Prop_carry4_CI_O[2])
                                                      0.136    16.221 r  GEN_BRAM.u_core/alu/u_mul/u_mul/GEN_VEDIC.u_mul/u0/product__0_carry__3/O[2]
                         net (fo=2, routed)           0.730    16.951    GEN_BRAM.u_core/alu/u_mul/u_mul/GEN_VEDIC.u_mul/u1/result[31]_INST_0_i_1_0[2]
    SLICE_X20Y20         LUT3 (Prop_lut3_I2_O)        0.162    17.113 r  GEN_BRAM.u_core/alu/u_mul/u_mul/GEN_VEDIC.u_mul/u1/result[27]_INST_0_i_3/O
                         net (fo=2, routed)           0.477    17.590    GEN_BRAM.u_core/alu/u_mul/u_mul/GEN_VEDIC.u_mul/u1/result[27]_INST_0_i_3_n_0
    SLICE_X20Y20         LUT4 (Prop_lut4_I3_O)        0.164    17.754 r  GEN_BRAM.u_core/alu/u_mul/u_mul/GEN_VEDIC.u_mul/u1/result[27]_INST_0_i_7/O
                         net (fo=1, routed)           0.000    17.754    GEN_BRAM.u_core/alu/u_mul/u_mul/GEN_VEDIC.u_mul/u1/result[27]_INST_0_i_7_n_0
    SLICE_X20Y20         CARRY4 (Prop_carry4_S[3]_CO[3])
                                                      0.216    17.970 r  GEN_BRAM.u_core/alu/u_mul/u_mul/GEN_VEDIC.u_mul/u1/result[27]_INST_0_i_1/CO[3]
                         net (fo=1, routed)           0.000    17.970    GEN_BRAM.u_core/alu/u_mul/u_mul/GEN_VEDIC.u_mul/u1/result[27]_INST_0_i_1_n_0
    SLICE_X20Y21         CARRY4 (Prop_carry4_CI_O[0])
                                                      0.135    18.105 f  GEN_BRAM.u_core/alu/u_mul/u_mul/GEN_VEDIC.u_mul/u1/result[31]_INST_0_i_1/O[0]
                         net (fo=2, routed)           0.479    18.584    GEN_BRAM.u_core/alu/u_mul/u_mul/GEN_VEDIC.u_mul/u1/result[31]_INST_0_i_13_0[5]
    SLICE_X18Y23         LUT1 (Prop_lut1_I0_O)        0.153    18.737 r  GEN_BRAM.u_core/alu/u_mul/u_mul/GEN_VEDIC.u_mul/u1/result[0]_INST_0_i_8/O
                         net (fo=1, routed)           0.000    18.737    GEN_BRAM.u_core/alu/u_mul/u_mul/GEN_VEDIC.u_mul/u1/p_0_in[28]
    SLICE_X18Y23         CARRY4 (Prop_carry4_S[3]_CO[3])
                                                      0.216    18.953 r  GEN_BRAM.u_core/alu/u_mul/u_mul/GEN_VEDIC.u_mul/u1/result[0]_INST_0_i_2/CO[3]
                         net (fo=1, routed)           0.000    18.953    GEN_BRAM.u_core/alu/u_mul/u_mul/GEN_VEDIC.u_mul/u1/result[0]_INST_0_i_2_n_0
    SLICE_X18Y24         CARRY4 (Prop_carry4_CI_O[3])
                                                      0.181    19.134 r  GEN_BRAM.u_core/alu/u_mul/u_mul/GEN_VEDIC.u_mul/u1/result[0]_INST_0_i_1/O[3]
                         net (fo=1, routed)           0.470    19.604    GEN_BRAM.u_core/alu/u_mul/u_mul/GEN_VEDIC.u_mul/u1/signed_product0[32]
    SLICE_X16Y27         LUT6 (Prop_lut6_I5_O)        0.142    19.746 r  GEN_BRAM.u_core/alu/u_mul/u_mul/GEN_VEDIC.u_mul/u1/result[0]_INST_0/O
                         net (fo=1, routed)           0.747    20.493    GEN_BRAM.u_core/alu/mul_result[0]
    SLICE_X10Y33         LUT6 (Prop_lut6_I0_O)        0.053    20.546 r  GEN_BRAM.u_core/alu/debug_alu_out_OBUF[0]_inst_i_11/O
                         net (fo=1, routed)           0.000    20.546    GEN_BRAM.u_core/alu/debug_alu_out_OBUF[0]_inst_i_11_n_0
    SLICE_X10Y33         MUXF7 (Prop_muxf7_I1_O)      0.123    20.669 r  GEN_BRAM.u_core/alu/debug_alu_out_OBUF[0]_inst_i_4/O
                         net (fo=1, routed)           0.381    21.050    GEN_BRAM.u_core/alu/debug_alu_out_OBUF[0]_inst_i_4_n_0
    SLICE_X6Y33          LUT6 (Prop_lut6_I5_O)        0.150    21.200 r  GEN_BRAM.u_core/alu/debug_alu_out_OBUF[0]_inst_i_1/O
                         net (fo=11, routed)          0.735    21.935    GEN_BRAM.u_core/dmem/D[0]
    SLICE_X8Y29          LUT6 (Prop_lut6_I3_O)        0.053    21.988 r  GEN_BRAM.u_core/dmem/registers_reg_r1_0_31_6_11_i_39/O
                         net (fo=8, routed)           0.883    22.871    GEN_BRAM.u_core/wb_mux/registers_reg_r1_0_31_6_11_i_14_1
    SLICE_X6Y31          LUT6 (Prop_lut6_I3_O)        0.053    22.924 r  GEN_BRAM.u_core/wb_mux/registers_reg_r1_0_31_12_17_i_23/O
                         net (fo=1, routed)           0.000    22.924    GEN_BRAM.u_core/wb_mux/registers_reg_r1_0_31_12_17_i_23_n_0
    SLICE_X6Y31          MUXF7 (Prop_muxf7_I0_O)      0.121    23.045 r  GEN_BRAM.u_core/wb_mux/registers_reg_r1_0_31_12_17_i_10/O
                         net (fo=1, routed)           0.667    23.712    GEN_BRAM.u_core/divider/wb_exec[12]
    SLICE_X9Y27          LUT6 (Prop_lut6_I5_O)        0.150    23.862 r  GEN_BRAM.u_core/divider/registers_reg_r1_0_31_12_17_i_2/O
                         net (fo=2, routed)           0.402    24.264    GEN_BRAM.u_core/reg_file/registers_reg_r2_0_31_12_17/DIA0
    SLICE_X10Y27         RAMD32                                       r  GEN_BRAM.u_core/reg_file/registers_reg_r2_0_31_12_17/RAMA/I
  -------------------------------------------------------------------    -------------------

                         (clock sys_clk rise edge)   30.000    30.000 r  
    AD23                                              0.000    30.000 r  clk (IN)
                         net (fo=0)                   0.000    30.000    clk
    AD23                 IBUF (Prop_ibuf_I_O)         0.796    30.796 r  clk_IBUF_inst/O
                         net (fo=1, routed)           1.741    32.537    clk_IBUF
    BUFGCTRL_X0Y0        BUFG (Prop_bufg_I_O)         0.113    32.650 r  clk_IBUF_BUFG_inst/O
                         net (fo=350, routed)         1.532    34.182    GEN_BRAM.u_core/reg_file/registers_reg_r2_0_31_12_17/WCLK
    SLICE_X10Y27         RAMD32                                       r  GEN_BRAM.u_core/reg_file/registers_reg_r2_0_31_12_17/RAMA/CLK
                         clock pessimism              0.256    34.439    
                         clock uncertainty           -0.035    34.403    
    SLICE_X10Y27         RAMD32 (Setup_ramd32_CLK_I)
                                                     -0.113    34.290    GEN_BRAM.u_core/reg_file/registers_reg_r2_0_31_12_17/RAMA
  -------------------------------------------------------------------
                         required time                         34.290    
                         arrival time                         -24.264    
  -------------------------------------------------------------------
                         slack                                 10.027    

Slack (MET) :             10.075ns  (required time - arrival time)
  Source:                 GEN_BRAM.u_core/ir_reg[15]/C
                            (rising edge-triggered cell FDCE clocked by sys_clk  {rise@0.000ns fall@15.000ns period=30.000ns})
  Destination:            GEN_BRAM.u_core/dmem/mem_reg_1/WEA[0]
                            (rising edge-triggered cell RAMB36E1 clocked by sys_clk  {rise@0.000ns fall@15.000ns period=30.000ns})
  Path Group:             sys_clk
  Path Type:              Setup (Max at Slow Process Corner)
  Requirement:            30.000ns  (sys_clk rise@30.000ns - sys_clk rise@0.000ns)
  Data Path Delay:        19.443ns  (logic 5.539ns (28.488%)  route 13.904ns (71.512%))
  Logic Levels:           30  (CARRY4=13 LUT1=1 LUT3=5 LUT4=4 LUT5=3 LUT6=2 MUXF7=1 RAMD32=1)
  Clock Path Skew:        0.005ns (DCD - SCD + CPR)
    Destination Clock Delay (DCD):    4.214ns = ( 34.214 - 30.000 ) 
    Source Clock Delay      (SCD):    4.473ns
    Clock Pessimism Removal (CPR):    0.263ns
  Clock Uncertainty:      0.035ns  ((TSJ^2 + TIJ^2)^1/2 + DJ) / 2 + PE
    Total System Jitter     (TSJ):    0.071ns
    Total Input Jitter      (TIJ):    0.000ns
    Discrete Jitter          (DJ):    0.000ns
    Phase Error              (PE):    0.000ns

    Location             Delay type                Incr(ns)  Path(ns)    Netlist Resource(s)
  -------------------------------------------------------------------    -------------------
                         (clock sys_clk rise edge)    0.000     0.000 r  
    AD23                                              0.000     0.000 r  clk (IN)
                         net (fo=0)                   0.000     0.000    clk
    AD23                 IBUF (Prop_ibuf_I_O)         0.873     0.873 r  clk_IBUF_inst/O
                         net (fo=1, routed)           1.830     2.703    clk_IBUF
    BUFGCTRL_X0Y0        BUFG (Prop_bufg_I_O)         0.120     2.823 r  clk_IBUF_BUFG_inst/O
                         net (fo=350, routed)         1.650     4.473    GEN_BRAM.u_core/clk_IBUF_BUFG
    SLICE_X8Y15          FDCE                                         r  GEN_BRAM.u_core/ir_reg[15]/C
  -------------------------------------------------------------------    -------------------
    SLICE_X8Y15          FDCE (Prop_fdce_C_Q)         0.308     4.781 r  GEN_BRAM.u_core/ir_reg[15]/Q
                         net (fo=97, routed)          0.962     5.743    GEN_BRAM.u_core/reg_file/registers_reg_r1_0_31_0_5/ADDRA0
    SLICE_X4Y16          RAMD32 (Prop_ramd32_RADR0_O)
                                                      0.066     5.809 f  GEN_BRAM.u_core/reg_file/registers_reg_r1_0_31_0_5/RAMA/O
                         net (fo=10, routed)          1.146     6.955    GEN_BRAM.u_core/alu_mux_a/dataR10[0]
    SLICE_X6Y29          LUT4 (Prop_lut4_I1_O)        0.168     7.123 r  GEN_BRAM.u_core/alu_mux_a/u_adder_i_32/O
                         net (fo=90, routed)          0.579     7.702    GEN_BRAM.u_core/alu/u_mul/u_mul/GEN_VEDIC.u_mul/u2/result[1]_INST_0_i_11_n_0
    SLICE_X11Y27         CARRY4 (Prop_carry4_CYINIT_CO[3])
                                                      0.346     8.048 r  GEN_BRAM.u_core/alu/u_mul/u_mul/GEN_VEDIC.u_mul/u2/result[1]_INST_0_i_5/CO[3]
                         net (fo=1, routed)           0.000     8.048    GEN_BRAM.u_core/alu/u_mul/u_mul/GEN_VEDIC.u_mul/u2/result[1]_INST_0_i_5_n_0
    SLICE_X11Y28         CARRY4 (Prop_carry4_CI_CO[3])
                                                      0.058     8.106 r  GEN_BRAM.u_core/alu/u_mul/u_mul/GEN_VEDIC.u_mul/u2/product__0_carry_i_42__1/CO[3]
                         net (fo=1, routed)           0.000     8.106    GEN_BRAM.u_core/alu/u_mul/u_mul/GEN_VEDIC.u_mul/u2/product__0_carry_i_42__1_n_0
    SLICE_X11Y29         CARRY4 (Prop_carry4_CI_O[1])
                                                      0.213     8.319 r  GEN_BRAM.u_core/alu/u_mul/u_mul/GEN_VEDIC.u_mul/u2/product__0_carry_i_73__0/O[1]
                         net (fo=1, routed)           0.280     8.599    GEN_BRAM.u_core/alu/u_mul/u_mul/GEN_VEDIC.u_mul/u2/mag_a0[10]
    SLICE_X10Y29         LUT6 (Prop_lut6_I0_O)        0.152     8.751 r  GEN_BRAM.u_core/alu/u_mul/u_mul/GEN_VEDIC.u_mul/u2/product__0_carry_i_44__1/O
                         net (fo=80, routed)          2.008    10.759    GEN_BRAM.u_core/alu/u_mul/u_mul/GEN_VEDIC.u_mul/u0/mag_a[9]
    SLICE_X23Y9          LUT4 (Prop_lut4_I1_O)        0.056    10.815 r  GEN_BRAM.u_core/alu/u_mul/u_mul/GEN_VEDIC.u_mul/u0/product__0_carry_i_37/O
                         net (fo=2, routed)           0.639    11.454    GEN_BRAM.u_core/alu/u_mul/u_mul/GEN_VEDIC.u_mul/u0/u1/u0/p1[1]
    SLICE_X22Y9          LUT3 (Prop_lut3_I0_O)        0.185    11.639 r  GEN_BRAM.u_core/alu/u_mul/u_mul/GEN_VEDIC.u_mul/u0/product__0_carry_i_14/O
                         net (fo=2, routed)           0.289    11.928    GEN_BRAM.u_core/alu/u_mul/u_mul/GEN_VEDIC.u_mul/u0/product__0_carry_i_14_n_0
    SLICE_X22Y9          LUT5 (Prop_lut5_I4_O)        0.172    12.100 r  GEN_BRAM.u_core/alu/u_mul/u_mul/GEN_VEDIC.u_mul/u0/product__0_carry_i_17__1/O
                         net (fo=1, routed)           0.000    12.100    GEN_BRAM.u_core/alu/u_mul/u_mul/GEN_VEDIC.u_mul/u0/product__0_carry_i_17__1_n_0
    SLICE_X22Y9          CARRY4 (Prop_carry4_S[2]_CO[3])
                                                      0.219    12.319 r  GEN_BRAM.u_core/alu/u_mul/u_mul/GEN_VEDIC.u_mul/u0/product__0_carry_i_8/CO[3]
                         net (fo=1, routed)           0.000    12.319    GEN_BRAM.u_core/alu/u_mul/u_mul/GEN_VEDIC.u_mul/u0/product__0_carry_i_8_n_0
    SLICE_X22Y10         CARRY4 (Prop_carry4_CI_O[0])
                                                      0.135    12.454 r  GEN_BRAM.u_core/alu/u_mul/u_mul/GEN_VEDIC.u_mul/u0/product__0_carry__0_i_31/O[0]
                         net (fo=2, routed)           0.605    13.059    GEN_BRAM.u_core/alu/u_mul/u_mul/GEN_VEDIC.u_mul/u0/u1/p0_20[6]
    SLICE_X25Y11         LUT3 (Prop_lut3_I2_O)        0.166    13.225 r  GEN_BRAM.u_core/alu/u_mul/u_mul/GEN_VEDIC.u_mul/u0/product__0_carry__0_i_12/O
                         net (fo=2, routed)           0.445    13.670    GEN_BRAM.u_core/alu/u_mul/u_mul/GEN_VEDIC.u_mul/u0/product__0_carry__0_i_12_n_0
    SLICE_X25Y11         CARRY4 (Prop_carry4_DI[3]_CO[3])
                                                      0.342    14.012 r  GEN_BRAM.u_core/alu/u_mul/u_mul/GEN_VEDIC.u_mul/u0/product__0_carry__0_i_9/CO[3]
                         net (fo=1, routed)           0.000    14.012    GEN_BRAM.u_core/alu/u_mul/u_mul/GEN_VEDIC.u_mul/u0/product__0_carry__0_i_9_n_0
    SLICE_X25Y12         CARRY4 (Prop_carry4_CI_O[3])
                                                      0.179    14.191 r  GEN_BRAM.u_core/alu/u_mul/u_mul/GEN_VEDIC.u_mul/u0/product__0_carry__1_i_9/O[3]
                         net (fo=2, routed)           0.816    15.006    GEN_BRAM.u_core/alu/u_mul/u_mul/GEN_VEDIC.u_mul/u0/p1[11]
    SLICE_X19Y12         LUT3 (Prop_lut3_I0_O)        0.155    15.161 r  GEN_BRAM.u_core/alu/u_mul/u_mul/GEN_VEDIC.u_mul/u0/product__0_carry__2_i_4__2/O
                         net (fo=2, routed)           0.443    15.604    GEN_BRAM.u_core/alu/u_mul/u_mul/GEN_VEDIC.u_mul/u0/product__0_carry__2_i_4__2_n_0
    SLICE_X19Y13         LUT4 (Prop_lut4_I3_O)        0.168    15.772 r  GEN_BRAM.u_core/alu/u_mul/u_mul/GEN_VEDIC.u_mul/u0/product__0_carry__2_i_8__2/O
                         net (fo=1, routed)           0.000    15.772    GEN_BRAM.u_core/alu/u_mul/u_mul/GEN_VEDIC.u_mul/u0/product__0_carry__2_i_8__2_n_0
    SLICE_X19Y13         CARRY4 (Prop_carry4_S[0]_CO[3])
                                                      0.313    16.085 r  GEN_BRAM.u_core/alu/u_mul/u_mul/GEN_VEDIC.u_mul/u0/product__0_carry__2/CO[3]
                         net (fo=1, routed)           0.000    16.085    GEN_BRAM.u_core/alu/u_mul/u_mul/GEN_VEDIC.u_mul/u0/product__0_carry__2_n_0
    SLICE_X19Y14         CARRY4 (Prop_carry4_CI_O[2])
                                                      0.136    16.221 r  GEN_BRAM.u_core/alu/u_mul/u_mul/GEN_VEDIC.u_mul/u0/product__0_carry__3/O[2]
                         net (fo=2, routed)           0.730    16.951    GEN_BRAM.u_core/alu/u_mul/u_mul/GEN_VEDIC.u_mul/u1/result[31]_INST_0_i_1_0[2]
    SLICE_X20Y20         LUT3 (Prop_lut3_I2_O)        0.162    17.113 r  GEN_BRAM.u_core/alu/u_mul/u_mul/GEN_VEDIC.u_mul/u1/result[27]_INST_0_i_3/O
                         net (fo=2, routed)           0.477    17.590    GEN_BRAM.u_core/alu/u_mul/u_mul/GEN_VEDIC.u_mul/u1/result[27]_INST_0_i_3_n_0
    SLICE_X20Y20         LUT4 (Prop_lut4_I3_O)        0.164    17.754 r  GEN_BRAM.u_core/alu/u_mul/u_mul/GEN_VEDIC.u_mul/u1/result[27]_INST_0_i_7/O
                         net (fo=1, routed)           0.000    17.754    GEN_BRAM.u_core/alu/u_mul/u_mul/GEN_VEDIC.u_mul/u1/result[27]_INST_0_i_7_n_0
    SLICE_X20Y20         CARRY4 (Prop_carry4_S[3]_CO[3])
                                                      0.216    17.970 r  GEN_BRAM.u_core/alu/u_mul/u_mul/GEN_VEDIC.u_mul/u1/result[27]_INST_0_i_1/CO[3]
                         net (fo=1, routed)           0.000    17.970    GEN_BRAM.u_core/alu/u_mul/u_mul/GEN_VEDIC.u_mul/u1/result[27]_INST_0_i_1_n_0
    SLICE_X20Y21         CARRY4 (Prop_carry4_CI_O[1])
                                                      0.212    18.182 f  GEN_BRAM.u_core/alu/u_mul/u_mul/GEN_VEDIC.u_mul/u1/result[31]_INST_0_i_1/O[1]
                         net (fo=2, routed)           0.438    18.620    GEN_BRAM.u_core/alu/u_mul/u_mul/GEN_VEDIC.u_mul/u1/result[31]_INST_0_i_13_0[6]
    SLICE_X18Y24         LUT1 (Prop_lut1_I0_O)        0.155    18.775 r  GEN_BRAM.u_core/alu/u_mul/u_mul/GEN_VEDIC.u_mul/u1/result[0]_INST_0_i_6/O
                         net (fo=1, routed)           0.000    18.775    GEN_BRAM.u_core/alu/u_mul/u_mul/GEN_VEDIC.u_mul/u1/p_0_in[29]
    SLICE_X18Y24         CARRY4 (Prop_carry4_S[0]_CO[3])
                                                      0.297    19.072 r  GEN_BRAM.u_core/alu/u_mul/u_mul/GEN_VEDIC.u_mul/u1/result[0]_INST_0_i_1/CO[3]
                         net (fo=1, routed)           0.008    19.080    GEN_BRAM.u_core/alu/u_mul/u_mul/GEN_VEDIC.u_mul/u1/result[0]_INST_0_i_1_n_0
    SLICE_X18Y25         CARRY4 (Prop_carry4_CI_O[0])
                                                      0.135    19.215 r  GEN_BRAM.u_core/alu/u_mul/u_mul/GEN_VEDIC.u_mul/u1/result[4]_INST_0_i_1/O[0]
                         net (fo=1, routed)           0.467    19.683    GEN_BRAM.u_core/alu/u_mul/u_mul/GEN_VEDIC.u_mul/u1/signed_product0[33]
    SLICE_X19Y25         LUT5 (Prop_lut5_I4_O)        0.153    19.836 r  GEN_BRAM.u_core/alu/u_mul/u_mul/GEN_VEDIC.u_mul/u1/result[1]_INST_0/O
                         net (fo=2, routed)           0.807    20.642    GEN_BRAM.u_core/reg_file/result[0]
    SLICE_X6Y34          LUT6 (Prop_lut6_I2_O)        0.053    20.695 r  GEN_BRAM.u_core/reg_file/debug_alu_out_OBUF[1]_inst_i_2/O
                         net (fo=2, routed)           0.000    20.695    GEN_BRAM.u_core/alu_mux_b/load_addr_hold_reg[1]
    SLICE_X6Y34          MUXF7 (Prop_muxf7_I0_O)      0.121    20.816 r  GEN_BRAM.u_core/alu_mux_b/debug_alu_out_OBUF[1]_inst_i_1/O
                         net (fo=43, routed)          1.471    22.287    GEN_BRAM.u_core/alu_mux_b/D[0]
    SLICE_X9Y17          LUT3 (Prop_lut3_I2_O)        0.165    22.452 r  GEN_BRAM.u_core/alu_mux_b/mem_reg_1_i_41/O
                         net (fo=12, routed)          0.758    23.211    GEN_BRAM.u_core/alu_mux_b/ir_reg[14]
    SLICE_X10Y22         LUT5 (Prop_lut5_I0_O)        0.169    23.380 r  GEN_BRAM.u_core/alu_mux_b/mem_reg_1_i_18/O
                         net (fo=1, routed)           0.536    23.916    GEN_BRAM.u_core/dmem/wstrb[2]
    RAMB36_X0Y4          RAMB36E1                                     r  GEN_BRAM.u_core/dmem/mem_reg_1/WEA[0]
  -------------------------------------------------------------------    -------------------

                         (clock sys_clk rise edge)   30.000    30.000 r  
    AD23                                              0.000    30.000 r  clk (IN)
                         net (fo=0)                   0.000    30.000    clk
    AD23                 IBUF (Prop_ibuf_I_O)         0.796    30.796 r  clk_IBUF_inst/O
                         net (fo=1, routed)           1.741    32.537    clk_IBUF
    BUFGCTRL_X0Y0        BUFG (Prop_bufg_I_O)         0.113    32.650 r  clk_IBUF_BUFG_inst/O
                         net (fo=350, routed)         1.564    34.214    GEN_BRAM.u_core/dmem/clk_IBUF_BUFG
    RAMB36_X0Y4          RAMB36E1                                     r  GEN_BRAM.u_core/dmem/mem_reg_1/CLKARDCLK
                         clock pessimism              0.263    34.477    
                         clock uncertainty           -0.035    34.442    
    RAMB36_X0Y4          RAMB36E1 (Setup_ramb36e1_CLKARDCLK_WEA[0])
                                                     -0.451    33.991    GEN_BRAM.u_core/dmem/mem_reg_1
  -------------------------------------------------------------------
                         required time                         33.991    
                         arrival time                         -23.916    
  -------------------------------------------------------------------
                         slack                                 10.075    

Slack (MET) :             10.118ns  (required time - arrival time)
  Source:                 GEN_BRAM.u_core/ir_reg[15]/C
                            (rising edge-triggered cell FDCE clocked by sys_clk  {rise@0.000ns fall@15.000ns period=30.000ns})
  Destination:            GEN_BRAM.u_core/dmem/mem_reg_1/DIADI[12]
                            (rising edge-triggered cell RAMB36E1 clocked by sys_clk  {rise@0.000ns fall@15.000ns period=30.000ns})
  Path Group:             sys_clk
  Path Type:              Setup (Max at Slow Process Corner)
  Requirement:            30.000ns  (sys_clk rise@30.000ns - sys_clk rise@0.000ns)
  Data Path Delay:        19.647ns  (logic 5.726ns (29.144%)  route 13.921ns (70.856%))
  Logic Levels:           31  (CARRY4=13 LUT1=1 LUT2=1 LUT3=5 LUT4=4 LUT5=2 LUT6=3 MUXF7=1 RAMD32=1)
  Clock Path Skew:        0.005ns (DCD - SCD + CPR)
    Destination Clock Delay (DCD):    4.214ns = ( 34.214 - 30.000 ) 
    Source Clock Delay      (SCD):    4.473ns
    Clock Pessimism Removal (CPR):    0.263ns
  Clock Uncertainty:      0.035ns  ((TSJ^2 + TIJ^2)^1/2 + DJ) / 2 + PE
    Total System Jitter     (TSJ):    0.071ns
    Total Input Jitter      (TIJ):    0.000ns
    Discrete Jitter          (DJ):    0.000ns
    Phase Error              (PE):    0.000ns

    Location             Delay type                Incr(ns)  Path(ns)    Netlist Resource(s)
  -------------------------------------------------------------------    -------------------
                         (clock sys_clk rise edge)    0.000     0.000 r  
    AD23                                              0.000     0.000 r  clk (IN)
                         net (fo=0)                   0.000     0.000    clk
    AD23                 IBUF (Prop_ibuf_I_O)         0.873     0.873 r  clk_IBUF_inst/O
                         net (fo=1, routed)           1.830     2.703    clk_IBUF
    BUFGCTRL_X0Y0        BUFG (Prop_bufg_I_O)         0.120     2.823 r  clk_IBUF_BUFG_inst/O
                         net (fo=350, routed)         1.650     4.473    GEN_BRAM.u_core/clk_IBUF_BUFG
    SLICE_X8Y15          FDCE                                         r  GEN_BRAM.u_core/ir_reg[15]/C
  -------------------------------------------------------------------    -------------------
    SLICE_X8Y15          FDCE (Prop_fdce_C_Q)         0.308     4.781 r  GEN_BRAM.u_core/ir_reg[15]/Q
                         net (fo=97, routed)          0.962     5.743    GEN_BRAM.u_core/reg_file/registers_reg_r1_0_31_0_5/ADDRA0
    SLICE_X4Y16          RAMD32 (Prop_ramd32_RADR0_O)
                                                      0.066     5.809 f  GEN_BRAM.u_core/reg_file/registers_reg_r1_0_31_0_5/RAMA/O
                         net (fo=10, routed)          1.146     6.955    GEN_BRAM.u_core/alu_mux_a/dataR10[0]
    SLICE_X6Y29          LUT4 (Prop_lut4_I1_O)        0.168     7.123 r  GEN_BRAM.u_core/alu_mux_a/u_adder_i_32/O
                         net (fo=90, routed)          0.579     7.702    GEN_BRAM.u_core/alu/u_mul/u_mul/GEN_VEDIC.u_mul/u2/result[1]_INST_0_i_11_n_0
    SLICE_X11Y27         CARRY4 (Prop_carry4_CYINIT_CO[3])
                                                      0.346     8.048 r  GEN_BRAM.u_core/alu/u_mul/u_mul/GEN_VEDIC.u_mul/u2/result[1]_INST_0_i_5/CO[3]
                         net (fo=1, routed)           0.000     8.048    GEN_BRAM.u_core/alu/u_mul/u_mul/GEN_VEDIC.u_mul/u2/result[1]_INST_0_i_5_n_0
    SLICE_X11Y28         CARRY4 (Prop_carry4_CI_CO[3])
                                                      0.058     8.106 r  GEN_BRAM.u_core/alu/u_mul/u_mul/GEN_VEDIC.u_mul/u2/product__0_carry_i_42__1/CO[3]
                         net (fo=1, routed)           0.000     8.106    GEN_BRAM.u_core/alu/u_mul/u_mul/GEN_VEDIC.u_mul/u2/product__0_carry_i_42__1_n_0
    SLICE_X11Y29         CARRY4 (Prop_carry4_CI_O[1])
                                                      0.213     8.319 r  GEN_BRAM.u_core/alu/u_mul/u_mul/GEN_VEDIC.u_mul/u2/product__0_carry_i_73__0/O[1]
                         net (fo=1, routed)           0.280     8.599    GEN_BRAM.u_core/alu/u_mul/u_mul/GEN_VEDIC.u_mul/u2/mag_a0[10]
    SLICE_X10Y29         LUT6 (Prop_lut6_I0_O)        0.152     8.751 r  GEN_BRAM.u_core/alu/u_mul/u_mul/GEN_VEDIC.u_mul/u2/product__0_carry_i_44__1/O
                         net (fo=80, routed)          2.008    10.759    GEN_BRAM.u_core/alu/u_mul/u_mul/GEN_VEDIC.u_mul/u0/mag_a[9]
    SLICE_X23Y9          LUT4 (Prop_lut4_I1_O)        0.056    10.815 r  GEN_BRAM.u_core/alu/u_mul/u_mul/GEN_VEDIC.u_mul/u0/product__0_carry_i_37/O
                         net (fo=2, routed)           0.639    11.454    GEN_BRAM.u_core/alu/u_mul/u_mul/GEN_VEDIC.u_mul/u0/u1/u0/p1[1]
    SLICE_X22Y9          LUT3 (Prop_lut3_I0_O)        0.185    11.639 r  GEN_BRAM.u_core/alu/u_mul/u_mul/GEN_VEDIC.u_mul/u0/product__0_carry_i_14/O
                         net (fo=2, routed)           0.289    11.928    GEN_BRAM.u_core/alu/u_mul/u_mul/GEN_VEDIC.u_mul/u0/product__0_carry_i_14_n_0
    SLICE_X22Y9          LUT5 (Prop_lut5_I4_O)        0.172    12.100 r  GEN_BRAM.u_core/alu/u_mul/u_mul/GEN_VEDIC.u_mul/u0/product__0_carry_i_17__1/O
                         net (fo=1, routed)           0.000    12.100    GEN_BRAM.u_core/alu/u_mul/u_mul/GEN_VEDIC.u_mul/u0/product__0_carry_i_17__1_n_0
    SLICE_X22Y9          CARRY4 (Prop_carry4_S[2]_CO[3])
                                                      0.219    12.319 r  GEN_BRAM.u_core/alu/u_mul/u_mul/GEN_VEDIC.u_mul/u0/product__0_carry_i_8/CO[3]
                         net (fo=1, routed)           0.000    12.319    GEN_BRAM.u_core/alu/u_mul/u_mul/GEN_VEDIC.u_mul/u0/product__0_carry_i_8_n_0
    SLICE_X22Y10         CARRY4 (Prop_carry4_CI_O[0])
                                                      0.135    12.454 r  GEN_BRAM.u_core/alu/u_mul/u_mul/GEN_VEDIC.u_mul/u0/product__0_carry__0_i_31/O[0]
                         net (fo=2, routed)           0.605    13.059    GEN_BRAM.u_core/alu/u_mul/u_mul/GEN_VEDIC.u_mul/u0/u1/p0_20[6]
    SLICE_X25Y11         LUT3 (Prop_lut3_I2_O)        0.166    13.225 r  GEN_BRAM.u_core/alu/u_mul/u_mul/GEN_VEDIC.u_mul/u0/product__0_carry__0_i_12/O
                         net (fo=2, routed)           0.445    13.670    GEN_BRAM.u_core/alu/u_mul/u_mul/GEN_VEDIC.u_mul/u0/product__0_carry__0_i_12_n_0
    SLICE_X25Y11         CARRY4 (Prop_carry4_DI[3]_CO[3])
                                                      0.342    14.012 r  GEN_BRAM.u_core/alu/u_mul/u_mul/GEN_VEDIC.u_mul/u0/product__0_carry__0_i_9/CO[3]
                         net (fo=1, routed)           0.000    14.012    GEN_BRAM.u_core/alu/u_mul/u_mul/GEN_VEDIC.u_mul/u0/product__0_carry__0_i_9_n_0
    SLICE_X25Y12         CARRY4 (Prop_carry4_CI_O[3])
                                                      0.179    14.191 r  GEN_BRAM.u_core/alu/u_mul/u_mul/GEN_VEDIC.u_mul/u0/product__0_carry__1_i_9/O[3]
                         net (fo=2, routed)           0.816    15.006    GEN_BRAM.u_core/alu/u_mul/u_mul/GEN_VEDIC.u_mul/u0/p1[11]
    SLICE_X19Y12         LUT3 (Prop_lut3_I0_O)        0.155    15.161 r  GEN_BRAM.u_core/alu/u_mul/u_mul/GEN_VEDIC.u_mul/u0/product__0_carry__2_i_4__2/O
                         net (fo=2, routed)           0.443    15.604    GEN_BRAM.u_core/alu/u_mul/u_mul/GEN_VEDIC.u_mul/u0/product__0_carry__2_i_4__2_n_0
    SLICE_X19Y13         LUT4 (Prop_lut4_I3_O)        0.168    15.772 r  GEN_BRAM.u_core/alu/u_mul/u_mul/GEN_VEDIC.u_mul/u0/product__0_carry__2_i_8__2/O
                         net (fo=1, routed)           0.000    15.772    GEN_BRAM.u_core/alu/u_mul/u_mul/GEN_VEDIC.u_mul/u0/product__0_carry__2_i_8__2_n_0
    SLICE_X19Y13         CARRY4 (Prop_carry4_S[0]_CO[3])
                                                      0.313    16.085 r  GEN_BRAM.u_core/alu/u_mul/u_mul/GEN_VEDIC.u_mul/u0/product__0_carry__2/CO[3]
                         net (fo=1, routed)           0.000    16.085    GEN_BRAM.u_core/alu/u_mul/u_mul/GEN_VEDIC.u_mul/u0/product__0_carry__2_n_0
    SLICE_X19Y14         CARRY4 (Prop_carry4_CI_O[2])
                                                      0.136    16.221 r  GEN_BRAM.u_core/alu/u_mul/u_mul/GEN_VEDIC.u_mul/u0/product__0_carry__3/O[2]
                         net (fo=2, routed)           0.730    16.951    GEN_BRAM.u_core/alu/u_mul/u_mul/GEN_VEDIC.u_mul/u1/result[31]_INST_0_i_1_0[2]
    SLICE_X20Y20         LUT3 (Prop_lut3_I2_O)        0.162    17.113 r  GEN_BRAM.u_core/alu/u_mul/u_mul/GEN_VEDIC.u_mul/u1/result[27]_INST_0_i_3/O
                         net (fo=2, routed)           0.477    17.590    GEN_BRAM.u_core/alu/u_mul/u_mul/GEN_VEDIC.u_mul/u1/result[27]_INST_0_i_3_n_0
    SLICE_X20Y20         LUT4 (Prop_lut4_I3_O)        0.164    17.754 r  GEN_BRAM.u_core/alu/u_mul/u_mul/GEN_VEDIC.u_mul/u1/result[27]_INST_0_i_7/O
                         net (fo=1, routed)           0.000    17.754    GEN_BRAM.u_core/alu/u_mul/u_mul/GEN_VEDIC.u_mul/u1/result[27]_INST_0_i_7_n_0
    SLICE_X20Y20         CARRY4 (Prop_carry4_S[3]_CO[3])
                                                      0.216    17.970 r  GEN_BRAM.u_core/alu/u_mul/u_mul/GEN_VEDIC.u_mul/u1/result[27]_INST_0_i_1/CO[3]
                         net (fo=1, routed)           0.000    17.970    GEN_BRAM.u_core/alu/u_mul/u_mul/GEN_VEDIC.u_mul/u1/result[27]_INST_0_i_1_n_0
    SLICE_X20Y21         CARRY4 (Prop_carry4_CI_O[1])
                                                      0.212    18.182 f  GEN_BRAM.u_core/alu/u_mul/u_mul/GEN_VEDIC.u_mul/u1/result[31]_INST_0_i_1/O[1]
                         net (fo=2, routed)           0.438    18.620    GEN_BRAM.u_core/alu/u_mul/u_mul/GEN_VEDIC.u_mul/u1/result[31]_INST_0_i_13_0[6]
    SLICE_X18Y24         LUT1 (Prop_lut1_I0_O)        0.155    18.775 r  GEN_BRAM.u_core/alu/u_mul/u_mul/GEN_VEDIC.u_mul/u1/result[0]_INST_0_i_6/O
                         net (fo=1, routed)           0.000    18.775    GEN_BRAM.u_core/alu/u_mul/u_mul/GEN_VEDIC.u_mul/u1/p_0_in[29]
    SLICE_X18Y24         CARRY4 (Prop_carry4_S[0]_CO[3])
                                                      0.297    19.072 r  GEN_BRAM.u_core/alu/u_mul/u_mul/GEN_VEDIC.u_mul/u1/result[0]_INST_0_i_1/CO[3]
                         net (fo=1, routed)           0.008    19.080    GEN_BRAM.u_core/alu/u_mul/u_mul/GEN_VEDIC.u_mul/u1/result[0]_INST_0_i_1_n_0
    SLICE_X18Y25         CARRY4 (Prop_carry4_CI_O[0])
                                                      0.135    19.215 r  GEN_BRAM.u_core/alu/u_mul/u_mul/GEN_VEDIC.u_mul/u1/result[4]_INST_0_i_1/O[0]
                         net (fo=1, routed)           0.467    19.683    GEN_BRAM.u_core/alu/u_mul/u_mul/GEN_VEDIC.u_mul/u1/signed_product0[33]
    SLICE_X19Y25         LUT5 (Prop_lut5_I4_O)        0.153    19.836 r  GEN_BRAM.u_core/alu/u_mul/u_mul/GEN_VEDIC.u_mul/u1/result[1]_INST_0/O
                         net (fo=2, routed)           0.807    20.642    GEN_BRAM.u_core/reg_file/result[0]
    SLICE_X6Y34          LUT6 (Prop_lut6_I2_O)        0.053    20.695 r  GEN_BRAM.u_core/reg_file/debug_alu_out_OBUF[1]_inst_i_2/O
                         net (fo=2, routed)           0.000    20.695    GEN_BRAM.u_core/alu_mux_b/load_addr_hold_reg[1]
    SLICE_X6Y34          MUXF7 (Prop_muxf7_I0_O)      0.121    20.816 r  GEN_BRAM.u_core/alu_mux_b/debug_alu_out_OBUF[1]_inst_i_1/O
                         net (fo=43, routed)          1.471    22.287    GEN_BRAM.u_core/alu_mux_b/D[0]
    SLICE_X9Y17          LUT3 (Prop_lut3_I2_O)        0.165    22.452 r  GEN_BRAM.u_core/alu_mux_b/mem_reg_1_i_41/O
                         net (fo=12, routed)          0.583    23.035    GEN_BRAM.u_core/alu_mux_b/ir_reg[14]
    SLICE_X8Y19          LUT2 (Prop_lut2_I0_O)        0.184    23.219 r  GEN_BRAM.u_core/alu_mux_b/mem_reg_1_i_19/O
                         net (fo=8, routed)           0.379    23.598    GEN_BRAM.u_core/reg_file/mem_reg_1_2
    SLICE_X9Y19          LUT6 (Prop_lut6_I0_O)        0.172    23.770 r  GEN_BRAM.u_core/reg_file/mem_reg_1_i_4/O
                         net (fo=1, routed)           0.350    24.120    GEN_BRAM.u_core/dmem/wdata[28]
    RAMB36_X0Y4          RAMB36E1                                     r  GEN_BRAM.u_core/dmem/mem_reg_1/DIADI[12]
  -------------------------------------------------------------------    -------------------

                         (clock sys_clk rise edge)   30.000    30.000 r  
    AD23                                              0.000    30.000 r  clk (IN)
                         net (fo=0)                   0.000    30.000    clk
    AD23                 IBUF (Prop_ibuf_I_O)         0.796    30.796 r  clk_IBUF_inst/O
                         net (fo=1, routed)           1.741    32.537    clk_IBUF
    BUFGCTRL_X0Y0        BUFG (Prop_bufg_I_O)         0.113    32.650 r  clk_IBUF_BUFG_inst/O
                         net (fo=350, routed)         1.564    34.214    GEN_BRAM.u_core/dmem/clk_IBUF_BUFG
    RAMB36_X0Y4          RAMB36E1                                     r  GEN_BRAM.u_core/dmem/mem_reg_1/CLKARDCLK
                         clock pessimism              0.263    34.477    
                         clock uncertainty           -0.035    34.442    
    RAMB36_X0Y4          RAMB36E1 (Setup_ramb36e1_CLKARDCLK_DIADI[12])
                                                     -0.204    34.238    GEN_BRAM.u_core/dmem/mem_reg_1
  -------------------------------------------------------------------
                         required time                         34.238    
                         arrival time                         -24.120    
  -------------------------------------------------------------------
                         slack                                 10.118    

Slack (MET) :             10.155ns  (required time - arrival time)
  Source:                 GEN_BRAM.u_core/ir_reg[15]/C
                            (rising edge-triggered cell FDCE clocked by sys_clk  {rise@0.000ns fall@15.000ns period=30.000ns})
  Destination:            GEN_BRAM.u_core/dmem/mem_reg_1/DIADI[14]
                            (rising edge-triggered cell RAMB36E1 clocked by sys_clk  {rise@0.000ns fall@15.000ns period=30.000ns})
  Path Group:             sys_clk
  Path Type:              Setup (Max at Slow Process Corner)
  Requirement:            30.000ns  (sys_clk rise@30.000ns - sys_clk rise@0.000ns)
  Data Path Delay:        19.610ns  (logic 5.726ns (29.199%)  route 13.884ns (70.801%))
  Logic Levels:           31  (CARRY4=13 LUT1=1 LUT2=1 LUT3=5 LUT4=4 LUT5=2 LUT6=3 MUXF7=1 RAMD32=1)
  Clock Path Skew:        0.005ns (DCD - SCD + CPR)
    Destination Clock Delay (DCD):    4.214ns = ( 34.214 - 30.000 ) 
    Source Clock Delay      (SCD):    4.473ns
    Clock Pessimism Removal (CPR):    0.263ns
  Clock Uncertainty:      0.035ns  ((TSJ^2 + TIJ^2)^1/2 + DJ) / 2 + PE
    Total System Jitter     (TSJ):    0.071ns
    Total Input Jitter      (TIJ):    0.000ns
    Discrete Jitter          (DJ):    0.000ns
    Phase Error              (PE):    0.000ns

    Location             Delay type                Incr(ns)  Path(ns)    Netlist Resource(s)
  -------------------------------------------------------------------    -------------------
                         (clock sys_clk rise edge)    0.000     0.000 r  
    AD23                                              0.000     0.000 r  clk (IN)
                         net (fo=0)                   0.000     0.000    clk
    AD23                 IBUF (Prop_ibuf_I_O)         0.873     0.873 r  clk_IBUF_inst/O
                         net (fo=1, routed)           1.830     2.703    clk_IBUF
    BUFGCTRL_X0Y0        BUFG (Prop_bufg_I_O)         0.120     2.823 r  clk_IBUF_BUFG_inst/O
                         net (fo=350, routed)         1.650     4.473    GEN_BRAM.u_core/clk_IBUF_BUFG
    SLICE_X8Y15          FDCE                                         r  GEN_BRAM.u_core/ir_reg[15]/C
  -------------------------------------------------------------------    -------------------
    SLICE_X8Y15          FDCE (Prop_fdce_C_Q)         0.308     4.781 r  GEN_BRAM.u_core/ir_reg[15]/Q
                         net (fo=97, routed)          0.962     5.743    GEN_BRAM.u_core/reg_file/registers_reg_r1_0_31_0_5/ADDRA0
    SLICE_X4Y16          RAMD32 (Prop_ramd32_RADR0_O)
                                                      0.066     5.809 f  GEN_BRAM.u_core/reg_file/registers_reg_r1_0_31_0_5/RAMA/O
                         net (fo=10, routed)          1.146     6.955    GEN_BRAM.u_core/alu_mux_a/dataR10[0]
    SLICE_X6Y29          LUT4 (Prop_lut4_I1_O)        0.168     7.123 r  GEN_BRAM.u_core/alu_mux_a/u_adder_i_32/O
                         net (fo=90, routed)          0.579     7.702    GEN_BRAM.u_core/alu/u_mul/u_mul/GEN_VEDIC.u_mul/u2/result[1]_INST_0_i_11_n_0
    SLICE_X11Y27         CARRY4 (Prop_carry4_CYINIT_CO[3])
                                                      0.346     8.048 r  GEN_BRAM.u_core/alu/u_mul/u_mul/GEN_VEDIC.u_mul/u2/result[1]_INST_0_i_5/CO[3]
                         net (fo=1, routed)           0.000     8.048    GEN_BRAM.u_core/alu/u_mul/u_mul/GEN_VEDIC.u_mul/u2/result[1]_INST_0_i_5_n_0
    SLICE_X11Y28         CARRY4 (Prop_carry4_CI_CO[3])
                                                      0.058     8.106 r  GEN_BRAM.u_core/alu/u_mul/u_mul/GEN_VEDIC.u_mul/u2/product__0_carry_i_42__1/CO[3]
                         net (fo=1, routed)           0.000     8.106    GEN_BRAM.u_core/alu/u_mul/u_mul/GEN_VEDIC.u_mul/u2/product__0_carry_i_42__1_n_0
    SLICE_X11Y29         CARRY4 (Prop_carry4_CI_O[1])
                                                      0.213     8.319 r  GEN_BRAM.u_core/alu/u_mul/u_mul/GEN_VEDIC.u_mul/u2/product__0_carry_i_73__0/O[1]
                         net (fo=1, routed)           0.280     8.599    GEN_BRAM.u_core/alu/u_mul/u_mul/GEN_VEDIC.u_mul/u2/mag_a0[10]
    SLICE_X10Y29         LUT6 (Prop_lut6_I0_O)        0.152     8.751 r  GEN_BRAM.u_core/alu/u_mul/u_mul/GEN_VEDIC.u_mul/u2/product__0_carry_i_44__1/O
                         net (fo=80, routed)          2.008    10.759    GEN_BRAM.u_core/alu/u_mul/u_mul/GEN_VEDIC.u_mul/u0/mag_a[9]
    SLICE_X23Y9          LUT4 (Prop_lut4_I1_O)        0.056    10.815 r  GEN_BRAM.u_core/alu/u_mul/u_mul/GEN_VEDIC.u_mul/u0/product__0_carry_i_37/O
                         net (fo=2, routed)           0.639    11.454    GEN_BRAM.u_core/alu/u_mul/u_mul/GEN_VEDIC.u_mul/u0/u1/u0/p1[1]
    SLICE_X22Y9          LUT3 (Prop_lut3_I0_O)        0.185    11.639 r  GEN_BRAM.u_core/alu/u_mul/u_mul/GEN_VEDIC.u_mul/u0/product__0_carry_i_14/O
                         net (fo=2, routed)           0.289    11.928    GEN_BRAM.u_core/alu/u_mul/u_mul/GEN_VEDIC.u_mul/u0/product__0_carry_i_14_n_0
    SLICE_X22Y9          LUT5 (Prop_lut5_I4_O)        0.172    12.100 r  GEN_BRAM.u_core/alu/u_mul/u_mul/GEN_VEDIC.u_mul/u0/product__0_carry_i_17__1/O
                         net (fo=1, routed)           0.000    12.100    GEN_BRAM.u_core/alu/u_mul/u_mul/GEN_VEDIC.u_mul/u0/product__0_carry_i_17__1_n_0
    SLICE_X22Y9          CARRY4 (Prop_carry4_S[2]_CO[3])
                                                      0.219    12.319 r  GEN_BRAM.u_core/alu/u_mul/u_mul/GEN_VEDIC.u_mul/u0/product__0_carry_i_8/CO[3]
                         net (fo=1, routed)           0.000    12.319    GEN_BRAM.u_core/alu/u_mul/u_mul/GEN_VEDIC.u_mul/u0/product__0_carry_i_8_n_0
    SLICE_X22Y10         CARRY4 (Prop_carry4_CI_O[0])
                                                      0.135    12.454 r  GEN_BRAM.u_core/alu/u_mul/u_mul/GEN_VEDIC.u_mul/u0/product__0_carry__0_i_31/O[0]
                         net (fo=2, routed)           0.605    13.059    GEN_BRAM.u_core/alu/u_mul/u_mul/GEN_VEDIC.u_mul/u0/u1/p0_20[6]
    SLICE_X25Y11         LUT3 (Prop_lut3_I2_O)        0.166    13.225 r  GEN_BRAM.u_core/alu/u_mul/u_mul/GEN_VEDIC.u_mul/u0/product__0_carry__0_i_12/O
                         net (fo=2, routed)           0.445    13.670    GEN_BRAM.u_core/alu/u_mul/u_mul/GEN_VEDIC.u_mul/u0/product__0_carry__0_i_12_n_0
    SLICE_X25Y11         CARRY4 (Prop_carry4_DI[3]_CO[3])
                                                      0.342    14.012 r  GEN_BRAM.u_core/alu/u_mul/u_mul/GEN_VEDIC.u_mul/u0/product__0_carry__0_i_9/CO[3]
                         net (fo=1, routed)           0.000    14.012    GEN_BRAM.u_core/alu/u_mul/u_mul/GEN_VEDIC.u_mul/u0/product__0_carry__0_i_9_n_0
    SLICE_X25Y12         CARRY4 (Prop_carry4_CI_O[3])
                                                      0.179    14.191 r  GEN_BRAM.u_core/alu/u_mul/u_mul/GEN_VEDIC.u_mul/u0/product__0_carry__1_i_9/O[3]
                         net (fo=2, routed)           0.816    15.006    GEN_BRAM.u_core/alu/u_mul/u_mul/GEN_VEDIC.u_mul/u0/p1[11]
    SLICE_X19Y12         LUT3 (Prop_lut3_I0_O)        0.155    15.161 r  GEN_BRAM.u_core/alu/u_mul/u_mul/GEN_VEDIC.u_mul/u0/product__0_carry__2_i_4__2/O
                         net (fo=2, routed)           0.443    15.604    GEN_BRAM.u_core/alu/u_mul/u_mul/GEN_VEDIC.u_mul/u0/product__0_carry__2_i_4__2_n_0
    SLICE_X19Y13         LUT4 (Prop_lut4_I3_O)        0.168    15.772 r  GEN_BRAM.u_core/alu/u_mul/u_mul/GEN_VEDIC.u_mul/u0/product__0_carry__2_i_8__2/O
                         net (fo=1, routed)           0.000    15.772    GEN_BRAM.u_core/alu/u_mul/u_mul/GEN_VEDIC.u_mul/u0/product__0_carry__2_i_8__2_n_0
    SLICE_X19Y13         CARRY4 (Prop_carry4_S[0]_CO[3])
                                                      0.313    16.085 r  GEN_BRAM.u_core/alu/u_mul/u_mul/GEN_VEDIC.u_mul/u0/product__0_carry__2/CO[3]
                         net (fo=1, routed)           0.000    16.085    GEN_BRAM.u_core/alu/u_mul/u_mul/GEN_VEDIC.u_mul/u0/product__0_carry__2_n_0
    SLICE_X19Y14         CARRY4 (Prop_carry4_CI_O[2])
                                                      0.136    16.221 r  GEN_BRAM.u_core/alu/u_mul/u_mul/GEN_VEDIC.u_mul/u0/product__0_carry__3/O[2]
                         net (fo=2, routed)           0.730    16.951    GEN_BRAM.u_core/alu/u_mul/u_mul/GEN_VEDIC.u_mul/u1/result[31]_INST_0_i_1_0[2]
    SLICE_X20Y20         LUT3 (Prop_lut3_I2_O)        0.162    17.113 r  GEN_BRAM.u_core/alu/u_mul/u_mul/GEN_VEDIC.u_mul/u1/result[27]_INST_0_i_3/O
                         net (fo=2, routed)           0.477    17.590    GEN_BRAM.u_core/alu/u_mul/u_mul/GEN_VEDIC.u_mul/u1/result[27]_INST_0_i_3_n_0
    SLICE_X20Y20         LUT4 (Prop_lut4_I3_O)        0.164    17.754 r  GEN_BRAM.u_core/alu/u_mul/u_mul/GEN_VEDIC.u_mul/u1/result[27]_INST_0_i_7/O
                         net (fo=1, routed)           0.000    17.754    GEN_BRAM.u_core/alu/u_mul/u_mul/GEN_VEDIC.u_mul/u1/result[27]_INST_0_i_7_n_0
    SLICE_X20Y20         CARRY4 (Prop_carry4_S[3]_CO[3])
                                                      0.216    17.970 r  GEN_BRAM.u_core/alu/u_mul/u_mul/GEN_VEDIC.u_mul/u1/result[27]_INST_0_i_1/CO[3]
                         net (fo=1, routed)           0.000    17.970    GEN_BRAM.u_core/alu/u_mul/u_mul/GEN_VEDIC.u_mul/u1/result[27]_INST_0_i_1_n_0
    SLICE_X20Y21         CARRY4 (Prop_carry4_CI_O[1])
                                                      0.212    18.182 f  GEN_BRAM.u_core/alu/u_mul/u_mul/GEN_VEDIC.u_mul/u1/result[31]_INST_0_i_1/O[1]
                         net (fo=2, routed)           0.438    18.620    GEN_BRAM.u_core/alu/u_mul/u_mul/GEN_VEDIC.u_mul/u1/result[31]_INST_0_i_13_0[6]
    SLICE_X18Y24         LUT1 (Prop_lut1_I0_O)        0.155    18.775 r  GEN_BRAM.u_core/alu/u_mul/u_mul/GEN_VEDIC.u_mul/u1/result[0]_INST_0_i_6/O
                         net (fo=1, routed)           0.000    18.775    GEN_BRAM.u_core/alu/u_mul/u_mul/GEN_VEDIC.u_mul/u1/p_0_in[29]
    SLICE_X18Y24         CARRY4 (Prop_carry4_S[0]_CO[3])
                                                      0.297    19.072 r  GEN_BRAM.u_core/alu/u_mul/u_mul/GEN_VEDIC.u_mul/u1/result[0]_INST_0_i_1/CO[3]
                         net (fo=1, routed)           0.008    19.080    GEN_BRAM.u_core/alu/u_mul/u_mul/GEN_VEDIC.u_mul/u1/result[0]_INST_0_i_1_n_0
    SLICE_X18Y25         CARRY4 (Prop_carry4_CI_O[0])
                                                      0.135    19.215 r  GEN_BRAM.u_core/alu/u_mul/u_mul/GEN_VEDIC.u_mul/u1/result[4]_INST_0_i_1/O[0]
                         net (fo=1, routed)           0.467    19.683    GEN_BRAM.u_core/alu/u_mul/u_mul/GEN_VEDIC.u_mul/u1/signed_product0[33]
    SLICE_X19Y25         LUT5 (Prop_lut5_I4_O)        0.153    19.836 r  GEN_BRAM.u_core/alu/u_mul/u_mul/GEN_VEDIC.u_mul/u1/result[1]_INST_0/O
                         net (fo=2, routed)           0.807    20.642    GEN_BRAM.u_core/reg_file/result[0]
    SLICE_X6Y34          LUT6 (Prop_lut6_I2_O)        0.053    20.695 r  GEN_BRAM.u_core/reg_file/debug_alu_out_OBUF[1]_inst_i_2/O
                         net (fo=2, routed)           0.000    20.695    GEN_BRAM.u_core/alu_mux_b/load_addr_hold_reg[1]
    SLICE_X6Y34          MUXF7 (Prop_muxf7_I0_O)      0.121    20.816 r  GEN_BRAM.u_core/alu_mux_b/debug_alu_out_OBUF[1]_inst_i_1/O
                         net (fo=43, routed)          1.471    22.287    GEN_BRAM.u_core/alu_mux_b/D[0]
    SLICE_X9Y17          LUT3 (Prop_lut3_I2_O)        0.165    22.452 r  GEN_BRAM.u_core/alu_mux_b/mem_reg_1_i_41/O
                         net (fo=12, routed)          0.583    23.035    GEN_BRAM.u_core/alu_mux_b/ir_reg[14]
    SLICE_X8Y19          LUT2 (Prop_lut2_I0_O)        0.184    23.219 r  GEN_BRAM.u_core/alu_mux_b/mem_reg_1_i_19/O
                         net (fo=8, routed)           0.246    23.465    GEN_BRAM.u_core/reg_file/mem_reg_1_2
    SLICE_X8Y19          LUT6 (Prop_lut6_I0_O)        0.172    23.637 r  GEN_BRAM.u_core/reg_file/mem_reg_1_i_2/O
                         net (fo=1, routed)           0.445    24.083    GEN_BRAM.u_core/dmem/wdata[30]
    RAMB36_X0Y4          RAMB36E1                                     r  GEN_BRAM.u_core/dmem/mem_reg_1/DIADI[14]
  -------------------------------------------------------------------    -------------------

                         (clock sys_clk rise edge)   30.000    30.000 r  
    AD23                                              0.000    30.000 r  clk (IN)
                         net (fo=0)                   0.000    30.000    clk
    AD23                 IBUF (Prop_ibuf_I_O)         0.796    30.796 r  clk_IBUF_inst/O
                         net (fo=1, routed)           1.741    32.537    clk_IBUF
    BUFGCTRL_X0Y0        BUFG (Prop_bufg_I_O)         0.113    32.650 r  clk_IBUF_BUFG_inst/O
                         net (fo=350, routed)         1.564    34.214    GEN_BRAM.u_core/dmem/clk_IBUF_BUFG
    RAMB36_X0Y4          RAMB36E1                                     r  GEN_BRAM.u_core/dmem/mem_reg_1/CLKARDCLK
                         clock pessimism              0.263    34.477    
                         clock uncertainty           -0.035    34.442    
    RAMB36_X0Y4          RAMB36E1 (Setup_ramb36e1_CLKARDCLK_DIADI[14])
                                                     -0.204    34.238    GEN_BRAM.u_core/dmem/mem_reg_1
  -------------------------------------------------------------------
                         required time                         34.238    
                         arrival time                         -24.083    
  -------------------------------------------------------------------
                         slack                                 10.155    

Slack (MET) :             10.170ns  (required time - arrival time)
  Source:                 GEN_BRAM.u_core/ir_reg[15]/C
                            (rising edge-triggered cell FDCE clocked by sys_clk  {rise@0.000ns fall@15.000ns period=30.000ns})
  Destination:            GEN_BRAM.u_core/reg_file/registers_reg_r1_0_31_12_17/RAMA/I
                            (rising edge-triggered cell RAMD32 clocked by sys_clk  {rise@0.000ns fall@15.000ns period=30.000ns})
  Path Group:             sys_clk
  Path Type:              Setup (Max at Slow Process Corner)
  Requirement:            30.000ns  (sys_clk rise@30.000ns - sys_clk rise@0.000ns)
  Data Path Delay:        19.647ns  (logic 5.609ns (28.550%)  route 14.038ns (71.450%))
  Logic Levels:           33  (CARRY4=13 LUT1=1 LUT3=4 LUT4=4 LUT5=1 LUT6=7 MUXF7=2 RAMD32=1)
  Clock Path Skew:        -0.035ns (DCD - SCD + CPR)
    Destination Clock Delay (DCD):    4.181ns = ( 34.181 - 30.000 ) 
    Source Clock Delay      (SCD):    4.473ns
    Clock Pessimism Removal (CPR):    0.256ns
  Clock Uncertainty:      0.035ns  ((TSJ^2 + TIJ^2)^1/2 + DJ) / 2 + PE
    Total System Jitter     (TSJ):    0.071ns
    Total Input Jitter      (TIJ):    0.000ns
    Discrete Jitter          (DJ):    0.000ns
    Phase Error              (PE):    0.000ns

    Location             Delay type                Incr(ns)  Path(ns)    Netlist Resource(s)
  -------------------------------------------------------------------    -------------------
                         (clock sys_clk rise edge)    0.000     0.000 r  
    AD23                                              0.000     0.000 r  clk (IN)
                         net (fo=0)                   0.000     0.000    clk
    AD23                 IBUF (Prop_ibuf_I_O)         0.873     0.873 r  clk_IBUF_inst/O
                         net (fo=1, routed)           1.830     2.703    clk_IBUF
    BUFGCTRL_X0Y0        BUFG (Prop_bufg_I_O)         0.120     2.823 r  clk_IBUF_BUFG_inst/O
                         net (fo=350, routed)         1.650     4.473    GEN_BRAM.u_core/clk_IBUF_BUFG
    SLICE_X8Y15          FDCE                                         r  GEN_BRAM.u_core/ir_reg[15]/C
  -------------------------------------------------------------------    -------------------
    SLICE_X8Y15          FDCE (Prop_fdce_C_Q)         0.308     4.781 r  GEN_BRAM.u_core/ir_reg[15]/Q
                         net (fo=97, routed)          0.962     5.743    GEN_BRAM.u_core/reg_file/registers_reg_r1_0_31_0_5/ADDRA0
    SLICE_X4Y16          RAMD32 (Prop_ramd32_RADR0_O)
                                                      0.066     5.809 f  GEN_BRAM.u_core/reg_file/registers_reg_r1_0_31_0_5/RAMA/O
                         net (fo=10, routed)          1.146     6.955    GEN_BRAM.u_core/alu_mux_a/dataR10[0]
    SLICE_X6Y29          LUT4 (Prop_lut4_I1_O)        0.168     7.123 r  GEN_BRAM.u_core/alu_mux_a/u_adder_i_32/O
                         net (fo=90, routed)          0.579     7.702    GEN_BRAM.u_core/alu/u_mul/u_mul/GEN_VEDIC.u_mul/u2/result[1]_INST_0_i_11_n_0
    SLICE_X11Y27         CARRY4 (Prop_carry4_CYINIT_CO[3])
                                                      0.346     8.048 r  GEN_BRAM.u_core/alu/u_mul/u_mul/GEN_VEDIC.u_mul/u2/result[1]_INST_0_i_5/CO[3]
                         net (fo=1, routed)           0.000     8.048    GEN_BRAM.u_core/alu/u_mul/u_mul/GEN_VEDIC.u_mul/u2/result[1]_INST_0_i_5_n_0
    SLICE_X11Y28         CARRY4 (Prop_carry4_CI_CO[3])
                                                      0.058     8.106 r  GEN_BRAM.u_core/alu/u_mul/u_mul/GEN_VEDIC.u_mul/u2/product__0_carry_i_42__1/CO[3]
                         net (fo=1, routed)           0.000     8.106    GEN_BRAM.u_core/alu/u_mul/u_mul/GEN_VEDIC.u_mul/u2/product__0_carry_i_42__1_n_0
    SLICE_X11Y29         CARRY4 (Prop_carry4_CI_O[1])
                                                      0.213     8.319 r  GEN_BRAM.u_core/alu/u_mul/u_mul/GEN_VEDIC.u_mul/u2/product__0_carry_i_73__0/O[1]
                         net (fo=1, routed)           0.280     8.599    GEN_BRAM.u_core/alu/u_mul/u_mul/GEN_VEDIC.u_mul/u2/mag_a0[10]
    SLICE_X10Y29         LUT6 (Prop_lut6_I0_O)        0.152     8.751 r  GEN_BRAM.u_core/alu/u_mul/u_mul/GEN_VEDIC.u_mul/u2/product__0_carry_i_44__1/O
                         net (fo=80, routed)          2.008    10.759    GEN_BRAM.u_core/alu/u_mul/u_mul/GEN_VEDIC.u_mul/u0/mag_a[9]
    SLICE_X23Y9          LUT4 (Prop_lut4_I1_O)        0.056    10.815 r  GEN_BRAM.u_core/alu/u_mul/u_mul/GEN_VEDIC.u_mul/u0/product__0_carry_i_37/O
                         net (fo=2, routed)           0.639    11.454    GEN_BRAM.u_core/alu/u_mul/u_mul/GEN_VEDIC.u_mul/u0/u1/u0/p1[1]
    SLICE_X22Y9          LUT3 (Prop_lut3_I0_O)        0.185    11.639 r  GEN_BRAM.u_core/alu/u_mul/u_mul/GEN_VEDIC.u_mul/u0/product__0_carry_i_14/O
                         net (fo=2, routed)           0.289    11.928    GEN_BRAM.u_core/alu/u_mul/u_mul/GEN_VEDIC.u_mul/u0/product__0_carry_i_14_n_0
    SLICE_X22Y9          LUT5 (Prop_lut5_I4_O)        0.172    12.100 r  GEN_BRAM.u_core/alu/u_mul/u_mul/GEN_VEDIC.u_mul/u0/product__0_carry_i_17__1/O
                         net (fo=1, routed)           0.000    12.100    GEN_BRAM.u_core/alu/u_mul/u_mul/GEN_VEDIC.u_mul/u0/product__0_carry_i_17__1_n_0
    SLICE_X22Y9          CARRY4 (Prop_carry4_S[2]_CO[3])
                                                      0.219    12.319 r  GEN_BRAM.u_core/alu/u_mul/u_mul/GEN_VEDIC.u_mul/u0/product__0_carry_i_8/CO[3]
                         net (fo=1, routed)           0.000    12.319    GEN_BRAM.u_core/alu/u_mul/u_mul/GEN_VEDIC.u_mul/u0/product__0_carry_i_8_n_0
    SLICE_X22Y10         CARRY4 (Prop_carry4_CI_O[0])
                                                      0.135    12.454 r  GEN_BRAM.u_core/alu/u_mul/u_mul/GEN_VEDIC.u_mul/u0/product__0_carry__0_i_31/O[0]
                         net (fo=2, routed)           0.605    13.059    GEN_BRAM.u_core/alu/u_mul/u_mul/GEN_VEDIC.u_mul/u0/u1/p0_20[6]
    SLICE_X25Y11         LUT3 (Prop_lut3_I2_O)        0.166    13.225 r  GEN_BRAM.u_core/alu/u_mul/u_mul/GEN_VEDIC.u_mul/u0/product__0_carry__0_i_12/O
                         net (fo=2, routed)           0.445    13.670    GEN_BRAM.u_core/alu/u_mul/u_mul/GEN_VEDIC.u_mul/u0/product__0_carry__0_i_12_n_0
    SLICE_X25Y11         CARRY4 (Prop_carry4_DI[3]_CO[3])
                                                      0.342    14.012 r  GEN_BRAM.u_core/alu/u_mul/u_mul/GEN_VEDIC.u_mul/u0/product__0_carry__0_i_9/CO[3]
                         net (fo=1, routed)           0.000    14.012    GEN_BRAM.u_core/alu/u_mul/u_mul/GEN_VEDIC.u_mul/u0/product__0_carry__0_i_9_n_0
    SLICE_X25Y12         CARRY4 (Prop_carry4_CI_O[3])
                                                      0.179    14.191 r  GEN_BRAM.u_core/alu/u_mul/u_mul/GEN_VEDIC.u_mul/u0/product__0_carry__1_i_9/O[3]
                         net (fo=2, routed)           0.816    15.006    GEN_BRAM.u_core/alu/u_mul/u_mul/GEN_VEDIC.u_mul/u0/p1[11]
    SLICE_X19Y12         LUT3 (Prop_lut3_I0_O)        0.155    15.161 r  GEN_BRAM.u_core/alu/u_mul/u_mul/GEN_VEDIC.u_mul/u0/product__0_carry__2_i_4__2/O
                         net (fo=2, routed)           0.443    15.604    GEN_BRAM.u_core/alu/u_mul/u_mul/GEN_VEDIC.u_mul/u0/product__0_carry__2_i_4__2_n_0
    SLICE_X19Y13         LUT4 (Prop_lut4_I3_O)        0.168    15.772 r  GEN_BRAM.u_core/alu/u_mul/u_mul/GEN_VEDIC.u_mul/u0/product__0_carry__2_i_8__2/O
                         net (fo=1, routed)           0.000    15.772    GEN_BRAM.u_core/alu/u_mul/u_mul/GEN_VEDIC.u_mul/u0/product__0_carry__2_i_8__2_n_0
    SLICE_X19Y13         CARRY4 (Prop_carry4_S[0]_CO[3])
                                                      0.313    16.085 r  GEN_BRAM.u_core/alu/u_mul/u_mul/GEN_VEDIC.u_mul/u0/product__0_carry__2/CO[3]
                         net (fo=1, routed)           0.000    16.085    GEN_BRAM.u_core/alu/u_mul/u_mul/GEN_VEDIC.u_mul/u0/product__0_carry__2_n_0
    SLICE_X19Y14         CARRY4 (Prop_carry4_CI_O[2])
                                                      0.136    16.221 r  GEN_BRAM.u_core/alu/u_mul/u_mul/GEN_VEDIC.u_mul/u0/product__0_carry__3/O[2]
                         net (fo=2, routed)           0.730    16.951    GEN_BRAM.u_core/alu/u_mul/u_mul/GEN_VEDIC.u_mul/u1/result[31]_INST_0_i_1_0[2]
    SLICE_X20Y20         LUT3 (Prop_lut3_I2_O)        0.162    17.113 r  GEN_BRAM.u_core/alu/u_mul/u_mul/GEN_VEDIC.u_mul/u1/result[27]_INST_0_i_3/O
                         net (fo=2, routed)           0.477    17.590    GEN_BRAM.u_core/alu/u_mul/u_mul/GEN_VEDIC.u_mul/u1/result[27]_INST_0_i_3_n_0
    SLICE_X20Y20         LUT4 (Prop_lut4_I3_O)        0.164    17.754 r  GEN_BRAM.u_core/alu/u_mul/u_mul/GEN_VEDIC.u_mul/u1/result[27]_INST_0_i_7/O
                         net (fo=1, routed)           0.000    17.754    GEN_BRAM.u_core/alu/u_mul/u_mul/GEN_VEDIC.u_mul/u1/result[27]_INST_0_i_7_n_0
    SLICE_X20Y20         CARRY4 (Prop_carry4_S[3]_CO[3])
                                                      0.216    17.970 r  GEN_BRAM.u_core/alu/u_mul/u_mul/GEN_VEDIC.u_mul/u1/result[27]_INST_0_i_1/CO[3]
                         net (fo=1, routed)           0.000    17.970    GEN_BRAM.u_core/alu/u_mul/u_mul/GEN_VEDIC.u_mul/u1/result[27]_INST_0_i_1_n_0
    SLICE_X20Y21         CARRY4 (Prop_carry4_CI_O[0])
                                                      0.135    18.105 f  GEN_BRAM.u_core/alu/u_mul/u_mul/GEN_VEDIC.u_mul/u1/result[31]_INST_0_i_1/O[0]
                         net (fo=2, routed)           0.479    18.584    GEN_BRAM.u_core/alu/u_mul/u_mul/GEN_VEDIC.u_mul/u1/result[31]_INST_0_i_13_0[5]
    SLICE_X18Y23         LUT1 (Prop_lut1_I0_O)        0.153    18.737 r  GEN_BRAM.u_core/alu/u_mul/u_mul/GEN_VEDIC.u_mul/u1/result[0]_INST_0_i_8/O
                         net (fo=1, routed)           0.000    18.737    GEN_BRAM.u_core/alu/u_mul/u_mul/GEN_VEDIC.u_mul/u1/p_0_in[28]
    SLICE_X18Y23         CARRY4 (Prop_carry4_S[3]_CO[3])
                                                      0.216    18.953 r  GEN_BRAM.u_core/alu/u_mul/u_mul/GEN_VEDIC.u_mul/u1/result[0]_INST_0_i_2/CO[3]
                         net (fo=1, routed)           0.000    18.953    GEN_BRAM.u_core/alu/u_mul/u_mul/GEN_VEDIC.u_mul/u1/result[0]_INST_0_i_2_n_0
    SLICE_X18Y24         CARRY4 (Prop_carry4_CI_O[3])
                                                      0.181    19.134 r  GEN_BRAM.u_core/alu/u_mul/u_mul/GEN_VEDIC.u_mul/u1/result[0]_INST_0_i_1/O[3]
                         net (fo=1, routed)           0.470    19.604    GEN_BRAM.u_core/alu/u_mul/u_mul/GEN_VEDIC.u_mul/u1/signed_product0[32]
    SLICE_X16Y27         LUT6 (Prop_lut6_I5_O)        0.142    19.746 r  GEN_BRAM.u_core/alu/u_mul/u_mul/GEN_VEDIC.u_mul/u1/result[0]_INST_0/O
                         net (fo=1, routed)           0.747    20.493    GEN_BRAM.u_core/alu/mul_result[0]
    SLICE_X10Y33         LUT6 (Prop_lut6_I0_O)        0.053    20.546 r  GEN_BRAM.u_core/alu/debug_alu_out_OBUF[0]_inst_i_11/O
                         net (fo=1, routed)           0.000    20.546    GEN_BRAM.u_core/alu/debug_alu_out_OBUF[0]_inst_i_11_n_0
    SLICE_X10Y33         MUXF7 (Prop_muxf7_I1_O)      0.123    20.669 r  GEN_BRAM.u_core/alu/debug_alu_out_OBUF[0]_inst_i_4/O
                         net (fo=1, routed)           0.381    21.050    GEN_BRAM.u_core/alu/debug_alu_out_OBUF[0]_inst_i_4_n_0
    SLICE_X6Y33          LUT6 (Prop_lut6_I5_O)        0.150    21.200 r  GEN_BRAM.u_core/alu/debug_alu_out_OBUF[0]_inst_i_1/O
                         net (fo=11, routed)          0.735    21.935    GEN_BRAM.u_core/dmem/D[0]
    SLICE_X8Y29          LUT6 (Prop_lut6_I3_O)        0.053    21.988 r  GEN_BRAM.u_core/dmem/registers_reg_r1_0_31_6_11_i_39/O
                         net (fo=8, routed)           0.883    22.871    GEN_BRAM.u_core/wb_mux/registers_reg_r1_0_31_6_11_i_14_1
    SLICE_X6Y31          LUT6 (Prop_lut6_I3_O)        0.053    22.924 r  GEN_BRAM.u_core/wb_mux/registers_reg_r1_0_31_12_17_i_23/O
                         net (fo=1, routed)           0.000    22.924    GEN_BRAM.u_core/wb_mux/registers_reg_r1_0_31_12_17_i_23_n_0
    SLICE_X6Y31          MUXF7 (Prop_muxf7_I0_O)      0.121    23.045 r  GEN_BRAM.u_core/wb_mux/registers_reg_r1_0_31_12_17_i_10/O
                         net (fo=1, routed)           0.667    23.712    GEN_BRAM.u_core/divider/wb_exec[12]
    SLICE_X9Y27          LUT6 (Prop_lut6_I5_O)        0.150    23.862 r  GEN_BRAM.u_core/divider/registers_reg_r1_0_31_12_17_i_2/O
                         net (fo=2, routed)           0.257    24.119    GEN_BRAM.u_core/reg_file/registers_reg_r1_0_31_12_17/DIA0
    SLICE_X8Y27          RAMD32                                       r  GEN_BRAM.u_core/reg_file/registers_reg_r1_0_31_12_17/RAMA/I
  -------------------------------------------------------------------    -------------------

                         (clock sys_clk rise edge)   30.000    30.000 r  
    AD23                                              0.000    30.000 r  clk (IN)
                         net (fo=0)                   0.000    30.000    clk
    AD23                 IBUF (Prop_ibuf_I_O)         0.796    30.796 r  clk_IBUF_inst/O
                         net (fo=1, routed)           1.741    32.537    clk_IBUF
    BUFGCTRL_X0Y0        BUFG (Prop_bufg_I_O)         0.113    32.650 r  clk_IBUF_BUFG_inst/O
                         net (fo=350, routed)         1.531    34.181    GEN_BRAM.u_core/reg_file/registers_reg_r1_0_31_12_17/WCLK
    SLICE_X8Y27          RAMD32                                       r  GEN_BRAM.u_core/reg_file/registers_reg_r1_0_31_12_17/RAMA/CLK
                         clock pessimism              0.256    34.438    
                         clock uncertainty           -0.035    34.402    
    SLICE_X8Y27          RAMD32 (Setup_ramd32_CLK_I)
                                                     -0.113    34.289    GEN_BRAM.u_core/reg_file/registers_reg_r1_0_31_12_17/RAMA
  -------------------------------------------------------------------
                         required time                         34.289    
                         arrival time                         -24.119    
  -------------------------------------------------------------------
                         slack                                 10.170    





Pulse Width Checks
--------------------------------------------------------------------------------------
Clock Name:         sys_clk
Waveform(ns):       { 0.000 15.000 }
Period(ns):         30.000
Sources:            { clk }

Check Type        Corner  Lib Pin             Reference Pin  Required(ns)  Actual(ns)  Slack(ns)  Location       Pin
Min Period        n/a     RAMB36E1/CLKARDCLK  n/a            2.495         30.000      27.505     RAMB36_X0Y3    GEN_BRAM.u_core/dmem/mem_reg_0/CLKARDCLK
Min Period        n/a     RAMB36E1/CLKARDCLK  n/a            2.495         30.000      27.505     RAMB36_X0Y4    GEN_BRAM.u_core/dmem/mem_reg_1/CLKARDCLK
Min Period        n/a     RAMB36E1/CLKBWRCLK  n/a            2.183         30.000      27.817     RAMB36_X0Y3    GEN_BRAM.u_core/dmem/mem_reg_0/CLKBWRCLK
Min Period        n/a     RAMB36E1/CLKBWRCLK  n/a            2.183         30.000      27.817     RAMB36_X0Y4    GEN_BRAM.u_core/dmem/mem_reg_1/CLKBWRCLK
Min Period        n/a     RAMB36E1/CLKARDCLK  n/a            2.183         30.000      27.817     RAMB36_X0Y2    GEN_BRAM.u_core/imem/data_out_reg_0/CLKARDCLK
Min Period        n/a     RAMB36E1/CLKARDCLK  n/a            2.183         30.000      27.817     RAMB36_X0Y1    GEN_BRAM.u_core/imem/data_out_reg_1/CLKARDCLK
Min Period        n/a     BUFG/I              n/a            1.600         30.000      28.400     BUFGCTRL_X0Y0  clk_IBUF_BUFG_inst/I
Min Period        n/a     FDPE/C              n/a            0.750         30.000      29.250     SLICE_X10Y14   GEN_BRAM.u_core/ir_reg[1]_lopt_replica_2/C
Min Period        n/a     FDCE/C              n/a            0.750         30.000      29.250     SLICE_X10Y14   GEN_BRAM.u_core/ir_reg[21]/C
Min Period        n/a     FDPE/C              n/a            0.750         30.000      29.250     SLICE_X10Y14   GEN_BRAM.u_core/ir_reg[4]/C
Min Period        n/a     FDPE/C              n/a            0.750         30.000      29.250     SLICE_X10Y14   GEN_BRAM.u_core/ir_reg[4]_lopt_replica/C
Min Period        n/a     FDCE/C              n/a            0.750         30.000      29.250     SLICE_X9Y12    GEN_BRAM.u_core/ir_reg[7]_lopt_replica/C
Min Period        n/a     FDCE/C              n/a            0.750         30.000      29.250     SLICE_X3Y12    GEN_BRAM.u_core/divider/count_reg[1]/C
Min Period        n/a     FDCE/C              n/a            0.750         30.000      29.250     SLICE_X4Y12    GEN_BRAM.u_core/divider/count_reg[3]/C
Min Period        n/a     FDCE/C              n/a            0.750         30.000      29.250     SLICE_X0Y20    GEN_BRAM.u_core/divider/remainder_work_reg[13]/C
Min Period        n/a     FDCE/C              n/a            0.750         30.000      29.250     SLICE_X4Y21    GEN_BRAM.u_core/divider/remainder_work_reg[15]/C
Min Period        n/a     FDCE/C              n/a            0.750         30.000      29.250     SLICE_X0Y20    GEN_BRAM.u_core/divider/remainder_work_reg[17]/C
Min Period        n/a     FDCE/C              n/a            0.750         30.000      29.250     SLICE_X0Y26    GEN_BRAM.u_core/divider/remainder_work_reg[19]/C
Min Period        n/a     FDCE/C              n/a            0.750         30.000      29.250     SLICE_X4Y23    GEN_BRAM.u_core/divider/remainder_work_reg[21]/C
Min Period        n/a     FDCE/C              n/a            0.750         30.000      29.250     SLICE_X0Y26    GEN_BRAM.u_core/divider/remainder_work_reg[23]/C
Low Pulse Width   Slow    RAMD32/CLK          n/a            0.910         15.000      14.090     SLICE_X4Y16    GEN_BRAM.u_core/reg_file/registers_reg_r1_0_31_0_5/RAMA/CLK
Low Pulse Width   Fast    RAMD32/CLK          n/a            0.910         15.000      14.090     SLICE_X4Y16    GEN_BRAM.u_core/reg_file/registers_reg_r1_0_31_0_5/RAMA/CLK
Low Pulse Width   Slow    RAMD32/CLK          n/a            0.910         15.000      14.090     SLICE_X4Y16    GEN_BRAM.u_core/reg_file/registers_reg_r1_0_31_0_5/RAMA_D1/CLK
Low Pulse Width   Fast    RAMD32/CLK          n/a            0.910         15.000      14.090     SLICE_X4Y16    GEN_BRAM.u_core/reg_file/registers_reg_r1_0_31_0_5/RAMA_D1/CLK
Low Pulse Width   Slow    RAMD32/CLK          n/a            0.910         15.000      14.090     SLICE_X4Y16    GEN_BRAM.u_core/reg_file/registers_reg_r1_0_31_0_5/RAMB/CLK
Low Pulse Width   Fast    RAMD32/CLK          n/a            0.910         15.000      14.090     SLICE_X4Y16    GEN_BRAM.u_core/reg_file/registers_reg_r1_0_31_0_5/RAMB/CLK
Low Pulse Width   Slow    RAMD32/CLK          n/a            0.910         15.000      14.090     SLICE_X4Y16    GEN_BRAM.u_core/reg_file/registers_reg_r1_0_31_0_5/RAMB_D1/CLK
Low Pulse Width   Fast    RAMD32/CLK          n/a            0.910         15.000      14.090     SLICE_X4Y16    GEN_BRAM.u_core/reg_file/registers_reg_r1_0_31_0_5/RAMB_D1/CLK
Low Pulse Width   Slow    RAMD32/CLK          n/a            0.910         15.000      14.090     SLICE_X4Y16    GEN_BRAM.u_core/reg_file/registers_reg_r1_0_31_0_5/RAMC/CLK
Low Pulse Width   Fast    RAMD32/CLK          n/a            0.910         15.000      14.090     SLICE_X4Y16    GEN_BRAM.u_core/reg_file/registers_reg_r1_0_31_0_5/RAMC/CLK
Low Pulse Width   Slow    RAMD32/CLK          n/a            0.910         15.000      14.090     SLICE_X4Y16    GEN_BRAM.u_core/reg_file/registers_reg_r1_0_31_0_5/RAMC_D1/CLK
Low Pulse Width   Fast    RAMD32/CLK          n/a            0.910         15.000      14.090     SLICE_X4Y16    GEN_BRAM.u_core/reg_file/registers_reg_r1_0_31_0_5/RAMC_D1/CLK
Low Pulse Width   Slow    RAMS32/CLK          n/a            0.910         15.000      14.090     SLICE_X4Y16    GEN_BRAM.u_core/reg_file/registers_reg_r1_0_31_0_5/RAMD/CLK
Low Pulse Width   Fast    RAMS32/CLK          n/a            0.910         15.000      14.090     SLICE_X4Y16    GEN_BRAM.u_core/reg_file/registers_reg_r1_0_31_0_5/RAMD/CLK
Low Pulse Width   Slow    RAMS32/CLK          n/a            0.910         15.000      14.090     SLICE_X4Y16    GEN_BRAM.u_core/reg_file/registers_reg_r1_0_31_0_5/RAMD_D1/CLK
Low Pulse Width   Fast    RAMS32/CLK          n/a            0.910         15.000      14.090     SLICE_X4Y16    GEN_BRAM.u_core/reg_file/registers_reg_r1_0_31_0_5/RAMD_D1/CLK
Low Pulse Width   Slow    RAMD32/CLK          n/a            0.910         15.000      14.090     SLICE_X8Y27    GEN_BRAM.u_core/reg_file/registers_reg_r1_0_31_12_17/RAMA/CLK
Low Pulse Width   Fast    RAMD32/CLK          n/a            0.910         15.000      14.090     SLICE_X8Y27    GEN_BRAM.u_core/reg_file/registers_reg_r1_0_31_12_17/RAMA/CLK
Low Pulse Width   Slow    RAMD32/CLK          n/a            0.910         15.000      14.090     SLICE_X8Y27    GEN_BRAM.u_core/reg_file/registers_reg_r1_0_31_12_17/RAMA_D1/CLK
Low Pulse Width   Fast    RAMD32/CLK          n/a            0.910         15.000      14.090     SLICE_X8Y27    GEN_BRAM.u_core/reg_file/registers_reg_r1_0_31_12_17/RAMA_D1/CLK
High Pulse Width  Slow    RAMD32/CLK          n/a            0.910         15.000      14.090     SLICE_X4Y16    GEN_BRAM.u_core/reg_file/registers_reg_r1_0_31_0_5/RAMA/CLK
High Pulse Width  Fast    RAMD32/CLK          n/a            0.910         15.000      14.090     SLICE_X4Y16    GEN_BRAM.u_core/reg_file/registers_reg_r1_0_31_0_5/RAMA/CLK
High Pulse Width  Slow    RAMD32/CLK          n/a            0.910         15.000      14.090     SLICE_X4Y16    GEN_BRAM.u_core/reg_file/registers_reg_r1_0_31_0_5/RAMA_D1/CLK
High Pulse Width  Fast    RAMD32/CLK          n/a            0.910         15.000      14.090     SLICE_X4Y16    GEN_BRAM.u_core/reg_file/registers_reg_r1_0_31_0_5/RAMA_D1/CLK
High Pulse Width  Slow    RAMD32/CLK          n/a            0.910         15.000      14.090     SLICE_X4Y16    GEN_BRAM.u_core/reg_file/registers_reg_r1_0_31_0_5/RAMB/CLK
High Pulse Width  Fast    RAMD32/CLK          n/a            0.910         15.000      14.090     SLICE_X4Y16    GEN_BRAM.u_core/reg_file/registers_reg_r1_0_31_0_5/RAMB/CLK
High Pulse Width  Slow    RAMD32/CLK          n/a            0.910         15.000      14.090     SLICE_X4Y16    GEN_BRAM.u_core/reg_file/registers_reg_r1_0_31_0_5/RAMB_D1/CLK
High Pulse Width  Fast    RAMD32/CLK          n/a            0.910         15.000      14.090     SLICE_X4Y16    GEN_BRAM.u_core/reg_file/registers_reg_r1_0_31_0_5/RAMB_D1/CLK
High Pulse Width  Slow    RAMD32/CLK          n/a            0.910         15.000      14.090     SLICE_X4Y16    GEN_BRAM.u_core/reg_file/registers_reg_r1_0_31_0_5/RAMC/CLK
High Pulse Width  Fast    RAMD32/CLK          n/a            0.910         15.000      14.090     SLICE_X4Y16    GEN_BRAM.u_core/reg_file/registers_reg_r1_0_31_0_5/RAMC/CLK
High Pulse Width  Slow    RAMD32/CLK          n/a            0.910         15.000      14.090     SLICE_X4Y16    GEN_BRAM.u_core/reg_file/registers_reg_r1_0_31_0_5/RAMC_D1/CLK
High Pulse Width  Fast    RAMD32/CLK          n/a            0.910         15.000      14.090     SLICE_X4Y16    GEN_BRAM.u_core/reg_file/registers_reg_r1_0_31_0_5/RAMC_D1/CLK
High Pulse Width  Slow    RAMS32/CLK          n/a            0.910         15.000      14.090     SLICE_X4Y16    GEN_BRAM.u_core/reg_file/registers_reg_r1_0_31_0_5/RAMD/CLK
High Pulse Width  Fast    RAMS32/CLK          n/a            0.910         15.000      14.090     SLICE_X4Y16    GEN_BRAM.u_core/reg_file/registers_reg_r1_0_31_0_5/RAMD/CLK
High Pulse Width  Slow    RAMS32/CLK          n/a            0.910         15.000      14.090     SLICE_X4Y16    GEN_BRAM.u_core/reg_file/registers_reg_r1_0_31_0_5/RAMD_D1/CLK
High Pulse Width  Fast    RAMS32/CLK          n/a            0.910         15.000      14.090     SLICE_X4Y16    GEN_BRAM.u_core/reg_file/registers_reg_r1_0_31_0_5/RAMD_D1/CLK
High Pulse Width  Slow    RAMD32/CLK          n/a            0.910         15.000      14.090     SLICE_X8Y27    GEN_BRAM.u_core/reg_file/registers_reg_r1_0_31_12_17/RAMA/CLK
High Pulse Width  Fast    RAMD32/CLK          n/a            0.910         15.000      14.090     SLICE_X8Y27    GEN_BRAM.u_core/reg_file/registers_reg_r1_0_31_12_17/RAMA/CLK
High Pulse Width  Slow    RAMD32/CLK          n/a            0.910         15.000      14.090     SLICE_X8Y27    GEN_BRAM.u_core/reg_file/registers_reg_r1_0_31_12_17/RAMA_D1/CLK
High Pulse Width  Fast    RAMD32/CLK          n/a            0.910         15.000      14.090     SLICE_X8Y27    GEN_BRAM.u_core/reg_file/registers_reg_r1_0_31_12_17/RAMA_D1/CLK



