Copyright 1986-2022 Xilinx, Inc. All Rights Reserved. Copyright 2022-2025 Advanced Micro Devices, Inc. All Rights Reserved.
---------------------------------------------------------------------------------------------------------------------------------------------
| Tool Version : Vivado v.2025.2 (win64) Build 6299465 Fri Nov 14 19:35:11 GMT 2025
| Date         : Wed Sep 30 11:51:14 2026
| Host         : LAPTOP_Truong running 64-bit major release  (build 9200)
| Command      : report_timing_summary -delay_type max -max_paths 20 -file ./build/reproduced_9config_mem1/RCA_WALLACE_timing.rpt
| Design       : cpu_top
| Device       : 7z030-ffg676
| Speed File   : -1  PRODUCTION 1.12 2019-11-22
| Design State : Routed
---------------------------------------------------------------------------------------------------------------------------------------------

Timing Summary Report

------------------------------------------------------------------------------------------------
| Timer Settings
| --------------
------------------------------------------------------------------------------------------------

  Enable Multi Corner Analysis               :  Yes
  Enable Pessimism Removal                   :  Yes
  Pessimism Removal Resolution               :  Nearest Common Node
  Enable Input Delay Default Clock           :  No
  Enable Preset / Clear Arcs                 :  No
  Disable Flight Delays                      :  No
  Ignore I/O Paths                           :  No
  Timing Early Launch at Borrowing Latches   :  No
  Borrow Time for Max Delay Exceptions       :  Yes
  Merge Timing Exceptions                    :  Yes
  Inter-SLR Compensation                     :  Conservative

  Corner  Analyze    Analyze    
  Name    Max Paths  Min Paths  
  ------  ---------  ---------  
  Slow    Yes        Yes        
  Fast    Yes        Yes        


------------------------------------------------------------------------------------------------
| Report Methodology
| ------------------
------------------------------------------------------------------------------------------------

Rule       Severity  Description                                 Violations  
---------  --------  ------------------------------------------  ----------  
SYNTH-6    Warning   Timing of a RAM block might be sub-optimal  4           
TIMING-18  Warning   Missing input or output delay               101         

Note: This report is based on the most recent report_methodology run and may not be up-to-date. Run report_methodology on the current design for the latest report.



check_timing report

Table of Contents
-----------------
1. checking no_clock (0)
2. checking constant_clock (0)
3. checking pulse_width_clock (0)
4. checking unconstrained_internal_endpoints (0)
5. checking no_input_delay (1)
6. checking no_output_delay (101)
7. checking multiple_clock (0)
8. checking generated_clocks (0)
9. checking loops (0)
10. checking partial_input_delay (0)
11. checking partial_output_delay (0)
12. checking latch_loops (0)

1. checking no_clock (0)
------------------------
 There are 0 register/latch pins with no clock.


2. checking constant_clock (0)
------------------------------
 There are 0 register/latch pins with constant_clock.


3. checking pulse_width_clock (0)
---------------------------------
 There are 0 register/latch pins which need pulse_width check


4. checking unconstrained_internal_endpoints (0)
------------------------------------------------
 There are 0 pins that are not constrained for maximum delay.

 There are 0 pins that are not constrained for maximum delay due to constant clock.


5. checking no_input_delay (1)
------------------------------
 There are 0 input ports with no input delay specified.

 There is 1 input port with no input delay but user has a false path constraint. (MEDIUM)


6. checking no_output_delay (101)
---------------------------------
 There are 101 ports with no output delay specified. (HIGH)

 There are 0 ports with no output delay but user has a false path constraint

 There are 0 ports with no output delay but with a timing clock defined on it or propagating through it


7. checking multiple_clock (0)
------------------------------
 There are 0 register/latch pins with multiple clocks.


8. checking generated_clocks (0)
--------------------------------
 There are 0 generated clocks that are not connected to a clock source.


9. checking loops (0)
---------------------
 There are 0 combinational loops in the design.


10. checking partial_input_delay (0)
------------------------------------
 There are 0 input ports with partial input delay specified.


11. checking partial_output_delay (0)
-------------------------------------
 There are 0 ports with partial output delay specified.


12. checking latch_loops (0)
----------------------------
 There are 0 combinational latch loops in the design through latch input



------------------------------------------------------------------------------------------------
| Design Timing Summary
| ---------------------
------------------------------------------------------------------------------------------------

    WNS(ns)      TNS(ns)  TNS Failing Endpoints  TNS Total Endpoints     WPWS(ns)     TPWS(ns)  TPWS Failing Endpoints  TPWS Total Endpoints  
    -------      -------  ---------------------  -------------------     --------     --------  ----------------------  --------------------  
     10.845        0.000                      0                 1212       14.090        0.000                       0                   351  


All user specified timing constraints are met.


------------------------------------------------------------------------------------------------
| Clock Summary
| -------------
------------------------------------------------------------------------------------------------

Clock    Waveform(ns)       Period(ns)      Frequency(MHz)
-----    ------------       ----------      --------------
sys_clk  {0.000 15.000}     30.000          33.333          


------------------------------------------------------------------------------------------------
| Intra Clock Table
| -----------------
------------------------------------------------------------------------------------------------

Clock             WNS(ns)      TNS(ns)  TNS Failing Endpoints  TNS Total Endpoints     WPWS(ns)     TPWS(ns)  TPWS Failing Endpoints  TPWS Total Endpoints  
-----             -------      -------  ---------------------  -------------------     --------     --------  ----------------------  --------------------  
sys_clk            10.845        0.000                      0                 1212       14.090        0.000                       0                   351  


------------------------------------------------------------------------------------------------
| Inter Clock Table
| -----------------
------------------------------------------------------------------------------------------------

From Clock    To Clock          WNS(ns)      TNS(ns)  TNS Failing Endpoints  TNS Total Endpoints  
----------    --------          -------      -------  ---------------------  -------------------  


------------------------------------------------------------------------------------------------
| Other Path Groups Table
| -----------------------
------------------------------------------------------------------------------------------------

Path Group    From Clock    To Clock          WNS(ns)      TNS(ns)  TNS Failing Endpoints  TNS Total Endpoints  
----------    ----------    --------          -------      -------  ---------------------  -------------------  


------------------------------------------------------------------------------------------------
| Timing Details
| --------------
------------------------------------------------------------------------------------------------


---------------------------------------------------------------------------------------------------
From Clock:  sys_clk
  To Clock:  sys_clk

Setup :            0  Failing Endpoints,  Worst Slack       10.845ns,  Total Violation        0.000ns
Hold  :           NA  Failing Endpoints,  Worst Slack           NA  ,  Total Violation           NA
PW    :            0  Failing Endpoints,  Worst Slack       14.090ns,  Total Violation        0.000ns
---------------------------------------------------------------------------------------------------


Max Delay Paths
--------------------------------------------------------------------------------------
Slack (MET) :             10.845ns  (required time - arrival time)
  Source:                 GEN_BRAM.u_core/ir_reg[18]/C
                            (rising edge-triggered cell FDCE clocked by sys_clk  {rise@0.000ns fall@15.000ns period=30.000ns})
  Destination:            GEN_BRAM.u_core/reg_file/registers_reg_r2_0_31_6_11/RAMA/I
                            (rising edge-triggered cell RAMD32 clocked by sys_clk  {rise@0.000ns fall@15.000ns period=30.000ns})
  Path Group:             sys_clk
  Path Type:              Setup (Max at Slow Process Corner)
  Requirement:            30.000ns  (sys_clk rise@30.000ns - sys_clk rise@0.000ns)
  Data Path Delay:        19.034ns  (logic 3.899ns (20.485%)  route 15.135ns (79.515%))
  Logic Levels:           26  (CARRY4=7 LUT1=1 LUT2=2 LUT3=1 LUT4=1 LUT5=4 LUT6=9 MUXF7=1)
  Clock Path Skew:        0.027ns (DCD - SCD + CPR)
    Destination Clock Delay (DCD):    4.238ns = ( 34.238 - 30.000 ) 
    Source Clock Delay      (SCD):    4.468ns
    Clock Pessimism Removal (CPR):    0.256ns
  Clock Uncertainty:      0.035ns  ((TSJ^2 + TIJ^2)^1/2 + DJ) / 2 + PE
    Total System Jitter     (TSJ):    0.071ns
    Total Input Jitter      (TIJ):    0.000ns
    Discrete Jitter          (DJ):    0.000ns
    Phase Error              (PE):    0.000ns

    Location             Delay type                Incr(ns)  Path(ns)    Netlist Resource(s)
  -------------------------------------------------------------------    -------------------
                         (clock sys_clk rise edge)    0.000     0.000 r  
    AD23                                              0.000     0.000 r  clk (IN)
                         net (fo=0)                   0.000     0.000    clk
    AD23                 IBUF (Prop_ibuf_I_O)         0.873     0.873 r  clk_IBUF_inst/O
                         net (fo=1, routed)           1.830     2.703    clk_IBUF
    BUFGCTRL_X0Y0        BUFG (Prop_bufg_I_O)         0.120     2.823 r  clk_IBUF_BUFG_inst/O
                         net (fo=350, routed)         1.645     4.468    GEN_BRAM.u_core/clk_IBUF_BUFG
    SLICE_X10Y19         FDCE                                         r  GEN_BRAM.u_core/ir_reg[18]/C
  -------------------------------------------------------------------    -------------------
    SLICE_X10Y19         FDCE (Prop_fdce_C_Q)         0.308     4.776 f  GEN_BRAM.u_core/ir_reg[18]/Q
                         net (fo=97, routed)          1.476     6.251    GEN_BRAM.u_core/reg_file/Q[17]
    SLICE_X15Y33         LUT5 (Prop_lut5_I0_O)        0.053     6.304 r  GEN_BRAM.u_core/reg_file/u_adder_i_66/O
                         net (fo=190, routed)         1.148     7.452    GEN_BRAM.u_core/alu_mux_a/result[0]_INST_0_i_41
    SLICE_X6Y20          LUT4 (Prop_lut4_I2_O)        0.053     7.505 r  GEN_BRAM.u_core/alu_mux_a/u_adder_i_32/O
                         net (fo=107, routed)         0.454     7.960    GEN_BRAM.u_core/alu/u_mul/u_mul/GEN_WALLACE.u_mul/result[2]_INST_0_i_7_n_0
    SLICE_X11Y17         CARRY4 (Prop_carry4_CYINIT_CO[3])
                                                      0.346     8.306 r  GEN_BRAM.u_core/alu/u_mul/u_mul/GEN_WALLACE.u_mul/result[2]_INST_0_i_6/CO[3]
                         net (fo=1, routed)           0.000     8.306    GEN_BRAM.u_core/alu/u_mul/u_mul/GEN_WALLACE.u_mul/result[2]_INST_0_i_6_n_0
    SLICE_X11Y18         CARRY4 (Prop_carry4_CI_CO[3])
                                                      0.058     8.364 r  GEN_BRAM.u_core/alu/u_mul/u_mul/GEN_WALLACE.u_mul/result[8]_INST_0_i_117/CO[3]
                         net (fo=1, routed)           0.000     8.364    GEN_BRAM.u_core/alu/u_mul/u_mul/GEN_WALLACE.u_mul/result[8]_INST_0_i_117_n_0
    SLICE_X11Y19         CARRY4 (Prop_carry4_CI_CO[3])
                                                      0.058     8.422 r  GEN_BRAM.u_core/alu/u_mul/u_mul/GEN_WALLACE.u_mul/result[12]_INST_0_i_87/CO[3]
                         net (fo=1, routed)           0.000     8.422    GEN_BRAM.u_core/alu/u_mul/u_mul/GEN_WALLACE.u_mul/result[12]_INST_0_i_87_n_0
    SLICE_X11Y20         CARRY4 (Prop_carry4_CI_O[0])
                                                      0.139     8.561 r  GEN_BRAM.u_core/alu/u_mul/u_mul/GEN_WALLACE.u_mul/result[20]_INST_0_i_217/O[0]
                         net (fo=2, routed)           0.717     9.278    GEN_BRAM.u_core/alu/u_mul/u_mul/GEN_WALLACE.u_mul/mag_a0[13]
    SLICE_X11Y15         LUT6 (Prop_lut6_I0_O)        0.155     9.433 r  GEN_BRAM.u_core/alu/u_mul/u_mul/GEN_WALLACE.u_mul/result[16]_INST_0_i_203/O
                         net (fo=64, routed)          1.990    11.423    GEN_BRAM.u_core/alu/u_mul/u_mul/GEN_WALLACE.u_mul/mag_a[13]
    SLICE_X29Y2          LUT6 (Prop_lut6_I0_O)        0.053    11.476 r  GEN_BRAM.u_core/alu/u_mul/u_mul/GEN_WALLACE.u_mul/result[28]_INST_0_i_239/O
                         net (fo=2, routed)           0.302    11.778    GEN_BRAM.u_core/alu/u_mul/u_mul/GEN_WALLACE.u_mul/l1[6]_32[23]
    SLICE_X29Y2          LUT3 (Prop_lut3_I1_O)        0.065    11.843 r  GEN_BRAM.u_core/alu/u_mul/u_mul/GEN_WALLACE.u_mul/result[28]_INST_0_i_178/O
                         net (fo=2, routed)           0.552    12.395    GEN_BRAM.u_core/alu/u_mul/u_mul/GEN_WALLACE.u_mul/l2[4]_50[23]
    SLICE_X31Y1          LUT5 (Prop_lut5_I4_O)        0.184    12.579 r  GEN_BRAM.u_core/alu/u_mul/u_mul/GEN_WALLACE.u_mul/result[28]_INST_0_i_87/O
                         net (fo=4, routed)           1.198    13.777    GEN_BRAM.u_core/alu/u_mul/u_mul/GEN_WALLACE.u_mul/l3[3]_2[24]
    SLICE_X17Y6          LUT6 (Prop_lut6_I3_O)        0.170    13.947 r  GEN_BRAM.u_core/alu/u_mul/u_mul/GEN_WALLACE.u_mul/result[28]_INST_0_i_69/O
                         net (fo=4, routed)           0.543    14.490    GEN_BRAM.u_core/alu/u_mul/u_mul/GEN_WALLACE.u_mul/l5[2]_17[25]
    SLICE_X21Y5          LUT6 (Prop_lut6_I5_O)        0.053    14.543 r  GEN_BRAM.u_core/alu/u_mul/u_mul/GEN_WALLACE.u_mul/result[28]_INST_0_i_38/O
                         net (fo=3, routed)           0.483    15.026    GEN_BRAM.u_core/alu/u_mul/u_mul/GEN_WALLACE.u_mul/l6[0]_23[25]
    SLICE_X20Y5          LUT5 (Prop_lut5_I0_O)        0.053    15.079 r  GEN_BRAM.u_core/alu/u_mul/u_mul/GEN_WALLACE.u_mul/result[28]_INST_0_i_27/O
                         net (fo=2, routed)           0.591    15.670    GEN_BRAM.u_core/alu/u_mul/u_mul/GEN_WALLACE.u_mul/l7[1]_24[26]
    SLICE_X16Y5          LUT2 (Prop_lut2_I0_O)        0.065    15.735 r  GEN_BRAM.u_core/alu/u_mul/u_mul/GEN_WALLACE.u_mul/result[28]_INST_0_i_6/O
                         net (fo=1, routed)           0.369    16.104    GEN_BRAM.u_core/alu/u_mul/u_mul/GEN_WALLACE.u_mul/final_a[26]
    SLICE_X19Y5          CARRY4 (Prop_carry4_DI[1]_CO[3])
                                                      0.417    16.521 r  GEN_BRAM.u_core/alu/u_mul/u_mul/GEN_WALLACE.u_mul/result[28]_INST_0_i_1/CO[3]
                         net (fo=1, routed)           0.000    16.521    GEN_BRAM.u_core/alu/u_mul/u_mul/GEN_WALLACE.u_mul/result[28]_INST_0_i_1_n_0
    SLICE_X19Y6          CARRY4 (Prop_carry4_CI_O[1])
                                                      0.213    16.734 f  GEN_BRAM.u_core/alu/u_mul/u_mul/GEN_WALLACE.u_mul/result[31]_INST_0_i_1/O[1]
                         net (fo=2, routed)           0.244    16.978    GEN_BRAM.u_core/alu/u_mul/u_mul/GEN_WALLACE.u_mul/unsigned_product[30]
    SLICE_X18Y7          LUT1 (Prop_lut1_I0_O)        0.152    17.130 r  GEN_BRAM.u_core/alu/u_mul/u_mul/GEN_WALLACE.u_mul/result[0]_INST_0_i_5/O
                         net (fo=1, routed)           0.000    17.130    GEN_BRAM.u_core/alu/u_mul/u_mul/GEN_WALLACE.u_mul/p_0_in[30]
    SLICE_X18Y7          CARRY4 (Prop_carry4_S[1]_O[3])
                                                      0.374    17.504 f  GEN_BRAM.u_core/alu/u_mul/u_mul/GEN_WALLACE.u_mul/result[0]_INST_0_i_1/O[3]
                         net (fo=1, routed)           0.461    17.965    GEN_BRAM.u_core/alu/u_mul/u_mul/GEN_WALLACE.u_mul/signed_product0[32]
    SLICE_X17Y11         LUT6 (Prop_lut6_I5_O)        0.142    18.107 f  GEN_BRAM.u_core/alu/u_mul/u_mul/GEN_WALLACE.u_mul/result[0]_INST_0/O
                         net (fo=1, routed)           0.697    18.803    GEN_BRAM.u_core/alu/mul_result[0]
    SLICE_X16Y20         LUT6 (Prop_lut6_I0_O)        0.053    18.856 f  GEN_BRAM.u_core/alu/debug_alu_out_OBUF[0]_inst_i_11/O
                         net (fo=1, routed)           0.000    18.856    GEN_BRAM.u_core/alu/debug_alu_out_OBUF[0]_inst_i_11_n_0
    SLICE_X16Y20         MUXF7 (Prop_muxf7_I1_O)      0.123    18.979 f  GEN_BRAM.u_core/alu/debug_alu_out_OBUF[0]_inst_i_4/O
                         net (fo=1, routed)           0.317    19.296    GEN_BRAM.u_core/alu/debug_alu_out_OBUF[0]_inst_i_4_n_0
    SLICE_X16Y20         LUT6 (Prop_lut6_I5_O)        0.150    19.446 f  GEN_BRAM.u_core/alu/debug_alu_out_OBUF[0]_inst_i_1/O
                         net (fo=11, routed)          1.190    20.637    GEN_BRAM.u_core/alu/D[0]
    SLICE_X11Y32         LUT2 (Prop_lut2_I1_O)        0.063    20.700 r  GEN_BRAM.u_core/alu/mem_reg_0_i_37/O
                         net (fo=33, routed)          0.972    21.672    GEN_BRAM.u_core/dmem/registers_reg_r1_0_31_6_11_i_10
    SLICE_X2Y28          LUT5 (Prop_lut5_I3_O)        0.178    21.850 r  GEN_BRAM.u_core/dmem/registers_reg_r1_0_31_6_11_i_23/O
                         net (fo=1, routed)           0.330    22.180    GEN_BRAM.u_core/wb_mux/registers_reg_r1_0_31_6_11_i_2
    SLICE_X2Y28          LUT6 (Prop_lut6_I4_O)        0.168    22.348 r  GEN_BRAM.u_core/wb_mux/registers_reg_r1_0_31_6_11_i_10/O
                         net (fo=1, routed)           0.456    22.804    GEN_BRAM.u_core/divider/wb_exec[6]
    SLICE_X2Y28          LUT6 (Prop_lut6_I5_O)        0.053    22.857 r  GEN_BRAM.u_core/divider/registers_reg_r1_0_31_6_11_i_2/O
                         net (fo=2, routed)           0.645    23.501    GEN_BRAM.u_core/reg_file/registers_reg_r2_0_31_6_11/DIA0
    SLICE_X6Y24          RAMD32                                       r  GEN_BRAM.u_core/reg_file/registers_reg_r2_0_31_6_11/RAMA/I
  -------------------------------------------------------------------    -------------------

                         (clock sys_clk rise edge)   30.000    30.000 r  
    AD23                                              0.000    30.000 r  clk (IN)
                         net (fo=0)                   0.000    30.000    clk
    AD23                 IBUF (Prop_ibuf_I_O)         0.796    30.796 r  clk_IBUF_inst/O
                         net (fo=1, routed)           1.741    32.537    clk_IBUF
    BUFGCTRL_X0Y0        BUFG (Prop_bufg_I_O)         0.113    32.650 r  clk_IBUF_BUFG_inst/O
                         net (fo=350, routed)         1.588    34.238    GEN_BRAM.u_core/reg_file/registers_reg_r2_0_31_6_11/WCLK
    SLICE_X6Y24          RAMD32                                       r  GEN_BRAM.u_core/reg_file/registers_reg_r2_0_31_6_11/RAMA/CLK
                         clock pessimism              0.256    34.495    
                         clock uncertainty           -0.035    34.459    
    SLICE_X6Y24          RAMD32 (Setup_ramd32_CLK_I)
                                                     -0.113    34.346    GEN_BRAM.u_core/reg_file/registers_reg_r2_0_31_6_11/RAMA
  -------------------------------------------------------------------
                         required time                         34.346    
                         arrival time                         -23.501    
  -------------------------------------------------------------------
                         slack                                 10.845    

Slack (MET) :             10.951ns  (required time - arrival time)
  Source:                 GEN_BRAM.u_core/ir_reg[18]/C
                            (rising edge-triggered cell FDCE clocked by sys_clk  {rise@0.000ns fall@15.000ns period=30.000ns})
  Destination:            GEN_BRAM.u_core/reg_file/registers_reg_r1_0_31_6_11/RAMA/I
                            (rising edge-triggered cell RAMD32 clocked by sys_clk  {rise@0.000ns fall@15.000ns period=30.000ns})
  Path Group:             sys_clk
  Path Type:              Setup (Max at Slow Process Corner)
  Requirement:            30.000ns  (sys_clk rise@30.000ns - sys_clk rise@0.000ns)
  Data Path Delay:        18.930ns  (logic 3.899ns (20.597%)  route 15.031ns (79.403%))
  Logic Levels:           26  (CARRY4=7 LUT1=1 LUT2=2 LUT3=1 LUT4=1 LUT5=4 LUT6=9 MUXF7=1)
  Clock Path Skew:        0.029ns (DCD - SCD + CPR)
    Destination Clock Delay (DCD):    4.240ns = ( 34.240 - 30.000 ) 
    Source Clock Delay      (SCD):    4.468ns
    Clock Pessimism Removal (CPR):    0.256ns
  Clock Uncertainty:      0.035ns  ((TSJ^2 + TIJ^2)^1/2 + DJ) / 2 + PE
    Total System Jitter     (TSJ):    0.071ns
    Total Input Jitter      (TIJ):    0.000ns
    Discrete Jitter          (DJ):    0.000ns
    Phase Error              (PE):    0.000ns

    Location             Delay type                Incr(ns)  Path(ns)    Netlist Resource(s)
  -------------------------------------------------------------------    -------------------
                         (clock sys_clk rise edge)    0.000     0.000 r  
    AD23                                              0.000     0.000 r  clk (IN)
                         net (fo=0)                   0.000     0.000    clk
    AD23                 IBUF (Prop_ibuf_I_O)         0.873     0.873 r  clk_IBUF_inst/O
                         net (fo=1, routed)           1.830     2.703    clk_IBUF
    BUFGCTRL_X0Y0        BUFG (Prop_bufg_I_O)         0.120     2.823 r  clk_IBUF_BUFG_inst/O
                         net (fo=350, routed)         1.645     4.468    GEN_BRAM.u_core/clk_IBUF_BUFG
    SLICE_X10Y19         FDCE                                         r  GEN_BRAM.u_core/ir_reg[18]/C
  -------------------------------------------------------------------    -------------------
    SLICE_X10Y19         FDCE (Prop_fdce_C_Q)         0.308     4.776 f  GEN_BRAM.u_core/ir_reg[18]/Q
                         net (fo=97, routed)          1.476     6.251    GEN_BRAM.u_core/reg_file/Q[17]
    SLICE_X15Y33         LUT5 (Prop_lut5_I0_O)        0.053     6.304 r  GEN_BRAM.u_core/reg_file/u_adder_i_66/O
                         net (fo=190, routed)         1.148     7.452    GEN_BRAM.u_core/alu_mux_a/result[0]_INST_0_i_41
    SLICE_X6Y20          LUT4 (Prop_lut4_I2_O)        0.053     7.505 r  GEN_BRAM.u_core/alu_mux_a/u_adder_i_32/O
                         net (fo=107, routed)         0.454     7.960    GEN_BRAM.u_core/alu/u_mul/u_mul/GEN_WALLACE.u_mul/result[2]_INST_0_i_7_n_0
    SLICE_X11Y17         CARRY4 (Prop_carry4_CYINIT_CO[3])
                                                      0.346     8.306 r  GEN_BRAM.u_core/alu/u_mul/u_mul/GEN_WALLACE.u_mul/result[2]_INST_0_i_6/CO[3]
                         net (fo=1, routed)           0.000     8.306    GEN_BRAM.u_core/alu/u_mul/u_mul/GEN_WALLACE.u_mul/result[2]_INST_0_i_6_n_0
    SLICE_X11Y18         CARRY4 (Prop_carry4_CI_CO[3])
                                                      0.058     8.364 r  GEN_BRAM.u_core/alu/u_mul/u_mul/GEN_WALLACE.u_mul/result[8]_INST_0_i_117/CO[3]
                         net (fo=1, routed)           0.000     8.364    GEN_BRAM.u_core/alu/u_mul/u_mul/GEN_WALLACE.u_mul/result[8]_INST_0_i_117_n_0
    SLICE_X11Y19         CARRY4 (Prop_carry4_CI_CO[3])
                                                      0.058     8.422 r  GEN_BRAM.u_core/alu/u_mul/u_mul/GEN_WALLACE.u_mul/result[12]_INST_0_i_87/CO[3]
                         net (fo=1, routed)           0.000     8.422    GEN_BRAM.u_core/alu/u_mul/u_mul/GEN_WALLACE.u_mul/result[12]_INST_0_i_87_n_0
    SLICE_X11Y20         CARRY4 (Prop_carry4_CI_O[0])
                                                      0.139     8.561 r  GEN_BRAM.u_core/alu/u_mul/u_mul/GEN_WALLACE.u_mul/result[20]_INST_0_i_217/O[0]
                         net (fo=2, routed)           0.717     9.278    GEN_BRAM.u_core/alu/u_mul/u_mul/GEN_WALLACE.u_mul/mag_a0[13]
    SLICE_X11Y15         LUT6 (Prop_lut6_I0_O)        0.155     9.433 r  GEN_BRAM.u_core/alu/u_mul/u_mul/GEN_WALLACE.u_mul/result[16]_INST_0_i_203/O
                         net (fo=64, routed)          1.990    11.423    GEN_BRAM.u_core/alu/u_mul/u_mul/GEN_WALLACE.u_mul/mag_a[13]
    SLICE_X29Y2          LUT6 (Prop_lut6_I0_O)        0.053    11.476 r  GEN_BRAM.u_core/alu/u_mul/u_mul/GEN_WALLACE.u_mul/result[28]_INST_0_i_239/O
                         net (fo=2, routed)           0.302    11.778    GEN_BRAM.u_core/alu/u_mul/u_mul/GEN_WALLACE.u_mul/l1[6]_32[23]
    SLICE_X29Y2          LUT3 (Prop_lut3_I1_O)        0.065    11.843 r  GEN_BRAM.u_core/alu/u_mul/u_mul/GEN_WALLACE.u_mul/result[28]_INST_0_i_178/O
                         net (fo=2, routed)           0.552    12.395    GEN_BRAM.u_core/alu/u_mul/u_mul/GEN_WALLACE.u_mul/l2[4]_50[23]
    SLICE_X31Y1          LUT5 (Prop_lut5_I4_O)        0.184    12.579 r  GEN_BRAM.u_core/alu/u_mul/u_mul/GEN_WALLACE.u_mul/result[28]_INST_0_i_87/O
                         net (fo=4, routed)           1.198    13.777    GEN_BRAM.u_core/alu/u_mul/u_mul/GEN_WALLACE.u_mul/l3[3]_2[24]
    SLICE_X17Y6          LUT6 (Prop_lut6_I3_O)        0.170    13.947 r  GEN_BRAM.u_core/alu/u_mul/u_mul/GEN_WALLACE.u_mul/result[28]_INST_0_i_69/O
                         net (fo=4, routed)           0.543    14.490    GEN_BRAM.u_core/alu/u_mul/u_mul/GEN_WALLACE.u_mul/l5[2]_17[25]
    SLICE_X21Y5          LUT6 (Prop_lut6_I5_O)        0.053    14.543 r  GEN_BRAM.u_core/alu/u_mul/u_mul/GEN_WALLACE.u_mul/result[28]_INST_0_i_38/O
                         net (fo=3, routed)           0.483    15.026    GEN_BRAM.u_core/alu/u_mul/u_mul/GEN_WALLACE.u_mul/l6[0]_23[25]
    SLICE_X20Y5          LUT5 (Prop_lut5_I0_O)        0.053    15.079 r  GEN_BRAM.u_core/alu/u_mul/u_mul/GEN_WALLACE.u_mul/result[28]_INST_0_i_27/O
                         net (fo=2, routed)           0.591    15.670    GEN_BRAM.u_core/alu/u_mul/u_mul/GEN_WALLACE.u_mul/l7[1]_24[26]
    SLICE_X16Y5          LUT2 (Prop_lut2_I0_O)        0.065    15.735 r  GEN_BRAM.u_core/alu/u_mul/u_mul/GEN_WALLACE.u_mul/result[28]_INST_0_i_6/O
                         net (fo=1, routed)           0.369    16.104    GEN_BRAM.u_core/alu/u_mul/u_mul/GEN_WALLACE.u_mul/final_a[26]
    SLICE_X19Y5          CARRY4 (Prop_carry4_DI[1]_CO[3])
                                                      0.417    16.521 r  GEN_BRAM.u_core/alu/u_mul/u_mul/GEN_WALLACE.u_mul/result[28]_INST_0_i_1/CO[3]
                         net (fo=1, routed)           0.000    16.521    GEN_BRAM.u_core/alu/u_mul/u_mul/GEN_WALLACE.u_mul/result[28]_INST_0_i_1_n_0
    SLICE_X19Y6          CARRY4 (Prop_carry4_CI_O[1])
                                                      0.213    16.734 f  GEN_BRAM.u_core/alu/u_mul/u_mul/GEN_WALLACE.u_mul/result[31]_INST_0_i_1/O[1]
                         net (fo=2, routed)           0.244    16.978    GEN_BRAM.u_core/alu/u_mul/u_mul/GEN_WALLACE.u_mul/unsigned_product[30]
    SLICE_X18Y7          LUT1 (Prop_lut1_I0_O)        0.152    17.130 r  GEN_BRAM.u_core/alu/u_mul/u_mul/GEN_WALLACE.u_mul/result[0]_INST_0_i_5/O
                         net (fo=1, routed)           0.000    17.130    GEN_BRAM.u_core/alu/u_mul/u_mul/GEN_WALLACE.u_mul/p_0_in[30]
    SLICE_X18Y7          CARRY4 (Prop_carry4_S[1]_O[3])
                                                      0.374    17.504 f  GEN_BRAM.u_core/alu/u_mul/u_mul/GEN_WALLACE.u_mul/result[0]_INST_0_i_1/O[3]
                         net (fo=1, routed)           0.461    17.965    GEN_BRAM.u_core/alu/u_mul/u_mul/GEN_WALLACE.u_mul/signed_product0[32]
    SLICE_X17Y11         LUT6 (Prop_lut6_I5_O)        0.142    18.107 f  GEN_BRAM.u_core/alu/u_mul/u_mul/GEN_WALLACE.u_mul/result[0]_INST_0/O
                         net (fo=1, routed)           0.697    18.803    GEN_BRAM.u_core/alu/mul_result[0]
    SLICE_X16Y20         LUT6 (Prop_lut6_I0_O)        0.053    18.856 f  GEN_BRAM.u_core/alu/debug_alu_out_OBUF[0]_inst_i_11/O
                         net (fo=1, routed)           0.000    18.856    GEN_BRAM.u_core/alu/debug_alu_out_OBUF[0]_inst_i_11_n_0
    SLICE_X16Y20         MUXF7 (Prop_muxf7_I1_O)      0.123    18.979 f  GEN_BRAM.u_core/alu/debug_alu_out_OBUF[0]_inst_i_4/O
                         net (fo=1, routed)           0.317    19.296    GEN_BRAM.u_core/alu/debug_alu_out_OBUF[0]_inst_i_4_n_0
    SLICE_X16Y20         LUT6 (Prop_lut6_I5_O)        0.150    19.446 f  GEN_BRAM.u_core/alu/debug_alu_out_OBUF[0]_inst_i_1/O
                         net (fo=11, routed)          1.190    20.637    GEN_BRAM.u_core/alu/D[0]
    SLICE_X11Y32         LUT2 (Prop_lut2_I1_O)        0.063    20.700 r  GEN_BRAM.u_core/alu/mem_reg_0_i_37/O
                         net (fo=33, routed)          0.972    21.672    GEN_BRAM.u_core/dmem/registers_reg_r1_0_31_6_11_i_10
    SLICE_X2Y28          LUT5 (Prop_lut5_I3_O)        0.178    21.850 r  GEN_BRAM.u_core/dmem/registers_reg_r1_0_31_6_11_i_23/O
                         net (fo=1, routed)           0.330    22.180    GEN_BRAM.u_core/wb_mux/registers_reg_r1_0_31_6_11_i_2
    SLICE_X2Y28          LUT6 (Prop_lut6_I4_O)        0.168    22.348 r  GEN_BRAM.u_core/wb_mux/registers_reg_r1_0_31_6_11_i_10/O
                         net (fo=1, routed)           0.456    22.804    GEN_BRAM.u_core/divider/wb_exec[6]
    SLICE_X2Y28          LUT6 (Prop_lut6_I5_O)        0.053    22.857 r  GEN_BRAM.u_core/divider/registers_reg_r1_0_31_6_11_i_2/O
                         net (fo=2, routed)           0.540    23.397    GEN_BRAM.u_core/reg_file/registers_reg_r1_0_31_6_11/DIA0
    SLICE_X6Y23          RAMD32                                       r  GEN_BRAM.u_core/reg_file/registers_reg_r1_0_31_6_11/RAMA/I
  -------------------------------------------------------------------    -------------------

                         (clock sys_clk rise edge)   30.000    30.000 r  
    AD23                                              0.000    30.000 r  clk (IN)
                         net (fo=0)                   0.000    30.000    clk
    AD23                 IBUF (Prop_ibuf_I_O)         0.796    30.796 r  clk_IBUF_inst/O
                         net (fo=1, routed)           1.741    32.537    clk_IBUF
    BUFGCTRL_X0Y0        BUFG (Prop_bufg_I_O)         0.113    32.650 r  clk_IBUF_BUFG_inst/O
                         net (fo=350, routed)         1.590    34.240    GEN_BRAM.u_core/reg_file/registers_reg_r1_0_31_6_11/WCLK
    SLICE_X6Y23          RAMD32                                       r  GEN_BRAM.u_core/reg_file/registers_reg_r1_0_31_6_11/RAMA/CLK
                         clock pessimism              0.256    34.497    
                         clock uncertainty           -0.035    34.461    
    SLICE_X6Y23          RAMD32 (Setup_ramd32_CLK_I)
                                                     -0.113    34.348    GEN_BRAM.u_core/reg_file/registers_reg_r1_0_31_6_11/RAMA
  -------------------------------------------------------------------
                         required time                         34.348    
                         arrival time                         -23.397    
  -------------------------------------------------------------------
                         slack                                 10.951    

Slack (MET) :             11.131ns  (required time - arrival time)
  Source:                 GEN_BRAM.u_core/ir_reg[18]/C
                            (rising edge-triggered cell FDCE clocked by sys_clk  {rise@0.000ns fall@15.000ns period=30.000ns})
  Destination:            GEN_BRAM.u_core/reg_file/registers_reg_r1_0_31_0_5/RAMA/I
                            (rising edge-triggered cell RAMD32 clocked by sys_clk  {rise@0.000ns fall@15.000ns period=30.000ns})
  Path Group:             sys_clk
  Path Type:              Setup (Max at Slow Process Corner)
  Requirement:            30.000ns  (sys_clk rise@30.000ns - sys_clk rise@0.000ns)
  Data Path Delay:        18.750ns  (logic 3.771ns (20.112%)  route 14.979ns (79.888%))
  Logic Levels:           26  (CARRY4=7 LUT1=1 LUT2=2 LUT3=1 LUT4=1 LUT5=4 LUT6=9 MUXF7=1)
  Clock Path Skew:        0.029ns (DCD - SCD + CPR)
    Destination Clock Delay (DCD):    4.240ns = ( 34.240 - 30.000 ) 
    Source Clock Delay      (SCD):    4.468ns
    Clock Pessimism Removal (CPR):    0.256ns
  Clock Uncertainty:      0.035ns  ((TSJ^2 + TIJ^2)^1/2 + DJ) / 2 + PE
    Total System Jitter     (TSJ):    0.071ns
    Total Input Jitter      (TIJ):    0.000ns
    Discrete Jitter          (DJ):    0.000ns
    Phase Error              (PE):    0.000ns

    Location             Delay type                Incr(ns)  Path(ns)    Netlist Resource(s)
  -------------------------------------------------------------------    -------------------
                         (clock sys_clk rise edge)    0.000     0.000 r  
    AD23                                              0.000     0.000 r  clk (IN)
                         net (fo=0)                   0.000     0.000    clk
    AD23                 IBUF (Prop_ibuf_I_O)         0.873     0.873 r  clk_IBUF_inst/O
                         net (fo=1, routed)           1.830     2.703    clk_IBUF
    BUFGCTRL_X0Y0        BUFG (Prop_bufg_I_O)         0.120     2.823 r  clk_IBUF_BUFG_inst/O
                         net (fo=350, routed)         1.645     4.468    GEN_BRAM.u_core/clk_IBUF_BUFG
    SLICE_X10Y19         FDCE                                         r  GEN_BRAM.u_core/ir_reg[18]/C
  -------------------------------------------------------------------    -------------------
    SLICE_X10Y19         FDCE (Prop_fdce_C_Q)         0.308     4.776 f  GEN_BRAM.u_core/ir_reg[18]/Q
                         net (fo=97, routed)          1.476     6.251    GEN_BRAM.u_core/reg_file/Q[17]
    SLICE_X15Y33         LUT5 (Prop_lut5_I0_O)        0.053     6.304 r  GEN_BRAM.u_core/reg_file/u_adder_i_66/O
                         net (fo=190, routed)         1.148     7.452    GEN_BRAM.u_core/alu_mux_a/result[0]_INST_0_i_41
    SLICE_X6Y20          LUT4 (Prop_lut4_I2_O)        0.053     7.505 r  GEN_BRAM.u_core/alu_mux_a/u_adder_i_32/O
                         net (fo=107, routed)         0.454     7.960    GEN_BRAM.u_core/alu/u_mul/u_mul/GEN_WALLACE.u_mul/result[2]_INST_0_i_7_n_0
    SLICE_X11Y17         CARRY4 (Prop_carry4_CYINIT_CO[3])
                                                      0.346     8.306 r  GEN_BRAM.u_core/alu/u_mul/u_mul/GEN_WALLACE.u_mul/result[2]_INST_0_i_6/CO[3]
                         net (fo=1, routed)           0.000     8.306    GEN_BRAM.u_core/alu/u_mul/u_mul/GEN_WALLACE.u_mul/result[2]_INST_0_i_6_n_0
    SLICE_X11Y18         CARRY4 (Prop_carry4_CI_CO[3])
                                                      0.058     8.364 r  GEN_BRAM.u_core/alu/u_mul/u_mul/GEN_WALLACE.u_mul/result[8]_INST_0_i_117/CO[3]
                         net (fo=1, routed)           0.000     8.364    GEN_BRAM.u_core/alu/u_mul/u_mul/GEN_WALLACE.u_mul/result[8]_INST_0_i_117_n_0
    SLICE_X11Y19         CARRY4 (Prop_carry4_CI_CO[3])
                                                      0.058     8.422 r  GEN_BRAM.u_core/alu/u_mul/u_mul/GEN_WALLACE.u_mul/result[12]_INST_0_i_87/CO[3]
                         net (fo=1, routed)           0.000     8.422    GEN_BRAM.u_core/alu/u_mul/u_mul/GEN_WALLACE.u_mul/result[12]_INST_0_i_87_n_0
    SLICE_X11Y20         CARRY4 (Prop_carry4_CI_O[0])
                                                      0.139     8.561 r  GEN_BRAM.u_core/alu/u_mul/u_mul/GEN_WALLACE.u_mul/result[20]_INST_0_i_217/O[0]
                         net (fo=2, routed)           0.717     9.278    GEN_BRAM.u_core/alu/u_mul/u_mul/GEN_WALLACE.u_mul/mag_a0[13]
    SLICE_X11Y15         LUT6 (Prop_lut6_I0_O)        0.155     9.433 r  GEN_BRAM.u_core/alu/u_mul/u_mul/GEN_WALLACE.u_mul/result[16]_INST_0_i_203/O
                         net (fo=64, routed)          1.990    11.423    GEN_BRAM.u_core/alu/u_mul/u_mul/GEN_WALLACE.u_mul/mag_a[13]
    SLICE_X29Y2          LUT6 (Prop_lut6_I0_O)        0.053    11.476 r  GEN_BRAM.u_core/alu/u_mul/u_mul/GEN_WALLACE.u_mul/result[28]_INST_0_i_239/O
                         net (fo=2, routed)           0.302    11.778    GEN_BRAM.u_core/alu/u_mul/u_mul/GEN_WALLACE.u_mul/l1[6]_32[23]
    SLICE_X29Y2          LUT3 (Prop_lut3_I1_O)        0.065    11.843 r  GEN_BRAM.u_core/alu/u_mul/u_mul/GEN_WALLACE.u_mul/result[28]_INST_0_i_178/O
                         net (fo=2, routed)           0.552    12.395    GEN_BRAM.u_core/alu/u_mul/u_mul/GEN_WALLACE.u_mul/l2[4]_50[23]
    SLICE_X31Y1          LUT5 (Prop_lut5_I4_O)        0.184    12.579 r  GEN_BRAM.u_core/alu/u_mul/u_mul/GEN_WALLACE.u_mul/result[28]_INST_0_i_87/O
                         net (fo=4, routed)           1.198    13.777    GEN_BRAM.u_core/alu/u_mul/u_mul/GEN_WALLACE.u_mul/l3[3]_2[24]
    SLICE_X17Y6          LUT6 (Prop_lut6_I3_O)        0.170    13.947 r  GEN_BRAM.u_core/alu/u_mul/u_mul/GEN_WALLACE.u_mul/result[28]_INST_0_i_69/O
                         net (fo=4, routed)           0.543    14.490    GEN_BRAM.u_core/alu/u_mul/u_mul/GEN_WALLACE.u_mul/l5[2]_17[25]
    SLICE_X21Y5          LUT6 (Prop_lut6_I5_O)        0.053    14.543 r  GEN_BRAM.u_core/alu/u_mul/u_mul/GEN_WALLACE.u_mul/result[28]_INST_0_i_38/O
                         net (fo=3, routed)           0.483    15.026    GEN_BRAM.u_core/alu/u_mul/u_mul/GEN_WALLACE.u_mul/l6[0]_23[25]
    SLICE_X20Y5          LUT5 (Prop_lut5_I0_O)        0.053    15.079 r  GEN_BRAM.u_core/alu/u_mul/u_mul/GEN_WALLACE.u_mul/result[28]_INST_0_i_27/O
                         net (fo=2, routed)           0.591    15.670    GEN_BRAM.u_core/alu/u_mul/u_mul/GEN_WALLACE.u_mul/l7[1]_24[26]
    SLICE_X16Y5          LUT2 (Prop_lut2_I0_O)        0.065    15.735 r  GEN_BRAM.u_core/alu/u_mul/u_mul/GEN_WALLACE.u_mul/result[28]_INST_0_i_6/O
                         net (fo=1, routed)           0.369    16.104    GEN_BRAM.u_core/alu/u_mul/u_mul/GEN_WALLACE.u_mul/final_a[26]
    SLICE_X19Y5          CARRY4 (Prop_carry4_DI[1]_CO[3])
                                                      0.417    16.521 r  GEN_BRAM.u_core/alu/u_mul/u_mul/GEN_WALLACE.u_mul/result[28]_INST_0_i_1/CO[3]
                         net (fo=1, routed)           0.000    16.521    GEN_BRAM.u_core/alu/u_mul/u_mul/GEN_WALLACE.u_mul/result[28]_INST_0_i_1_n_0
    SLICE_X19Y6          CARRY4 (Prop_carry4_CI_O[1])
                                                      0.213    16.734 f  GEN_BRAM.u_core/alu/u_mul/u_mul/GEN_WALLACE.u_mul/result[31]_INST_0_i_1/O[1]
                         net (fo=2, routed)           0.244    16.978    GEN_BRAM.u_core/alu/u_mul/u_mul/GEN_WALLACE.u_mul/unsigned_product[30]
    SLICE_X18Y7          LUT1 (Prop_lut1_I0_O)        0.152    17.130 r  GEN_BRAM.u_core/alu/u_mul/u_mul/GEN_WALLACE.u_mul/result[0]_INST_0_i_5/O
                         net (fo=1, routed)           0.000    17.130    GEN_BRAM.u_core/alu/u_mul/u_mul/GEN_WALLACE.u_mul/p_0_in[30]
    SLICE_X18Y7          CARRY4 (Prop_carry4_S[1]_O[3])
                                                      0.374    17.504 f  GEN_BRAM.u_core/alu/u_mul/u_mul/GEN_WALLACE.u_mul/result[0]_INST_0_i_1/O[3]
                         net (fo=1, routed)           0.461    17.965    GEN_BRAM.u_core/alu/u_mul/u_mul/GEN_WALLACE.u_mul/signed_product0[32]
    SLICE_X17Y11         LUT6 (Prop_lut6_I5_O)        0.142    18.107 f  GEN_BRAM.u_core/alu/u_mul/u_mul/GEN_WALLACE.u_mul/result[0]_INST_0/O
                         net (fo=1, routed)           0.697    18.803    GEN_BRAM.u_core/alu/mul_result[0]
    SLICE_X16Y20         LUT6 (Prop_lut6_I0_O)        0.053    18.856 f  GEN_BRAM.u_core/alu/debug_alu_out_OBUF[0]_inst_i_11/O
                         net (fo=1, routed)           0.000    18.856    GEN_BRAM.u_core/alu/debug_alu_out_OBUF[0]_inst_i_11_n_0
    SLICE_X16Y20         MUXF7 (Prop_muxf7_I1_O)      0.123    18.979 f  GEN_BRAM.u_core/alu/debug_alu_out_OBUF[0]_inst_i_4/O
                         net (fo=1, routed)           0.317    19.296    GEN_BRAM.u_core/alu/debug_alu_out_OBUF[0]_inst_i_4_n_0
    SLICE_X16Y20         LUT6 (Prop_lut6_I5_O)        0.150    19.446 f  GEN_BRAM.u_core/alu/debug_alu_out_OBUF[0]_inst_i_1/O
                         net (fo=11, routed)          1.190    20.637    GEN_BRAM.u_core/alu/D[0]
    SLICE_X11Y32         LUT2 (Prop_lut2_I1_O)        0.063    20.700 r  GEN_BRAM.u_core/alu/mem_reg_0_i_37/O
                         net (fo=33, routed)          0.852    21.552    GEN_BRAM.u_core/dmem/registers_reg_r1_0_31_6_11_i_10
    SLICE_X2Y26          LUT5 (Prop_lut5_I3_O)        0.165    21.717 r  GEN_BRAM.u_core/dmem/registers_reg_r1_0_31_0_5_i_29/O
                         net (fo=1, routed)           0.480    22.197    GEN_BRAM.u_core/wb_mux/registers_reg_r1_0_31_0_5_i_3_0
    SLICE_X2Y24          LUT6 (Prop_lut6_I4_O)        0.053    22.250 r  GEN_BRAM.u_core/wb_mux/registers_reg_r1_0_31_0_5_i_13/O
                         net (fo=1, routed)           0.428    22.677    GEN_BRAM.u_core/divider/wb_exec[0]
    SLICE_X2Y24          LUT6 (Prop_lut6_I5_O)        0.053    22.730 r  GEN_BRAM.u_core/divider/registers_reg_r1_0_31_0_5_i_3/O
                         net (fo=2, routed)           0.487    23.218    GEN_BRAM.u_core/reg_file/registers_reg_r1_0_31_0_5/DIA0
    SLICE_X6Y26          RAMD32                                       r  GEN_BRAM.u_core/reg_file/registers_reg_r1_0_31_0_5/RAMA/I
  -------------------------------------------------------------------    -------------------

                         (clock sys_clk rise edge)   30.000    30.000 r  
    AD23                                              0.000    30.000 r  clk (IN)
                         net (fo=0)                   0.000    30.000    clk
    AD23                 IBUF (Prop_ibuf_I_O)         0.796    30.796 r  clk_IBUF_inst/O
                         net (fo=1, routed)           1.741    32.537    clk_IBUF
    BUFGCTRL_X0Y0        BUFG (Prop_bufg_I_O)         0.113    32.650 r  clk_IBUF_BUFG_inst/O
                         net (fo=350, routed)         1.590    34.240    GEN_BRAM.u_core/reg_file/registers_reg_r1_0_31_0_5/WCLK
    SLICE_X6Y26          RAMD32                                       r  GEN_BRAM.u_core/reg_file/registers_reg_r1_0_31_0_5/RAMA/CLK
                         clock pessimism              0.256    34.497    
                         clock uncertainty           -0.035    34.461    
    SLICE_X6Y26          RAMD32 (Setup_ramd32_CLK_I)
                                                     -0.113    34.348    GEN_BRAM.u_core/reg_file/registers_reg_r1_0_31_0_5/RAMA
  -------------------------------------------------------------------
                         required time                         34.348    
                         arrival time                         -23.218    
  -------------------------------------------------------------------
                         slack                                 11.131    

Slack (MET) :             11.131ns  (required time - arrival time)
  Source:                 GEN_BRAM.u_core/ir_reg[18]/C
                            (rising edge-triggered cell FDCE clocked by sys_clk  {rise@0.000ns fall@15.000ns period=30.000ns})
  Destination:            GEN_BRAM.u_core/reg_file/registers_reg_r1_0_31_0_5/RAMB/I
                            (rising edge-triggered cell RAMD32 clocked by sys_clk  {rise@0.000ns fall@15.000ns period=30.000ns})
  Path Group:             sys_clk
  Path Type:              Setup (Max at Slow Process Corner)
  Requirement:            30.000ns  (sys_clk rise@30.000ns - sys_clk rise@0.000ns)
  Data Path Delay:        18.734ns  (logic 3.771ns (20.129%)  route 14.963ns (79.871%))
  Logic Levels:           26  (CARRY4=7 LUT1=1 LUT2=2 LUT3=1 LUT4=1 LUT5=4 LUT6=9 MUXF7=1)
  Clock Path Skew:        0.029ns (DCD - SCD + CPR)
    Destination Clock Delay (DCD):    4.240ns = ( 34.240 - 30.000 ) 
    Source Clock Delay      (SCD):    4.468ns
    Clock Pessimism Removal (CPR):    0.256ns
  Clock Uncertainty:      0.035ns  ((TSJ^2 + TIJ^2)^1/2 + DJ) / 2 + PE
    Total System Jitter     (TSJ):    0.071ns
    Total Input Jitter      (TIJ):    0.000ns
    Discrete Jitter          (DJ):    0.000ns
    Phase Error              (PE):    0.000ns

    Location             Delay type                Incr(ns)  Path(ns)    Netlist Resource(s)
  -------------------------------------------------------------------    -------------------
                         (clock sys_clk rise edge)    0.000     0.000 r  
    AD23                                              0.000     0.000 r  clk (IN)
                         net (fo=0)                   0.000     0.000    clk
    AD23                 IBUF (Prop_ibuf_I_O)         0.873     0.873 r  clk_IBUF_inst/O
                         net (fo=1, routed)           1.830     2.703    clk_IBUF
    BUFGCTRL_X0Y0        BUFG (Prop_bufg_I_O)         0.120     2.823 r  clk_IBUF_BUFG_inst/O
                         net (fo=350, routed)         1.645     4.468    GEN_BRAM.u_core/clk_IBUF_BUFG
    SLICE_X10Y19         FDCE                                         r  GEN_BRAM.u_core/ir_reg[18]/C
  -------------------------------------------------------------------    -------------------
    SLICE_X10Y19         FDCE (Prop_fdce_C_Q)         0.308     4.776 f  GEN_BRAM.u_core/ir_reg[18]/Q
                         net (fo=97, routed)          1.476     6.251    GEN_BRAM.u_core/reg_file/Q[17]
    SLICE_X15Y33         LUT5 (Prop_lut5_I0_O)        0.053     6.304 r  GEN_BRAM.u_core/reg_file/u_adder_i_66/O
                         net (fo=190, routed)         1.148     7.452    GEN_BRAM.u_core/alu_mux_a/result[0]_INST_0_i_41
    SLICE_X6Y20          LUT4 (Prop_lut4_I2_O)        0.053     7.505 r  GEN_BRAM.u_core/alu_mux_a/u_adder_i_32/O
                         net (fo=107, routed)         0.454     7.960    GEN_BRAM.u_core/alu/u_mul/u_mul/GEN_WALLACE.u_mul/result[2]_INST_0_i_7_n_0
    SLICE_X11Y17         CARRY4 (Prop_carry4_CYINIT_CO[3])
                                                      0.346     8.306 r  GEN_BRAM.u_core/alu/u_mul/u_mul/GEN_WALLACE.u_mul/result[2]_INST_0_i_6/CO[3]
                         net (fo=1, routed)           0.000     8.306    GEN_BRAM.u_core/alu/u_mul/u_mul/GEN_WALLACE.u_mul/result[2]_INST_0_i_6_n_0
    SLICE_X11Y18         CARRY4 (Prop_carry4_CI_CO[3])
                                                      0.058     8.364 r  GEN_BRAM.u_core/alu/u_mul/u_mul/GEN_WALLACE.u_mul/result[8]_INST_0_i_117/CO[3]
                         net (fo=1, routed)           0.000     8.364    GEN_BRAM.u_core/alu/u_mul/u_mul/GEN_WALLACE.u_mul/result[8]_INST_0_i_117_n_0
    SLICE_X11Y19         CARRY4 (Prop_carry4_CI_CO[3])
                                                      0.058     8.422 r  GEN_BRAM.u_core/alu/u_mul/u_mul/GEN_WALLACE.u_mul/result[12]_INST_0_i_87/CO[3]
                         net (fo=1, routed)           0.000     8.422    GEN_BRAM.u_core/alu/u_mul/u_mul/GEN_WALLACE.u_mul/result[12]_INST_0_i_87_n_0
    SLICE_X11Y20         CARRY4 (Prop_carry4_CI_O[0])
                                                      0.139     8.561 r  GEN_BRAM.u_core/alu/u_mul/u_mul/GEN_WALLACE.u_mul/result[20]_INST_0_i_217/O[0]
                         net (fo=2, routed)           0.717     9.278    GEN_BRAM.u_core/alu/u_mul/u_mul/GEN_WALLACE.u_mul/mag_a0[13]
    SLICE_X11Y15         LUT6 (Prop_lut6_I0_O)        0.155     9.433 r  GEN_BRAM.u_core/alu/u_mul/u_mul/GEN_WALLACE.u_mul/result[16]_INST_0_i_203/O
                         net (fo=64, routed)          1.990    11.423    GEN_BRAM.u_core/alu/u_mul/u_mul/GEN_WALLACE.u_mul/mag_a[13]
    SLICE_X29Y2          LUT6 (Prop_lut6_I0_O)        0.053    11.476 r  GEN_BRAM.u_core/alu/u_mul/u_mul/GEN_WALLACE.u_mul/result[28]_INST_0_i_239/O
                         net (fo=2, routed)           0.302    11.778    GEN_BRAM.u_core/alu/u_mul/u_mul/GEN_WALLACE.u_mul/l1[6]_32[23]
    SLICE_X29Y2          LUT3 (Prop_lut3_I1_O)        0.065    11.843 r  GEN_BRAM.u_core/alu/u_mul/u_mul/GEN_WALLACE.u_mul/result[28]_INST_0_i_178/O
                         net (fo=2, routed)           0.552    12.395    GEN_BRAM.u_core/alu/u_mul/u_mul/GEN_WALLACE.u_mul/l2[4]_50[23]
    SLICE_X31Y1          LUT5 (Prop_lut5_I4_O)        0.184    12.579 r  GEN_BRAM.u_core/alu/u_mul/u_mul/GEN_WALLACE.u_mul/result[28]_INST_0_i_87/O
                         net (fo=4, routed)           1.198    13.777    GEN_BRAM.u_core/alu/u_mul/u_mul/GEN_WALLACE.u_mul/l3[3]_2[24]
    SLICE_X17Y6          LUT6 (Prop_lut6_I3_O)        0.170    13.947 r  GEN_BRAM.u_core/alu/u_mul/u_mul/GEN_WALLACE.u_mul/result[28]_INST_0_i_69/O
                         net (fo=4, routed)           0.543    14.490    GEN_BRAM.u_core/alu/u_mul/u_mul/GEN_WALLACE.u_mul/l5[2]_17[25]
    SLICE_X21Y5          LUT6 (Prop_lut6_I5_O)        0.053    14.543 r  GEN_BRAM.u_core/alu/u_mul/u_mul/GEN_WALLACE.u_mul/result[28]_INST_0_i_38/O
                         net (fo=3, routed)           0.483    15.026    GEN_BRAM.u_core/alu/u_mul/u_mul/GEN_WALLACE.u_mul/l6[0]_23[25]
    SLICE_X20Y5          LUT5 (Prop_lut5_I0_O)        0.053    15.079 r  GEN_BRAM.u_core/alu/u_mul/u_mul/GEN_WALLACE.u_mul/result[28]_INST_0_i_27/O
                         net (fo=2, routed)           0.591    15.670    GEN_BRAM.u_core/alu/u_mul/u_mul/GEN_WALLACE.u_mul/l7[1]_24[26]
    SLICE_X16Y5          LUT2 (Prop_lut2_I0_O)        0.065    15.735 r  GEN_BRAM.u_core/alu/u_mul/u_mul/GEN_WALLACE.u_mul/result[28]_INST_0_i_6/O
                         net (fo=1, routed)           0.369    16.104    GEN_BRAM.u_core/alu/u_mul/u_mul/GEN_WALLACE.u_mul/final_a[26]
    SLICE_X19Y5          CARRY4 (Prop_carry4_DI[1]_CO[3])
                                                      0.417    16.521 r  GEN_BRAM.u_core/alu/u_mul/u_mul/GEN_WALLACE.u_mul/result[28]_INST_0_i_1/CO[3]
                         net (fo=1, routed)           0.000    16.521    GEN_BRAM.u_core/alu/u_mul/u_mul/GEN_WALLACE.u_mul/result[28]_INST_0_i_1_n_0
    SLICE_X19Y6          CARRY4 (Prop_carry4_CI_O[1])
                                                      0.213    16.734 f  GEN_BRAM.u_core/alu/u_mul/u_mul/GEN_WALLACE.u_mul/result[31]_INST_0_i_1/O[1]
                         net (fo=2, routed)           0.244    16.978    GEN_BRAM.u_core/alu/u_mul/u_mul/GEN_WALLACE.u_mul/unsigned_product[30]
    SLICE_X18Y7          LUT1 (Prop_lut1_I0_O)        0.152    17.130 r  GEN_BRAM.u_core/alu/u_mul/u_mul/GEN_WALLACE.u_mul/result[0]_INST_0_i_5/O
                         net (fo=1, routed)           0.000    17.130    GEN_BRAM.u_core/alu/u_mul/u_mul/GEN_WALLACE.u_mul/p_0_in[30]
    SLICE_X18Y7          CARRY4 (Prop_carry4_S[1]_O[3])
                                                      0.374    17.504 f  GEN_BRAM.u_core/alu/u_mul/u_mul/GEN_WALLACE.u_mul/result[0]_INST_0_i_1/O[3]
                         net (fo=1, routed)           0.461    17.965    GEN_BRAM.u_core/alu/u_mul/u_mul/GEN_WALLACE.u_mul/signed_product0[32]
    SLICE_X17Y11         LUT6 (Prop_lut6_I5_O)        0.142    18.107 f  GEN_BRAM.u_core/alu/u_mul/u_mul/GEN_WALLACE.u_mul/result[0]_INST_0/O
                         net (fo=1, routed)           0.697    18.803    GEN_BRAM.u_core/alu/mul_result[0]
    SLICE_X16Y20         LUT6 (Prop_lut6_I0_O)        0.053    18.856 f  GEN_BRAM.u_core/alu/debug_alu_out_OBUF[0]_inst_i_11/O
                         net (fo=1, routed)           0.000    18.856    GEN_BRAM.u_core/alu/debug_alu_out_OBUF[0]_inst_i_11_n_0
    SLICE_X16Y20         MUXF7 (Prop_muxf7_I1_O)      0.123    18.979 f  GEN_BRAM.u_core/alu/debug_alu_out_OBUF[0]_inst_i_4/O
                         net (fo=1, routed)           0.317    19.296    GEN_BRAM.u_core/alu/debug_alu_out_OBUF[0]_inst_i_4_n_0
    SLICE_X16Y20         LUT6 (Prop_lut6_I5_O)        0.150    19.446 f  GEN_BRAM.u_core/alu/debug_alu_out_OBUF[0]_inst_i_1/O
                         net (fo=11, routed)          1.190    20.637    GEN_BRAM.u_core/alu/D[0]
    SLICE_X11Y32         LUT2 (Prop_lut2_I1_O)        0.063    20.700 r  GEN_BRAM.u_core/alu/mem_reg_0_i_37/O
                         net (fo=33, routed)          0.831    21.531    GEN_BRAM.u_core/dmem/registers_reg_r1_0_31_6_11_i_10
    SLICE_X3Y28          LUT5 (Prop_lut5_I4_O)        0.165    21.696 r  GEN_BRAM.u_core/dmem/registers_reg_r1_0_31_0_5_i_37/O
                         net (fo=1, routed)           0.589    22.285    GEN_BRAM.u_core/wb_mux/registers_reg_r1_0_31_0_5_i_5_0
    SLICE_X3Y22          LUT6 (Prop_lut6_I5_O)        0.053    22.338 r  GEN_BRAM.u_core/wb_mux/registers_reg_r1_0_31_0_5_i_17/O
                         net (fo=1, routed)           0.323    22.660    GEN_BRAM.u_core/divider/wb_exec[2]
    SLICE_X4Y22          LUT6 (Prop_lut6_I5_O)        0.053    22.713 r  GEN_BRAM.u_core/divider/registers_reg_r1_0_31_0_5_i_5/O
                         net (fo=2, routed)           0.488    23.202    GEN_BRAM.u_core/reg_file/registers_reg_r1_0_31_0_5/DIB0
    SLICE_X6Y26          RAMD32                                       r  GEN_BRAM.u_core/reg_file/registers_reg_r1_0_31_0_5/RAMB/I
  -------------------------------------------------------------------    -------------------

                         (clock sys_clk rise edge)   30.000    30.000 r  
    AD23                                              0.000    30.000 r  clk (IN)
                         net (fo=0)                   0.000    30.000    clk
    AD23                 IBUF (Prop_ibuf_I_O)         0.796    30.796 r  clk_IBUF_inst/O
                         net (fo=1, routed)           1.741    32.537    clk_IBUF
    BUFGCTRL_X0Y0        BUFG (Prop_bufg_I_O)         0.113    32.650 r  clk_IBUF_BUFG_inst/O
                         net (fo=350, routed)         1.590    34.240    GEN_BRAM.u_core/reg_file/registers_reg_r1_0_31_0_5/WCLK
    SLICE_X6Y26          RAMD32                                       r  GEN_BRAM.u_core/reg_file/registers_reg_r1_0_31_0_5/RAMB/CLK
                         clock pessimism              0.256    34.497    
                         clock uncertainty           -0.035    34.461    
    SLICE_X6Y26          RAMD32 (Setup_ramd32_CLK_I)
                                                     -0.129    34.332    GEN_BRAM.u_core/reg_file/registers_reg_r1_0_31_0_5/RAMB
  -------------------------------------------------------------------
                         required time                         34.332    
                         arrival time                         -23.202    
  -------------------------------------------------------------------
                         slack                                 11.131    

Slack (MET) :             11.138ns  (required time - arrival time)
  Source:                 GEN_BRAM.u_core/ir_reg[18]/C
                            (rising edge-triggered cell FDCE clocked by sys_clk  {rise@0.000ns fall@15.000ns period=30.000ns})
  Destination:            GEN_BRAM.u_core/reg_file/registers_reg_r2_0_31_0_5/RAMB/I
                            (rising edge-triggered cell RAMD32 clocked by sys_clk  {rise@0.000ns fall@15.000ns period=30.000ns})
  Path Group:             sys_clk
  Path Type:              Setup (Max at Slow Process Corner)
  Requirement:            30.000ns  (sys_clk rise@30.000ns - sys_clk rise@0.000ns)
  Data Path Delay:        18.724ns  (logic 3.771ns (20.140%)  route 14.953ns (79.860%))
  Logic Levels:           26  (CARRY4=7 LUT1=1 LUT2=2 LUT3=1 LUT4=1 LUT5=4 LUT6=9 MUXF7=1)
  Clock Path Skew:        0.027ns (DCD - SCD + CPR)
    Destination Clock Delay (DCD):    4.238ns = ( 34.238 - 30.000 ) 
    Source Clock Delay      (SCD):    4.468ns
    Clock Pessimism Removal (CPR):    0.256ns
  Clock Uncertainty:      0.035ns  ((TSJ^2 + TIJ^2)^1/2 + DJ) / 2 + PE
    Total System Jitter     (TSJ):    0.071ns
    Total Input Jitter      (TIJ):    0.000ns
    Discrete Jitter          (DJ):    0.000ns
    Phase Error              (PE):    0.000ns

    Location             Delay type                Incr(ns)  Path(ns)    Netlist Resource(s)
  -------------------------------------------------------------------    -------------------
                         (clock sys_clk rise edge)    0.000     0.000 r  
    AD23                                              0.000     0.000 r  clk (IN)
                         net (fo=0)                   0.000     0.000    clk
    AD23                 IBUF (Prop_ibuf_I_O)         0.873     0.873 r  clk_IBUF_inst/O
                         net (fo=1, routed)           1.830     2.703    clk_IBUF
    BUFGCTRL_X0Y0        BUFG (Prop_bufg_I_O)         0.120     2.823 r  clk_IBUF_BUFG_inst/O
                         net (fo=350, routed)         1.645     4.468    GEN_BRAM.u_core/clk_IBUF_BUFG
    SLICE_X10Y19         FDCE                                         r  GEN_BRAM.u_core/ir_reg[18]/C
  -------------------------------------------------------------------    -------------------
    SLICE_X10Y19         FDCE (Prop_fdce_C_Q)         0.308     4.776 f  GEN_BRAM.u_core/ir_reg[18]/Q
                         net (fo=97, routed)          1.476     6.251    GEN_BRAM.u_core/reg_file/Q[17]
    SLICE_X15Y33         LUT5 (Prop_lut5_I0_O)        0.053     6.304 r  GEN_BRAM.u_core/reg_file/u_adder_i_66/O
                         net (fo=190, routed)         1.148     7.452    GEN_BRAM.u_core/alu_mux_a/result[0]_INST_0_i_41
    SLICE_X6Y20          LUT4 (Prop_lut4_I2_O)        0.053     7.505 r  GEN_BRAM.u_core/alu_mux_a/u_adder_i_32/O
                         net (fo=107, routed)         0.454     7.960    GEN_BRAM.u_core/alu/u_mul/u_mul/GEN_WALLACE.u_mul/result[2]_INST_0_i_7_n_0
    SLICE_X11Y17         CARRY4 (Prop_carry4_CYINIT_CO[3])
                                                      0.346     8.306 r  GEN_BRAM.u_core/alu/u_mul/u_mul/GEN_WALLACE.u_mul/result[2]_INST_0_i_6/CO[3]
                         net (fo=1, routed)           0.000     8.306    GEN_BRAM.u_core/alu/u_mul/u_mul/GEN_WALLACE.u_mul/result[2]_INST_0_i_6_n_0
    SLICE_X11Y18         CARRY4 (Prop_carry4_CI_CO[3])
                                                      0.058     8.364 r  GEN_BRAM.u_core/alu/u_mul/u_mul/GEN_WALLACE.u_mul/result[8]_INST_0_i_117/CO[3]
                         net (fo=1, routed)           0.000     8.364    GEN_BRAM.u_core/alu/u_mul/u_mul/GEN_WALLACE.u_mul/result[8]_INST_0_i_117_n_0
    SLICE_X11Y19         CARRY4 (Prop_carry4_CI_CO[3])
                                                      0.058     8.422 r  GEN_BRAM.u_core/alu/u_mul/u_mul/GEN_WALLACE.u_mul/result[12]_INST_0_i_87/CO[3]
                         net (fo=1, routed)           0.000     8.422    GEN_BRAM.u_core/alu/u_mul/u_mul/GEN_WALLACE.u_mul/result[12]_INST_0_i_87_n_0
    SLICE_X11Y20         CARRY4 (Prop_carry4_CI_O[0])
                                                      0.139     8.561 r  GEN_BRAM.u_core/alu/u_mul/u_mul/GEN_WALLACE.u_mul/result[20]_INST_0_i_217/O[0]
                         net (fo=2, routed)           0.717     9.278    GEN_BRAM.u_core/alu/u_mul/u_mul/GEN_WALLACE.u_mul/mag_a0[13]
    SLICE_X11Y15         LUT6 (Prop_lut6_I0_O)        0.155     9.433 r  GEN_BRAM.u_core/alu/u_mul/u_mul/GEN_WALLACE.u_mul/result[16]_INST_0_i_203/O
                         net (fo=64, routed)          1.990    11.423    GEN_BRAM.u_core/alu/u_mul/u_mul/GEN_WALLACE.u_mul/mag_a[13]
    SLICE_X29Y2          LUT6 (Prop_lut6_I0_O)        0.053    11.476 r  GEN_BRAM.u_core/alu/u_mul/u_mul/GEN_WALLACE.u_mul/result[28]_INST_0_i_239/O
                         net (fo=2, routed)           0.302    11.778    GEN_BRAM.u_core/alu/u_mul/u_mul/GEN_WALLACE.u_mul/l1[6]_32[23]
    SLICE_X29Y2          LUT3 (Prop_lut3_I1_O)        0.065    11.843 r  GEN_BRAM.u_core/alu/u_mul/u_mul/GEN_WALLACE.u_mul/result[28]_INST_0_i_178/O
                         net (fo=2, routed)           0.552    12.395    GEN_BRAM.u_core/alu/u_mul/u_mul/GEN_WALLACE.u_mul/l2[4]_50[23]
    SLICE_X31Y1          LUT5 (Prop_lut5_I4_O)        0.184    12.579 r  GEN_BRAM.u_core/alu/u_mul/u_mul/GEN_WALLACE.u_mul/result[28]_INST_0_i_87/O
                         net (fo=4, routed)           1.198    13.777    GEN_BRAM.u_core/alu/u_mul/u_mul/GEN_WALLACE.u_mul/l3[3]_2[24]
    SLICE_X17Y6          LUT6 (Prop_lut6_I3_O)        0.170    13.947 r  GEN_BRAM.u_core/alu/u_mul/u_mul/GEN_WALLACE.u_mul/result[28]_INST_0_i_69/O
                         net (fo=4, routed)           0.543    14.490    GEN_BRAM.u_core/alu/u_mul/u_mul/GEN_WALLACE.u_mul/l5[2]_17[25]
    SLICE_X21Y5          LUT6 (Prop_lut6_I5_O)        0.053    14.543 r  GEN_BRAM.u_core/alu/u_mul/u_mul/GEN_WALLACE.u_mul/result[28]_INST_0_i_38/O
                         net (fo=3, routed)           0.483    15.026    GEN_BRAM.u_core/alu/u_mul/u_mul/GEN_WALLACE.u_mul/l6[0]_23[25]
    SLICE_X20Y5          LUT5 (Prop_lut5_I0_O)        0.053    15.079 r  GEN_BRAM.u_core/alu/u_mul/u_mul/GEN_WALLACE.u_mul/result[28]_INST_0_i_27/O
                         net (fo=2, routed)           0.591    15.670    GEN_BRAM.u_core/alu/u_mul/u_mul/GEN_WALLACE.u_mul/l7[1]_24[26]
    SLICE_X16Y5          LUT2 (Prop_lut2_I0_O)        0.065    15.735 r  GEN_BRAM.u_core/alu/u_mul/u_mul/GEN_WALLACE.u_mul/result[28]_INST_0_i_6/O
                         net (fo=1, routed)           0.369    16.104    GEN_BRAM.u_core/alu/u_mul/u_mul/GEN_WALLACE.u_mul/final_a[26]
    SLICE_X19Y5          CARRY4 (Prop_carry4_DI[1]_CO[3])
                                                      0.417    16.521 r  GEN_BRAM.u_core/alu/u_mul/u_mul/GEN_WALLACE.u_mul/result[28]_INST_0_i_1/CO[3]
                         net (fo=1, routed)           0.000    16.521    GEN_BRAM.u_core/alu/u_mul/u_mul/GEN_WALLACE.u_mul/result[28]_INST_0_i_1_n_0
    SLICE_X19Y6          CARRY4 (Prop_carry4_CI_O[1])
                                                      0.213    16.734 f  GEN_BRAM.u_core/alu/u_mul/u_mul/GEN_WALLACE.u_mul/result[31]_INST_0_i_1/O[1]
                         net (fo=2, routed)           0.244    16.978    GEN_BRAM.u_core/alu/u_mul/u_mul/GEN_WALLACE.u_mul/unsigned_product[30]
    SLICE_X18Y7          LUT1 (Prop_lut1_I0_O)        0.152    17.130 r  GEN_BRAM.u_core/alu/u_mul/u_mul/GEN_WALLACE.u_mul/result[0]_INST_0_i_5/O
                         net (fo=1, routed)           0.000    17.130    GEN_BRAM.u_core/alu/u_mul/u_mul/GEN_WALLACE.u_mul/p_0_in[30]
    SLICE_X18Y7          CARRY4 (Prop_carry4_S[1]_O[3])
                                                      0.374    17.504 f  GEN_BRAM.u_core/alu/u_mul/u_mul/GEN_WALLACE.u_mul/result[0]_INST_0_i_1/O[3]
                         net (fo=1, routed)           0.461    17.965    GEN_BRAM.u_core/alu/u_mul/u_mul/GEN_WALLACE.u_mul/signed_product0[32]
    SLICE_X17Y11         LUT6 (Prop_lut6_I5_O)        0.142    18.107 f  GEN_BRAM.u_core/alu/u_mul/u_mul/GEN_WALLACE.u_mul/result[0]_INST_0/O
                         net (fo=1, routed)           0.697    18.803    GEN_BRAM.u_core/alu/mul_result[0]
    SLICE_X16Y20         LUT6 (Prop_lut6_I0_O)        0.053    18.856 f  GEN_BRAM.u_core/alu/debug_alu_out_OBUF[0]_inst_i_11/O
                         net (fo=1, routed)           0.000    18.856    GEN_BRAM.u_core/alu/debug_alu_out_OBUF[0]_inst_i_11_n_0
    SLICE_X16Y20         MUXF7 (Prop_muxf7_I1_O)      0.123    18.979 f  GEN_BRAM.u_core/alu/debug_alu_out_OBUF[0]_inst_i_4/O
                         net (fo=1, routed)           0.317    19.296    GEN_BRAM.u_core/alu/debug_alu_out_OBUF[0]_inst_i_4_n_0
    SLICE_X16Y20         LUT6 (Prop_lut6_I5_O)        0.150    19.446 f  GEN_BRAM.u_core/alu/debug_alu_out_OBUF[0]_inst_i_1/O
                         net (fo=11, routed)          1.190    20.637    GEN_BRAM.u_core/alu/D[0]
    SLICE_X11Y32         LUT2 (Prop_lut2_I1_O)        0.063    20.700 r  GEN_BRAM.u_core/alu/mem_reg_0_i_37/O
                         net (fo=33, routed)          0.831    21.531    GEN_BRAM.u_core/dmem/registers_reg_r1_0_31_6_11_i_10
    SLICE_X3Y28          LUT5 (Prop_lut5_I4_O)        0.165    21.696 r  GEN_BRAM.u_core/dmem/registers_reg_r1_0_31_0_5_i_37/O
                         net (fo=1, routed)           0.589    22.285    GEN_BRAM.u_core/wb_mux/registers_reg_r1_0_31_0_5_i_5_0
    SLICE_X3Y22          LUT6 (Prop_lut6_I5_O)        0.053    22.338 r  GEN_BRAM.u_core/wb_mux/registers_reg_r1_0_31_0_5_i_17/O
                         net (fo=1, routed)           0.323    22.660    GEN_BRAM.u_core/divider/wb_exec[2]
    SLICE_X4Y22          LUT6 (Prop_lut6_I5_O)        0.053    22.713 r  GEN_BRAM.u_core/divider/registers_reg_r1_0_31_0_5_i_5/O
                         net (fo=2, routed)           0.479    23.192    GEN_BRAM.u_core/reg_file/registers_reg_r2_0_31_0_5/DIB0
    SLICE_X6Y25          RAMD32                                       r  GEN_BRAM.u_core/reg_file/registers_reg_r2_0_31_0_5/RAMB/I
  -------------------------------------------------------------------    -------------------

                         (clock sys_clk rise edge)   30.000    30.000 r  
    AD23                                              0.000    30.000 r  clk (IN)
                         net (fo=0)                   0.000    30.000    clk
    AD23                 IBUF (Prop_ibuf_I_O)         0.796    30.796 r  clk_IBUF_inst/O
                         net (fo=1, routed)           1.741    32.537    clk_IBUF
    BUFGCTRL_X0Y0        BUFG (Prop_bufg_I_O)         0.113    32.650 r  clk_IBUF_BUFG_inst/O
                         net (fo=350, routed)         1.588    34.238    GEN_BRAM.u_core/reg_file/registers_reg_r2_0_31_0_5/WCLK
    SLICE_X6Y25          RAMD32                                       r  GEN_BRAM.u_core/reg_file/registers_reg_r2_0_31_0_5/RAMB/CLK
                         clock pessimism              0.256    34.495    
                         clock uncertainty           -0.035    34.459    
    SLICE_X6Y25          RAMD32 (Setup_ramd32_CLK_I)
                                                     -0.129    34.330    GEN_BRAM.u_core/reg_file/registers_reg_r2_0_31_0_5/RAMB
  -------------------------------------------------------------------
                         required time                         34.330    
                         arrival time                         -23.192    
  -------------------------------------------------------------------
                         slack                                 11.138    

Slack (MET) :             11.232ns  (required time - arrival time)
  Source:                 GEN_BRAM.u_core/ir_reg[18]/C
                            (rising edge-triggered cell FDCE clocked by sys_clk  {rise@0.000ns fall@15.000ns period=30.000ns})
  Destination:            GEN_BRAM.u_core/reg_file/registers_reg_r2_0_31_0_5/RAMA/I
                            (rising edge-triggered cell RAMD32 clocked by sys_clk  {rise@0.000ns fall@15.000ns period=30.000ns})
  Path Group:             sys_clk
  Path Type:              Setup (Max at Slow Process Corner)
  Requirement:            30.000ns  (sys_clk rise@30.000ns - sys_clk rise@0.000ns)
  Data Path Delay:        18.647ns  (logic 3.771ns (20.224%)  route 14.876ns (79.776%))
  Logic Levels:           26  (CARRY4=7 LUT1=1 LUT2=2 LUT3=1 LUT4=1 LUT5=4 LUT6=9 MUXF7=1)
  Clock Path Skew:        0.027ns (DCD - SCD + CPR)
    Destination Clock Delay (DCD):    4.238ns = ( 34.238 - 30.000 ) 
    Source Clock Delay      (SCD):    4.468ns
    Clock Pessimism Removal (CPR):    0.256ns
  Clock Uncertainty:      0.035ns  ((TSJ^2 + TIJ^2)^1/2 + DJ) / 2 + PE
    Total System Jitter     (TSJ):    0.071ns
    Total Input Jitter      (TIJ):    0.000ns
    Discrete Jitter          (DJ):    0.000ns
    Phase Error              (PE):    0.000ns

    Location             Delay type                Incr(ns)  Path(ns)    Netlist Resource(s)
  -------------------------------------------------------------------    -------------------
                         (clock sys_clk rise edge)    0.000     0.000 r  
    AD23                                              0.000     0.000 r  clk (IN)
                         net (fo=0)                   0.000     0.000    clk
    AD23                 IBUF (Prop_ibuf_I_O)         0.873     0.873 r  clk_IBUF_inst/O
                         net (fo=1, routed)           1.830     2.703    clk_IBUF
    BUFGCTRL_X0Y0        BUFG (Prop_bufg_I_O)         0.120     2.823 r  clk_IBUF_BUFG_inst/O
                         net (fo=350, routed)         1.645     4.468    GEN_BRAM.u_core/clk_IBUF_BUFG
    SLICE_X10Y19         FDCE                                         r  GEN_BRAM.u_core/ir_reg[18]/C
  -------------------------------------------------------------------    -------------------
    SLICE_X10Y19         FDCE (Prop_fdce_C_Q)         0.308     4.776 f  GEN_BRAM.u_core/ir_reg[18]/Q
                         net (fo=97, routed)          1.476     6.251    GEN_BRAM.u_core/reg_file/Q[17]
    SLICE_X15Y33         LUT5 (Prop_lut5_I0_O)        0.053     6.304 r  GEN_BRAM.u_core/reg_file/u_adder_i_66/O
                         net (fo=190, routed)         1.148     7.452    GEN_BRAM.u_core/alu_mux_a/result[0]_INST_0_i_41
    SLICE_X6Y20          LUT4 (Prop_lut4_I2_O)        0.053     7.505 r  GEN_BRAM.u_core/alu_mux_a/u_adder_i_32/O
                         net (fo=107, routed)         0.454     7.960    GEN_BRAM.u_core/alu/u_mul/u_mul/GEN_WALLACE.u_mul/result[2]_INST_0_i_7_n_0
    SLICE_X11Y17         CARRY4 (Prop_carry4_CYINIT_CO[3])
                                                      0.346     8.306 r  GEN_BRAM.u_core/alu/u_mul/u_mul/GEN_WALLACE.u_mul/result[2]_INST_0_i_6/CO[3]
                         net (fo=1, routed)           0.000     8.306    GEN_BRAM.u_core/alu/u_mul/u_mul/GEN_WALLACE.u_mul/result[2]_INST_0_i_6_n_0
    SLICE_X11Y18         CARRY4 (Prop_carry4_CI_CO[3])
                                                      0.058     8.364 r  GEN_BRAM.u_core/alu/u_mul/u_mul/GEN_WALLACE.u_mul/result[8]_INST_0_i_117/CO[3]
                         net (fo=1, routed)           0.000     8.364    GEN_BRAM.u_core/alu/u_mul/u_mul/GEN_WALLACE.u_mul/result[8]_INST_0_i_117_n_0
    SLICE_X11Y19         CARRY4 (Prop_carry4_CI_CO[3])
                                                      0.058     8.422 r  GEN_BRAM.u_core/alu/u_mul/u_mul/GEN_WALLACE.u_mul/result[12]_INST_0_i_87/CO[3]
                         net (fo=1, routed)           0.000     8.422    GEN_BRAM.u_core/alu/u_mul/u_mul/GEN_WALLACE.u_mul/result[12]_INST_0_i_87_n_0
    SLICE_X11Y20         CARRY4 (Prop_carry4_CI_O[0])
                                                      0.139     8.561 r  GEN_BRAM.u_core/alu/u_mul/u_mul/GEN_WALLACE.u_mul/result[20]_INST_0_i_217/O[0]
                         net (fo=2, routed)           0.717     9.278    GEN_BRAM.u_core/alu/u_mul/u_mul/GEN_WALLACE.u_mul/mag_a0[13]
    SLICE_X11Y15         LUT6 (Prop_lut6_I0_O)        0.155     9.433 r  GEN_BRAM.u_core/alu/u_mul/u_mul/GEN_WALLACE.u_mul/result[16]_INST_0_i_203/O
                         net (fo=64, routed)          1.990    11.423    GEN_BRAM.u_core/alu/u_mul/u_mul/GEN_WALLACE.u_mul/mag_a[13]
    SLICE_X29Y2          LUT6 (Prop_lut6_I0_O)        0.053    11.476 r  GEN_BRAM.u_core/alu/u_mul/u_mul/GEN_WALLACE.u_mul/result[28]_INST_0_i_239/O
                         net (fo=2, routed)           0.302    11.778    GEN_BRAM.u_core/alu/u_mul/u_mul/GEN_WALLACE.u_mul/l1[6]_32[23]
    SLICE_X29Y2          LUT3 (Prop_lut3_I1_O)        0.065    11.843 r  GEN_BRAM.u_core/alu/u_mul/u_mul/GEN_WALLACE.u_mul/result[28]_INST_0_i_178/O
                         net (fo=2, routed)           0.552    12.395    GEN_BRAM.u_core/alu/u_mul/u_mul/GEN_WALLACE.u_mul/l2[4]_50[23]
    SLICE_X31Y1          LUT5 (Prop_lut5_I4_O)        0.184    12.579 r  GEN_BRAM.u_core/alu/u_mul/u_mul/GEN_WALLACE.u_mul/result[28]_INST_0_i_87/O
                         net (fo=4, routed)           1.198    13.777    GEN_BRAM.u_core/alu/u_mul/u_mul/GEN_WALLACE.u_mul/l3[3]_2[24]
    SLICE_X17Y6          LUT6 (Prop_lut6_I3_O)        0.170    13.947 r  GEN_BRAM.u_core/alu/u_mul/u_mul/GEN_WALLACE.u_mul/result[28]_INST_0_i_69/O
                         net (fo=4, routed)           0.543    14.490    GEN_BRAM.u_core/alu/u_mul/u_mul/GEN_WALLACE.u_mul/l5[2]_17[25]
    SLICE_X21Y5          LUT6 (Prop_lut6_I5_O)        0.053    14.543 r  GEN_BRAM.u_core/alu/u_mul/u_mul/GEN_WALLACE.u_mul/result[28]_INST_0_i_38/O
                         net (fo=3, routed)           0.483    15.026    GEN_BRAM.u_core/alu/u_mul/u_mul/GEN_WALLACE.u_mul/l6[0]_23[25]
    SLICE_X20Y5          LUT5 (Prop_lut5_I0_O)        0.053    15.079 r  GEN_BRAM.u_core/alu/u_mul/u_mul/GEN_WALLACE.u_mul/result[28]_INST_0_i_27/O
                         net (fo=2, routed)           0.591    15.670    GEN_BRAM.u_core/alu/u_mul/u_mul/GEN_WALLACE.u_mul/l7[1]_24[26]
    SLICE_X16Y5          LUT2 (Prop_lut2_I0_O)        0.065    15.735 r  GEN_BRAM.u_core/alu/u_mul/u_mul/GEN_WALLACE.u_mul/result[28]_INST_0_i_6/O
                         net (fo=1, routed)           0.369    16.104    GEN_BRAM.u_core/alu/u_mul/u_mul/GEN_WALLACE.u_mul/final_a[26]
    SLICE_X19Y5          CARRY4 (Prop_carry4_DI[1]_CO[3])
                                                      0.417    16.521 r  GEN_BRAM.u_core/alu/u_mul/u_mul/GEN_WALLACE.u_mul/result[28]_INST_0_i_1/CO[3]
                         net (fo=1, routed)           0.000    16.521    GEN_BRAM.u_core/alu/u_mul/u_mul/GEN_WALLACE.u_mul/result[28]_INST_0_i_1_n_0
    SLICE_X19Y6          CARRY4 (Prop_carry4_CI_O[1])
                                                      0.213    16.734 f  GEN_BRAM.u_core/alu/u_mul/u_mul/GEN_WALLACE.u_mul/result[31]_INST_0_i_1/O[1]
                         net (fo=2, routed)           0.244    16.978    GEN_BRAM.u_core/alu/u_mul/u_mul/GEN_WALLACE.u_mul/unsigned_product[30]
    SLICE_X18Y7          LUT1 (Prop_lut1_I0_O)        0.152    17.130 r  GEN_BRAM.u_core/alu/u_mul/u_mul/GEN_WALLACE.u_mul/result[0]_INST_0_i_5/O
                         net (fo=1, routed)           0.000    17.130    GEN_BRAM.u_core/alu/u_mul/u_mul/GEN_WALLACE.u_mul/p_0_in[30]
    SLICE_X18Y7          CARRY4 (Prop_carry4_S[1]_O[3])
                                                      0.374    17.504 f  GEN_BRAM.u_core/alu/u_mul/u_mul/GEN_WALLACE.u_mul/result[0]_INST_0_i_1/O[3]
                         net (fo=1, routed)           0.461    17.965    GEN_BRAM.u_core/alu/u_mul/u_mul/GEN_WALLACE.u_mul/signed_product0[32]
    SLICE_X17Y11         LUT6 (Prop_lut6_I5_O)        0.142    18.107 f  GEN_BRAM.u_core/alu/u_mul/u_mul/GEN_WALLACE.u_mul/result[0]_INST_0/O
                         net (fo=1, routed)           0.697    18.803    GEN_BRAM.u_core/alu/mul_result[0]
    SLICE_X16Y20         LUT6 (Prop_lut6_I0_O)        0.053    18.856 f  GEN_BRAM.u_core/alu/debug_alu_out_OBUF[0]_inst_i_11/O
                         net (fo=1, routed)           0.000    18.856    GEN_BRAM.u_core/alu/debug_alu_out_OBUF[0]_inst_i_11_n_0
    SLICE_X16Y20         MUXF7 (Prop_muxf7_I1_O)      0.123    18.979 f  GEN_BRAM.u_core/alu/debug_alu_out_OBUF[0]_inst_i_4/O
                         net (fo=1, routed)           0.317    19.296    GEN_BRAM.u_core/alu/debug_alu_out_OBUF[0]_inst_i_4_n_0
    SLICE_X16Y20         LUT6 (Prop_lut6_I5_O)        0.150    19.446 f  GEN_BRAM.u_core/alu/debug_alu_out_OBUF[0]_inst_i_1/O
                         net (fo=11, routed)          1.190    20.637    GEN_BRAM.u_core/alu/D[0]
    SLICE_X11Y32         LUT2 (Prop_lut2_I1_O)        0.063    20.700 r  GEN_BRAM.u_core/alu/mem_reg_0_i_37/O
                         net (fo=33, routed)          0.852    21.552    GEN_BRAM.u_core/dmem/registers_reg_r1_0_31_6_11_i_10
    SLICE_X2Y26          LUT5 (Prop_lut5_I3_O)        0.165    21.717 r  GEN_BRAM.u_core/dmem/registers_reg_r1_0_31_0_5_i_29/O
                         net (fo=1, routed)           0.480    22.197    GEN_BRAM.u_core/wb_mux/registers_reg_r1_0_31_0_5_i_3_0
    SLICE_X2Y24          LUT6 (Prop_lut6_I4_O)        0.053    22.250 r  GEN_BRAM.u_core/wb_mux/registers_reg_r1_0_31_0_5_i_13/O
                         net (fo=1, routed)           0.428    22.677    GEN_BRAM.u_core/divider/wb_exec[0]
    SLICE_X2Y24          LUT6 (Prop_lut6_I5_O)        0.053    22.730 r  GEN_BRAM.u_core/divider/registers_reg_r1_0_31_0_5_i_3/O
                         net (fo=2, routed)           0.384    23.114    GEN_BRAM.u_core/reg_file/registers_reg_r2_0_31_0_5/DIA0
    SLICE_X6Y25          RAMD32                                       r  GEN_BRAM.u_core/reg_file/registers_reg_r2_0_31_0_5/RAMA/I
  -------------------------------------------------------------------    -------------------

                         (clock sys_clk rise edge)   30.000    30.000 r  
    AD23                                              0.000    30.000 r  clk (IN)
                         net (fo=0)                   0.000    30.000    clk
    AD23                 IBUF (Prop_ibuf_I_O)         0.796    30.796 r  clk_IBUF_inst/O
                         net (fo=1, routed)           1.741    32.537    clk_IBUF
    BUFGCTRL_X0Y0        BUFG (Prop_bufg_I_O)         0.113    32.650 r  clk_IBUF_BUFG_inst/O
                         net (fo=350, routed)         1.588    34.238    GEN_BRAM.u_core/reg_file/registers_reg_r2_0_31_0_5/WCLK
    SLICE_X6Y25          RAMD32                                       r  GEN_BRAM.u_core/reg_file/registers_reg_r2_0_31_0_5/RAMA/CLK
                         clock pessimism              0.256    34.495    
                         clock uncertainty           -0.035    34.459    
    SLICE_X6Y25          RAMD32 (Setup_ramd32_CLK_I)
                                                     -0.113    34.346    GEN_BRAM.u_core/reg_file/registers_reg_r2_0_31_0_5/RAMA
  -------------------------------------------------------------------
                         required time                         34.346    
                         arrival time                         -23.114    
  -------------------------------------------------------------------
                         slack                                 11.232    

Slack (MET) :             11.330ns  (required time - arrival time)
  Source:                 GEN_BRAM.u_core/ir_reg[18]/C
                            (rising edge-triggered cell FDCE clocked by sys_clk  {rise@0.000ns fall@15.000ns period=30.000ns})
  Destination:            GEN_BRAM.u_core/reg_file/registers_reg_r1_0_31_0_5/RAMC/I
                            (rising edge-triggered cell RAMD32 clocked by sys_clk  {rise@0.000ns fall@15.000ns period=30.000ns})
  Path Group:             sys_clk
  Path Type:              Setup (Max at Slow Process Corner)
  Requirement:            30.000ns  (sys_clk rise@30.000ns - sys_clk rise@0.000ns)
  Data Path Delay:        18.531ns  (logic 3.771ns (20.349%)  route 14.760ns (79.651%))
  Logic Levels:           26  (CARRY4=7 LUT1=1 LUT2=2 LUT3=1 LUT4=1 LUT5=4 LUT6=9 MUXF7=1)
  Clock Path Skew:        0.029ns (DCD - SCD + CPR)
    Destination Clock Delay (DCD):    4.240ns = ( 34.240 - 30.000 ) 
    Source Clock Delay      (SCD):    4.468ns
    Clock Pessimism Removal (CPR):    0.256ns
  Clock Uncertainty:      0.035ns  ((TSJ^2 + TIJ^2)^1/2 + DJ) / 2 + PE
    Total System Jitter     (TSJ):    0.071ns
    Total Input Jitter      (TIJ):    0.000ns
    Discrete Jitter          (DJ):    0.000ns
    Phase Error              (PE):    0.000ns

    Location             Delay type                Incr(ns)  Path(ns)    Netlist Resource(s)
  -------------------------------------------------------------------    -------------------
                         (clock sys_clk rise edge)    0.000     0.000 r  
    AD23                                              0.000     0.000 r  clk (IN)
                         net (fo=0)                   0.000     0.000    clk
    AD23                 IBUF (Prop_ibuf_I_O)         0.873     0.873 r  clk_IBUF_inst/O
                         net (fo=1, routed)           1.830     2.703    clk_IBUF
    BUFGCTRL_X0Y0        BUFG (Prop_bufg_I_O)         0.120     2.823 r  clk_IBUF_BUFG_inst/O
                         net (fo=350, routed)         1.645     4.468    GEN_BRAM.u_core/clk_IBUF_BUFG
    SLICE_X10Y19         FDCE                                         r  GEN_BRAM.u_core/ir_reg[18]/C
  -------------------------------------------------------------------    -------------------
    SLICE_X10Y19         FDCE (Prop_fdce_C_Q)         0.308     4.776 f  GEN_BRAM.u_core/ir_reg[18]/Q
                         net (fo=97, routed)          1.476     6.251    GEN_BRAM.u_core/reg_file/Q[17]
    SLICE_X15Y33         LUT5 (Prop_lut5_I0_O)        0.053     6.304 r  GEN_BRAM.u_core/reg_file/u_adder_i_66/O
                         net (fo=190, routed)         1.148     7.452    GEN_BRAM.u_core/alu_mux_a/result[0]_INST_0_i_41
    SLICE_X6Y20          LUT4 (Prop_lut4_I2_O)        0.053     7.505 r  GEN_BRAM.u_core/alu_mux_a/u_adder_i_32/O
                         net (fo=107, routed)         0.454     7.960    GEN_BRAM.u_core/alu/u_mul/u_mul/GEN_WALLACE.u_mul/result[2]_INST_0_i_7_n_0
    SLICE_X11Y17         CARRY4 (Prop_carry4_CYINIT_CO[3])
                                                      0.346     8.306 r  GEN_BRAM.u_core/alu/u_mul/u_mul/GEN_WALLACE.u_mul/result[2]_INST_0_i_6/CO[3]
                         net (fo=1, routed)           0.000     8.306    GEN_BRAM.u_core/alu/u_mul/u_mul/GEN_WALLACE.u_mul/result[2]_INST_0_i_6_n_0
    SLICE_X11Y18         CARRY4 (Prop_carry4_CI_CO[3])
                                                      0.058     8.364 r  GEN_BRAM.u_core/alu/u_mul/u_mul/GEN_WALLACE.u_mul/result[8]_INST_0_i_117/CO[3]
                         net (fo=1, routed)           0.000     8.364    GEN_BRAM.u_core/alu/u_mul/u_mul/GEN_WALLACE.u_mul/result[8]_INST_0_i_117_n_0
    SLICE_X11Y19         CARRY4 (Prop_carry4_CI_CO[3])
                                                      0.058     8.422 r  GEN_BRAM.u_core/alu/u_mul/u_mul/GEN_WALLACE.u_mul/result[12]_INST_0_i_87/CO[3]
                         net (fo=1, routed)           0.000     8.422    GEN_BRAM.u_core/alu/u_mul/u_mul/GEN_WALLACE.u_mul/result[12]_INST_0_i_87_n_0
    SLICE_X11Y20         CARRY4 (Prop_carry4_CI_O[0])
                                                      0.139     8.561 r  GEN_BRAM.u_core/alu/u_mul/u_mul/GEN_WALLACE.u_mul/result[20]_INST_0_i_217/O[0]
                         net (fo=2, routed)           0.717     9.278    GEN_BRAM.u_core/alu/u_mul/u_mul/GEN_WALLACE.u_mul/mag_a0[13]
    SLICE_X11Y15         LUT6 (Prop_lut6_I0_O)        0.155     9.433 r  GEN_BRAM.u_core/alu/u_mul/u_mul/GEN_WALLACE.u_mul/result[16]_INST_0_i_203/O
                         net (fo=64, routed)          1.990    11.423    GEN_BRAM.u_core/alu/u_mul/u_mul/GEN_WALLACE.u_mul/mag_a[13]
    SLICE_X29Y2          LUT6 (Prop_lut6_I0_O)        0.053    11.476 r  GEN_BRAM.u_core/alu/u_mul/u_mul/GEN_WALLACE.u_mul/result[28]_INST_0_i_239/O
                         net (fo=2, routed)           0.302    11.778    GEN_BRAM.u_core/alu/u_mul/u_mul/GEN_WALLACE.u_mul/l1[6]_32[23]
    SLICE_X29Y2          LUT3 (Prop_lut3_I1_O)        0.065    11.843 r  GEN_BRAM.u_core/alu/u_mul/u_mul/GEN_WALLACE.u_mul/result[28]_INST_0_i_178/O
                         net (fo=2, routed)           0.552    12.395    GEN_BRAM.u_core/alu/u_mul/u_mul/GEN_WALLACE.u_mul/l2[4]_50[23]
    SLICE_X31Y1          LUT5 (Prop_lut5_I4_O)        0.184    12.579 r  GEN_BRAM.u_core/alu/u_mul/u_mul/GEN_WALLACE.u_mul/result[28]_INST_0_i_87/O
                         net (fo=4, routed)           1.198    13.777    GEN_BRAM.u_core/alu/u_mul/u_mul/GEN_WALLACE.u_mul/l3[3]_2[24]
    SLICE_X17Y6          LUT6 (Prop_lut6_I3_O)        0.170    13.947 r  GEN_BRAM.u_core/alu/u_mul/u_mul/GEN_WALLACE.u_mul/result[28]_INST_0_i_69/O
                         net (fo=4, routed)           0.543    14.490    GEN_BRAM.u_core/alu/u_mul/u_mul/GEN_WALLACE.u_mul/l5[2]_17[25]
    SLICE_X21Y5          LUT6 (Prop_lut6_I5_O)        0.053    14.543 r  GEN_BRAM.u_core/alu/u_mul/u_mul/GEN_WALLACE.u_mul/result[28]_INST_0_i_38/O
                         net (fo=3, routed)           0.483    15.026    GEN_BRAM.u_core/alu/u_mul/u_mul/GEN_WALLACE.u_mul/l6[0]_23[25]
    SLICE_X20Y5          LUT5 (Prop_lut5_I0_O)        0.053    15.079 r  GEN_BRAM.u_core/alu/u_mul/u_mul/GEN_WALLACE.u_mul/result[28]_INST_0_i_27/O
                         net (fo=2, routed)           0.591    15.670    GEN_BRAM.u_core/alu/u_mul/u_mul/GEN_WALLACE.u_mul/l7[1]_24[26]
    SLICE_X16Y5          LUT2 (Prop_lut2_I0_O)        0.065    15.735 r  GEN_BRAM.u_core/alu/u_mul/u_mul/GEN_WALLACE.u_mul/result[28]_INST_0_i_6/O
                         net (fo=1, routed)           0.369    16.104    GEN_BRAM.u_core/alu/u_mul/u_mul/GEN_WALLACE.u_mul/final_a[26]
    SLICE_X19Y5          CARRY4 (Prop_carry4_DI[1]_CO[3])
                                                      0.417    16.521 r  GEN_BRAM.u_core/alu/u_mul/u_mul/GEN_WALLACE.u_mul/result[28]_INST_0_i_1/CO[3]
                         net (fo=1, routed)           0.000    16.521    GEN_BRAM.u_core/alu/u_mul/u_mul/GEN_WALLACE.u_mul/result[28]_INST_0_i_1_n_0
    SLICE_X19Y6          CARRY4 (Prop_carry4_CI_O[1])
                                                      0.213    16.734 f  GEN_BRAM.u_core/alu/u_mul/u_mul/GEN_WALLACE.u_mul/result[31]_INST_0_i_1/O[1]
                         net (fo=2, routed)           0.244    16.978    GEN_BRAM.u_core/alu/u_mul/u_mul/GEN_WALLACE.u_mul/unsigned_product[30]
    SLICE_X18Y7          LUT1 (Prop_lut1_I0_O)        0.152    17.130 r  GEN_BRAM.u_core/alu/u_mul/u_mul/GEN_WALLACE.u_mul/result[0]_INST_0_i_5/O
                         net (fo=1, routed)           0.000    17.130    GEN_BRAM.u_core/alu/u_mul/u_mul/GEN_WALLACE.u_mul/p_0_in[30]
    SLICE_X18Y7          CARRY4 (Prop_carry4_S[1]_O[3])
                                                      0.374    17.504 f  GEN_BRAM.u_core/alu/u_mul/u_mul/GEN_WALLACE.u_mul/result[0]_INST_0_i_1/O[3]
                         net (fo=1, routed)           0.461    17.965    GEN_BRAM.u_core/alu/u_mul/u_mul/GEN_WALLACE.u_mul/signed_product0[32]
    SLICE_X17Y11         LUT6 (Prop_lut6_I5_O)        0.142    18.107 f  GEN_BRAM.u_core/alu/u_mul/u_mul/GEN_WALLACE.u_mul/result[0]_INST_0/O
                         net (fo=1, routed)           0.697    18.803    GEN_BRAM.u_core/alu/mul_result[0]
    SLICE_X16Y20         LUT6 (Prop_lut6_I0_O)        0.053    18.856 f  GEN_BRAM.u_core/alu/debug_alu_out_OBUF[0]_inst_i_11/O
                         net (fo=1, routed)           0.000    18.856    GEN_BRAM.u_core/alu/debug_alu_out_OBUF[0]_inst_i_11_n_0
    SLICE_X16Y20         MUXF7 (Prop_muxf7_I1_O)      0.123    18.979 f  GEN_BRAM.u_core/alu/debug_alu_out_OBUF[0]_inst_i_4/O
                         net (fo=1, routed)           0.317    19.296    GEN_BRAM.u_core/alu/debug_alu_out_OBUF[0]_inst_i_4_n_0
    SLICE_X16Y20         LUT6 (Prop_lut6_I5_O)        0.150    19.446 f  GEN_BRAM.u_core/alu/debug_alu_out_OBUF[0]_inst_i_1/O
                         net (fo=11, routed)          1.190    20.637    GEN_BRAM.u_core/alu/D[0]
    SLICE_X11Y32         LUT2 (Prop_lut2_I1_O)        0.063    20.700 r  GEN_BRAM.u_core/alu/mem_reg_0_i_37/O
                         net (fo=33, routed)          0.724    21.424    GEN_BRAM.u_core/dmem/registers_reg_r1_0_31_6_11_i_10
    SLICE_X1Y26          LUT5 (Prop_lut5_I4_O)        0.165    21.589 r  GEN_BRAM.u_core/dmem/registers_reg_r1_0_31_0_5_i_43/O
                         net (fo=1, routed)           0.417    22.006    GEN_BRAM.u_core/wb_mux/registers_reg_r1_0_31_0_5_i_7_0
    SLICE_X0Y25          LUT6 (Prop_lut6_I5_O)        0.053    22.059 r  GEN_BRAM.u_core/wb_mux/registers_reg_r1_0_31_0_5_i_21/O
                         net (fo=1, routed)           0.319    22.378    GEN_BRAM.u_core/divider/wb_exec[4]
    SLICE_X0Y25          LUT6 (Prop_lut6_I5_O)        0.053    22.431 r  GEN_BRAM.u_core/divider/registers_reg_r1_0_31_0_5_i_7/O
                         net (fo=2, routed)           0.568    22.999    GEN_BRAM.u_core/reg_file/registers_reg_r1_0_31_0_5/DIC0
    SLICE_X6Y26          RAMD32                                       r  GEN_BRAM.u_core/reg_file/registers_reg_r1_0_31_0_5/RAMC/I
  -------------------------------------------------------------------    -------------------

                         (clock sys_clk rise edge)   30.000    30.000 r  
    AD23                                              0.000    30.000 r  clk (IN)
                         net (fo=0)                   0.000    30.000    clk
    AD23                 IBUF (Prop_ibuf_I_O)         0.796    30.796 r  clk_IBUF_inst/O
                         net (fo=1, routed)           1.741    32.537    clk_IBUF
    BUFGCTRL_X0Y0        BUFG (Prop_bufg_I_O)         0.113    32.650 r  clk_IBUF_BUFG_inst/O
                         net (fo=350, routed)         1.590    34.240    GEN_BRAM.u_core/reg_file/registers_reg_r1_0_31_0_5/WCLK
    SLICE_X6Y26          RAMD32                                       r  GEN_BRAM.u_core/reg_file/registers_reg_r1_0_31_0_5/RAMC/CLK
                         clock pessimism              0.256    34.497    
                         clock uncertainty           -0.035    34.461    
    SLICE_X6Y26          RAMD32 (Setup_ramd32_CLK_I)
                                                     -0.132    34.329    GEN_BRAM.u_core/reg_file/registers_reg_r1_0_31_0_5/RAMC
  -------------------------------------------------------------------
                         required time                         34.329    
                         arrival time                         -22.999    
  -------------------------------------------------------------------
                         slack                                 11.330    

Slack (MET) :             11.334ns  (required time - arrival time)
  Source:                 GEN_BRAM.u_core/ir_reg[18]/C
                            (rising edge-triggered cell FDCE clocked by sys_clk  {rise@0.000ns fall@15.000ns period=30.000ns})
  Destination:            GEN_BRAM.u_core/reg_file/registers_reg_r2_0_31_0_5/RAMA_D1/I
                            (rising edge-triggered cell RAMD32 clocked by sys_clk  {rise@0.000ns fall@15.000ns period=30.000ns})
  Path Group:             sys_clk
  Path Type:              Setup (Max at Slow Process Corner)
  Requirement:            30.000ns  (sys_clk rise@30.000ns - sys_clk rise@0.000ns)
  Data Path Delay:        18.492ns  (logic 3.771ns (20.392%)  route 14.721ns (79.608%))
  Logic Levels:           26  (CARRY4=7 LUT1=1 LUT2=2 LUT3=1 LUT4=1 LUT5=4 LUT6=9 MUXF7=1)
  Clock Path Skew:        0.027ns (DCD - SCD + CPR)
    Destination Clock Delay (DCD):    4.238ns = ( 34.238 - 30.000 ) 
    Source Clock Delay      (SCD):    4.468ns
    Clock Pessimism Removal (CPR):    0.256ns
  Clock Uncertainty:      0.035ns  ((TSJ^2 + TIJ^2)^1/2 + DJ) / 2 + PE
    Total System Jitter     (TSJ):    0.071ns
    Total Input Jitter      (TIJ):    0.000ns
    Discrete Jitter          (DJ):    0.000ns
    Phase Error              (PE):    0.000ns

    Location             Delay type                Incr(ns)  Path(ns)    Netlist Resource(s)
  -------------------------------------------------------------------    -------------------
                         (clock sys_clk rise edge)    0.000     0.000 r  
    AD23                                              0.000     0.000 r  clk (IN)
                         net (fo=0)                   0.000     0.000    clk
    AD23                 IBUF (Prop_ibuf_I_O)         0.873     0.873 r  clk_IBUF_inst/O
                         net (fo=1, routed)           1.830     2.703    clk_IBUF
    BUFGCTRL_X0Y0        BUFG (Prop_bufg_I_O)         0.120     2.823 r  clk_IBUF_BUFG_inst/O
                         net (fo=350, routed)         1.645     4.468    GEN_BRAM.u_core/clk_IBUF_BUFG
    SLICE_X10Y19         FDCE                                         r  GEN_BRAM.u_core/ir_reg[18]/C
  -------------------------------------------------------------------    -------------------
    SLICE_X10Y19         FDCE (Prop_fdce_C_Q)         0.308     4.776 f  GEN_BRAM.u_core/ir_reg[18]/Q
                         net (fo=97, routed)          1.476     6.251    GEN_BRAM.u_core/reg_file/Q[17]
    SLICE_X15Y33         LUT5 (Prop_lut5_I0_O)        0.053     6.304 r  GEN_BRAM.u_core/reg_file/u_adder_i_66/O
                         net (fo=190, routed)         1.148     7.452    GEN_BRAM.u_core/alu_mux_a/result[0]_INST_0_i_41
    SLICE_X6Y20          LUT4 (Prop_lut4_I2_O)        0.053     7.505 r  GEN_BRAM.u_core/alu_mux_a/u_adder_i_32/O
                         net (fo=107, routed)         0.454     7.960    GEN_BRAM.u_core/alu/u_mul/u_mul/GEN_WALLACE.u_mul/result[2]_INST_0_i_7_n_0
    SLICE_X11Y17         CARRY4 (Prop_carry4_CYINIT_CO[3])
                                                      0.346     8.306 r  GEN_BRAM.u_core/alu/u_mul/u_mul/GEN_WALLACE.u_mul/result[2]_INST_0_i_6/CO[3]
                         net (fo=1, routed)           0.000     8.306    GEN_BRAM.u_core/alu/u_mul/u_mul/GEN_WALLACE.u_mul/result[2]_INST_0_i_6_n_0
    SLICE_X11Y18         CARRY4 (Prop_carry4_CI_CO[3])
                                                      0.058     8.364 r  GEN_BRAM.u_core/alu/u_mul/u_mul/GEN_WALLACE.u_mul/result[8]_INST_0_i_117/CO[3]
                         net (fo=1, routed)           0.000     8.364    GEN_BRAM.u_core/alu/u_mul/u_mul/GEN_WALLACE.u_mul/result[8]_INST_0_i_117_n_0
    SLICE_X11Y19         CARRY4 (Prop_carry4_CI_CO[3])
                                                      0.058     8.422 r  GEN_BRAM.u_core/alu/u_mul/u_mul/GEN_WALLACE.u_mul/result[12]_INST_0_i_87/CO[3]
                         net (fo=1, routed)           0.000     8.422    GEN_BRAM.u_core/alu/u_mul/u_mul/GEN_WALLACE.u_mul/result[12]_INST_0_i_87_n_0
    SLICE_X11Y20         CARRY4 (Prop_carry4_CI_O[0])
                                                      0.139     8.561 r  GEN_BRAM.u_core/alu/u_mul/u_mul/GEN_WALLACE.u_mul/result[20]_INST_0_i_217/O[0]
                         net (fo=2, routed)           0.717     9.278    GEN_BRAM.u_core/alu/u_mul/u_mul/GEN_WALLACE.u_mul/mag_a0[13]
    SLICE_X11Y15         LUT6 (Prop_lut6_I0_O)        0.155     9.433 r  GEN_BRAM.u_core/alu/u_mul/u_mul/GEN_WALLACE.u_mul/result[16]_INST_0_i_203/O
                         net (fo=64, routed)          1.990    11.423    GEN_BRAM.u_core/alu/u_mul/u_mul/GEN_WALLACE.u_mul/mag_a[13]
    SLICE_X29Y2          LUT6 (Prop_lut6_I0_O)        0.053    11.476 r  GEN_BRAM.u_core/alu/u_mul/u_mul/GEN_WALLACE.u_mul/result[28]_INST_0_i_239/O
                         net (fo=2, routed)           0.302    11.778    GEN_BRAM.u_core/alu/u_mul/u_mul/GEN_WALLACE.u_mul/l1[6]_32[23]
    SLICE_X29Y2          LUT3 (Prop_lut3_I1_O)        0.065    11.843 r  GEN_BRAM.u_core/alu/u_mul/u_mul/GEN_WALLACE.u_mul/result[28]_INST_0_i_178/O
                         net (fo=2, routed)           0.552    12.395    GEN_BRAM.u_core/alu/u_mul/u_mul/GEN_WALLACE.u_mul/l2[4]_50[23]
    SLICE_X31Y1          LUT5 (Prop_lut5_I4_O)        0.184    12.579 r  GEN_BRAM.u_core/alu/u_mul/u_mul/GEN_WALLACE.u_mul/result[28]_INST_0_i_87/O
                         net (fo=4, routed)           1.198    13.777    GEN_BRAM.u_core/alu/u_mul/u_mul/GEN_WALLACE.u_mul/l3[3]_2[24]
    SLICE_X17Y6          LUT6 (Prop_lut6_I3_O)        0.170    13.947 r  GEN_BRAM.u_core/alu/u_mul/u_mul/GEN_WALLACE.u_mul/result[28]_INST_0_i_69/O
                         net (fo=4, routed)           0.543    14.490    GEN_BRAM.u_core/alu/u_mul/u_mul/GEN_WALLACE.u_mul/l5[2]_17[25]
    SLICE_X21Y5          LUT6 (Prop_lut6_I5_O)        0.053    14.543 r  GEN_BRAM.u_core/alu/u_mul/u_mul/GEN_WALLACE.u_mul/result[28]_INST_0_i_38/O
                         net (fo=3, routed)           0.483    15.026    GEN_BRAM.u_core/alu/u_mul/u_mul/GEN_WALLACE.u_mul/l6[0]_23[25]
    SLICE_X20Y5          LUT5 (Prop_lut5_I0_O)        0.053    15.079 r  GEN_BRAM.u_core/alu/u_mul/u_mul/GEN_WALLACE.u_mul/result[28]_INST_0_i_27/O
                         net (fo=2, routed)           0.591    15.670    GEN_BRAM.u_core/alu/u_mul/u_mul/GEN_WALLACE.u_mul/l7[1]_24[26]
    SLICE_X16Y5          LUT2 (Prop_lut2_I0_O)        0.065    15.735 r  GEN_BRAM.u_core/alu/u_mul/u_mul/GEN_WALLACE.u_mul/result[28]_INST_0_i_6/O
                         net (fo=1, routed)           0.369    16.104    GEN_BRAM.u_core/alu/u_mul/u_mul/GEN_WALLACE.u_mul/final_a[26]
    SLICE_X19Y5          CARRY4 (Prop_carry4_DI[1]_CO[3])
                                                      0.417    16.521 r  GEN_BRAM.u_core/alu/u_mul/u_mul/GEN_WALLACE.u_mul/result[28]_INST_0_i_1/CO[3]
                         net (fo=1, routed)           0.000    16.521    GEN_BRAM.u_core/alu/u_mul/u_mul/GEN_WALLACE.u_mul/result[28]_INST_0_i_1_n_0
    SLICE_X19Y6          CARRY4 (Prop_carry4_CI_O[1])
                                                      0.213    16.734 f  GEN_BRAM.u_core/alu/u_mul/u_mul/GEN_WALLACE.u_mul/result[31]_INST_0_i_1/O[1]
                         net (fo=2, routed)           0.244    16.978    GEN_BRAM.u_core/alu/u_mul/u_mul/GEN_WALLACE.u_mul/unsigned_product[30]
    SLICE_X18Y7          LUT1 (Prop_lut1_I0_O)        0.152    17.130 r  GEN_BRAM.u_core/alu/u_mul/u_mul/GEN_WALLACE.u_mul/result[0]_INST_0_i_5/O
                         net (fo=1, routed)           0.000    17.130    GEN_BRAM.u_core/alu/u_mul/u_mul/GEN_WALLACE.u_mul/p_0_in[30]
    SLICE_X18Y7          CARRY4 (Prop_carry4_S[1]_O[3])
                                                      0.374    17.504 f  GEN_BRAM.u_core/alu/u_mul/u_mul/GEN_WALLACE.u_mul/result[0]_INST_0_i_1/O[3]
                         net (fo=1, routed)           0.461    17.965    GEN_BRAM.u_core/alu/u_mul/u_mul/GEN_WALLACE.u_mul/signed_product0[32]
    SLICE_X17Y11         LUT6 (Prop_lut6_I5_O)        0.142    18.107 f  GEN_BRAM.u_core/alu/u_mul/u_mul/GEN_WALLACE.u_mul/result[0]_INST_0/O
                         net (fo=1, routed)           0.697    18.803    GEN_BRAM.u_core/alu/mul_result[0]
    SLICE_X16Y20         LUT6 (Prop_lut6_I0_O)        0.053    18.856 f  GEN_BRAM.u_core/alu/debug_alu_out_OBUF[0]_inst_i_11/O
                         net (fo=1, routed)           0.000    18.856    GEN_BRAM.u_core/alu/debug_alu_out_OBUF[0]_inst_i_11_n_0
    SLICE_X16Y20         MUXF7 (Prop_muxf7_I1_O)      0.123    18.979 f  GEN_BRAM.u_core/alu/debug_alu_out_OBUF[0]_inst_i_4/O
                         net (fo=1, routed)           0.317    19.296    GEN_BRAM.u_core/alu/debug_alu_out_OBUF[0]_inst_i_4_n_0
    SLICE_X16Y20         LUT6 (Prop_lut6_I5_O)        0.150    19.446 f  GEN_BRAM.u_core/alu/debug_alu_out_OBUF[0]_inst_i_1/O
                         net (fo=11, routed)          1.190    20.637    GEN_BRAM.u_core/alu/D[0]
    SLICE_X11Y32         LUT2 (Prop_lut2_I1_O)        0.063    20.700 r  GEN_BRAM.u_core/alu/mem_reg_0_i_37/O
                         net (fo=33, routed)          0.947    21.646    GEN_BRAM.u_core/dmem/registers_reg_r1_0_31_6_11_i_10
    SLICE_X3Y24          LUT5 (Prop_lut5_I3_O)        0.165    21.811 r  GEN_BRAM.u_core/dmem/registers_reg_r1_0_31_0_5_i_26/O
                         net (fo=1, routed)           0.504    22.315    GEN_BRAM.u_core/wb_mux/registers_reg_r1_0_31_0_5_i_2
    SLICE_X2Y24          LUT6 (Prop_lut6_I4_O)        0.053    22.368 r  GEN_BRAM.u_core/wb_mux/registers_reg_r1_0_31_0_5_i_11/O
                         net (fo=1, routed)           0.138    22.506    GEN_BRAM.u_core/divider/wb_exec[1]
    SLICE_X2Y24          LUT6 (Prop_lut6_I5_O)        0.053    22.559 r  GEN_BRAM.u_core/divider/registers_reg_r1_0_31_0_5_i_2/O
                         net (fo=2, routed)           0.401    22.960    GEN_BRAM.u_core/reg_file/registers_reg_r2_0_31_0_5/DIA1
    SLICE_X6Y25          RAMD32                                       r  GEN_BRAM.u_core/reg_file/registers_reg_r2_0_31_0_5/RAMA_D1/I
  -------------------------------------------------------------------    -------------------

                         (clock sys_clk rise edge)   30.000    30.000 r  
    AD23                                              0.000    30.000 r  clk (IN)
                         net (fo=0)                   0.000    30.000    clk
    AD23                 IBUF (Prop_ibuf_I_O)         0.796    30.796 r  clk_IBUF_inst/O
                         net (fo=1, routed)           1.741    32.537    clk_IBUF
    BUFGCTRL_X0Y0        BUFG (Prop_bufg_I_O)         0.113    32.650 r  clk_IBUF_BUFG_inst/O
                         net (fo=350, routed)         1.588    34.238    GEN_BRAM.u_core/reg_file/registers_reg_r2_0_31_0_5/WCLK
    SLICE_X6Y25          RAMD32                                       r  GEN_BRAM.u_core/reg_file/registers_reg_r2_0_31_0_5/RAMA_D1/CLK
                         clock pessimism              0.256    34.495    
                         clock uncertainty           -0.035    34.459    
    SLICE_X6Y25          RAMD32 (Setup_ramd32_CLK_I)
                                                     -0.166    34.293    GEN_BRAM.u_core/reg_file/registers_reg_r2_0_31_0_5/RAMA_D1
  -------------------------------------------------------------------
                         required time                         34.293    
                         arrival time                         -22.960    
  -------------------------------------------------------------------
                         slack                                 11.334    

Slack (MET) :             11.345ns  (required time - arrival time)
  Source:                 GEN_BRAM.u_core/ir_reg[18]/C
                            (rising edge-triggered cell FDCE clocked by sys_clk  {rise@0.000ns fall@15.000ns period=30.000ns})
  Destination:            GEN_BRAM.u_core/reg_file/registers_reg_r1_0_31_0_5/RAMA_D1/I
                            (rising edge-triggered cell RAMD32 clocked by sys_clk  {rise@0.000ns fall@15.000ns period=30.000ns})
  Path Group:             sys_clk
  Path Type:              Setup (Max at Slow Process Corner)
  Requirement:            30.000ns  (sys_clk rise@30.000ns - sys_clk rise@0.000ns)
  Data Path Delay:        18.482ns  (logic 3.771ns (20.403%)  route 14.711ns (79.597%))
  Logic Levels:           26  (CARRY4=7 LUT1=1 LUT2=2 LUT3=1 LUT4=1 LUT5=4 LUT6=9 MUXF7=1)
  Clock Path Skew:        0.029ns (DCD - SCD + CPR)
    Destination Clock Delay (DCD):    4.240ns = ( 34.240 - 30.000 ) 
    Source Clock Delay      (SCD):    4.468ns
    Clock Pessimism Removal (CPR):    0.256ns
  Clock Uncertainty:      0.035ns  ((TSJ^2 + TIJ^2)^1/2 + DJ) / 2 + PE
    Total System Jitter     (TSJ):    0.071ns
    Total Input Jitter      (TIJ):    0.000ns
    Discrete Jitter          (DJ):    0.000ns
    Phase Error              (PE):    0.000ns

    Location             Delay type                Incr(ns)  Path(ns)    Netlist Resource(s)
  -------------------------------------------------------------------    -------------------
                         (clock sys_clk rise edge)    0.000     0.000 r  
    AD23                                              0.000     0.000 r  clk (IN)
                         net (fo=0)                   0.000     0.000    clk
    AD23                 IBUF (Prop_ibuf_I_O)         0.873     0.873 r  clk_IBUF_inst/O
                         net (fo=1, routed)           1.830     2.703    clk_IBUF
    BUFGCTRL_X0Y0        BUFG (Prop_bufg_I_O)         0.120     2.823 r  clk_IBUF_BUFG_inst/O
                         net (fo=350, routed)         1.645     4.468    GEN_BRAM.u_core/clk_IBUF_BUFG
    SLICE_X10Y19         FDCE                                         r  GEN_BRAM.u_core/ir_reg[18]/C
  -------------------------------------------------------------------    -------------------
    SLICE_X10Y19         FDCE (Prop_fdce_C_Q)         0.308     4.776 f  GEN_BRAM.u_core/ir_reg[18]/Q
                         net (fo=97, routed)          1.476     6.251    GEN_BRAM.u_core/reg_file/Q[17]
    SLICE_X15Y33         LUT5 (Prop_lut5_I0_O)        0.053     6.304 r  GEN_BRAM.u_core/reg_file/u_adder_i_66/O
                         net (fo=190, routed)         1.148     7.452    GEN_BRAM.u_core/alu_mux_a/result[0]_INST_0_i_41
    SLICE_X6Y20          LUT4 (Prop_lut4_I2_O)        0.053     7.505 r  GEN_BRAM.u_core/alu_mux_a/u_adder_i_32/O
                         net (fo=107, routed)         0.454     7.960    GEN_BRAM.u_core/alu/u_mul/u_mul/GEN_WALLACE.u_mul/result[2]_INST_0_i_7_n_0
    SLICE_X11Y17         CARRY4 (Prop_carry4_CYINIT_CO[3])
                                                      0.346     8.306 r  GEN_BRAM.u_core/alu/u_mul/u_mul/GEN_WALLACE.u_mul/result[2]_INST_0_i_6/CO[3]
                         net (fo=1, routed)           0.000     8.306    GEN_BRAM.u_core/alu/u_mul/u_mul/GEN_WALLACE.u_mul/result[2]_INST_0_i_6_n_0
    SLICE_X11Y18         CARRY4 (Prop_carry4_CI_CO[3])
                                                      0.058     8.364 r  GEN_BRAM.u_core/alu/u_mul/u_mul/GEN_WALLACE.u_mul/result[8]_INST_0_i_117/CO[3]
                         net (fo=1, routed)           0.000     8.364    GEN_BRAM.u_core/alu/u_mul/u_mul/GEN_WALLACE.u_mul/result[8]_INST_0_i_117_n_0
    SLICE_X11Y19         CARRY4 (Prop_carry4_CI_CO[3])
                                                      0.058     8.422 r  GEN_BRAM.u_core/alu/u_mul/u_mul/GEN_WALLACE.u_mul/result[12]_INST_0_i_87/CO[3]
                         net (fo=1, routed)           0.000     8.422    GEN_BRAM.u_core/alu/u_mul/u_mul/GEN_WALLACE.u_mul/result[12]_INST_0_i_87_n_0
    SLICE_X11Y20         CARRY4 (Prop_carry4_CI_O[0])
                                                      0.139     8.561 r  GEN_BRAM.u_core/alu/u_mul/u_mul/GEN_WALLACE.u_mul/result[20]_INST_0_i_217/O[0]
                         net (fo=2, routed)           0.717     9.278    GEN_BRAM.u_core/alu/u_mul/u_mul/GEN_WALLACE.u_mul/mag_a0[13]
    SLICE_X11Y15         LUT6 (Prop_lut6_I0_O)        0.155     9.433 r  GEN_BRAM.u_core/alu/u_mul/u_mul/GEN_WALLACE.u_mul/result[16]_INST_0_i_203/O
                         net (fo=64, routed)          1.990    11.423    GEN_BRAM.u_core/alu/u_mul/u_mul/GEN_WALLACE.u_mul/mag_a[13]
    SLICE_X29Y2          LUT6 (Prop_lut6_I0_O)        0.053    11.476 r  GEN_BRAM.u_core/alu/u_mul/u_mul/GEN_WALLACE.u_mul/result[28]_INST_0_i_239/O
                         net (fo=2, routed)           0.302    11.778    GEN_BRAM.u_core/alu/u_mul/u_mul/GEN_WALLACE.u_mul/l1[6]_32[23]
    SLICE_X29Y2          LUT3 (Prop_lut3_I1_O)        0.065    11.843 r  GEN_BRAM.u_core/alu/u_mul/u_mul/GEN_WALLACE.u_mul/result[28]_INST_0_i_178/O
                         net (fo=2, routed)           0.552    12.395    GEN_BRAM.u_core/alu/u_mul/u_mul/GEN_WALLACE.u_mul/l2[4]_50[23]
    SLICE_X31Y1          LUT5 (Prop_lut5_I4_O)        0.184    12.579 r  GEN_BRAM.u_core/alu/u_mul/u_mul/GEN_WALLACE.u_mul/result[28]_INST_0_i_87/O
                         net (fo=4, routed)           1.198    13.777    GEN_BRAM.u_core/alu/u_mul/u_mul/GEN_WALLACE.u_mul/l3[3]_2[24]
    SLICE_X17Y6          LUT6 (Prop_lut6_I3_O)        0.170    13.947 r  GEN_BRAM.u_core/alu/u_mul/u_mul/GEN_WALLACE.u_mul/result[28]_INST_0_i_69/O
                         net (fo=4, routed)           0.543    14.490    GEN_BRAM.u_core/alu/u_mul/u_mul/GEN_WALLACE.u_mul/l5[2]_17[25]
    SLICE_X21Y5          LUT6 (Prop_lut6_I5_O)        0.053    14.543 r  GEN_BRAM.u_core/alu/u_mul/u_mul/GEN_WALLACE.u_mul/result[28]_INST_0_i_38/O
                         net (fo=3, routed)           0.483    15.026    GEN_BRAM.u_core/alu/u_mul/u_mul/GEN_WALLACE.u_mul/l6[0]_23[25]
    SLICE_X20Y5          LUT5 (Prop_lut5_I0_O)        0.053    15.079 r  GEN_BRAM.u_core/alu/u_mul/u_mul/GEN_WALLACE.u_mul/result[28]_INST_0_i_27/O
                         net (fo=2, routed)           0.591    15.670    GEN_BRAM.u_core/alu/u_mul/u_mul/GEN_WALLACE.u_mul/l7[1]_24[26]
    SLICE_X16Y5          LUT2 (Prop_lut2_I0_O)        0.065    15.735 r  GEN_BRAM.u_core/alu/u_mul/u_mul/GEN_WALLACE.u_mul/result[28]_INST_0_i_6/O
                         net (fo=1, routed)           0.369    16.104    GEN_BRAM.u_core/alu/u_mul/u_mul/GEN_WALLACE.u_mul/final_a[26]
    SLICE_X19Y5          CARRY4 (Prop_carry4_DI[1]_CO[3])
                                                      0.417    16.521 r  GEN_BRAM.u_core/alu/u_mul/u_mul/GEN_WALLACE.u_mul/result[28]_INST_0_i_1/CO[3]
                         net (fo=1, routed)           0.000    16.521    GEN_BRAM.u_core/alu/u_mul/u_mul/GEN_WALLACE.u_mul/result[28]_INST_0_i_1_n_0
    SLICE_X19Y6          CARRY4 (Prop_carry4_CI_O[1])
                                                      0.213    16.734 f  GEN_BRAM.u_core/alu/u_mul/u_mul/GEN_WALLACE.u_mul/result[31]_INST_0_i_1/O[1]
                         net (fo=2, routed)           0.244    16.978    GEN_BRAM.u_core/alu/u_mul/u_mul/GEN_WALLACE.u_mul/unsigned_product[30]
    SLICE_X18Y7          LUT1 (Prop_lut1_I0_O)        0.152    17.130 r  GEN_BRAM.u_core/alu/u_mul/u_mul/GEN_WALLACE.u_mul/result[0]_INST_0_i_5/O
                         net (fo=1, routed)           0.000    17.130    GEN_BRAM.u_core/alu/u_mul/u_mul/GEN_WALLACE.u_mul/p_0_in[30]
    SLICE_X18Y7          CARRY4 (Prop_carry4_S[1]_O[3])
                                                      0.374    17.504 f  GEN_BRAM.u_core/alu/u_mul/u_mul/GEN_WALLACE.u_mul/result[0]_INST_0_i_1/O[3]
                         net (fo=1, routed)           0.461    17.965    GEN_BRAM.u_core/alu/u_mul/u_mul/GEN_WALLACE.u_mul/signed_product0[32]
    SLICE_X17Y11         LUT6 (Prop_lut6_I5_O)        0.142    18.107 f  GEN_BRAM.u_core/alu/u_mul/u_mul/GEN_WALLACE.u_mul/result[0]_INST_0/O
                         net (fo=1, routed)           0.697    18.803    GEN_BRAM.u_core/alu/mul_result[0]
    SLICE_X16Y20         LUT6 (Prop_lut6_I0_O)        0.053    18.856 f  GEN_BRAM.u_core/alu/debug_alu_out_OBUF[0]_inst_i_11/O
                         net (fo=1, routed)           0.000    18.856    GEN_BRAM.u_core/alu/debug_alu_out_OBUF[0]_inst_i_11_n_0
    SLICE_X16Y20         MUXF7 (Prop_muxf7_I1_O)      0.123    18.979 f  GEN_BRAM.u_core/alu/debug_alu_out_OBUF[0]_inst_i_4/O
                         net (fo=1, routed)           0.317    19.296    GEN_BRAM.u_core/alu/debug_alu_out_OBUF[0]_inst_i_4_n_0
    SLICE_X16Y20         LUT6 (Prop_lut6_I5_O)        0.150    19.446 f  GEN_BRAM.u_core/alu/debug_alu_out_OBUF[0]_inst_i_1/O
                         net (fo=11, routed)          1.190    20.637    GEN_BRAM.u_core/alu/D[0]
    SLICE_X11Y32         LUT2 (Prop_lut2_I1_O)        0.063    20.700 r  GEN_BRAM.u_core/alu/mem_reg_0_i_37/O
                         net (fo=33, routed)          0.947    21.646    GEN_BRAM.u_core/dmem/registers_reg_r1_0_31_6_11_i_10
    SLICE_X3Y24          LUT5 (Prop_lut5_I3_O)        0.165    21.811 r  GEN_BRAM.u_core/dmem/registers_reg_r1_0_31_0_5_i_26/O
                         net (fo=1, routed)           0.504    22.315    GEN_BRAM.u_core/wb_mux/registers_reg_r1_0_31_0_5_i_2
    SLICE_X2Y24          LUT6 (Prop_lut6_I4_O)        0.053    22.368 r  GEN_BRAM.u_core/wb_mux/registers_reg_r1_0_31_0_5_i_11/O
                         net (fo=1, routed)           0.138    22.506    GEN_BRAM.u_core/divider/wb_exec[1]
    SLICE_X2Y24          LUT6 (Prop_lut6_I5_O)        0.053    22.559 r  GEN_BRAM.u_core/divider/registers_reg_r1_0_31_0_5_i_2/O
                         net (fo=2, routed)           0.391    22.950    GEN_BRAM.u_core/reg_file/registers_reg_r1_0_31_0_5/DIA1
    SLICE_X6Y26          RAMD32                                       r  GEN_BRAM.u_core/reg_file/registers_reg_r1_0_31_0_5/RAMA_D1/I
  -------------------------------------------------------------------    -------------------

                         (clock sys_clk rise edge)   30.000    30.000 r  
    AD23                                              0.000    30.000 r  clk (IN)
                         net (fo=0)                   0.000    30.000    clk
    AD23                 IBUF (Prop_ibuf_I_O)         0.796    30.796 r  clk_IBUF_inst/O
                         net (fo=1, routed)           1.741    32.537    clk_IBUF
    BUFGCTRL_X0Y0        BUFG (Prop_bufg_I_O)         0.113    32.650 r  clk_IBUF_BUFG_inst/O
                         net (fo=350, routed)         1.590    34.240    GEN_BRAM.u_core/reg_file/registers_reg_r1_0_31_0_5/WCLK
    SLICE_X6Y26          RAMD32                                       r  GEN_BRAM.u_core/reg_file/registers_reg_r1_0_31_0_5/RAMA_D1/CLK
                         clock pessimism              0.256    34.497    
                         clock uncertainty           -0.035    34.461    
    SLICE_X6Y26          RAMD32 (Setup_ramd32_CLK_I)
                                                     -0.166    34.295    GEN_BRAM.u_core/reg_file/registers_reg_r1_0_31_0_5/RAMA_D1
  -------------------------------------------------------------------
                         required time                         34.295    
                         arrival time                         -22.950    
  -------------------------------------------------------------------
                         slack                                 11.345    

Slack (MET) :             11.361ns  (required time - arrival time)
  Source:                 GEN_BRAM.u_core/ir_reg[18]/C
                            (rising edge-triggered cell FDCE clocked by sys_clk  {rise@0.000ns fall@15.000ns period=30.000ns})
  Destination:            GEN_BRAM.u_core/reg_file/registers_reg_r2_0_31_18_23/RAMA/I
                            (rising edge-triggered cell RAMD32 clocked by sys_clk  {rise@0.000ns fall@15.000ns period=30.000ns})
  Path Group:             sys_clk
  Path Type:              Setup (Max at Slow Process Corner)
  Requirement:            30.000ns  (sys_clk rise@30.000ns - sys_clk rise@0.000ns)
  Data Path Delay:        18.464ns  (logic 3.649ns (19.763%)  route 14.815ns (80.237%))
  Logic Levels:           26  (CARRY4=7 LUT1=1 LUT2=1 LUT3=1 LUT4=1 LUT5=3 LUT6=11 MUXF7=1)
  Clock Path Skew:        -0.027ns (DCD - SCD + CPR)
    Destination Clock Delay (DCD):    4.184ns = ( 34.184 - 30.000 ) 
    Source Clock Delay      (SCD):    4.468ns
    Clock Pessimism Removal (CPR):    0.256ns
  Clock Uncertainty:      0.035ns  ((TSJ^2 + TIJ^2)^1/2 + DJ) / 2 + PE
    Total System Jitter     (TSJ):    0.071ns
    Total Input Jitter      (TIJ):    0.000ns
    Discrete Jitter          (DJ):    0.000ns
    Phase Error              (PE):    0.000ns

    Location             Delay type                Incr(ns)  Path(ns)    Netlist Resource(s)
  -------------------------------------------------------------------    -------------------
                         (clock sys_clk rise edge)    0.000     0.000 r  
    AD23                                              0.000     0.000 r  clk (IN)
                         net (fo=0)                   0.000     0.000    clk
    AD23                 IBUF (Prop_ibuf_I_O)         0.873     0.873 r  clk_IBUF_inst/O
                         net (fo=1, routed)           1.830     2.703    clk_IBUF
    BUFGCTRL_X0Y0        BUFG (Prop_bufg_I_O)         0.120     2.823 r  clk_IBUF_BUFG_inst/O
                         net (fo=350, routed)         1.645     4.468    GEN_BRAM.u_core/clk_IBUF_BUFG
    SLICE_X10Y19         FDCE                                         r  GEN_BRAM.u_core/ir_reg[18]/C
  -------------------------------------------------------------------    -------------------
    SLICE_X10Y19         FDCE (Prop_fdce_C_Q)         0.308     4.776 f  GEN_BRAM.u_core/ir_reg[18]/Q
                         net (fo=97, routed)          1.476     6.251    GEN_BRAM.u_core/reg_file/Q[17]
    SLICE_X15Y33         LUT5 (Prop_lut5_I0_O)        0.053     6.304 r  GEN_BRAM.u_core/reg_file/u_adder_i_66/O
                         net (fo=190, routed)         1.148     7.452    GEN_BRAM.u_core/alu_mux_a/result[0]_INST_0_i_41
    SLICE_X6Y20          LUT4 (Prop_lut4_I2_O)        0.053     7.505 r  GEN_BRAM.u_core/alu_mux_a/u_adder_i_32/O
                         net (fo=107, routed)         0.454     7.960    GEN_BRAM.u_core/alu/u_mul/u_mul/GEN_WALLACE.u_mul/result[2]_INST_0_i_7_n_0
    SLICE_X11Y17         CARRY4 (Prop_carry4_CYINIT_CO[3])
                                                      0.346     8.306 r  GEN_BRAM.u_core/alu/u_mul/u_mul/GEN_WALLACE.u_mul/result[2]_INST_0_i_6/CO[3]
                         net (fo=1, routed)           0.000     8.306    GEN_BRAM.u_core/alu/u_mul/u_mul/GEN_WALLACE.u_mul/result[2]_INST_0_i_6_n_0
    SLICE_X11Y18         CARRY4 (Prop_carry4_CI_CO[3])
                                                      0.058     8.364 r  GEN_BRAM.u_core/alu/u_mul/u_mul/GEN_WALLACE.u_mul/result[8]_INST_0_i_117/CO[3]
                         net (fo=1, routed)           0.000     8.364    GEN_BRAM.u_core/alu/u_mul/u_mul/GEN_WALLACE.u_mul/result[8]_INST_0_i_117_n_0
    SLICE_X11Y19         CARRY4 (Prop_carry4_CI_CO[3])
                                                      0.058     8.422 r  GEN_BRAM.u_core/alu/u_mul/u_mul/GEN_WALLACE.u_mul/result[12]_INST_0_i_87/CO[3]
                         net (fo=1, routed)           0.000     8.422    GEN_BRAM.u_core/alu/u_mul/u_mul/GEN_WALLACE.u_mul/result[12]_INST_0_i_87_n_0
    SLICE_X11Y20         CARRY4 (Prop_carry4_CI_O[0])
                                                      0.139     8.561 r  GEN_BRAM.u_core/alu/u_mul/u_mul/GEN_WALLACE.u_mul/result[20]_INST_0_i_217/O[0]
                         net (fo=2, routed)           0.717     9.278    GEN_BRAM.u_core/alu/u_mul/u_mul/GEN_WALLACE.u_mul/mag_a0[13]
    SLICE_X11Y15         LUT6 (Prop_lut6_I0_O)        0.155     9.433 r  GEN_BRAM.u_core/alu/u_mul/u_mul/GEN_WALLACE.u_mul/result[16]_INST_0_i_203/O
                         net (fo=64, routed)          1.990    11.423    GEN_BRAM.u_core/alu/u_mul/u_mul/GEN_WALLACE.u_mul/mag_a[13]
    SLICE_X29Y2          LUT6 (Prop_lut6_I0_O)        0.053    11.476 r  GEN_BRAM.u_core/alu/u_mul/u_mul/GEN_WALLACE.u_mul/result[28]_INST_0_i_239/O
                         net (fo=2, routed)           0.302    11.778    GEN_BRAM.u_core/alu/u_mul/u_mul/GEN_WALLACE.u_mul/l1[6]_32[23]
    SLICE_X29Y2          LUT3 (Prop_lut3_I1_O)        0.065    11.843 r  GEN_BRAM.u_core/alu/u_mul/u_mul/GEN_WALLACE.u_mul/result[28]_INST_0_i_178/O
                         net (fo=2, routed)           0.552    12.395    GEN_BRAM.u_core/alu/u_mul/u_mul/GEN_WALLACE.u_mul/l2[4]_50[23]
    SLICE_X31Y1          LUT5 (Prop_lut5_I4_O)        0.184    12.579 r  GEN_BRAM.u_core/alu/u_mul/u_mul/GEN_WALLACE.u_mul/result[28]_INST_0_i_87/O
                         net (fo=4, routed)           1.198    13.777    GEN_BRAM.u_core/alu/u_mul/u_mul/GEN_WALLACE.u_mul/l3[3]_2[24]
    SLICE_X17Y6          LUT6 (Prop_lut6_I3_O)        0.170    13.947 r  GEN_BRAM.u_core/alu/u_mul/u_mul/GEN_WALLACE.u_mul/result[28]_INST_0_i_69/O
                         net (fo=4, routed)           0.543    14.490    GEN_BRAM.u_core/alu/u_mul/u_mul/GEN_WALLACE.u_mul/l5[2]_17[25]
    SLICE_X21Y5          LUT6 (Prop_lut6_I5_O)        0.053    14.543 r  GEN_BRAM.u_core/alu/u_mul/u_mul/GEN_WALLACE.u_mul/result[28]_INST_0_i_38/O
                         net (fo=3, routed)           0.483    15.026    GEN_BRAM.u_core/alu/u_mul/u_mul/GEN_WALLACE.u_mul/l6[0]_23[25]
    SLICE_X20Y5          LUT5 (Prop_lut5_I0_O)        0.053    15.079 r  GEN_BRAM.u_core/alu/u_mul/u_mul/GEN_WALLACE.u_mul/result[28]_INST_0_i_27/O
                         net (fo=2, routed)           0.591    15.670    GEN_BRAM.u_core/alu/u_mul/u_mul/GEN_WALLACE.u_mul/l7[1]_24[26]
    SLICE_X16Y5          LUT2 (Prop_lut2_I0_O)        0.065    15.735 r  GEN_BRAM.u_core/alu/u_mul/u_mul/GEN_WALLACE.u_mul/result[28]_INST_0_i_6/O
                         net (fo=1, routed)           0.369    16.104    GEN_BRAM.u_core/alu/u_mul/u_mul/GEN_WALLACE.u_mul/final_a[26]
    SLICE_X19Y5          CARRY4 (Prop_carry4_DI[1]_CO[3])
                                                      0.417    16.521 r  GEN_BRAM.u_core/alu/u_mul/u_mul/GEN_WALLACE.u_mul/result[28]_INST_0_i_1/CO[3]
                         net (fo=1, routed)           0.000    16.521    GEN_BRAM.u_core/alu/u_mul/u_mul/GEN_WALLACE.u_mul/result[28]_INST_0_i_1_n_0
    SLICE_X19Y6          CARRY4 (Prop_carry4_CI_O[1])
                                                      0.213    16.734 f  GEN_BRAM.u_core/alu/u_mul/u_mul/GEN_WALLACE.u_mul/result[31]_INST_0_i_1/O[1]
                         net (fo=2, routed)           0.244    16.978    GEN_BRAM.u_core/alu/u_mul/u_mul/GEN_WALLACE.u_mul/unsigned_product[30]
    SLICE_X18Y7          LUT1 (Prop_lut1_I0_O)        0.152    17.130 r  GEN_BRAM.u_core/alu/u_mul/u_mul/GEN_WALLACE.u_mul/result[0]_INST_0_i_5/O
                         net (fo=1, routed)           0.000    17.130    GEN_BRAM.u_core/alu/u_mul/u_mul/GEN_WALLACE.u_mul/p_0_in[30]
    SLICE_X18Y7          CARRY4 (Prop_carry4_S[1]_O[3])
                                                      0.374    17.504 r  GEN_BRAM.u_core/alu/u_mul/u_mul/GEN_WALLACE.u_mul/result[0]_INST_0_i_1/O[3]
                         net (fo=1, routed)           0.461    17.965    GEN_BRAM.u_core/alu/u_mul/u_mul/GEN_WALLACE.u_mul/signed_product0[32]
    SLICE_X17Y11         LUT6 (Prop_lut6_I5_O)        0.142    18.107 r  GEN_BRAM.u_core/alu/u_mul/u_mul/GEN_WALLACE.u_mul/result[0]_INST_0/O
                         net (fo=1, routed)           0.697    18.803    GEN_BRAM.u_core/alu/mul_result[0]
    SLICE_X16Y20         LUT6 (Prop_lut6_I0_O)        0.053    18.856 r  GEN_BRAM.u_core/alu/debug_alu_out_OBUF[0]_inst_i_11/O
                         net (fo=1, routed)           0.000    18.856    GEN_BRAM.u_core/alu/debug_alu_out_OBUF[0]_inst_i_11_n_0
    SLICE_X16Y20         MUXF7 (Prop_muxf7_I1_O)      0.123    18.979 r  GEN_BRAM.u_core/alu/debug_alu_out_OBUF[0]_inst_i_4/O
                         net (fo=1, routed)           0.317    19.296    GEN_BRAM.u_core/alu/debug_alu_out_OBUF[0]_inst_i_4_n_0
    SLICE_X16Y20         LUT6 (Prop_lut6_I5_O)        0.150    19.446 r  GEN_BRAM.u_core/alu/debug_alu_out_OBUF[0]_inst_i_1/O
                         net (fo=11, routed)          1.065    20.511    GEN_BRAM.u_core/dmem/D[0]
    SLICE_X5Y33          LUT6 (Prop_lut6_I5_O)        0.053    20.564 r  GEN_BRAM.u_core/dmem/registers_reg_r1_0_31_6_11_i_39/O
                         net (fo=10, routed)          0.451    21.015    GEN_BRAM.u_core/dmem/registers_reg_r1_0_31_6_11_i_39_n_0
    SLICE_X4Y32          LUT6 (Prop_lut6_I2_O)        0.053    21.068 r  GEN_BRAM.u_core/dmem/registers_reg_r1_0_31_12_17_i_33/O
                         net (fo=16, routed)          0.545    21.613    GEN_BRAM.u_core/wb_mux/registers_reg_r1_0_31_12_17_i_6
    SLICE_X3Y28          LUT6 (Prop_lut6_I5_O)        0.053    21.666 r  GEN_BRAM.u_core/wb_mux/registers_reg_r1_0_31_18_23_i_10/O
                         net (fo=1, routed)           0.585    22.251    GEN_BRAM.u_core/divider/wb_exec[18]
    SLICE_X6Y31          LUT6 (Prop_lut6_I5_O)        0.053    22.304 r  GEN_BRAM.u_core/divider/registers_reg_r1_0_31_18_23_i_2/O
                         net (fo=2, routed)           0.628    22.931    GEN_BRAM.u_core/reg_file/registers_reg_r2_0_31_18_23/DIA0
    SLICE_X10Y29         RAMD32                                       r  GEN_BRAM.u_core/reg_file/registers_reg_r2_0_31_18_23/RAMA/I
  -------------------------------------------------------------------    -------------------

                         (clock sys_clk rise edge)   30.000    30.000 r  
    AD23                                              0.000    30.000 r  clk (IN)
                         net (fo=0)                   0.000    30.000    clk
    AD23                 IBUF (Prop_ibuf_I_O)         0.796    30.796 r  clk_IBUF_inst/O
                         net (fo=1, routed)           1.741    32.537    clk_IBUF
    BUFGCTRL_X0Y0        BUFG (Prop_bufg_I_O)         0.113    32.650 r  clk_IBUF_BUFG_inst/O
                         net (fo=350, routed)         1.534    34.184    GEN_BRAM.u_core/reg_file/registers_reg_r2_0_31_18_23/WCLK
    SLICE_X10Y29         RAMD32                                       r  GEN_BRAM.u_core/reg_file/registers_reg_r2_0_31_18_23/RAMA/CLK
                         clock pessimism              0.256    34.441    
                         clock uncertainty           -0.035    34.405    
    SLICE_X10Y29         RAMD32 (Setup_ramd32_CLK_I)
                                                     -0.113    34.292    GEN_BRAM.u_core/reg_file/registers_reg_r2_0_31_18_23/RAMA
  -------------------------------------------------------------------
                         required time                         34.292    
                         arrival time                         -22.931    
  -------------------------------------------------------------------
                         slack                                 11.361    

Slack (MET) :             11.433ns  (required time - arrival time)
  Source:                 GEN_BRAM.u_core/ir_reg[18]/C
                            (rising edge-triggered cell FDCE clocked by sys_clk  {rise@0.000ns fall@15.000ns period=30.000ns})
  Destination:            GEN_BRAM.u_core/reg_file/registers_reg_r2_0_31_0_5/RAMC/I
                            (rising edge-triggered cell RAMD32 clocked by sys_clk  {rise@0.000ns fall@15.000ns period=30.000ns})
  Path Group:             sys_clk
  Path Type:              Setup (Max at Slow Process Corner)
  Requirement:            30.000ns  (sys_clk rise@30.000ns - sys_clk rise@0.000ns)
  Data Path Delay:        18.427ns  (logic 3.771ns (20.465%)  route 14.656ns (79.535%))
  Logic Levels:           26  (CARRY4=7 LUT1=1 LUT2=2 LUT3=1 LUT4=1 LUT5=4 LUT6=9 MUXF7=1)
  Clock Path Skew:        0.027ns (DCD - SCD + CPR)
    Destination Clock Delay (DCD):    4.238ns = ( 34.238 - 30.000 ) 
    Source Clock Delay      (SCD):    4.468ns
    Clock Pessimism Removal (CPR):    0.256ns
  Clock Uncertainty:      0.035ns  ((TSJ^2 + TIJ^2)^1/2 + DJ) / 2 + PE
    Total System Jitter     (TSJ):    0.071ns
    Total Input Jitter      (TIJ):    0.000ns
    Discrete Jitter          (DJ):    0.000ns
    Phase Error              (PE):    0.000ns

    Location             Delay type                Incr(ns)  Path(ns)    Netlist Resource(s)
  -------------------------------------------------------------------    -------------------
                         (clock sys_clk rise edge)    0.000     0.000 r  
    AD23                                              0.000     0.000 r  clk (IN)
                         net (fo=0)                   0.000     0.000    clk
    AD23                 IBUF (Prop_ibuf_I_O)         0.873     0.873 r  clk_IBUF_inst/O
                         net (fo=1, routed)           1.830     2.703    clk_IBUF
    BUFGCTRL_X0Y0        BUFG (Prop_bufg_I_O)         0.120     2.823 r  clk_IBUF_BUFG_inst/O
                         net (fo=350, routed)         1.645     4.468    GEN_BRAM.u_core/clk_IBUF_BUFG
    SLICE_X10Y19         FDCE                                         r  GEN_BRAM.u_core/ir_reg[18]/C
  -------------------------------------------------------------------    -------------------
    SLICE_X10Y19         FDCE (Prop_fdce_C_Q)         0.308     4.776 f  GEN_BRAM.u_core/ir_reg[18]/Q
                         net (fo=97, routed)          1.476     6.251    GEN_BRAM.u_core/reg_file/Q[17]
    SLICE_X15Y33         LUT5 (Prop_lut5_I0_O)        0.053     6.304 r  GEN_BRAM.u_core/reg_file/u_adder_i_66/O
                         net (fo=190, routed)         1.148     7.452    GEN_BRAM.u_core/alu_mux_a/result[0]_INST_0_i_41
    SLICE_X6Y20          LUT4 (Prop_lut4_I2_O)        0.053     7.505 r  GEN_BRAM.u_core/alu_mux_a/u_adder_i_32/O
                         net (fo=107, routed)         0.454     7.960    GEN_BRAM.u_core/alu/u_mul/u_mul/GEN_WALLACE.u_mul/result[2]_INST_0_i_7_n_0
    SLICE_X11Y17         CARRY4 (Prop_carry4_CYINIT_CO[3])
                                                      0.346     8.306 r  GEN_BRAM.u_core/alu/u_mul/u_mul/GEN_WALLACE.u_mul/result[2]_INST_0_i_6/CO[3]
                         net (fo=1, routed)           0.000     8.306    GEN_BRAM.u_core/alu/u_mul/u_mul/GEN_WALLACE.u_mul/result[2]_INST_0_i_6_n_0
    SLICE_X11Y18         CARRY4 (Prop_carry4_CI_CO[3])
                                                      0.058     8.364 r  GEN_BRAM.u_core/alu/u_mul/u_mul/GEN_WALLACE.u_mul/result[8]_INST_0_i_117/CO[3]
                         net (fo=1, routed)           0.000     8.364    GEN_BRAM.u_core/alu/u_mul/u_mul/GEN_WALLACE.u_mul/result[8]_INST_0_i_117_n_0
    SLICE_X11Y19         CARRY4 (Prop_carry4_CI_CO[3])
                                                      0.058     8.422 r  GEN_BRAM.u_core/alu/u_mul/u_mul/GEN_WALLACE.u_mul/result[12]_INST_0_i_87/CO[3]
                         net (fo=1, routed)           0.000     8.422    GEN_BRAM.u_core/alu/u_mul/u_mul/GEN_WALLACE.u_mul/result[12]_INST_0_i_87_n_0
    SLICE_X11Y20         CARRY4 (Prop_carry4_CI_O[0])
                                                      0.139     8.561 r  GEN_BRAM.u_core/alu/u_mul/u_mul/GEN_WALLACE.u_mul/result[20]_INST_0_i_217/O[0]
                         net (fo=2, routed)           0.717     9.278    GEN_BRAM.u_core/alu/u_mul/u_mul/GEN_WALLACE.u_mul/mag_a0[13]
    SLICE_X11Y15         LUT6 (Prop_lut6_I0_O)        0.155     9.433 r  GEN_BRAM.u_core/alu/u_mul/u_mul/GEN_WALLACE.u_mul/result[16]_INST_0_i_203/O
                         net (fo=64, routed)          1.990    11.423    GEN_BRAM.u_core/alu/u_mul/u_mul/GEN_WALLACE.u_mul/mag_a[13]
    SLICE_X29Y2          LUT6 (Prop_lut6_I0_O)        0.053    11.476 r  GEN_BRAM.u_core/alu/u_mul/u_mul/GEN_WALLACE.u_mul/result[28]_INST_0_i_239/O
                         net (fo=2, routed)           0.302    11.778    GEN_BRAM.u_core/alu/u_mul/u_mul/GEN_WALLACE.u_mul/l1[6]_32[23]
    SLICE_X29Y2          LUT3 (Prop_lut3_I1_O)        0.065    11.843 r  GEN_BRAM.u_core/alu/u_mul/u_mul/GEN_WALLACE.u_mul/result[28]_INST_0_i_178/O
                         net (fo=2, routed)           0.552    12.395    GEN_BRAM.u_core/alu/u_mul/u_mul/GEN_WALLACE.u_mul/l2[4]_50[23]
    SLICE_X31Y1          LUT5 (Prop_lut5_I4_O)        0.184    12.579 r  GEN_BRAM.u_core/alu/u_mul/u_mul/GEN_WALLACE.u_mul/result[28]_INST_0_i_87/O
                         net (fo=4, routed)           1.198    13.777    GEN_BRAM.u_core/alu/u_mul/u_mul/GEN_WALLACE.u_mul/l3[3]_2[24]
    SLICE_X17Y6          LUT6 (Prop_lut6_I3_O)        0.170    13.947 r  GEN_BRAM.u_core/alu/u_mul/u_mul/GEN_WALLACE.u_mul/result[28]_INST_0_i_69/O
                         net (fo=4, routed)           0.543    14.490    GEN_BRAM.u_core/alu/u_mul/u_mul/GEN_WALLACE.u_mul/l5[2]_17[25]
    SLICE_X21Y5          LUT6 (Prop_lut6_I5_O)        0.053    14.543 r  GEN_BRAM.u_core/alu/u_mul/u_mul/GEN_WALLACE.u_mul/result[28]_INST_0_i_38/O
                         net (fo=3, routed)           0.483    15.026    GEN_BRAM.u_core/alu/u_mul/u_mul/GEN_WALLACE.u_mul/l6[0]_23[25]
    SLICE_X20Y5          LUT5 (Prop_lut5_I0_O)        0.053    15.079 r  GEN_BRAM.u_core/alu/u_mul/u_mul/GEN_WALLACE.u_mul/result[28]_INST_0_i_27/O
                         net (fo=2, routed)           0.591    15.670    GEN_BRAM.u_core/alu/u_mul/u_mul/GEN_WALLACE.u_mul/l7[1]_24[26]
    SLICE_X16Y5          LUT2 (Prop_lut2_I0_O)        0.065    15.735 r  GEN_BRAM.u_core/alu/u_mul/u_mul/GEN_WALLACE.u_mul/result[28]_INST_0_i_6/O
                         net (fo=1, routed)           0.369    16.104    GEN_BRAM.u_core/alu/u_mul/u_mul/GEN_WALLACE.u_mul/final_a[26]
    SLICE_X19Y5          CARRY4 (Prop_carry4_DI[1]_CO[3])
                                                      0.417    16.521 r  GEN_BRAM.u_core/alu/u_mul/u_mul/GEN_WALLACE.u_mul/result[28]_INST_0_i_1/CO[3]
                         net (fo=1, routed)           0.000    16.521    GEN_BRAM.u_core/alu/u_mul/u_mul/GEN_WALLACE.u_mul/result[28]_INST_0_i_1_n_0
    SLICE_X19Y6          CARRY4 (Prop_carry4_CI_O[1])
                                                      0.213    16.734 f  GEN_BRAM.u_core/alu/u_mul/u_mul/GEN_WALLACE.u_mul/result[31]_INST_0_i_1/O[1]
                         net (fo=2, routed)           0.244    16.978    GEN_BRAM.u_core/alu/u_mul/u_mul/GEN_WALLACE.u_mul/unsigned_product[30]
    SLICE_X18Y7          LUT1 (Prop_lut1_I0_O)        0.152    17.130 r  GEN_BRAM.u_core/alu/u_mul/u_mul/GEN_WALLACE.u_mul/result[0]_INST_0_i_5/O
                         net (fo=1, routed)           0.000    17.130    GEN_BRAM.u_core/alu/u_mul/u_mul/GEN_WALLACE.u_mul/p_0_in[30]
    SLICE_X18Y7          CARRY4 (Prop_carry4_S[1]_O[3])
                                                      0.374    17.504 f  GEN_BRAM.u_core/alu/u_mul/u_mul/GEN_WALLACE.u_mul/result[0]_INST_0_i_1/O[3]
                         net (fo=1, routed)           0.461    17.965    GEN_BRAM.u_core/alu/u_mul/u_mul/GEN_WALLACE.u_mul/signed_product0[32]
    SLICE_X17Y11         LUT6 (Prop_lut6_I5_O)        0.142    18.107 f  GEN_BRAM.u_core/alu/u_mul/u_mul/GEN_WALLACE.u_mul/result[0]_INST_0/O
                         net (fo=1, routed)           0.697    18.803    GEN_BRAM.u_core/alu/mul_result[0]
    SLICE_X16Y20         LUT6 (Prop_lut6_I0_O)        0.053    18.856 f  GEN_BRAM.u_core/alu/debug_alu_out_OBUF[0]_inst_i_11/O
                         net (fo=1, routed)           0.000    18.856    GEN_BRAM.u_core/alu/debug_alu_out_OBUF[0]_inst_i_11_n_0
    SLICE_X16Y20         MUXF7 (Prop_muxf7_I1_O)      0.123    18.979 f  GEN_BRAM.u_core/alu/debug_alu_out_OBUF[0]_inst_i_4/O
                         net (fo=1, routed)           0.317    19.296    GEN_BRAM.u_core/alu/debug_alu_out_OBUF[0]_inst_i_4_n_0
    SLICE_X16Y20         LUT6 (Prop_lut6_I5_O)        0.150    19.446 f  GEN_BRAM.u_core/alu/debug_alu_out_OBUF[0]_inst_i_1/O
                         net (fo=11, routed)          1.190    20.637    GEN_BRAM.u_core/alu/D[0]
    SLICE_X11Y32         LUT2 (Prop_lut2_I1_O)        0.063    20.700 r  GEN_BRAM.u_core/alu/mem_reg_0_i_37/O
                         net (fo=33, routed)          0.724    21.424    GEN_BRAM.u_core/dmem/registers_reg_r1_0_31_6_11_i_10
    SLICE_X1Y26          LUT5 (Prop_lut5_I4_O)        0.165    21.589 r  GEN_BRAM.u_core/dmem/registers_reg_r1_0_31_0_5_i_43/O
                         net (fo=1, routed)           0.417    22.006    GEN_BRAM.u_core/wb_mux/registers_reg_r1_0_31_0_5_i_7_0
    SLICE_X0Y25          LUT6 (Prop_lut6_I5_O)        0.053    22.059 r  GEN_BRAM.u_core/wb_mux/registers_reg_r1_0_31_0_5_i_21/O
                         net (fo=1, routed)           0.319    22.378    GEN_BRAM.u_core/divider/wb_exec[4]
    SLICE_X0Y25          LUT6 (Prop_lut6_I5_O)        0.053    22.431 r  GEN_BRAM.u_core/divider/registers_reg_r1_0_31_0_5_i_7/O
                         net (fo=2, routed)           0.464    22.895    GEN_BRAM.u_core/reg_file/registers_reg_r2_0_31_0_5/DIC0
    SLICE_X6Y25          RAMD32                                       r  GEN_BRAM.u_core/reg_file/registers_reg_r2_0_31_0_5/RAMC/I
  -------------------------------------------------------------------    -------------------

                         (clock sys_clk rise edge)   30.000    30.000 r  
    AD23                                              0.000    30.000 r  clk (IN)
                         net (fo=0)                   0.000    30.000    clk
    AD23                 IBUF (Prop_ibuf_I_O)         0.796    30.796 r  clk_IBUF_inst/O
                         net (fo=1, routed)           1.741    32.537    clk_IBUF
    BUFGCTRL_X0Y0        BUFG (Prop_bufg_I_O)         0.113    32.650 r  clk_IBUF_BUFG_inst/O
                         net (fo=350, routed)         1.588    34.238    GEN_BRAM.u_core/reg_file/registers_reg_r2_0_31_0_5/WCLK
    SLICE_X6Y25          RAMD32                                       r  GEN_BRAM.u_core/reg_file/registers_reg_r2_0_31_0_5/RAMC/CLK
                         clock pessimism              0.256    34.495    
                         clock uncertainty           -0.035    34.459    
    SLICE_X6Y25          RAMD32 (Setup_ramd32_CLK_I)
                                                     -0.132    34.327    GEN_BRAM.u_core/reg_file/registers_reg_r2_0_31_0_5/RAMC
  -------------------------------------------------------------------
                         required time                         34.327    
                         arrival time                         -22.895    
  -------------------------------------------------------------------
                         slack                                 11.433    

Slack (MET) :             11.455ns  (required time - arrival time)
  Source:                 GEN_BRAM.u_core/ir_reg[18]/C
                            (rising edge-triggered cell FDCE clocked by sys_clk  {rise@0.000ns fall@15.000ns period=30.000ns})
  Destination:            GEN_BRAM.u_core/reg_file/registers_reg_r1_0_31_18_23/RAMB_D1/I
                            (rising edge-triggered cell RAMD32 clocked by sys_clk  {rise@0.000ns fall@15.000ns period=30.000ns})
  Path Group:             sys_clk
  Path Type:              Setup (Max at Slow Process Corner)
  Requirement:            30.000ns  (sys_clk rise@30.000ns - sys_clk rise@0.000ns)
  Data Path Delay:        18.325ns  (logic 3.649ns (19.913%)  route 14.676ns (80.087%))
  Logic Levels:           26  (CARRY4=7 LUT1=1 LUT2=1 LUT3=1 LUT4=1 LUT5=3 LUT6=11 MUXF7=1)
  Clock Path Skew:        -0.026ns (DCD - SCD + CPR)
    Destination Clock Delay (DCD):    4.185ns = ( 34.185 - 30.000 ) 
    Source Clock Delay      (SCD):    4.468ns
    Clock Pessimism Removal (CPR):    0.256ns
  Clock Uncertainty:      0.035ns  ((TSJ^2 + TIJ^2)^1/2 + DJ) / 2 + PE
    Total System Jitter     (TSJ):    0.071ns
    Total Input Jitter      (TIJ):    0.000ns
    Discrete Jitter          (DJ):    0.000ns
    Phase Error              (PE):    0.000ns

    Location             Delay type                Incr(ns)  Path(ns)    Netlist Resource(s)
  -------------------------------------------------------------------    -------------------
                         (clock sys_clk rise edge)    0.000     0.000 r  
    AD23                                              0.000     0.000 r  clk (IN)
                         net (fo=0)                   0.000     0.000    clk
    AD23                 IBUF (Prop_ibuf_I_O)         0.873     0.873 r  clk_IBUF_inst/O
                         net (fo=1, routed)           1.830     2.703    clk_IBUF
    BUFGCTRL_X0Y0        BUFG (Prop_bufg_I_O)         0.120     2.823 r  clk_IBUF_BUFG_inst/O
                         net (fo=350, routed)         1.645     4.468    GEN_BRAM.u_core/clk_IBUF_BUFG
    SLICE_X10Y19         FDCE                                         r  GEN_BRAM.u_core/ir_reg[18]/C
  -------------------------------------------------------------------    -------------------
    SLICE_X10Y19         FDCE (Prop_fdce_C_Q)         0.308     4.776 f  GEN_BRAM.u_core/ir_reg[18]/Q
                         net (fo=97, routed)          1.476     6.251    GEN_BRAM.u_core/reg_file/Q[17]
    SLICE_X15Y33         LUT5 (Prop_lut5_I0_O)        0.053     6.304 r  GEN_BRAM.u_core/reg_file/u_adder_i_66/O
                         net (fo=190, routed)         1.148     7.452    GEN_BRAM.u_core/alu_mux_a/result[0]_INST_0_i_41
    SLICE_X6Y20          LUT4 (Prop_lut4_I2_O)        0.053     7.505 r  GEN_BRAM.u_core/alu_mux_a/u_adder_i_32/O
                         net (fo=107, routed)         0.454     7.960    GEN_BRAM.u_core/alu/u_mul/u_mul/GEN_WALLACE.u_mul/result[2]_INST_0_i_7_n_0
    SLICE_X11Y17         CARRY4 (Prop_carry4_CYINIT_CO[3])
                                                      0.346     8.306 r  GEN_BRAM.u_core/alu/u_mul/u_mul/GEN_WALLACE.u_mul/result[2]_INST_0_i_6/CO[3]
                         net (fo=1, routed)           0.000     8.306    GEN_BRAM.u_core/alu/u_mul/u_mul/GEN_WALLACE.u_mul/result[2]_INST_0_i_6_n_0
    SLICE_X11Y18         CARRY4 (Prop_carry4_CI_CO[3])
                                                      0.058     8.364 r  GEN_BRAM.u_core/alu/u_mul/u_mul/GEN_WALLACE.u_mul/result[8]_INST_0_i_117/CO[3]
                         net (fo=1, routed)           0.000     8.364    GEN_BRAM.u_core/alu/u_mul/u_mul/GEN_WALLACE.u_mul/result[8]_INST_0_i_117_n_0
    SLICE_X11Y19         CARRY4 (Prop_carry4_CI_CO[3])
                                                      0.058     8.422 r  GEN_BRAM.u_core/alu/u_mul/u_mul/GEN_WALLACE.u_mul/result[12]_INST_0_i_87/CO[3]
                         net (fo=1, routed)           0.000     8.422    GEN_BRAM.u_core/alu/u_mul/u_mul/GEN_WALLACE.u_mul/result[12]_INST_0_i_87_n_0
    SLICE_X11Y20         CARRY4 (Prop_carry4_CI_O[0])
                                                      0.139     8.561 r  GEN_BRAM.u_core/alu/u_mul/u_mul/GEN_WALLACE.u_mul/result[20]_INST_0_i_217/O[0]
                         net (fo=2, routed)           0.717     9.278    GEN_BRAM.u_core/alu/u_mul/u_mul/GEN_WALLACE.u_mul/mag_a0[13]
    SLICE_X11Y15         LUT6 (Prop_lut6_I0_O)        0.155     9.433 r  GEN_BRAM.u_core/alu/u_mul/u_mul/GEN_WALLACE.u_mul/result[16]_INST_0_i_203/O
                         net (fo=64, routed)          1.990    11.423    GEN_BRAM.u_core/alu/u_mul/u_mul/GEN_WALLACE.u_mul/mag_a[13]
    SLICE_X29Y2          LUT6 (Prop_lut6_I0_O)        0.053    11.476 r  GEN_BRAM.u_core/alu/u_mul/u_mul/GEN_WALLACE.u_mul/result[28]_INST_0_i_239/O
                         net (fo=2, routed)           0.302    11.778    GEN_BRAM.u_core/alu/u_mul/u_mul/GEN_WALLACE.u_mul/l1[6]_32[23]
    SLICE_X29Y2          LUT3 (Prop_lut3_I1_O)        0.065    11.843 r  GEN_BRAM.u_core/alu/u_mul/u_mul/GEN_WALLACE.u_mul/result[28]_INST_0_i_178/O
                         net (fo=2, routed)           0.552    12.395    GEN_BRAM.u_core/alu/u_mul/u_mul/GEN_WALLACE.u_mul/l2[4]_50[23]
    SLICE_X31Y1          LUT5 (Prop_lut5_I4_O)        0.184    12.579 r  GEN_BRAM.u_core/alu/u_mul/u_mul/GEN_WALLACE.u_mul/result[28]_INST_0_i_87/O
                         net (fo=4, routed)           1.198    13.777    GEN_BRAM.u_core/alu/u_mul/u_mul/GEN_WALLACE.u_mul/l3[3]_2[24]
    SLICE_X17Y6          LUT6 (Prop_lut6_I3_O)        0.170    13.947 r  GEN_BRAM.u_core/alu/u_mul/u_mul/GEN_WALLACE.u_mul/result[28]_INST_0_i_69/O
                         net (fo=4, routed)           0.543    14.490    GEN_BRAM.u_core/alu/u_mul/u_mul/GEN_WALLACE.u_mul/l5[2]_17[25]
    SLICE_X21Y5          LUT6 (Prop_lut6_I5_O)        0.053    14.543 r  GEN_BRAM.u_core/alu/u_mul/u_mul/GEN_WALLACE.u_mul/result[28]_INST_0_i_38/O
                         net (fo=3, routed)           0.483    15.026    GEN_BRAM.u_core/alu/u_mul/u_mul/GEN_WALLACE.u_mul/l6[0]_23[25]
    SLICE_X20Y5          LUT5 (Prop_lut5_I0_O)        0.053    15.079 r  GEN_BRAM.u_core/alu/u_mul/u_mul/GEN_WALLACE.u_mul/result[28]_INST_0_i_27/O
                         net (fo=2, routed)           0.591    15.670    GEN_BRAM.u_core/alu/u_mul/u_mul/GEN_WALLACE.u_mul/l7[1]_24[26]
    SLICE_X16Y5          LUT2 (Prop_lut2_I0_O)        0.065    15.735 r  GEN_BRAM.u_core/alu/u_mul/u_mul/GEN_WALLACE.u_mul/result[28]_INST_0_i_6/O
                         net (fo=1, routed)           0.369    16.104    GEN_BRAM.u_core/alu/u_mul/u_mul/GEN_WALLACE.u_mul/final_a[26]
    SLICE_X19Y5          CARRY4 (Prop_carry4_DI[1]_CO[3])
                                                      0.417    16.521 r  GEN_BRAM.u_core/alu/u_mul/u_mul/GEN_WALLACE.u_mul/result[28]_INST_0_i_1/CO[3]
                         net (fo=1, routed)           0.000    16.521    GEN_BRAM.u_core/alu/u_mul/u_mul/GEN_WALLACE.u_mul/result[28]_INST_0_i_1_n_0
    SLICE_X19Y6          CARRY4 (Prop_carry4_CI_O[1])
                                                      0.213    16.734 f  GEN_BRAM.u_core/alu/u_mul/u_mul/GEN_WALLACE.u_mul/result[31]_INST_0_i_1/O[1]
                         net (fo=2, routed)           0.244    16.978    GEN_BRAM.u_core/alu/u_mul/u_mul/GEN_WALLACE.u_mul/unsigned_product[30]
    SLICE_X18Y7          LUT1 (Prop_lut1_I0_O)        0.152    17.130 r  GEN_BRAM.u_core/alu/u_mul/u_mul/GEN_WALLACE.u_mul/result[0]_INST_0_i_5/O
                         net (fo=1, routed)           0.000    17.130    GEN_BRAM.u_core/alu/u_mul/u_mul/GEN_WALLACE.u_mul/p_0_in[30]
    SLICE_X18Y7          CARRY4 (Prop_carry4_S[1]_O[3])
                                                      0.374    17.504 r  GEN_BRAM.u_core/alu/u_mul/u_mul/GEN_WALLACE.u_mul/result[0]_INST_0_i_1/O[3]
                         net (fo=1, routed)           0.461    17.965    GEN_BRAM.u_core/alu/u_mul/u_mul/GEN_WALLACE.u_mul/signed_product0[32]
    SLICE_X17Y11         LUT6 (Prop_lut6_I5_O)        0.142    18.107 r  GEN_BRAM.u_core/alu/u_mul/u_mul/GEN_WALLACE.u_mul/result[0]_INST_0/O
                         net (fo=1, routed)           0.697    18.803    GEN_BRAM.u_core/alu/mul_result[0]
    SLICE_X16Y20         LUT6 (Prop_lut6_I0_O)        0.053    18.856 r  GEN_BRAM.u_core/alu/debug_alu_out_OBUF[0]_inst_i_11/O
                         net (fo=1, routed)           0.000    18.856    GEN_BRAM.u_core/alu/debug_alu_out_OBUF[0]_inst_i_11_n_0
    SLICE_X16Y20         MUXF7 (Prop_muxf7_I1_O)      0.123    18.979 r  GEN_BRAM.u_core/alu/debug_alu_out_OBUF[0]_inst_i_4/O
                         net (fo=1, routed)           0.317    19.296    GEN_BRAM.u_core/alu/debug_alu_out_OBUF[0]_inst_i_4_n_0
    SLICE_X16Y20         LUT6 (Prop_lut6_I5_O)        0.150    19.446 r  GEN_BRAM.u_core/alu/debug_alu_out_OBUF[0]_inst_i_1/O
                         net (fo=11, routed)          1.065    20.511    GEN_BRAM.u_core/dmem/D[0]
    SLICE_X5Y33          LUT6 (Prop_lut6_I5_O)        0.053    20.564 r  GEN_BRAM.u_core/dmem/registers_reg_r1_0_31_6_11_i_39/O
                         net (fo=10, routed)          0.451    21.015    GEN_BRAM.u_core/dmem/registers_reg_r1_0_31_6_11_i_39_n_0
    SLICE_X4Y32          LUT6 (Prop_lut6_I2_O)        0.053    21.068 r  GEN_BRAM.u_core/dmem/registers_reg_r1_0_31_12_17_i_33/O
                         net (fo=16, routed)          0.667    21.735    GEN_BRAM.u_core/wb_mux/registers_reg_r1_0_31_12_17_i_6
    SLICE_X1Y28          LUT6 (Prop_lut6_I5_O)        0.053    21.788 r  GEN_BRAM.u_core/wb_mux/registers_reg_r1_0_31_18_23_i_12/O
                         net (fo=1, routed)           0.592    22.380    GEN_BRAM.u_core/divider/wb_exec[21]
    SLICE_X8Y29          LUT6 (Prop_lut6_I5_O)        0.053    22.433 r  GEN_BRAM.u_core/divider/registers_reg_r1_0_31_18_23_i_3/O
                         net (fo=2, routed)           0.360    22.792    GEN_BRAM.u_core/reg_file/registers_reg_r1_0_31_18_23/DIB1
    SLICE_X10Y30         RAMD32                                       r  GEN_BRAM.u_core/reg_file/registers_reg_r1_0_31_18_23/RAMB_D1/I
  -------------------------------------------------------------------    -------------------

                         (clock sys_clk rise edge)   30.000    30.000 r  
    AD23                                              0.000    30.000 r  clk (IN)
                         net (fo=0)                   0.000    30.000    clk
    AD23                 IBUF (Prop_ibuf_I_O)         0.796    30.796 r  clk_IBUF_inst/O
                         net (fo=1, routed)           1.741    32.537    clk_IBUF
    BUFGCTRL_X0Y0        BUFG (Prop_bufg_I_O)         0.113    32.650 r  clk_IBUF_BUFG_inst/O
                         net (fo=350, routed)         1.535    34.185    GEN_BRAM.u_core/reg_file/registers_reg_r1_0_31_18_23/WCLK
    SLICE_X10Y30         RAMD32                                       r  GEN_BRAM.u_core/reg_file/registers_reg_r1_0_31_18_23/RAMB_D1/CLK
                         clock pessimism              0.256    34.442    
                         clock uncertainty           -0.035    34.406    
    SLICE_X10Y30         RAMD32 (Setup_ramd32_CLK_I)
                                                     -0.159    34.247    GEN_BRAM.u_core/reg_file/registers_reg_r1_0_31_18_23/RAMB_D1
  -------------------------------------------------------------------
                         required time                         34.247    
                         arrival time                         -22.792    
  -------------------------------------------------------------------
                         slack                                 11.455    

Slack (MET) :             11.462ns  (required time - arrival time)
  Source:                 GEN_BRAM.u_core/ir_reg[18]/C
                            (rising edge-triggered cell FDCE clocked by sys_clk  {rise@0.000ns fall@15.000ns period=30.000ns})
  Destination:            GEN_BRAM.u_core/reg_file/registers_reg_r1_0_31_18_23/RAMA/I
                            (rising edge-triggered cell RAMD32 clocked by sys_clk  {rise@0.000ns fall@15.000ns period=30.000ns})
  Path Group:             sys_clk
  Path Type:              Setup (Max at Slow Process Corner)
  Requirement:            30.000ns  (sys_clk rise@30.000ns - sys_clk rise@0.000ns)
  Data Path Delay:        18.364ns  (logic 3.649ns (19.870%)  route 14.715ns (80.130%))
  Logic Levels:           26  (CARRY4=7 LUT1=1 LUT2=1 LUT3=1 LUT4=1 LUT5=3 LUT6=11 MUXF7=1)
  Clock Path Skew:        -0.026ns (DCD - SCD + CPR)
    Destination Clock Delay (DCD):    4.185ns = ( 34.185 - 30.000 ) 
    Source Clock Delay      (SCD):    4.468ns
    Clock Pessimism Removal (CPR):    0.256ns
  Clock Uncertainty:      0.035ns  ((TSJ^2 + TIJ^2)^1/2 + DJ) / 2 + PE
    Total System Jitter     (TSJ):    0.071ns
    Total Input Jitter      (TIJ):    0.000ns
    Discrete Jitter          (DJ):    0.000ns
    Phase Error              (PE):    0.000ns

    Location             Delay type                Incr(ns)  Path(ns)    Netlist Resource(s)
  -------------------------------------------------------------------    -------------------
                         (clock sys_clk rise edge)    0.000     0.000 r  
    AD23                                              0.000     0.000 r  clk (IN)
                         net (fo=0)                   0.000     0.000    clk
    AD23                 IBUF (Prop_ibuf_I_O)         0.873     0.873 r  clk_IBUF_inst/O
                         net (fo=1, routed)           1.830     2.703    clk_IBUF
    BUFGCTRL_X0Y0        BUFG (Prop_bufg_I_O)         0.120     2.823 r  clk_IBUF_BUFG_inst/O
                         net (fo=350, routed)         1.645     4.468    GEN_BRAM.u_core/clk_IBUF_BUFG
    SLICE_X10Y19         FDCE                                         r  GEN_BRAM.u_core/ir_reg[18]/C
  -------------------------------------------------------------------    -------------------
    SLICE_X10Y19         FDCE (Prop_fdce_C_Q)         0.308     4.776 f  GEN_BRAM.u_core/ir_reg[18]/Q
                         net (fo=97, routed)          1.476     6.251    GEN_BRAM.u_core/reg_file/Q[17]
    SLICE_X15Y33         LUT5 (Prop_lut5_I0_O)        0.053     6.304 r  GEN_BRAM.u_core/reg_file/u_adder_i_66/O
                         net (fo=190, routed)         1.148     7.452    GEN_BRAM.u_core/alu_mux_a/result[0]_INST_0_i_41
    SLICE_X6Y20          LUT4 (Prop_lut4_I2_O)        0.053     7.505 r  GEN_BRAM.u_core/alu_mux_a/u_adder_i_32/O
                         net (fo=107, routed)         0.454     7.960    GEN_BRAM.u_core/alu/u_mul/u_mul/GEN_WALLACE.u_mul/result[2]_INST_0_i_7_n_0
    SLICE_X11Y17         CARRY4 (Prop_carry4_CYINIT_CO[3])
                                                      0.346     8.306 r  GEN_BRAM.u_core/alu/u_mul/u_mul/GEN_WALLACE.u_mul/result[2]_INST_0_i_6/CO[3]
                         net (fo=1, routed)           0.000     8.306    GEN_BRAM.u_core/alu/u_mul/u_mul/GEN_WALLACE.u_mul/result[2]_INST_0_i_6_n_0
    SLICE_X11Y18         CARRY4 (Prop_carry4_CI_CO[3])
                                                      0.058     8.364 r  GEN_BRAM.u_core/alu/u_mul/u_mul/GEN_WALLACE.u_mul/result[8]_INST_0_i_117/CO[3]
                         net (fo=1, routed)           0.000     8.364    GEN_BRAM.u_core/alu/u_mul/u_mul/GEN_WALLACE.u_mul/result[8]_INST_0_i_117_n_0
    SLICE_X11Y19         CARRY4 (Prop_carry4_CI_CO[3])
                                                      0.058     8.422 r  GEN_BRAM.u_core/alu/u_mul/u_mul/GEN_WALLACE.u_mul/result[12]_INST_0_i_87/CO[3]
                         net (fo=1, routed)           0.000     8.422    GEN_BRAM.u_core/alu/u_mul/u_mul/GEN_WALLACE.u_mul/result[12]_INST_0_i_87_n_0
    SLICE_X11Y20         CARRY4 (Prop_carry4_CI_O[0])
                                                      0.139     8.561 r  GEN_BRAM.u_core/alu/u_mul/u_mul/GEN_WALLACE.u_mul/result[20]_INST_0_i_217/O[0]
                         net (fo=2, routed)           0.717     9.278    GEN_BRAM.u_core/alu/u_mul/u_mul/GEN_WALLACE.u_mul/mag_a0[13]
    SLICE_X11Y15         LUT6 (Prop_lut6_I0_O)        0.155     9.433 r  GEN_BRAM.u_core/alu/u_mul/u_mul/GEN_WALLACE.u_mul/result[16]_INST_0_i_203/O
                         net (fo=64, routed)          1.990    11.423    GEN_BRAM.u_core/alu/u_mul/u_mul/GEN_WALLACE.u_mul/mag_a[13]
    SLICE_X29Y2          LUT6 (Prop_lut6_I0_O)        0.053    11.476 r  GEN_BRAM.u_core/alu/u_mul/u_mul/GEN_WALLACE.u_mul/result[28]_INST_0_i_239/O
                         net (fo=2, routed)           0.302    11.778    GEN_BRAM.u_core/alu/u_mul/u_mul/GEN_WALLACE.u_mul/l1[6]_32[23]
    SLICE_X29Y2          LUT3 (Prop_lut3_I1_O)        0.065    11.843 r  GEN_BRAM.u_core/alu/u_mul/u_mul/GEN_WALLACE.u_mul/result[28]_INST_0_i_178/O
                         net (fo=2, routed)           0.552    12.395    GEN_BRAM.u_core/alu/u_mul/u_mul/GEN_WALLACE.u_mul/l2[4]_50[23]
    SLICE_X31Y1          LUT5 (Prop_lut5_I4_O)        0.184    12.579 r  GEN_BRAM.u_core/alu/u_mul/u_mul/GEN_WALLACE.u_mul/result[28]_INST_0_i_87/O
                         net (fo=4, routed)           1.198    13.777    GEN_BRAM.u_core/alu/u_mul/u_mul/GEN_WALLACE.u_mul/l3[3]_2[24]
    SLICE_X17Y6          LUT6 (Prop_lut6_I3_O)        0.170    13.947 r  GEN_BRAM.u_core/alu/u_mul/u_mul/GEN_WALLACE.u_mul/result[28]_INST_0_i_69/O
                         net (fo=4, routed)           0.543    14.490    GEN_BRAM.u_core/alu/u_mul/u_mul/GEN_WALLACE.u_mul/l5[2]_17[25]
    SLICE_X21Y5          LUT6 (Prop_lut6_I5_O)        0.053    14.543 r  GEN_BRAM.u_core/alu/u_mul/u_mul/GEN_WALLACE.u_mul/result[28]_INST_0_i_38/O
                         net (fo=3, routed)           0.483    15.026    GEN_BRAM.u_core/alu/u_mul/u_mul/GEN_WALLACE.u_mul/l6[0]_23[25]
    SLICE_X20Y5          LUT5 (Prop_lut5_I0_O)        0.053    15.079 r  GEN_BRAM.u_core/alu/u_mul/u_mul/GEN_WALLACE.u_mul/result[28]_INST_0_i_27/O
                         net (fo=2, routed)           0.591    15.670    GEN_BRAM.u_core/alu/u_mul/u_mul/GEN_WALLACE.u_mul/l7[1]_24[26]
    SLICE_X16Y5          LUT2 (Prop_lut2_I0_O)        0.065    15.735 r  GEN_BRAM.u_core/alu/u_mul/u_mul/GEN_WALLACE.u_mul/result[28]_INST_0_i_6/O
                         net (fo=1, routed)           0.369    16.104    GEN_BRAM.u_core/alu/u_mul/u_mul/GEN_WALLACE.u_mul/final_a[26]
    SLICE_X19Y5          CARRY4 (Prop_carry4_DI[1]_CO[3])
                                                      0.417    16.521 r  GEN_BRAM.u_core/alu/u_mul/u_mul/GEN_WALLACE.u_mul/result[28]_INST_0_i_1/CO[3]
                         net (fo=1, routed)           0.000    16.521    GEN_BRAM.u_core/alu/u_mul/u_mul/GEN_WALLACE.u_mul/result[28]_INST_0_i_1_n_0
    SLICE_X19Y6          CARRY4 (Prop_carry4_CI_O[1])
                                                      0.213    16.734 f  GEN_BRAM.u_core/alu/u_mul/u_mul/GEN_WALLACE.u_mul/result[31]_INST_0_i_1/O[1]
                         net (fo=2, routed)           0.244    16.978    GEN_BRAM.u_core/alu/u_mul/u_mul/GEN_WALLACE.u_mul/unsigned_product[30]
    SLICE_X18Y7          LUT1 (Prop_lut1_I0_O)        0.152    17.130 r  GEN_BRAM.u_core/alu/u_mul/u_mul/GEN_WALLACE.u_mul/result[0]_INST_0_i_5/O
                         net (fo=1, routed)           0.000    17.130    GEN_BRAM.u_core/alu/u_mul/u_mul/GEN_WALLACE.u_mul/p_0_in[30]
    SLICE_X18Y7          CARRY4 (Prop_carry4_S[1]_O[3])
                                                      0.374    17.504 r  GEN_BRAM.u_core/alu/u_mul/u_mul/GEN_WALLACE.u_mul/result[0]_INST_0_i_1/O[3]
                         net (fo=1, routed)           0.461    17.965    GEN_BRAM.u_core/alu/u_mul/u_mul/GEN_WALLACE.u_mul/signed_product0[32]
    SLICE_X17Y11         LUT6 (Prop_lut6_I5_O)        0.142    18.107 r  GEN_BRAM.u_core/alu/u_mul/u_mul/GEN_WALLACE.u_mul/result[0]_INST_0/O
                         net (fo=1, routed)           0.697    18.803    GEN_BRAM.u_core/alu/mul_result[0]
    SLICE_X16Y20         LUT6 (Prop_lut6_I0_O)        0.053    18.856 r  GEN_BRAM.u_core/alu/debug_alu_out_OBUF[0]_inst_i_11/O
                         net (fo=1, routed)           0.000    18.856    GEN_BRAM.u_core/alu/debug_alu_out_OBUF[0]_inst_i_11_n_0
    SLICE_X16Y20         MUXF7 (Prop_muxf7_I1_O)      0.123    18.979 r  GEN_BRAM.u_core/alu/debug_alu_out_OBUF[0]_inst_i_4/O
                         net (fo=1, routed)           0.317    19.296    GEN_BRAM.u_core/alu/debug_alu_out_OBUF[0]_inst_i_4_n_0
    SLICE_X16Y20         LUT6 (Prop_lut6_I5_O)        0.150    19.446 r  GEN_BRAM.u_core/alu/debug_alu_out_OBUF[0]_inst_i_1/O
                         net (fo=11, routed)          1.065    20.511    GEN_BRAM.u_core/dmem/D[0]
    SLICE_X5Y33          LUT6 (Prop_lut6_I5_O)        0.053    20.564 r  GEN_BRAM.u_core/dmem/registers_reg_r1_0_31_6_11_i_39/O
                         net (fo=10, routed)          0.451    21.015    GEN_BRAM.u_core/dmem/registers_reg_r1_0_31_6_11_i_39_n_0
    SLICE_X4Y32          LUT6 (Prop_lut6_I2_O)        0.053    21.068 r  GEN_BRAM.u_core/dmem/registers_reg_r1_0_31_12_17_i_33/O
                         net (fo=16, routed)          0.545    21.613    GEN_BRAM.u_core/wb_mux/registers_reg_r1_0_31_12_17_i_6
    SLICE_X3Y28          LUT6 (Prop_lut6_I5_O)        0.053    21.666 r  GEN_BRAM.u_core/wb_mux/registers_reg_r1_0_31_18_23_i_10/O
                         net (fo=1, routed)           0.585    22.251    GEN_BRAM.u_core/divider/wb_exec[18]
    SLICE_X6Y31          LUT6 (Prop_lut6_I5_O)        0.053    22.304 r  GEN_BRAM.u_core/divider/registers_reg_r1_0_31_18_23_i_2/O
                         net (fo=2, routed)           0.528    22.832    GEN_BRAM.u_core/reg_file/registers_reg_r1_0_31_18_23/DIA0
    SLICE_X10Y30         RAMD32                                       r  GEN_BRAM.u_core/reg_file/registers_reg_r1_0_31_18_23/RAMA/I
  -------------------------------------------------------------------    -------------------

                         (clock sys_clk rise edge)   30.000    30.000 r  
    AD23                                              0.000    30.000 r  clk (IN)
                         net (fo=0)                   0.000    30.000    clk
    AD23                 IBUF (Prop_ibuf_I_O)         0.796    30.796 r  clk_IBUF_inst/O
                         net (fo=1, routed)           1.741    32.537    clk_IBUF
    BUFGCTRL_X0Y0        BUFG (Prop_bufg_I_O)         0.113    32.650 r  clk_IBUF_BUFG_inst/O
                         net (fo=350, routed)         1.535    34.185    GEN_BRAM.u_core/reg_file/registers_reg_r1_0_31_18_23/WCLK
    SLICE_X10Y30         RAMD32                                       r  GEN_BRAM.u_core/reg_file/registers_reg_r1_0_31_18_23/RAMA/CLK
                         clock pessimism              0.256    34.442    
                         clock uncertainty           -0.035    34.406    
    SLICE_X10Y30         RAMD32 (Setup_ramd32_CLK_I)
                                                     -0.113    34.293    GEN_BRAM.u_core/reg_file/registers_reg_r1_0_31_18_23/RAMA
  -------------------------------------------------------------------
                         required time                         34.293    
                         arrival time                         -22.832    
  -------------------------------------------------------------------
                         slack                                 11.462    

Slack (MET) :             11.512ns  (required time - arrival time)
  Source:                 GEN_BRAM.u_core/ir_reg[18]/C
                            (rising edge-triggered cell FDCE clocked by sys_clk  {rise@0.000ns fall@15.000ns period=30.000ns})
  Destination:            GEN_BRAM.u_core/reg_file/registers_reg_r2_0_31_24_29/RAMA_D1/I
                            (rising edge-triggered cell RAMD32 clocked by sys_clk  {rise@0.000ns fall@15.000ns period=30.000ns})
  Path Group:             sys_clk
  Path Type:              Setup (Max at Slow Process Corner)
  Requirement:            30.000ns  (sys_clk rise@30.000ns - sys_clk rise@0.000ns)
  Data Path Delay:        18.261ns  (logic 3.649ns (19.982%)  route 14.612ns (80.018%))
  Logic Levels:           26  (CARRY4=7 LUT1=1 LUT2=1 LUT3=1 LUT4=1 LUT5=3 LUT6=11 MUXF7=1)
  Clock Path Skew:        -0.025ns (DCD - SCD + CPR)
    Destination Clock Delay (DCD):    4.186ns = ( 34.186 - 30.000 ) 
    Source Clock Delay      (SCD):    4.468ns
    Clock Pessimism Removal (CPR):    0.256ns
  Clock Uncertainty:      0.035ns  ((TSJ^2 + TIJ^2)^1/2 + DJ) / 2 + PE
    Total System Jitter     (TSJ):    0.071ns
    Total Input Jitter      (TIJ):    0.000ns
    Discrete Jitter          (DJ):    0.000ns
    Phase Error              (PE):    0.000ns

    Location             Delay type                Incr(ns)  Path(ns)    Netlist Resource(s)
  -------------------------------------------------------------------    -------------------
                         (clock sys_clk rise edge)    0.000     0.000 r  
    AD23                                              0.000     0.000 r  clk (IN)
                         net (fo=0)                   0.000     0.000    clk
    AD23                 IBUF (Prop_ibuf_I_O)         0.873     0.873 r  clk_IBUF_inst/O
                         net (fo=1, routed)           1.830     2.703    clk_IBUF
    BUFGCTRL_X0Y0        BUFG (Prop_bufg_I_O)         0.120     2.823 r  clk_IBUF_BUFG_inst/O
                         net (fo=350, routed)         1.645     4.468    GEN_BRAM.u_core/clk_IBUF_BUFG
    SLICE_X10Y19         FDCE                                         r  GEN_BRAM.u_core/ir_reg[18]/C
  -------------------------------------------------------------------    -------------------
    SLICE_X10Y19         FDCE (Prop_fdce_C_Q)         0.308     4.776 f  GEN_BRAM.u_core/ir_reg[18]/Q
                         net (fo=97, routed)          1.476     6.251    GEN_BRAM.u_core/reg_file/Q[17]
    SLICE_X15Y33         LUT5 (Prop_lut5_I0_O)        0.053     6.304 r  GEN_BRAM.u_core/reg_file/u_adder_i_66/O
                         net (fo=190, routed)         1.148     7.452    GEN_BRAM.u_core/alu_mux_a/result[0]_INST_0_i_41
    SLICE_X6Y20          LUT4 (Prop_lut4_I2_O)        0.053     7.505 r  GEN_BRAM.u_core/alu_mux_a/u_adder_i_32/O
                         net (fo=107, routed)         0.454     7.960    GEN_BRAM.u_core/alu/u_mul/u_mul/GEN_WALLACE.u_mul/result[2]_INST_0_i_7_n_0
    SLICE_X11Y17         CARRY4 (Prop_carry4_CYINIT_CO[3])
                                                      0.346     8.306 r  GEN_BRAM.u_core/alu/u_mul/u_mul/GEN_WALLACE.u_mul/result[2]_INST_0_i_6/CO[3]
                         net (fo=1, routed)           0.000     8.306    GEN_BRAM.u_core/alu/u_mul/u_mul/GEN_WALLACE.u_mul/result[2]_INST_0_i_6_n_0
    SLICE_X11Y18         CARRY4 (Prop_carry4_CI_CO[3])
                                                      0.058     8.364 r  GEN_BRAM.u_core/alu/u_mul/u_mul/GEN_WALLACE.u_mul/result[8]_INST_0_i_117/CO[3]
                         net (fo=1, routed)           0.000     8.364    GEN_BRAM.u_core/alu/u_mul/u_mul/GEN_WALLACE.u_mul/result[8]_INST_0_i_117_n_0
    SLICE_X11Y19         CARRY4 (Prop_carry4_CI_CO[3])
                                                      0.058     8.422 r  GEN_BRAM.u_core/alu/u_mul/u_mul/GEN_WALLACE.u_mul/result[12]_INST_0_i_87/CO[3]
                         net (fo=1, routed)           0.000     8.422    GEN_BRAM.u_core/alu/u_mul/u_mul/GEN_WALLACE.u_mul/result[12]_INST_0_i_87_n_0
    SLICE_X11Y20         CARRY4 (Prop_carry4_CI_O[0])
                                                      0.139     8.561 r  GEN_BRAM.u_core/alu/u_mul/u_mul/GEN_WALLACE.u_mul/result[20]_INST_0_i_217/O[0]
                         net (fo=2, routed)           0.717     9.278    GEN_BRAM.u_core/alu/u_mul/u_mul/GEN_WALLACE.u_mul/mag_a0[13]
    SLICE_X11Y15         LUT6 (Prop_lut6_I0_O)        0.155     9.433 r  GEN_BRAM.u_core/alu/u_mul/u_mul/GEN_WALLACE.u_mul/result[16]_INST_0_i_203/O
                         net (fo=64, routed)          1.990    11.423    GEN_BRAM.u_core/alu/u_mul/u_mul/GEN_WALLACE.u_mul/mag_a[13]
    SLICE_X29Y2          LUT6 (Prop_lut6_I0_O)        0.053    11.476 r  GEN_BRAM.u_core/alu/u_mul/u_mul/GEN_WALLACE.u_mul/result[28]_INST_0_i_239/O
                         net (fo=2, routed)           0.302    11.778    GEN_BRAM.u_core/alu/u_mul/u_mul/GEN_WALLACE.u_mul/l1[6]_32[23]
    SLICE_X29Y2          LUT3 (Prop_lut3_I1_O)        0.065    11.843 r  GEN_BRAM.u_core/alu/u_mul/u_mul/GEN_WALLACE.u_mul/result[28]_INST_0_i_178/O
                         net (fo=2, routed)           0.552    12.395    GEN_BRAM.u_core/alu/u_mul/u_mul/GEN_WALLACE.u_mul/l2[4]_50[23]
    SLICE_X31Y1          LUT5 (Prop_lut5_I4_O)        0.184    12.579 r  GEN_BRAM.u_core/alu/u_mul/u_mul/GEN_WALLACE.u_mul/result[28]_INST_0_i_87/O
                         net (fo=4, routed)           1.198    13.777    GEN_BRAM.u_core/alu/u_mul/u_mul/GEN_WALLACE.u_mul/l3[3]_2[24]
    SLICE_X17Y6          LUT6 (Prop_lut6_I3_O)        0.170    13.947 r  GEN_BRAM.u_core/alu/u_mul/u_mul/GEN_WALLACE.u_mul/result[28]_INST_0_i_69/O
                         net (fo=4, routed)           0.543    14.490    GEN_BRAM.u_core/alu/u_mul/u_mul/GEN_WALLACE.u_mul/l5[2]_17[25]
    SLICE_X21Y5          LUT6 (Prop_lut6_I5_O)        0.053    14.543 r  GEN_BRAM.u_core/alu/u_mul/u_mul/GEN_WALLACE.u_mul/result[28]_INST_0_i_38/O
                         net (fo=3, routed)           0.483    15.026    GEN_BRAM.u_core/alu/u_mul/u_mul/GEN_WALLACE.u_mul/l6[0]_23[25]
    SLICE_X20Y5          LUT5 (Prop_lut5_I0_O)        0.053    15.079 r  GEN_BRAM.u_core/alu/u_mul/u_mul/GEN_WALLACE.u_mul/result[28]_INST_0_i_27/O
                         net (fo=2, routed)           0.591    15.670    GEN_BRAM.u_core/alu/u_mul/u_mul/GEN_WALLACE.u_mul/l7[1]_24[26]
    SLICE_X16Y5          LUT2 (Prop_lut2_I0_O)        0.065    15.735 r  GEN_BRAM.u_core/alu/u_mul/u_mul/GEN_WALLACE.u_mul/result[28]_INST_0_i_6/O
                         net (fo=1, routed)           0.369    16.104    GEN_BRAM.u_core/alu/u_mul/u_mul/GEN_WALLACE.u_mul/final_a[26]
    SLICE_X19Y5          CARRY4 (Prop_carry4_DI[1]_CO[3])
                                                      0.417    16.521 r  GEN_BRAM.u_core/alu/u_mul/u_mul/GEN_WALLACE.u_mul/result[28]_INST_0_i_1/CO[3]
                         net (fo=1, routed)           0.000    16.521    GEN_BRAM.u_core/alu/u_mul/u_mul/GEN_WALLACE.u_mul/result[28]_INST_0_i_1_n_0
    SLICE_X19Y6          CARRY4 (Prop_carry4_CI_O[1])
                                                      0.213    16.734 f  GEN_BRAM.u_core/alu/u_mul/u_mul/GEN_WALLACE.u_mul/result[31]_INST_0_i_1/O[1]
                         net (fo=2, routed)           0.244    16.978    GEN_BRAM.u_core/alu/u_mul/u_mul/GEN_WALLACE.u_mul/unsigned_product[30]
    SLICE_X18Y7          LUT1 (Prop_lut1_I0_O)        0.152    17.130 r  GEN_BRAM.u_core/alu/u_mul/u_mul/GEN_WALLACE.u_mul/result[0]_INST_0_i_5/O
                         net (fo=1, routed)           0.000    17.130    GEN_BRAM.u_core/alu/u_mul/u_mul/GEN_WALLACE.u_mul/p_0_in[30]
    SLICE_X18Y7          CARRY4 (Prop_carry4_S[1]_O[3])
                                                      0.374    17.504 r  GEN_BRAM.u_core/alu/u_mul/u_mul/GEN_WALLACE.u_mul/result[0]_INST_0_i_1/O[3]
                         net (fo=1, routed)           0.461    17.965    GEN_BRAM.u_core/alu/u_mul/u_mul/GEN_WALLACE.u_mul/signed_product0[32]
    SLICE_X17Y11         LUT6 (Prop_lut6_I5_O)        0.142    18.107 r  GEN_BRAM.u_core/alu/u_mul/u_mul/GEN_WALLACE.u_mul/result[0]_INST_0/O
                         net (fo=1, routed)           0.697    18.803    GEN_BRAM.u_core/alu/mul_result[0]
    SLICE_X16Y20         LUT6 (Prop_lut6_I0_O)        0.053    18.856 r  GEN_BRAM.u_core/alu/debug_alu_out_OBUF[0]_inst_i_11/O
                         net (fo=1, routed)           0.000    18.856    GEN_BRAM.u_core/alu/debug_alu_out_OBUF[0]_inst_i_11_n_0
    SLICE_X16Y20         MUXF7 (Prop_muxf7_I1_O)      0.123    18.979 r  GEN_BRAM.u_core/alu/debug_alu_out_OBUF[0]_inst_i_4/O
                         net (fo=1, routed)           0.317    19.296    GEN_BRAM.u_core/alu/debug_alu_out_OBUF[0]_inst_i_4_n_0
    SLICE_X16Y20         LUT6 (Prop_lut6_I5_O)        0.150    19.446 r  GEN_BRAM.u_core/alu/debug_alu_out_OBUF[0]_inst_i_1/O
                         net (fo=11, routed)          1.065    20.511    GEN_BRAM.u_core/dmem/D[0]
    SLICE_X5Y33          LUT6 (Prop_lut6_I5_O)        0.053    20.564 r  GEN_BRAM.u_core/dmem/registers_reg_r1_0_31_6_11_i_39/O
                         net (fo=10, routed)          0.451    21.015    GEN_BRAM.u_core/dmem/registers_reg_r1_0_31_6_11_i_39_n_0
    SLICE_X4Y32          LUT6 (Prop_lut6_I2_O)        0.053    21.068 r  GEN_BRAM.u_core/dmem/registers_reg_r1_0_31_12_17_i_33/O
                         net (fo=16, routed)          0.544    21.612    GEN_BRAM.u_core/wb_mux/registers_reg_r1_0_31_12_17_i_6
    SLICE_X3Y29          LUT6 (Prop_lut6_I5_O)        0.053    21.665 r  GEN_BRAM.u_core/wb_mux/registers_reg_r1_0_31_24_29_i_8/O
                         net (fo=1, routed)           0.646    22.310    GEN_BRAM.u_core/divider/wb_exec[25]
    SLICE_X8Y31          LUT6 (Prop_lut6_I5_O)        0.053    22.363 r  GEN_BRAM.u_core/divider/registers_reg_r1_0_31_24_29_i_1/O
                         net (fo=2, routed)           0.365    22.729    GEN_BRAM.u_core/reg_file/registers_reg_r2_0_31_24_29/DIA1
    SLICE_X10Y31         RAMD32                                       r  GEN_BRAM.u_core/reg_file/registers_reg_r2_0_31_24_29/RAMA_D1/I
  -------------------------------------------------------------------    -------------------

                         (clock sys_clk rise edge)   30.000    30.000 r  
    AD23                                              0.000    30.000 r  clk (IN)
                         net (fo=0)                   0.000    30.000    clk
    AD23                 IBUF (Prop_ibuf_I_O)         0.796    30.796 r  clk_IBUF_inst/O
                         net (fo=1, routed)           1.741    32.537    clk_IBUF
    BUFGCTRL_X0Y0        BUFG (Prop_bufg_I_O)         0.113    32.650 r  clk_IBUF_BUFG_inst/O
                         net (fo=350, routed)         1.536    34.186    GEN_BRAM.u_core/reg_file/registers_reg_r2_0_31_24_29/WCLK
    SLICE_X10Y31         RAMD32                                       r  GEN_BRAM.u_core/reg_file/registers_reg_r2_0_31_24_29/RAMA_D1/CLK
                         clock pessimism              0.256    34.443    
                         clock uncertainty           -0.035    34.407    
    SLICE_X10Y31         RAMD32 (Setup_ramd32_CLK_I)
                                                     -0.166    34.241    GEN_BRAM.u_core/reg_file/registers_reg_r2_0_31_24_29/RAMA_D1
  -------------------------------------------------------------------
                         required time                         34.241    
                         arrival time                         -22.729    
  -------------------------------------------------------------------
                         slack                                 11.512    

Slack (MET) :             11.517ns  (required time - arrival time)
  Source:                 GEN_BRAM.u_core/ir_reg[18]/C
                            (rising edge-triggered cell FDCE clocked by sys_clk  {rise@0.000ns fall@15.000ns period=30.000ns})
  Destination:            GEN_BRAM.u_core/reg_file/registers_reg_r2_0_31_0_5/RAMC_D1/I
                            (rising edge-triggered cell RAMD32 clocked by sys_clk  {rise@0.000ns fall@15.000ns period=30.000ns})
  Path Group:             sys_clk
  Path Type:              Setup (Max at Slow Process Corner)
  Requirement:            30.000ns  (sys_clk rise@30.000ns - sys_clk rise@0.000ns)
  Data Path Delay:        18.301ns  (logic 3.771ns (20.606%)  route 14.530ns (79.394%))
  Logic Levels:           26  (CARRY4=7 LUT1=1 LUT2=2 LUT3=1 LUT4=1 LUT5=4 LUT6=9 MUXF7=1)
  Clock Path Skew:        0.027ns (DCD - SCD + CPR)
    Destination Clock Delay (DCD):    4.238ns = ( 34.238 - 30.000 ) 
    Source Clock Delay      (SCD):    4.468ns
    Clock Pessimism Removal (CPR):    0.256ns
  Clock Uncertainty:      0.035ns  ((TSJ^2 + TIJ^2)^1/2 + DJ) / 2 + PE
    Total System Jitter     (TSJ):    0.071ns
    Total Input Jitter      (TIJ):    0.000ns
    Discrete Jitter          (DJ):    0.000ns
    Phase Error              (PE):    0.000ns

    Location             Delay type                Incr(ns)  Path(ns)    Netlist Resource(s)
  -------------------------------------------------------------------    -------------------
                         (clock sys_clk rise edge)    0.000     0.000 r  
    AD23                                              0.000     0.000 r  clk (IN)
                         net (fo=0)                   0.000     0.000    clk
    AD23                 IBUF (Prop_ibuf_I_O)         0.873     0.873 r  clk_IBUF_inst/O
                         net (fo=1, routed)           1.830     2.703    clk_IBUF
    BUFGCTRL_X0Y0        BUFG (Prop_bufg_I_O)         0.120     2.823 r  clk_IBUF_BUFG_inst/O
                         net (fo=350, routed)         1.645     4.468    GEN_BRAM.u_core/clk_IBUF_BUFG
    SLICE_X10Y19         FDCE                                         r  GEN_BRAM.u_core/ir_reg[18]/C
  -------------------------------------------------------------------    -------------------
    SLICE_X10Y19         FDCE (Prop_fdce_C_Q)         0.308     4.776 f  GEN_BRAM.u_core/ir_reg[18]/Q
                         net (fo=97, routed)          1.476     6.251    GEN_BRAM.u_core/reg_file/Q[17]
    SLICE_X15Y33         LUT5 (Prop_lut5_I0_O)        0.053     6.304 r  GEN_BRAM.u_core/reg_file/u_adder_i_66/O
                         net (fo=190, routed)         1.148     7.452    GEN_BRAM.u_core/alu_mux_a/result[0]_INST_0_i_41
    SLICE_X6Y20          LUT4 (Prop_lut4_I2_O)        0.053     7.505 r  GEN_BRAM.u_core/alu_mux_a/u_adder_i_32/O
                         net (fo=107, routed)         0.454     7.960    GEN_BRAM.u_core/alu/u_mul/u_mul/GEN_WALLACE.u_mul/result[2]_INST_0_i_7_n_0
    SLICE_X11Y17         CARRY4 (Prop_carry4_CYINIT_CO[3])
                                                      0.346     8.306 r  GEN_BRAM.u_core/alu/u_mul/u_mul/GEN_WALLACE.u_mul/result[2]_INST_0_i_6/CO[3]
                         net (fo=1, routed)           0.000     8.306    GEN_BRAM.u_core/alu/u_mul/u_mul/GEN_WALLACE.u_mul/result[2]_INST_0_i_6_n_0
    SLICE_X11Y18         CARRY4 (Prop_carry4_CI_CO[3])
                                                      0.058     8.364 r  GEN_BRAM.u_core/alu/u_mul/u_mul/GEN_WALLACE.u_mul/result[8]_INST_0_i_117/CO[3]
                         net (fo=1, routed)           0.000     8.364    GEN_BRAM.u_core/alu/u_mul/u_mul/GEN_WALLACE.u_mul/result[8]_INST_0_i_117_n_0
    SLICE_X11Y19         CARRY4 (Prop_carry4_CI_CO[3])
                                                      0.058     8.422 r  GEN_BRAM.u_core/alu/u_mul/u_mul/GEN_WALLACE.u_mul/result[12]_INST_0_i_87/CO[3]
                         net (fo=1, routed)           0.000     8.422    GEN_BRAM.u_core/alu/u_mul/u_mul/GEN_WALLACE.u_mul/result[12]_INST_0_i_87_n_0
    SLICE_X11Y20         CARRY4 (Prop_carry4_CI_O[0])
                                                      0.139     8.561 r  GEN_BRAM.u_core/alu/u_mul/u_mul/GEN_WALLACE.u_mul/result[20]_INST_0_i_217/O[0]
                         net (fo=2, routed)           0.717     9.278    GEN_BRAM.u_core/alu/u_mul/u_mul/GEN_WALLACE.u_mul/mag_a0[13]
    SLICE_X11Y15         LUT6 (Prop_lut6_I0_O)        0.155     9.433 r  GEN_BRAM.u_core/alu/u_mul/u_mul/GEN_WALLACE.u_mul/result[16]_INST_0_i_203/O
                         net (fo=64, routed)          1.990    11.423    GEN_BRAM.u_core/alu/u_mul/u_mul/GEN_WALLACE.u_mul/mag_a[13]
    SLICE_X29Y2          LUT6 (Prop_lut6_I0_O)        0.053    11.476 r  GEN_BRAM.u_core/alu/u_mul/u_mul/GEN_WALLACE.u_mul/result[28]_INST_0_i_239/O
                         net (fo=2, routed)           0.302    11.778    GEN_BRAM.u_core/alu/u_mul/u_mul/GEN_WALLACE.u_mul/l1[6]_32[23]
    SLICE_X29Y2          LUT3 (Prop_lut3_I1_O)        0.065    11.843 r  GEN_BRAM.u_core/alu/u_mul/u_mul/GEN_WALLACE.u_mul/result[28]_INST_0_i_178/O
                         net (fo=2, routed)           0.552    12.395    GEN_BRAM.u_core/alu/u_mul/u_mul/GEN_WALLACE.u_mul/l2[4]_50[23]
    SLICE_X31Y1          LUT5 (Prop_lut5_I4_O)        0.184    12.579 r  GEN_BRAM.u_core/alu/u_mul/u_mul/GEN_WALLACE.u_mul/result[28]_INST_0_i_87/O
                         net (fo=4, routed)           1.198    13.777    GEN_BRAM.u_core/alu/u_mul/u_mul/GEN_WALLACE.u_mul/l3[3]_2[24]
    SLICE_X17Y6          LUT6 (Prop_lut6_I3_O)        0.170    13.947 r  GEN_BRAM.u_core/alu/u_mul/u_mul/GEN_WALLACE.u_mul/result[28]_INST_0_i_69/O
                         net (fo=4, routed)           0.543    14.490    GEN_BRAM.u_core/alu/u_mul/u_mul/GEN_WALLACE.u_mul/l5[2]_17[25]
    SLICE_X21Y5          LUT6 (Prop_lut6_I5_O)        0.053    14.543 r  GEN_BRAM.u_core/alu/u_mul/u_mul/GEN_WALLACE.u_mul/result[28]_INST_0_i_38/O
                         net (fo=3, routed)           0.483    15.026    GEN_BRAM.u_core/alu/u_mul/u_mul/GEN_WALLACE.u_mul/l6[0]_23[25]
    SLICE_X20Y5          LUT5 (Prop_lut5_I0_O)        0.053    15.079 r  GEN_BRAM.u_core/alu/u_mul/u_mul/GEN_WALLACE.u_mul/result[28]_INST_0_i_27/O
                         net (fo=2, routed)           0.591    15.670    GEN_BRAM.u_core/alu/u_mul/u_mul/GEN_WALLACE.u_mul/l7[1]_24[26]
    SLICE_X16Y5          LUT2 (Prop_lut2_I0_O)        0.065    15.735 r  GEN_BRAM.u_core/alu/u_mul/u_mul/GEN_WALLACE.u_mul/result[28]_INST_0_i_6/O
                         net (fo=1, routed)           0.369    16.104    GEN_BRAM.u_core/alu/u_mul/u_mul/GEN_WALLACE.u_mul/final_a[26]
    SLICE_X19Y5          CARRY4 (Prop_carry4_DI[1]_CO[3])
                                                      0.417    16.521 r  GEN_BRAM.u_core/alu/u_mul/u_mul/GEN_WALLACE.u_mul/result[28]_INST_0_i_1/CO[3]
                         net (fo=1, routed)           0.000    16.521    GEN_BRAM.u_core/alu/u_mul/u_mul/GEN_WALLACE.u_mul/result[28]_INST_0_i_1_n_0
    SLICE_X19Y6          CARRY4 (Prop_carry4_CI_O[1])
                                                      0.213    16.734 f  GEN_BRAM.u_core/alu/u_mul/u_mul/GEN_WALLACE.u_mul/result[31]_INST_0_i_1/O[1]
                         net (fo=2, routed)           0.244    16.978    GEN_BRAM.u_core/alu/u_mul/u_mul/GEN_WALLACE.u_mul/unsigned_product[30]
    SLICE_X18Y7          LUT1 (Prop_lut1_I0_O)        0.152    17.130 r  GEN_BRAM.u_core/alu/u_mul/u_mul/GEN_WALLACE.u_mul/result[0]_INST_0_i_5/O
                         net (fo=1, routed)           0.000    17.130    GEN_BRAM.u_core/alu/u_mul/u_mul/GEN_WALLACE.u_mul/p_0_in[30]
    SLICE_X18Y7          CARRY4 (Prop_carry4_S[1]_O[3])
                                                      0.374    17.504 f  GEN_BRAM.u_core/alu/u_mul/u_mul/GEN_WALLACE.u_mul/result[0]_INST_0_i_1/O[3]
                         net (fo=1, routed)           0.461    17.965    GEN_BRAM.u_core/alu/u_mul/u_mul/GEN_WALLACE.u_mul/signed_product0[32]
    SLICE_X17Y11         LUT6 (Prop_lut6_I5_O)        0.142    18.107 f  GEN_BRAM.u_core/alu/u_mul/u_mul/GEN_WALLACE.u_mul/result[0]_INST_0/O
                         net (fo=1, routed)           0.697    18.803    GEN_BRAM.u_core/alu/mul_result[0]
    SLICE_X16Y20         LUT6 (Prop_lut6_I0_O)        0.053    18.856 f  GEN_BRAM.u_core/alu/debug_alu_out_OBUF[0]_inst_i_11/O
                         net (fo=1, routed)           0.000    18.856    GEN_BRAM.u_core/alu/debug_alu_out_OBUF[0]_inst_i_11_n_0
    SLICE_X16Y20         MUXF7 (Prop_muxf7_I1_O)      0.123    18.979 f  GEN_BRAM.u_core/alu/debug_alu_out_OBUF[0]_inst_i_4/O
                         net (fo=1, routed)           0.317    19.296    GEN_BRAM.u_core/alu/debug_alu_out_OBUF[0]_inst_i_4_n_0
    SLICE_X16Y20         LUT6 (Prop_lut6_I5_O)        0.150    19.446 f  GEN_BRAM.u_core/alu/debug_alu_out_OBUF[0]_inst_i_1/O
                         net (fo=11, routed)          1.190    20.637    GEN_BRAM.u_core/alu/D[0]
    SLICE_X11Y32         LUT2 (Prop_lut2_I1_O)        0.063    20.700 r  GEN_BRAM.u_core/alu/mem_reg_0_i_37/O
                         net (fo=33, routed)          0.691    21.391    GEN_BRAM.u_core/dmem/registers_reg_r1_0_31_6_11_i_10
    SLICE_X1Y28          LUT5 (Prop_lut5_I4_O)        0.165    21.556 r  GEN_BRAM.u_core/dmem/registers_reg_r1_0_31_0_5_i_40/O
                         net (fo=1, routed)           0.405    21.961    GEN_BRAM.u_core/wb_mux/registers_reg_r1_0_31_0_5_i_6_0
    SLICE_X1Y28          LUT6 (Prop_lut6_I5_O)        0.053    22.014 r  GEN_BRAM.u_core/wb_mux/registers_reg_r1_0_31_0_5_i_19/O
                         net (fo=1, routed)           0.128    22.143    GEN_BRAM.u_core/divider/wb_exec[5]
    SLICE_X1Y28          LUT6 (Prop_lut6_I5_O)        0.053    22.196 r  GEN_BRAM.u_core/divider/registers_reg_r1_0_31_0_5_i_6/O
                         net (fo=2, routed)           0.573    22.769    GEN_BRAM.u_core/reg_file/registers_reg_r2_0_31_0_5/DIC1
    SLICE_X6Y25          RAMD32                                       r  GEN_BRAM.u_core/reg_file/registers_reg_r2_0_31_0_5/RAMC_D1/I
  -------------------------------------------------------------------    -------------------

                         (clock sys_clk rise edge)   30.000    30.000 r  
    AD23                                              0.000    30.000 r  clk (IN)
                         net (fo=0)                   0.000    30.000    clk
    AD23                 IBUF (Prop_ibuf_I_O)         0.796    30.796 r  clk_IBUF_inst/O
                         net (fo=1, routed)           1.741    32.537    clk_IBUF
    BUFGCTRL_X0Y0        BUFG (Prop_bufg_I_O)         0.113    32.650 r  clk_IBUF_BUFG_inst/O
                         net (fo=350, routed)         1.588    34.238    GEN_BRAM.u_core/reg_file/registers_reg_r2_0_31_0_5/WCLK
    SLICE_X6Y25          RAMD32                                       r  GEN_BRAM.u_core/reg_file/registers_reg_r2_0_31_0_5/RAMC_D1/CLK
                         clock pessimism              0.256    34.495    
                         clock uncertainty           -0.035    34.459    
    SLICE_X6Y25          RAMD32 (Setup_ramd32_CLK_I)
                                                     -0.174    34.285    GEN_BRAM.u_core/reg_file/registers_reg_r2_0_31_0_5/RAMC_D1
  -------------------------------------------------------------------
                         required time                         34.285    
                         arrival time                         -22.769    
  -------------------------------------------------------------------
                         slack                                 11.517    

Slack (MET) :             11.518ns  (required time - arrival time)
  Source:                 GEN_BRAM.u_core/ir_reg[18]/C
                            (rising edge-triggered cell FDCE clocked by sys_clk  {rise@0.000ns fall@15.000ns period=30.000ns})
  Destination:            GEN_BRAM.u_core/reg_file/registers_reg_r2_0_31_0_5/RAMB_D1/I
                            (rising edge-triggered cell RAMD32 clocked by sys_clk  {rise@0.000ns fall@15.000ns period=30.000ns})
  Path Group:             sys_clk
  Path Type:              Setup (Max at Slow Process Corner)
  Requirement:            30.000ns  (sys_clk rise@30.000ns - sys_clk rise@0.000ns)
  Data Path Delay:        18.314ns  (logic 3.771ns (20.591%)  route 14.543ns (79.409%))
  Logic Levels:           26  (CARRY4=7 LUT1=1 LUT2=2 LUT3=1 LUT4=1 LUT5=4 LUT6=9 MUXF7=1)
  Clock Path Skew:        0.027ns (DCD - SCD + CPR)
    Destination Clock Delay (DCD):    4.238ns = ( 34.238 - 30.000 ) 
    Source Clock Delay      (SCD):    4.468ns
    Clock Pessimism Removal (CPR):    0.256ns
  Clock Uncertainty:      0.035ns  ((TSJ^2 + TIJ^2)^1/2 + DJ) / 2 + PE
    Total System Jitter     (TSJ):    0.071ns
    Total Input Jitter      (TIJ):    0.000ns
    Discrete Jitter          (DJ):    0.000ns
    Phase Error              (PE):    0.000ns

    Location             Delay type                Incr(ns)  Path(ns)    Netlist Resource(s)
  -------------------------------------------------------------------    -------------------
                         (clock sys_clk rise edge)    0.000     0.000 r  
    AD23                                              0.000     0.000 r  clk (IN)
                         net (fo=0)                   0.000     0.000    clk
    AD23                 IBUF (Prop_ibuf_I_O)         0.873     0.873 r  clk_IBUF_inst/O
                         net (fo=1, routed)           1.830     2.703    clk_IBUF
    BUFGCTRL_X0Y0        BUFG (Prop_bufg_I_O)         0.120     2.823 r  clk_IBUF_BUFG_inst/O
                         net (fo=350, routed)         1.645     4.468    GEN_BRAM.u_core/clk_IBUF_BUFG
    SLICE_X10Y19         FDCE                                         r  GEN_BRAM.u_core/ir_reg[18]/C
  -------------------------------------------------------------------    -------------------
    SLICE_X10Y19         FDCE (Prop_fdce_C_Q)         0.308     4.776 f  GEN_BRAM.u_core/ir_reg[18]/Q
                         net (fo=97, routed)          1.476     6.251    GEN_BRAM.u_core/reg_file/Q[17]
    SLICE_X15Y33         LUT5 (Prop_lut5_I0_O)        0.053     6.304 r  GEN_BRAM.u_core/reg_file/u_adder_i_66/O
                         net (fo=190, routed)         1.148     7.452    GEN_BRAM.u_core/alu_mux_a/result[0]_INST_0_i_41
    SLICE_X6Y20          LUT4 (Prop_lut4_I2_O)        0.053     7.505 r  GEN_BRAM.u_core/alu_mux_a/u_adder_i_32/O
                         net (fo=107, routed)         0.454     7.960    GEN_BRAM.u_core/alu/u_mul/u_mul/GEN_WALLACE.u_mul/result[2]_INST_0_i_7_n_0
    SLICE_X11Y17         CARRY4 (Prop_carry4_CYINIT_CO[3])
                                                      0.346     8.306 r  GEN_BRAM.u_core/alu/u_mul/u_mul/GEN_WALLACE.u_mul/result[2]_INST_0_i_6/CO[3]
                         net (fo=1, routed)           0.000     8.306    GEN_BRAM.u_core/alu/u_mul/u_mul/GEN_WALLACE.u_mul/result[2]_INST_0_i_6_n_0
    SLICE_X11Y18         CARRY4 (Prop_carry4_CI_CO[3])
                                                      0.058     8.364 r  GEN_BRAM.u_core/alu/u_mul/u_mul/GEN_WALLACE.u_mul/result[8]_INST_0_i_117/CO[3]
                         net (fo=1, routed)           0.000     8.364    GEN_BRAM.u_core/alu/u_mul/u_mul/GEN_WALLACE.u_mul/result[8]_INST_0_i_117_n_0
    SLICE_X11Y19         CARRY4 (Prop_carry4_CI_CO[3])
                                                      0.058     8.422 r  GEN_BRAM.u_core/alu/u_mul/u_mul/GEN_WALLACE.u_mul/result[12]_INST_0_i_87/CO[3]
                         net (fo=1, routed)           0.000     8.422    GEN_BRAM.u_core/alu/u_mul/u_mul/GEN_WALLACE.u_mul/result[12]_INST_0_i_87_n_0
    SLICE_X11Y20         CARRY4 (Prop_carry4_CI_O[0])
                                                      0.139     8.561 r  GEN_BRAM.u_core/alu/u_mul/u_mul/GEN_WALLACE.u_mul/result[20]_INST_0_i_217/O[0]
                         net (fo=2, routed)           0.717     9.278    GEN_BRAM.u_core/alu/u_mul/u_mul/GEN_WALLACE.u_mul/mag_a0[13]
    SLICE_X11Y15         LUT6 (Prop_lut6_I0_O)        0.155     9.433 r  GEN_BRAM.u_core/alu/u_mul/u_mul/GEN_WALLACE.u_mul/result[16]_INST_0_i_203/O
                         net (fo=64, routed)          1.990    11.423    GEN_BRAM.u_core/alu/u_mul/u_mul/GEN_WALLACE.u_mul/mag_a[13]
    SLICE_X29Y2          LUT6 (Prop_lut6_I0_O)        0.053    11.476 r  GEN_BRAM.u_core/alu/u_mul/u_mul/GEN_WALLACE.u_mul/result[28]_INST_0_i_239/O
                         net (fo=2, routed)           0.302    11.778    GEN_BRAM.u_core/alu/u_mul/u_mul/GEN_WALLACE.u_mul/l1[6]_32[23]
    SLICE_X29Y2          LUT3 (Prop_lut3_I1_O)        0.065    11.843 r  GEN_BRAM.u_core/alu/u_mul/u_mul/GEN_WALLACE.u_mul/result[28]_INST_0_i_178/O
                         net (fo=2, routed)           0.552    12.395    GEN_BRAM.u_core/alu/u_mul/u_mul/GEN_WALLACE.u_mul/l2[4]_50[23]
    SLICE_X31Y1          LUT5 (Prop_lut5_I4_O)        0.184    12.579 r  GEN_BRAM.u_core/alu/u_mul/u_mul/GEN_WALLACE.u_mul/result[28]_INST_0_i_87/O
                         net (fo=4, routed)           1.198    13.777    GEN_BRAM.u_core/alu/u_mul/u_mul/GEN_WALLACE.u_mul/l3[3]_2[24]
    SLICE_X17Y6          LUT6 (Prop_lut6_I3_O)        0.170    13.947 r  GEN_BRAM.u_core/alu/u_mul/u_mul/GEN_WALLACE.u_mul/result[28]_INST_0_i_69/O
                         net (fo=4, routed)           0.543    14.490    GEN_BRAM.u_core/alu/u_mul/u_mul/GEN_WALLACE.u_mul/l5[2]_17[25]
    SLICE_X21Y5          LUT6 (Prop_lut6_I5_O)        0.053    14.543 r  GEN_BRAM.u_core/alu/u_mul/u_mul/GEN_WALLACE.u_mul/result[28]_INST_0_i_38/O
                         net (fo=3, routed)           0.483    15.026    GEN_BRAM.u_core/alu/u_mul/u_mul/GEN_WALLACE.u_mul/l6[0]_23[25]
    SLICE_X20Y5          LUT5 (Prop_lut5_I0_O)        0.053    15.079 r  GEN_BRAM.u_core/alu/u_mul/u_mul/GEN_WALLACE.u_mul/result[28]_INST_0_i_27/O
                         net (fo=2, routed)           0.591    15.670    GEN_BRAM.u_core/alu/u_mul/u_mul/GEN_WALLACE.u_mul/l7[1]_24[26]
    SLICE_X16Y5          LUT2 (Prop_lut2_I0_O)        0.065    15.735 r  GEN_BRAM.u_core/alu/u_mul/u_mul/GEN_WALLACE.u_mul/result[28]_INST_0_i_6/O
                         net (fo=1, routed)           0.369    16.104    GEN_BRAM.u_core/alu/u_mul/u_mul/GEN_WALLACE.u_mul/final_a[26]
    SLICE_X19Y5          CARRY4 (Prop_carry4_DI[1]_CO[3])
                                                      0.417    16.521 r  GEN_BRAM.u_core/alu/u_mul/u_mul/GEN_WALLACE.u_mul/result[28]_INST_0_i_1/CO[3]
                         net (fo=1, routed)           0.000    16.521    GEN_BRAM.u_core/alu/u_mul/u_mul/GEN_WALLACE.u_mul/result[28]_INST_0_i_1_n_0
    SLICE_X19Y6          CARRY4 (Prop_carry4_CI_O[1])
                                                      0.213    16.734 f  GEN_BRAM.u_core/alu/u_mul/u_mul/GEN_WALLACE.u_mul/result[31]_INST_0_i_1/O[1]
                         net (fo=2, routed)           0.244    16.978    GEN_BRAM.u_core/alu/u_mul/u_mul/GEN_WALLACE.u_mul/unsigned_product[30]
    SLICE_X18Y7          LUT1 (Prop_lut1_I0_O)        0.152    17.130 r  GEN_BRAM.u_core/alu/u_mul/u_mul/GEN_WALLACE.u_mul/result[0]_INST_0_i_5/O
                         net (fo=1, routed)           0.000    17.130    GEN_BRAM.u_core/alu/u_mul/u_mul/GEN_WALLACE.u_mul/p_0_in[30]
    SLICE_X18Y7          CARRY4 (Prop_carry4_S[1]_O[3])
                                                      0.374    17.504 f  GEN_BRAM.u_core/alu/u_mul/u_mul/GEN_WALLACE.u_mul/result[0]_INST_0_i_1/O[3]
                         net (fo=1, routed)           0.461    17.965    GEN_BRAM.u_core/alu/u_mul/u_mul/GEN_WALLACE.u_mul/signed_product0[32]
    SLICE_X17Y11         LUT6 (Prop_lut6_I5_O)        0.142    18.107 f  GEN_BRAM.u_core/alu/u_mul/u_mul/GEN_WALLACE.u_mul/result[0]_INST_0/O
                         net (fo=1, routed)           0.697    18.803    GEN_BRAM.u_core/alu/mul_result[0]
    SLICE_X16Y20         LUT6 (Prop_lut6_I0_O)        0.053    18.856 f  GEN_BRAM.u_core/alu/debug_alu_out_OBUF[0]_inst_i_11/O
                         net (fo=1, routed)           0.000    18.856    GEN_BRAM.u_core/alu/debug_alu_out_OBUF[0]_inst_i_11_n_0
    SLICE_X16Y20         MUXF7 (Prop_muxf7_I1_O)      0.123    18.979 f  GEN_BRAM.u_core/alu/debug_alu_out_OBUF[0]_inst_i_4/O
                         net (fo=1, routed)           0.317    19.296    GEN_BRAM.u_core/alu/debug_alu_out_OBUF[0]_inst_i_4_n_0
    SLICE_X16Y20         LUT6 (Prop_lut6_I5_O)        0.150    19.446 f  GEN_BRAM.u_core/alu/debug_alu_out_OBUF[0]_inst_i_1/O
                         net (fo=11, routed)          1.190    20.637    GEN_BRAM.u_core/alu/D[0]
    SLICE_X11Y32         LUT2 (Prop_lut2_I1_O)        0.063    20.700 r  GEN_BRAM.u_core/alu/mem_reg_0_i_37/O
                         net (fo=33, routed)          0.701    21.401    GEN_BRAM.u_core/dmem/registers_reg_r1_0_31_6_11_i_10
    SLICE_X5Y30          LUT5 (Prop_lut5_I3_O)        0.165    21.566 r  GEN_BRAM.u_core/dmem/registers_reg_r1_0_31_0_5_i_33/O
                         net (fo=1, routed)           0.293    21.859    GEN_BRAM.u_core/wb_mux/registers_reg_r1_0_31_0_5_i_4
    SLICE_X5Y30          LUT6 (Prop_lut6_I4_O)        0.053    21.912 r  GEN_BRAM.u_core/wb_mux/registers_reg_r1_0_31_0_5_i_15/O
                         net (fo=1, routed)           0.340    22.253    GEN_BRAM.u_core/divider/wb_exec[3]
    SLICE_X5Y29          LUT6 (Prop_lut6_I5_O)        0.053    22.306 r  GEN_BRAM.u_core/divider/registers_reg_r1_0_31_0_5_i_4/O
                         net (fo=2, routed)           0.476    22.782    GEN_BRAM.u_core/reg_file/registers_reg_r2_0_31_0_5/DIB1
    SLICE_X6Y25          RAMD32                                       r  GEN_BRAM.u_core/reg_file/registers_reg_r2_0_31_0_5/RAMB_D1/I
  -------------------------------------------------------------------    -------------------

                         (clock sys_clk rise edge)   30.000    30.000 r  
    AD23                                              0.000    30.000 r  clk (IN)
                         net (fo=0)                   0.000    30.000    clk
    AD23                 IBUF (Prop_ibuf_I_O)         0.796    30.796 r  clk_IBUF_inst/O
                         net (fo=1, routed)           1.741    32.537    clk_IBUF
    BUFGCTRL_X0Y0        BUFG (Prop_bufg_I_O)         0.113    32.650 r  clk_IBUF_BUFG_inst/O
                         net (fo=350, routed)         1.588    34.238    GEN_BRAM.u_core/reg_file/registers_reg_r2_0_31_0_5/WCLK
    SLICE_X6Y25          RAMD32                                       r  GEN_BRAM.u_core/reg_file/registers_reg_r2_0_31_0_5/RAMB_D1/CLK
                         clock pessimism              0.256    34.495    
                         clock uncertainty           -0.035    34.459    
    SLICE_X6Y25          RAMD32 (Setup_ramd32_CLK_I)
                                                     -0.159    34.300    GEN_BRAM.u_core/reg_file/registers_reg_r2_0_31_0_5/RAMB_D1
  -------------------------------------------------------------------
                         required time                         34.300    
                         arrival time                         -22.782    
  -------------------------------------------------------------------
                         slack                                 11.518    

Slack (MET) :             11.532ns  (required time - arrival time)
  Source:                 GEN_BRAM.u_core/ir_reg[18]/C
                            (rising edge-triggered cell FDCE clocked by sys_clk  {rise@0.000ns fall@15.000ns period=30.000ns})
  Destination:            GEN_BRAM.u_core/reg_file/registers_reg_r1_0_31_0_5/RAMB_D1/I
                            (rising edge-triggered cell RAMD32 clocked by sys_clk  {rise@0.000ns fall@15.000ns period=30.000ns})
  Path Group:             sys_clk
  Path Type:              Setup (Max at Slow Process Corner)
  Requirement:            30.000ns  (sys_clk rise@30.000ns - sys_clk rise@0.000ns)
  Data Path Delay:        18.302ns  (logic 3.771ns (20.604%)  route 14.531ns (79.396%))
  Logic Levels:           26  (CARRY4=7 LUT1=1 LUT2=2 LUT3=1 LUT4=1 LUT5=4 LUT6=9 MUXF7=1)
  Clock Path Skew:        0.029ns (DCD - SCD + CPR)
    Destination Clock Delay (DCD):    4.240ns = ( 34.240 - 30.000 ) 
    Source Clock Delay      (SCD):    4.468ns
    Clock Pessimism Removal (CPR):    0.256ns
  Clock Uncertainty:      0.035ns  ((TSJ^2 + TIJ^2)^1/2 + DJ) / 2 + PE
    Total System Jitter     (TSJ):    0.071ns
    Total Input Jitter      (TIJ):    0.000ns
    Discrete Jitter          (DJ):    0.000ns
    Phase Error              (PE):    0.000ns

    Location             Delay type                Incr(ns)  Path(ns)    Netlist Resource(s)
  -------------------------------------------------------------------    -------------------
                         (clock sys_clk rise edge)    0.000     0.000 r  
    AD23                                              0.000     0.000 r  clk (IN)
                         net (fo=0)                   0.000     0.000    clk
    AD23                 IBUF (Prop_ibuf_I_O)         0.873     0.873 r  clk_IBUF_inst/O
                         net (fo=1, routed)           1.830     2.703    clk_IBUF
    BUFGCTRL_X0Y0        BUFG (Prop_bufg_I_O)         0.120     2.823 r  clk_IBUF_BUFG_inst/O
                         net (fo=350, routed)         1.645     4.468    GEN_BRAM.u_core/clk_IBUF_BUFG
    SLICE_X10Y19         FDCE                                         r  GEN_BRAM.u_core/ir_reg[18]/C
  -------------------------------------------------------------------    -------------------
    SLICE_X10Y19         FDCE (Prop_fdce_C_Q)         0.308     4.776 f  GEN_BRAM.u_core/ir_reg[18]/Q
                         net (fo=97, routed)          1.476     6.251    GEN_BRAM.u_core/reg_file/Q[17]
    SLICE_X15Y33         LUT5 (Prop_lut5_I0_O)        0.053     6.304 r  GEN_BRAM.u_core/reg_file/u_adder_i_66/O
                         net (fo=190, routed)         1.148     7.452    GEN_BRAM.u_core/alu_mux_a/result[0]_INST_0_i_41
    SLICE_X6Y20          LUT4 (Prop_lut4_I2_O)        0.053     7.505 r  GEN_BRAM.u_core/alu_mux_a/u_adder_i_32/O
                         net (fo=107, routed)         0.454     7.960    GEN_BRAM.u_core/alu/u_mul/u_mul/GEN_WALLACE.u_mul/result[2]_INST_0_i_7_n_0
    SLICE_X11Y17         CARRY4 (Prop_carry4_CYINIT_CO[3])
                                                      0.346     8.306 r  GEN_BRAM.u_core/alu/u_mul/u_mul/GEN_WALLACE.u_mul/result[2]_INST_0_i_6/CO[3]
                         net (fo=1, routed)           0.000     8.306    GEN_BRAM.u_core/alu/u_mul/u_mul/GEN_WALLACE.u_mul/result[2]_INST_0_i_6_n_0
    SLICE_X11Y18         CARRY4 (Prop_carry4_CI_CO[3])
                                                      0.058     8.364 r  GEN_BRAM.u_core/alu/u_mul/u_mul/GEN_WALLACE.u_mul/result[8]_INST_0_i_117/CO[3]
                         net (fo=1, routed)           0.000     8.364    GEN_BRAM.u_core/alu/u_mul/u_mul/GEN_WALLACE.u_mul/result[8]_INST_0_i_117_n_0
    SLICE_X11Y19         CARRY4 (Prop_carry4_CI_CO[3])
                                                      0.058     8.422 r  GEN_BRAM.u_core/alu/u_mul/u_mul/GEN_WALLACE.u_mul/result[12]_INST_0_i_87/CO[3]
                         net (fo=1, routed)           0.000     8.422    GEN_BRAM.u_core/alu/u_mul/u_mul/GEN_WALLACE.u_mul/result[12]_INST_0_i_87_n_0
    SLICE_X11Y20         CARRY4 (Prop_carry4_CI_O[0])
                                                      0.139     8.561 r  GEN_BRAM.u_core/alu/u_mul/u_mul/GEN_WALLACE.u_mul/result[20]_INST_0_i_217/O[0]
                         net (fo=2, routed)           0.717     9.278    GEN_BRAM.u_core/alu/u_mul/u_mul/GEN_WALLACE.u_mul/mag_a0[13]
    SLICE_X11Y15         LUT6 (Prop_lut6_I0_O)        0.155     9.433 r  GEN_BRAM.u_core/alu/u_mul/u_mul/GEN_WALLACE.u_mul/result[16]_INST_0_i_203/O
                         net (fo=64, routed)          1.990    11.423    GEN_BRAM.u_core/alu/u_mul/u_mul/GEN_WALLACE.u_mul/mag_a[13]
    SLICE_X29Y2          LUT6 (Prop_lut6_I0_O)        0.053    11.476 r  GEN_BRAM.u_core/alu/u_mul/u_mul/GEN_WALLACE.u_mul/result[28]_INST_0_i_239/O
                         net (fo=2, routed)           0.302    11.778    GEN_BRAM.u_core/alu/u_mul/u_mul/GEN_WALLACE.u_mul/l1[6]_32[23]
    SLICE_X29Y2          LUT3 (Prop_lut3_I1_O)        0.065    11.843 r  GEN_BRAM.u_core/alu/u_mul/u_mul/GEN_WALLACE.u_mul/result[28]_INST_0_i_178/O
                         net (fo=2, routed)           0.552    12.395    GEN_BRAM.u_core/alu/u_mul/u_mul/GEN_WALLACE.u_mul/l2[4]_50[23]
    SLICE_X31Y1          LUT5 (Prop_lut5_I4_O)        0.184    12.579 r  GEN_BRAM.u_core/alu/u_mul/u_mul/GEN_WALLACE.u_mul/result[28]_INST_0_i_87/O
                         net (fo=4, routed)           1.198    13.777    GEN_BRAM.u_core/alu/u_mul/u_mul/GEN_WALLACE.u_mul/l3[3]_2[24]
    SLICE_X17Y6          LUT6 (Prop_lut6_I3_O)        0.170    13.947 r  GEN_BRAM.u_core/alu/u_mul/u_mul/GEN_WALLACE.u_mul/result[28]_INST_0_i_69/O
                         net (fo=4, routed)           0.543    14.490    GEN_BRAM.u_core/alu/u_mul/u_mul/GEN_WALLACE.u_mul/l5[2]_17[25]
    SLICE_X21Y5          LUT6 (Prop_lut6_I5_O)        0.053    14.543 r  GEN_BRAM.u_core/alu/u_mul/u_mul/GEN_WALLACE.u_mul/result[28]_INST_0_i_38/O
                         net (fo=3, routed)           0.483    15.026    GEN_BRAM.u_core/alu/u_mul/u_mul/GEN_WALLACE.u_mul/l6[0]_23[25]
    SLICE_X20Y5          LUT5 (Prop_lut5_I0_O)        0.053    15.079 r  GEN_BRAM.u_core/alu/u_mul/u_mul/GEN_WALLACE.u_mul/result[28]_INST_0_i_27/O
                         net (fo=2, routed)           0.591    15.670    GEN_BRAM.u_core/alu/u_mul/u_mul/GEN_WALLACE.u_mul/l7[1]_24[26]
    SLICE_X16Y5          LUT2 (Prop_lut2_I0_O)        0.065    15.735 r  GEN_BRAM.u_core/alu/u_mul/u_mul/GEN_WALLACE.u_mul/result[28]_INST_0_i_6/O
                         net (fo=1, routed)           0.369    16.104    GEN_BRAM.u_core/alu/u_mul/u_mul/GEN_WALLACE.u_mul/final_a[26]
    SLICE_X19Y5          CARRY4 (Prop_carry4_DI[1]_CO[3])
                                                      0.417    16.521 r  GEN_BRAM.u_core/alu/u_mul/u_mul/GEN_WALLACE.u_mul/result[28]_INST_0_i_1/CO[3]
                         net (fo=1, routed)           0.000    16.521    GEN_BRAM.u_core/alu/u_mul/u_mul/GEN_WALLACE.u_mul/result[28]_INST_0_i_1_n_0
    SLICE_X19Y6          CARRY4 (Prop_carry4_CI_O[1])
                                                      0.213    16.734 f  GEN_BRAM.u_core/alu/u_mul/u_mul/GEN_WALLACE.u_mul/result[31]_INST_0_i_1/O[1]
                         net (fo=2, routed)           0.244    16.978    GEN_BRAM.u_core/alu/u_mul/u_mul/GEN_WALLACE.u_mul/unsigned_product[30]
    SLICE_X18Y7          LUT1 (Prop_lut1_I0_O)        0.152    17.130 r  GEN_BRAM.u_core/alu/u_mul/u_mul/GEN_WALLACE.u_mul/result[0]_INST_0_i_5/O
                         net (fo=1, routed)           0.000    17.130    GEN_BRAM.u_core/alu/u_mul/u_mul/GEN_WALLACE.u_mul/p_0_in[30]
    SLICE_X18Y7          CARRY4 (Prop_carry4_S[1]_O[3])
                                                      0.374    17.504 f  GEN_BRAM.u_core/alu/u_mul/u_mul/GEN_WALLACE.u_mul/result[0]_INST_0_i_1/O[3]
                         net (fo=1, routed)           0.461    17.965    GEN_BRAM.u_core/alu/u_mul/u_mul/GEN_WALLACE.u_mul/signed_product0[32]
    SLICE_X17Y11         LUT6 (Prop_lut6_I5_O)        0.142    18.107 f  GEN_BRAM.u_core/alu/u_mul/u_mul/GEN_WALLACE.u_mul/result[0]_INST_0/O
                         net (fo=1, routed)           0.697    18.803    GEN_BRAM.u_core/alu/mul_result[0]
    SLICE_X16Y20         LUT6 (Prop_lut6_I0_O)        0.053    18.856 f  GEN_BRAM.u_core/alu/debug_alu_out_OBUF[0]_inst_i_11/O
                         net (fo=1, routed)           0.000    18.856    GEN_BRAM.u_core/alu/debug_alu_out_OBUF[0]_inst_i_11_n_0
    SLICE_X16Y20         MUXF7 (Prop_muxf7_I1_O)      0.123    18.979 f  GEN_BRAM.u_core/alu/debug_alu_out_OBUF[0]_inst_i_4/O
                         net (fo=1, routed)           0.317    19.296    GEN_BRAM.u_core/alu/debug_alu_out_OBUF[0]_inst_i_4_n_0
    SLICE_X16Y20         LUT6 (Prop_lut6_I5_O)        0.150    19.446 f  GEN_BRAM.u_core/alu/debug_alu_out_OBUF[0]_inst_i_1/O
                         net (fo=11, routed)          1.190    20.637    GEN_BRAM.u_core/alu/D[0]
    SLICE_X11Y32         LUT2 (Prop_lut2_I1_O)        0.063    20.700 r  GEN_BRAM.u_core/alu/mem_reg_0_i_37/O
                         net (fo=33, routed)          0.701    21.401    GEN_BRAM.u_core/dmem/registers_reg_r1_0_31_6_11_i_10
    SLICE_X5Y30          LUT5 (Prop_lut5_I3_O)        0.165    21.566 r  GEN_BRAM.u_core/dmem/registers_reg_r1_0_31_0_5_i_33/O
                         net (fo=1, routed)           0.293    21.859    GEN_BRAM.u_core/wb_mux/registers_reg_r1_0_31_0_5_i_4
    SLICE_X5Y30          LUT6 (Prop_lut6_I4_O)        0.053    21.912 r  GEN_BRAM.u_core/wb_mux/registers_reg_r1_0_31_0_5_i_15/O
                         net (fo=1, routed)           0.340    22.253    GEN_BRAM.u_core/divider/wb_exec[3]
    SLICE_X5Y29          LUT6 (Prop_lut6_I5_O)        0.053    22.306 r  GEN_BRAM.u_core/divider/registers_reg_r1_0_31_0_5_i_4/O
                         net (fo=2, routed)           0.464    22.770    GEN_BRAM.u_core/reg_file/registers_reg_r1_0_31_0_5/DIB1
    SLICE_X6Y26          RAMD32                                       r  GEN_BRAM.u_core/reg_file/registers_reg_r1_0_31_0_5/RAMB_D1/I
  -------------------------------------------------------------------    -------------------

                         (clock sys_clk rise edge)   30.000    30.000 r  
    AD23                                              0.000    30.000 r  clk (IN)
                         net (fo=0)                   0.000    30.000    clk
    AD23                 IBUF (Prop_ibuf_I_O)         0.796    30.796 r  clk_IBUF_inst/O
                         net (fo=1, routed)           1.741    32.537    clk_IBUF
    BUFGCTRL_X0Y0        BUFG (Prop_bufg_I_O)         0.113    32.650 r  clk_IBUF_BUFG_inst/O
                         net (fo=350, routed)         1.590    34.240    GEN_BRAM.u_core/reg_file/registers_reg_r1_0_31_0_5/WCLK
    SLICE_X6Y26          RAMD32                                       r  GEN_BRAM.u_core/reg_file/registers_reg_r1_0_31_0_5/RAMB_D1/CLK
                         clock pessimism              0.256    34.497    
                         clock uncertainty           -0.035    34.461    
    SLICE_X6Y26          RAMD32 (Setup_ramd32_CLK_I)
                                                     -0.159    34.302    GEN_BRAM.u_core/reg_file/registers_reg_r1_0_31_0_5/RAMB_D1
  -------------------------------------------------------------------
                         required time                         34.302    
                         arrival time                         -22.770    
  -------------------------------------------------------------------
                         slack                                 11.532    

Slack (MET) :             11.557ns  (required time - arrival time)
  Source:                 GEN_BRAM.u_core/ir_reg[18]/C
                            (rising edge-triggered cell FDCE clocked by sys_clk  {rise@0.000ns fall@15.000ns period=30.000ns})
  Destination:            GEN_BRAM.u_core/reg_file/registers_reg_r2_0_31_18_23/RAMB_D1/I
                            (rising edge-triggered cell RAMD32 clocked by sys_clk  {rise@0.000ns fall@15.000ns period=30.000ns})
  Path Group:             sys_clk
  Path Type:              Setup (Max at Slow Process Corner)
  Requirement:            30.000ns  (sys_clk rise@30.000ns - sys_clk rise@0.000ns)
  Data Path Delay:        18.221ns  (logic 3.649ns (20.026%)  route 14.572ns (79.974%))
  Logic Levels:           26  (CARRY4=7 LUT1=1 LUT2=1 LUT3=1 LUT4=1 LUT5=3 LUT6=11 MUXF7=1)
  Clock Path Skew:        -0.027ns (DCD - SCD + CPR)
    Destination Clock Delay (DCD):    4.184ns = ( 34.184 - 30.000 ) 
    Source Clock Delay      (SCD):    4.468ns
    Clock Pessimism Removal (CPR):    0.256ns
  Clock Uncertainty:      0.035ns  ((TSJ^2 + TIJ^2)^1/2 + DJ) / 2 + PE
    Total System Jitter     (TSJ):    0.071ns
    Total Input Jitter      (TIJ):    0.000ns
    Discrete Jitter          (DJ):    0.000ns
    Phase Error              (PE):    0.000ns

    Location             Delay type                Incr(ns)  Path(ns)    Netlist Resource(s)
  -------------------------------------------------------------------    -------------------
                         (clock sys_clk rise edge)    0.000     0.000 r  
    AD23                                              0.000     0.000 r  clk (IN)
                         net (fo=0)                   0.000     0.000    clk
    AD23                 IBUF (Prop_ibuf_I_O)         0.873     0.873 r  clk_IBUF_inst/O
                         net (fo=1, routed)           1.830     2.703    clk_IBUF
    BUFGCTRL_X0Y0        BUFG (Prop_bufg_I_O)         0.120     2.823 r  clk_IBUF_BUFG_inst/O
                         net (fo=350, routed)         1.645     4.468    GEN_BRAM.u_core/clk_IBUF_BUFG
    SLICE_X10Y19         FDCE                                         r  GEN_BRAM.u_core/ir_reg[18]/C
  -------------------------------------------------------------------    -------------------
    SLICE_X10Y19         FDCE (Prop_fdce_C_Q)         0.308     4.776 f  GEN_BRAM.u_core/ir_reg[18]/Q
                         net (fo=97, routed)          1.476     6.251    GEN_BRAM.u_core/reg_file/Q[17]
    SLICE_X15Y33         LUT5 (Prop_lut5_I0_O)        0.053     6.304 r  GEN_BRAM.u_core/reg_file/u_adder_i_66/O
                         net (fo=190, routed)         1.148     7.452    GEN_BRAM.u_core/alu_mux_a/result[0]_INST_0_i_41
    SLICE_X6Y20          LUT4 (Prop_lut4_I2_O)        0.053     7.505 r  GEN_BRAM.u_core/alu_mux_a/u_adder_i_32/O
                         net (fo=107, routed)         0.454     7.960    GEN_BRAM.u_core/alu/u_mul/u_mul/GEN_WALLACE.u_mul/result[2]_INST_0_i_7_n_0
    SLICE_X11Y17         CARRY4 (Prop_carry4_CYINIT_CO[3])
                                                      0.346     8.306 r  GEN_BRAM.u_core/alu/u_mul/u_mul/GEN_WALLACE.u_mul/result[2]_INST_0_i_6/CO[3]
                         net (fo=1, routed)           0.000     8.306    GEN_BRAM.u_core/alu/u_mul/u_mul/GEN_WALLACE.u_mul/result[2]_INST_0_i_6_n_0
    SLICE_X11Y18         CARRY4 (Prop_carry4_CI_CO[3])
                                                      0.058     8.364 r  GEN_BRAM.u_core/alu/u_mul/u_mul/GEN_WALLACE.u_mul/result[8]_INST_0_i_117/CO[3]
                         net (fo=1, routed)           0.000     8.364    GEN_BRAM.u_core/alu/u_mul/u_mul/GEN_WALLACE.u_mul/result[8]_INST_0_i_117_n_0
    SLICE_X11Y19         CARRY4 (Prop_carry4_CI_CO[3])
                                                      0.058     8.422 r  GEN_BRAM.u_core/alu/u_mul/u_mul/GEN_WALLACE.u_mul/result[12]_INST_0_i_87/CO[3]
                         net (fo=1, routed)           0.000     8.422    GEN_BRAM.u_core/alu/u_mul/u_mul/GEN_WALLACE.u_mul/result[12]_INST_0_i_87_n_0
    SLICE_X11Y20         CARRY4 (Prop_carry4_CI_O[0])
                                                      0.139     8.561 r  GEN_BRAM.u_core/alu/u_mul/u_mul/GEN_WALLACE.u_mul/result[20]_INST_0_i_217/O[0]
                         net (fo=2, routed)           0.717     9.278    GEN_BRAM.u_core/alu/u_mul/u_mul/GEN_WALLACE.u_mul/mag_a0[13]
    SLICE_X11Y15         LUT6 (Prop_lut6_I0_O)        0.155     9.433 r  GEN_BRAM.u_core/alu/u_mul/u_mul/GEN_WALLACE.u_mul/result[16]_INST_0_i_203/O
                         net (fo=64, routed)          1.990    11.423    GEN_BRAM.u_core/alu/u_mul/u_mul/GEN_WALLACE.u_mul/mag_a[13]
    SLICE_X29Y2          LUT6 (Prop_lut6_I0_O)        0.053    11.476 r  GEN_BRAM.u_core/alu/u_mul/u_mul/GEN_WALLACE.u_mul/result[28]_INST_0_i_239/O
                         net (fo=2, routed)           0.302    11.778    GEN_BRAM.u_core/alu/u_mul/u_mul/GEN_WALLACE.u_mul/l1[6]_32[23]
    SLICE_X29Y2          LUT3 (Prop_lut3_I1_O)        0.065    11.843 r  GEN_BRAM.u_core/alu/u_mul/u_mul/GEN_WALLACE.u_mul/result[28]_INST_0_i_178/O
                         net (fo=2, routed)           0.552    12.395    GEN_BRAM.u_core/alu/u_mul/u_mul/GEN_WALLACE.u_mul/l2[4]_50[23]
    SLICE_X31Y1          LUT5 (Prop_lut5_I4_O)        0.184    12.579 r  GEN_BRAM.u_core/alu/u_mul/u_mul/GEN_WALLACE.u_mul/result[28]_INST_0_i_87/O
                         net (fo=4, routed)           1.198    13.777    GEN_BRAM.u_core/alu/u_mul/u_mul/GEN_WALLACE.u_mul/l3[3]_2[24]
    SLICE_X17Y6          LUT6 (Prop_lut6_I3_O)        0.170    13.947 r  GEN_BRAM.u_core/alu/u_mul/u_mul/GEN_WALLACE.u_mul/result[28]_INST_0_i_69/O
                         net (fo=4, routed)           0.543    14.490    GEN_BRAM.u_core/alu/u_mul/u_mul/GEN_WALLACE.u_mul/l5[2]_17[25]
    SLICE_X21Y5          LUT6 (Prop_lut6_I5_O)        0.053    14.543 r  GEN_BRAM.u_core/alu/u_mul/u_mul/GEN_WALLACE.u_mul/result[28]_INST_0_i_38/O
                         net (fo=3, routed)           0.483    15.026    GEN_BRAM.u_core/alu/u_mul/u_mul/GEN_WALLACE.u_mul/l6[0]_23[25]
    SLICE_X20Y5          LUT5 (Prop_lut5_I0_O)        0.053    15.079 r  GEN_BRAM.u_core/alu/u_mul/u_mul/GEN_WALLACE.u_mul/result[28]_INST_0_i_27/O
                         net (fo=2, routed)           0.591    15.670    GEN_BRAM.u_core/alu/u_mul/u_mul/GEN_WALLACE.u_mul/l7[1]_24[26]
    SLICE_X16Y5          LUT2 (Prop_lut2_I0_O)        0.065    15.735 r  GEN_BRAM.u_core/alu/u_mul/u_mul/GEN_WALLACE.u_mul/result[28]_INST_0_i_6/O
                         net (fo=1, routed)           0.369    16.104    GEN_BRAM.u_core/alu/u_mul/u_mul/GEN_WALLACE.u_mul/final_a[26]
    SLICE_X19Y5          CARRY4 (Prop_carry4_DI[1]_CO[3])
                                                      0.417    16.521 r  GEN_BRAM.u_core/alu/u_mul/u_mul/GEN_WALLACE.u_mul/result[28]_INST_0_i_1/CO[3]
                         net (fo=1, routed)           0.000    16.521    GEN_BRAM.u_core/alu/u_mul/u_mul/GEN_WALLACE.u_mul/result[28]_INST_0_i_1_n_0
    SLICE_X19Y6          CARRY4 (Prop_carry4_CI_O[1])
                                                      0.213    16.734 f  GEN_BRAM.u_core/alu/u_mul/u_mul/GEN_WALLACE.u_mul/result[31]_INST_0_i_1/O[1]
                         net (fo=2, routed)           0.244    16.978    GEN_BRAM.u_core/alu/u_mul/u_mul/GEN_WALLACE.u_mul/unsigned_product[30]
    SLICE_X18Y7          LUT1 (Prop_lut1_I0_O)        0.152    17.130 r  GEN_BRAM.u_core/alu/u_mul/u_mul/GEN_WALLACE.u_mul/result[0]_INST_0_i_5/O
                         net (fo=1, routed)           0.000    17.130    GEN_BRAM.u_core/alu/u_mul/u_mul/GEN_WALLACE.u_mul/p_0_in[30]
    SLICE_X18Y7          CARRY4 (Prop_carry4_S[1]_O[3])
                                                      0.374    17.504 r  GEN_BRAM.u_core/alu/u_mul/u_mul/GEN_WALLACE.u_mul/result[0]_INST_0_i_1/O[3]
                         net (fo=1, routed)           0.461    17.965    GEN_BRAM.u_core/alu/u_mul/u_mul/GEN_WALLACE.u_mul/signed_product0[32]
    SLICE_X17Y11         LUT6 (Prop_lut6_I5_O)        0.142    18.107 r  GEN_BRAM.u_core/alu/u_mul/u_mul/GEN_WALLACE.u_mul/result[0]_INST_0/O
                         net (fo=1, routed)           0.697    18.803    GEN_BRAM.u_core/alu/mul_result[0]
    SLICE_X16Y20         LUT6 (Prop_lut6_I0_O)        0.053    18.856 r  GEN_BRAM.u_core/alu/debug_alu_out_OBUF[0]_inst_i_11/O
                         net (fo=1, routed)           0.000    18.856    GEN_BRAM.u_core/alu/debug_alu_out_OBUF[0]_inst_i_11_n_0
    SLICE_X16Y20         MUXF7 (Prop_muxf7_I1_O)      0.123    18.979 r  GEN_BRAM.u_core/alu/debug_alu_out_OBUF[0]_inst_i_4/O
                         net (fo=1, routed)           0.317    19.296    GEN_BRAM.u_core/alu/debug_alu_out_OBUF[0]_inst_i_4_n_0
    SLICE_X16Y20         LUT6 (Prop_lut6_I5_O)        0.150    19.446 r  GEN_BRAM.u_core/alu/debug_alu_out_OBUF[0]_inst_i_1/O
                         net (fo=11, routed)          1.065    20.511    GEN_BRAM.u_core/dmem/D[0]
    SLICE_X5Y33          LUT6 (Prop_lut6_I5_O)        0.053    20.564 r  GEN_BRAM.u_core/dmem/registers_reg_r1_0_31_6_11_i_39/O
                         net (fo=10, routed)          0.451    21.015    GEN_BRAM.u_core/dmem/registers_reg_r1_0_31_6_11_i_39_n_0
    SLICE_X4Y32          LUT6 (Prop_lut6_I2_O)        0.053    21.068 r  GEN_BRAM.u_core/dmem/registers_reg_r1_0_31_12_17_i_33/O
                         net (fo=16, routed)          0.667    21.735    GEN_BRAM.u_core/wb_mux/registers_reg_r1_0_31_12_17_i_6
    SLICE_X1Y28          LUT6 (Prop_lut6_I5_O)        0.053    21.788 r  GEN_BRAM.u_core/wb_mux/registers_reg_r1_0_31_18_23_i_12/O
                         net (fo=1, routed)           0.592    22.380    GEN_BRAM.u_core/divider/wb_exec[21]
    SLICE_X8Y29          LUT6 (Prop_lut6_I5_O)        0.053    22.433 r  GEN_BRAM.u_core/divider/registers_reg_r1_0_31_18_23_i_3/O
                         net (fo=2, routed)           0.256    22.689    GEN_BRAM.u_core/reg_file/registers_reg_r2_0_31_18_23/DIB1
    SLICE_X10Y29         RAMD32                                       r  GEN_BRAM.u_core/reg_file/registers_reg_r2_0_31_18_23/RAMB_D1/I
  -------------------------------------------------------------------    -------------------

                         (clock sys_clk rise edge)   30.000    30.000 r  
    AD23                                              0.000    30.000 r  clk (IN)
                         net (fo=0)                   0.000    30.000    clk
    AD23                 IBUF (Prop_ibuf_I_O)         0.796    30.796 r  clk_IBUF_inst/O
                         net (fo=1, routed)           1.741    32.537    clk_IBUF
    BUFGCTRL_X0Y0        BUFG (Prop_bufg_I_O)         0.113    32.650 r  clk_IBUF_BUFG_inst/O
                         net (fo=350, routed)         1.534    34.184    GEN_BRAM.u_core/reg_file/registers_reg_r2_0_31_18_23/WCLK
    SLICE_X10Y29         RAMD32                                       r  GEN_BRAM.u_core/reg_file/registers_reg_r2_0_31_18_23/RAMB_D1/CLK
                         clock pessimism              0.256    34.441    
                         clock uncertainty           -0.035    34.405    
    SLICE_X10Y29         RAMD32 (Setup_ramd32_CLK_I)
                                                     -0.159    34.246    GEN_BRAM.u_core/reg_file/registers_reg_r2_0_31_18_23/RAMB_D1
  -------------------------------------------------------------------
                         required time                         34.246    
                         arrival time                         -22.689    
  -------------------------------------------------------------------
                         slack                                 11.557    

Slack (MET) :             11.579ns  (required time - arrival time)
  Source:                 GEN_BRAM.u_core/ir_reg[18]/C
                            (rising edge-triggered cell FDCE clocked by sys_clk  {rise@0.000ns fall@15.000ns period=30.000ns})
  Destination:            GEN_BRAM.u_core/reg_file/registers_reg_r1_0_31_30_31/DP/I
                            (rising edge-triggered cell RAMD32 clocked by sys_clk  {rise@0.000ns fall@15.000ns period=30.000ns})
  Path Group:             sys_clk
  Path Type:              Setup (Max at Slow Process Corner)
  Requirement:            30.000ns  (sys_clk rise@30.000ns - sys_clk rise@0.000ns)
  Data Path Delay:        18.187ns  (logic 3.649ns (20.063%)  route 14.538ns (79.937%))
  Logic Levels:           26  (CARRY4=7 LUT1=1 LUT2=1 LUT3=1 LUT4=1 LUT5=3 LUT6=11 MUXF7=1)
  Clock Path Skew:        -0.024ns (DCD - SCD + CPR)
    Destination Clock Delay (DCD):    4.187ns = ( 34.187 - 30.000 ) 
    Source Clock Delay      (SCD):    4.468ns
    Clock Pessimism Removal (CPR):    0.256ns
  Clock Uncertainty:      0.035ns  ((TSJ^2 + TIJ^2)^1/2 + DJ) / 2 + PE
    Total System Jitter     (TSJ):    0.071ns
    Total Input Jitter      (TIJ):    0.000ns
    Discrete Jitter          (DJ):    0.000ns
    Phase Error              (PE):    0.000ns

    Location             Delay type                Incr(ns)  Path(ns)    Netlist Resource(s)
  -------------------------------------------------------------------    -------------------
                         (clock sys_clk rise edge)    0.000     0.000 r  
    AD23                                              0.000     0.000 r  clk (IN)
                         net (fo=0)                   0.000     0.000    clk
    AD23                 IBUF (Prop_ibuf_I_O)         0.873     0.873 r  clk_IBUF_inst/O
                         net (fo=1, routed)           1.830     2.703    clk_IBUF
    BUFGCTRL_X0Y0        BUFG (Prop_bufg_I_O)         0.120     2.823 r  clk_IBUF_BUFG_inst/O
                         net (fo=350, routed)         1.645     4.468    GEN_BRAM.u_core/clk_IBUF_BUFG
    SLICE_X10Y19         FDCE                                         r  GEN_BRAM.u_core/ir_reg[18]/C
  -------------------------------------------------------------------    -------------------
    SLICE_X10Y19         FDCE (Prop_fdce_C_Q)         0.308     4.776 f  GEN_BRAM.u_core/ir_reg[18]/Q
                         net (fo=97, routed)          1.476     6.251    GEN_BRAM.u_core/reg_file/Q[17]
    SLICE_X15Y33         LUT5 (Prop_lut5_I0_O)        0.053     6.304 r  GEN_BRAM.u_core/reg_file/u_adder_i_66/O
                         net (fo=190, routed)         1.148     7.452    GEN_BRAM.u_core/alu_mux_a/result[0]_INST_0_i_41
    SLICE_X6Y20          LUT4 (Prop_lut4_I2_O)        0.053     7.505 r  GEN_BRAM.u_core/alu_mux_a/u_adder_i_32/O
                         net (fo=107, routed)         0.454     7.960    GEN_BRAM.u_core/alu/u_mul/u_mul/GEN_WALLACE.u_mul/result[2]_INST_0_i_7_n_0
    SLICE_X11Y17         CARRY4 (Prop_carry4_CYINIT_CO[3])
                                                      0.346     8.306 r  GEN_BRAM.u_core/alu/u_mul/u_mul/GEN_WALLACE.u_mul/result[2]_INST_0_i_6/CO[3]
                         net (fo=1, routed)           0.000     8.306    GEN_BRAM.u_core/alu/u_mul/u_mul/GEN_WALLACE.u_mul/result[2]_INST_0_i_6_n_0
    SLICE_X11Y18         CARRY4 (Prop_carry4_CI_CO[3])
                                                      0.058     8.364 r  GEN_BRAM.u_core/alu/u_mul/u_mul/GEN_WALLACE.u_mul/result[8]_INST_0_i_117/CO[3]
                         net (fo=1, routed)           0.000     8.364    GEN_BRAM.u_core/alu/u_mul/u_mul/GEN_WALLACE.u_mul/result[8]_INST_0_i_117_n_0
    SLICE_X11Y19         CARRY4 (Prop_carry4_CI_CO[3])
                                                      0.058     8.422 r  GEN_BRAM.u_core/alu/u_mul/u_mul/GEN_WALLACE.u_mul/result[12]_INST_0_i_87/CO[3]
                         net (fo=1, routed)           0.000     8.422    GEN_BRAM.u_core/alu/u_mul/u_mul/GEN_WALLACE.u_mul/result[12]_INST_0_i_87_n_0
    SLICE_X11Y20         CARRY4 (Prop_carry4_CI_O[0])
                                                      0.139     8.561 r  GEN_BRAM.u_core/alu/u_mul/u_mul/GEN_WALLACE.u_mul/result[20]_INST_0_i_217/O[0]
                         net (fo=2, routed)           0.717     9.278    GEN_BRAM.u_core/alu/u_mul/u_mul/GEN_WALLACE.u_mul/mag_a0[13]
    SLICE_X11Y15         LUT6 (Prop_lut6_I0_O)        0.155     9.433 r  GEN_BRAM.u_core/alu/u_mul/u_mul/GEN_WALLACE.u_mul/result[16]_INST_0_i_203/O
                         net (fo=64, routed)          1.990    11.423    GEN_BRAM.u_core/alu/u_mul/u_mul/GEN_WALLACE.u_mul/mag_a[13]
    SLICE_X29Y2          LUT6 (Prop_lut6_I0_O)        0.053    11.476 r  GEN_BRAM.u_core/alu/u_mul/u_mul/GEN_WALLACE.u_mul/result[28]_INST_0_i_239/O
                         net (fo=2, routed)           0.302    11.778    GEN_BRAM.u_core/alu/u_mul/u_mul/GEN_WALLACE.u_mul/l1[6]_32[23]
    SLICE_X29Y2          LUT3 (Prop_lut3_I1_O)        0.065    11.843 r  GEN_BRAM.u_core/alu/u_mul/u_mul/GEN_WALLACE.u_mul/result[28]_INST_0_i_178/O
                         net (fo=2, routed)           0.552    12.395    GEN_BRAM.u_core/alu/u_mul/u_mul/GEN_WALLACE.u_mul/l2[4]_50[23]
    SLICE_X31Y1          LUT5 (Prop_lut5_I4_O)        0.184    12.579 r  GEN_BRAM.u_core/alu/u_mul/u_mul/GEN_WALLACE.u_mul/result[28]_INST_0_i_87/O
                         net (fo=4, routed)           1.198    13.777    GEN_BRAM.u_core/alu/u_mul/u_mul/GEN_WALLACE.u_mul/l3[3]_2[24]
    SLICE_X17Y6          LUT6 (Prop_lut6_I3_O)        0.170    13.947 r  GEN_BRAM.u_core/alu/u_mul/u_mul/GEN_WALLACE.u_mul/result[28]_INST_0_i_69/O
                         net (fo=4, routed)           0.543    14.490    GEN_BRAM.u_core/alu/u_mul/u_mul/GEN_WALLACE.u_mul/l5[2]_17[25]
    SLICE_X21Y5          LUT6 (Prop_lut6_I5_O)        0.053    14.543 r  GEN_BRAM.u_core/alu/u_mul/u_mul/GEN_WALLACE.u_mul/result[28]_INST_0_i_38/O
                         net (fo=3, routed)           0.483    15.026    GEN_BRAM.u_core/alu/u_mul/u_mul/GEN_WALLACE.u_mul/l6[0]_23[25]
    SLICE_X20Y5          LUT5 (Prop_lut5_I0_O)        0.053    15.079 r  GEN_BRAM.u_core/alu/u_mul/u_mul/GEN_WALLACE.u_mul/result[28]_INST_0_i_27/O
                         net (fo=2, routed)           0.591    15.670    GEN_BRAM.u_core/alu/u_mul/u_mul/GEN_WALLACE.u_mul/l7[1]_24[26]
    SLICE_X16Y5          LUT2 (Prop_lut2_I0_O)        0.065    15.735 r  GEN_BRAM.u_core/alu/u_mul/u_mul/GEN_WALLACE.u_mul/result[28]_INST_0_i_6/O
                         net (fo=1, routed)           0.369    16.104    GEN_BRAM.u_core/alu/u_mul/u_mul/GEN_WALLACE.u_mul/final_a[26]
    SLICE_X19Y5          CARRY4 (Prop_carry4_DI[1]_CO[3])
                                                      0.417    16.521 r  GEN_BRAM.u_core/alu/u_mul/u_mul/GEN_WALLACE.u_mul/result[28]_INST_0_i_1/CO[3]
                         net (fo=1, routed)           0.000    16.521    GEN_BRAM.u_core/alu/u_mul/u_mul/GEN_WALLACE.u_mul/result[28]_INST_0_i_1_n_0
    SLICE_X19Y6          CARRY4 (Prop_carry4_CI_O[1])
                                                      0.213    16.734 f  GEN_BRAM.u_core/alu/u_mul/u_mul/GEN_WALLACE.u_mul/result[31]_INST_0_i_1/O[1]
                         net (fo=2, routed)           0.244    16.978    GEN_BRAM.u_core/alu/u_mul/u_mul/GEN_WALLACE.u_mul/unsigned_product[30]
    SLICE_X18Y7          LUT1 (Prop_lut1_I0_O)        0.152    17.130 r  GEN_BRAM.u_core/alu/u_mul/u_mul/GEN_WALLACE.u_mul/result[0]_INST_0_i_5/O
                         net (fo=1, routed)           0.000    17.130    GEN_BRAM.u_core/alu/u_mul/u_mul/GEN_WALLACE.u_mul/p_0_in[30]
    SLICE_X18Y7          CARRY4 (Prop_carry4_S[1]_O[3])
                                                      0.374    17.504 r  GEN_BRAM.u_core/alu/u_mul/u_mul/GEN_WALLACE.u_mul/result[0]_INST_0_i_1/O[3]
                         net (fo=1, routed)           0.461    17.965    GEN_BRAM.u_core/alu/u_mul/u_mul/GEN_WALLACE.u_mul/signed_product0[32]
    SLICE_X17Y11         LUT6 (Prop_lut6_I5_O)        0.142    18.107 r  GEN_BRAM.u_core/alu/u_mul/u_mul/GEN_WALLACE.u_mul/result[0]_INST_0/O
                         net (fo=1, routed)           0.697    18.803    GEN_BRAM.u_core/alu/mul_result[0]
    SLICE_X16Y20         LUT6 (Prop_lut6_I0_O)        0.053    18.856 r  GEN_BRAM.u_core/alu/debug_alu_out_OBUF[0]_inst_i_11/O
                         net (fo=1, routed)           0.000    18.856    GEN_BRAM.u_core/alu/debug_alu_out_OBUF[0]_inst_i_11_n_0
    SLICE_X16Y20         MUXF7 (Prop_muxf7_I1_O)      0.123    18.979 r  GEN_BRAM.u_core/alu/debug_alu_out_OBUF[0]_inst_i_4/O
                         net (fo=1, routed)           0.317    19.296    GEN_BRAM.u_core/alu/debug_alu_out_OBUF[0]_inst_i_4_n_0
    SLICE_X16Y20         LUT6 (Prop_lut6_I5_O)        0.150    19.446 r  GEN_BRAM.u_core/alu/debug_alu_out_OBUF[0]_inst_i_1/O
                         net (fo=11, routed)          1.065    20.511    GEN_BRAM.u_core/dmem/D[0]
    SLICE_X5Y33          LUT6 (Prop_lut6_I5_O)        0.053    20.564 r  GEN_BRAM.u_core/dmem/registers_reg_r1_0_31_6_11_i_39/O
                         net (fo=10, routed)          0.451    21.015    GEN_BRAM.u_core/dmem/registers_reg_r1_0_31_6_11_i_39_n_0
    SLICE_X4Y32          LUT6 (Prop_lut6_I2_O)        0.053    21.068 r  GEN_BRAM.u_core/dmem/registers_reg_r1_0_31_12_17_i_33/O
                         net (fo=16, routed)          0.442    21.509    GEN_BRAM.u_core/wb_mux/registers_reg_r1_0_31_12_17_i_6
    SLICE_X2Y30          LUT6 (Prop_lut6_I5_O)        0.053    21.562 r  GEN_BRAM.u_core/wb_mux/registers_reg_r1_0_31_30_31_i_3/O
                         net (fo=1, routed)           0.590    22.152    GEN_BRAM.u_core/divider/wb_exec[30]
    SLICE_X9Y32          LUT6 (Prop_lut6_I5_O)        0.053    22.205 r  GEN_BRAM.u_core/divider/registers_reg_r1_0_31_30_31_i_1/O
                         net (fo=4, routed)           0.450    22.655    GEN_BRAM.u_core/reg_file/registers_reg_r1_0_31_30_31/D
    SLICE_X8Y32          RAMD32                                       r  GEN_BRAM.u_core/reg_file/registers_reg_r1_0_31_30_31/DP/I
  -------------------------------------------------------------------    -------------------

                         (clock sys_clk rise edge)   30.000    30.000 r  
    AD23                                              0.000    30.000 r  clk (IN)
                         net (fo=0)                   0.000    30.000    clk
    AD23                 IBUF (Prop_ibuf_I_O)         0.796    30.796 r  clk_IBUF_inst/O
                         net (fo=1, routed)           1.741    32.537    clk_IBUF
    BUFGCTRL_X0Y0        BUFG (Prop_bufg_I_O)         0.113    32.650 r  clk_IBUF_BUFG_inst/O
                         net (fo=350, routed)         1.537    34.187    GEN_BRAM.u_core/reg_file/registers_reg_r1_0_31_30_31/WCLK
    SLICE_X8Y32          RAMD32                                       r  GEN_BRAM.u_core/reg_file/registers_reg_r1_0_31_30_31/DP/CLK
                         clock pessimism              0.256    34.444    
                         clock uncertainty           -0.035    34.408    
    SLICE_X8Y32          RAMD32 (Setup_ramd32_CLK_I)
                                                     -0.174    34.234    GEN_BRAM.u_core/reg_file/registers_reg_r1_0_31_30_31/DP
  -------------------------------------------------------------------
                         required time                         34.234    
                         arrival time                         -22.655    
  -------------------------------------------------------------------
                         slack                                 11.579    

Slack (MET) :             11.609ns  (required time - arrival time)
  Source:                 GEN_BRAM.u_core/ir_reg[18]/C
                            (rising edge-triggered cell FDCE clocked by sys_clk  {rise@0.000ns fall@15.000ns period=30.000ns})
  Destination:            GEN_BRAM.u_core/reg_file/registers_reg_r1_0_31_6_11/RAMC/I
                            (rising edge-triggered cell RAMD32 clocked by sys_clk  {rise@0.000ns fall@15.000ns period=30.000ns})
  Path Group:             sys_clk
  Path Type:              Setup (Max at Slow Process Corner)
  Requirement:            30.000ns  (sys_clk rise@30.000ns - sys_clk rise@0.000ns)
  Data Path Delay:        18.253ns  (logic 3.649ns (19.991%)  route 14.604ns (80.009%))
  Logic Levels:           26  (CARRY4=7 LUT1=1 LUT2=1 LUT3=1 LUT4=1 LUT5=4 LUT6=10 MUXF7=1)
  Clock Path Skew:        0.029ns (DCD - SCD + CPR)
    Destination Clock Delay (DCD):    4.240ns = ( 34.240 - 30.000 ) 
    Source Clock Delay      (SCD):    4.468ns
    Clock Pessimism Removal (CPR):    0.256ns
  Clock Uncertainty:      0.035ns  ((TSJ^2 + TIJ^2)^1/2 + DJ) / 2 + PE
    Total System Jitter     (TSJ):    0.071ns
    Total Input Jitter      (TIJ):    0.000ns
    Discrete Jitter          (DJ):    0.000ns
    Phase Error              (PE):    0.000ns

    Location             Delay type                Incr(ns)  Path(ns)    Netlist Resource(s)
  -------------------------------------------------------------------    -------------------
                         (clock sys_clk rise edge)    0.000     0.000 r  
    AD23                                              0.000     0.000 r  clk (IN)
                         net (fo=0)                   0.000     0.000    clk
    AD23                 IBUF (Prop_ibuf_I_O)         0.873     0.873 r  clk_IBUF_inst/O
                         net (fo=1, routed)           1.830     2.703    clk_IBUF
    BUFGCTRL_X0Y0        BUFG (Prop_bufg_I_O)         0.120     2.823 r  clk_IBUF_BUFG_inst/O
                         net (fo=350, routed)         1.645     4.468    GEN_BRAM.u_core/clk_IBUF_BUFG
    SLICE_X10Y19         FDCE                                         r  GEN_BRAM.u_core/ir_reg[18]/C
  -------------------------------------------------------------------    -------------------
    SLICE_X10Y19         FDCE (Prop_fdce_C_Q)         0.308     4.776 f  GEN_BRAM.u_core/ir_reg[18]/Q
                         net (fo=97, routed)          1.476     6.251    GEN_BRAM.u_core/reg_file/Q[17]
    SLICE_X15Y33         LUT5 (Prop_lut5_I0_O)        0.053     6.304 r  GEN_BRAM.u_core/reg_file/u_adder_i_66/O
                         net (fo=190, routed)         1.148     7.452    GEN_BRAM.u_core/alu_mux_a/result[0]_INST_0_i_41
    SLICE_X6Y20          LUT4 (Prop_lut4_I2_O)        0.053     7.505 r  GEN_BRAM.u_core/alu_mux_a/u_adder_i_32/O
                         net (fo=107, routed)         0.454     7.960    GEN_BRAM.u_core/alu/u_mul/u_mul/GEN_WALLACE.u_mul/result[2]_INST_0_i_7_n_0
    SLICE_X11Y17         CARRY4 (Prop_carry4_CYINIT_CO[3])
                                                      0.346     8.306 r  GEN_BRAM.u_core/alu/u_mul/u_mul/GEN_WALLACE.u_mul/result[2]_INST_0_i_6/CO[3]
                         net (fo=1, routed)           0.000     8.306    GEN_BRAM.u_core/alu/u_mul/u_mul/GEN_WALLACE.u_mul/result[2]_INST_0_i_6_n_0
    SLICE_X11Y18         CARRY4 (Prop_carry4_CI_CO[3])
                                                      0.058     8.364 r  GEN_BRAM.u_core/alu/u_mul/u_mul/GEN_WALLACE.u_mul/result[8]_INST_0_i_117/CO[3]
                         net (fo=1, routed)           0.000     8.364    GEN_BRAM.u_core/alu/u_mul/u_mul/GEN_WALLACE.u_mul/result[8]_INST_0_i_117_n_0
    SLICE_X11Y19         CARRY4 (Prop_carry4_CI_CO[3])
                                                      0.058     8.422 r  GEN_BRAM.u_core/alu/u_mul/u_mul/GEN_WALLACE.u_mul/result[12]_INST_0_i_87/CO[3]
                         net (fo=1, routed)           0.000     8.422    GEN_BRAM.u_core/alu/u_mul/u_mul/GEN_WALLACE.u_mul/result[12]_INST_0_i_87_n_0
    SLICE_X11Y20         CARRY4 (Prop_carry4_CI_O[0])
                                                      0.139     8.561 r  GEN_BRAM.u_core/alu/u_mul/u_mul/GEN_WALLACE.u_mul/result[20]_INST_0_i_217/O[0]
                         net (fo=2, routed)           0.717     9.278    GEN_BRAM.u_core/alu/u_mul/u_mul/GEN_WALLACE.u_mul/mag_a0[13]
    SLICE_X11Y15         LUT6 (Prop_lut6_I0_O)        0.155     9.433 r  GEN_BRAM.u_core/alu/u_mul/u_mul/GEN_WALLACE.u_mul/result[16]_INST_0_i_203/O
                         net (fo=64, routed)          1.990    11.423    GEN_BRAM.u_core/alu/u_mul/u_mul/GEN_WALLACE.u_mul/mag_a[13]
    SLICE_X29Y2          LUT6 (Prop_lut6_I0_O)        0.053    11.476 r  GEN_BRAM.u_core/alu/u_mul/u_mul/GEN_WALLACE.u_mul/result[28]_INST_0_i_239/O
                         net (fo=2, routed)           0.302    11.778    GEN_BRAM.u_core/alu/u_mul/u_mul/GEN_WALLACE.u_mul/l1[6]_32[23]
    SLICE_X29Y2          LUT3 (Prop_lut3_I1_O)        0.065    11.843 r  GEN_BRAM.u_core/alu/u_mul/u_mul/GEN_WALLACE.u_mul/result[28]_INST_0_i_178/O
                         net (fo=2, routed)           0.552    12.395    GEN_BRAM.u_core/alu/u_mul/u_mul/GEN_WALLACE.u_mul/l2[4]_50[23]
    SLICE_X31Y1          LUT5 (Prop_lut5_I4_O)        0.184    12.579 r  GEN_BRAM.u_core/alu/u_mul/u_mul/GEN_WALLACE.u_mul/result[28]_INST_0_i_87/O
                         net (fo=4, routed)           1.198    13.777    GEN_BRAM.u_core/alu/u_mul/u_mul/GEN_WALLACE.u_mul/l3[3]_2[24]
    SLICE_X17Y6          LUT6 (Prop_lut6_I3_O)        0.170    13.947 r  GEN_BRAM.u_core/alu/u_mul/u_mul/GEN_WALLACE.u_mul/result[28]_INST_0_i_69/O
                         net (fo=4, routed)           0.543    14.490    GEN_BRAM.u_core/alu/u_mul/u_mul/GEN_WALLACE.u_mul/l5[2]_17[25]
    SLICE_X21Y5          LUT6 (Prop_lut6_I5_O)        0.053    14.543 r  GEN_BRAM.u_core/alu/u_mul/u_mul/GEN_WALLACE.u_mul/result[28]_INST_0_i_38/O
                         net (fo=3, routed)           0.483    15.026    GEN_BRAM.u_core/alu/u_mul/u_mul/GEN_WALLACE.u_mul/l6[0]_23[25]
    SLICE_X20Y5          LUT5 (Prop_lut5_I0_O)        0.053    15.079 r  GEN_BRAM.u_core/alu/u_mul/u_mul/GEN_WALLACE.u_mul/result[28]_INST_0_i_27/O
                         net (fo=2, routed)           0.591    15.670    GEN_BRAM.u_core/alu/u_mul/u_mul/GEN_WALLACE.u_mul/l7[1]_24[26]
    SLICE_X16Y5          LUT2 (Prop_lut2_I0_O)        0.065    15.735 r  GEN_BRAM.u_core/alu/u_mul/u_mul/GEN_WALLACE.u_mul/result[28]_INST_0_i_6/O
                         net (fo=1, routed)           0.369    16.104    GEN_BRAM.u_core/alu/u_mul/u_mul/GEN_WALLACE.u_mul/final_a[26]
    SLICE_X19Y5          CARRY4 (Prop_carry4_DI[1]_CO[3])
                                                      0.417    16.521 r  GEN_BRAM.u_core/alu/u_mul/u_mul/GEN_WALLACE.u_mul/result[28]_INST_0_i_1/CO[3]
                         net (fo=1, routed)           0.000    16.521    GEN_BRAM.u_core/alu/u_mul/u_mul/GEN_WALLACE.u_mul/result[28]_INST_0_i_1_n_0
    SLICE_X19Y6          CARRY4 (Prop_carry4_CI_O[1])
                                                      0.213    16.734 f  GEN_BRAM.u_core/alu/u_mul/u_mul/GEN_WALLACE.u_mul/result[31]_INST_0_i_1/O[1]
                         net (fo=2, routed)           0.244    16.978    GEN_BRAM.u_core/alu/u_mul/u_mul/GEN_WALLACE.u_mul/unsigned_product[30]
    SLICE_X18Y7          LUT1 (Prop_lut1_I0_O)        0.152    17.130 r  GEN_BRAM.u_core/alu/u_mul/u_mul/GEN_WALLACE.u_mul/result[0]_INST_0_i_5/O
                         net (fo=1, routed)           0.000    17.130    GEN_BRAM.u_core/alu/u_mul/u_mul/GEN_WALLACE.u_mul/p_0_in[30]
    SLICE_X18Y7          CARRY4 (Prop_carry4_S[1]_O[3])
                                                      0.374    17.504 f  GEN_BRAM.u_core/alu/u_mul/u_mul/GEN_WALLACE.u_mul/result[0]_INST_0_i_1/O[3]
                         net (fo=1, routed)           0.461    17.965    GEN_BRAM.u_core/alu/u_mul/u_mul/GEN_WALLACE.u_mul/signed_product0[32]
    SLICE_X17Y11         LUT6 (Prop_lut6_I5_O)        0.142    18.107 f  GEN_BRAM.u_core/alu/u_mul/u_mul/GEN_WALLACE.u_mul/result[0]_INST_0/O
                         net (fo=1, routed)           0.697    18.803    GEN_BRAM.u_core/alu/mul_result[0]
    SLICE_X16Y20         LUT6 (Prop_lut6_I0_O)        0.053    18.856 f  GEN_BRAM.u_core/alu/debug_alu_out_OBUF[0]_inst_i_11/O
                         net (fo=1, routed)           0.000    18.856    GEN_BRAM.u_core/alu/debug_alu_out_OBUF[0]_inst_i_11_n_0
    SLICE_X16Y20         MUXF7 (Prop_muxf7_I1_O)      0.123    18.979 f  GEN_BRAM.u_core/alu/debug_alu_out_OBUF[0]_inst_i_4/O
                         net (fo=1, routed)           0.317    19.296    GEN_BRAM.u_core/alu/debug_alu_out_OBUF[0]_inst_i_4_n_0
    SLICE_X16Y20         LUT6 (Prop_lut6_I5_O)        0.150    19.446 f  GEN_BRAM.u_core/alu/debug_alu_out_OBUF[0]_inst_i_1/O
                         net (fo=11, routed)          0.980    20.426    GEN_BRAM.u_core/dmem/D[0]
    SLICE_X4Y32          LUT5 (Prop_lut5_I4_O)        0.053    20.479 r  GEN_BRAM.u_core/dmem/registers_reg_r1_0_31_6_11_i_38/O
                         net (fo=10, routed)          0.725    21.204    GEN_BRAM.u_core/dmem/registers_reg_r1_0_31_6_11_i_38_n_0
    SLICE_X2Y32          LUT6 (Prop_lut6_I2_O)        0.053    21.257 r  GEN_BRAM.u_core/dmem/registers_reg_r1_0_31_6_11_i_35/O
                         net (fo=1, routed)           0.630    21.887    GEN_BRAM.u_core/wb_mux/registers_reg_r1_0_31_6_11_i_6
    SLICE_X2Y22          LUT6 (Prop_lut6_I4_O)        0.053    21.940 r  GEN_BRAM.u_core/wb_mux/registers_reg_r1_0_31_6_11_i_18/O
                         net (fo=1, routed)           0.238    22.178    GEN_BRAM.u_core/divider/wb_exec[10]
    SLICE_X2Y23          LUT6 (Prop_lut6_I5_O)        0.053    22.231 r  GEN_BRAM.u_core/divider/registers_reg_r1_0_31_6_11_i_6/O
                         net (fo=2, routed)           0.490    22.721    GEN_BRAM.u_core/reg_file/registers_reg_r1_0_31_6_11/DIC0
    SLICE_X6Y23          RAMD32                                       r  GEN_BRAM.u_core/reg_file/registers_reg_r1_0_31_6_11/RAMC/I
  -------------------------------------------------------------------    -------------------

                         (clock sys_clk rise edge)   30.000    30.000 r  
    AD23                                              0.000    30.000 r  clk (IN)
                         net (fo=0)                   0.000    30.000    clk
    AD23                 IBUF (Prop_ibuf_I_O)         0.796    30.796 r  clk_IBUF_inst/O
                         net (fo=1, routed)           1.741    32.537    clk_IBUF
    BUFGCTRL_X0Y0        BUFG (Prop_bufg_I_O)         0.113    32.650 r  clk_IBUF_BUFG_inst/O
                         net (fo=350, routed)         1.590    34.240    GEN_BRAM.u_core/reg_file/registers_reg_r1_0_31_6_11/WCLK
    SLICE_X6Y23          RAMD32                                       r  GEN_BRAM.u_core/reg_file/registers_reg_r1_0_31_6_11/RAMC/CLK
                         clock pessimism              0.256    34.497    
                         clock uncertainty           -0.035    34.461    
    SLICE_X6Y23          RAMD32 (Setup_ramd32_CLK_I)
                                                     -0.132    34.329    GEN_BRAM.u_core/reg_file/registers_reg_r1_0_31_6_11/RAMC
  -------------------------------------------------------------------
                         required time                         34.329    
                         arrival time                         -22.721    
  -------------------------------------------------------------------
                         slack                                 11.609    





Pulse Width Checks
--------------------------------------------------------------------------------------
Clock Name:         sys_clk
Waveform(ns):       { 0.000 15.000 }
Period(ns):         30.000
Sources:            { clk }

Check Type        Corner  Lib Pin             Reference Pin  Required(ns)  Actual(ns)  Slack(ns)  Location       Pin
Min Period        n/a     RAMB36E1/CLKARDCLK  n/a            2.495         30.000      27.505     RAMB36_X0Y4    GEN_BRAM.u_core/dmem/mem_reg_0/CLKARDCLK
Min Period        n/a     RAMB36E1/CLKARDCLK  n/a            2.495         30.000      27.505     RAMB36_X0Y5    GEN_BRAM.u_core/dmem/mem_reg_1/CLKARDCLK
Min Period        n/a     RAMB36E1/CLKBWRCLK  n/a            2.183         30.000      27.817     RAMB36_X0Y4    GEN_BRAM.u_core/dmem/mem_reg_0/CLKBWRCLK
Min Period        n/a     RAMB36E1/CLKBWRCLK  n/a            2.183         30.000      27.817     RAMB36_X0Y5    GEN_BRAM.u_core/dmem/mem_reg_1/CLKBWRCLK
Min Period        n/a     RAMB36E1/CLKARDCLK  n/a            2.183         30.000      27.817     RAMB36_X0Y2    GEN_BRAM.u_core/imem/data_out_reg_0/CLKARDCLK
Min Period        n/a     RAMB36E1/CLKARDCLK  n/a            2.183         30.000      27.817     RAMB36_X0Y3    GEN_BRAM.u_core/imem/data_out_reg_1/CLKARDCLK
Min Period        n/a     BUFG/I              n/a            1.600         30.000      28.400     BUFGCTRL_X0Y0  clk_IBUF_BUFG_inst/I
Min Period        n/a     FDCE/C              n/a            0.750         30.000      29.250     SLICE_X2Y19    GEN_BRAM.u_core/FSM_onehot_state_reg[5]/C
Min Period        n/a     FDCE/C              n/a            0.750         30.000      29.250     SLICE_X15Y36   GEN_BRAM.u_core/divider/count_reg[1]/C
Min Period        n/a     FDCE/C              n/a            0.750         30.000      29.250     SLICE_X14Y36   GEN_BRAM.u_core/divider/count_reg[3]/C
Min Period        n/a     FDCE/C              n/a            0.750         30.000      29.250     SLICE_X11Y32   GEN_BRAM.u_core/divider/remainder_negative_reg/C
Min Period        n/a     FDCE/C              n/a            0.750         30.000      29.250     SLICE_X4Y23    GEN_BRAM.u_core/divider/remainder_work_reg[13]/C
Min Period        n/a     FDCE/C              n/a            0.750         30.000      29.250     SLICE_X4Y23    GEN_BRAM.u_core/divider/remainder_work_reg[15]/C
Min Period        n/a     FDCE/C              n/a            0.750         30.000      29.250     SLICE_X9Y25    GEN_BRAM.u_core/divider/remainder_work_reg[17]/C
Min Period        n/a     FDCE/C              n/a            0.750         30.000      29.250     SLICE_X9Y26    GEN_BRAM.u_core/divider/remainder_work_reg[19]/C
Min Period        n/a     FDCE/C              n/a            0.750         30.000      29.250     SLICE_X9Y26    GEN_BRAM.u_core/divider/remainder_work_reg[21]/C
Min Period        n/a     FDCE/C              n/a            0.750         30.000      29.250     SLICE_X9Y26    GEN_BRAM.u_core/divider/remainder_work_reg[23]/C
Min Period        n/a     FDCE/C              n/a            0.750         30.000      29.250     SLICE_X9Y27    GEN_BRAM.u_core/divider/remainder_work_reg[25]/C
Min Period        n/a     FDCE/C              n/a            0.750         30.000      29.250     SLICE_X5Y28    GEN_BRAM.u_core/divider/remainder_work_reg[27]/C
Min Period        n/a     FDCE/C              n/a            0.750         30.000      29.250     SLICE_X9Y26    GEN_BRAM.u_core/divider/remainder_work_reg[28]/C
Low Pulse Width   Slow    RAMD32/CLK          n/a            0.910         15.000      14.090     SLICE_X6Y26    GEN_BRAM.u_core/reg_file/registers_reg_r1_0_31_0_5/RAMA/CLK
Low Pulse Width   Fast    RAMD32/CLK          n/a            0.910         15.000      14.090     SLICE_X6Y26    GEN_BRAM.u_core/reg_file/registers_reg_r1_0_31_0_5/RAMA/CLK
Low Pulse Width   Slow    RAMD32/CLK          n/a            0.910         15.000      14.090     SLICE_X6Y26    GEN_BRAM.u_core/reg_file/registers_reg_r1_0_31_0_5/RAMA_D1/CLK
Low Pulse Width   Fast    RAMD32/CLK          n/a            0.910         15.000      14.090     SLICE_X6Y26    GEN_BRAM.u_core/reg_file/registers_reg_r1_0_31_0_5/RAMA_D1/CLK
Low Pulse Width   Slow    RAMD32/CLK          n/a            0.910         15.000      14.090     SLICE_X6Y26    GEN_BRAM.u_core/reg_file/registers_reg_r1_0_31_0_5/RAMB/CLK
Low Pulse Width   Fast    RAMD32/CLK          n/a            0.910         15.000      14.090     SLICE_X6Y26    GEN_BRAM.u_core/reg_file/registers_reg_r1_0_31_0_5/RAMB/CLK
Low Pulse Width   Slow    RAMD32/CLK          n/a            0.910         15.000      14.090     SLICE_X6Y26    GEN_BRAM.u_core/reg_file/registers_reg_r1_0_31_0_5/RAMB_D1/CLK
Low Pulse Width   Fast    RAMD32/CLK          n/a            0.910         15.000      14.090     SLICE_X6Y26    GEN_BRAM.u_core/reg_file/registers_reg_r1_0_31_0_5/RAMB_D1/CLK
Low Pulse Width   Slow    RAMD32/CLK          n/a            0.910         15.000      14.090     SLICE_X6Y26    GEN_BRAM.u_core/reg_file/registers_reg_r1_0_31_0_5/RAMC/CLK
Low Pulse Width   Fast    RAMD32/CLK          n/a            0.910         15.000      14.090     SLICE_X6Y26    GEN_BRAM.u_core/reg_file/registers_reg_r1_0_31_0_5/RAMC/CLK
Low Pulse Width   Slow    RAMD32/CLK          n/a            0.910         15.000      14.090     SLICE_X6Y26    GEN_BRAM.u_core/reg_file/registers_reg_r1_0_31_0_5/RAMC_D1/CLK
Low Pulse Width   Fast    RAMD32/CLK          n/a            0.910         15.000      14.090     SLICE_X6Y26    GEN_BRAM.u_core/reg_file/registers_reg_r1_0_31_0_5/RAMC_D1/CLK
Low Pulse Width   Slow    RAMS32/CLK          n/a            0.910         15.000      14.090     SLICE_X6Y26    GEN_BRAM.u_core/reg_file/registers_reg_r1_0_31_0_5/RAMD/CLK
Low Pulse Width   Fast    RAMS32/CLK          n/a            0.910         15.000      14.090     SLICE_X6Y26    GEN_BRAM.u_core/reg_file/registers_reg_r1_0_31_0_5/RAMD/CLK
Low Pulse Width   Slow    RAMS32/CLK          n/a            0.910         15.000      14.090     SLICE_X6Y26    GEN_BRAM.u_core/reg_file/registers_reg_r1_0_31_0_5/RAMD_D1/CLK
Low Pulse Width   Fast    RAMS32/CLK          n/a            0.910         15.000      14.090     SLICE_X6Y26    GEN_BRAM.u_core/reg_file/registers_reg_r1_0_31_0_5/RAMD_D1/CLK
Low Pulse Width   Slow    RAMD32/CLK          n/a            0.910         15.000      14.090     SLICE_X6Y30    GEN_BRAM.u_core/reg_file/registers_reg_r1_0_31_12_17/RAMA/CLK
Low Pulse Width   Fast    RAMD32/CLK          n/a            0.910         15.000      14.090     SLICE_X6Y30    GEN_BRAM.u_core/reg_file/registers_reg_r1_0_31_12_17/RAMA/CLK
Low Pulse Width   Slow    RAMD32/CLK          n/a            0.910         15.000      14.090     SLICE_X6Y30    GEN_BRAM.u_core/reg_file/registers_reg_r1_0_31_12_17/RAMA_D1/CLK
Low Pulse Width   Fast    RAMD32/CLK          n/a            0.910         15.000      14.090     SLICE_X6Y30    GEN_BRAM.u_core/reg_file/registers_reg_r1_0_31_12_17/RAMA_D1/CLK
High Pulse Width  Slow    RAMD32/CLK          n/a            0.910         15.000      14.090     SLICE_X6Y26    GEN_BRAM.u_core/reg_file/registers_reg_r1_0_31_0_5/RAMA/CLK
High Pulse Width  Fast    RAMD32/CLK          n/a            0.910         15.000      14.090     SLICE_X6Y26    GEN_BRAM.u_core/reg_file/registers_reg_r1_0_31_0_5/RAMA/CLK
High Pulse Width  Slow    RAMD32/CLK          n/a            0.910         15.000      14.090     SLICE_X6Y26    GEN_BRAM.u_core/reg_file/registers_reg_r1_0_31_0_5/RAMA_D1/CLK
High Pulse Width  Fast    RAMD32/CLK          n/a            0.910         15.000      14.090     SLICE_X6Y26    GEN_BRAM.u_core/reg_file/registers_reg_r1_0_31_0_5/RAMA_D1/CLK
High Pulse Width  Slow    RAMD32/CLK          n/a            0.910         15.000      14.090     SLICE_X6Y26    GEN_BRAM.u_core/reg_file/registers_reg_r1_0_31_0_5/RAMB/CLK
High Pulse Width  Fast    RAMD32/CLK          n/a            0.910         15.000      14.090     SLICE_X6Y26    GEN_BRAM.u_core/reg_file/registers_reg_r1_0_31_0_5/RAMB/CLK
High Pulse Width  Slow    RAMD32/CLK          n/a            0.910         15.000      14.090     SLICE_X6Y26    GEN_BRAM.u_core/reg_file/registers_reg_r1_0_31_0_5/RAMB_D1/CLK
High Pulse Width  Fast    RAMD32/CLK          n/a            0.910         15.000      14.090     SLICE_X6Y26    GEN_BRAM.u_core/reg_file/registers_reg_r1_0_31_0_5/RAMB_D1/CLK
High Pulse Width  Slow    RAMD32/CLK          n/a            0.910         15.000      14.090     SLICE_X6Y26    GEN_BRAM.u_core/reg_file/registers_reg_r1_0_31_0_5/RAMC/CLK
High Pulse Width  Fast    RAMD32/CLK          n/a            0.910         15.000      14.090     SLICE_X6Y26    GEN_BRAM.u_core/reg_file/registers_reg_r1_0_31_0_5/RAMC/CLK
High Pulse Width  Slow    RAMD32/CLK          n/a            0.910         15.000      14.090     SLICE_X6Y26    GEN_BRAM.u_core/reg_file/registers_reg_r1_0_31_0_5/RAMC_D1/CLK
High Pulse Width  Fast    RAMD32/CLK          n/a            0.910         15.000      14.090     SLICE_X6Y26    GEN_BRAM.u_core/reg_file/registers_reg_r1_0_31_0_5/RAMC_D1/CLK
High Pulse Width  Slow    RAMS32/CLK          n/a            0.910         15.000      14.090     SLICE_X6Y26    GEN_BRAM.u_core/reg_file/registers_reg_r1_0_31_0_5/RAMD/CLK
High Pulse Width  Fast    RAMS32/CLK          n/a            0.910         15.000      14.090     SLICE_X6Y26    GEN_BRAM.u_core/reg_file/registers_reg_r1_0_31_0_5/RAMD/CLK
High Pulse Width  Slow    RAMS32/CLK          n/a            0.910         15.000      14.090     SLICE_X6Y26    GEN_BRAM.u_core/reg_file/registers_reg_r1_0_31_0_5/RAMD_D1/CLK
High Pulse Width  Fast    RAMS32/CLK          n/a            0.910         15.000      14.090     SLICE_X6Y26    GEN_BRAM.u_core/reg_file/registers_reg_r1_0_31_0_5/RAMD_D1/CLK
High Pulse Width  Slow    RAMD32/CLK          n/a            0.910         15.000      14.090     SLICE_X6Y30    GEN_BRAM.u_core/reg_file/registers_reg_r1_0_31_12_17/RAMA/CLK
High Pulse Width  Fast    RAMD32/CLK          n/a            0.910         15.000      14.090     SLICE_X6Y30    GEN_BRAM.u_core/reg_file/registers_reg_r1_0_31_12_17/RAMA/CLK
High Pulse Width  Slow    RAMD32/CLK          n/a            0.910         15.000      14.090     SLICE_X6Y30    GEN_BRAM.u_core/reg_file/registers_reg_r1_0_31_12_17/RAMA_D1/CLK
High Pulse Width  Fast    RAMD32/CLK          n/a            0.910         15.000      14.090     SLICE_X6Y30    GEN_BRAM.u_core/reg_file/registers_reg_r1_0_31_12_17/RAMA_D1/CLK



