Copyright 1986-2022 Xilinx, Inc. All Rights Reserved. Copyright 2022-2025 Advanced Micro Devices, Inc. All Rights Reserved.
---------------------------------------------------------------------------------------------------------------------------------------------
| Tool Version : Vivado v.2025.2 (win64) Build 6299465 Fri Nov 14 19:35:11 GMT 2025
| Date         : Wed Sep 30 11:48:43 2026
| Host         : LAPTOP_Truong running 64-bit major release  (build 9200)
| Command      : report_timing_summary -delay_type max -max_paths 20 -file ./build/reproduced_9config_mem1/RCA_ARRAY_timing.rpt
| Design       : cpu_top
| Device       : 7z030-ffg676
| Speed File   : -1  PRODUCTION 1.12 2019-11-22
| Design State : Routed
---------------------------------------------------------------------------------------------------------------------------------------------

Timing Summary Report

------------------------------------------------------------------------------------------------
| Timer Settings
| --------------
------------------------------------------------------------------------------------------------

  Enable Multi Corner Analysis               :  Yes
  Enable Pessimism Removal                   :  Yes
  Pessimism Removal Resolution               :  Nearest Common Node
  Enable Input Delay Default Clock           :  No
  Enable Preset / Clear Arcs                 :  No
  Disable Flight Delays                      :  No
  Ignore I/O Paths                           :  No
  Timing Early Launch at Borrowing Latches   :  No
  Borrow Time for Max Delay Exceptions       :  Yes
  Merge Timing Exceptions                    :  Yes
  Inter-SLR Compensation                     :  Conservative

  Corner  Analyze    Analyze    
  Name    Max Paths  Min Paths  
  ------  ---------  ---------  
  Slow    Yes        Yes        
  Fast    Yes        Yes        


------------------------------------------------------------------------------------------------
| Report Methodology
| ------------------
------------------------------------------------------------------------------------------------

Rule       Severity  Description                                 Violations  
---------  --------  ------------------------------------------  ----------  
SYNTH-6    Warning   Timing of a RAM block might be sub-optimal  4           
TIMING-18  Warning   Missing input or output delay               101         

Note: This report is based on the most recent report_methodology run and may not be up-to-date. Run report_methodology on the current design for the latest report.



check_timing report

Table of Contents
-----------------
1. checking no_clock (0)
2. checking constant_clock (0)
3. checking pulse_width_clock (0)
4. checking unconstrained_internal_endpoints (0)
5. checking no_input_delay (1)
6. checking no_output_delay (101)
7. checking multiple_clock (0)
8. checking generated_clocks (0)
9. checking loops (0)
10. checking partial_input_delay (0)
11. checking partial_output_delay (0)
12. checking latch_loops (0)

1. checking no_clock (0)
------------------------
 There are 0 register/latch pins with no clock.


2. checking constant_clock (0)
------------------------------
 There are 0 register/latch pins with constant_clock.


3. checking pulse_width_clock (0)
---------------------------------
 There are 0 register/latch pins which need pulse_width check


4. checking unconstrained_internal_endpoints (0)
------------------------------------------------
 There are 0 pins that are not constrained for maximum delay.

 There are 0 pins that are not constrained for maximum delay due to constant clock.


5. checking no_input_delay (1)
------------------------------
 There are 0 input ports with no input delay specified.

 There is 1 input port with no input delay but user has a false path constraint. (MEDIUM)


6. checking no_output_delay (101)
---------------------------------
 There are 101 ports with no output delay specified. (HIGH)

 There are 0 ports with no output delay but user has a false path constraint

 There are 0 ports with no output delay but with a timing clock defined on it or propagating through it


7. checking multiple_clock (0)
------------------------------
 There are 0 register/latch pins with multiple clocks.


8. checking generated_clocks (0)
--------------------------------
 There are 0 generated clocks that are not connected to a clock source.


9. checking loops (0)
---------------------
 There are 0 combinational loops in the design.


10. checking partial_input_delay (0)
------------------------------------
 There are 0 input ports with partial input delay specified.


11. checking partial_output_delay (0)
-------------------------------------
 There are 0 ports with partial output delay specified.


12. checking latch_loops (0)
----------------------------
 There are 0 combinational latch loops in the design through latch input



------------------------------------------------------------------------------------------------
| Design Timing Summary
| ---------------------
------------------------------------------------------------------------------------------------

    WNS(ns)      TNS(ns)  TNS Failing Endpoints  TNS Total Endpoints     WPWS(ns)     TPWS(ns)  TPWS Failing Endpoints  TPWS Total Endpoints  
    -------      -------  ---------------------  -------------------     --------     --------  ----------------------  --------------------  
      2.395        0.000                      0                 1212       14.090        0.000                       0                   351  


All user specified timing constraints are met.


------------------------------------------------------------------------------------------------
| Clock Summary
| -------------
------------------------------------------------------------------------------------------------

Clock    Waveform(ns)       Period(ns)      Frequency(MHz)
-----    ------------       ----------      --------------
sys_clk  {0.000 15.000}     30.000          33.333          


------------------------------------------------------------------------------------------------
| Intra Clock Table
| -----------------
------------------------------------------------------------------------------------------------

Clock             WNS(ns)      TNS(ns)  TNS Failing Endpoints  TNS Total Endpoints     WPWS(ns)     TPWS(ns)  TPWS Failing Endpoints  TPWS Total Endpoints  
-----             -------      -------  ---------------------  -------------------     --------     --------  ----------------------  --------------------  
sys_clk             2.395        0.000                      0                 1212       14.090        0.000                       0                   351  


------------------------------------------------------------------------------------------------
| Inter Clock Table
| -----------------
------------------------------------------------------------------------------------------------

From Clock    To Clock          WNS(ns)      TNS(ns)  TNS Failing Endpoints  TNS Total Endpoints  
----------    --------          -------      -------  ---------------------  -------------------  


------------------------------------------------------------------------------------------------
| Other Path Groups Table
| -----------------------
------------------------------------------------------------------------------------------------

Path Group    From Clock    To Clock          WNS(ns)      TNS(ns)  TNS Failing Endpoints  TNS Total Endpoints  
----------    ----------    --------          -------      -------  ---------------------  -------------------  


------------------------------------------------------------------------------------------------
| Timing Details
| --------------
------------------------------------------------------------------------------------------------


---------------------------------------------------------------------------------------------------
From Clock:  sys_clk
  To Clock:  sys_clk

Setup :            0  Failing Endpoints,  Worst Slack        2.395ns,  Total Violation        0.000ns
Hold  :           NA  Failing Endpoints,  Worst Slack           NA  ,  Total Violation           NA
PW    :            0  Failing Endpoints,  Worst Slack       14.090ns,  Total Violation        0.000ns
---------------------------------------------------------------------------------------------------


Max Delay Paths
--------------------------------------------------------------------------------------
Slack (MET) :             2.395ns  (required time - arrival time)
  Source:                 GEN_BRAM.u_core/ir_reg[2]/C
                            (rising edge-triggered cell FDCE clocked by sys_clk  {rise@0.000ns fall@15.000ns period=30.000ns})
  Destination:            GEN_BRAM.u_core/reg_file/registers_reg_r1_0_31_30_31__0/DP/I
                            (rising edge-triggered cell RAMD32 clocked by sys_clk  {rise@0.000ns fall@15.000ns period=30.000ns})
  Path Group:             sys_clk
  Path Type:              Setup (Max at Slow Process Corner)
  Requirement:            30.000ns  (sys_clk rise@30.000ns - sys_clk rise@0.000ns)
  Data Path Delay:        27.372ns  (logic 4.236ns (15.476%)  route 23.136ns (84.524%))
  Logic Levels:           56  (CARRY4=2 LUT2=1 LUT3=12 LUT4=1 LUT5=18 LUT6=22)
  Clock Path Skew:        -0.020ns (DCD - SCD + CPR)
    Destination Clock Delay (DCD):    4.178ns = ( 34.178 - 30.000 ) 
    Source Clock Delay      (SCD):    4.462ns
    Clock Pessimism Removal (CPR):    0.263ns
  Clock Uncertainty:      0.035ns  ((TSJ^2 + TIJ^2)^1/2 + DJ) / 2 + PE
    Total System Jitter     (TSJ):    0.071ns
    Total Input Jitter      (TIJ):    0.000ns
    Discrete Jitter          (DJ):    0.000ns
    Phase Error              (PE):    0.000ns

    Location             Delay type                Incr(ns)  Path(ns)    Netlist Resource(s)
  -------------------------------------------------------------------    -------------------
                         (clock sys_clk rise edge)    0.000     0.000 r  
    AD23                                              0.000     0.000 r  clk (IN)
                         net (fo=0)                   0.000     0.000    clk
    AD23                 IBUF (Prop_ibuf_I_O)         0.873     0.873 r  clk_IBUF_inst/O
                         net (fo=1, routed)           1.830     2.703    clk_IBUF
    BUFGCTRL_X0Y0        BUFG (Prop_bufg_I_O)         0.120     2.823 r  clk_IBUF_BUFG_inst/O
                         net (fo=350, routed)         1.639     4.462    GEN_BRAM.u_core/clk_IBUF_BUFG
    SLICE_X15Y23         FDCE                                         r  GEN_BRAM.u_core/ir_reg[2]/C
  -------------------------------------------------------------------    -------------------
    SLICE_X15Y23         FDCE (Prop_fdce_C_Q)         0.269     4.731 r  GEN_BRAM.u_core/ir_reg[2]/Q
                         net (fo=24, routed)          0.633     5.364    GEN_BRAM.u_core/reg_file/Q[1]
    SLICE_X14Y24         LUT5 (Prop_lut5_I0_O)        0.053     5.417 r  GEN_BRAM.u_core/reg_file/registers_reg_r1_0_31_0_5_i_25/O
                         net (fo=56, routed)          0.733     6.150    GEN_BRAM.u_core/imm_gen/u_mul_i_32
    SLICE_X12Y20         LUT6 (Prop_lut6_I4_O)        0.053     6.203 f  GEN_BRAM.u_core/imm_gen/u_mul_i_68/O
                         net (fo=1, routed)           0.331     6.534    GEN_BRAM.u_core/alu_mux_b/imm[0]
    SLICE_X12Y20         LUT4 (Prop_lut4_I0_O)        0.053     6.587 r  GEN_BRAM.u_core/alu_mux_b/u_mul_i_32/O
                         net (fo=136, routed)         0.614     7.201    GEN_BRAM.u_core/alu/u_mul/u_mul/GEN_ARRAY.u_mul/u_csa_row0/GEN_CSA_FA[1].u_fa/result[4]_INST_0_i_22_n_0
    SLICE_X13Y19         CARRY4 (Prop_carry4_CYINIT_O[1])
                                                      0.390     7.591 r  GEN_BRAM.u_core/alu/u_mul/u_mul/GEN_ARRAY.u_mul/u_csa_row0/GEN_CSA_FA[1].u_fa/result[4]_INST_0_i_6/O[1]
                         net (fo=32, routed)          0.752     8.343    GEN_BRAM.u_core/alu/u_mul/u_mul/GEN_ARRAY.u_mul/u_csa_row0/GEN_CSA_FA[1].u_fa/mag_b0[2]
    SLICE_X18Y21         LUT6 (Prop_lut6_I3_O)        0.152     8.495 r  GEN_BRAM.u_core/alu/u_mul/u_mul/GEN_ARRAY.u_mul/u_csa_row0/GEN_CSA_FA[1].u_fa/result[14]_INST_0_i_132/O
                         net (fo=2, routed)           0.579     9.074    GEN_BRAM.u_core/alu/u_mul/u_mul/GEN_ARRAY.u_mul/u_csa_row0/GEN_CSA_FA[1].u_fa/pp[2]_91[14]
    SLICE_X18Y21         LUT6 (Prop_lut6_I5_O)        0.053     9.127 r  GEN_BRAM.u_core/alu/u_mul/u_mul/GEN_ARRAY.u_mul/u_csa_row0/GEN_CSA_FA[1].u_fa/result[16]_INST_0_i_144/O
                         net (fo=3, routed)           0.575     9.702    GEN_BRAM.u_core/alu/u_mul/u_mul/GEN_ARRAY.u_mul/u_csa_row0/GEN_CSA_FA[1].u_fa/stage_carry[0]_58[15]
    SLICE_X18Y20         LUT5 (Prop_lut5_I0_O)        0.053     9.755 r  GEN_BRAM.u_core/alu/u_mul/u_mul/GEN_ARRAY.u_mul/u_csa_row0/GEN_CSA_FA[1].u_fa/result[16]_INST_0_i_125/O
                         net (fo=3, routed)           0.366    10.121    GEN_BRAM.u_core/alu/u_mul/u_mul/GEN_ARRAY.u_mul/u_csa_row0/GEN_CSA_FA[1].u_fa/stage_sum[2]_42[15]
    SLICE_X18Y19         LUT3 (Prop_lut3_I1_O)        0.053    10.174 r  GEN_BRAM.u_core/alu/u_mul/u_mul/GEN_ARRAY.u_mul/u_csa_row0/GEN_CSA_FA[1].u_fa/result[16]_INST_0_i_132/O
                         net (fo=2, routed)           0.635    10.809    GEN_BRAM.u_core/alu/u_mul/u_mul/GEN_ARRAY.u_mul/u_csa_row0/GEN_CSA_FA[1].u_fa/stage_carry[3]_44[16]
    SLICE_X19Y19         LUT5 (Prop_lut5_I3_O)        0.053    10.862 r  GEN_BRAM.u_core/alu/u_mul/u_mul/GEN_ARRAY.u_mul/u_csa_row0/GEN_CSA_FA[1].u_fa/result[18]_INST_0_i_109/O
                         net (fo=3, routed)           0.588    11.450    GEN_BRAM.u_core/alu/u_mul/u_mul/GEN_ARRAY.u_mul/u_csa_row0/GEN_CSA_FA[1].u_fa/stage_carry[4]_2[17]
    SLICE_X17Y14         LUT3 (Prop_lut3_I0_O)        0.053    11.503 r  GEN_BRAM.u_core/alu/u_mul/u_mul/GEN_ARRAY.u_mul/u_csa_row0/GEN_CSA_FA[1].u_fa/result[18]_INST_0_i_117/O
                         net (fo=2, routed)           0.626    12.129    GEN_BRAM.u_core/alu/u_mul/u_mul/GEN_ARRAY.u_mul/u_csa_row0/GEN_CSA_FA[1].u_fa/stage_carry[5]_45[18]
    SLICE_X14Y9          LUT5 (Prop_lut5_I3_O)        0.053    12.182 r  GEN_BRAM.u_core/alu/u_mul/u_mul/GEN_ARRAY.u_mul/u_csa_row0/GEN_CSA_FA[1].u_fa/result[20]_INST_0_i_124/O
                         net (fo=3, routed)           0.516    12.698    GEN_BRAM.u_core/alu/u_mul/u_mul/GEN_ARRAY.u_mul/u_csa_row0/GEN_CSA_FA[1].u_fa/stage_carry[6]_4[19]
    SLICE_X13Y8          LUT3 (Prop_lut3_I0_O)        0.053    12.751 r  GEN_BRAM.u_core/alu/u_mul/u_mul/GEN_ARRAY.u_mul/u_csa_row0/GEN_CSA_FA[1].u_fa/result[20]_INST_0_i_132/O
                         net (fo=2, routed)           0.421    13.172    GEN_BRAM.u_core/alu/u_mul/u_mul/GEN_ARRAY.u_mul/u_csa_row0/GEN_CSA_FA[1].u_fa/stage_carry[7]_46[20]
    SLICE_X13Y6          LUT5 (Prop_lut5_I3_O)        0.053    13.225 r  GEN_BRAM.u_core/alu/u_mul/u_mul/GEN_ARRAY.u_mul/u_csa_row0/GEN_CSA_FA[1].u_fa/result[22]_INST_0_i_104/O
                         net (fo=3, routed)           0.482    13.707    GEN_BRAM.u_core/alu/u_mul/u_mul/GEN_ARRAY.u_mul/u_csa_row0/GEN_CSA_FA[1].u_fa/stage_carry[8]_6[21]
    SLICE_X11Y5          LUT3 (Prop_lut3_I0_O)        0.053    13.760 r  GEN_BRAM.u_core/alu/u_mul/u_mul/GEN_ARRAY.u_mul/u_csa_row0/GEN_CSA_FA[1].u_fa/result[22]_INST_0_i_112/O
                         net (fo=2, routed)           0.311    14.072    GEN_BRAM.u_core/alu/u_mul/u_mul/GEN_ARRAY.u_mul/u_csa_row0/GEN_CSA_FA[1].u_fa/stage_carry[9]_47[22]
    SLICE_X11Y3          LUT5 (Prop_lut5_I3_O)        0.053    14.125 r  GEN_BRAM.u_core/alu/u_mul/u_mul/GEN_ARRAY.u_mul/u_csa_row0/GEN_CSA_FA[1].u_fa/result[24]_INST_0_i_109/O
                         net (fo=3, routed)           0.457    14.582    GEN_BRAM.u_core/alu/u_mul/u_mul/GEN_ARRAY.u_mul/u_csa_row0/GEN_CSA_FA[1].u_fa/stage_carry[10]_8[23]
    SLICE_X11Y2          LUT3 (Prop_lut3_I0_O)        0.053    14.635 r  GEN_BRAM.u_core/alu/u_mul/u_mul/GEN_ARRAY.u_mul/u_csa_row0/GEN_CSA_FA[1].u_fa/result[24]_INST_0_i_117/O
                         net (fo=2, routed)           0.374    15.009    GEN_BRAM.u_core/alu/u_mul/u_mul/GEN_ARRAY.u_mul/u_csa_row0/GEN_CSA_FA[1].u_fa/stage_carry[11]_48[24]
    SLICE_X10Y2          LUT5 (Prop_lut5_I3_O)        0.053    15.062 r  GEN_BRAM.u_core/alu/u_mul/u_mul/GEN_ARRAY.u_mul/u_csa_row0/GEN_CSA_FA[1].u_fa/result[24]_INST_0_i_105/O
                         net (fo=3, routed)           0.630    15.693    GEN_BRAM.u_core/alu/u_mul/u_mul/GEN_ARRAY.u_mul/u_csa_row0/GEN_CSA_FA[1].u_fa/stage_sum[12]_37[24]
    SLICE_X9Y3           LUT5 (Prop_lut5_I1_O)        0.053    15.746 r  GEN_BRAM.u_core/alu/u_mul/u_mul/GEN_ARRAY.u_mul/u_csa_row0/GEN_CSA_FA[1].u_fa/result[26]_INST_0_i_74/O
                         net (fo=3, routed)           0.592    16.337    GEN_BRAM.u_core/alu/u_mul/u_mul/GEN_ARRAY.u_mul/u_csa_row0/GEN_CSA_FA[1].u_fa/stage_carry[14]_12[25]
    SLICE_X4Y1           LUT3 (Prop_lut3_I0_O)        0.053    16.390 r  GEN_BRAM.u_core/alu/u_mul/u_mul/GEN_ARRAY.u_mul/u_csa_row0/GEN_CSA_FA[1].u_fa/result[26]_INST_0_i_82/O
                         net (fo=2, routed)           0.323    16.713    GEN_BRAM.u_core/alu/u_mul/u_mul/GEN_ARRAY.u_mul/u_csa_row0/GEN_CSA_FA[1].u_fa/stage_carry[15]_50[26]
    SLICE_X4Y0           LUT5 (Prop_lut5_I3_O)        0.053    16.766 r  GEN_BRAM.u_core/alu/u_mul/u_mul/GEN_ARRAY.u_mul/u_csa_row0/GEN_CSA_FA[1].u_fa/result[26]_INST_0_i_70/O
                         net (fo=3, routed)           0.392    17.158    GEN_BRAM.u_core/alu/u_mul/u_mul/GEN_ARRAY.u_mul/u_csa_row0/GEN_CSA_FA[1].u_fa/stage_sum[16]_35[26]
    SLICE_X2Y3           LUT3 (Prop_lut3_I1_O)        0.053    17.211 r  GEN_BRAM.u_core/alu/u_mul/u_mul/GEN_ARRAY.u_mul/u_csa_row0/GEN_CSA_FA[1].u_fa/result[28]_INST_0_i_82/O
                         net (fo=2, routed)           0.467    17.679    GEN_BRAM.u_core/alu/u_mul/u_mul/GEN_ARRAY.u_mul/u_csa_row0/GEN_CSA_FA[1].u_fa/stage_carry[17]_51[27]
    SLICE_X2Y3           LUT5 (Prop_lut5_I3_O)        0.053    17.732 r  GEN_BRAM.u_core/alu/u_mul/u_mul/GEN_ARRAY.u_mul/u_csa_row0/GEN_CSA_FA[1].u_fa/result[28]_INST_0_i_70/O
                         net (fo=3, routed)           0.157    17.889    GEN_BRAM.u_core/alu/u_mul/u_mul/GEN_ARRAY.u_mul/u_csa_row0/GEN_CSA_FA[1].u_fa/stage_sum[18]_34[27]
    SLICE_X2Y3           LUT3 (Prop_lut3_I1_O)        0.053    17.942 r  GEN_BRAM.u_core/alu/u_mul/u_mul/GEN_ARRAY.u_mul/u_csa_row0/GEN_CSA_FA[1].u_fa/result[28]_INST_0_i_77/O
                         net (fo=2, routed)           0.433    18.375    GEN_BRAM.u_core/alu/u_mul/u_mul/GEN_ARRAY.u_mul/u_csa_row0/GEN_CSA_FA[1].u_fa/stage_carry[19]_52[28]
    SLICE_X2Y1           LUT5 (Prop_lut5_I3_O)        0.053    18.428 r  GEN_BRAM.u_core/alu/u_mul/u_mul/GEN_ARRAY.u_mul/u_csa_row0/GEN_CSA_FA[1].u_fa/result[28]_INST_0_i_65/O
                         net (fo=3, routed)           0.603    19.030    GEN_BRAM.u_core/alu/u_mul/u_mul/GEN_ARRAY.u_mul/u_csa_row0/GEN_CSA_FA[1].u_fa/stage_sum[20]_33[28]
    SLICE_X0Y6           LUT3 (Prop_lut3_I1_O)        0.053    19.083 r  GEN_BRAM.u_core/alu/u_mul/u_mul/GEN_ARRAY.u_mul/u_csa_row0/GEN_CSA_FA[1].u_fa/result[30]_INST_0_i_41/O
                         net (fo=2, routed)           0.352    19.436    GEN_BRAM.u_core/alu/u_mul/u_mul/GEN_ARRAY.u_mul/u_csa_row0/GEN_CSA_FA[1].u_fa/stage_carry[21]_53[29]
    SLICE_X1Y3           LUT5 (Prop_lut5_I3_O)        0.053    19.489 r  GEN_BRAM.u_core/alu/u_mul/u_mul/GEN_ARRAY.u_mul/u_csa_row0/GEN_CSA_FA[1].u_fa/result[30]_INST_0_i_29/O
                         net (fo=3, routed)           0.436    19.925    GEN_BRAM.u_core/alu/u_mul/u_mul/GEN_ARRAY.u_mul/u_csa_row0/GEN_CSA_FA[1].u_fa/stage_sum[22]_32[29]
    SLICE_X0Y6           LUT3 (Prop_lut3_I1_O)        0.053    19.978 r  GEN_BRAM.u_core/alu/u_mul/u_mul/GEN_ARRAY.u_mul/u_csa_row0/GEN_CSA_FA[1].u_fa/result[30]_INST_0_i_36/O
                         net (fo=2, routed)           0.433    20.411    GEN_BRAM.u_core/alu/u_mul/u_mul/GEN_ARRAY.u_mul/u_csa_row0/GEN_CSA_FA[1].u_fa/stage_carry[23]_54[30]
    SLICE_X3Y5           LUT5 (Prop_lut5_I3_O)        0.053    20.464 r  GEN_BRAM.u_core/alu/u_mul/u_mul/GEN_ARRAY.u_mul/u_csa_row0/GEN_CSA_FA[1].u_fa/result[30]_INST_0_i_23/O
                         net (fo=3, routed)           0.482    20.946    GEN_BRAM.u_core/alu/u_mul/u_mul/GEN_ARRAY.u_mul/u_csa_row0/GEN_CSA_FA[1].u_fa/stage_sum[24]_31[30]
    SLICE_X4Y8           LUT3 (Prop_lut3_I1_O)        0.053    20.999 r  GEN_BRAM.u_core/alu/u_mul/u_mul/GEN_ARRAY.u_mul/u_csa_row0/GEN_CSA_FA[1].u_fa/result[31]_INST_0_i_41/O
                         net (fo=2, routed)           0.371    21.370    GEN_BRAM.u_core/alu/u_mul/u_mul/GEN_ARRAY.u_mul/u_csa_row0/GEN_CSA_FA[1].u_fa/stage_carry[25]_55[31]
    SLICE_X4Y6           LUT5 (Prop_lut5_I3_O)        0.053    21.423 r  GEN_BRAM.u_core/alu/u_mul/u_mul/GEN_ARRAY.u_mul/u_csa_row0/GEN_CSA_FA[1].u_fa/result[31]_INST_0_i_31/O
                         net (fo=3, routed)           0.453    21.876    GEN_BRAM.u_core/alu/u_mul/u_mul/GEN_ARRAY.u_mul/u_csa_row0/GEN_CSA_FA[1].u_fa/stage_sum[26]_30[31]
    SLICE_X7Y9           LUT3 (Prop_lut3_I1_O)        0.053    21.929 r  GEN_BRAM.u_core/alu/u_mul/u_mul/GEN_ARRAY.u_mul/u_csa_row0/GEN_CSA_FA[1].u_fa/result[2]_INST_0_i_22/O
                         net (fo=3, routed)           0.617    22.545    GEN_BRAM.u_core/alu/u_mul/u_mul/GEN_ARRAY.u_mul/u_csa_row0/GEN_CSA_FA[1].u_fa/stage_carry[27]_56[32]
    SLICE_X9Y9           LUT5 (Prop_lut5_I0_O)        0.053    22.598 r  GEN_BRAM.u_core/alu/u_mul/u_mul/GEN_ARRAY.u_mul/u_csa_row0/GEN_CSA_FA[1].u_fa/result[1]_INST_0_i_4/O
                         net (fo=4, routed)           0.721    23.319    GEN_BRAM.u_core/alu/u_mul/u_mul/GEN_ARRAY.u_mul/u_csa_row0/GEN_CSA_FA[1].u_fa/stage_sum[29]_57[32]
    SLICE_X8Y15          LUT5 (Prop_lut5_I4_O)        0.065    23.384 f  GEN_BRAM.u_core/alu/u_mul/u_mul/GEN_ARRAY.u_mul/u_csa_row0/GEN_CSA_FA[1].u_fa/result[1]_INST_0_i_6/O
                         net (fo=2, routed)           0.306    23.690    GEN_BRAM.u_core/alu/u_mul/u_mul/GEN_ARRAY.u_mul/u_csa_row0/GEN_CSA_FA[1].u_fa/u_final_cpa/GEN_FINAL_FA[32].u_fa/c2
    SLICE_X8Y16          LUT5 (Prop_lut5_I2_O)        0.171    23.861 f  GEN_BRAM.u_core/alu/u_mul/u_mul/GEN_ARRAY.u_mul/u_csa_row0/GEN_CSA_FA[1].u_fa/result[2]_INST_0_i_9/O
                         net (fo=2, routed)           0.586    24.447    GEN_BRAM.u_core/alu/u_mul/u_mul/GEN_ARRAY.u_mul/u_csa_row0/GEN_CSA_FA[1].u_fa/u_final_cpa/GEN_FINAL_FA[33].u_fa/c2
    SLICE_X8Y16          LUT5 (Prop_lut5_I2_O)        0.183    24.630 f  GEN_BRAM.u_core/alu/u_mul/u_mul/GEN_ARRAY.u_mul/u_csa_row0/GEN_CSA_FA[1].u_fa/result[4]_INST_0_i_14/O
                         net (fo=3, routed)           0.391    25.021    GEN_BRAM.u_core/alu/u_mul/u_mul/GEN_ARRAY.u_mul/u_csa_row0/GEN_CSA_FA[1].u_fa/u_final_cpa/c_35
    SLICE_X7Y16          LUT6 (Prop_lut6_I4_O)        0.172    25.193 f  GEN_BRAM.u_core/alu/u_mul/u_mul/GEN_ARRAY.u_mul/u_csa_row0/GEN_CSA_FA[1].u_fa/result[6]_INST_0_i_12/O
                         net (fo=3, routed)           0.205    25.397    GEN_BRAM.u_core/alu/u_mul/u_mul/GEN_ARRAY.u_mul/u_csa_row0/GEN_CSA_FA[1].u_fa/u_final_cpa/c_37
    SLICE_X7Y16          LUT6 (Prop_lut6_I4_O)        0.053    25.450 f  GEN_BRAM.u_core/alu/u_mul/u_mul/GEN_ARRAY.u_mul/u_csa_row0/GEN_CSA_FA[1].u_fa/result[8]_INST_0_i_13/O
                         net (fo=3, routed)           0.405    25.856    GEN_BRAM.u_core/alu/u_mul/u_mul/GEN_ARRAY.u_mul/u_csa_row0/GEN_CSA_FA[1].u_fa/u_final_cpa/c_39
    SLICE_X9Y17          LUT6 (Prop_lut6_I4_O)        0.053    25.909 f  GEN_BRAM.u_core/alu/u_mul/u_mul/GEN_ARRAY.u_mul/u_csa_row0/GEN_CSA_FA[1].u_fa/result[10]_INST_0_i_12/O
                         net (fo=3, routed)           0.311    26.220    GEN_BRAM.u_core/alu/u_mul/u_mul/GEN_ARRAY.u_mul/u_csa_row0/GEN_CSA_FA[1].u_fa/u_final_cpa/c_41
    SLICE_X9Y18          LUT6 (Prop_lut6_I4_O)        0.053    26.273 f  GEN_BRAM.u_core/alu/u_mul/u_mul/GEN_ARRAY.u_mul/u_csa_row0/GEN_CSA_FA[1].u_fa/result[12]_INST_0_i_13/O
                         net (fo=3, routed)           0.138    26.411    GEN_BRAM.u_core/alu/u_mul/u_mul/GEN_ARRAY.u_mul/u_csa_row0/GEN_CSA_FA[1].u_fa/u_final_cpa/c_43
    SLICE_X9Y18          LUT6 (Prop_lut6_I4_O)        0.053    26.464 f  GEN_BRAM.u_core/alu/u_mul/u_mul/GEN_ARRAY.u_mul/u_csa_row0/GEN_CSA_FA[1].u_fa/result[14]_INST_0_i_12/O
                         net (fo=3, routed)           0.278    26.742    GEN_BRAM.u_core/alu/u_mul/u_mul/GEN_ARRAY.u_mul/u_csa_row0/GEN_CSA_FA[1].u_fa/u_final_cpa/c_45
    SLICE_X10Y19         LUT6 (Prop_lut6_I4_O)        0.053    26.795 f  GEN_BRAM.u_core/alu/u_mul/u_mul/GEN_ARRAY.u_mul/u_csa_row0/GEN_CSA_FA[1].u_fa/result[16]_INST_0_i_13/O
                         net (fo=3, routed)           0.318    27.113    GEN_BRAM.u_core/alu/u_mul/u_mul/GEN_ARRAY.u_mul/u_csa_row0/GEN_CSA_FA[1].u_fa/u_final_cpa/c_47
    SLICE_X10Y20         LUT6 (Prop_lut6_I4_O)        0.053    27.166 f  GEN_BRAM.u_core/alu/u_mul/u_mul/GEN_ARRAY.u_mul/u_csa_row0/GEN_CSA_FA[1].u_fa/result[18]_INST_0_i_12/O
                         net (fo=3, routed)           0.222    27.388    GEN_BRAM.u_core/alu/u_mul/u_mul/GEN_ARRAY.u_mul/u_csa_row0/GEN_CSA_FA[1].u_fa/u_final_cpa/c_49
    SLICE_X10Y20         LUT6 (Prop_lut6_I4_O)        0.053    27.441 f  GEN_BRAM.u_core/alu/u_mul/u_mul/GEN_ARRAY.u_mul/u_csa_row0/GEN_CSA_FA[1].u_fa/result[20]_INST_0_i_13/O
                         net (fo=3, routed)           0.323    27.764    GEN_BRAM.u_core/alu/u_mul/u_mul/GEN_ARRAY.u_mul/u_csa_row0/GEN_CSA_FA[1].u_fa/u_final_cpa/c_51
    SLICE_X10Y21         LUT6 (Prop_lut6_I4_O)        0.053    27.817 f  GEN_BRAM.u_core/alu/u_mul/u_mul/GEN_ARRAY.u_mul/u_csa_row0/GEN_CSA_FA[1].u_fa/result[22]_INST_0_i_12/O
                         net (fo=3, routed)           0.146    27.963    GEN_BRAM.u_core/alu/u_mul/u_mul/GEN_ARRAY.u_mul/u_csa_row0/GEN_CSA_FA[1].u_fa/u_final_cpa/c_53
    SLICE_X10Y21         LUT6 (Prop_lut6_I4_O)        0.053    28.016 f  GEN_BRAM.u_core/alu/u_mul/u_mul/GEN_ARRAY.u_mul/u_csa_row0/GEN_CSA_FA[1].u_fa/result[24]_INST_0_i_13/O
                         net (fo=3, routed)           0.255    28.271    GEN_BRAM.u_core/alu/u_mul/u_mul/GEN_ARRAY.u_mul/u_csa_row0/GEN_CSA_FA[1].u_fa/u_final_cpa/c_55
    SLICE_X10Y22         LUT6 (Prop_lut6_I4_O)        0.053    28.324 f  GEN_BRAM.u_core/alu/u_mul/u_mul/GEN_ARRAY.u_mul/u_csa_row0/GEN_CSA_FA[1].u_fa/result[26]_INST_0_i_12/O
                         net (fo=3, routed)           0.222    28.545    GEN_BRAM.u_core/alu/u_mul/u_mul/GEN_ARRAY.u_mul/u_csa_row0/GEN_CSA_FA[1].u_fa/u_final_cpa/c_57
    SLICE_X10Y22         LUT6 (Prop_lut6_I4_O)        0.053    28.598 f  GEN_BRAM.u_core/alu/u_mul/u_mul/GEN_ARRAY.u_mul/u_csa_row0/GEN_CSA_FA[1].u_fa/result[28]_INST_0_i_13/O
                         net (fo=3, routed)           0.254    28.853    GEN_BRAM.u_core/alu/u_mul/u_mul/GEN_ARRAY.u_mul/u_csa_row0/GEN_CSA_FA[1].u_fa/u_final_cpa/c_59
    SLICE_X9Y22          LUT6 (Prop_lut6_I4_O)        0.053    28.906 f  GEN_BRAM.u_core/alu/u_mul/u_mul/GEN_ARRAY.u_mul/u_csa_row0/GEN_CSA_FA[1].u_fa/result[31]_INST_0_i_13/O
                         net (fo=3, routed)           0.387    29.293    GEN_BRAM.u_core/alu/u_mul/u_mul/GEN_ARRAY.u_mul/u_csa_row0/GEN_CSA_FA[1].u_fa/u_final_cpa/c_61
    SLICE_X9Y23          LUT6 (Prop_lut6_I4_O)        0.053    29.346 f  GEN_BRAM.u_core/alu/u_mul/u_mul/GEN_ARRAY.u_mul/u_csa_row0/GEN_CSA_FA[1].u_fa/result[31]_INST_0_i_4/O
                         net (fo=2, routed)           0.322    29.668    GEN_BRAM.u_core/alu/u_mul/u_mul/GEN_ARRAY.u_mul/u_csa_row0/GEN_CSA_FA[1].u_fa/u_final_cpa/GEN_FINAL_FA[62].u_fa/c2
    SLICE_X8Y23          LUT2 (Prop_lut2_I0_O)        0.053    29.721 r  GEN_BRAM.u_core/alu/u_mul/u_mul/GEN_ARRAY.u_mul/u_csa_row0/GEN_CSA_FA[1].u_fa/result[31]_INST_0_i_14/O
                         net (fo=1, routed)           0.000    29.721    GEN_BRAM.u_core/alu/u_mul/u_mul/GEN_ARRAY.u_mul/u_csa_row0/GEN_CSA_FA[1].u_fa/p_0_in[63]
    SLICE_X8Y23          CARRY4 (Prop_carry4_S[2]_O[2])
                                                      0.138    29.859 r  GEN_BRAM.u_core/alu/u_mul/u_mul/GEN_ARRAY.u_mul/u_csa_row0/GEN_CSA_FA[1].u_fa/result[31]_INST_0_i_6/O[2]
                         net (fo=1, routed)           0.368    30.227    GEN_BRAM.u_core/alu/u_mul/u_mul/GEN_ARRAY.u_mul/u_csa_row0/GEN_CSA_FA[1].u_fa/signed_product0[63]
    SLICE_X9Y25          LUT6 (Prop_lut6_I5_O)        0.152    30.379 r  GEN_BRAM.u_core/alu/u_mul/u_mul/GEN_ARRAY.u_mul/u_csa_row0/GEN_CSA_FA[1].u_fa/result[31]_INST_0/O
                         net (fo=1, routed)           0.131    30.510    GEN_BRAM.u_core/reg_file/result[27]
    SLICE_X9Y25          LUT6 (Prop_lut6_I2_O)        0.053    30.563 r  GEN_BRAM.u_core/reg_file/debug_alu_out_OBUF[31]_inst_i_7/O
                         net (fo=1, routed)           0.194    30.757    GEN_BRAM.u_core/reg_file/debug_alu_out_OBUF[31]_inst_i_7_n_0
    SLICE_X9Y25          LUT6 (Prop_lut6_I5_O)        0.053    30.810 r  GEN_BRAM.u_core/reg_file/debug_alu_out_OBUF[31]_inst_i_1/O
                         net (fo=3, routed)           0.333    31.143    GEN_BRAM.u_core/wb_mux/debug_alu_out_OBUF[31]
    SLICE_X10Y25         LUT6 (Prop_lut6_I0_O)        0.053    31.196 r  GEN_BRAM.u_core/wb_mux/registers_reg_r1_0_31_30_31__0_i_3/O
                         net (fo=1, routed)           0.138    31.334    GEN_BRAM.u_core/divider/wb_exec[31]
    SLICE_X10Y25         LUT6 (Prop_lut6_I5_O)        0.053    31.387 r  GEN_BRAM.u_core/divider/registers_reg_r1_0_31_30_31__0_i_1/O
                         net (fo=4, routed)           0.447    31.834    GEN_BRAM.u_core/reg_file/registers_reg_r1_0_31_30_31__0/D
    SLICE_X12Y24         RAMD32                                       r  GEN_BRAM.u_core/reg_file/registers_reg_r1_0_31_30_31__0/DP/I
  -------------------------------------------------------------------    -------------------

                         (clock sys_clk rise edge)   30.000    30.000 r  
    AD23                                              0.000    30.000 r  clk (IN)
                         net (fo=0)                   0.000    30.000    clk
    AD23                 IBUF (Prop_ibuf_I_O)         0.796    30.796 r  clk_IBUF_inst/O
                         net (fo=1, routed)           1.741    32.537    clk_IBUF
    BUFGCTRL_X0Y0        BUFG (Prop_bufg_I_O)         0.113    32.650 r  clk_IBUF_BUFG_inst/O
                         net (fo=350, routed)         1.528    34.178    GEN_BRAM.u_core/reg_file/registers_reg_r1_0_31_30_31__0/WCLK
    SLICE_X12Y24         RAMD32                                       r  GEN_BRAM.u_core/reg_file/registers_reg_r1_0_31_30_31__0/DP/CLK
                         clock pessimism              0.263    34.442    
                         clock uncertainty           -0.035    34.406    
    SLICE_X12Y24         RAMD32 (Setup_ramd32_CLK_I)
                                                     -0.178    34.228    GEN_BRAM.u_core/reg_file/registers_reg_r1_0_31_30_31__0/DP
  -------------------------------------------------------------------
                         required time                         34.228    
                         arrival time                         -31.834    
  -------------------------------------------------------------------
                         slack                                  2.395    

Slack (MET) :             2.459ns  (required time - arrival time)
  Source:                 GEN_BRAM.u_core/ir_reg[2]/C
                            (rising edge-triggered cell FDCE clocked by sys_clk  {rise@0.000ns fall@15.000ns period=30.000ns})
  Destination:            GEN_BRAM.u_core/reg_file/registers_reg_r2_0_31_30_31__0/SP/I
                            (rising edge-triggered cell RAMD32 clocked by sys_clk  {rise@0.000ns fall@15.000ns period=30.000ns})
  Path Group:             sys_clk
  Path Type:              Setup (Max at Slow Process Corner)
  Requirement:            30.000ns  (sys_clk rise@30.000ns - sys_clk rise@0.000ns)
  Data Path Delay:        27.327ns  (logic 4.236ns (15.501%)  route 23.091ns (84.499%))
  Logic Levels:           56  (CARRY4=2 LUT2=1 LUT3=12 LUT4=1 LUT5=18 LUT6=22)
  Clock Path Skew:        -0.020ns (DCD - SCD + CPR)
    Destination Clock Delay (DCD):    4.178ns = ( 34.178 - 30.000 ) 
    Source Clock Delay      (SCD):    4.462ns
    Clock Pessimism Removal (CPR):    0.263ns
  Clock Uncertainty:      0.035ns  ((TSJ^2 + TIJ^2)^1/2 + DJ) / 2 + PE
    Total System Jitter     (TSJ):    0.071ns
    Total Input Jitter      (TIJ):    0.000ns
    Discrete Jitter          (DJ):    0.000ns
    Phase Error              (PE):    0.000ns

    Location             Delay type                Incr(ns)  Path(ns)    Netlist Resource(s)
  -------------------------------------------------------------------    -------------------
                         (clock sys_clk rise edge)    0.000     0.000 r  
    AD23                                              0.000     0.000 r  clk (IN)
                         net (fo=0)                   0.000     0.000    clk
    AD23                 IBUF (Prop_ibuf_I_O)         0.873     0.873 r  clk_IBUF_inst/O
                         net (fo=1, routed)           1.830     2.703    clk_IBUF
    BUFGCTRL_X0Y0        BUFG (Prop_bufg_I_O)         0.120     2.823 r  clk_IBUF_BUFG_inst/O
                         net (fo=350, routed)         1.639     4.462    GEN_BRAM.u_core/clk_IBUF_BUFG
    SLICE_X15Y23         FDCE                                         r  GEN_BRAM.u_core/ir_reg[2]/C
  -------------------------------------------------------------------    -------------------
    SLICE_X15Y23         FDCE (Prop_fdce_C_Q)         0.269     4.731 r  GEN_BRAM.u_core/ir_reg[2]/Q
                         net (fo=24, routed)          0.633     5.364    GEN_BRAM.u_core/reg_file/Q[1]
    SLICE_X14Y24         LUT5 (Prop_lut5_I0_O)        0.053     5.417 r  GEN_BRAM.u_core/reg_file/registers_reg_r1_0_31_0_5_i_25/O
                         net (fo=56, routed)          0.733     6.150    GEN_BRAM.u_core/imm_gen/u_mul_i_32
    SLICE_X12Y20         LUT6 (Prop_lut6_I4_O)        0.053     6.203 f  GEN_BRAM.u_core/imm_gen/u_mul_i_68/O
                         net (fo=1, routed)           0.331     6.534    GEN_BRAM.u_core/alu_mux_b/imm[0]
    SLICE_X12Y20         LUT4 (Prop_lut4_I0_O)        0.053     6.587 r  GEN_BRAM.u_core/alu_mux_b/u_mul_i_32/O
                         net (fo=136, routed)         0.614     7.201    GEN_BRAM.u_core/alu/u_mul/u_mul/GEN_ARRAY.u_mul/u_csa_row0/GEN_CSA_FA[1].u_fa/result[4]_INST_0_i_22_n_0
    SLICE_X13Y19         CARRY4 (Prop_carry4_CYINIT_O[1])
                                                      0.390     7.591 r  GEN_BRAM.u_core/alu/u_mul/u_mul/GEN_ARRAY.u_mul/u_csa_row0/GEN_CSA_FA[1].u_fa/result[4]_INST_0_i_6/O[1]
                         net (fo=32, routed)          0.752     8.343    GEN_BRAM.u_core/alu/u_mul/u_mul/GEN_ARRAY.u_mul/u_csa_row0/GEN_CSA_FA[1].u_fa/mag_b0[2]
    SLICE_X18Y21         LUT6 (Prop_lut6_I3_O)        0.152     8.495 r  GEN_BRAM.u_core/alu/u_mul/u_mul/GEN_ARRAY.u_mul/u_csa_row0/GEN_CSA_FA[1].u_fa/result[14]_INST_0_i_132/O
                         net (fo=2, routed)           0.579     9.074    GEN_BRAM.u_core/alu/u_mul/u_mul/GEN_ARRAY.u_mul/u_csa_row0/GEN_CSA_FA[1].u_fa/pp[2]_91[14]
    SLICE_X18Y21         LUT6 (Prop_lut6_I5_O)        0.053     9.127 r  GEN_BRAM.u_core/alu/u_mul/u_mul/GEN_ARRAY.u_mul/u_csa_row0/GEN_CSA_FA[1].u_fa/result[16]_INST_0_i_144/O
                         net (fo=3, routed)           0.575     9.702    GEN_BRAM.u_core/alu/u_mul/u_mul/GEN_ARRAY.u_mul/u_csa_row0/GEN_CSA_FA[1].u_fa/stage_carry[0]_58[15]
    SLICE_X18Y20         LUT5 (Prop_lut5_I0_O)        0.053     9.755 r  GEN_BRAM.u_core/alu/u_mul/u_mul/GEN_ARRAY.u_mul/u_csa_row0/GEN_CSA_FA[1].u_fa/result[16]_INST_0_i_125/O
                         net (fo=3, routed)           0.366    10.121    GEN_BRAM.u_core/alu/u_mul/u_mul/GEN_ARRAY.u_mul/u_csa_row0/GEN_CSA_FA[1].u_fa/stage_sum[2]_42[15]
    SLICE_X18Y19         LUT3 (Prop_lut3_I1_O)        0.053    10.174 r  GEN_BRAM.u_core/alu/u_mul/u_mul/GEN_ARRAY.u_mul/u_csa_row0/GEN_CSA_FA[1].u_fa/result[16]_INST_0_i_132/O
                         net (fo=2, routed)           0.635    10.809    GEN_BRAM.u_core/alu/u_mul/u_mul/GEN_ARRAY.u_mul/u_csa_row0/GEN_CSA_FA[1].u_fa/stage_carry[3]_44[16]
    SLICE_X19Y19         LUT5 (Prop_lut5_I3_O)        0.053    10.862 r  GEN_BRAM.u_core/alu/u_mul/u_mul/GEN_ARRAY.u_mul/u_csa_row0/GEN_CSA_FA[1].u_fa/result[18]_INST_0_i_109/O
                         net (fo=3, routed)           0.588    11.450    GEN_BRAM.u_core/alu/u_mul/u_mul/GEN_ARRAY.u_mul/u_csa_row0/GEN_CSA_FA[1].u_fa/stage_carry[4]_2[17]
    SLICE_X17Y14         LUT3 (Prop_lut3_I0_O)        0.053    11.503 r  GEN_BRAM.u_core/alu/u_mul/u_mul/GEN_ARRAY.u_mul/u_csa_row0/GEN_CSA_FA[1].u_fa/result[18]_INST_0_i_117/O
                         net (fo=2, routed)           0.626    12.129    GEN_BRAM.u_core/alu/u_mul/u_mul/GEN_ARRAY.u_mul/u_csa_row0/GEN_CSA_FA[1].u_fa/stage_carry[5]_45[18]
    SLICE_X14Y9          LUT5 (Prop_lut5_I3_O)        0.053    12.182 r  GEN_BRAM.u_core/alu/u_mul/u_mul/GEN_ARRAY.u_mul/u_csa_row0/GEN_CSA_FA[1].u_fa/result[20]_INST_0_i_124/O
                         net (fo=3, routed)           0.516    12.698    GEN_BRAM.u_core/alu/u_mul/u_mul/GEN_ARRAY.u_mul/u_csa_row0/GEN_CSA_FA[1].u_fa/stage_carry[6]_4[19]
    SLICE_X13Y8          LUT3 (Prop_lut3_I0_O)        0.053    12.751 r  GEN_BRAM.u_core/alu/u_mul/u_mul/GEN_ARRAY.u_mul/u_csa_row0/GEN_CSA_FA[1].u_fa/result[20]_INST_0_i_132/O
                         net (fo=2, routed)           0.421    13.172    GEN_BRAM.u_core/alu/u_mul/u_mul/GEN_ARRAY.u_mul/u_csa_row0/GEN_CSA_FA[1].u_fa/stage_carry[7]_46[20]
    SLICE_X13Y6          LUT5 (Prop_lut5_I3_O)        0.053    13.225 r  GEN_BRAM.u_core/alu/u_mul/u_mul/GEN_ARRAY.u_mul/u_csa_row0/GEN_CSA_FA[1].u_fa/result[22]_INST_0_i_104/O
                         net (fo=3, routed)           0.482    13.707    GEN_BRAM.u_core/alu/u_mul/u_mul/GEN_ARRAY.u_mul/u_csa_row0/GEN_CSA_FA[1].u_fa/stage_carry[8]_6[21]
    SLICE_X11Y5          LUT3 (Prop_lut3_I0_O)        0.053    13.760 r  GEN_BRAM.u_core/alu/u_mul/u_mul/GEN_ARRAY.u_mul/u_csa_row0/GEN_CSA_FA[1].u_fa/result[22]_INST_0_i_112/O
                         net (fo=2, routed)           0.311    14.072    GEN_BRAM.u_core/alu/u_mul/u_mul/GEN_ARRAY.u_mul/u_csa_row0/GEN_CSA_FA[1].u_fa/stage_carry[9]_47[22]
    SLICE_X11Y3          LUT5 (Prop_lut5_I3_O)        0.053    14.125 r  GEN_BRAM.u_core/alu/u_mul/u_mul/GEN_ARRAY.u_mul/u_csa_row0/GEN_CSA_FA[1].u_fa/result[24]_INST_0_i_109/O
                         net (fo=3, routed)           0.457    14.582    GEN_BRAM.u_core/alu/u_mul/u_mul/GEN_ARRAY.u_mul/u_csa_row0/GEN_CSA_FA[1].u_fa/stage_carry[10]_8[23]
    SLICE_X11Y2          LUT3 (Prop_lut3_I0_O)        0.053    14.635 r  GEN_BRAM.u_core/alu/u_mul/u_mul/GEN_ARRAY.u_mul/u_csa_row0/GEN_CSA_FA[1].u_fa/result[24]_INST_0_i_117/O
                         net (fo=2, routed)           0.374    15.009    GEN_BRAM.u_core/alu/u_mul/u_mul/GEN_ARRAY.u_mul/u_csa_row0/GEN_CSA_FA[1].u_fa/stage_carry[11]_48[24]
    SLICE_X10Y2          LUT5 (Prop_lut5_I3_O)        0.053    15.062 r  GEN_BRAM.u_core/alu/u_mul/u_mul/GEN_ARRAY.u_mul/u_csa_row0/GEN_CSA_FA[1].u_fa/result[24]_INST_0_i_105/O
                         net (fo=3, routed)           0.630    15.693    GEN_BRAM.u_core/alu/u_mul/u_mul/GEN_ARRAY.u_mul/u_csa_row0/GEN_CSA_FA[1].u_fa/stage_sum[12]_37[24]
    SLICE_X9Y3           LUT5 (Prop_lut5_I1_O)        0.053    15.746 r  GEN_BRAM.u_core/alu/u_mul/u_mul/GEN_ARRAY.u_mul/u_csa_row0/GEN_CSA_FA[1].u_fa/result[26]_INST_0_i_74/O
                         net (fo=3, routed)           0.592    16.337    GEN_BRAM.u_core/alu/u_mul/u_mul/GEN_ARRAY.u_mul/u_csa_row0/GEN_CSA_FA[1].u_fa/stage_carry[14]_12[25]
    SLICE_X4Y1           LUT3 (Prop_lut3_I0_O)        0.053    16.390 r  GEN_BRAM.u_core/alu/u_mul/u_mul/GEN_ARRAY.u_mul/u_csa_row0/GEN_CSA_FA[1].u_fa/result[26]_INST_0_i_82/O
                         net (fo=2, routed)           0.323    16.713    GEN_BRAM.u_core/alu/u_mul/u_mul/GEN_ARRAY.u_mul/u_csa_row0/GEN_CSA_FA[1].u_fa/stage_carry[15]_50[26]
    SLICE_X4Y0           LUT5 (Prop_lut5_I3_O)        0.053    16.766 r  GEN_BRAM.u_core/alu/u_mul/u_mul/GEN_ARRAY.u_mul/u_csa_row0/GEN_CSA_FA[1].u_fa/result[26]_INST_0_i_70/O
                         net (fo=3, routed)           0.392    17.158    GEN_BRAM.u_core/alu/u_mul/u_mul/GEN_ARRAY.u_mul/u_csa_row0/GEN_CSA_FA[1].u_fa/stage_sum[16]_35[26]
    SLICE_X2Y3           LUT3 (Prop_lut3_I1_O)        0.053    17.211 r  GEN_BRAM.u_core/alu/u_mul/u_mul/GEN_ARRAY.u_mul/u_csa_row0/GEN_CSA_FA[1].u_fa/result[28]_INST_0_i_82/O
                         net (fo=2, routed)           0.467    17.679    GEN_BRAM.u_core/alu/u_mul/u_mul/GEN_ARRAY.u_mul/u_csa_row0/GEN_CSA_FA[1].u_fa/stage_carry[17]_51[27]
    SLICE_X2Y3           LUT5 (Prop_lut5_I3_O)        0.053    17.732 r  GEN_BRAM.u_core/alu/u_mul/u_mul/GEN_ARRAY.u_mul/u_csa_row0/GEN_CSA_FA[1].u_fa/result[28]_INST_0_i_70/O
                         net (fo=3, routed)           0.157    17.889    GEN_BRAM.u_core/alu/u_mul/u_mul/GEN_ARRAY.u_mul/u_csa_row0/GEN_CSA_FA[1].u_fa/stage_sum[18]_34[27]
    SLICE_X2Y3           LUT3 (Prop_lut3_I1_O)        0.053    17.942 r  GEN_BRAM.u_core/alu/u_mul/u_mul/GEN_ARRAY.u_mul/u_csa_row0/GEN_CSA_FA[1].u_fa/result[28]_INST_0_i_77/O
                         net (fo=2, routed)           0.433    18.375    GEN_BRAM.u_core/alu/u_mul/u_mul/GEN_ARRAY.u_mul/u_csa_row0/GEN_CSA_FA[1].u_fa/stage_carry[19]_52[28]
    SLICE_X2Y1           LUT5 (Prop_lut5_I3_O)        0.053    18.428 r  GEN_BRAM.u_core/alu/u_mul/u_mul/GEN_ARRAY.u_mul/u_csa_row0/GEN_CSA_FA[1].u_fa/result[28]_INST_0_i_65/O
                         net (fo=3, routed)           0.603    19.030    GEN_BRAM.u_core/alu/u_mul/u_mul/GEN_ARRAY.u_mul/u_csa_row0/GEN_CSA_FA[1].u_fa/stage_sum[20]_33[28]
    SLICE_X0Y6           LUT3 (Prop_lut3_I1_O)        0.053    19.083 r  GEN_BRAM.u_core/alu/u_mul/u_mul/GEN_ARRAY.u_mul/u_csa_row0/GEN_CSA_FA[1].u_fa/result[30]_INST_0_i_41/O
                         net (fo=2, routed)           0.352    19.436    GEN_BRAM.u_core/alu/u_mul/u_mul/GEN_ARRAY.u_mul/u_csa_row0/GEN_CSA_FA[1].u_fa/stage_carry[21]_53[29]
    SLICE_X1Y3           LUT5 (Prop_lut5_I3_O)        0.053    19.489 r  GEN_BRAM.u_core/alu/u_mul/u_mul/GEN_ARRAY.u_mul/u_csa_row0/GEN_CSA_FA[1].u_fa/result[30]_INST_0_i_29/O
                         net (fo=3, routed)           0.436    19.925    GEN_BRAM.u_core/alu/u_mul/u_mul/GEN_ARRAY.u_mul/u_csa_row0/GEN_CSA_FA[1].u_fa/stage_sum[22]_32[29]
    SLICE_X0Y6           LUT3 (Prop_lut3_I1_O)        0.053    19.978 r  GEN_BRAM.u_core/alu/u_mul/u_mul/GEN_ARRAY.u_mul/u_csa_row0/GEN_CSA_FA[1].u_fa/result[30]_INST_0_i_36/O
                         net (fo=2, routed)           0.433    20.411    GEN_BRAM.u_core/alu/u_mul/u_mul/GEN_ARRAY.u_mul/u_csa_row0/GEN_CSA_FA[1].u_fa/stage_carry[23]_54[30]
    SLICE_X3Y5           LUT5 (Prop_lut5_I3_O)        0.053    20.464 r  GEN_BRAM.u_core/alu/u_mul/u_mul/GEN_ARRAY.u_mul/u_csa_row0/GEN_CSA_FA[1].u_fa/result[30]_INST_0_i_23/O
                         net (fo=3, routed)           0.482    20.946    GEN_BRAM.u_core/alu/u_mul/u_mul/GEN_ARRAY.u_mul/u_csa_row0/GEN_CSA_FA[1].u_fa/stage_sum[24]_31[30]
    SLICE_X4Y8           LUT3 (Prop_lut3_I1_O)        0.053    20.999 r  GEN_BRAM.u_core/alu/u_mul/u_mul/GEN_ARRAY.u_mul/u_csa_row0/GEN_CSA_FA[1].u_fa/result[31]_INST_0_i_41/O
                         net (fo=2, routed)           0.371    21.370    GEN_BRAM.u_core/alu/u_mul/u_mul/GEN_ARRAY.u_mul/u_csa_row0/GEN_CSA_FA[1].u_fa/stage_carry[25]_55[31]
    SLICE_X4Y6           LUT5 (Prop_lut5_I3_O)        0.053    21.423 r  GEN_BRAM.u_core/alu/u_mul/u_mul/GEN_ARRAY.u_mul/u_csa_row0/GEN_CSA_FA[1].u_fa/result[31]_INST_0_i_31/O
                         net (fo=3, routed)           0.453    21.876    GEN_BRAM.u_core/alu/u_mul/u_mul/GEN_ARRAY.u_mul/u_csa_row0/GEN_CSA_FA[1].u_fa/stage_sum[26]_30[31]
    SLICE_X7Y9           LUT3 (Prop_lut3_I1_O)        0.053    21.929 r  GEN_BRAM.u_core/alu/u_mul/u_mul/GEN_ARRAY.u_mul/u_csa_row0/GEN_CSA_FA[1].u_fa/result[2]_INST_0_i_22/O
                         net (fo=3, routed)           0.617    22.545    GEN_BRAM.u_core/alu/u_mul/u_mul/GEN_ARRAY.u_mul/u_csa_row0/GEN_CSA_FA[1].u_fa/stage_carry[27]_56[32]
    SLICE_X9Y9           LUT5 (Prop_lut5_I0_O)        0.053    22.598 r  GEN_BRAM.u_core/alu/u_mul/u_mul/GEN_ARRAY.u_mul/u_csa_row0/GEN_CSA_FA[1].u_fa/result[1]_INST_0_i_4/O
                         net (fo=4, routed)           0.721    23.319    GEN_BRAM.u_core/alu/u_mul/u_mul/GEN_ARRAY.u_mul/u_csa_row0/GEN_CSA_FA[1].u_fa/stage_sum[29]_57[32]
    SLICE_X8Y15          LUT5 (Prop_lut5_I4_O)        0.065    23.384 f  GEN_BRAM.u_core/alu/u_mul/u_mul/GEN_ARRAY.u_mul/u_csa_row0/GEN_CSA_FA[1].u_fa/result[1]_INST_0_i_6/O
                         net (fo=2, routed)           0.306    23.690    GEN_BRAM.u_core/alu/u_mul/u_mul/GEN_ARRAY.u_mul/u_csa_row0/GEN_CSA_FA[1].u_fa/u_final_cpa/GEN_FINAL_FA[32].u_fa/c2
    SLICE_X8Y16          LUT5 (Prop_lut5_I2_O)        0.171    23.861 f  GEN_BRAM.u_core/alu/u_mul/u_mul/GEN_ARRAY.u_mul/u_csa_row0/GEN_CSA_FA[1].u_fa/result[2]_INST_0_i_9/O
                         net (fo=2, routed)           0.586    24.447    GEN_BRAM.u_core/alu/u_mul/u_mul/GEN_ARRAY.u_mul/u_csa_row0/GEN_CSA_FA[1].u_fa/u_final_cpa/GEN_FINAL_FA[33].u_fa/c2
    SLICE_X8Y16          LUT5 (Prop_lut5_I2_O)        0.183    24.630 f  GEN_BRAM.u_core/alu/u_mul/u_mul/GEN_ARRAY.u_mul/u_csa_row0/GEN_CSA_FA[1].u_fa/result[4]_INST_0_i_14/O
                         net (fo=3, routed)           0.391    25.021    GEN_BRAM.u_core/alu/u_mul/u_mul/GEN_ARRAY.u_mul/u_csa_row0/GEN_CSA_FA[1].u_fa/u_final_cpa/c_35
    SLICE_X7Y16          LUT6 (Prop_lut6_I4_O)        0.172    25.193 f  GEN_BRAM.u_core/alu/u_mul/u_mul/GEN_ARRAY.u_mul/u_csa_row0/GEN_CSA_FA[1].u_fa/result[6]_INST_0_i_12/O
                         net (fo=3, routed)           0.205    25.397    GEN_BRAM.u_core/alu/u_mul/u_mul/GEN_ARRAY.u_mul/u_csa_row0/GEN_CSA_FA[1].u_fa/u_final_cpa/c_37
    SLICE_X7Y16          LUT6 (Prop_lut6_I4_O)        0.053    25.450 f  GEN_BRAM.u_core/alu/u_mul/u_mul/GEN_ARRAY.u_mul/u_csa_row0/GEN_CSA_FA[1].u_fa/result[8]_INST_0_i_13/O
                         net (fo=3, routed)           0.405    25.856    GEN_BRAM.u_core/alu/u_mul/u_mul/GEN_ARRAY.u_mul/u_csa_row0/GEN_CSA_FA[1].u_fa/u_final_cpa/c_39
    SLICE_X9Y17          LUT6 (Prop_lut6_I4_O)        0.053    25.909 f  GEN_BRAM.u_core/alu/u_mul/u_mul/GEN_ARRAY.u_mul/u_csa_row0/GEN_CSA_FA[1].u_fa/result[10]_INST_0_i_12/O
                         net (fo=3, routed)           0.311    26.220    GEN_BRAM.u_core/alu/u_mul/u_mul/GEN_ARRAY.u_mul/u_csa_row0/GEN_CSA_FA[1].u_fa/u_final_cpa/c_41
    SLICE_X9Y18          LUT6 (Prop_lut6_I4_O)        0.053    26.273 f  GEN_BRAM.u_core/alu/u_mul/u_mul/GEN_ARRAY.u_mul/u_csa_row0/GEN_CSA_FA[1].u_fa/result[12]_INST_0_i_13/O
                         net (fo=3, routed)           0.138    26.411    GEN_BRAM.u_core/alu/u_mul/u_mul/GEN_ARRAY.u_mul/u_csa_row0/GEN_CSA_FA[1].u_fa/u_final_cpa/c_43
    SLICE_X9Y18          LUT6 (Prop_lut6_I4_O)        0.053    26.464 f  GEN_BRAM.u_core/alu/u_mul/u_mul/GEN_ARRAY.u_mul/u_csa_row0/GEN_CSA_FA[1].u_fa/result[14]_INST_0_i_12/O
                         net (fo=3, routed)           0.278    26.742    GEN_BRAM.u_core/alu/u_mul/u_mul/GEN_ARRAY.u_mul/u_csa_row0/GEN_CSA_FA[1].u_fa/u_final_cpa/c_45
    SLICE_X10Y19         LUT6 (Prop_lut6_I4_O)        0.053    26.795 f  GEN_BRAM.u_core/alu/u_mul/u_mul/GEN_ARRAY.u_mul/u_csa_row0/GEN_CSA_FA[1].u_fa/result[16]_INST_0_i_13/O
                         net (fo=3, routed)           0.318    27.113    GEN_BRAM.u_core/alu/u_mul/u_mul/GEN_ARRAY.u_mul/u_csa_row0/GEN_CSA_FA[1].u_fa/u_final_cpa/c_47
    SLICE_X10Y20         LUT6 (Prop_lut6_I4_O)        0.053    27.166 f  GEN_BRAM.u_core/alu/u_mul/u_mul/GEN_ARRAY.u_mul/u_csa_row0/GEN_CSA_FA[1].u_fa/result[18]_INST_0_i_12/O
                         net (fo=3, routed)           0.222    27.388    GEN_BRAM.u_core/alu/u_mul/u_mul/GEN_ARRAY.u_mul/u_csa_row0/GEN_CSA_FA[1].u_fa/u_final_cpa/c_49
    SLICE_X10Y20         LUT6 (Prop_lut6_I4_O)        0.053    27.441 f  GEN_BRAM.u_core/alu/u_mul/u_mul/GEN_ARRAY.u_mul/u_csa_row0/GEN_CSA_FA[1].u_fa/result[20]_INST_0_i_13/O
                         net (fo=3, routed)           0.323    27.764    GEN_BRAM.u_core/alu/u_mul/u_mul/GEN_ARRAY.u_mul/u_csa_row0/GEN_CSA_FA[1].u_fa/u_final_cpa/c_51
    SLICE_X10Y21         LUT6 (Prop_lut6_I4_O)        0.053    27.817 f  GEN_BRAM.u_core/alu/u_mul/u_mul/GEN_ARRAY.u_mul/u_csa_row0/GEN_CSA_FA[1].u_fa/result[22]_INST_0_i_12/O
                         net (fo=3, routed)           0.146    27.963    GEN_BRAM.u_core/alu/u_mul/u_mul/GEN_ARRAY.u_mul/u_csa_row0/GEN_CSA_FA[1].u_fa/u_final_cpa/c_53
    SLICE_X10Y21         LUT6 (Prop_lut6_I4_O)        0.053    28.016 f  GEN_BRAM.u_core/alu/u_mul/u_mul/GEN_ARRAY.u_mul/u_csa_row0/GEN_CSA_FA[1].u_fa/result[24]_INST_0_i_13/O
                         net (fo=3, routed)           0.255    28.271    GEN_BRAM.u_core/alu/u_mul/u_mul/GEN_ARRAY.u_mul/u_csa_row0/GEN_CSA_FA[1].u_fa/u_final_cpa/c_55
    SLICE_X10Y22         LUT6 (Prop_lut6_I4_O)        0.053    28.324 f  GEN_BRAM.u_core/alu/u_mul/u_mul/GEN_ARRAY.u_mul/u_csa_row0/GEN_CSA_FA[1].u_fa/result[26]_INST_0_i_12/O
                         net (fo=3, routed)           0.222    28.545    GEN_BRAM.u_core/alu/u_mul/u_mul/GEN_ARRAY.u_mul/u_csa_row0/GEN_CSA_FA[1].u_fa/u_final_cpa/c_57
    SLICE_X10Y22         LUT6 (Prop_lut6_I4_O)        0.053    28.598 f  GEN_BRAM.u_core/alu/u_mul/u_mul/GEN_ARRAY.u_mul/u_csa_row0/GEN_CSA_FA[1].u_fa/result[28]_INST_0_i_13/O
                         net (fo=3, routed)           0.254    28.853    GEN_BRAM.u_core/alu/u_mul/u_mul/GEN_ARRAY.u_mul/u_csa_row0/GEN_CSA_FA[1].u_fa/u_final_cpa/c_59
    SLICE_X9Y22          LUT6 (Prop_lut6_I4_O)        0.053    28.906 f  GEN_BRAM.u_core/alu/u_mul/u_mul/GEN_ARRAY.u_mul/u_csa_row0/GEN_CSA_FA[1].u_fa/result[31]_INST_0_i_13/O
                         net (fo=3, routed)           0.387    29.293    GEN_BRAM.u_core/alu/u_mul/u_mul/GEN_ARRAY.u_mul/u_csa_row0/GEN_CSA_FA[1].u_fa/u_final_cpa/c_61
    SLICE_X9Y23          LUT6 (Prop_lut6_I4_O)        0.053    29.346 f  GEN_BRAM.u_core/alu/u_mul/u_mul/GEN_ARRAY.u_mul/u_csa_row0/GEN_CSA_FA[1].u_fa/result[31]_INST_0_i_4/O
                         net (fo=2, routed)           0.322    29.668    GEN_BRAM.u_core/alu/u_mul/u_mul/GEN_ARRAY.u_mul/u_csa_row0/GEN_CSA_FA[1].u_fa/u_final_cpa/GEN_FINAL_FA[62].u_fa/c2
    SLICE_X8Y23          LUT2 (Prop_lut2_I0_O)        0.053    29.721 r  GEN_BRAM.u_core/alu/u_mul/u_mul/GEN_ARRAY.u_mul/u_csa_row0/GEN_CSA_FA[1].u_fa/result[31]_INST_0_i_14/O
                         net (fo=1, routed)           0.000    29.721    GEN_BRAM.u_core/alu/u_mul/u_mul/GEN_ARRAY.u_mul/u_csa_row0/GEN_CSA_FA[1].u_fa/p_0_in[63]
    SLICE_X8Y23          CARRY4 (Prop_carry4_S[2]_O[2])
                                                      0.138    29.859 r  GEN_BRAM.u_core/alu/u_mul/u_mul/GEN_ARRAY.u_mul/u_csa_row0/GEN_CSA_FA[1].u_fa/result[31]_INST_0_i_6/O[2]
                         net (fo=1, routed)           0.368    30.227    GEN_BRAM.u_core/alu/u_mul/u_mul/GEN_ARRAY.u_mul/u_csa_row0/GEN_CSA_FA[1].u_fa/signed_product0[63]
    SLICE_X9Y25          LUT6 (Prop_lut6_I5_O)        0.152    30.379 r  GEN_BRAM.u_core/alu/u_mul/u_mul/GEN_ARRAY.u_mul/u_csa_row0/GEN_CSA_FA[1].u_fa/result[31]_INST_0/O
                         net (fo=1, routed)           0.131    30.510    GEN_BRAM.u_core/reg_file/result[27]
    SLICE_X9Y25          LUT6 (Prop_lut6_I2_O)        0.053    30.563 r  GEN_BRAM.u_core/reg_file/debug_alu_out_OBUF[31]_inst_i_7/O
                         net (fo=1, routed)           0.194    30.757    GEN_BRAM.u_core/reg_file/debug_alu_out_OBUF[31]_inst_i_7_n_0
    SLICE_X9Y25          LUT6 (Prop_lut6_I5_O)        0.053    30.810 r  GEN_BRAM.u_core/reg_file/debug_alu_out_OBUF[31]_inst_i_1/O
                         net (fo=3, routed)           0.333    31.143    GEN_BRAM.u_core/wb_mux/debug_alu_out_OBUF[31]
    SLICE_X10Y25         LUT6 (Prop_lut6_I0_O)        0.053    31.196 r  GEN_BRAM.u_core/wb_mux/registers_reg_r1_0_31_30_31__0_i_3/O
                         net (fo=1, routed)           0.138    31.334    GEN_BRAM.u_core/divider/wb_exec[31]
    SLICE_X10Y25         LUT6 (Prop_lut6_I5_O)        0.053    31.387 r  GEN_BRAM.u_core/divider/registers_reg_r1_0_31_30_31__0_i_1/O
                         net (fo=4, routed)           0.402    31.788    GEN_BRAM.u_core/reg_file/registers_reg_r2_0_31_30_31__0/D
    SLICE_X12Y24         RAMD32                                       r  GEN_BRAM.u_core/reg_file/registers_reg_r2_0_31_30_31__0/SP/I
  -------------------------------------------------------------------    -------------------

                         (clock sys_clk rise edge)   30.000    30.000 r  
    AD23                                              0.000    30.000 r  clk (IN)
                         net (fo=0)                   0.000    30.000    clk
    AD23                 IBUF (Prop_ibuf_I_O)         0.796    30.796 r  clk_IBUF_inst/O
                         net (fo=1, routed)           1.741    32.537    clk_IBUF
    BUFGCTRL_X0Y0        BUFG (Prop_bufg_I_O)         0.113    32.650 r  clk_IBUF_BUFG_inst/O
                         net (fo=350, routed)         1.528    34.178    GEN_BRAM.u_core/reg_file/registers_reg_r2_0_31_30_31__0/WCLK
    SLICE_X12Y24         RAMD32                                       r  GEN_BRAM.u_core/reg_file/registers_reg_r2_0_31_30_31__0/SP/CLK
                         clock pessimism              0.263    34.442    
                         clock uncertainty           -0.035    34.406    
    SLICE_X12Y24         RAMD32 (Setup_ramd32_CLK_I)
                                                     -0.159    34.247    GEN_BRAM.u_core/reg_file/registers_reg_r2_0_31_30_31__0/SP
  -------------------------------------------------------------------
                         required time                         34.247    
                         arrival time                         -31.788    
  -------------------------------------------------------------------
                         slack                                  2.459    

Slack (MET) :             2.466ns  (required time - arrival time)
  Source:                 GEN_BRAM.u_core/ir_reg[2]/C
                            (rising edge-triggered cell FDCE clocked by sys_clk  {rise@0.000ns fall@15.000ns period=30.000ns})
  Destination:            GEN_BRAM.u_core/reg_file/registers_reg_r2_0_31_30_31__0/DP/I
                            (rising edge-triggered cell RAMD32 clocked by sys_clk  {rise@0.000ns fall@15.000ns period=30.000ns})
  Path Group:             sys_clk
  Path Type:              Setup (Max at Slow Process Corner)
  Requirement:            30.000ns  (sys_clk rise@30.000ns - sys_clk rise@0.000ns)
  Data Path Delay:        27.312ns  (logic 4.236ns (15.509%)  route 23.076ns (84.491%))
  Logic Levels:           56  (CARRY4=2 LUT2=1 LUT3=12 LUT4=1 LUT5=18 LUT6=22)
  Clock Path Skew:        -0.020ns (DCD - SCD + CPR)
    Destination Clock Delay (DCD):    4.178ns = ( 34.178 - 30.000 ) 
    Source Clock Delay      (SCD):    4.462ns
    Clock Pessimism Removal (CPR):    0.263ns
  Clock Uncertainty:      0.035ns  ((TSJ^2 + TIJ^2)^1/2 + DJ) / 2 + PE
    Total System Jitter     (TSJ):    0.071ns
    Total Input Jitter      (TIJ):    0.000ns
    Discrete Jitter          (DJ):    0.000ns
    Phase Error              (PE):    0.000ns

    Location             Delay type                Incr(ns)  Path(ns)    Netlist Resource(s)
  -------------------------------------------------------------------    -------------------
                         (clock sys_clk rise edge)    0.000     0.000 r  
    AD23                                              0.000     0.000 r  clk (IN)
                         net (fo=0)                   0.000     0.000    clk
    AD23                 IBUF (Prop_ibuf_I_O)         0.873     0.873 r  clk_IBUF_inst/O
                         net (fo=1, routed)           1.830     2.703    clk_IBUF
    BUFGCTRL_X0Y0        BUFG (Prop_bufg_I_O)         0.120     2.823 r  clk_IBUF_BUFG_inst/O
                         net (fo=350, routed)         1.639     4.462    GEN_BRAM.u_core/clk_IBUF_BUFG
    SLICE_X15Y23         FDCE                                         r  GEN_BRAM.u_core/ir_reg[2]/C
  -------------------------------------------------------------------    -------------------
    SLICE_X15Y23         FDCE (Prop_fdce_C_Q)         0.269     4.731 r  GEN_BRAM.u_core/ir_reg[2]/Q
                         net (fo=24, routed)          0.633     5.364    GEN_BRAM.u_core/reg_file/Q[1]
    SLICE_X14Y24         LUT5 (Prop_lut5_I0_O)        0.053     5.417 r  GEN_BRAM.u_core/reg_file/registers_reg_r1_0_31_0_5_i_25/O
                         net (fo=56, routed)          0.733     6.150    GEN_BRAM.u_core/imm_gen/u_mul_i_32
    SLICE_X12Y20         LUT6 (Prop_lut6_I4_O)        0.053     6.203 f  GEN_BRAM.u_core/imm_gen/u_mul_i_68/O
                         net (fo=1, routed)           0.331     6.534    GEN_BRAM.u_core/alu_mux_b/imm[0]
    SLICE_X12Y20         LUT4 (Prop_lut4_I0_O)        0.053     6.587 r  GEN_BRAM.u_core/alu_mux_b/u_mul_i_32/O
                         net (fo=136, routed)         0.614     7.201    GEN_BRAM.u_core/alu/u_mul/u_mul/GEN_ARRAY.u_mul/u_csa_row0/GEN_CSA_FA[1].u_fa/result[4]_INST_0_i_22_n_0
    SLICE_X13Y19         CARRY4 (Prop_carry4_CYINIT_O[1])
                                                      0.390     7.591 r  GEN_BRAM.u_core/alu/u_mul/u_mul/GEN_ARRAY.u_mul/u_csa_row0/GEN_CSA_FA[1].u_fa/result[4]_INST_0_i_6/O[1]
                         net (fo=32, routed)          0.752     8.343    GEN_BRAM.u_core/alu/u_mul/u_mul/GEN_ARRAY.u_mul/u_csa_row0/GEN_CSA_FA[1].u_fa/mag_b0[2]
    SLICE_X18Y21         LUT6 (Prop_lut6_I3_O)        0.152     8.495 r  GEN_BRAM.u_core/alu/u_mul/u_mul/GEN_ARRAY.u_mul/u_csa_row0/GEN_CSA_FA[1].u_fa/result[14]_INST_0_i_132/O
                         net (fo=2, routed)           0.579     9.074    GEN_BRAM.u_core/alu/u_mul/u_mul/GEN_ARRAY.u_mul/u_csa_row0/GEN_CSA_FA[1].u_fa/pp[2]_91[14]
    SLICE_X18Y21         LUT6 (Prop_lut6_I5_O)        0.053     9.127 r  GEN_BRAM.u_core/alu/u_mul/u_mul/GEN_ARRAY.u_mul/u_csa_row0/GEN_CSA_FA[1].u_fa/result[16]_INST_0_i_144/O
                         net (fo=3, routed)           0.575     9.702    GEN_BRAM.u_core/alu/u_mul/u_mul/GEN_ARRAY.u_mul/u_csa_row0/GEN_CSA_FA[1].u_fa/stage_carry[0]_58[15]
    SLICE_X18Y20         LUT5 (Prop_lut5_I0_O)        0.053     9.755 r  GEN_BRAM.u_core/alu/u_mul/u_mul/GEN_ARRAY.u_mul/u_csa_row0/GEN_CSA_FA[1].u_fa/result[16]_INST_0_i_125/O
                         net (fo=3, routed)           0.366    10.121    GEN_BRAM.u_core/alu/u_mul/u_mul/GEN_ARRAY.u_mul/u_csa_row0/GEN_CSA_FA[1].u_fa/stage_sum[2]_42[15]
    SLICE_X18Y19         LUT3 (Prop_lut3_I1_O)        0.053    10.174 r  GEN_BRAM.u_core/alu/u_mul/u_mul/GEN_ARRAY.u_mul/u_csa_row0/GEN_CSA_FA[1].u_fa/result[16]_INST_0_i_132/O
                         net (fo=2, routed)           0.635    10.809    GEN_BRAM.u_core/alu/u_mul/u_mul/GEN_ARRAY.u_mul/u_csa_row0/GEN_CSA_FA[1].u_fa/stage_carry[3]_44[16]
    SLICE_X19Y19         LUT5 (Prop_lut5_I3_O)        0.053    10.862 r  GEN_BRAM.u_core/alu/u_mul/u_mul/GEN_ARRAY.u_mul/u_csa_row0/GEN_CSA_FA[1].u_fa/result[18]_INST_0_i_109/O
                         net (fo=3, routed)           0.588    11.450    GEN_BRAM.u_core/alu/u_mul/u_mul/GEN_ARRAY.u_mul/u_csa_row0/GEN_CSA_FA[1].u_fa/stage_carry[4]_2[17]
    SLICE_X17Y14         LUT3 (Prop_lut3_I0_O)        0.053    11.503 r  GEN_BRAM.u_core/alu/u_mul/u_mul/GEN_ARRAY.u_mul/u_csa_row0/GEN_CSA_FA[1].u_fa/result[18]_INST_0_i_117/O
                         net (fo=2, routed)           0.626    12.129    GEN_BRAM.u_core/alu/u_mul/u_mul/GEN_ARRAY.u_mul/u_csa_row0/GEN_CSA_FA[1].u_fa/stage_carry[5]_45[18]
    SLICE_X14Y9          LUT5 (Prop_lut5_I3_O)        0.053    12.182 r  GEN_BRAM.u_core/alu/u_mul/u_mul/GEN_ARRAY.u_mul/u_csa_row0/GEN_CSA_FA[1].u_fa/result[20]_INST_0_i_124/O
                         net (fo=3, routed)           0.516    12.698    GEN_BRAM.u_core/alu/u_mul/u_mul/GEN_ARRAY.u_mul/u_csa_row0/GEN_CSA_FA[1].u_fa/stage_carry[6]_4[19]
    SLICE_X13Y8          LUT3 (Prop_lut3_I0_O)        0.053    12.751 r  GEN_BRAM.u_core/alu/u_mul/u_mul/GEN_ARRAY.u_mul/u_csa_row0/GEN_CSA_FA[1].u_fa/result[20]_INST_0_i_132/O
                         net (fo=2, routed)           0.421    13.172    GEN_BRAM.u_core/alu/u_mul/u_mul/GEN_ARRAY.u_mul/u_csa_row0/GEN_CSA_FA[1].u_fa/stage_carry[7]_46[20]
    SLICE_X13Y6          LUT5 (Prop_lut5_I3_O)        0.053    13.225 r  GEN_BRAM.u_core/alu/u_mul/u_mul/GEN_ARRAY.u_mul/u_csa_row0/GEN_CSA_FA[1].u_fa/result[22]_INST_0_i_104/O
                         net (fo=3, routed)           0.482    13.707    GEN_BRAM.u_core/alu/u_mul/u_mul/GEN_ARRAY.u_mul/u_csa_row0/GEN_CSA_FA[1].u_fa/stage_carry[8]_6[21]
    SLICE_X11Y5          LUT3 (Prop_lut3_I0_O)        0.053    13.760 r  GEN_BRAM.u_core/alu/u_mul/u_mul/GEN_ARRAY.u_mul/u_csa_row0/GEN_CSA_FA[1].u_fa/result[22]_INST_0_i_112/O
                         net (fo=2, routed)           0.311    14.072    GEN_BRAM.u_core/alu/u_mul/u_mul/GEN_ARRAY.u_mul/u_csa_row0/GEN_CSA_FA[1].u_fa/stage_carry[9]_47[22]
    SLICE_X11Y3          LUT5 (Prop_lut5_I3_O)        0.053    14.125 r  GEN_BRAM.u_core/alu/u_mul/u_mul/GEN_ARRAY.u_mul/u_csa_row0/GEN_CSA_FA[1].u_fa/result[24]_INST_0_i_109/O
                         net (fo=3, routed)           0.457    14.582    GEN_BRAM.u_core/alu/u_mul/u_mul/GEN_ARRAY.u_mul/u_csa_row0/GEN_CSA_FA[1].u_fa/stage_carry[10]_8[23]
    SLICE_X11Y2          LUT3 (Prop_lut3_I0_O)        0.053    14.635 r  GEN_BRAM.u_core/alu/u_mul/u_mul/GEN_ARRAY.u_mul/u_csa_row0/GEN_CSA_FA[1].u_fa/result[24]_INST_0_i_117/O
                         net (fo=2, routed)           0.374    15.009    GEN_BRAM.u_core/alu/u_mul/u_mul/GEN_ARRAY.u_mul/u_csa_row0/GEN_CSA_FA[1].u_fa/stage_carry[11]_48[24]
    SLICE_X10Y2          LUT5 (Prop_lut5_I3_O)        0.053    15.062 r  GEN_BRAM.u_core/alu/u_mul/u_mul/GEN_ARRAY.u_mul/u_csa_row0/GEN_CSA_FA[1].u_fa/result[24]_INST_0_i_105/O
                         net (fo=3, routed)           0.630    15.693    GEN_BRAM.u_core/alu/u_mul/u_mul/GEN_ARRAY.u_mul/u_csa_row0/GEN_CSA_FA[1].u_fa/stage_sum[12]_37[24]
    SLICE_X9Y3           LUT5 (Prop_lut5_I1_O)        0.053    15.746 r  GEN_BRAM.u_core/alu/u_mul/u_mul/GEN_ARRAY.u_mul/u_csa_row0/GEN_CSA_FA[1].u_fa/result[26]_INST_0_i_74/O
                         net (fo=3, routed)           0.592    16.337    GEN_BRAM.u_core/alu/u_mul/u_mul/GEN_ARRAY.u_mul/u_csa_row0/GEN_CSA_FA[1].u_fa/stage_carry[14]_12[25]
    SLICE_X4Y1           LUT3 (Prop_lut3_I0_O)        0.053    16.390 r  GEN_BRAM.u_core/alu/u_mul/u_mul/GEN_ARRAY.u_mul/u_csa_row0/GEN_CSA_FA[1].u_fa/result[26]_INST_0_i_82/O
                         net (fo=2, routed)           0.323    16.713    GEN_BRAM.u_core/alu/u_mul/u_mul/GEN_ARRAY.u_mul/u_csa_row0/GEN_CSA_FA[1].u_fa/stage_carry[15]_50[26]
    SLICE_X4Y0           LUT5 (Prop_lut5_I3_O)        0.053    16.766 r  GEN_BRAM.u_core/alu/u_mul/u_mul/GEN_ARRAY.u_mul/u_csa_row0/GEN_CSA_FA[1].u_fa/result[26]_INST_0_i_70/O
                         net (fo=3, routed)           0.392    17.158    GEN_BRAM.u_core/alu/u_mul/u_mul/GEN_ARRAY.u_mul/u_csa_row0/GEN_CSA_FA[1].u_fa/stage_sum[16]_35[26]
    SLICE_X2Y3           LUT3 (Prop_lut3_I1_O)        0.053    17.211 r  GEN_BRAM.u_core/alu/u_mul/u_mul/GEN_ARRAY.u_mul/u_csa_row0/GEN_CSA_FA[1].u_fa/result[28]_INST_0_i_82/O
                         net (fo=2, routed)           0.467    17.679    GEN_BRAM.u_core/alu/u_mul/u_mul/GEN_ARRAY.u_mul/u_csa_row0/GEN_CSA_FA[1].u_fa/stage_carry[17]_51[27]
    SLICE_X2Y3           LUT5 (Prop_lut5_I3_O)        0.053    17.732 r  GEN_BRAM.u_core/alu/u_mul/u_mul/GEN_ARRAY.u_mul/u_csa_row0/GEN_CSA_FA[1].u_fa/result[28]_INST_0_i_70/O
                         net (fo=3, routed)           0.157    17.889    GEN_BRAM.u_core/alu/u_mul/u_mul/GEN_ARRAY.u_mul/u_csa_row0/GEN_CSA_FA[1].u_fa/stage_sum[18]_34[27]
    SLICE_X2Y3           LUT3 (Prop_lut3_I1_O)        0.053    17.942 r  GEN_BRAM.u_core/alu/u_mul/u_mul/GEN_ARRAY.u_mul/u_csa_row0/GEN_CSA_FA[1].u_fa/result[28]_INST_0_i_77/O
                         net (fo=2, routed)           0.433    18.375    GEN_BRAM.u_core/alu/u_mul/u_mul/GEN_ARRAY.u_mul/u_csa_row0/GEN_CSA_FA[1].u_fa/stage_carry[19]_52[28]
    SLICE_X2Y1           LUT5 (Prop_lut5_I3_O)        0.053    18.428 r  GEN_BRAM.u_core/alu/u_mul/u_mul/GEN_ARRAY.u_mul/u_csa_row0/GEN_CSA_FA[1].u_fa/result[28]_INST_0_i_65/O
                         net (fo=3, routed)           0.603    19.030    GEN_BRAM.u_core/alu/u_mul/u_mul/GEN_ARRAY.u_mul/u_csa_row0/GEN_CSA_FA[1].u_fa/stage_sum[20]_33[28]
    SLICE_X0Y6           LUT3 (Prop_lut3_I1_O)        0.053    19.083 r  GEN_BRAM.u_core/alu/u_mul/u_mul/GEN_ARRAY.u_mul/u_csa_row0/GEN_CSA_FA[1].u_fa/result[30]_INST_0_i_41/O
                         net (fo=2, routed)           0.352    19.436    GEN_BRAM.u_core/alu/u_mul/u_mul/GEN_ARRAY.u_mul/u_csa_row0/GEN_CSA_FA[1].u_fa/stage_carry[21]_53[29]
    SLICE_X1Y3           LUT5 (Prop_lut5_I3_O)        0.053    19.489 r  GEN_BRAM.u_core/alu/u_mul/u_mul/GEN_ARRAY.u_mul/u_csa_row0/GEN_CSA_FA[1].u_fa/result[30]_INST_0_i_29/O
                         net (fo=3, routed)           0.436    19.925    GEN_BRAM.u_core/alu/u_mul/u_mul/GEN_ARRAY.u_mul/u_csa_row0/GEN_CSA_FA[1].u_fa/stage_sum[22]_32[29]
    SLICE_X0Y6           LUT3 (Prop_lut3_I1_O)        0.053    19.978 r  GEN_BRAM.u_core/alu/u_mul/u_mul/GEN_ARRAY.u_mul/u_csa_row0/GEN_CSA_FA[1].u_fa/result[30]_INST_0_i_36/O
                         net (fo=2, routed)           0.433    20.411    GEN_BRAM.u_core/alu/u_mul/u_mul/GEN_ARRAY.u_mul/u_csa_row0/GEN_CSA_FA[1].u_fa/stage_carry[23]_54[30]
    SLICE_X3Y5           LUT5 (Prop_lut5_I3_O)        0.053    20.464 r  GEN_BRAM.u_core/alu/u_mul/u_mul/GEN_ARRAY.u_mul/u_csa_row0/GEN_CSA_FA[1].u_fa/result[30]_INST_0_i_23/O
                         net (fo=3, routed)           0.482    20.946    GEN_BRAM.u_core/alu/u_mul/u_mul/GEN_ARRAY.u_mul/u_csa_row0/GEN_CSA_FA[1].u_fa/stage_sum[24]_31[30]
    SLICE_X4Y8           LUT3 (Prop_lut3_I1_O)        0.053    20.999 r  GEN_BRAM.u_core/alu/u_mul/u_mul/GEN_ARRAY.u_mul/u_csa_row0/GEN_CSA_FA[1].u_fa/result[31]_INST_0_i_41/O
                         net (fo=2, routed)           0.371    21.370    GEN_BRAM.u_core/alu/u_mul/u_mul/GEN_ARRAY.u_mul/u_csa_row0/GEN_CSA_FA[1].u_fa/stage_carry[25]_55[31]
    SLICE_X4Y6           LUT5 (Prop_lut5_I3_O)        0.053    21.423 r  GEN_BRAM.u_core/alu/u_mul/u_mul/GEN_ARRAY.u_mul/u_csa_row0/GEN_CSA_FA[1].u_fa/result[31]_INST_0_i_31/O
                         net (fo=3, routed)           0.453    21.876    GEN_BRAM.u_core/alu/u_mul/u_mul/GEN_ARRAY.u_mul/u_csa_row0/GEN_CSA_FA[1].u_fa/stage_sum[26]_30[31]
    SLICE_X7Y9           LUT3 (Prop_lut3_I1_O)        0.053    21.929 r  GEN_BRAM.u_core/alu/u_mul/u_mul/GEN_ARRAY.u_mul/u_csa_row0/GEN_CSA_FA[1].u_fa/result[2]_INST_0_i_22/O
                         net (fo=3, routed)           0.617    22.545    GEN_BRAM.u_core/alu/u_mul/u_mul/GEN_ARRAY.u_mul/u_csa_row0/GEN_CSA_FA[1].u_fa/stage_carry[27]_56[32]
    SLICE_X9Y9           LUT5 (Prop_lut5_I0_O)        0.053    22.598 r  GEN_BRAM.u_core/alu/u_mul/u_mul/GEN_ARRAY.u_mul/u_csa_row0/GEN_CSA_FA[1].u_fa/result[1]_INST_0_i_4/O
                         net (fo=4, routed)           0.721    23.319    GEN_BRAM.u_core/alu/u_mul/u_mul/GEN_ARRAY.u_mul/u_csa_row0/GEN_CSA_FA[1].u_fa/stage_sum[29]_57[32]
    SLICE_X8Y15          LUT5 (Prop_lut5_I4_O)        0.065    23.384 f  GEN_BRAM.u_core/alu/u_mul/u_mul/GEN_ARRAY.u_mul/u_csa_row0/GEN_CSA_FA[1].u_fa/result[1]_INST_0_i_6/O
                         net (fo=2, routed)           0.306    23.690    GEN_BRAM.u_core/alu/u_mul/u_mul/GEN_ARRAY.u_mul/u_csa_row0/GEN_CSA_FA[1].u_fa/u_final_cpa/GEN_FINAL_FA[32].u_fa/c2
    SLICE_X8Y16          LUT5 (Prop_lut5_I2_O)        0.171    23.861 f  GEN_BRAM.u_core/alu/u_mul/u_mul/GEN_ARRAY.u_mul/u_csa_row0/GEN_CSA_FA[1].u_fa/result[2]_INST_0_i_9/O
                         net (fo=2, routed)           0.586    24.447    GEN_BRAM.u_core/alu/u_mul/u_mul/GEN_ARRAY.u_mul/u_csa_row0/GEN_CSA_FA[1].u_fa/u_final_cpa/GEN_FINAL_FA[33].u_fa/c2
    SLICE_X8Y16          LUT5 (Prop_lut5_I2_O)        0.183    24.630 f  GEN_BRAM.u_core/alu/u_mul/u_mul/GEN_ARRAY.u_mul/u_csa_row0/GEN_CSA_FA[1].u_fa/result[4]_INST_0_i_14/O
                         net (fo=3, routed)           0.391    25.021    GEN_BRAM.u_core/alu/u_mul/u_mul/GEN_ARRAY.u_mul/u_csa_row0/GEN_CSA_FA[1].u_fa/u_final_cpa/c_35
    SLICE_X7Y16          LUT6 (Prop_lut6_I4_O)        0.172    25.193 f  GEN_BRAM.u_core/alu/u_mul/u_mul/GEN_ARRAY.u_mul/u_csa_row0/GEN_CSA_FA[1].u_fa/result[6]_INST_0_i_12/O
                         net (fo=3, routed)           0.205    25.397    GEN_BRAM.u_core/alu/u_mul/u_mul/GEN_ARRAY.u_mul/u_csa_row0/GEN_CSA_FA[1].u_fa/u_final_cpa/c_37
    SLICE_X7Y16          LUT6 (Prop_lut6_I4_O)        0.053    25.450 f  GEN_BRAM.u_core/alu/u_mul/u_mul/GEN_ARRAY.u_mul/u_csa_row0/GEN_CSA_FA[1].u_fa/result[8]_INST_0_i_13/O
                         net (fo=3, routed)           0.405    25.856    GEN_BRAM.u_core/alu/u_mul/u_mul/GEN_ARRAY.u_mul/u_csa_row0/GEN_CSA_FA[1].u_fa/u_final_cpa/c_39
    SLICE_X9Y17          LUT6 (Prop_lut6_I4_O)        0.053    25.909 f  GEN_BRAM.u_core/alu/u_mul/u_mul/GEN_ARRAY.u_mul/u_csa_row0/GEN_CSA_FA[1].u_fa/result[10]_INST_0_i_12/O
                         net (fo=3, routed)           0.311    26.220    GEN_BRAM.u_core/alu/u_mul/u_mul/GEN_ARRAY.u_mul/u_csa_row0/GEN_CSA_FA[1].u_fa/u_final_cpa/c_41
    SLICE_X9Y18          LUT6 (Prop_lut6_I4_O)        0.053    26.273 f  GEN_BRAM.u_core/alu/u_mul/u_mul/GEN_ARRAY.u_mul/u_csa_row0/GEN_CSA_FA[1].u_fa/result[12]_INST_0_i_13/O
                         net (fo=3, routed)           0.138    26.411    GEN_BRAM.u_core/alu/u_mul/u_mul/GEN_ARRAY.u_mul/u_csa_row0/GEN_CSA_FA[1].u_fa/u_final_cpa/c_43
    SLICE_X9Y18          LUT6 (Prop_lut6_I4_O)        0.053    26.464 f  GEN_BRAM.u_core/alu/u_mul/u_mul/GEN_ARRAY.u_mul/u_csa_row0/GEN_CSA_FA[1].u_fa/result[14]_INST_0_i_12/O
                         net (fo=3, routed)           0.278    26.742    GEN_BRAM.u_core/alu/u_mul/u_mul/GEN_ARRAY.u_mul/u_csa_row0/GEN_CSA_FA[1].u_fa/u_final_cpa/c_45
    SLICE_X10Y19         LUT6 (Prop_lut6_I4_O)        0.053    26.795 f  GEN_BRAM.u_core/alu/u_mul/u_mul/GEN_ARRAY.u_mul/u_csa_row0/GEN_CSA_FA[1].u_fa/result[16]_INST_0_i_13/O
                         net (fo=3, routed)           0.318    27.113    GEN_BRAM.u_core/alu/u_mul/u_mul/GEN_ARRAY.u_mul/u_csa_row0/GEN_CSA_FA[1].u_fa/u_final_cpa/c_47
    SLICE_X10Y20         LUT6 (Prop_lut6_I4_O)        0.053    27.166 f  GEN_BRAM.u_core/alu/u_mul/u_mul/GEN_ARRAY.u_mul/u_csa_row0/GEN_CSA_FA[1].u_fa/result[18]_INST_0_i_12/O
                         net (fo=3, routed)           0.222    27.388    GEN_BRAM.u_core/alu/u_mul/u_mul/GEN_ARRAY.u_mul/u_csa_row0/GEN_CSA_FA[1].u_fa/u_final_cpa/c_49
    SLICE_X10Y20         LUT6 (Prop_lut6_I4_O)        0.053    27.441 f  GEN_BRAM.u_core/alu/u_mul/u_mul/GEN_ARRAY.u_mul/u_csa_row0/GEN_CSA_FA[1].u_fa/result[20]_INST_0_i_13/O
                         net (fo=3, routed)           0.323    27.764    GEN_BRAM.u_core/alu/u_mul/u_mul/GEN_ARRAY.u_mul/u_csa_row0/GEN_CSA_FA[1].u_fa/u_final_cpa/c_51
    SLICE_X10Y21         LUT6 (Prop_lut6_I4_O)        0.053    27.817 f  GEN_BRAM.u_core/alu/u_mul/u_mul/GEN_ARRAY.u_mul/u_csa_row0/GEN_CSA_FA[1].u_fa/result[22]_INST_0_i_12/O
                         net (fo=3, routed)           0.146    27.963    GEN_BRAM.u_core/alu/u_mul/u_mul/GEN_ARRAY.u_mul/u_csa_row0/GEN_CSA_FA[1].u_fa/u_final_cpa/c_53
    SLICE_X10Y21         LUT6 (Prop_lut6_I4_O)        0.053    28.016 f  GEN_BRAM.u_core/alu/u_mul/u_mul/GEN_ARRAY.u_mul/u_csa_row0/GEN_CSA_FA[1].u_fa/result[24]_INST_0_i_13/O
                         net (fo=3, routed)           0.255    28.271    GEN_BRAM.u_core/alu/u_mul/u_mul/GEN_ARRAY.u_mul/u_csa_row0/GEN_CSA_FA[1].u_fa/u_final_cpa/c_55
    SLICE_X10Y22         LUT6 (Prop_lut6_I4_O)        0.053    28.324 f  GEN_BRAM.u_core/alu/u_mul/u_mul/GEN_ARRAY.u_mul/u_csa_row0/GEN_CSA_FA[1].u_fa/result[26]_INST_0_i_12/O
                         net (fo=3, routed)           0.222    28.545    GEN_BRAM.u_core/alu/u_mul/u_mul/GEN_ARRAY.u_mul/u_csa_row0/GEN_CSA_FA[1].u_fa/u_final_cpa/c_57
    SLICE_X10Y22         LUT6 (Prop_lut6_I4_O)        0.053    28.598 f  GEN_BRAM.u_core/alu/u_mul/u_mul/GEN_ARRAY.u_mul/u_csa_row0/GEN_CSA_FA[1].u_fa/result[28]_INST_0_i_13/O
                         net (fo=3, routed)           0.254    28.853    GEN_BRAM.u_core/alu/u_mul/u_mul/GEN_ARRAY.u_mul/u_csa_row0/GEN_CSA_FA[1].u_fa/u_final_cpa/c_59
    SLICE_X9Y22          LUT6 (Prop_lut6_I4_O)        0.053    28.906 f  GEN_BRAM.u_core/alu/u_mul/u_mul/GEN_ARRAY.u_mul/u_csa_row0/GEN_CSA_FA[1].u_fa/result[31]_INST_0_i_13/O
                         net (fo=3, routed)           0.387    29.293    GEN_BRAM.u_core/alu/u_mul/u_mul/GEN_ARRAY.u_mul/u_csa_row0/GEN_CSA_FA[1].u_fa/u_final_cpa/c_61
    SLICE_X9Y23          LUT6 (Prop_lut6_I4_O)        0.053    29.346 f  GEN_BRAM.u_core/alu/u_mul/u_mul/GEN_ARRAY.u_mul/u_csa_row0/GEN_CSA_FA[1].u_fa/result[31]_INST_0_i_4/O
                         net (fo=2, routed)           0.322    29.668    GEN_BRAM.u_core/alu/u_mul/u_mul/GEN_ARRAY.u_mul/u_csa_row0/GEN_CSA_FA[1].u_fa/u_final_cpa/GEN_FINAL_FA[62].u_fa/c2
    SLICE_X8Y23          LUT2 (Prop_lut2_I0_O)        0.053    29.721 r  GEN_BRAM.u_core/alu/u_mul/u_mul/GEN_ARRAY.u_mul/u_csa_row0/GEN_CSA_FA[1].u_fa/result[31]_INST_0_i_14/O
                         net (fo=1, routed)           0.000    29.721    GEN_BRAM.u_core/alu/u_mul/u_mul/GEN_ARRAY.u_mul/u_csa_row0/GEN_CSA_FA[1].u_fa/p_0_in[63]
    SLICE_X8Y23          CARRY4 (Prop_carry4_S[2]_O[2])
                                                      0.138    29.859 r  GEN_BRAM.u_core/alu/u_mul/u_mul/GEN_ARRAY.u_mul/u_csa_row0/GEN_CSA_FA[1].u_fa/result[31]_INST_0_i_6/O[2]
                         net (fo=1, routed)           0.368    30.227    GEN_BRAM.u_core/alu/u_mul/u_mul/GEN_ARRAY.u_mul/u_csa_row0/GEN_CSA_FA[1].u_fa/signed_product0[63]
    SLICE_X9Y25          LUT6 (Prop_lut6_I5_O)        0.152    30.379 r  GEN_BRAM.u_core/alu/u_mul/u_mul/GEN_ARRAY.u_mul/u_csa_row0/GEN_CSA_FA[1].u_fa/result[31]_INST_0/O
                         net (fo=1, routed)           0.131    30.510    GEN_BRAM.u_core/reg_file/result[27]
    SLICE_X9Y25          LUT6 (Prop_lut6_I2_O)        0.053    30.563 r  GEN_BRAM.u_core/reg_file/debug_alu_out_OBUF[31]_inst_i_7/O
                         net (fo=1, routed)           0.194    30.757    GEN_BRAM.u_core/reg_file/debug_alu_out_OBUF[31]_inst_i_7_n_0
    SLICE_X9Y25          LUT6 (Prop_lut6_I5_O)        0.053    30.810 r  GEN_BRAM.u_core/reg_file/debug_alu_out_OBUF[31]_inst_i_1/O
                         net (fo=3, routed)           0.333    31.143    GEN_BRAM.u_core/wb_mux/debug_alu_out_OBUF[31]
    SLICE_X10Y25         LUT6 (Prop_lut6_I0_O)        0.053    31.196 r  GEN_BRAM.u_core/wb_mux/registers_reg_r1_0_31_30_31__0_i_3/O
                         net (fo=1, routed)           0.138    31.334    GEN_BRAM.u_core/divider/wb_exec[31]
    SLICE_X10Y25         LUT6 (Prop_lut6_I5_O)        0.053    31.387 r  GEN_BRAM.u_core/divider/registers_reg_r1_0_31_30_31__0_i_1/O
                         net (fo=4, routed)           0.388    31.774    GEN_BRAM.u_core/reg_file/registers_reg_r2_0_31_30_31__0/D
    SLICE_X12Y24         RAMD32                                       r  GEN_BRAM.u_core/reg_file/registers_reg_r2_0_31_30_31__0/DP/I
  -------------------------------------------------------------------    -------------------

                         (clock sys_clk rise edge)   30.000    30.000 r  
    AD23                                              0.000    30.000 r  clk (IN)
                         net (fo=0)                   0.000    30.000    clk
    AD23                 IBUF (Prop_ibuf_I_O)         0.796    30.796 r  clk_IBUF_inst/O
                         net (fo=1, routed)           1.741    32.537    clk_IBUF
    BUFGCTRL_X0Y0        BUFG (Prop_bufg_I_O)         0.113    32.650 r  clk_IBUF_BUFG_inst/O
                         net (fo=350, routed)         1.528    34.178    GEN_BRAM.u_core/reg_file/registers_reg_r2_0_31_30_31__0/WCLK
    SLICE_X12Y24         RAMD32                                       r  GEN_BRAM.u_core/reg_file/registers_reg_r2_0_31_30_31__0/DP/CLK
                         clock pessimism              0.263    34.442    
                         clock uncertainty           -0.035    34.406    
    SLICE_X12Y24         RAMD32 (Setup_ramd32_CLK_I)
                                                     -0.166    34.240    GEN_BRAM.u_core/reg_file/registers_reg_r2_0_31_30_31__0/DP
  -------------------------------------------------------------------
                         required time                         34.240    
                         arrival time                         -31.774    
  -------------------------------------------------------------------
                         slack                                  2.466    

Slack (MET) :             2.522ns  (required time - arrival time)
  Source:                 GEN_BRAM.u_core/ir_reg[2]/C
                            (rising edge-triggered cell FDCE clocked by sys_clk  {rise@0.000ns fall@15.000ns period=30.000ns})
  Destination:            GEN_BRAM.u_core/reg_file/registers_reg_r1_0_31_30_31__0/SP/I
                            (rising edge-triggered cell RAMD32 clocked by sys_clk  {rise@0.000ns fall@15.000ns period=30.000ns})
  Path Group:             sys_clk
  Path Type:              Setup (Max at Slow Process Corner)
  Requirement:            30.000ns  (sys_clk rise@30.000ns - sys_clk rise@0.000ns)
  Data Path Delay:        27.372ns  (logic 4.236ns (15.476%)  route 23.136ns (84.524%))
  Logic Levels:           56  (CARRY4=2 LUT2=1 LUT3=12 LUT4=1 LUT5=18 LUT6=22)
  Clock Path Skew:        -0.020ns (DCD - SCD + CPR)
    Destination Clock Delay (DCD):    4.178ns = ( 34.178 - 30.000 ) 
    Source Clock Delay      (SCD):    4.462ns
    Clock Pessimism Removal (CPR):    0.263ns
  Clock Uncertainty:      0.035ns  ((TSJ^2 + TIJ^2)^1/2 + DJ) / 2 + PE
    Total System Jitter     (TSJ):    0.071ns
    Total Input Jitter      (TIJ):    0.000ns
    Discrete Jitter          (DJ):    0.000ns
    Phase Error              (PE):    0.000ns

    Location             Delay type                Incr(ns)  Path(ns)    Netlist Resource(s)
  -------------------------------------------------------------------    -------------------
                         (clock sys_clk rise edge)    0.000     0.000 r  
    AD23                                              0.000     0.000 r  clk (IN)
                         net (fo=0)                   0.000     0.000    clk
    AD23                 IBUF (Prop_ibuf_I_O)         0.873     0.873 r  clk_IBUF_inst/O
                         net (fo=1, routed)           1.830     2.703    clk_IBUF
    BUFGCTRL_X0Y0        BUFG (Prop_bufg_I_O)         0.120     2.823 r  clk_IBUF_BUFG_inst/O
                         net (fo=350, routed)         1.639     4.462    GEN_BRAM.u_core/clk_IBUF_BUFG
    SLICE_X15Y23         FDCE                                         r  GEN_BRAM.u_core/ir_reg[2]/C
  -------------------------------------------------------------------    -------------------
    SLICE_X15Y23         FDCE (Prop_fdce_C_Q)         0.269     4.731 r  GEN_BRAM.u_core/ir_reg[2]/Q
                         net (fo=24, routed)          0.633     5.364    GEN_BRAM.u_core/reg_file/Q[1]
    SLICE_X14Y24         LUT5 (Prop_lut5_I0_O)        0.053     5.417 r  GEN_BRAM.u_core/reg_file/registers_reg_r1_0_31_0_5_i_25/O
                         net (fo=56, routed)          0.733     6.150    GEN_BRAM.u_core/imm_gen/u_mul_i_32
    SLICE_X12Y20         LUT6 (Prop_lut6_I4_O)        0.053     6.203 f  GEN_BRAM.u_core/imm_gen/u_mul_i_68/O
                         net (fo=1, routed)           0.331     6.534    GEN_BRAM.u_core/alu_mux_b/imm[0]
    SLICE_X12Y20         LUT4 (Prop_lut4_I0_O)        0.053     6.587 r  GEN_BRAM.u_core/alu_mux_b/u_mul_i_32/O
                         net (fo=136, routed)         0.614     7.201    GEN_BRAM.u_core/alu/u_mul/u_mul/GEN_ARRAY.u_mul/u_csa_row0/GEN_CSA_FA[1].u_fa/result[4]_INST_0_i_22_n_0
    SLICE_X13Y19         CARRY4 (Prop_carry4_CYINIT_O[1])
                                                      0.390     7.591 r  GEN_BRAM.u_core/alu/u_mul/u_mul/GEN_ARRAY.u_mul/u_csa_row0/GEN_CSA_FA[1].u_fa/result[4]_INST_0_i_6/O[1]
                         net (fo=32, routed)          0.752     8.343    GEN_BRAM.u_core/alu/u_mul/u_mul/GEN_ARRAY.u_mul/u_csa_row0/GEN_CSA_FA[1].u_fa/mag_b0[2]
    SLICE_X18Y21         LUT6 (Prop_lut6_I3_O)        0.152     8.495 r  GEN_BRAM.u_core/alu/u_mul/u_mul/GEN_ARRAY.u_mul/u_csa_row0/GEN_CSA_FA[1].u_fa/result[14]_INST_0_i_132/O
                         net (fo=2, routed)           0.579     9.074    GEN_BRAM.u_core/alu/u_mul/u_mul/GEN_ARRAY.u_mul/u_csa_row0/GEN_CSA_FA[1].u_fa/pp[2]_91[14]
    SLICE_X18Y21         LUT6 (Prop_lut6_I5_O)        0.053     9.127 r  GEN_BRAM.u_core/alu/u_mul/u_mul/GEN_ARRAY.u_mul/u_csa_row0/GEN_CSA_FA[1].u_fa/result[16]_INST_0_i_144/O
                         net (fo=3, routed)           0.575     9.702    GEN_BRAM.u_core/alu/u_mul/u_mul/GEN_ARRAY.u_mul/u_csa_row0/GEN_CSA_FA[1].u_fa/stage_carry[0]_58[15]
    SLICE_X18Y20         LUT5 (Prop_lut5_I0_O)        0.053     9.755 r  GEN_BRAM.u_core/alu/u_mul/u_mul/GEN_ARRAY.u_mul/u_csa_row0/GEN_CSA_FA[1].u_fa/result[16]_INST_0_i_125/O
                         net (fo=3, routed)           0.366    10.121    GEN_BRAM.u_core/alu/u_mul/u_mul/GEN_ARRAY.u_mul/u_csa_row0/GEN_CSA_FA[1].u_fa/stage_sum[2]_42[15]
    SLICE_X18Y19         LUT3 (Prop_lut3_I1_O)        0.053    10.174 r  GEN_BRAM.u_core/alu/u_mul/u_mul/GEN_ARRAY.u_mul/u_csa_row0/GEN_CSA_FA[1].u_fa/result[16]_INST_0_i_132/O
                         net (fo=2, routed)           0.635    10.809    GEN_BRAM.u_core/alu/u_mul/u_mul/GEN_ARRAY.u_mul/u_csa_row0/GEN_CSA_FA[1].u_fa/stage_carry[3]_44[16]
    SLICE_X19Y19         LUT5 (Prop_lut5_I3_O)        0.053    10.862 r  GEN_BRAM.u_core/alu/u_mul/u_mul/GEN_ARRAY.u_mul/u_csa_row0/GEN_CSA_FA[1].u_fa/result[18]_INST_0_i_109/O
                         net (fo=3, routed)           0.588    11.450    GEN_BRAM.u_core/alu/u_mul/u_mul/GEN_ARRAY.u_mul/u_csa_row0/GEN_CSA_FA[1].u_fa/stage_carry[4]_2[17]
    SLICE_X17Y14         LUT3 (Prop_lut3_I0_O)        0.053    11.503 r  GEN_BRAM.u_core/alu/u_mul/u_mul/GEN_ARRAY.u_mul/u_csa_row0/GEN_CSA_FA[1].u_fa/result[18]_INST_0_i_117/O
                         net (fo=2, routed)           0.626    12.129    GEN_BRAM.u_core/alu/u_mul/u_mul/GEN_ARRAY.u_mul/u_csa_row0/GEN_CSA_FA[1].u_fa/stage_carry[5]_45[18]
    SLICE_X14Y9          LUT5 (Prop_lut5_I3_O)        0.053    12.182 r  GEN_BRAM.u_core/alu/u_mul/u_mul/GEN_ARRAY.u_mul/u_csa_row0/GEN_CSA_FA[1].u_fa/result[20]_INST_0_i_124/O
                         net (fo=3, routed)           0.516    12.698    GEN_BRAM.u_core/alu/u_mul/u_mul/GEN_ARRAY.u_mul/u_csa_row0/GEN_CSA_FA[1].u_fa/stage_carry[6]_4[19]
    SLICE_X13Y8          LUT3 (Prop_lut3_I0_O)        0.053    12.751 r  GEN_BRAM.u_core/alu/u_mul/u_mul/GEN_ARRAY.u_mul/u_csa_row0/GEN_CSA_FA[1].u_fa/result[20]_INST_0_i_132/O
                         net (fo=2, routed)           0.421    13.172    GEN_BRAM.u_core/alu/u_mul/u_mul/GEN_ARRAY.u_mul/u_csa_row0/GEN_CSA_FA[1].u_fa/stage_carry[7]_46[20]
    SLICE_X13Y6          LUT5 (Prop_lut5_I3_O)        0.053    13.225 r  GEN_BRAM.u_core/alu/u_mul/u_mul/GEN_ARRAY.u_mul/u_csa_row0/GEN_CSA_FA[1].u_fa/result[22]_INST_0_i_104/O
                         net (fo=3, routed)           0.482    13.707    GEN_BRAM.u_core/alu/u_mul/u_mul/GEN_ARRAY.u_mul/u_csa_row0/GEN_CSA_FA[1].u_fa/stage_carry[8]_6[21]
    SLICE_X11Y5          LUT3 (Prop_lut3_I0_O)        0.053    13.760 r  GEN_BRAM.u_core/alu/u_mul/u_mul/GEN_ARRAY.u_mul/u_csa_row0/GEN_CSA_FA[1].u_fa/result[22]_INST_0_i_112/O
                         net (fo=2, routed)           0.311    14.072    GEN_BRAM.u_core/alu/u_mul/u_mul/GEN_ARRAY.u_mul/u_csa_row0/GEN_CSA_FA[1].u_fa/stage_carry[9]_47[22]
    SLICE_X11Y3          LUT5 (Prop_lut5_I3_O)        0.053    14.125 r  GEN_BRAM.u_core/alu/u_mul/u_mul/GEN_ARRAY.u_mul/u_csa_row0/GEN_CSA_FA[1].u_fa/result[24]_INST_0_i_109/O
                         net (fo=3, routed)           0.457    14.582    GEN_BRAM.u_core/alu/u_mul/u_mul/GEN_ARRAY.u_mul/u_csa_row0/GEN_CSA_FA[1].u_fa/stage_carry[10]_8[23]
    SLICE_X11Y2          LUT3 (Prop_lut3_I0_O)        0.053    14.635 r  GEN_BRAM.u_core/alu/u_mul/u_mul/GEN_ARRAY.u_mul/u_csa_row0/GEN_CSA_FA[1].u_fa/result[24]_INST_0_i_117/O
                         net (fo=2, routed)           0.374    15.009    GEN_BRAM.u_core/alu/u_mul/u_mul/GEN_ARRAY.u_mul/u_csa_row0/GEN_CSA_FA[1].u_fa/stage_carry[11]_48[24]
    SLICE_X10Y2          LUT5 (Prop_lut5_I3_O)        0.053    15.062 r  GEN_BRAM.u_core/alu/u_mul/u_mul/GEN_ARRAY.u_mul/u_csa_row0/GEN_CSA_FA[1].u_fa/result[24]_INST_0_i_105/O
                         net (fo=3, routed)           0.630    15.693    GEN_BRAM.u_core/alu/u_mul/u_mul/GEN_ARRAY.u_mul/u_csa_row0/GEN_CSA_FA[1].u_fa/stage_sum[12]_37[24]
    SLICE_X9Y3           LUT5 (Prop_lut5_I1_O)        0.053    15.746 r  GEN_BRAM.u_core/alu/u_mul/u_mul/GEN_ARRAY.u_mul/u_csa_row0/GEN_CSA_FA[1].u_fa/result[26]_INST_0_i_74/O
                         net (fo=3, routed)           0.592    16.337    GEN_BRAM.u_core/alu/u_mul/u_mul/GEN_ARRAY.u_mul/u_csa_row0/GEN_CSA_FA[1].u_fa/stage_carry[14]_12[25]
    SLICE_X4Y1           LUT3 (Prop_lut3_I0_O)        0.053    16.390 r  GEN_BRAM.u_core/alu/u_mul/u_mul/GEN_ARRAY.u_mul/u_csa_row0/GEN_CSA_FA[1].u_fa/result[26]_INST_0_i_82/O
                         net (fo=2, routed)           0.323    16.713    GEN_BRAM.u_core/alu/u_mul/u_mul/GEN_ARRAY.u_mul/u_csa_row0/GEN_CSA_FA[1].u_fa/stage_carry[15]_50[26]
    SLICE_X4Y0           LUT5 (Prop_lut5_I3_O)        0.053    16.766 r  GEN_BRAM.u_core/alu/u_mul/u_mul/GEN_ARRAY.u_mul/u_csa_row0/GEN_CSA_FA[1].u_fa/result[26]_INST_0_i_70/O
                         net (fo=3, routed)           0.392    17.158    GEN_BRAM.u_core/alu/u_mul/u_mul/GEN_ARRAY.u_mul/u_csa_row0/GEN_CSA_FA[1].u_fa/stage_sum[16]_35[26]
    SLICE_X2Y3           LUT3 (Prop_lut3_I1_O)        0.053    17.211 r  GEN_BRAM.u_core/alu/u_mul/u_mul/GEN_ARRAY.u_mul/u_csa_row0/GEN_CSA_FA[1].u_fa/result[28]_INST_0_i_82/O
                         net (fo=2, routed)           0.467    17.679    GEN_BRAM.u_core/alu/u_mul/u_mul/GEN_ARRAY.u_mul/u_csa_row0/GEN_CSA_FA[1].u_fa/stage_carry[17]_51[27]
    SLICE_X2Y3           LUT5 (Prop_lut5_I3_O)        0.053    17.732 r  GEN_BRAM.u_core/alu/u_mul/u_mul/GEN_ARRAY.u_mul/u_csa_row0/GEN_CSA_FA[1].u_fa/result[28]_INST_0_i_70/O
                         net (fo=3, routed)           0.157    17.889    GEN_BRAM.u_core/alu/u_mul/u_mul/GEN_ARRAY.u_mul/u_csa_row0/GEN_CSA_FA[1].u_fa/stage_sum[18]_34[27]
    SLICE_X2Y3           LUT3 (Prop_lut3_I1_O)        0.053    17.942 r  GEN_BRAM.u_core/alu/u_mul/u_mul/GEN_ARRAY.u_mul/u_csa_row0/GEN_CSA_FA[1].u_fa/result[28]_INST_0_i_77/O
                         net (fo=2, routed)           0.433    18.375    GEN_BRAM.u_core/alu/u_mul/u_mul/GEN_ARRAY.u_mul/u_csa_row0/GEN_CSA_FA[1].u_fa/stage_carry[19]_52[28]
    SLICE_X2Y1           LUT5 (Prop_lut5_I3_O)        0.053    18.428 r  GEN_BRAM.u_core/alu/u_mul/u_mul/GEN_ARRAY.u_mul/u_csa_row0/GEN_CSA_FA[1].u_fa/result[28]_INST_0_i_65/O
                         net (fo=3, routed)           0.603    19.030    GEN_BRAM.u_core/alu/u_mul/u_mul/GEN_ARRAY.u_mul/u_csa_row0/GEN_CSA_FA[1].u_fa/stage_sum[20]_33[28]
    SLICE_X0Y6           LUT3 (Prop_lut3_I1_O)        0.053    19.083 r  GEN_BRAM.u_core/alu/u_mul/u_mul/GEN_ARRAY.u_mul/u_csa_row0/GEN_CSA_FA[1].u_fa/result[30]_INST_0_i_41/O
                         net (fo=2, routed)           0.352    19.436    GEN_BRAM.u_core/alu/u_mul/u_mul/GEN_ARRAY.u_mul/u_csa_row0/GEN_CSA_FA[1].u_fa/stage_carry[21]_53[29]
    SLICE_X1Y3           LUT5 (Prop_lut5_I3_O)        0.053    19.489 r  GEN_BRAM.u_core/alu/u_mul/u_mul/GEN_ARRAY.u_mul/u_csa_row0/GEN_CSA_FA[1].u_fa/result[30]_INST_0_i_29/O
                         net (fo=3, routed)           0.436    19.925    GEN_BRAM.u_core/alu/u_mul/u_mul/GEN_ARRAY.u_mul/u_csa_row0/GEN_CSA_FA[1].u_fa/stage_sum[22]_32[29]
    SLICE_X0Y6           LUT3 (Prop_lut3_I1_O)        0.053    19.978 r  GEN_BRAM.u_core/alu/u_mul/u_mul/GEN_ARRAY.u_mul/u_csa_row0/GEN_CSA_FA[1].u_fa/result[30]_INST_0_i_36/O
                         net (fo=2, routed)           0.433    20.411    GEN_BRAM.u_core/alu/u_mul/u_mul/GEN_ARRAY.u_mul/u_csa_row0/GEN_CSA_FA[1].u_fa/stage_carry[23]_54[30]
    SLICE_X3Y5           LUT5 (Prop_lut5_I3_O)        0.053    20.464 r  GEN_BRAM.u_core/alu/u_mul/u_mul/GEN_ARRAY.u_mul/u_csa_row0/GEN_CSA_FA[1].u_fa/result[30]_INST_0_i_23/O
                         net (fo=3, routed)           0.482    20.946    GEN_BRAM.u_core/alu/u_mul/u_mul/GEN_ARRAY.u_mul/u_csa_row0/GEN_CSA_FA[1].u_fa/stage_sum[24]_31[30]
    SLICE_X4Y8           LUT3 (Prop_lut3_I1_O)        0.053    20.999 r  GEN_BRAM.u_core/alu/u_mul/u_mul/GEN_ARRAY.u_mul/u_csa_row0/GEN_CSA_FA[1].u_fa/result[31]_INST_0_i_41/O
                         net (fo=2, routed)           0.371    21.370    GEN_BRAM.u_core/alu/u_mul/u_mul/GEN_ARRAY.u_mul/u_csa_row0/GEN_CSA_FA[1].u_fa/stage_carry[25]_55[31]
    SLICE_X4Y6           LUT5 (Prop_lut5_I3_O)        0.053    21.423 r  GEN_BRAM.u_core/alu/u_mul/u_mul/GEN_ARRAY.u_mul/u_csa_row0/GEN_CSA_FA[1].u_fa/result[31]_INST_0_i_31/O
                         net (fo=3, routed)           0.453    21.876    GEN_BRAM.u_core/alu/u_mul/u_mul/GEN_ARRAY.u_mul/u_csa_row0/GEN_CSA_FA[1].u_fa/stage_sum[26]_30[31]
    SLICE_X7Y9           LUT3 (Prop_lut3_I1_O)        0.053    21.929 r  GEN_BRAM.u_core/alu/u_mul/u_mul/GEN_ARRAY.u_mul/u_csa_row0/GEN_CSA_FA[1].u_fa/result[2]_INST_0_i_22/O
                         net (fo=3, routed)           0.617    22.545    GEN_BRAM.u_core/alu/u_mul/u_mul/GEN_ARRAY.u_mul/u_csa_row0/GEN_CSA_FA[1].u_fa/stage_carry[27]_56[32]
    SLICE_X9Y9           LUT5 (Prop_lut5_I0_O)        0.053    22.598 r  GEN_BRAM.u_core/alu/u_mul/u_mul/GEN_ARRAY.u_mul/u_csa_row0/GEN_CSA_FA[1].u_fa/result[1]_INST_0_i_4/O
                         net (fo=4, routed)           0.721    23.319    GEN_BRAM.u_core/alu/u_mul/u_mul/GEN_ARRAY.u_mul/u_csa_row0/GEN_CSA_FA[1].u_fa/stage_sum[29]_57[32]
    SLICE_X8Y15          LUT5 (Prop_lut5_I4_O)        0.065    23.384 f  GEN_BRAM.u_core/alu/u_mul/u_mul/GEN_ARRAY.u_mul/u_csa_row0/GEN_CSA_FA[1].u_fa/result[1]_INST_0_i_6/O
                         net (fo=2, routed)           0.306    23.690    GEN_BRAM.u_core/alu/u_mul/u_mul/GEN_ARRAY.u_mul/u_csa_row0/GEN_CSA_FA[1].u_fa/u_final_cpa/GEN_FINAL_FA[32].u_fa/c2
    SLICE_X8Y16          LUT5 (Prop_lut5_I2_O)        0.171    23.861 f  GEN_BRAM.u_core/alu/u_mul/u_mul/GEN_ARRAY.u_mul/u_csa_row0/GEN_CSA_FA[1].u_fa/result[2]_INST_0_i_9/O
                         net (fo=2, routed)           0.586    24.447    GEN_BRAM.u_core/alu/u_mul/u_mul/GEN_ARRAY.u_mul/u_csa_row0/GEN_CSA_FA[1].u_fa/u_final_cpa/GEN_FINAL_FA[33].u_fa/c2
    SLICE_X8Y16          LUT5 (Prop_lut5_I2_O)        0.183    24.630 f  GEN_BRAM.u_core/alu/u_mul/u_mul/GEN_ARRAY.u_mul/u_csa_row0/GEN_CSA_FA[1].u_fa/result[4]_INST_0_i_14/O
                         net (fo=3, routed)           0.391    25.021    GEN_BRAM.u_core/alu/u_mul/u_mul/GEN_ARRAY.u_mul/u_csa_row0/GEN_CSA_FA[1].u_fa/u_final_cpa/c_35
    SLICE_X7Y16          LUT6 (Prop_lut6_I4_O)        0.172    25.193 f  GEN_BRAM.u_core/alu/u_mul/u_mul/GEN_ARRAY.u_mul/u_csa_row0/GEN_CSA_FA[1].u_fa/result[6]_INST_0_i_12/O
                         net (fo=3, routed)           0.205    25.397    GEN_BRAM.u_core/alu/u_mul/u_mul/GEN_ARRAY.u_mul/u_csa_row0/GEN_CSA_FA[1].u_fa/u_final_cpa/c_37
    SLICE_X7Y16          LUT6 (Prop_lut6_I4_O)        0.053    25.450 f  GEN_BRAM.u_core/alu/u_mul/u_mul/GEN_ARRAY.u_mul/u_csa_row0/GEN_CSA_FA[1].u_fa/result[8]_INST_0_i_13/O
                         net (fo=3, routed)           0.405    25.856    GEN_BRAM.u_core/alu/u_mul/u_mul/GEN_ARRAY.u_mul/u_csa_row0/GEN_CSA_FA[1].u_fa/u_final_cpa/c_39
    SLICE_X9Y17          LUT6 (Prop_lut6_I4_O)        0.053    25.909 f  GEN_BRAM.u_core/alu/u_mul/u_mul/GEN_ARRAY.u_mul/u_csa_row0/GEN_CSA_FA[1].u_fa/result[10]_INST_0_i_12/O
                         net (fo=3, routed)           0.311    26.220    GEN_BRAM.u_core/alu/u_mul/u_mul/GEN_ARRAY.u_mul/u_csa_row0/GEN_CSA_FA[1].u_fa/u_final_cpa/c_41
    SLICE_X9Y18          LUT6 (Prop_lut6_I4_O)        0.053    26.273 f  GEN_BRAM.u_core/alu/u_mul/u_mul/GEN_ARRAY.u_mul/u_csa_row0/GEN_CSA_FA[1].u_fa/result[12]_INST_0_i_13/O
                         net (fo=3, routed)           0.138    26.411    GEN_BRAM.u_core/alu/u_mul/u_mul/GEN_ARRAY.u_mul/u_csa_row0/GEN_CSA_FA[1].u_fa/u_final_cpa/c_43
    SLICE_X9Y18          LUT6 (Prop_lut6_I4_O)        0.053    26.464 f  GEN_BRAM.u_core/alu/u_mul/u_mul/GEN_ARRAY.u_mul/u_csa_row0/GEN_CSA_FA[1].u_fa/result[14]_INST_0_i_12/O
                         net (fo=3, routed)           0.278    26.742    GEN_BRAM.u_core/alu/u_mul/u_mul/GEN_ARRAY.u_mul/u_csa_row0/GEN_CSA_FA[1].u_fa/u_final_cpa/c_45
    SLICE_X10Y19         LUT6 (Prop_lut6_I4_O)        0.053    26.795 f  GEN_BRAM.u_core/alu/u_mul/u_mul/GEN_ARRAY.u_mul/u_csa_row0/GEN_CSA_FA[1].u_fa/result[16]_INST_0_i_13/O
                         net (fo=3, routed)           0.318    27.113    GEN_BRAM.u_core/alu/u_mul/u_mul/GEN_ARRAY.u_mul/u_csa_row0/GEN_CSA_FA[1].u_fa/u_final_cpa/c_47
    SLICE_X10Y20         LUT6 (Prop_lut6_I4_O)        0.053    27.166 f  GEN_BRAM.u_core/alu/u_mul/u_mul/GEN_ARRAY.u_mul/u_csa_row0/GEN_CSA_FA[1].u_fa/result[18]_INST_0_i_12/O
                         net (fo=3, routed)           0.222    27.388    GEN_BRAM.u_core/alu/u_mul/u_mul/GEN_ARRAY.u_mul/u_csa_row0/GEN_CSA_FA[1].u_fa/u_final_cpa/c_49
    SLICE_X10Y20         LUT6 (Prop_lut6_I4_O)        0.053    27.441 f  GEN_BRAM.u_core/alu/u_mul/u_mul/GEN_ARRAY.u_mul/u_csa_row0/GEN_CSA_FA[1].u_fa/result[20]_INST_0_i_13/O
                         net (fo=3, routed)           0.323    27.764    GEN_BRAM.u_core/alu/u_mul/u_mul/GEN_ARRAY.u_mul/u_csa_row0/GEN_CSA_FA[1].u_fa/u_final_cpa/c_51
    SLICE_X10Y21         LUT6 (Prop_lut6_I4_O)        0.053    27.817 f  GEN_BRAM.u_core/alu/u_mul/u_mul/GEN_ARRAY.u_mul/u_csa_row0/GEN_CSA_FA[1].u_fa/result[22]_INST_0_i_12/O
                         net (fo=3, routed)           0.146    27.963    GEN_BRAM.u_core/alu/u_mul/u_mul/GEN_ARRAY.u_mul/u_csa_row0/GEN_CSA_FA[1].u_fa/u_final_cpa/c_53
    SLICE_X10Y21         LUT6 (Prop_lut6_I4_O)        0.053    28.016 f  GEN_BRAM.u_core/alu/u_mul/u_mul/GEN_ARRAY.u_mul/u_csa_row0/GEN_CSA_FA[1].u_fa/result[24]_INST_0_i_13/O
                         net (fo=3, routed)           0.255    28.271    GEN_BRAM.u_core/alu/u_mul/u_mul/GEN_ARRAY.u_mul/u_csa_row0/GEN_CSA_FA[1].u_fa/u_final_cpa/c_55
    SLICE_X10Y22         LUT6 (Prop_lut6_I4_O)        0.053    28.324 f  GEN_BRAM.u_core/alu/u_mul/u_mul/GEN_ARRAY.u_mul/u_csa_row0/GEN_CSA_FA[1].u_fa/result[26]_INST_0_i_12/O
                         net (fo=3, routed)           0.222    28.545    GEN_BRAM.u_core/alu/u_mul/u_mul/GEN_ARRAY.u_mul/u_csa_row0/GEN_CSA_FA[1].u_fa/u_final_cpa/c_57
    SLICE_X10Y22         LUT6 (Prop_lut6_I4_O)        0.053    28.598 f  GEN_BRAM.u_core/alu/u_mul/u_mul/GEN_ARRAY.u_mul/u_csa_row0/GEN_CSA_FA[1].u_fa/result[28]_INST_0_i_13/O
                         net (fo=3, routed)           0.254    28.853    GEN_BRAM.u_core/alu/u_mul/u_mul/GEN_ARRAY.u_mul/u_csa_row0/GEN_CSA_FA[1].u_fa/u_final_cpa/c_59
    SLICE_X9Y22          LUT6 (Prop_lut6_I4_O)        0.053    28.906 f  GEN_BRAM.u_core/alu/u_mul/u_mul/GEN_ARRAY.u_mul/u_csa_row0/GEN_CSA_FA[1].u_fa/result[31]_INST_0_i_13/O
                         net (fo=3, routed)           0.387    29.293    GEN_BRAM.u_core/alu/u_mul/u_mul/GEN_ARRAY.u_mul/u_csa_row0/GEN_CSA_FA[1].u_fa/u_final_cpa/c_61
    SLICE_X9Y23          LUT6 (Prop_lut6_I4_O)        0.053    29.346 f  GEN_BRAM.u_core/alu/u_mul/u_mul/GEN_ARRAY.u_mul/u_csa_row0/GEN_CSA_FA[1].u_fa/result[31]_INST_0_i_4/O
                         net (fo=2, routed)           0.322    29.668    GEN_BRAM.u_core/alu/u_mul/u_mul/GEN_ARRAY.u_mul/u_csa_row0/GEN_CSA_FA[1].u_fa/u_final_cpa/GEN_FINAL_FA[62].u_fa/c2
    SLICE_X8Y23          LUT2 (Prop_lut2_I0_O)        0.053    29.721 r  GEN_BRAM.u_core/alu/u_mul/u_mul/GEN_ARRAY.u_mul/u_csa_row0/GEN_CSA_FA[1].u_fa/result[31]_INST_0_i_14/O
                         net (fo=1, routed)           0.000    29.721    GEN_BRAM.u_core/alu/u_mul/u_mul/GEN_ARRAY.u_mul/u_csa_row0/GEN_CSA_FA[1].u_fa/p_0_in[63]
    SLICE_X8Y23          CARRY4 (Prop_carry4_S[2]_O[2])
                                                      0.138    29.859 r  GEN_BRAM.u_core/alu/u_mul/u_mul/GEN_ARRAY.u_mul/u_csa_row0/GEN_CSA_FA[1].u_fa/result[31]_INST_0_i_6/O[2]
                         net (fo=1, routed)           0.368    30.227    GEN_BRAM.u_core/alu/u_mul/u_mul/GEN_ARRAY.u_mul/u_csa_row0/GEN_CSA_FA[1].u_fa/signed_product0[63]
    SLICE_X9Y25          LUT6 (Prop_lut6_I5_O)        0.152    30.379 r  GEN_BRAM.u_core/alu/u_mul/u_mul/GEN_ARRAY.u_mul/u_csa_row0/GEN_CSA_FA[1].u_fa/result[31]_INST_0/O
                         net (fo=1, routed)           0.131    30.510    GEN_BRAM.u_core/reg_file/result[27]
    SLICE_X9Y25          LUT6 (Prop_lut6_I2_O)        0.053    30.563 r  GEN_BRAM.u_core/reg_file/debug_alu_out_OBUF[31]_inst_i_7/O
                         net (fo=1, routed)           0.194    30.757    GEN_BRAM.u_core/reg_file/debug_alu_out_OBUF[31]_inst_i_7_n_0
    SLICE_X9Y25          LUT6 (Prop_lut6_I5_O)        0.053    30.810 r  GEN_BRAM.u_core/reg_file/debug_alu_out_OBUF[31]_inst_i_1/O
                         net (fo=3, routed)           0.333    31.143    GEN_BRAM.u_core/wb_mux/debug_alu_out_OBUF[31]
    SLICE_X10Y25         LUT6 (Prop_lut6_I0_O)        0.053    31.196 r  GEN_BRAM.u_core/wb_mux/registers_reg_r1_0_31_30_31__0_i_3/O
                         net (fo=1, routed)           0.138    31.334    GEN_BRAM.u_core/divider/wb_exec[31]
    SLICE_X10Y25         LUT6 (Prop_lut6_I5_O)        0.053    31.387 r  GEN_BRAM.u_core/divider/registers_reg_r1_0_31_30_31__0_i_1/O
                         net (fo=4, routed)           0.447    31.834    GEN_BRAM.u_core/reg_file/registers_reg_r1_0_31_30_31__0/D
    SLICE_X12Y24         RAMD32                                       r  GEN_BRAM.u_core/reg_file/registers_reg_r1_0_31_30_31__0/SP/I
  -------------------------------------------------------------------    -------------------

                         (clock sys_clk rise edge)   30.000    30.000 r  
    AD23                                              0.000    30.000 r  clk (IN)
                         net (fo=0)                   0.000    30.000    clk
    AD23                 IBUF (Prop_ibuf_I_O)         0.796    30.796 r  clk_IBUF_inst/O
                         net (fo=1, routed)           1.741    32.537    clk_IBUF
    BUFGCTRL_X0Y0        BUFG (Prop_bufg_I_O)         0.113    32.650 r  clk_IBUF_BUFG_inst/O
                         net (fo=350, routed)         1.528    34.178    GEN_BRAM.u_core/reg_file/registers_reg_r1_0_31_30_31__0/WCLK
    SLICE_X12Y24         RAMD32                                       r  GEN_BRAM.u_core/reg_file/registers_reg_r1_0_31_30_31__0/SP/CLK
                         clock pessimism              0.263    34.442    
                         clock uncertainty           -0.035    34.406    
    SLICE_X12Y24         RAMD32 (Setup_ramd32_CLK_I)
                                                     -0.051    34.355    GEN_BRAM.u_core/reg_file/registers_reg_r1_0_31_30_31__0/SP
  -------------------------------------------------------------------
                         required time                         34.355    
                         arrival time                         -31.834    
  -------------------------------------------------------------------
                         slack                                  2.522    

Slack (MET) :             2.685ns  (required time - arrival time)
  Source:                 GEN_BRAM.u_core/ir_reg[2]/C
                            (rising edge-triggered cell FDCE clocked by sys_clk  {rise@0.000ns fall@15.000ns period=30.000ns})
  Destination:            GEN_BRAM.u_core/reg_file/registers_reg_r1_0_31_30_31/DP/I
                            (rising edge-triggered cell RAMD32 clocked by sys_clk  {rise@0.000ns fall@15.000ns period=30.000ns})
  Path Group:             sys_clk
  Path Type:              Setup (Max at Slow Process Corner)
  Requirement:            30.000ns  (sys_clk rise@30.000ns - sys_clk rise@0.000ns)
  Data Path Delay:        27.085ns  (logic 4.319ns (15.946%)  route 22.766ns (84.054%))
  Logic Levels:           55  (CARRY4=2 LUT3=12 LUT4=1 LUT5=19 LUT6=21)
  Clock Path Skew:        -0.020ns (DCD - SCD + CPR)
    Destination Clock Delay (DCD):    4.178ns = ( 34.178 - 30.000 ) 
    Source Clock Delay      (SCD):    4.462ns
    Clock Pessimism Removal (CPR):    0.263ns
  Clock Uncertainty:      0.035ns  ((TSJ^2 + TIJ^2)^1/2 + DJ) / 2 + PE
    Total System Jitter     (TSJ):    0.071ns
    Total Input Jitter      (TIJ):    0.000ns
    Discrete Jitter          (DJ):    0.000ns
    Phase Error              (PE):    0.000ns

    Location             Delay type                Incr(ns)  Path(ns)    Netlist Resource(s)
  -------------------------------------------------------------------    -------------------
                         (clock sys_clk rise edge)    0.000     0.000 r  
    AD23                                              0.000     0.000 r  clk (IN)
                         net (fo=0)                   0.000     0.000    clk
    AD23                 IBUF (Prop_ibuf_I_O)         0.873     0.873 r  clk_IBUF_inst/O
                         net (fo=1, routed)           1.830     2.703    clk_IBUF
    BUFGCTRL_X0Y0        BUFG (Prop_bufg_I_O)         0.120     2.823 r  clk_IBUF_BUFG_inst/O
                         net (fo=350, routed)         1.639     4.462    GEN_BRAM.u_core/clk_IBUF_BUFG
    SLICE_X15Y23         FDCE                                         r  GEN_BRAM.u_core/ir_reg[2]/C
  -------------------------------------------------------------------    -------------------
    SLICE_X15Y23         FDCE (Prop_fdce_C_Q)         0.269     4.731 r  GEN_BRAM.u_core/ir_reg[2]/Q
                         net (fo=24, routed)          0.633     5.364    GEN_BRAM.u_core/reg_file/Q[1]
    SLICE_X14Y24         LUT5 (Prop_lut5_I0_O)        0.053     5.417 r  GEN_BRAM.u_core/reg_file/registers_reg_r1_0_31_0_5_i_25/O
                         net (fo=56, routed)          0.733     6.150    GEN_BRAM.u_core/imm_gen/u_mul_i_32
    SLICE_X12Y20         LUT6 (Prop_lut6_I4_O)        0.053     6.203 f  GEN_BRAM.u_core/imm_gen/u_mul_i_68/O
                         net (fo=1, routed)           0.331     6.534    GEN_BRAM.u_core/alu_mux_b/imm[0]
    SLICE_X12Y20         LUT4 (Prop_lut4_I0_O)        0.053     6.587 r  GEN_BRAM.u_core/alu_mux_b/u_mul_i_32/O
                         net (fo=136, routed)         0.614     7.201    GEN_BRAM.u_core/alu/u_mul/u_mul/GEN_ARRAY.u_mul/u_csa_row0/GEN_CSA_FA[1].u_fa/result[4]_INST_0_i_22_n_0
    SLICE_X13Y19         CARRY4 (Prop_carry4_CYINIT_O[1])
                                                      0.390     7.591 r  GEN_BRAM.u_core/alu/u_mul/u_mul/GEN_ARRAY.u_mul/u_csa_row0/GEN_CSA_FA[1].u_fa/result[4]_INST_0_i_6/O[1]
                         net (fo=32, routed)          0.752     8.343    GEN_BRAM.u_core/alu/u_mul/u_mul/GEN_ARRAY.u_mul/u_csa_row0/GEN_CSA_FA[1].u_fa/mag_b0[2]
    SLICE_X18Y21         LUT6 (Prop_lut6_I3_O)        0.152     8.495 r  GEN_BRAM.u_core/alu/u_mul/u_mul/GEN_ARRAY.u_mul/u_csa_row0/GEN_CSA_FA[1].u_fa/result[14]_INST_0_i_132/O
                         net (fo=2, routed)           0.579     9.074    GEN_BRAM.u_core/alu/u_mul/u_mul/GEN_ARRAY.u_mul/u_csa_row0/GEN_CSA_FA[1].u_fa/pp[2]_91[14]
    SLICE_X18Y21         LUT6 (Prop_lut6_I5_O)        0.053     9.127 r  GEN_BRAM.u_core/alu/u_mul/u_mul/GEN_ARRAY.u_mul/u_csa_row0/GEN_CSA_FA[1].u_fa/result[16]_INST_0_i_144/O
                         net (fo=3, routed)           0.575     9.702    GEN_BRAM.u_core/alu/u_mul/u_mul/GEN_ARRAY.u_mul/u_csa_row0/GEN_CSA_FA[1].u_fa/stage_carry[0]_58[15]
    SLICE_X18Y20         LUT5 (Prop_lut5_I0_O)        0.053     9.755 r  GEN_BRAM.u_core/alu/u_mul/u_mul/GEN_ARRAY.u_mul/u_csa_row0/GEN_CSA_FA[1].u_fa/result[16]_INST_0_i_125/O
                         net (fo=3, routed)           0.366    10.121    GEN_BRAM.u_core/alu/u_mul/u_mul/GEN_ARRAY.u_mul/u_csa_row0/GEN_CSA_FA[1].u_fa/stage_sum[2]_42[15]
    SLICE_X18Y19         LUT3 (Prop_lut3_I1_O)        0.053    10.174 r  GEN_BRAM.u_core/alu/u_mul/u_mul/GEN_ARRAY.u_mul/u_csa_row0/GEN_CSA_FA[1].u_fa/result[16]_INST_0_i_132/O
                         net (fo=2, routed)           0.635    10.809    GEN_BRAM.u_core/alu/u_mul/u_mul/GEN_ARRAY.u_mul/u_csa_row0/GEN_CSA_FA[1].u_fa/stage_carry[3]_44[16]
    SLICE_X19Y19         LUT5 (Prop_lut5_I3_O)        0.053    10.862 r  GEN_BRAM.u_core/alu/u_mul/u_mul/GEN_ARRAY.u_mul/u_csa_row0/GEN_CSA_FA[1].u_fa/result[18]_INST_0_i_109/O
                         net (fo=3, routed)           0.588    11.450    GEN_BRAM.u_core/alu/u_mul/u_mul/GEN_ARRAY.u_mul/u_csa_row0/GEN_CSA_FA[1].u_fa/stage_carry[4]_2[17]
    SLICE_X17Y14         LUT3 (Prop_lut3_I0_O)        0.053    11.503 r  GEN_BRAM.u_core/alu/u_mul/u_mul/GEN_ARRAY.u_mul/u_csa_row0/GEN_CSA_FA[1].u_fa/result[18]_INST_0_i_117/O
                         net (fo=2, routed)           0.626    12.129    GEN_BRAM.u_core/alu/u_mul/u_mul/GEN_ARRAY.u_mul/u_csa_row0/GEN_CSA_FA[1].u_fa/stage_carry[5]_45[18]
    SLICE_X14Y9          LUT5 (Prop_lut5_I3_O)        0.053    12.182 r  GEN_BRAM.u_core/alu/u_mul/u_mul/GEN_ARRAY.u_mul/u_csa_row0/GEN_CSA_FA[1].u_fa/result[20]_INST_0_i_124/O
                         net (fo=3, routed)           0.516    12.698    GEN_BRAM.u_core/alu/u_mul/u_mul/GEN_ARRAY.u_mul/u_csa_row0/GEN_CSA_FA[1].u_fa/stage_carry[6]_4[19]
    SLICE_X13Y8          LUT3 (Prop_lut3_I0_O)        0.053    12.751 r  GEN_BRAM.u_core/alu/u_mul/u_mul/GEN_ARRAY.u_mul/u_csa_row0/GEN_CSA_FA[1].u_fa/result[20]_INST_0_i_132/O
                         net (fo=2, routed)           0.421    13.172    GEN_BRAM.u_core/alu/u_mul/u_mul/GEN_ARRAY.u_mul/u_csa_row0/GEN_CSA_FA[1].u_fa/stage_carry[7]_46[20]
    SLICE_X13Y6          LUT5 (Prop_lut5_I3_O)        0.053    13.225 r  GEN_BRAM.u_core/alu/u_mul/u_mul/GEN_ARRAY.u_mul/u_csa_row0/GEN_CSA_FA[1].u_fa/result[22]_INST_0_i_104/O
                         net (fo=3, routed)           0.482    13.707    GEN_BRAM.u_core/alu/u_mul/u_mul/GEN_ARRAY.u_mul/u_csa_row0/GEN_CSA_FA[1].u_fa/stage_carry[8]_6[21]
    SLICE_X11Y5          LUT3 (Prop_lut3_I0_O)        0.053    13.760 r  GEN_BRAM.u_core/alu/u_mul/u_mul/GEN_ARRAY.u_mul/u_csa_row0/GEN_CSA_FA[1].u_fa/result[22]_INST_0_i_112/O
                         net (fo=2, routed)           0.311    14.072    GEN_BRAM.u_core/alu/u_mul/u_mul/GEN_ARRAY.u_mul/u_csa_row0/GEN_CSA_FA[1].u_fa/stage_carry[9]_47[22]
    SLICE_X11Y3          LUT5 (Prop_lut5_I3_O)        0.053    14.125 r  GEN_BRAM.u_core/alu/u_mul/u_mul/GEN_ARRAY.u_mul/u_csa_row0/GEN_CSA_FA[1].u_fa/result[24]_INST_0_i_109/O
                         net (fo=3, routed)           0.457    14.582    GEN_BRAM.u_core/alu/u_mul/u_mul/GEN_ARRAY.u_mul/u_csa_row0/GEN_CSA_FA[1].u_fa/stage_carry[10]_8[23]
    SLICE_X11Y2          LUT3 (Prop_lut3_I0_O)        0.053    14.635 r  GEN_BRAM.u_core/alu/u_mul/u_mul/GEN_ARRAY.u_mul/u_csa_row0/GEN_CSA_FA[1].u_fa/result[24]_INST_0_i_117/O
                         net (fo=2, routed)           0.374    15.009    GEN_BRAM.u_core/alu/u_mul/u_mul/GEN_ARRAY.u_mul/u_csa_row0/GEN_CSA_FA[1].u_fa/stage_carry[11]_48[24]
    SLICE_X10Y2          LUT5 (Prop_lut5_I3_O)        0.053    15.062 r  GEN_BRAM.u_core/alu/u_mul/u_mul/GEN_ARRAY.u_mul/u_csa_row0/GEN_CSA_FA[1].u_fa/result[24]_INST_0_i_105/O
                         net (fo=3, routed)           0.630    15.693    GEN_BRAM.u_core/alu/u_mul/u_mul/GEN_ARRAY.u_mul/u_csa_row0/GEN_CSA_FA[1].u_fa/stage_sum[12]_37[24]
    SLICE_X9Y3           LUT5 (Prop_lut5_I1_O)        0.053    15.746 r  GEN_BRAM.u_core/alu/u_mul/u_mul/GEN_ARRAY.u_mul/u_csa_row0/GEN_CSA_FA[1].u_fa/result[26]_INST_0_i_74/O
                         net (fo=3, routed)           0.592    16.337    GEN_BRAM.u_core/alu/u_mul/u_mul/GEN_ARRAY.u_mul/u_csa_row0/GEN_CSA_FA[1].u_fa/stage_carry[14]_12[25]
    SLICE_X4Y1           LUT3 (Prop_lut3_I0_O)        0.053    16.390 r  GEN_BRAM.u_core/alu/u_mul/u_mul/GEN_ARRAY.u_mul/u_csa_row0/GEN_CSA_FA[1].u_fa/result[26]_INST_0_i_82/O
                         net (fo=2, routed)           0.323    16.713    GEN_BRAM.u_core/alu/u_mul/u_mul/GEN_ARRAY.u_mul/u_csa_row0/GEN_CSA_FA[1].u_fa/stage_carry[15]_50[26]
    SLICE_X4Y0           LUT5 (Prop_lut5_I3_O)        0.053    16.766 r  GEN_BRAM.u_core/alu/u_mul/u_mul/GEN_ARRAY.u_mul/u_csa_row0/GEN_CSA_FA[1].u_fa/result[26]_INST_0_i_70/O
                         net (fo=3, routed)           0.392    17.158    GEN_BRAM.u_core/alu/u_mul/u_mul/GEN_ARRAY.u_mul/u_csa_row0/GEN_CSA_FA[1].u_fa/stage_sum[16]_35[26]
    SLICE_X2Y3           LUT3 (Prop_lut3_I1_O)        0.053    17.211 r  GEN_BRAM.u_core/alu/u_mul/u_mul/GEN_ARRAY.u_mul/u_csa_row0/GEN_CSA_FA[1].u_fa/result[28]_INST_0_i_82/O
                         net (fo=2, routed)           0.467    17.679    GEN_BRAM.u_core/alu/u_mul/u_mul/GEN_ARRAY.u_mul/u_csa_row0/GEN_CSA_FA[1].u_fa/stage_carry[17]_51[27]
    SLICE_X2Y3           LUT5 (Prop_lut5_I3_O)        0.053    17.732 r  GEN_BRAM.u_core/alu/u_mul/u_mul/GEN_ARRAY.u_mul/u_csa_row0/GEN_CSA_FA[1].u_fa/result[28]_INST_0_i_70/O
                         net (fo=3, routed)           0.157    17.889    GEN_BRAM.u_core/alu/u_mul/u_mul/GEN_ARRAY.u_mul/u_csa_row0/GEN_CSA_FA[1].u_fa/stage_sum[18]_34[27]
    SLICE_X2Y3           LUT3 (Prop_lut3_I1_O)        0.053    17.942 r  GEN_BRAM.u_core/alu/u_mul/u_mul/GEN_ARRAY.u_mul/u_csa_row0/GEN_CSA_FA[1].u_fa/result[28]_INST_0_i_77/O
                         net (fo=2, routed)           0.433    18.375    GEN_BRAM.u_core/alu/u_mul/u_mul/GEN_ARRAY.u_mul/u_csa_row0/GEN_CSA_FA[1].u_fa/stage_carry[19]_52[28]
    SLICE_X2Y1           LUT5 (Prop_lut5_I3_O)        0.053    18.428 r  GEN_BRAM.u_core/alu/u_mul/u_mul/GEN_ARRAY.u_mul/u_csa_row0/GEN_CSA_FA[1].u_fa/result[28]_INST_0_i_65/O
                         net (fo=3, routed)           0.603    19.030    GEN_BRAM.u_core/alu/u_mul/u_mul/GEN_ARRAY.u_mul/u_csa_row0/GEN_CSA_FA[1].u_fa/stage_sum[20]_33[28]
    SLICE_X0Y6           LUT3 (Prop_lut3_I1_O)        0.053    19.083 r  GEN_BRAM.u_core/alu/u_mul/u_mul/GEN_ARRAY.u_mul/u_csa_row0/GEN_CSA_FA[1].u_fa/result[30]_INST_0_i_41/O
                         net (fo=2, routed)           0.352    19.436    GEN_BRAM.u_core/alu/u_mul/u_mul/GEN_ARRAY.u_mul/u_csa_row0/GEN_CSA_FA[1].u_fa/stage_carry[21]_53[29]
    SLICE_X1Y3           LUT5 (Prop_lut5_I3_O)        0.053    19.489 r  GEN_BRAM.u_core/alu/u_mul/u_mul/GEN_ARRAY.u_mul/u_csa_row0/GEN_CSA_FA[1].u_fa/result[30]_INST_0_i_29/O
                         net (fo=3, routed)           0.436    19.925    GEN_BRAM.u_core/alu/u_mul/u_mul/GEN_ARRAY.u_mul/u_csa_row0/GEN_CSA_FA[1].u_fa/stage_sum[22]_32[29]
    SLICE_X0Y6           LUT3 (Prop_lut3_I1_O)        0.053    19.978 r  GEN_BRAM.u_core/alu/u_mul/u_mul/GEN_ARRAY.u_mul/u_csa_row0/GEN_CSA_FA[1].u_fa/result[30]_INST_0_i_36/O
                         net (fo=2, routed)           0.433    20.411    GEN_BRAM.u_core/alu/u_mul/u_mul/GEN_ARRAY.u_mul/u_csa_row0/GEN_CSA_FA[1].u_fa/stage_carry[23]_54[30]
    SLICE_X3Y5           LUT5 (Prop_lut5_I3_O)        0.053    20.464 r  GEN_BRAM.u_core/alu/u_mul/u_mul/GEN_ARRAY.u_mul/u_csa_row0/GEN_CSA_FA[1].u_fa/result[30]_INST_0_i_23/O
                         net (fo=3, routed)           0.482    20.946    GEN_BRAM.u_core/alu/u_mul/u_mul/GEN_ARRAY.u_mul/u_csa_row0/GEN_CSA_FA[1].u_fa/stage_sum[24]_31[30]
    SLICE_X4Y8           LUT3 (Prop_lut3_I1_O)        0.053    20.999 r  GEN_BRAM.u_core/alu/u_mul/u_mul/GEN_ARRAY.u_mul/u_csa_row0/GEN_CSA_FA[1].u_fa/result[31]_INST_0_i_41/O
                         net (fo=2, routed)           0.371    21.370    GEN_BRAM.u_core/alu/u_mul/u_mul/GEN_ARRAY.u_mul/u_csa_row0/GEN_CSA_FA[1].u_fa/stage_carry[25]_55[31]
    SLICE_X4Y6           LUT5 (Prop_lut5_I3_O)        0.053    21.423 r  GEN_BRAM.u_core/alu/u_mul/u_mul/GEN_ARRAY.u_mul/u_csa_row0/GEN_CSA_FA[1].u_fa/result[31]_INST_0_i_31/O
                         net (fo=3, routed)           0.453    21.876    GEN_BRAM.u_core/alu/u_mul/u_mul/GEN_ARRAY.u_mul/u_csa_row0/GEN_CSA_FA[1].u_fa/stage_sum[26]_30[31]
    SLICE_X7Y9           LUT3 (Prop_lut3_I1_O)        0.053    21.929 r  GEN_BRAM.u_core/alu/u_mul/u_mul/GEN_ARRAY.u_mul/u_csa_row0/GEN_CSA_FA[1].u_fa/result[2]_INST_0_i_22/O
                         net (fo=3, routed)           0.617    22.545    GEN_BRAM.u_core/alu/u_mul/u_mul/GEN_ARRAY.u_mul/u_csa_row0/GEN_CSA_FA[1].u_fa/stage_carry[27]_56[32]
    SLICE_X9Y9           LUT5 (Prop_lut5_I0_O)        0.053    22.598 r  GEN_BRAM.u_core/alu/u_mul/u_mul/GEN_ARRAY.u_mul/u_csa_row0/GEN_CSA_FA[1].u_fa/result[1]_INST_0_i_4/O
                         net (fo=4, routed)           0.721    23.319    GEN_BRAM.u_core/alu/u_mul/u_mul/GEN_ARRAY.u_mul/u_csa_row0/GEN_CSA_FA[1].u_fa/stage_sum[29]_57[32]
    SLICE_X8Y15          LUT5 (Prop_lut5_I4_O)        0.065    23.384 r  GEN_BRAM.u_core/alu/u_mul/u_mul/GEN_ARRAY.u_mul/u_csa_row0/GEN_CSA_FA[1].u_fa/result[1]_INST_0_i_6/O
                         net (fo=2, routed)           0.306    23.690    GEN_BRAM.u_core/alu/u_mul/u_mul/GEN_ARRAY.u_mul/u_csa_row0/GEN_CSA_FA[1].u_fa/u_final_cpa/GEN_FINAL_FA[32].u_fa/c2
    SLICE_X8Y16          LUT5 (Prop_lut5_I2_O)        0.171    23.861 r  GEN_BRAM.u_core/alu/u_mul/u_mul/GEN_ARRAY.u_mul/u_csa_row0/GEN_CSA_FA[1].u_fa/result[2]_INST_0_i_9/O
                         net (fo=2, routed)           0.586    24.447    GEN_BRAM.u_core/alu/u_mul/u_mul/GEN_ARRAY.u_mul/u_csa_row0/GEN_CSA_FA[1].u_fa/u_final_cpa/GEN_FINAL_FA[33].u_fa/c2
    SLICE_X8Y16          LUT5 (Prop_lut5_I2_O)        0.183    24.630 r  GEN_BRAM.u_core/alu/u_mul/u_mul/GEN_ARRAY.u_mul/u_csa_row0/GEN_CSA_FA[1].u_fa/result[4]_INST_0_i_14/O
                         net (fo=3, routed)           0.391    25.021    GEN_BRAM.u_core/alu/u_mul/u_mul/GEN_ARRAY.u_mul/u_csa_row0/GEN_CSA_FA[1].u_fa/u_final_cpa/c_35
    SLICE_X7Y16          LUT6 (Prop_lut6_I4_O)        0.172    25.193 r  GEN_BRAM.u_core/alu/u_mul/u_mul/GEN_ARRAY.u_mul/u_csa_row0/GEN_CSA_FA[1].u_fa/result[6]_INST_0_i_12/O
                         net (fo=3, routed)           0.205    25.397    GEN_BRAM.u_core/alu/u_mul/u_mul/GEN_ARRAY.u_mul/u_csa_row0/GEN_CSA_FA[1].u_fa/u_final_cpa/c_37
    SLICE_X7Y16          LUT6 (Prop_lut6_I4_O)        0.053    25.450 r  GEN_BRAM.u_core/alu/u_mul/u_mul/GEN_ARRAY.u_mul/u_csa_row0/GEN_CSA_FA[1].u_fa/result[8]_INST_0_i_13/O
                         net (fo=3, routed)           0.405    25.856    GEN_BRAM.u_core/alu/u_mul/u_mul/GEN_ARRAY.u_mul/u_csa_row0/GEN_CSA_FA[1].u_fa/u_final_cpa/c_39
    SLICE_X9Y17          LUT6 (Prop_lut6_I4_O)        0.053    25.909 r  GEN_BRAM.u_core/alu/u_mul/u_mul/GEN_ARRAY.u_mul/u_csa_row0/GEN_CSA_FA[1].u_fa/result[10]_INST_0_i_12/O
                         net (fo=3, routed)           0.311    26.220    GEN_BRAM.u_core/alu/u_mul/u_mul/GEN_ARRAY.u_mul/u_csa_row0/GEN_CSA_FA[1].u_fa/u_final_cpa/c_41
    SLICE_X9Y18          LUT6 (Prop_lut6_I4_O)        0.053    26.273 r  GEN_BRAM.u_core/alu/u_mul/u_mul/GEN_ARRAY.u_mul/u_csa_row0/GEN_CSA_FA[1].u_fa/result[12]_INST_0_i_13/O
                         net (fo=3, routed)           0.138    26.411    GEN_BRAM.u_core/alu/u_mul/u_mul/GEN_ARRAY.u_mul/u_csa_row0/GEN_CSA_FA[1].u_fa/u_final_cpa/c_43
    SLICE_X9Y18          LUT6 (Prop_lut6_I4_O)        0.053    26.464 r  GEN_BRAM.u_core/alu/u_mul/u_mul/GEN_ARRAY.u_mul/u_csa_row0/GEN_CSA_FA[1].u_fa/result[14]_INST_0_i_12/O
                         net (fo=3, routed)           0.278    26.742    GEN_BRAM.u_core/alu/u_mul/u_mul/GEN_ARRAY.u_mul/u_csa_row0/GEN_CSA_FA[1].u_fa/u_final_cpa/c_45
    SLICE_X10Y19         LUT6 (Prop_lut6_I4_O)        0.053    26.795 r  GEN_BRAM.u_core/alu/u_mul/u_mul/GEN_ARRAY.u_mul/u_csa_row0/GEN_CSA_FA[1].u_fa/result[16]_INST_0_i_13/O
                         net (fo=3, routed)           0.318    27.113    GEN_BRAM.u_core/alu/u_mul/u_mul/GEN_ARRAY.u_mul/u_csa_row0/GEN_CSA_FA[1].u_fa/u_final_cpa/c_47
    SLICE_X10Y20         LUT6 (Prop_lut6_I4_O)        0.053    27.166 r  GEN_BRAM.u_core/alu/u_mul/u_mul/GEN_ARRAY.u_mul/u_csa_row0/GEN_CSA_FA[1].u_fa/result[18]_INST_0_i_12/O
                         net (fo=3, routed)           0.222    27.388    GEN_BRAM.u_core/alu/u_mul/u_mul/GEN_ARRAY.u_mul/u_csa_row0/GEN_CSA_FA[1].u_fa/u_final_cpa/c_49
    SLICE_X10Y20         LUT6 (Prop_lut6_I4_O)        0.053    27.441 r  GEN_BRAM.u_core/alu/u_mul/u_mul/GEN_ARRAY.u_mul/u_csa_row0/GEN_CSA_FA[1].u_fa/result[20]_INST_0_i_13/O
                         net (fo=3, routed)           0.323    27.764    GEN_BRAM.u_core/alu/u_mul/u_mul/GEN_ARRAY.u_mul/u_csa_row0/GEN_CSA_FA[1].u_fa/u_final_cpa/c_51
    SLICE_X10Y21         LUT6 (Prop_lut6_I4_O)        0.053    27.817 r  GEN_BRAM.u_core/alu/u_mul/u_mul/GEN_ARRAY.u_mul/u_csa_row0/GEN_CSA_FA[1].u_fa/result[22]_INST_0_i_12/O
                         net (fo=3, routed)           0.146    27.963    GEN_BRAM.u_core/alu/u_mul/u_mul/GEN_ARRAY.u_mul/u_csa_row0/GEN_CSA_FA[1].u_fa/u_final_cpa/c_53
    SLICE_X10Y21         LUT6 (Prop_lut6_I4_O)        0.053    28.016 r  GEN_BRAM.u_core/alu/u_mul/u_mul/GEN_ARRAY.u_mul/u_csa_row0/GEN_CSA_FA[1].u_fa/result[24]_INST_0_i_13/O
                         net (fo=3, routed)           0.255    28.271    GEN_BRAM.u_core/alu/u_mul/u_mul/GEN_ARRAY.u_mul/u_csa_row0/GEN_CSA_FA[1].u_fa/u_final_cpa/c_55
    SLICE_X10Y22         LUT6 (Prop_lut6_I4_O)        0.053    28.324 r  GEN_BRAM.u_core/alu/u_mul/u_mul/GEN_ARRAY.u_mul/u_csa_row0/GEN_CSA_FA[1].u_fa/result[26]_INST_0_i_12/O
                         net (fo=3, routed)           0.222    28.545    GEN_BRAM.u_core/alu/u_mul/u_mul/GEN_ARRAY.u_mul/u_csa_row0/GEN_CSA_FA[1].u_fa/u_final_cpa/c_57
    SLICE_X10Y22         LUT6 (Prop_lut6_I4_O)        0.053    28.598 r  GEN_BRAM.u_core/alu/u_mul/u_mul/GEN_ARRAY.u_mul/u_csa_row0/GEN_CSA_FA[1].u_fa/result[28]_INST_0_i_13/O
                         net (fo=3, routed)           0.254    28.853    GEN_BRAM.u_core/alu/u_mul/u_mul/GEN_ARRAY.u_mul/u_csa_row0/GEN_CSA_FA[1].u_fa/u_final_cpa/c_59
    SLICE_X9Y22          LUT6 (Prop_lut6_I4_O)        0.053    28.906 r  GEN_BRAM.u_core/alu/u_mul/u_mul/GEN_ARRAY.u_mul/u_csa_row0/GEN_CSA_FA[1].u_fa/result[31]_INST_0_i_13/O
                         net (fo=3, routed)           0.323    29.228    GEN_BRAM.u_core/alu/u_mul/u_mul/GEN_ARRAY.u_mul/u_csa_row0/GEN_CSA_FA[1].u_fa/u_final_cpa/c_61
    SLICE_X8Y23          LUT5 (Prop_lut5_I4_O)        0.053    29.281 r  GEN_BRAM.u_core/alu/u_mul/u_mul/GEN_ARRAY.u_mul/u_csa_row0/GEN_CSA_FA[1].u_fa/result[29]_INST_0_i_2/O
                         net (fo=2, routed)           0.000    29.281    GEN_BRAM.u_core/alu/u_mul/u_mul/GEN_ARRAY.u_mul/u_csa_row0/GEN_CSA_FA[1].u_fa/p_0_in[61]
    SLICE_X8Y23          CARRY4 (Prop_carry4_S[0]_O[1])
                                                      0.271    29.552 r  GEN_BRAM.u_core/alu/u_mul/u_mul/GEN_ARRAY.u_mul/u_csa_row0/GEN_CSA_FA[1].u_fa/result[31]_INST_0_i_6/O[1]
                         net (fo=1, routed)           0.276    29.828    GEN_BRAM.u_core/alu/u_mul/u_mul/GEN_ARRAY.u_mul/u_csa_row0/GEN_CSA_FA[1].u_fa/signed_product0[62]
    SLICE_X9Y23          LUT6 (Prop_lut6_I5_O)        0.155    29.983 r  GEN_BRAM.u_core/alu/u_mul/u_mul/GEN_ARRAY.u_mul/u_csa_row0/GEN_CSA_FA[1].u_fa/result[30]_INST_0/O
                         net (fo=1, routed)           0.239    30.222    GEN_BRAM.u_core/reg_file/result[26]
    SLICE_X11Y23         LUT6 (Prop_lut6_I2_O)        0.053    30.275 r  GEN_BRAM.u_core/reg_file/debug_alu_out_OBUF[30]_inst_i_4/O
                         net (fo=1, routed)           0.128    30.404    GEN_BRAM.u_core/reg_file/debug_alu_out_OBUF[30]_inst_i_4_n_0
    SLICE_X11Y23         LUT6 (Prop_lut6_I5_O)        0.053    30.457 r  GEN_BRAM.u_core/reg_file/debug_alu_out_OBUF[30]_inst_i_1/O
                         net (fo=3, routed)           0.142    30.599    GEN_BRAM.u_core/wb_mux/debug_alu_out_OBUF[30]
    SLICE_X11Y23         LUT6 (Prop_lut6_I0_O)        0.053    30.652 r  GEN_BRAM.u_core/wb_mux/registers_reg_r1_0_31_30_31_i_3/O
                         net (fo=1, routed)           0.357    31.008    GEN_BRAM.u_core/divider/wb_exec[30]
    SLICE_X11Y24         LUT6 (Prop_lut6_I5_O)        0.053    31.061 r  GEN_BRAM.u_core/divider/registers_reg_r1_0_31_30_31_i_1/O
                         net (fo=4, routed)           0.486    31.547    GEN_BRAM.u_core/reg_file/registers_reg_r1_0_31_30_31/D
    SLICE_X12Y24         RAMD32                                       r  GEN_BRAM.u_core/reg_file/registers_reg_r1_0_31_30_31/DP/I
  -------------------------------------------------------------------    -------------------

                         (clock sys_clk rise edge)   30.000    30.000 r  
    AD23                                              0.000    30.000 r  clk (IN)
                         net (fo=0)                   0.000    30.000    clk
    AD23                 IBUF (Prop_ibuf_I_O)         0.796    30.796 r  clk_IBUF_inst/O
                         net (fo=1, routed)           1.741    32.537    clk_IBUF
    BUFGCTRL_X0Y0        BUFG (Prop_bufg_I_O)         0.113    32.650 r  clk_IBUF_BUFG_inst/O
                         net (fo=350, routed)         1.528    34.178    GEN_BRAM.u_core/reg_file/registers_reg_r1_0_31_30_31/WCLK
    SLICE_X12Y24         RAMD32                                       r  GEN_BRAM.u_core/reg_file/registers_reg_r1_0_31_30_31/DP/CLK
                         clock pessimism              0.263    34.442    
                         clock uncertainty           -0.035    34.406    
    SLICE_X12Y24         RAMD32 (Setup_ramd32_CLK_I)
                                                     -0.174    34.232    GEN_BRAM.u_core/reg_file/registers_reg_r1_0_31_30_31/DP
  -------------------------------------------------------------------
                         required time                         34.232    
                         arrival time                         -31.547    
  -------------------------------------------------------------------
                         slack                                  2.685    

Slack (MET) :             2.751ns  (required time - arrival time)
  Source:                 GEN_BRAM.u_core/ir_reg[2]/C
                            (rising edge-triggered cell FDCE clocked by sys_clk  {rise@0.000ns fall@15.000ns period=30.000ns})
  Destination:            GEN_BRAM.u_core/reg_file/registers_reg_r2_0_31_30_31/DP/I
                            (rising edge-triggered cell RAMD32 clocked by sys_clk  {rise@0.000ns fall@15.000ns period=30.000ns})
  Path Group:             sys_clk
  Path Type:              Setup (Max at Slow Process Corner)
  Requirement:            30.000ns  (sys_clk rise@30.000ns - sys_clk rise@0.000ns)
  Data Path Delay:        26.867ns  (logic 4.319ns (16.075%)  route 22.548ns (83.925%))
  Logic Levels:           55  (CARRY4=2 LUT3=12 LUT4=1 LUT5=19 LUT6=21)
  Clock Path Skew:        -0.020ns (DCD - SCD + CPR)
    Destination Clock Delay (DCD):    4.178ns = ( 34.178 - 30.000 ) 
    Source Clock Delay      (SCD):    4.462ns
    Clock Pessimism Removal (CPR):    0.263ns
  Clock Uncertainty:      0.035ns  ((TSJ^2 + TIJ^2)^1/2 + DJ) / 2 + PE
    Total System Jitter     (TSJ):    0.071ns
    Total Input Jitter      (TIJ):    0.000ns
    Discrete Jitter          (DJ):    0.000ns
    Phase Error              (PE):    0.000ns

    Location             Delay type                Incr(ns)  Path(ns)    Netlist Resource(s)
  -------------------------------------------------------------------    -------------------
                         (clock sys_clk rise edge)    0.000     0.000 r  
    AD23                                              0.000     0.000 r  clk (IN)
                         net (fo=0)                   0.000     0.000    clk
    AD23                 IBUF (Prop_ibuf_I_O)         0.873     0.873 r  clk_IBUF_inst/O
                         net (fo=1, routed)           1.830     2.703    clk_IBUF
    BUFGCTRL_X0Y0        BUFG (Prop_bufg_I_O)         0.120     2.823 r  clk_IBUF_BUFG_inst/O
                         net (fo=350, routed)         1.639     4.462    GEN_BRAM.u_core/clk_IBUF_BUFG
    SLICE_X15Y23         FDCE                                         r  GEN_BRAM.u_core/ir_reg[2]/C
  -------------------------------------------------------------------    -------------------
    SLICE_X15Y23         FDCE (Prop_fdce_C_Q)         0.269     4.731 r  GEN_BRAM.u_core/ir_reg[2]/Q
                         net (fo=24, routed)          0.633     5.364    GEN_BRAM.u_core/reg_file/Q[1]
    SLICE_X14Y24         LUT5 (Prop_lut5_I0_O)        0.053     5.417 r  GEN_BRAM.u_core/reg_file/registers_reg_r1_0_31_0_5_i_25/O
                         net (fo=56, routed)          0.733     6.150    GEN_BRAM.u_core/imm_gen/u_mul_i_32
    SLICE_X12Y20         LUT6 (Prop_lut6_I4_O)        0.053     6.203 f  GEN_BRAM.u_core/imm_gen/u_mul_i_68/O
                         net (fo=1, routed)           0.331     6.534    GEN_BRAM.u_core/alu_mux_b/imm[0]
    SLICE_X12Y20         LUT4 (Prop_lut4_I0_O)        0.053     6.587 r  GEN_BRAM.u_core/alu_mux_b/u_mul_i_32/O
                         net (fo=136, routed)         0.614     7.201    GEN_BRAM.u_core/alu/u_mul/u_mul/GEN_ARRAY.u_mul/u_csa_row0/GEN_CSA_FA[1].u_fa/result[4]_INST_0_i_22_n_0
    SLICE_X13Y19         CARRY4 (Prop_carry4_CYINIT_O[1])
                                                      0.390     7.591 r  GEN_BRAM.u_core/alu/u_mul/u_mul/GEN_ARRAY.u_mul/u_csa_row0/GEN_CSA_FA[1].u_fa/result[4]_INST_0_i_6/O[1]
                         net (fo=32, routed)          0.752     8.343    GEN_BRAM.u_core/alu/u_mul/u_mul/GEN_ARRAY.u_mul/u_csa_row0/GEN_CSA_FA[1].u_fa/mag_b0[2]
    SLICE_X18Y21         LUT6 (Prop_lut6_I3_O)        0.152     8.495 r  GEN_BRAM.u_core/alu/u_mul/u_mul/GEN_ARRAY.u_mul/u_csa_row0/GEN_CSA_FA[1].u_fa/result[14]_INST_0_i_132/O
                         net (fo=2, routed)           0.579     9.074    GEN_BRAM.u_core/alu/u_mul/u_mul/GEN_ARRAY.u_mul/u_csa_row0/GEN_CSA_FA[1].u_fa/pp[2]_91[14]
    SLICE_X18Y21         LUT6 (Prop_lut6_I5_O)        0.053     9.127 r  GEN_BRAM.u_core/alu/u_mul/u_mul/GEN_ARRAY.u_mul/u_csa_row0/GEN_CSA_FA[1].u_fa/result[16]_INST_0_i_144/O
                         net (fo=3, routed)           0.575     9.702    GEN_BRAM.u_core/alu/u_mul/u_mul/GEN_ARRAY.u_mul/u_csa_row0/GEN_CSA_FA[1].u_fa/stage_carry[0]_58[15]
    SLICE_X18Y20         LUT5 (Prop_lut5_I0_O)        0.053     9.755 r  GEN_BRAM.u_core/alu/u_mul/u_mul/GEN_ARRAY.u_mul/u_csa_row0/GEN_CSA_FA[1].u_fa/result[16]_INST_0_i_125/O
                         net (fo=3, routed)           0.366    10.121    GEN_BRAM.u_core/alu/u_mul/u_mul/GEN_ARRAY.u_mul/u_csa_row0/GEN_CSA_FA[1].u_fa/stage_sum[2]_42[15]
    SLICE_X18Y19         LUT3 (Prop_lut3_I1_O)        0.053    10.174 r  GEN_BRAM.u_core/alu/u_mul/u_mul/GEN_ARRAY.u_mul/u_csa_row0/GEN_CSA_FA[1].u_fa/result[16]_INST_0_i_132/O
                         net (fo=2, routed)           0.635    10.809    GEN_BRAM.u_core/alu/u_mul/u_mul/GEN_ARRAY.u_mul/u_csa_row0/GEN_CSA_FA[1].u_fa/stage_carry[3]_44[16]
    SLICE_X19Y19         LUT5 (Prop_lut5_I3_O)        0.053    10.862 r  GEN_BRAM.u_core/alu/u_mul/u_mul/GEN_ARRAY.u_mul/u_csa_row0/GEN_CSA_FA[1].u_fa/result[18]_INST_0_i_109/O
                         net (fo=3, routed)           0.588    11.450    GEN_BRAM.u_core/alu/u_mul/u_mul/GEN_ARRAY.u_mul/u_csa_row0/GEN_CSA_FA[1].u_fa/stage_carry[4]_2[17]
    SLICE_X17Y14         LUT3 (Prop_lut3_I0_O)        0.053    11.503 r  GEN_BRAM.u_core/alu/u_mul/u_mul/GEN_ARRAY.u_mul/u_csa_row0/GEN_CSA_FA[1].u_fa/result[18]_INST_0_i_117/O
                         net (fo=2, routed)           0.626    12.129    GEN_BRAM.u_core/alu/u_mul/u_mul/GEN_ARRAY.u_mul/u_csa_row0/GEN_CSA_FA[1].u_fa/stage_carry[5]_45[18]
    SLICE_X14Y9          LUT5 (Prop_lut5_I3_O)        0.053    12.182 r  GEN_BRAM.u_core/alu/u_mul/u_mul/GEN_ARRAY.u_mul/u_csa_row0/GEN_CSA_FA[1].u_fa/result[20]_INST_0_i_124/O
                         net (fo=3, routed)           0.516    12.698    GEN_BRAM.u_core/alu/u_mul/u_mul/GEN_ARRAY.u_mul/u_csa_row0/GEN_CSA_FA[1].u_fa/stage_carry[6]_4[19]
    SLICE_X13Y8          LUT3 (Prop_lut3_I0_O)        0.053    12.751 r  GEN_BRAM.u_core/alu/u_mul/u_mul/GEN_ARRAY.u_mul/u_csa_row0/GEN_CSA_FA[1].u_fa/result[20]_INST_0_i_132/O
                         net (fo=2, routed)           0.421    13.172    GEN_BRAM.u_core/alu/u_mul/u_mul/GEN_ARRAY.u_mul/u_csa_row0/GEN_CSA_FA[1].u_fa/stage_carry[7]_46[20]
    SLICE_X13Y6          LUT5 (Prop_lut5_I3_O)        0.053    13.225 r  GEN_BRAM.u_core/alu/u_mul/u_mul/GEN_ARRAY.u_mul/u_csa_row0/GEN_CSA_FA[1].u_fa/result[22]_INST_0_i_104/O
                         net (fo=3, routed)           0.482    13.707    GEN_BRAM.u_core/alu/u_mul/u_mul/GEN_ARRAY.u_mul/u_csa_row0/GEN_CSA_FA[1].u_fa/stage_carry[8]_6[21]
    SLICE_X11Y5          LUT3 (Prop_lut3_I0_O)        0.053    13.760 r  GEN_BRAM.u_core/alu/u_mul/u_mul/GEN_ARRAY.u_mul/u_csa_row0/GEN_CSA_FA[1].u_fa/result[22]_INST_0_i_112/O
                         net (fo=2, routed)           0.311    14.072    GEN_BRAM.u_core/alu/u_mul/u_mul/GEN_ARRAY.u_mul/u_csa_row0/GEN_CSA_FA[1].u_fa/stage_carry[9]_47[22]
    SLICE_X11Y3          LUT5 (Prop_lut5_I3_O)        0.053    14.125 r  GEN_BRAM.u_core/alu/u_mul/u_mul/GEN_ARRAY.u_mul/u_csa_row0/GEN_CSA_FA[1].u_fa/result[24]_INST_0_i_109/O
                         net (fo=3, routed)           0.457    14.582    GEN_BRAM.u_core/alu/u_mul/u_mul/GEN_ARRAY.u_mul/u_csa_row0/GEN_CSA_FA[1].u_fa/stage_carry[10]_8[23]
    SLICE_X11Y2          LUT3 (Prop_lut3_I0_O)        0.053    14.635 r  GEN_BRAM.u_core/alu/u_mul/u_mul/GEN_ARRAY.u_mul/u_csa_row0/GEN_CSA_FA[1].u_fa/result[24]_INST_0_i_117/O
                         net (fo=2, routed)           0.374    15.009    GEN_BRAM.u_core/alu/u_mul/u_mul/GEN_ARRAY.u_mul/u_csa_row0/GEN_CSA_FA[1].u_fa/stage_carry[11]_48[24]
    SLICE_X10Y2          LUT5 (Prop_lut5_I3_O)        0.053    15.062 r  GEN_BRAM.u_core/alu/u_mul/u_mul/GEN_ARRAY.u_mul/u_csa_row0/GEN_CSA_FA[1].u_fa/result[24]_INST_0_i_105/O
                         net (fo=3, routed)           0.630    15.693    GEN_BRAM.u_core/alu/u_mul/u_mul/GEN_ARRAY.u_mul/u_csa_row0/GEN_CSA_FA[1].u_fa/stage_sum[12]_37[24]
    SLICE_X9Y3           LUT5 (Prop_lut5_I1_O)        0.053    15.746 r  GEN_BRAM.u_core/alu/u_mul/u_mul/GEN_ARRAY.u_mul/u_csa_row0/GEN_CSA_FA[1].u_fa/result[26]_INST_0_i_74/O
                         net (fo=3, routed)           0.592    16.337    GEN_BRAM.u_core/alu/u_mul/u_mul/GEN_ARRAY.u_mul/u_csa_row0/GEN_CSA_FA[1].u_fa/stage_carry[14]_12[25]
    SLICE_X4Y1           LUT3 (Prop_lut3_I0_O)        0.053    16.390 r  GEN_BRAM.u_core/alu/u_mul/u_mul/GEN_ARRAY.u_mul/u_csa_row0/GEN_CSA_FA[1].u_fa/result[26]_INST_0_i_82/O
                         net (fo=2, routed)           0.323    16.713    GEN_BRAM.u_core/alu/u_mul/u_mul/GEN_ARRAY.u_mul/u_csa_row0/GEN_CSA_FA[1].u_fa/stage_carry[15]_50[26]
    SLICE_X4Y0           LUT5 (Prop_lut5_I3_O)        0.053    16.766 r  GEN_BRAM.u_core/alu/u_mul/u_mul/GEN_ARRAY.u_mul/u_csa_row0/GEN_CSA_FA[1].u_fa/result[26]_INST_0_i_70/O
                         net (fo=3, routed)           0.392    17.158    GEN_BRAM.u_core/alu/u_mul/u_mul/GEN_ARRAY.u_mul/u_csa_row0/GEN_CSA_FA[1].u_fa/stage_sum[16]_35[26]
    SLICE_X2Y3           LUT3 (Prop_lut3_I1_O)        0.053    17.211 r  GEN_BRAM.u_core/alu/u_mul/u_mul/GEN_ARRAY.u_mul/u_csa_row0/GEN_CSA_FA[1].u_fa/result[28]_INST_0_i_82/O
                         net (fo=2, routed)           0.467    17.679    GEN_BRAM.u_core/alu/u_mul/u_mul/GEN_ARRAY.u_mul/u_csa_row0/GEN_CSA_FA[1].u_fa/stage_carry[17]_51[27]
    SLICE_X2Y3           LUT5 (Prop_lut5_I3_O)        0.053    17.732 r  GEN_BRAM.u_core/alu/u_mul/u_mul/GEN_ARRAY.u_mul/u_csa_row0/GEN_CSA_FA[1].u_fa/result[28]_INST_0_i_70/O
                         net (fo=3, routed)           0.157    17.889    GEN_BRAM.u_core/alu/u_mul/u_mul/GEN_ARRAY.u_mul/u_csa_row0/GEN_CSA_FA[1].u_fa/stage_sum[18]_34[27]
    SLICE_X2Y3           LUT3 (Prop_lut3_I1_O)        0.053    17.942 r  GEN_BRAM.u_core/alu/u_mul/u_mul/GEN_ARRAY.u_mul/u_csa_row0/GEN_CSA_FA[1].u_fa/result[28]_INST_0_i_77/O
                         net (fo=2, routed)           0.433    18.375    GEN_BRAM.u_core/alu/u_mul/u_mul/GEN_ARRAY.u_mul/u_csa_row0/GEN_CSA_FA[1].u_fa/stage_carry[19]_52[28]
    SLICE_X2Y1           LUT5 (Prop_lut5_I3_O)        0.053    18.428 r  GEN_BRAM.u_core/alu/u_mul/u_mul/GEN_ARRAY.u_mul/u_csa_row0/GEN_CSA_FA[1].u_fa/result[28]_INST_0_i_65/O
                         net (fo=3, routed)           0.603    19.030    GEN_BRAM.u_core/alu/u_mul/u_mul/GEN_ARRAY.u_mul/u_csa_row0/GEN_CSA_FA[1].u_fa/stage_sum[20]_33[28]
    SLICE_X0Y6           LUT3 (Prop_lut3_I1_O)        0.053    19.083 r  GEN_BRAM.u_core/alu/u_mul/u_mul/GEN_ARRAY.u_mul/u_csa_row0/GEN_CSA_FA[1].u_fa/result[30]_INST_0_i_41/O
                         net (fo=2, routed)           0.352    19.436    GEN_BRAM.u_core/alu/u_mul/u_mul/GEN_ARRAY.u_mul/u_csa_row0/GEN_CSA_FA[1].u_fa/stage_carry[21]_53[29]
    SLICE_X1Y3           LUT5 (Prop_lut5_I3_O)        0.053    19.489 r  GEN_BRAM.u_core/alu/u_mul/u_mul/GEN_ARRAY.u_mul/u_csa_row0/GEN_CSA_FA[1].u_fa/result[30]_INST_0_i_29/O
                         net (fo=3, routed)           0.436    19.925    GEN_BRAM.u_core/alu/u_mul/u_mul/GEN_ARRAY.u_mul/u_csa_row0/GEN_CSA_FA[1].u_fa/stage_sum[22]_32[29]
    SLICE_X0Y6           LUT3 (Prop_lut3_I1_O)        0.053    19.978 r  GEN_BRAM.u_core/alu/u_mul/u_mul/GEN_ARRAY.u_mul/u_csa_row0/GEN_CSA_FA[1].u_fa/result[30]_INST_0_i_36/O
                         net (fo=2, routed)           0.433    20.411    GEN_BRAM.u_core/alu/u_mul/u_mul/GEN_ARRAY.u_mul/u_csa_row0/GEN_CSA_FA[1].u_fa/stage_carry[23]_54[30]
    SLICE_X3Y5           LUT5 (Prop_lut5_I3_O)        0.053    20.464 r  GEN_BRAM.u_core/alu/u_mul/u_mul/GEN_ARRAY.u_mul/u_csa_row0/GEN_CSA_FA[1].u_fa/result[30]_INST_0_i_23/O
                         net (fo=3, routed)           0.482    20.946    GEN_BRAM.u_core/alu/u_mul/u_mul/GEN_ARRAY.u_mul/u_csa_row0/GEN_CSA_FA[1].u_fa/stage_sum[24]_31[30]
    SLICE_X4Y8           LUT3 (Prop_lut3_I1_O)        0.053    20.999 r  GEN_BRAM.u_core/alu/u_mul/u_mul/GEN_ARRAY.u_mul/u_csa_row0/GEN_CSA_FA[1].u_fa/result[31]_INST_0_i_41/O
                         net (fo=2, routed)           0.371    21.370    GEN_BRAM.u_core/alu/u_mul/u_mul/GEN_ARRAY.u_mul/u_csa_row0/GEN_CSA_FA[1].u_fa/stage_carry[25]_55[31]
    SLICE_X4Y6           LUT5 (Prop_lut5_I3_O)        0.053    21.423 r  GEN_BRAM.u_core/alu/u_mul/u_mul/GEN_ARRAY.u_mul/u_csa_row0/GEN_CSA_FA[1].u_fa/result[31]_INST_0_i_31/O
                         net (fo=3, routed)           0.453    21.876    GEN_BRAM.u_core/alu/u_mul/u_mul/GEN_ARRAY.u_mul/u_csa_row0/GEN_CSA_FA[1].u_fa/stage_sum[26]_30[31]
    SLICE_X7Y9           LUT3 (Prop_lut3_I1_O)        0.053    21.929 r  GEN_BRAM.u_core/alu/u_mul/u_mul/GEN_ARRAY.u_mul/u_csa_row0/GEN_CSA_FA[1].u_fa/result[2]_INST_0_i_22/O
                         net (fo=3, routed)           0.617    22.545    GEN_BRAM.u_core/alu/u_mul/u_mul/GEN_ARRAY.u_mul/u_csa_row0/GEN_CSA_FA[1].u_fa/stage_carry[27]_56[32]
    SLICE_X9Y9           LUT5 (Prop_lut5_I0_O)        0.053    22.598 r  GEN_BRAM.u_core/alu/u_mul/u_mul/GEN_ARRAY.u_mul/u_csa_row0/GEN_CSA_FA[1].u_fa/result[1]_INST_0_i_4/O
                         net (fo=4, routed)           0.721    23.319    GEN_BRAM.u_core/alu/u_mul/u_mul/GEN_ARRAY.u_mul/u_csa_row0/GEN_CSA_FA[1].u_fa/stage_sum[29]_57[32]
    SLICE_X8Y15          LUT5 (Prop_lut5_I4_O)        0.065    23.384 r  GEN_BRAM.u_core/alu/u_mul/u_mul/GEN_ARRAY.u_mul/u_csa_row0/GEN_CSA_FA[1].u_fa/result[1]_INST_0_i_6/O
                         net (fo=2, routed)           0.306    23.690    GEN_BRAM.u_core/alu/u_mul/u_mul/GEN_ARRAY.u_mul/u_csa_row0/GEN_CSA_FA[1].u_fa/u_final_cpa/GEN_FINAL_FA[32].u_fa/c2
    SLICE_X8Y16          LUT5 (Prop_lut5_I2_O)        0.171    23.861 r  GEN_BRAM.u_core/alu/u_mul/u_mul/GEN_ARRAY.u_mul/u_csa_row0/GEN_CSA_FA[1].u_fa/result[2]_INST_0_i_9/O
                         net (fo=2, routed)           0.586    24.447    GEN_BRAM.u_core/alu/u_mul/u_mul/GEN_ARRAY.u_mul/u_csa_row0/GEN_CSA_FA[1].u_fa/u_final_cpa/GEN_FINAL_FA[33].u_fa/c2
    SLICE_X8Y16          LUT5 (Prop_lut5_I2_O)        0.183    24.630 r  GEN_BRAM.u_core/alu/u_mul/u_mul/GEN_ARRAY.u_mul/u_csa_row0/GEN_CSA_FA[1].u_fa/result[4]_INST_0_i_14/O
                         net (fo=3, routed)           0.391    25.021    GEN_BRAM.u_core/alu/u_mul/u_mul/GEN_ARRAY.u_mul/u_csa_row0/GEN_CSA_FA[1].u_fa/u_final_cpa/c_35
    SLICE_X7Y16          LUT6 (Prop_lut6_I4_O)        0.172    25.193 r  GEN_BRAM.u_core/alu/u_mul/u_mul/GEN_ARRAY.u_mul/u_csa_row0/GEN_CSA_FA[1].u_fa/result[6]_INST_0_i_12/O
                         net (fo=3, routed)           0.205    25.397    GEN_BRAM.u_core/alu/u_mul/u_mul/GEN_ARRAY.u_mul/u_csa_row0/GEN_CSA_FA[1].u_fa/u_final_cpa/c_37
    SLICE_X7Y16          LUT6 (Prop_lut6_I4_O)        0.053    25.450 r  GEN_BRAM.u_core/alu/u_mul/u_mul/GEN_ARRAY.u_mul/u_csa_row0/GEN_CSA_FA[1].u_fa/result[8]_INST_0_i_13/O
                         net (fo=3, routed)           0.405    25.856    GEN_BRAM.u_core/alu/u_mul/u_mul/GEN_ARRAY.u_mul/u_csa_row0/GEN_CSA_FA[1].u_fa/u_final_cpa/c_39
    SLICE_X9Y17          LUT6 (Prop_lut6_I4_O)        0.053    25.909 r  GEN_BRAM.u_core/alu/u_mul/u_mul/GEN_ARRAY.u_mul/u_csa_row0/GEN_CSA_FA[1].u_fa/result[10]_INST_0_i_12/O
                         net (fo=3, routed)           0.311    26.220    GEN_BRAM.u_core/alu/u_mul/u_mul/GEN_ARRAY.u_mul/u_csa_row0/GEN_CSA_FA[1].u_fa/u_final_cpa/c_41
    SLICE_X9Y18          LUT6 (Prop_lut6_I4_O)        0.053    26.273 r  GEN_BRAM.u_core/alu/u_mul/u_mul/GEN_ARRAY.u_mul/u_csa_row0/GEN_CSA_FA[1].u_fa/result[12]_INST_0_i_13/O
                         net (fo=3, routed)           0.138    26.411    GEN_BRAM.u_core/alu/u_mul/u_mul/GEN_ARRAY.u_mul/u_csa_row0/GEN_CSA_FA[1].u_fa/u_final_cpa/c_43
    SLICE_X9Y18          LUT6 (Prop_lut6_I4_O)        0.053    26.464 r  GEN_BRAM.u_core/alu/u_mul/u_mul/GEN_ARRAY.u_mul/u_csa_row0/GEN_CSA_FA[1].u_fa/result[14]_INST_0_i_12/O
                         net (fo=3, routed)           0.278    26.742    GEN_BRAM.u_core/alu/u_mul/u_mul/GEN_ARRAY.u_mul/u_csa_row0/GEN_CSA_FA[1].u_fa/u_final_cpa/c_45
    SLICE_X10Y19         LUT6 (Prop_lut6_I4_O)        0.053    26.795 r  GEN_BRAM.u_core/alu/u_mul/u_mul/GEN_ARRAY.u_mul/u_csa_row0/GEN_CSA_FA[1].u_fa/result[16]_INST_0_i_13/O
                         net (fo=3, routed)           0.318    27.113    GEN_BRAM.u_core/alu/u_mul/u_mul/GEN_ARRAY.u_mul/u_csa_row0/GEN_CSA_FA[1].u_fa/u_final_cpa/c_47
    SLICE_X10Y20         LUT6 (Prop_lut6_I4_O)        0.053    27.166 r  GEN_BRAM.u_core/alu/u_mul/u_mul/GEN_ARRAY.u_mul/u_csa_row0/GEN_CSA_FA[1].u_fa/result[18]_INST_0_i_12/O
                         net (fo=3, routed)           0.222    27.388    GEN_BRAM.u_core/alu/u_mul/u_mul/GEN_ARRAY.u_mul/u_csa_row0/GEN_CSA_FA[1].u_fa/u_final_cpa/c_49
    SLICE_X10Y20         LUT6 (Prop_lut6_I4_O)        0.053    27.441 r  GEN_BRAM.u_core/alu/u_mul/u_mul/GEN_ARRAY.u_mul/u_csa_row0/GEN_CSA_FA[1].u_fa/result[20]_INST_0_i_13/O
                         net (fo=3, routed)           0.323    27.764    GEN_BRAM.u_core/alu/u_mul/u_mul/GEN_ARRAY.u_mul/u_csa_row0/GEN_CSA_FA[1].u_fa/u_final_cpa/c_51
    SLICE_X10Y21         LUT6 (Prop_lut6_I4_O)        0.053    27.817 r  GEN_BRAM.u_core/alu/u_mul/u_mul/GEN_ARRAY.u_mul/u_csa_row0/GEN_CSA_FA[1].u_fa/result[22]_INST_0_i_12/O
                         net (fo=3, routed)           0.146    27.963    GEN_BRAM.u_core/alu/u_mul/u_mul/GEN_ARRAY.u_mul/u_csa_row0/GEN_CSA_FA[1].u_fa/u_final_cpa/c_53
    SLICE_X10Y21         LUT6 (Prop_lut6_I4_O)        0.053    28.016 r  GEN_BRAM.u_core/alu/u_mul/u_mul/GEN_ARRAY.u_mul/u_csa_row0/GEN_CSA_FA[1].u_fa/result[24]_INST_0_i_13/O
                         net (fo=3, routed)           0.255    28.271    GEN_BRAM.u_core/alu/u_mul/u_mul/GEN_ARRAY.u_mul/u_csa_row0/GEN_CSA_FA[1].u_fa/u_final_cpa/c_55
    SLICE_X10Y22         LUT6 (Prop_lut6_I4_O)        0.053    28.324 r  GEN_BRAM.u_core/alu/u_mul/u_mul/GEN_ARRAY.u_mul/u_csa_row0/GEN_CSA_FA[1].u_fa/result[26]_INST_0_i_12/O
                         net (fo=3, routed)           0.222    28.545    GEN_BRAM.u_core/alu/u_mul/u_mul/GEN_ARRAY.u_mul/u_csa_row0/GEN_CSA_FA[1].u_fa/u_final_cpa/c_57
    SLICE_X10Y22         LUT6 (Prop_lut6_I4_O)        0.053    28.598 r  GEN_BRAM.u_core/alu/u_mul/u_mul/GEN_ARRAY.u_mul/u_csa_row0/GEN_CSA_FA[1].u_fa/result[28]_INST_0_i_13/O
                         net (fo=3, routed)           0.254    28.853    GEN_BRAM.u_core/alu/u_mul/u_mul/GEN_ARRAY.u_mul/u_csa_row0/GEN_CSA_FA[1].u_fa/u_final_cpa/c_59
    SLICE_X9Y22          LUT6 (Prop_lut6_I4_O)        0.053    28.906 r  GEN_BRAM.u_core/alu/u_mul/u_mul/GEN_ARRAY.u_mul/u_csa_row0/GEN_CSA_FA[1].u_fa/result[31]_INST_0_i_13/O
                         net (fo=3, routed)           0.323    29.228    GEN_BRAM.u_core/alu/u_mul/u_mul/GEN_ARRAY.u_mul/u_csa_row0/GEN_CSA_FA[1].u_fa/u_final_cpa/c_61
    SLICE_X8Y23          LUT5 (Prop_lut5_I4_O)        0.053    29.281 r  GEN_BRAM.u_core/alu/u_mul/u_mul/GEN_ARRAY.u_mul/u_csa_row0/GEN_CSA_FA[1].u_fa/result[29]_INST_0_i_2/O
                         net (fo=2, routed)           0.000    29.281    GEN_BRAM.u_core/alu/u_mul/u_mul/GEN_ARRAY.u_mul/u_csa_row0/GEN_CSA_FA[1].u_fa/p_0_in[61]
    SLICE_X8Y23          CARRY4 (Prop_carry4_S[0]_O[1])
                                                      0.271    29.552 r  GEN_BRAM.u_core/alu/u_mul/u_mul/GEN_ARRAY.u_mul/u_csa_row0/GEN_CSA_FA[1].u_fa/result[31]_INST_0_i_6/O[1]
                         net (fo=1, routed)           0.276    29.828    GEN_BRAM.u_core/alu/u_mul/u_mul/GEN_ARRAY.u_mul/u_csa_row0/GEN_CSA_FA[1].u_fa/signed_product0[62]
    SLICE_X9Y23          LUT6 (Prop_lut6_I5_O)        0.155    29.983 r  GEN_BRAM.u_core/alu/u_mul/u_mul/GEN_ARRAY.u_mul/u_csa_row0/GEN_CSA_FA[1].u_fa/result[30]_INST_0/O
                         net (fo=1, routed)           0.239    30.222    GEN_BRAM.u_core/reg_file/result[26]
    SLICE_X11Y23         LUT6 (Prop_lut6_I2_O)        0.053    30.275 r  GEN_BRAM.u_core/reg_file/debug_alu_out_OBUF[30]_inst_i_4/O
                         net (fo=1, routed)           0.128    30.404    GEN_BRAM.u_core/reg_file/debug_alu_out_OBUF[30]_inst_i_4_n_0
    SLICE_X11Y23         LUT6 (Prop_lut6_I5_O)        0.053    30.457 r  GEN_BRAM.u_core/reg_file/debug_alu_out_OBUF[30]_inst_i_1/O
                         net (fo=3, routed)           0.142    30.599    GEN_BRAM.u_core/wb_mux/debug_alu_out_OBUF[30]
    SLICE_X11Y23         LUT6 (Prop_lut6_I0_O)        0.053    30.652 r  GEN_BRAM.u_core/wb_mux/registers_reg_r1_0_31_30_31_i_3/O
                         net (fo=1, routed)           0.357    31.008    GEN_BRAM.u_core/divider/wb_exec[30]
    SLICE_X11Y24         LUT6 (Prop_lut6_I5_O)        0.053    31.061 r  GEN_BRAM.u_core/divider/registers_reg_r1_0_31_30_31_i_1/O
                         net (fo=4, routed)           0.268    31.329    GEN_BRAM.u_core/reg_file/registers_reg_r2_0_31_30_31/D
    SLICE_X12Y24         RAMD32                                       r  GEN_BRAM.u_core/reg_file/registers_reg_r2_0_31_30_31/DP/I
  -------------------------------------------------------------------    -------------------

                         (clock sys_clk rise edge)   30.000    30.000 r  
    AD23                                              0.000    30.000 r  clk (IN)
                         net (fo=0)                   0.000    30.000    clk
    AD23                 IBUF (Prop_ibuf_I_O)         0.796    30.796 r  clk_IBUF_inst/O
                         net (fo=1, routed)           1.741    32.537    clk_IBUF
    BUFGCTRL_X0Y0        BUFG (Prop_bufg_I_O)         0.113    32.650 r  clk_IBUF_BUFG_inst/O
                         net (fo=350, routed)         1.528    34.178    GEN_BRAM.u_core/reg_file/registers_reg_r2_0_31_30_31/WCLK
    SLICE_X12Y24         RAMD32                                       r  GEN_BRAM.u_core/reg_file/registers_reg_r2_0_31_30_31/DP/CLK
                         clock pessimism              0.263    34.442    
                         clock uncertainty           -0.035    34.406    
    SLICE_X12Y24         RAMD32 (Setup_ramd32_CLK_I)
                                                     -0.326    34.080    GEN_BRAM.u_core/reg_file/registers_reg_r2_0_31_30_31/DP
  -------------------------------------------------------------------
                         required time                         34.080    
                         arrival time                         -31.329    
  -------------------------------------------------------------------
                         slack                                  2.751    

Slack (MET) :             2.808ns  (required time - arrival time)
  Source:                 GEN_BRAM.u_core/ir_reg[2]/C
                            (rising edge-triggered cell FDCE clocked by sys_clk  {rise@0.000ns fall@15.000ns period=30.000ns})
  Destination:            GEN_BRAM.u_core/reg_file/registers_reg_r1_0_31_24_29/RAMC/I
                            (rising edge-triggered cell RAMD32 clocked by sys_clk  {rise@0.000ns fall@15.000ns period=30.000ns})
  Path Group:             sys_clk
  Path Type:              Setup (Max at Slow Process Corner)
  Requirement:            30.000ns  (sys_clk rise@30.000ns - sys_clk rise@0.000ns)
  Data Path Delay:        27.061ns  (logic 4.190ns (15.483%)  route 22.871ns (84.516%))
  Logic Levels:           54  (CARRY4=2 LUT3=12 LUT4=1 LUT5=19 LUT6=20)
  Clock Path Skew:        0.037ns (DCD - SCD + CPR)
    Destination Clock Delay (DCD):    4.242ns = ( 34.242 - 30.000 ) 
    Source Clock Delay      (SCD):    4.462ns
    Clock Pessimism Removal (CPR):    0.256ns
  Clock Uncertainty:      0.035ns  ((TSJ^2 + TIJ^2)^1/2 + DJ) / 2 + PE
    Total System Jitter     (TSJ):    0.071ns
    Total Input Jitter      (TIJ):    0.000ns
    Discrete Jitter          (DJ):    0.000ns
    Phase Error              (PE):    0.000ns

    Location             Delay type                Incr(ns)  Path(ns)    Netlist Resource(s)
  -------------------------------------------------------------------    -------------------
                         (clock sys_clk rise edge)    0.000     0.000 r  
    AD23                                              0.000     0.000 r  clk (IN)
                         net (fo=0)                   0.000     0.000    clk
    AD23                 IBUF (Prop_ibuf_I_O)         0.873     0.873 r  clk_IBUF_inst/O
                         net (fo=1, routed)           1.830     2.703    clk_IBUF
    BUFGCTRL_X0Y0        BUFG (Prop_bufg_I_O)         0.120     2.823 r  clk_IBUF_BUFG_inst/O
                         net (fo=350, routed)         1.639     4.462    GEN_BRAM.u_core/clk_IBUF_BUFG
    SLICE_X15Y23         FDCE                                         r  GEN_BRAM.u_core/ir_reg[2]/C
  -------------------------------------------------------------------    -------------------
    SLICE_X15Y23         FDCE (Prop_fdce_C_Q)         0.269     4.731 r  GEN_BRAM.u_core/ir_reg[2]/Q
                         net (fo=24, routed)          0.633     5.364    GEN_BRAM.u_core/reg_file/Q[1]
    SLICE_X14Y24         LUT5 (Prop_lut5_I0_O)        0.053     5.417 r  GEN_BRAM.u_core/reg_file/registers_reg_r1_0_31_0_5_i_25/O
                         net (fo=56, routed)          0.733     6.150    GEN_BRAM.u_core/imm_gen/u_mul_i_32
    SLICE_X12Y20         LUT6 (Prop_lut6_I4_O)        0.053     6.203 f  GEN_BRAM.u_core/imm_gen/u_mul_i_68/O
                         net (fo=1, routed)           0.331     6.534    GEN_BRAM.u_core/alu_mux_b/imm[0]
    SLICE_X12Y20         LUT4 (Prop_lut4_I0_O)        0.053     6.587 r  GEN_BRAM.u_core/alu_mux_b/u_mul_i_32/O
                         net (fo=136, routed)         0.614     7.201    GEN_BRAM.u_core/alu/u_mul/u_mul/GEN_ARRAY.u_mul/u_csa_row0/GEN_CSA_FA[1].u_fa/result[4]_INST_0_i_22_n_0
    SLICE_X13Y19         CARRY4 (Prop_carry4_CYINIT_O[1])
                                                      0.390     7.591 r  GEN_BRAM.u_core/alu/u_mul/u_mul/GEN_ARRAY.u_mul/u_csa_row0/GEN_CSA_FA[1].u_fa/result[4]_INST_0_i_6/O[1]
                         net (fo=32, routed)          0.752     8.343    GEN_BRAM.u_core/alu/u_mul/u_mul/GEN_ARRAY.u_mul/u_csa_row0/GEN_CSA_FA[1].u_fa/mag_b0[2]
    SLICE_X18Y21         LUT6 (Prop_lut6_I3_O)        0.152     8.495 r  GEN_BRAM.u_core/alu/u_mul/u_mul/GEN_ARRAY.u_mul/u_csa_row0/GEN_CSA_FA[1].u_fa/result[14]_INST_0_i_132/O
                         net (fo=2, routed)           0.579     9.074    GEN_BRAM.u_core/alu/u_mul/u_mul/GEN_ARRAY.u_mul/u_csa_row0/GEN_CSA_FA[1].u_fa/pp[2]_91[14]
    SLICE_X18Y21         LUT6 (Prop_lut6_I5_O)        0.053     9.127 r  GEN_BRAM.u_core/alu/u_mul/u_mul/GEN_ARRAY.u_mul/u_csa_row0/GEN_CSA_FA[1].u_fa/result[16]_INST_0_i_144/O
                         net (fo=3, routed)           0.575     9.702    GEN_BRAM.u_core/alu/u_mul/u_mul/GEN_ARRAY.u_mul/u_csa_row0/GEN_CSA_FA[1].u_fa/stage_carry[0]_58[15]
    SLICE_X18Y20         LUT5 (Prop_lut5_I0_O)        0.053     9.755 r  GEN_BRAM.u_core/alu/u_mul/u_mul/GEN_ARRAY.u_mul/u_csa_row0/GEN_CSA_FA[1].u_fa/result[16]_INST_0_i_125/O
                         net (fo=3, routed)           0.366    10.121    GEN_BRAM.u_core/alu/u_mul/u_mul/GEN_ARRAY.u_mul/u_csa_row0/GEN_CSA_FA[1].u_fa/stage_sum[2]_42[15]
    SLICE_X18Y19         LUT3 (Prop_lut3_I1_O)        0.053    10.174 r  GEN_BRAM.u_core/alu/u_mul/u_mul/GEN_ARRAY.u_mul/u_csa_row0/GEN_CSA_FA[1].u_fa/result[16]_INST_0_i_132/O
                         net (fo=2, routed)           0.635    10.809    GEN_BRAM.u_core/alu/u_mul/u_mul/GEN_ARRAY.u_mul/u_csa_row0/GEN_CSA_FA[1].u_fa/stage_carry[3]_44[16]
    SLICE_X19Y19         LUT5 (Prop_lut5_I3_O)        0.053    10.862 r  GEN_BRAM.u_core/alu/u_mul/u_mul/GEN_ARRAY.u_mul/u_csa_row0/GEN_CSA_FA[1].u_fa/result[18]_INST_0_i_109/O
                         net (fo=3, routed)           0.588    11.450    GEN_BRAM.u_core/alu/u_mul/u_mul/GEN_ARRAY.u_mul/u_csa_row0/GEN_CSA_FA[1].u_fa/stage_carry[4]_2[17]
    SLICE_X17Y14         LUT3 (Prop_lut3_I0_O)        0.053    11.503 r  GEN_BRAM.u_core/alu/u_mul/u_mul/GEN_ARRAY.u_mul/u_csa_row0/GEN_CSA_FA[1].u_fa/result[18]_INST_0_i_117/O
                         net (fo=2, routed)           0.626    12.129    GEN_BRAM.u_core/alu/u_mul/u_mul/GEN_ARRAY.u_mul/u_csa_row0/GEN_CSA_FA[1].u_fa/stage_carry[5]_45[18]
    SLICE_X14Y9          LUT5 (Prop_lut5_I3_O)        0.053    12.182 r  GEN_BRAM.u_core/alu/u_mul/u_mul/GEN_ARRAY.u_mul/u_csa_row0/GEN_CSA_FA[1].u_fa/result[20]_INST_0_i_124/O
                         net (fo=3, routed)           0.516    12.698    GEN_BRAM.u_core/alu/u_mul/u_mul/GEN_ARRAY.u_mul/u_csa_row0/GEN_CSA_FA[1].u_fa/stage_carry[6]_4[19]
    SLICE_X13Y8          LUT3 (Prop_lut3_I0_O)        0.053    12.751 r  GEN_BRAM.u_core/alu/u_mul/u_mul/GEN_ARRAY.u_mul/u_csa_row0/GEN_CSA_FA[1].u_fa/result[20]_INST_0_i_132/O
                         net (fo=2, routed)           0.421    13.172    GEN_BRAM.u_core/alu/u_mul/u_mul/GEN_ARRAY.u_mul/u_csa_row0/GEN_CSA_FA[1].u_fa/stage_carry[7]_46[20]
    SLICE_X13Y6          LUT5 (Prop_lut5_I3_O)        0.053    13.225 r  GEN_BRAM.u_core/alu/u_mul/u_mul/GEN_ARRAY.u_mul/u_csa_row0/GEN_CSA_FA[1].u_fa/result[22]_INST_0_i_104/O
                         net (fo=3, routed)           0.482    13.707    GEN_BRAM.u_core/alu/u_mul/u_mul/GEN_ARRAY.u_mul/u_csa_row0/GEN_CSA_FA[1].u_fa/stage_carry[8]_6[21]
    SLICE_X11Y5          LUT3 (Prop_lut3_I0_O)        0.053    13.760 r  GEN_BRAM.u_core/alu/u_mul/u_mul/GEN_ARRAY.u_mul/u_csa_row0/GEN_CSA_FA[1].u_fa/result[22]_INST_0_i_112/O
                         net (fo=2, routed)           0.311    14.072    GEN_BRAM.u_core/alu/u_mul/u_mul/GEN_ARRAY.u_mul/u_csa_row0/GEN_CSA_FA[1].u_fa/stage_carry[9]_47[22]
    SLICE_X11Y3          LUT5 (Prop_lut5_I3_O)        0.053    14.125 r  GEN_BRAM.u_core/alu/u_mul/u_mul/GEN_ARRAY.u_mul/u_csa_row0/GEN_CSA_FA[1].u_fa/result[24]_INST_0_i_109/O
                         net (fo=3, routed)           0.457    14.582    GEN_BRAM.u_core/alu/u_mul/u_mul/GEN_ARRAY.u_mul/u_csa_row0/GEN_CSA_FA[1].u_fa/stage_carry[10]_8[23]
    SLICE_X11Y2          LUT3 (Prop_lut3_I0_O)        0.053    14.635 r  GEN_BRAM.u_core/alu/u_mul/u_mul/GEN_ARRAY.u_mul/u_csa_row0/GEN_CSA_FA[1].u_fa/result[24]_INST_0_i_117/O
                         net (fo=2, routed)           0.374    15.009    GEN_BRAM.u_core/alu/u_mul/u_mul/GEN_ARRAY.u_mul/u_csa_row0/GEN_CSA_FA[1].u_fa/stage_carry[11]_48[24]
    SLICE_X10Y2          LUT5 (Prop_lut5_I3_O)        0.053    15.062 r  GEN_BRAM.u_core/alu/u_mul/u_mul/GEN_ARRAY.u_mul/u_csa_row0/GEN_CSA_FA[1].u_fa/result[24]_INST_0_i_105/O
                         net (fo=3, routed)           0.630    15.693    GEN_BRAM.u_core/alu/u_mul/u_mul/GEN_ARRAY.u_mul/u_csa_row0/GEN_CSA_FA[1].u_fa/stage_sum[12]_37[24]
    SLICE_X9Y3           LUT5 (Prop_lut5_I1_O)        0.053    15.746 r  GEN_BRAM.u_core/alu/u_mul/u_mul/GEN_ARRAY.u_mul/u_csa_row0/GEN_CSA_FA[1].u_fa/result[26]_INST_0_i_74/O
                         net (fo=3, routed)           0.592    16.337    GEN_BRAM.u_core/alu/u_mul/u_mul/GEN_ARRAY.u_mul/u_csa_row0/GEN_CSA_FA[1].u_fa/stage_carry[14]_12[25]
    SLICE_X4Y1           LUT3 (Prop_lut3_I0_O)        0.053    16.390 r  GEN_BRAM.u_core/alu/u_mul/u_mul/GEN_ARRAY.u_mul/u_csa_row0/GEN_CSA_FA[1].u_fa/result[26]_INST_0_i_82/O
                         net (fo=2, routed)           0.323    16.713    GEN_BRAM.u_core/alu/u_mul/u_mul/GEN_ARRAY.u_mul/u_csa_row0/GEN_CSA_FA[1].u_fa/stage_carry[15]_50[26]
    SLICE_X4Y0           LUT5 (Prop_lut5_I3_O)        0.053    16.766 r  GEN_BRAM.u_core/alu/u_mul/u_mul/GEN_ARRAY.u_mul/u_csa_row0/GEN_CSA_FA[1].u_fa/result[26]_INST_0_i_70/O
                         net (fo=3, routed)           0.392    17.158    GEN_BRAM.u_core/alu/u_mul/u_mul/GEN_ARRAY.u_mul/u_csa_row0/GEN_CSA_FA[1].u_fa/stage_sum[16]_35[26]
    SLICE_X2Y3           LUT3 (Prop_lut3_I1_O)        0.053    17.211 r  GEN_BRAM.u_core/alu/u_mul/u_mul/GEN_ARRAY.u_mul/u_csa_row0/GEN_CSA_FA[1].u_fa/result[28]_INST_0_i_82/O
                         net (fo=2, routed)           0.467    17.679    GEN_BRAM.u_core/alu/u_mul/u_mul/GEN_ARRAY.u_mul/u_csa_row0/GEN_CSA_FA[1].u_fa/stage_carry[17]_51[27]
    SLICE_X2Y3           LUT5 (Prop_lut5_I3_O)        0.053    17.732 r  GEN_BRAM.u_core/alu/u_mul/u_mul/GEN_ARRAY.u_mul/u_csa_row0/GEN_CSA_FA[1].u_fa/result[28]_INST_0_i_70/O
                         net (fo=3, routed)           0.157    17.889    GEN_BRAM.u_core/alu/u_mul/u_mul/GEN_ARRAY.u_mul/u_csa_row0/GEN_CSA_FA[1].u_fa/stage_sum[18]_34[27]
    SLICE_X2Y3           LUT3 (Prop_lut3_I1_O)        0.053    17.942 r  GEN_BRAM.u_core/alu/u_mul/u_mul/GEN_ARRAY.u_mul/u_csa_row0/GEN_CSA_FA[1].u_fa/result[28]_INST_0_i_77/O
                         net (fo=2, routed)           0.433    18.375    GEN_BRAM.u_core/alu/u_mul/u_mul/GEN_ARRAY.u_mul/u_csa_row0/GEN_CSA_FA[1].u_fa/stage_carry[19]_52[28]
    SLICE_X2Y1           LUT5 (Prop_lut5_I3_O)        0.053    18.428 r  GEN_BRAM.u_core/alu/u_mul/u_mul/GEN_ARRAY.u_mul/u_csa_row0/GEN_CSA_FA[1].u_fa/result[28]_INST_0_i_65/O
                         net (fo=3, routed)           0.603    19.030    GEN_BRAM.u_core/alu/u_mul/u_mul/GEN_ARRAY.u_mul/u_csa_row0/GEN_CSA_FA[1].u_fa/stage_sum[20]_33[28]
    SLICE_X0Y6           LUT3 (Prop_lut3_I1_O)        0.053    19.083 r  GEN_BRAM.u_core/alu/u_mul/u_mul/GEN_ARRAY.u_mul/u_csa_row0/GEN_CSA_FA[1].u_fa/result[30]_INST_0_i_41/O
                         net (fo=2, routed)           0.352    19.436    GEN_BRAM.u_core/alu/u_mul/u_mul/GEN_ARRAY.u_mul/u_csa_row0/GEN_CSA_FA[1].u_fa/stage_carry[21]_53[29]
    SLICE_X1Y3           LUT5 (Prop_lut5_I3_O)        0.053    19.489 r  GEN_BRAM.u_core/alu/u_mul/u_mul/GEN_ARRAY.u_mul/u_csa_row0/GEN_CSA_FA[1].u_fa/result[30]_INST_0_i_29/O
                         net (fo=3, routed)           0.436    19.925    GEN_BRAM.u_core/alu/u_mul/u_mul/GEN_ARRAY.u_mul/u_csa_row0/GEN_CSA_FA[1].u_fa/stage_sum[22]_32[29]
    SLICE_X0Y6           LUT3 (Prop_lut3_I1_O)        0.053    19.978 r  GEN_BRAM.u_core/alu/u_mul/u_mul/GEN_ARRAY.u_mul/u_csa_row0/GEN_CSA_FA[1].u_fa/result[30]_INST_0_i_36/O
                         net (fo=2, routed)           0.433    20.411    GEN_BRAM.u_core/alu/u_mul/u_mul/GEN_ARRAY.u_mul/u_csa_row0/GEN_CSA_FA[1].u_fa/stage_carry[23]_54[30]
    SLICE_X3Y5           LUT5 (Prop_lut5_I3_O)        0.053    20.464 r  GEN_BRAM.u_core/alu/u_mul/u_mul/GEN_ARRAY.u_mul/u_csa_row0/GEN_CSA_FA[1].u_fa/result[30]_INST_0_i_23/O
                         net (fo=3, routed)           0.482    20.946    GEN_BRAM.u_core/alu/u_mul/u_mul/GEN_ARRAY.u_mul/u_csa_row0/GEN_CSA_FA[1].u_fa/stage_sum[24]_31[30]
    SLICE_X4Y8           LUT3 (Prop_lut3_I1_O)        0.053    20.999 r  GEN_BRAM.u_core/alu/u_mul/u_mul/GEN_ARRAY.u_mul/u_csa_row0/GEN_CSA_FA[1].u_fa/result[31]_INST_0_i_41/O
                         net (fo=2, routed)           0.371    21.370    GEN_BRAM.u_core/alu/u_mul/u_mul/GEN_ARRAY.u_mul/u_csa_row0/GEN_CSA_FA[1].u_fa/stage_carry[25]_55[31]
    SLICE_X4Y6           LUT5 (Prop_lut5_I3_O)        0.053    21.423 r  GEN_BRAM.u_core/alu/u_mul/u_mul/GEN_ARRAY.u_mul/u_csa_row0/GEN_CSA_FA[1].u_fa/result[31]_INST_0_i_31/O
                         net (fo=3, routed)           0.453    21.876    GEN_BRAM.u_core/alu/u_mul/u_mul/GEN_ARRAY.u_mul/u_csa_row0/GEN_CSA_FA[1].u_fa/stage_sum[26]_30[31]
    SLICE_X7Y9           LUT3 (Prop_lut3_I1_O)        0.053    21.929 r  GEN_BRAM.u_core/alu/u_mul/u_mul/GEN_ARRAY.u_mul/u_csa_row0/GEN_CSA_FA[1].u_fa/result[2]_INST_0_i_22/O
                         net (fo=3, routed)           0.617    22.545    GEN_BRAM.u_core/alu/u_mul/u_mul/GEN_ARRAY.u_mul/u_csa_row0/GEN_CSA_FA[1].u_fa/stage_carry[27]_56[32]
    SLICE_X9Y9           LUT5 (Prop_lut5_I0_O)        0.053    22.598 r  GEN_BRAM.u_core/alu/u_mul/u_mul/GEN_ARRAY.u_mul/u_csa_row0/GEN_CSA_FA[1].u_fa/result[1]_INST_0_i_4/O
                         net (fo=4, routed)           0.721    23.319    GEN_BRAM.u_core/alu/u_mul/u_mul/GEN_ARRAY.u_mul/u_csa_row0/GEN_CSA_FA[1].u_fa/stage_sum[29]_57[32]
    SLICE_X8Y15          LUT5 (Prop_lut5_I4_O)        0.065    23.384 r  GEN_BRAM.u_core/alu/u_mul/u_mul/GEN_ARRAY.u_mul/u_csa_row0/GEN_CSA_FA[1].u_fa/result[1]_INST_0_i_6/O
                         net (fo=2, routed)           0.306    23.690    GEN_BRAM.u_core/alu/u_mul/u_mul/GEN_ARRAY.u_mul/u_csa_row0/GEN_CSA_FA[1].u_fa/u_final_cpa/GEN_FINAL_FA[32].u_fa/c2
    SLICE_X8Y16          LUT5 (Prop_lut5_I2_O)        0.171    23.861 r  GEN_BRAM.u_core/alu/u_mul/u_mul/GEN_ARRAY.u_mul/u_csa_row0/GEN_CSA_FA[1].u_fa/result[2]_INST_0_i_9/O
                         net (fo=2, routed)           0.586    24.447    GEN_BRAM.u_core/alu/u_mul/u_mul/GEN_ARRAY.u_mul/u_csa_row0/GEN_CSA_FA[1].u_fa/u_final_cpa/GEN_FINAL_FA[33].u_fa/c2
    SLICE_X8Y16          LUT5 (Prop_lut5_I2_O)        0.183    24.630 r  GEN_BRAM.u_core/alu/u_mul/u_mul/GEN_ARRAY.u_mul/u_csa_row0/GEN_CSA_FA[1].u_fa/result[4]_INST_0_i_14/O
                         net (fo=3, routed)           0.391    25.021    GEN_BRAM.u_core/alu/u_mul/u_mul/GEN_ARRAY.u_mul/u_csa_row0/GEN_CSA_FA[1].u_fa/u_final_cpa/c_35
    SLICE_X7Y16          LUT6 (Prop_lut6_I4_O)        0.172    25.193 r  GEN_BRAM.u_core/alu/u_mul/u_mul/GEN_ARRAY.u_mul/u_csa_row0/GEN_CSA_FA[1].u_fa/result[6]_INST_0_i_12/O
                         net (fo=3, routed)           0.205    25.397    GEN_BRAM.u_core/alu/u_mul/u_mul/GEN_ARRAY.u_mul/u_csa_row0/GEN_CSA_FA[1].u_fa/u_final_cpa/c_37
    SLICE_X7Y16          LUT6 (Prop_lut6_I4_O)        0.053    25.450 r  GEN_BRAM.u_core/alu/u_mul/u_mul/GEN_ARRAY.u_mul/u_csa_row0/GEN_CSA_FA[1].u_fa/result[8]_INST_0_i_13/O
                         net (fo=3, routed)           0.405    25.856    GEN_BRAM.u_core/alu/u_mul/u_mul/GEN_ARRAY.u_mul/u_csa_row0/GEN_CSA_FA[1].u_fa/u_final_cpa/c_39
    SLICE_X9Y17          LUT6 (Prop_lut6_I4_O)        0.053    25.909 r  GEN_BRAM.u_core/alu/u_mul/u_mul/GEN_ARRAY.u_mul/u_csa_row0/GEN_CSA_FA[1].u_fa/result[10]_INST_0_i_12/O
                         net (fo=3, routed)           0.311    26.220    GEN_BRAM.u_core/alu/u_mul/u_mul/GEN_ARRAY.u_mul/u_csa_row0/GEN_CSA_FA[1].u_fa/u_final_cpa/c_41
    SLICE_X9Y18          LUT6 (Prop_lut6_I4_O)        0.053    26.273 r  GEN_BRAM.u_core/alu/u_mul/u_mul/GEN_ARRAY.u_mul/u_csa_row0/GEN_CSA_FA[1].u_fa/result[12]_INST_0_i_13/O
                         net (fo=3, routed)           0.138    26.411    GEN_BRAM.u_core/alu/u_mul/u_mul/GEN_ARRAY.u_mul/u_csa_row0/GEN_CSA_FA[1].u_fa/u_final_cpa/c_43
    SLICE_X9Y18          LUT6 (Prop_lut6_I4_O)        0.053    26.464 r  GEN_BRAM.u_core/alu/u_mul/u_mul/GEN_ARRAY.u_mul/u_csa_row0/GEN_CSA_FA[1].u_fa/result[14]_INST_0_i_12/O
                         net (fo=3, routed)           0.278    26.742    GEN_BRAM.u_core/alu/u_mul/u_mul/GEN_ARRAY.u_mul/u_csa_row0/GEN_CSA_FA[1].u_fa/u_final_cpa/c_45
    SLICE_X10Y19         LUT6 (Prop_lut6_I4_O)        0.053    26.795 r  GEN_BRAM.u_core/alu/u_mul/u_mul/GEN_ARRAY.u_mul/u_csa_row0/GEN_CSA_FA[1].u_fa/result[16]_INST_0_i_13/O
                         net (fo=3, routed)           0.318    27.113    GEN_BRAM.u_core/alu/u_mul/u_mul/GEN_ARRAY.u_mul/u_csa_row0/GEN_CSA_FA[1].u_fa/u_final_cpa/c_47
    SLICE_X10Y20         LUT6 (Prop_lut6_I4_O)        0.053    27.166 r  GEN_BRAM.u_core/alu/u_mul/u_mul/GEN_ARRAY.u_mul/u_csa_row0/GEN_CSA_FA[1].u_fa/result[18]_INST_0_i_12/O
                         net (fo=3, routed)           0.222    27.388    GEN_BRAM.u_core/alu/u_mul/u_mul/GEN_ARRAY.u_mul/u_csa_row0/GEN_CSA_FA[1].u_fa/u_final_cpa/c_49
    SLICE_X10Y20         LUT6 (Prop_lut6_I4_O)        0.053    27.441 r  GEN_BRAM.u_core/alu/u_mul/u_mul/GEN_ARRAY.u_mul/u_csa_row0/GEN_CSA_FA[1].u_fa/result[20]_INST_0_i_13/O
                         net (fo=3, routed)           0.323    27.764    GEN_BRAM.u_core/alu/u_mul/u_mul/GEN_ARRAY.u_mul/u_csa_row0/GEN_CSA_FA[1].u_fa/u_final_cpa/c_51
    SLICE_X10Y21         LUT6 (Prop_lut6_I4_O)        0.053    27.817 r  GEN_BRAM.u_core/alu/u_mul/u_mul/GEN_ARRAY.u_mul/u_csa_row0/GEN_CSA_FA[1].u_fa/result[22]_INST_0_i_12/O
                         net (fo=3, routed)           0.146    27.963    GEN_BRAM.u_core/alu/u_mul/u_mul/GEN_ARRAY.u_mul/u_csa_row0/GEN_CSA_FA[1].u_fa/u_final_cpa/c_53
    SLICE_X10Y21         LUT6 (Prop_lut6_I4_O)        0.053    28.016 r  GEN_BRAM.u_core/alu/u_mul/u_mul/GEN_ARRAY.u_mul/u_csa_row0/GEN_CSA_FA[1].u_fa/result[24]_INST_0_i_13/O
                         net (fo=3, routed)           0.255    28.271    GEN_BRAM.u_core/alu/u_mul/u_mul/GEN_ARRAY.u_mul/u_csa_row0/GEN_CSA_FA[1].u_fa/u_final_cpa/c_55
    SLICE_X10Y22         LUT6 (Prop_lut6_I4_O)        0.053    28.324 r  GEN_BRAM.u_core/alu/u_mul/u_mul/GEN_ARRAY.u_mul/u_csa_row0/GEN_CSA_FA[1].u_fa/result[26]_INST_0_i_12/O
                         net (fo=3, routed)           0.222    28.545    GEN_BRAM.u_core/alu/u_mul/u_mul/GEN_ARRAY.u_mul/u_csa_row0/GEN_CSA_FA[1].u_fa/u_final_cpa/c_57
    SLICE_X10Y22         LUT6 (Prop_lut6_I4_O)        0.053    28.598 r  GEN_BRAM.u_core/alu/u_mul/u_mul/GEN_ARRAY.u_mul/u_csa_row0/GEN_CSA_FA[1].u_fa/result[28]_INST_0_i_13/O
                         net (fo=3, routed)           0.260    28.859    GEN_BRAM.u_core/alu/u_mul/u_mul/GEN_ARRAY.u_mul/u_csa_row0/GEN_CSA_FA[1].u_fa/u_final_cpa/c_59
    SLICE_X8Y22          LUT5 (Prop_lut5_I4_O)        0.053    28.912 r  GEN_BRAM.u_core/alu/u_mul/u_mul/GEN_ARRAY.u_mul/u_csa_row0/GEN_CSA_FA[1].u_fa/result[27]_INST_0_i_2/O
                         net (fo=2, routed)           0.000    28.912    GEN_BRAM.u_core/alu/u_mul/u_mul/GEN_ARRAY.u_mul/u_csa_row0/GEN_CSA_FA[1].u_fa/p_0_in[59]
    SLICE_X8Y22          CARRY4 (Prop_carry4_S[2]_O[3])
                                                      0.208    29.120 r  GEN_BRAM.u_core/alu/u_mul/u_mul/GEN_ARRAY.u_mul/u_csa_row0/GEN_CSA_FA[1].u_fa/result[28]_INST_0_i_4/O[3]
                         net (fo=1, routed)           0.482    29.601    GEN_BRAM.u_core/alu/u_mul/u_mul/GEN_ARRAY.u_mul/u_csa_row0/GEN_CSA_FA[1].u_fa/signed_product0[60]
    SLICE_X7Y19          LUT6 (Prop_lut6_I5_O)        0.142    29.743 r  GEN_BRAM.u_core/alu/u_mul/u_mul/GEN_ARRAY.u_mul/u_csa_row0/GEN_CSA_FA[1].u_fa/result[28]_INST_0/O
                         net (fo=1, routed)           0.194    29.937    GEN_BRAM.u_core/reg_file/result[24]
    SLICE_X7Y19          LUT6 (Prop_lut6_I2_O)        0.053    29.990 r  GEN_BRAM.u_core/reg_file/debug_alu_out_OBUF[28]_inst_i_4/O
                         net (fo=1, routed)           0.312    30.302    GEN_BRAM.u_core/reg_file/debug_alu_out_OBUF[28]_inst_i_4_n_0
    SLICE_X6Y19          LUT6 (Prop_lut6_I5_O)        0.053    30.355 r  GEN_BRAM.u_core/reg_file/debug_alu_out_OBUF[28]_inst_i_1/O
                         net (fo=3, routed)           0.250    30.605    GEN_BRAM.u_core/wb_mux/debug_alu_out_OBUF[28]
    SLICE_X7Y20          LUT6 (Prop_lut6_I0_O)        0.053    30.658 r  GEN_BRAM.u_core/wb_mux/registers_reg_r1_0_31_24_29_i_18/O
                         net (fo=1, routed)           0.342    31.000    GEN_BRAM.u_core/divider/wb_exec[28]
    SLICE_X7Y21          LUT6 (Prop_lut6_I5_O)        0.053    31.053 r  GEN_BRAM.u_core/divider/registers_reg_r1_0_31_24_29_i_6/O
                         net (fo=2, routed)           0.470    31.523    GEN_BRAM.u_core/reg_file/registers_reg_r1_0_31_24_29/DIC0
    SLICE_X6Y21          RAMD32                                       r  GEN_BRAM.u_core/reg_file/registers_reg_r1_0_31_24_29/RAMC/I
  -------------------------------------------------------------------    -------------------

                         (clock sys_clk rise edge)   30.000    30.000 r  
    AD23                                              0.000    30.000 r  clk (IN)
                         net (fo=0)                   0.000    30.000    clk
    AD23                 IBUF (Prop_ibuf_I_O)         0.796    30.796 r  clk_IBUF_inst/O
                         net (fo=1, routed)           1.741    32.537    clk_IBUF
    BUFGCTRL_X0Y0        BUFG (Prop_bufg_I_O)         0.113    32.650 r  clk_IBUF_BUFG_inst/O
                         net (fo=350, routed)         1.592    34.242    GEN_BRAM.u_core/reg_file/registers_reg_r1_0_31_24_29/WCLK
    SLICE_X6Y21          RAMD32                                       r  GEN_BRAM.u_core/reg_file/registers_reg_r1_0_31_24_29/RAMC/CLK
                         clock pessimism              0.256    34.499    
                         clock uncertainty           -0.035    34.463    
    SLICE_X6Y21          RAMD32 (Setup_ramd32_CLK_I)
                                                     -0.132    34.331    GEN_BRAM.u_core/reg_file/registers_reg_r1_0_31_24_29/RAMC
  -------------------------------------------------------------------
                         required time                         34.331    
                         arrival time                         -31.523    
  -------------------------------------------------------------------
                         slack                                  2.808    

Slack (MET) :             2.820ns  (required time - arrival time)
  Source:                 GEN_BRAM.u_core/ir_reg[2]/C
                            (rising edge-triggered cell FDCE clocked by sys_clk  {rise@0.000ns fall@15.000ns period=30.000ns})
  Destination:            GEN_BRAM.u_core/reg_file/registers_reg_r1_0_31_30_31/SP/I
                            (rising edge-triggered cell RAMD32 clocked by sys_clk  {rise@0.000ns fall@15.000ns period=30.000ns})
  Path Group:             sys_clk
  Path Type:              Setup (Max at Slow Process Corner)
  Requirement:            30.000ns  (sys_clk rise@30.000ns - sys_clk rise@0.000ns)
  Data Path Delay:        26.986ns  (logic 4.319ns (16.004%)  route 22.667ns (83.996%))
  Logic Levels:           55  (CARRY4=2 LUT3=12 LUT4=1 LUT5=19 LUT6=21)
  Clock Path Skew:        -0.020ns (DCD - SCD + CPR)
    Destination Clock Delay (DCD):    4.178ns = ( 34.178 - 30.000 ) 
    Source Clock Delay      (SCD):    4.462ns
    Clock Pessimism Removal (CPR):    0.263ns
  Clock Uncertainty:      0.035ns  ((TSJ^2 + TIJ^2)^1/2 + DJ) / 2 + PE
    Total System Jitter     (TSJ):    0.071ns
    Total Input Jitter      (TIJ):    0.000ns
    Discrete Jitter          (DJ):    0.000ns
    Phase Error              (PE):    0.000ns

    Location             Delay type                Incr(ns)  Path(ns)    Netlist Resource(s)
  -------------------------------------------------------------------    -------------------
                         (clock sys_clk rise edge)    0.000     0.000 r  
    AD23                                              0.000     0.000 r  clk (IN)
                         net (fo=0)                   0.000     0.000    clk
    AD23                 IBUF (Prop_ibuf_I_O)         0.873     0.873 r  clk_IBUF_inst/O
                         net (fo=1, routed)           1.830     2.703    clk_IBUF
    BUFGCTRL_X0Y0        BUFG (Prop_bufg_I_O)         0.120     2.823 r  clk_IBUF_BUFG_inst/O
                         net (fo=350, routed)         1.639     4.462    GEN_BRAM.u_core/clk_IBUF_BUFG
    SLICE_X15Y23         FDCE                                         r  GEN_BRAM.u_core/ir_reg[2]/C
  -------------------------------------------------------------------    -------------------
    SLICE_X15Y23         FDCE (Prop_fdce_C_Q)         0.269     4.731 r  GEN_BRAM.u_core/ir_reg[2]/Q
                         net (fo=24, routed)          0.633     5.364    GEN_BRAM.u_core/reg_file/Q[1]
    SLICE_X14Y24         LUT5 (Prop_lut5_I0_O)        0.053     5.417 r  GEN_BRAM.u_core/reg_file/registers_reg_r1_0_31_0_5_i_25/O
                         net (fo=56, routed)          0.733     6.150    GEN_BRAM.u_core/imm_gen/u_mul_i_32
    SLICE_X12Y20         LUT6 (Prop_lut6_I4_O)        0.053     6.203 f  GEN_BRAM.u_core/imm_gen/u_mul_i_68/O
                         net (fo=1, routed)           0.331     6.534    GEN_BRAM.u_core/alu_mux_b/imm[0]
    SLICE_X12Y20         LUT4 (Prop_lut4_I0_O)        0.053     6.587 r  GEN_BRAM.u_core/alu_mux_b/u_mul_i_32/O
                         net (fo=136, routed)         0.614     7.201    GEN_BRAM.u_core/alu/u_mul/u_mul/GEN_ARRAY.u_mul/u_csa_row0/GEN_CSA_FA[1].u_fa/result[4]_INST_0_i_22_n_0
    SLICE_X13Y19         CARRY4 (Prop_carry4_CYINIT_O[1])
                                                      0.390     7.591 r  GEN_BRAM.u_core/alu/u_mul/u_mul/GEN_ARRAY.u_mul/u_csa_row0/GEN_CSA_FA[1].u_fa/result[4]_INST_0_i_6/O[1]
                         net (fo=32, routed)          0.752     8.343    GEN_BRAM.u_core/alu/u_mul/u_mul/GEN_ARRAY.u_mul/u_csa_row0/GEN_CSA_FA[1].u_fa/mag_b0[2]
    SLICE_X18Y21         LUT6 (Prop_lut6_I3_O)        0.152     8.495 r  GEN_BRAM.u_core/alu/u_mul/u_mul/GEN_ARRAY.u_mul/u_csa_row0/GEN_CSA_FA[1].u_fa/result[14]_INST_0_i_132/O
                         net (fo=2, routed)           0.579     9.074    GEN_BRAM.u_core/alu/u_mul/u_mul/GEN_ARRAY.u_mul/u_csa_row0/GEN_CSA_FA[1].u_fa/pp[2]_91[14]
    SLICE_X18Y21         LUT6 (Prop_lut6_I5_O)        0.053     9.127 r  GEN_BRAM.u_core/alu/u_mul/u_mul/GEN_ARRAY.u_mul/u_csa_row0/GEN_CSA_FA[1].u_fa/result[16]_INST_0_i_144/O
                         net (fo=3, routed)           0.575     9.702    GEN_BRAM.u_core/alu/u_mul/u_mul/GEN_ARRAY.u_mul/u_csa_row0/GEN_CSA_FA[1].u_fa/stage_carry[0]_58[15]
    SLICE_X18Y20         LUT5 (Prop_lut5_I0_O)        0.053     9.755 r  GEN_BRAM.u_core/alu/u_mul/u_mul/GEN_ARRAY.u_mul/u_csa_row0/GEN_CSA_FA[1].u_fa/result[16]_INST_0_i_125/O
                         net (fo=3, routed)           0.366    10.121    GEN_BRAM.u_core/alu/u_mul/u_mul/GEN_ARRAY.u_mul/u_csa_row0/GEN_CSA_FA[1].u_fa/stage_sum[2]_42[15]
    SLICE_X18Y19         LUT3 (Prop_lut3_I1_O)        0.053    10.174 r  GEN_BRAM.u_core/alu/u_mul/u_mul/GEN_ARRAY.u_mul/u_csa_row0/GEN_CSA_FA[1].u_fa/result[16]_INST_0_i_132/O
                         net (fo=2, routed)           0.635    10.809    GEN_BRAM.u_core/alu/u_mul/u_mul/GEN_ARRAY.u_mul/u_csa_row0/GEN_CSA_FA[1].u_fa/stage_carry[3]_44[16]
    SLICE_X19Y19         LUT5 (Prop_lut5_I3_O)        0.053    10.862 r  GEN_BRAM.u_core/alu/u_mul/u_mul/GEN_ARRAY.u_mul/u_csa_row0/GEN_CSA_FA[1].u_fa/result[18]_INST_0_i_109/O
                         net (fo=3, routed)           0.588    11.450    GEN_BRAM.u_core/alu/u_mul/u_mul/GEN_ARRAY.u_mul/u_csa_row0/GEN_CSA_FA[1].u_fa/stage_carry[4]_2[17]
    SLICE_X17Y14         LUT3 (Prop_lut3_I0_O)        0.053    11.503 r  GEN_BRAM.u_core/alu/u_mul/u_mul/GEN_ARRAY.u_mul/u_csa_row0/GEN_CSA_FA[1].u_fa/result[18]_INST_0_i_117/O
                         net (fo=2, routed)           0.626    12.129    GEN_BRAM.u_core/alu/u_mul/u_mul/GEN_ARRAY.u_mul/u_csa_row0/GEN_CSA_FA[1].u_fa/stage_carry[5]_45[18]
    SLICE_X14Y9          LUT5 (Prop_lut5_I3_O)        0.053    12.182 r  GEN_BRAM.u_core/alu/u_mul/u_mul/GEN_ARRAY.u_mul/u_csa_row0/GEN_CSA_FA[1].u_fa/result[20]_INST_0_i_124/O
                         net (fo=3, routed)           0.516    12.698    GEN_BRAM.u_core/alu/u_mul/u_mul/GEN_ARRAY.u_mul/u_csa_row0/GEN_CSA_FA[1].u_fa/stage_carry[6]_4[19]
    SLICE_X13Y8          LUT3 (Prop_lut3_I0_O)        0.053    12.751 r  GEN_BRAM.u_core/alu/u_mul/u_mul/GEN_ARRAY.u_mul/u_csa_row0/GEN_CSA_FA[1].u_fa/result[20]_INST_0_i_132/O
                         net (fo=2, routed)           0.421    13.172    GEN_BRAM.u_core/alu/u_mul/u_mul/GEN_ARRAY.u_mul/u_csa_row0/GEN_CSA_FA[1].u_fa/stage_carry[7]_46[20]
    SLICE_X13Y6          LUT5 (Prop_lut5_I3_O)        0.053    13.225 r  GEN_BRAM.u_core/alu/u_mul/u_mul/GEN_ARRAY.u_mul/u_csa_row0/GEN_CSA_FA[1].u_fa/result[22]_INST_0_i_104/O
                         net (fo=3, routed)           0.482    13.707    GEN_BRAM.u_core/alu/u_mul/u_mul/GEN_ARRAY.u_mul/u_csa_row0/GEN_CSA_FA[1].u_fa/stage_carry[8]_6[21]
    SLICE_X11Y5          LUT3 (Prop_lut3_I0_O)        0.053    13.760 r  GEN_BRAM.u_core/alu/u_mul/u_mul/GEN_ARRAY.u_mul/u_csa_row0/GEN_CSA_FA[1].u_fa/result[22]_INST_0_i_112/O
                         net (fo=2, routed)           0.311    14.072    GEN_BRAM.u_core/alu/u_mul/u_mul/GEN_ARRAY.u_mul/u_csa_row0/GEN_CSA_FA[1].u_fa/stage_carry[9]_47[22]
    SLICE_X11Y3          LUT5 (Prop_lut5_I3_O)        0.053    14.125 r  GEN_BRAM.u_core/alu/u_mul/u_mul/GEN_ARRAY.u_mul/u_csa_row0/GEN_CSA_FA[1].u_fa/result[24]_INST_0_i_109/O
                         net (fo=3, routed)           0.457    14.582    GEN_BRAM.u_core/alu/u_mul/u_mul/GEN_ARRAY.u_mul/u_csa_row0/GEN_CSA_FA[1].u_fa/stage_carry[10]_8[23]
    SLICE_X11Y2          LUT3 (Prop_lut3_I0_O)        0.053    14.635 r  GEN_BRAM.u_core/alu/u_mul/u_mul/GEN_ARRAY.u_mul/u_csa_row0/GEN_CSA_FA[1].u_fa/result[24]_INST_0_i_117/O
                         net (fo=2, routed)           0.374    15.009    GEN_BRAM.u_core/alu/u_mul/u_mul/GEN_ARRAY.u_mul/u_csa_row0/GEN_CSA_FA[1].u_fa/stage_carry[11]_48[24]
    SLICE_X10Y2          LUT5 (Prop_lut5_I3_O)        0.053    15.062 r  GEN_BRAM.u_core/alu/u_mul/u_mul/GEN_ARRAY.u_mul/u_csa_row0/GEN_CSA_FA[1].u_fa/result[24]_INST_0_i_105/O
                         net (fo=3, routed)           0.630    15.693    GEN_BRAM.u_core/alu/u_mul/u_mul/GEN_ARRAY.u_mul/u_csa_row0/GEN_CSA_FA[1].u_fa/stage_sum[12]_37[24]
    SLICE_X9Y3           LUT5 (Prop_lut5_I1_O)        0.053    15.746 r  GEN_BRAM.u_core/alu/u_mul/u_mul/GEN_ARRAY.u_mul/u_csa_row0/GEN_CSA_FA[1].u_fa/result[26]_INST_0_i_74/O
                         net (fo=3, routed)           0.592    16.337    GEN_BRAM.u_core/alu/u_mul/u_mul/GEN_ARRAY.u_mul/u_csa_row0/GEN_CSA_FA[1].u_fa/stage_carry[14]_12[25]
    SLICE_X4Y1           LUT3 (Prop_lut3_I0_O)        0.053    16.390 r  GEN_BRAM.u_core/alu/u_mul/u_mul/GEN_ARRAY.u_mul/u_csa_row0/GEN_CSA_FA[1].u_fa/result[26]_INST_0_i_82/O
                         net (fo=2, routed)           0.323    16.713    GEN_BRAM.u_core/alu/u_mul/u_mul/GEN_ARRAY.u_mul/u_csa_row0/GEN_CSA_FA[1].u_fa/stage_carry[15]_50[26]
    SLICE_X4Y0           LUT5 (Prop_lut5_I3_O)        0.053    16.766 r  GEN_BRAM.u_core/alu/u_mul/u_mul/GEN_ARRAY.u_mul/u_csa_row0/GEN_CSA_FA[1].u_fa/result[26]_INST_0_i_70/O
                         net (fo=3, routed)           0.392    17.158    GEN_BRAM.u_core/alu/u_mul/u_mul/GEN_ARRAY.u_mul/u_csa_row0/GEN_CSA_FA[1].u_fa/stage_sum[16]_35[26]
    SLICE_X2Y3           LUT3 (Prop_lut3_I1_O)        0.053    17.211 r  GEN_BRAM.u_core/alu/u_mul/u_mul/GEN_ARRAY.u_mul/u_csa_row0/GEN_CSA_FA[1].u_fa/result[28]_INST_0_i_82/O
                         net (fo=2, routed)           0.467    17.679    GEN_BRAM.u_core/alu/u_mul/u_mul/GEN_ARRAY.u_mul/u_csa_row0/GEN_CSA_FA[1].u_fa/stage_carry[17]_51[27]
    SLICE_X2Y3           LUT5 (Prop_lut5_I3_O)        0.053    17.732 r  GEN_BRAM.u_core/alu/u_mul/u_mul/GEN_ARRAY.u_mul/u_csa_row0/GEN_CSA_FA[1].u_fa/result[28]_INST_0_i_70/O
                         net (fo=3, routed)           0.157    17.889    GEN_BRAM.u_core/alu/u_mul/u_mul/GEN_ARRAY.u_mul/u_csa_row0/GEN_CSA_FA[1].u_fa/stage_sum[18]_34[27]
    SLICE_X2Y3           LUT3 (Prop_lut3_I1_O)        0.053    17.942 r  GEN_BRAM.u_core/alu/u_mul/u_mul/GEN_ARRAY.u_mul/u_csa_row0/GEN_CSA_FA[1].u_fa/result[28]_INST_0_i_77/O
                         net (fo=2, routed)           0.433    18.375    GEN_BRAM.u_core/alu/u_mul/u_mul/GEN_ARRAY.u_mul/u_csa_row0/GEN_CSA_FA[1].u_fa/stage_carry[19]_52[28]
    SLICE_X2Y1           LUT5 (Prop_lut5_I3_O)        0.053    18.428 r  GEN_BRAM.u_core/alu/u_mul/u_mul/GEN_ARRAY.u_mul/u_csa_row0/GEN_CSA_FA[1].u_fa/result[28]_INST_0_i_65/O
                         net (fo=3, routed)           0.603    19.030    GEN_BRAM.u_core/alu/u_mul/u_mul/GEN_ARRAY.u_mul/u_csa_row0/GEN_CSA_FA[1].u_fa/stage_sum[20]_33[28]
    SLICE_X0Y6           LUT3 (Prop_lut3_I1_O)        0.053    19.083 r  GEN_BRAM.u_core/alu/u_mul/u_mul/GEN_ARRAY.u_mul/u_csa_row0/GEN_CSA_FA[1].u_fa/result[30]_INST_0_i_41/O
                         net (fo=2, routed)           0.352    19.436    GEN_BRAM.u_core/alu/u_mul/u_mul/GEN_ARRAY.u_mul/u_csa_row0/GEN_CSA_FA[1].u_fa/stage_carry[21]_53[29]
    SLICE_X1Y3           LUT5 (Prop_lut5_I3_O)        0.053    19.489 r  GEN_BRAM.u_core/alu/u_mul/u_mul/GEN_ARRAY.u_mul/u_csa_row0/GEN_CSA_FA[1].u_fa/result[30]_INST_0_i_29/O
                         net (fo=3, routed)           0.436    19.925    GEN_BRAM.u_core/alu/u_mul/u_mul/GEN_ARRAY.u_mul/u_csa_row0/GEN_CSA_FA[1].u_fa/stage_sum[22]_32[29]
    SLICE_X0Y6           LUT3 (Prop_lut3_I1_O)        0.053    19.978 r  GEN_BRAM.u_core/alu/u_mul/u_mul/GEN_ARRAY.u_mul/u_csa_row0/GEN_CSA_FA[1].u_fa/result[30]_INST_0_i_36/O
                         net (fo=2, routed)           0.433    20.411    GEN_BRAM.u_core/alu/u_mul/u_mul/GEN_ARRAY.u_mul/u_csa_row0/GEN_CSA_FA[1].u_fa/stage_carry[23]_54[30]
    SLICE_X3Y5           LUT5 (Prop_lut5_I3_O)        0.053    20.464 r  GEN_BRAM.u_core/alu/u_mul/u_mul/GEN_ARRAY.u_mul/u_csa_row0/GEN_CSA_FA[1].u_fa/result[30]_INST_0_i_23/O
                         net (fo=3, routed)           0.482    20.946    GEN_BRAM.u_core/alu/u_mul/u_mul/GEN_ARRAY.u_mul/u_csa_row0/GEN_CSA_FA[1].u_fa/stage_sum[24]_31[30]
    SLICE_X4Y8           LUT3 (Prop_lut3_I1_O)        0.053    20.999 r  GEN_BRAM.u_core/alu/u_mul/u_mul/GEN_ARRAY.u_mul/u_csa_row0/GEN_CSA_FA[1].u_fa/result[31]_INST_0_i_41/O
                         net (fo=2, routed)           0.371    21.370    GEN_BRAM.u_core/alu/u_mul/u_mul/GEN_ARRAY.u_mul/u_csa_row0/GEN_CSA_FA[1].u_fa/stage_carry[25]_55[31]
    SLICE_X4Y6           LUT5 (Prop_lut5_I3_O)        0.053    21.423 r  GEN_BRAM.u_core/alu/u_mul/u_mul/GEN_ARRAY.u_mul/u_csa_row0/GEN_CSA_FA[1].u_fa/result[31]_INST_0_i_31/O
                         net (fo=3, routed)           0.453    21.876    GEN_BRAM.u_core/alu/u_mul/u_mul/GEN_ARRAY.u_mul/u_csa_row0/GEN_CSA_FA[1].u_fa/stage_sum[26]_30[31]
    SLICE_X7Y9           LUT3 (Prop_lut3_I1_O)        0.053    21.929 r  GEN_BRAM.u_core/alu/u_mul/u_mul/GEN_ARRAY.u_mul/u_csa_row0/GEN_CSA_FA[1].u_fa/result[2]_INST_0_i_22/O
                         net (fo=3, routed)           0.617    22.545    GEN_BRAM.u_core/alu/u_mul/u_mul/GEN_ARRAY.u_mul/u_csa_row0/GEN_CSA_FA[1].u_fa/stage_carry[27]_56[32]
    SLICE_X9Y9           LUT5 (Prop_lut5_I0_O)        0.053    22.598 r  GEN_BRAM.u_core/alu/u_mul/u_mul/GEN_ARRAY.u_mul/u_csa_row0/GEN_CSA_FA[1].u_fa/result[1]_INST_0_i_4/O
                         net (fo=4, routed)           0.721    23.319    GEN_BRAM.u_core/alu/u_mul/u_mul/GEN_ARRAY.u_mul/u_csa_row0/GEN_CSA_FA[1].u_fa/stage_sum[29]_57[32]
    SLICE_X8Y15          LUT5 (Prop_lut5_I4_O)        0.065    23.384 r  GEN_BRAM.u_core/alu/u_mul/u_mul/GEN_ARRAY.u_mul/u_csa_row0/GEN_CSA_FA[1].u_fa/result[1]_INST_0_i_6/O
                         net (fo=2, routed)           0.306    23.690    GEN_BRAM.u_core/alu/u_mul/u_mul/GEN_ARRAY.u_mul/u_csa_row0/GEN_CSA_FA[1].u_fa/u_final_cpa/GEN_FINAL_FA[32].u_fa/c2
    SLICE_X8Y16          LUT5 (Prop_lut5_I2_O)        0.171    23.861 r  GEN_BRAM.u_core/alu/u_mul/u_mul/GEN_ARRAY.u_mul/u_csa_row0/GEN_CSA_FA[1].u_fa/result[2]_INST_0_i_9/O
                         net (fo=2, routed)           0.586    24.447    GEN_BRAM.u_core/alu/u_mul/u_mul/GEN_ARRAY.u_mul/u_csa_row0/GEN_CSA_FA[1].u_fa/u_final_cpa/GEN_FINAL_FA[33].u_fa/c2
    SLICE_X8Y16          LUT5 (Prop_lut5_I2_O)        0.183    24.630 r  GEN_BRAM.u_core/alu/u_mul/u_mul/GEN_ARRAY.u_mul/u_csa_row0/GEN_CSA_FA[1].u_fa/result[4]_INST_0_i_14/O
                         net (fo=3, routed)           0.391    25.021    GEN_BRAM.u_core/alu/u_mul/u_mul/GEN_ARRAY.u_mul/u_csa_row0/GEN_CSA_FA[1].u_fa/u_final_cpa/c_35
    SLICE_X7Y16          LUT6 (Prop_lut6_I4_O)        0.172    25.193 r  GEN_BRAM.u_core/alu/u_mul/u_mul/GEN_ARRAY.u_mul/u_csa_row0/GEN_CSA_FA[1].u_fa/result[6]_INST_0_i_12/O
                         net (fo=3, routed)           0.205    25.397    GEN_BRAM.u_core/alu/u_mul/u_mul/GEN_ARRAY.u_mul/u_csa_row0/GEN_CSA_FA[1].u_fa/u_final_cpa/c_37
    SLICE_X7Y16          LUT6 (Prop_lut6_I4_O)        0.053    25.450 r  GEN_BRAM.u_core/alu/u_mul/u_mul/GEN_ARRAY.u_mul/u_csa_row0/GEN_CSA_FA[1].u_fa/result[8]_INST_0_i_13/O
                         net (fo=3, routed)           0.405    25.856    GEN_BRAM.u_core/alu/u_mul/u_mul/GEN_ARRAY.u_mul/u_csa_row0/GEN_CSA_FA[1].u_fa/u_final_cpa/c_39
    SLICE_X9Y17          LUT6 (Prop_lut6_I4_O)        0.053    25.909 r  GEN_BRAM.u_core/alu/u_mul/u_mul/GEN_ARRAY.u_mul/u_csa_row0/GEN_CSA_FA[1].u_fa/result[10]_INST_0_i_12/O
                         net (fo=3, routed)           0.311    26.220    GEN_BRAM.u_core/alu/u_mul/u_mul/GEN_ARRAY.u_mul/u_csa_row0/GEN_CSA_FA[1].u_fa/u_final_cpa/c_41
    SLICE_X9Y18          LUT6 (Prop_lut6_I4_O)        0.053    26.273 r  GEN_BRAM.u_core/alu/u_mul/u_mul/GEN_ARRAY.u_mul/u_csa_row0/GEN_CSA_FA[1].u_fa/result[12]_INST_0_i_13/O
                         net (fo=3, routed)           0.138    26.411    GEN_BRAM.u_core/alu/u_mul/u_mul/GEN_ARRAY.u_mul/u_csa_row0/GEN_CSA_FA[1].u_fa/u_final_cpa/c_43
    SLICE_X9Y18          LUT6 (Prop_lut6_I4_O)        0.053    26.464 r  GEN_BRAM.u_core/alu/u_mul/u_mul/GEN_ARRAY.u_mul/u_csa_row0/GEN_CSA_FA[1].u_fa/result[14]_INST_0_i_12/O
                         net (fo=3, routed)           0.278    26.742    GEN_BRAM.u_core/alu/u_mul/u_mul/GEN_ARRAY.u_mul/u_csa_row0/GEN_CSA_FA[1].u_fa/u_final_cpa/c_45
    SLICE_X10Y19         LUT6 (Prop_lut6_I4_O)        0.053    26.795 r  GEN_BRAM.u_core/alu/u_mul/u_mul/GEN_ARRAY.u_mul/u_csa_row0/GEN_CSA_FA[1].u_fa/result[16]_INST_0_i_13/O
                         net (fo=3, routed)           0.318    27.113    GEN_BRAM.u_core/alu/u_mul/u_mul/GEN_ARRAY.u_mul/u_csa_row0/GEN_CSA_FA[1].u_fa/u_final_cpa/c_47
    SLICE_X10Y20         LUT6 (Prop_lut6_I4_O)        0.053    27.166 r  GEN_BRAM.u_core/alu/u_mul/u_mul/GEN_ARRAY.u_mul/u_csa_row0/GEN_CSA_FA[1].u_fa/result[18]_INST_0_i_12/O
                         net (fo=3, routed)           0.222    27.388    GEN_BRAM.u_core/alu/u_mul/u_mul/GEN_ARRAY.u_mul/u_csa_row0/GEN_CSA_FA[1].u_fa/u_final_cpa/c_49
    SLICE_X10Y20         LUT6 (Prop_lut6_I4_O)        0.053    27.441 r  GEN_BRAM.u_core/alu/u_mul/u_mul/GEN_ARRAY.u_mul/u_csa_row0/GEN_CSA_FA[1].u_fa/result[20]_INST_0_i_13/O
                         net (fo=3, routed)           0.323    27.764    GEN_BRAM.u_core/alu/u_mul/u_mul/GEN_ARRAY.u_mul/u_csa_row0/GEN_CSA_FA[1].u_fa/u_final_cpa/c_51
    SLICE_X10Y21         LUT6 (Prop_lut6_I4_O)        0.053    27.817 r  GEN_BRAM.u_core/alu/u_mul/u_mul/GEN_ARRAY.u_mul/u_csa_row0/GEN_CSA_FA[1].u_fa/result[22]_INST_0_i_12/O
                         net (fo=3, routed)           0.146    27.963    GEN_BRAM.u_core/alu/u_mul/u_mul/GEN_ARRAY.u_mul/u_csa_row0/GEN_CSA_FA[1].u_fa/u_final_cpa/c_53
    SLICE_X10Y21         LUT6 (Prop_lut6_I4_O)        0.053    28.016 r  GEN_BRAM.u_core/alu/u_mul/u_mul/GEN_ARRAY.u_mul/u_csa_row0/GEN_CSA_FA[1].u_fa/result[24]_INST_0_i_13/O
                         net (fo=3, routed)           0.255    28.271    GEN_BRAM.u_core/alu/u_mul/u_mul/GEN_ARRAY.u_mul/u_csa_row0/GEN_CSA_FA[1].u_fa/u_final_cpa/c_55
    SLICE_X10Y22         LUT6 (Prop_lut6_I4_O)        0.053    28.324 r  GEN_BRAM.u_core/alu/u_mul/u_mul/GEN_ARRAY.u_mul/u_csa_row0/GEN_CSA_FA[1].u_fa/result[26]_INST_0_i_12/O
                         net (fo=3, routed)           0.222    28.545    GEN_BRAM.u_core/alu/u_mul/u_mul/GEN_ARRAY.u_mul/u_csa_row0/GEN_CSA_FA[1].u_fa/u_final_cpa/c_57
    SLICE_X10Y22         LUT6 (Prop_lut6_I4_O)        0.053    28.598 r  GEN_BRAM.u_core/alu/u_mul/u_mul/GEN_ARRAY.u_mul/u_csa_row0/GEN_CSA_FA[1].u_fa/result[28]_INST_0_i_13/O
                         net (fo=3, routed)           0.254    28.853    GEN_BRAM.u_core/alu/u_mul/u_mul/GEN_ARRAY.u_mul/u_csa_row0/GEN_CSA_FA[1].u_fa/u_final_cpa/c_59
    SLICE_X9Y22          LUT6 (Prop_lut6_I4_O)        0.053    28.906 r  GEN_BRAM.u_core/alu/u_mul/u_mul/GEN_ARRAY.u_mul/u_csa_row0/GEN_CSA_FA[1].u_fa/result[31]_INST_0_i_13/O
                         net (fo=3, routed)           0.323    29.228    GEN_BRAM.u_core/alu/u_mul/u_mul/GEN_ARRAY.u_mul/u_csa_row0/GEN_CSA_FA[1].u_fa/u_final_cpa/c_61
    SLICE_X8Y23          LUT5 (Prop_lut5_I4_O)        0.053    29.281 r  GEN_BRAM.u_core/alu/u_mul/u_mul/GEN_ARRAY.u_mul/u_csa_row0/GEN_CSA_FA[1].u_fa/result[29]_INST_0_i_2/O
                         net (fo=2, routed)           0.000    29.281    GEN_BRAM.u_core/alu/u_mul/u_mul/GEN_ARRAY.u_mul/u_csa_row0/GEN_CSA_FA[1].u_fa/p_0_in[61]
    SLICE_X8Y23          CARRY4 (Prop_carry4_S[0]_O[1])
                                                      0.271    29.552 r  GEN_BRAM.u_core/alu/u_mul/u_mul/GEN_ARRAY.u_mul/u_csa_row0/GEN_CSA_FA[1].u_fa/result[31]_INST_0_i_6/O[1]
                         net (fo=1, routed)           0.276    29.828    GEN_BRAM.u_core/alu/u_mul/u_mul/GEN_ARRAY.u_mul/u_csa_row0/GEN_CSA_FA[1].u_fa/signed_product0[62]
    SLICE_X9Y23          LUT6 (Prop_lut6_I5_O)        0.155    29.983 r  GEN_BRAM.u_core/alu/u_mul/u_mul/GEN_ARRAY.u_mul/u_csa_row0/GEN_CSA_FA[1].u_fa/result[30]_INST_0/O
                         net (fo=1, routed)           0.239    30.222    GEN_BRAM.u_core/reg_file/result[26]
    SLICE_X11Y23         LUT6 (Prop_lut6_I2_O)        0.053    30.275 r  GEN_BRAM.u_core/reg_file/debug_alu_out_OBUF[30]_inst_i_4/O
                         net (fo=1, routed)           0.128    30.404    GEN_BRAM.u_core/reg_file/debug_alu_out_OBUF[30]_inst_i_4_n_0
    SLICE_X11Y23         LUT6 (Prop_lut6_I5_O)        0.053    30.457 r  GEN_BRAM.u_core/reg_file/debug_alu_out_OBUF[30]_inst_i_1/O
                         net (fo=3, routed)           0.142    30.599    GEN_BRAM.u_core/wb_mux/debug_alu_out_OBUF[30]
    SLICE_X11Y23         LUT6 (Prop_lut6_I0_O)        0.053    30.652 r  GEN_BRAM.u_core/wb_mux/registers_reg_r1_0_31_30_31_i_3/O
                         net (fo=1, routed)           0.357    31.008    GEN_BRAM.u_core/divider/wb_exec[30]
    SLICE_X11Y24         LUT6 (Prop_lut6_I5_O)        0.053    31.061 r  GEN_BRAM.u_core/divider/registers_reg_r1_0_31_30_31_i_1/O
                         net (fo=4, routed)           0.387    31.448    GEN_BRAM.u_core/reg_file/registers_reg_r1_0_31_30_31/D
    SLICE_X12Y24         RAMD32                                       r  GEN_BRAM.u_core/reg_file/registers_reg_r1_0_31_30_31/SP/I
  -------------------------------------------------------------------    -------------------

                         (clock sys_clk rise edge)   30.000    30.000 r  
    AD23                                              0.000    30.000 r  clk (IN)
                         net (fo=0)                   0.000    30.000    clk
    AD23                 IBUF (Prop_ibuf_I_O)         0.796    30.796 r  clk_IBUF_inst/O
                         net (fo=1, routed)           1.741    32.537    clk_IBUF
    BUFGCTRL_X0Y0        BUFG (Prop_bufg_I_O)         0.113    32.650 r  clk_IBUF_BUFG_inst/O
                         net (fo=350, routed)         1.528    34.178    GEN_BRAM.u_core/reg_file/registers_reg_r1_0_31_30_31/WCLK
    SLICE_X12Y24         RAMD32                                       r  GEN_BRAM.u_core/reg_file/registers_reg_r1_0_31_30_31/SP/CLK
                         clock pessimism              0.263    34.442    
                         clock uncertainty           -0.035    34.406    
    SLICE_X12Y24         RAMD32 (Setup_ramd32_CLK_I)
                                                     -0.138    34.268    GEN_BRAM.u_core/reg_file/registers_reg_r1_0_31_30_31/SP
  -------------------------------------------------------------------
                         required time                         34.268    
                         arrival time                         -31.448    
  -------------------------------------------------------------------
                         slack                                  2.820    

Slack (MET) :             2.848ns  (required time - arrival time)
  Source:                 GEN_BRAM.u_core/ir_reg[2]/C
                            (rising edge-triggered cell FDCE clocked by sys_clk  {rise@0.000ns fall@15.000ns period=30.000ns})
  Destination:            GEN_BRAM.u_core/reg_file/registers_reg_r2_0_31_24_29/RAMA_D1/I
                            (rising edge-triggered cell RAMD32 clocked by sys_clk  {rise@0.000ns fall@15.000ns period=30.000ns})
  Path Group:             sys_clk
  Path Type:              Setup (Max at Slow Process Corner)
  Requirement:            30.000ns  (sys_clk rise@30.000ns - sys_clk rise@0.000ns)
  Data Path Delay:        26.988ns  (logic 4.083ns (15.129%)  route 22.905ns (84.871%))
  Logic Levels:           53  (CARRY4=2 LUT3=12 LUT4=1 LUT5=20 LUT6=18)
  Clock Path Skew:        0.038ns (DCD - SCD + CPR)
    Destination Clock Delay (DCD):    4.243ns = ( 34.243 - 30.000 ) 
    Source Clock Delay      (SCD):    4.462ns
    Clock Pessimism Removal (CPR):    0.256ns
  Clock Uncertainty:      0.035ns  ((TSJ^2 + TIJ^2)^1/2 + DJ) / 2 + PE
    Total System Jitter     (TSJ):    0.071ns
    Total Input Jitter      (TIJ):    0.000ns
    Discrete Jitter          (DJ):    0.000ns
    Phase Error              (PE):    0.000ns

    Location             Delay type                Incr(ns)  Path(ns)    Netlist Resource(s)
  -------------------------------------------------------------------    -------------------
                         (clock sys_clk rise edge)    0.000     0.000 r  
    AD23                                              0.000     0.000 r  clk (IN)
                         net (fo=0)                   0.000     0.000    clk
    AD23                 IBUF (Prop_ibuf_I_O)         0.873     0.873 r  clk_IBUF_inst/O
                         net (fo=1, routed)           1.830     2.703    clk_IBUF
    BUFGCTRL_X0Y0        BUFG (Prop_bufg_I_O)         0.120     2.823 r  clk_IBUF_BUFG_inst/O
                         net (fo=350, routed)         1.639     4.462    GEN_BRAM.u_core/clk_IBUF_BUFG
    SLICE_X15Y23         FDCE                                         r  GEN_BRAM.u_core/ir_reg[2]/C
  -------------------------------------------------------------------    -------------------
    SLICE_X15Y23         FDCE (Prop_fdce_C_Q)         0.269     4.731 r  GEN_BRAM.u_core/ir_reg[2]/Q
                         net (fo=24, routed)          0.633     5.364    GEN_BRAM.u_core/reg_file/Q[1]
    SLICE_X14Y24         LUT5 (Prop_lut5_I0_O)        0.053     5.417 r  GEN_BRAM.u_core/reg_file/registers_reg_r1_0_31_0_5_i_25/O
                         net (fo=56, routed)          0.733     6.150    GEN_BRAM.u_core/imm_gen/u_mul_i_32
    SLICE_X12Y20         LUT6 (Prop_lut6_I4_O)        0.053     6.203 f  GEN_BRAM.u_core/imm_gen/u_mul_i_68/O
                         net (fo=1, routed)           0.331     6.534    GEN_BRAM.u_core/alu_mux_b/imm[0]
    SLICE_X12Y20         LUT4 (Prop_lut4_I0_O)        0.053     6.587 r  GEN_BRAM.u_core/alu_mux_b/u_mul_i_32/O
                         net (fo=136, routed)         0.614     7.201    GEN_BRAM.u_core/alu/u_mul/u_mul/GEN_ARRAY.u_mul/u_csa_row0/GEN_CSA_FA[1].u_fa/result[4]_INST_0_i_22_n_0
    SLICE_X13Y19         CARRY4 (Prop_carry4_CYINIT_O[1])
                                                      0.390     7.591 r  GEN_BRAM.u_core/alu/u_mul/u_mul/GEN_ARRAY.u_mul/u_csa_row0/GEN_CSA_FA[1].u_fa/result[4]_INST_0_i_6/O[1]
                         net (fo=32, routed)          0.752     8.343    GEN_BRAM.u_core/alu/u_mul/u_mul/GEN_ARRAY.u_mul/u_csa_row0/GEN_CSA_FA[1].u_fa/mag_b0[2]
    SLICE_X18Y21         LUT6 (Prop_lut6_I3_O)        0.152     8.495 r  GEN_BRAM.u_core/alu/u_mul/u_mul/GEN_ARRAY.u_mul/u_csa_row0/GEN_CSA_FA[1].u_fa/result[14]_INST_0_i_132/O
                         net (fo=2, routed)           0.579     9.074    GEN_BRAM.u_core/alu/u_mul/u_mul/GEN_ARRAY.u_mul/u_csa_row0/GEN_CSA_FA[1].u_fa/pp[2]_91[14]
    SLICE_X18Y21         LUT6 (Prop_lut6_I5_O)        0.053     9.127 r  GEN_BRAM.u_core/alu/u_mul/u_mul/GEN_ARRAY.u_mul/u_csa_row0/GEN_CSA_FA[1].u_fa/result[16]_INST_0_i_144/O
                         net (fo=3, routed)           0.575     9.702    GEN_BRAM.u_core/alu/u_mul/u_mul/GEN_ARRAY.u_mul/u_csa_row0/GEN_CSA_FA[1].u_fa/stage_carry[0]_58[15]
    SLICE_X18Y20         LUT5 (Prop_lut5_I0_O)        0.053     9.755 r  GEN_BRAM.u_core/alu/u_mul/u_mul/GEN_ARRAY.u_mul/u_csa_row0/GEN_CSA_FA[1].u_fa/result[16]_INST_0_i_125/O
                         net (fo=3, routed)           0.366    10.121    GEN_BRAM.u_core/alu/u_mul/u_mul/GEN_ARRAY.u_mul/u_csa_row0/GEN_CSA_FA[1].u_fa/stage_sum[2]_42[15]
    SLICE_X18Y19         LUT3 (Prop_lut3_I1_O)        0.053    10.174 r  GEN_BRAM.u_core/alu/u_mul/u_mul/GEN_ARRAY.u_mul/u_csa_row0/GEN_CSA_FA[1].u_fa/result[16]_INST_0_i_132/O
                         net (fo=2, routed)           0.635    10.809    GEN_BRAM.u_core/alu/u_mul/u_mul/GEN_ARRAY.u_mul/u_csa_row0/GEN_CSA_FA[1].u_fa/stage_carry[3]_44[16]
    SLICE_X19Y19         LUT5 (Prop_lut5_I3_O)        0.053    10.862 r  GEN_BRAM.u_core/alu/u_mul/u_mul/GEN_ARRAY.u_mul/u_csa_row0/GEN_CSA_FA[1].u_fa/result[18]_INST_0_i_109/O
                         net (fo=3, routed)           0.588    11.450    GEN_BRAM.u_core/alu/u_mul/u_mul/GEN_ARRAY.u_mul/u_csa_row0/GEN_CSA_FA[1].u_fa/stage_carry[4]_2[17]
    SLICE_X17Y14         LUT3 (Prop_lut3_I0_O)        0.053    11.503 r  GEN_BRAM.u_core/alu/u_mul/u_mul/GEN_ARRAY.u_mul/u_csa_row0/GEN_CSA_FA[1].u_fa/result[18]_INST_0_i_117/O
                         net (fo=2, routed)           0.626    12.129    GEN_BRAM.u_core/alu/u_mul/u_mul/GEN_ARRAY.u_mul/u_csa_row0/GEN_CSA_FA[1].u_fa/stage_carry[5]_45[18]
    SLICE_X14Y9          LUT5 (Prop_lut5_I3_O)        0.053    12.182 r  GEN_BRAM.u_core/alu/u_mul/u_mul/GEN_ARRAY.u_mul/u_csa_row0/GEN_CSA_FA[1].u_fa/result[20]_INST_0_i_124/O
                         net (fo=3, routed)           0.516    12.698    GEN_BRAM.u_core/alu/u_mul/u_mul/GEN_ARRAY.u_mul/u_csa_row0/GEN_CSA_FA[1].u_fa/stage_carry[6]_4[19]
    SLICE_X13Y8          LUT3 (Prop_lut3_I0_O)        0.053    12.751 r  GEN_BRAM.u_core/alu/u_mul/u_mul/GEN_ARRAY.u_mul/u_csa_row0/GEN_CSA_FA[1].u_fa/result[20]_INST_0_i_132/O
                         net (fo=2, routed)           0.421    13.172    GEN_BRAM.u_core/alu/u_mul/u_mul/GEN_ARRAY.u_mul/u_csa_row0/GEN_CSA_FA[1].u_fa/stage_carry[7]_46[20]
    SLICE_X13Y6          LUT5 (Prop_lut5_I3_O)        0.053    13.225 r  GEN_BRAM.u_core/alu/u_mul/u_mul/GEN_ARRAY.u_mul/u_csa_row0/GEN_CSA_FA[1].u_fa/result[22]_INST_0_i_104/O
                         net (fo=3, routed)           0.482    13.707    GEN_BRAM.u_core/alu/u_mul/u_mul/GEN_ARRAY.u_mul/u_csa_row0/GEN_CSA_FA[1].u_fa/stage_carry[8]_6[21]
    SLICE_X11Y5          LUT3 (Prop_lut3_I0_O)        0.053    13.760 r  GEN_BRAM.u_core/alu/u_mul/u_mul/GEN_ARRAY.u_mul/u_csa_row0/GEN_CSA_FA[1].u_fa/result[22]_INST_0_i_112/O
                         net (fo=2, routed)           0.311    14.072    GEN_BRAM.u_core/alu/u_mul/u_mul/GEN_ARRAY.u_mul/u_csa_row0/GEN_CSA_FA[1].u_fa/stage_carry[9]_47[22]
    SLICE_X11Y3          LUT5 (Prop_lut5_I3_O)        0.053    14.125 r  GEN_BRAM.u_core/alu/u_mul/u_mul/GEN_ARRAY.u_mul/u_csa_row0/GEN_CSA_FA[1].u_fa/result[24]_INST_0_i_109/O
                         net (fo=3, routed)           0.457    14.582    GEN_BRAM.u_core/alu/u_mul/u_mul/GEN_ARRAY.u_mul/u_csa_row0/GEN_CSA_FA[1].u_fa/stage_carry[10]_8[23]
    SLICE_X11Y2          LUT3 (Prop_lut3_I0_O)        0.053    14.635 r  GEN_BRAM.u_core/alu/u_mul/u_mul/GEN_ARRAY.u_mul/u_csa_row0/GEN_CSA_FA[1].u_fa/result[24]_INST_0_i_117/O
                         net (fo=2, routed)           0.374    15.009    GEN_BRAM.u_core/alu/u_mul/u_mul/GEN_ARRAY.u_mul/u_csa_row0/GEN_CSA_FA[1].u_fa/stage_carry[11]_48[24]
    SLICE_X10Y2          LUT5 (Prop_lut5_I3_O)        0.053    15.062 r  GEN_BRAM.u_core/alu/u_mul/u_mul/GEN_ARRAY.u_mul/u_csa_row0/GEN_CSA_FA[1].u_fa/result[24]_INST_0_i_105/O
                         net (fo=3, routed)           0.630    15.693    GEN_BRAM.u_core/alu/u_mul/u_mul/GEN_ARRAY.u_mul/u_csa_row0/GEN_CSA_FA[1].u_fa/stage_sum[12]_37[24]
    SLICE_X9Y3           LUT5 (Prop_lut5_I1_O)        0.053    15.746 r  GEN_BRAM.u_core/alu/u_mul/u_mul/GEN_ARRAY.u_mul/u_csa_row0/GEN_CSA_FA[1].u_fa/result[26]_INST_0_i_74/O
                         net (fo=3, routed)           0.592    16.337    GEN_BRAM.u_core/alu/u_mul/u_mul/GEN_ARRAY.u_mul/u_csa_row0/GEN_CSA_FA[1].u_fa/stage_carry[14]_12[25]
    SLICE_X4Y1           LUT3 (Prop_lut3_I0_O)        0.053    16.390 r  GEN_BRAM.u_core/alu/u_mul/u_mul/GEN_ARRAY.u_mul/u_csa_row0/GEN_CSA_FA[1].u_fa/result[26]_INST_0_i_82/O
                         net (fo=2, routed)           0.323    16.713    GEN_BRAM.u_core/alu/u_mul/u_mul/GEN_ARRAY.u_mul/u_csa_row0/GEN_CSA_FA[1].u_fa/stage_carry[15]_50[26]
    SLICE_X4Y0           LUT5 (Prop_lut5_I3_O)        0.053    16.766 r  GEN_BRAM.u_core/alu/u_mul/u_mul/GEN_ARRAY.u_mul/u_csa_row0/GEN_CSA_FA[1].u_fa/result[26]_INST_0_i_70/O
                         net (fo=3, routed)           0.392    17.158    GEN_BRAM.u_core/alu/u_mul/u_mul/GEN_ARRAY.u_mul/u_csa_row0/GEN_CSA_FA[1].u_fa/stage_sum[16]_35[26]
    SLICE_X2Y3           LUT3 (Prop_lut3_I1_O)        0.053    17.211 r  GEN_BRAM.u_core/alu/u_mul/u_mul/GEN_ARRAY.u_mul/u_csa_row0/GEN_CSA_FA[1].u_fa/result[28]_INST_0_i_82/O
                         net (fo=2, routed)           0.467    17.679    GEN_BRAM.u_core/alu/u_mul/u_mul/GEN_ARRAY.u_mul/u_csa_row0/GEN_CSA_FA[1].u_fa/stage_carry[17]_51[27]
    SLICE_X2Y3           LUT5 (Prop_lut5_I3_O)        0.053    17.732 r  GEN_BRAM.u_core/alu/u_mul/u_mul/GEN_ARRAY.u_mul/u_csa_row0/GEN_CSA_FA[1].u_fa/result[28]_INST_0_i_70/O
                         net (fo=3, routed)           0.157    17.889    GEN_BRAM.u_core/alu/u_mul/u_mul/GEN_ARRAY.u_mul/u_csa_row0/GEN_CSA_FA[1].u_fa/stage_sum[18]_34[27]
    SLICE_X2Y3           LUT3 (Prop_lut3_I1_O)        0.053    17.942 r  GEN_BRAM.u_core/alu/u_mul/u_mul/GEN_ARRAY.u_mul/u_csa_row0/GEN_CSA_FA[1].u_fa/result[28]_INST_0_i_77/O
                         net (fo=2, routed)           0.433    18.375    GEN_BRAM.u_core/alu/u_mul/u_mul/GEN_ARRAY.u_mul/u_csa_row0/GEN_CSA_FA[1].u_fa/stage_carry[19]_52[28]
    SLICE_X2Y1           LUT5 (Prop_lut5_I3_O)        0.053    18.428 r  GEN_BRAM.u_core/alu/u_mul/u_mul/GEN_ARRAY.u_mul/u_csa_row0/GEN_CSA_FA[1].u_fa/result[28]_INST_0_i_65/O
                         net (fo=3, routed)           0.603    19.030    GEN_BRAM.u_core/alu/u_mul/u_mul/GEN_ARRAY.u_mul/u_csa_row0/GEN_CSA_FA[1].u_fa/stage_sum[20]_33[28]
    SLICE_X0Y6           LUT3 (Prop_lut3_I1_O)        0.053    19.083 r  GEN_BRAM.u_core/alu/u_mul/u_mul/GEN_ARRAY.u_mul/u_csa_row0/GEN_CSA_FA[1].u_fa/result[30]_INST_0_i_41/O
                         net (fo=2, routed)           0.352    19.436    GEN_BRAM.u_core/alu/u_mul/u_mul/GEN_ARRAY.u_mul/u_csa_row0/GEN_CSA_FA[1].u_fa/stage_carry[21]_53[29]
    SLICE_X1Y3           LUT5 (Prop_lut5_I3_O)        0.053    19.489 r  GEN_BRAM.u_core/alu/u_mul/u_mul/GEN_ARRAY.u_mul/u_csa_row0/GEN_CSA_FA[1].u_fa/result[30]_INST_0_i_29/O
                         net (fo=3, routed)           0.436    19.925    GEN_BRAM.u_core/alu/u_mul/u_mul/GEN_ARRAY.u_mul/u_csa_row0/GEN_CSA_FA[1].u_fa/stage_sum[22]_32[29]
    SLICE_X0Y6           LUT3 (Prop_lut3_I1_O)        0.053    19.978 r  GEN_BRAM.u_core/alu/u_mul/u_mul/GEN_ARRAY.u_mul/u_csa_row0/GEN_CSA_FA[1].u_fa/result[30]_INST_0_i_36/O
                         net (fo=2, routed)           0.433    20.411    GEN_BRAM.u_core/alu/u_mul/u_mul/GEN_ARRAY.u_mul/u_csa_row0/GEN_CSA_FA[1].u_fa/stage_carry[23]_54[30]
    SLICE_X3Y5           LUT5 (Prop_lut5_I3_O)        0.053    20.464 r  GEN_BRAM.u_core/alu/u_mul/u_mul/GEN_ARRAY.u_mul/u_csa_row0/GEN_CSA_FA[1].u_fa/result[30]_INST_0_i_23/O
                         net (fo=3, routed)           0.482    20.946    GEN_BRAM.u_core/alu/u_mul/u_mul/GEN_ARRAY.u_mul/u_csa_row0/GEN_CSA_FA[1].u_fa/stage_sum[24]_31[30]
    SLICE_X4Y8           LUT3 (Prop_lut3_I1_O)        0.053    20.999 r  GEN_BRAM.u_core/alu/u_mul/u_mul/GEN_ARRAY.u_mul/u_csa_row0/GEN_CSA_FA[1].u_fa/result[31]_INST_0_i_41/O
                         net (fo=2, routed)           0.371    21.370    GEN_BRAM.u_core/alu/u_mul/u_mul/GEN_ARRAY.u_mul/u_csa_row0/GEN_CSA_FA[1].u_fa/stage_carry[25]_55[31]
    SLICE_X4Y6           LUT5 (Prop_lut5_I3_O)        0.053    21.423 r  GEN_BRAM.u_core/alu/u_mul/u_mul/GEN_ARRAY.u_mul/u_csa_row0/GEN_CSA_FA[1].u_fa/result[31]_INST_0_i_31/O
                         net (fo=3, routed)           0.453    21.876    GEN_BRAM.u_core/alu/u_mul/u_mul/GEN_ARRAY.u_mul/u_csa_row0/GEN_CSA_FA[1].u_fa/stage_sum[26]_30[31]
    SLICE_X7Y9           LUT3 (Prop_lut3_I1_O)        0.053    21.929 r  GEN_BRAM.u_core/alu/u_mul/u_mul/GEN_ARRAY.u_mul/u_csa_row0/GEN_CSA_FA[1].u_fa/result[2]_INST_0_i_22/O
                         net (fo=3, routed)           0.617    22.545    GEN_BRAM.u_core/alu/u_mul/u_mul/GEN_ARRAY.u_mul/u_csa_row0/GEN_CSA_FA[1].u_fa/stage_carry[27]_56[32]
    SLICE_X9Y9           LUT5 (Prop_lut5_I0_O)        0.053    22.598 r  GEN_BRAM.u_core/alu/u_mul/u_mul/GEN_ARRAY.u_mul/u_csa_row0/GEN_CSA_FA[1].u_fa/result[1]_INST_0_i_4/O
                         net (fo=4, routed)           0.721    23.319    GEN_BRAM.u_core/alu/u_mul/u_mul/GEN_ARRAY.u_mul/u_csa_row0/GEN_CSA_FA[1].u_fa/stage_sum[29]_57[32]
    SLICE_X8Y15          LUT5 (Prop_lut5_I4_O)        0.065    23.384 r  GEN_BRAM.u_core/alu/u_mul/u_mul/GEN_ARRAY.u_mul/u_csa_row0/GEN_CSA_FA[1].u_fa/result[1]_INST_0_i_6/O
                         net (fo=2, routed)           0.306    23.690    GEN_BRAM.u_core/alu/u_mul/u_mul/GEN_ARRAY.u_mul/u_csa_row0/GEN_CSA_FA[1].u_fa/u_final_cpa/GEN_FINAL_FA[32].u_fa/c2
    SLICE_X8Y16          LUT5 (Prop_lut5_I2_O)        0.171    23.861 r  GEN_BRAM.u_core/alu/u_mul/u_mul/GEN_ARRAY.u_mul/u_csa_row0/GEN_CSA_FA[1].u_fa/result[2]_INST_0_i_9/O
                         net (fo=2, routed)           0.586    24.447    GEN_BRAM.u_core/alu/u_mul/u_mul/GEN_ARRAY.u_mul/u_csa_row0/GEN_CSA_FA[1].u_fa/u_final_cpa/GEN_FINAL_FA[33].u_fa/c2
    SLICE_X8Y16          LUT5 (Prop_lut5_I2_O)        0.183    24.630 r  GEN_BRAM.u_core/alu/u_mul/u_mul/GEN_ARRAY.u_mul/u_csa_row0/GEN_CSA_FA[1].u_fa/result[4]_INST_0_i_14/O
                         net (fo=3, routed)           0.391    25.021    GEN_BRAM.u_core/alu/u_mul/u_mul/GEN_ARRAY.u_mul/u_csa_row0/GEN_CSA_FA[1].u_fa/u_final_cpa/c_35
    SLICE_X7Y16          LUT6 (Prop_lut6_I4_O)        0.172    25.193 r  GEN_BRAM.u_core/alu/u_mul/u_mul/GEN_ARRAY.u_mul/u_csa_row0/GEN_CSA_FA[1].u_fa/result[6]_INST_0_i_12/O
                         net (fo=3, routed)           0.205    25.397    GEN_BRAM.u_core/alu/u_mul/u_mul/GEN_ARRAY.u_mul/u_csa_row0/GEN_CSA_FA[1].u_fa/u_final_cpa/c_37
    SLICE_X7Y16          LUT6 (Prop_lut6_I4_O)        0.053    25.450 r  GEN_BRAM.u_core/alu/u_mul/u_mul/GEN_ARRAY.u_mul/u_csa_row0/GEN_CSA_FA[1].u_fa/result[8]_INST_0_i_13/O
                         net (fo=3, routed)           0.405    25.856    GEN_BRAM.u_core/alu/u_mul/u_mul/GEN_ARRAY.u_mul/u_csa_row0/GEN_CSA_FA[1].u_fa/u_final_cpa/c_39
    SLICE_X9Y17          LUT6 (Prop_lut6_I4_O)        0.053    25.909 r  GEN_BRAM.u_core/alu/u_mul/u_mul/GEN_ARRAY.u_mul/u_csa_row0/GEN_CSA_FA[1].u_fa/result[10]_INST_0_i_12/O
                         net (fo=3, routed)           0.311    26.220    GEN_BRAM.u_core/alu/u_mul/u_mul/GEN_ARRAY.u_mul/u_csa_row0/GEN_CSA_FA[1].u_fa/u_final_cpa/c_41
    SLICE_X9Y18          LUT6 (Prop_lut6_I4_O)        0.053    26.273 r  GEN_BRAM.u_core/alu/u_mul/u_mul/GEN_ARRAY.u_mul/u_csa_row0/GEN_CSA_FA[1].u_fa/result[12]_INST_0_i_13/O
                         net (fo=3, routed)           0.138    26.411    GEN_BRAM.u_core/alu/u_mul/u_mul/GEN_ARRAY.u_mul/u_csa_row0/GEN_CSA_FA[1].u_fa/u_final_cpa/c_43
    SLICE_X9Y18          LUT6 (Prop_lut6_I4_O)        0.053    26.464 r  GEN_BRAM.u_core/alu/u_mul/u_mul/GEN_ARRAY.u_mul/u_csa_row0/GEN_CSA_FA[1].u_fa/result[14]_INST_0_i_12/O
                         net (fo=3, routed)           0.278    26.742    GEN_BRAM.u_core/alu/u_mul/u_mul/GEN_ARRAY.u_mul/u_csa_row0/GEN_CSA_FA[1].u_fa/u_final_cpa/c_45
    SLICE_X10Y19         LUT6 (Prop_lut6_I4_O)        0.053    26.795 r  GEN_BRAM.u_core/alu/u_mul/u_mul/GEN_ARRAY.u_mul/u_csa_row0/GEN_CSA_FA[1].u_fa/result[16]_INST_0_i_13/O
                         net (fo=3, routed)           0.318    27.113    GEN_BRAM.u_core/alu/u_mul/u_mul/GEN_ARRAY.u_mul/u_csa_row0/GEN_CSA_FA[1].u_fa/u_final_cpa/c_47
    SLICE_X10Y20         LUT6 (Prop_lut6_I4_O)        0.053    27.166 r  GEN_BRAM.u_core/alu/u_mul/u_mul/GEN_ARRAY.u_mul/u_csa_row0/GEN_CSA_FA[1].u_fa/result[18]_INST_0_i_12/O
                         net (fo=3, routed)           0.222    27.388    GEN_BRAM.u_core/alu/u_mul/u_mul/GEN_ARRAY.u_mul/u_csa_row0/GEN_CSA_FA[1].u_fa/u_final_cpa/c_49
    SLICE_X10Y20         LUT6 (Prop_lut6_I4_O)        0.053    27.441 r  GEN_BRAM.u_core/alu/u_mul/u_mul/GEN_ARRAY.u_mul/u_csa_row0/GEN_CSA_FA[1].u_fa/result[20]_INST_0_i_13/O
                         net (fo=3, routed)           0.323    27.764    GEN_BRAM.u_core/alu/u_mul/u_mul/GEN_ARRAY.u_mul/u_csa_row0/GEN_CSA_FA[1].u_fa/u_final_cpa/c_51
    SLICE_X10Y21         LUT6 (Prop_lut6_I4_O)        0.053    27.817 r  GEN_BRAM.u_core/alu/u_mul/u_mul/GEN_ARRAY.u_mul/u_csa_row0/GEN_CSA_FA[1].u_fa/result[22]_INST_0_i_12/O
                         net (fo=3, routed)           0.146    27.963    GEN_BRAM.u_core/alu/u_mul/u_mul/GEN_ARRAY.u_mul/u_csa_row0/GEN_CSA_FA[1].u_fa/u_final_cpa/c_53
    SLICE_X10Y21         LUT6 (Prop_lut6_I4_O)        0.053    28.016 r  GEN_BRAM.u_core/alu/u_mul/u_mul/GEN_ARRAY.u_mul/u_csa_row0/GEN_CSA_FA[1].u_fa/result[24]_INST_0_i_13/O
                         net (fo=3, routed)           0.255    28.271    GEN_BRAM.u_core/alu/u_mul/u_mul/GEN_ARRAY.u_mul/u_csa_row0/GEN_CSA_FA[1].u_fa/u_final_cpa/c_55
    SLICE_X10Y22         LUT6 (Prop_lut6_I4_O)        0.053    28.324 r  GEN_BRAM.u_core/alu/u_mul/u_mul/GEN_ARRAY.u_mul/u_csa_row0/GEN_CSA_FA[1].u_fa/result[26]_INST_0_i_12/O
                         net (fo=3, routed)           0.371    28.695    GEN_BRAM.u_core/alu/u_mul/u_mul/GEN_ARRAY.u_mul/u_csa_row0/GEN_CSA_FA[1].u_fa/u_final_cpa/c_57
    SLICE_X8Y22          LUT5 (Prop_lut5_I4_O)        0.053    28.748 r  GEN_BRAM.u_core/alu/u_mul/u_mul/GEN_ARRAY.u_mul/u_csa_row0/GEN_CSA_FA[1].u_fa/result[25]_INST_0_i_2/O
                         net (fo=2, routed)           0.000    28.748    GEN_BRAM.u_core/alu/u_mul/u_mul/GEN_ARRAY.u_mul/u_csa_row0/GEN_CSA_FA[1].u_fa/p_0_in[57]
    SLICE_X8Y22          CARRY4 (Prop_carry4_S[0]_O[0])
                                                      0.143    28.891 r  GEN_BRAM.u_core/alu/u_mul/u_mul/GEN_ARRAY.u_mul/u_csa_row0/GEN_CSA_FA[1].u_fa/result[28]_INST_0_i_4/O[0]
                         net (fo=1, routed)           0.495    29.385    GEN_BRAM.u_core/alu/u_mul/u_mul/GEN_ARRAY.u_mul/u_csa_row0/GEN_CSA_FA[1].u_fa/signed_product0[57]
    SLICE_X7Y19          LUT5 (Prop_lut5_I4_O)        0.153    29.538 r  GEN_BRAM.u_core/alu/u_mul/u_mul/GEN_ARRAY.u_mul/u_csa_row0/GEN_CSA_FA[1].u_fa/result[25]_INST_0/O
                         net (fo=1, routed)           0.315    29.853    GEN_BRAM.u_core/alu_mux_b/result[2]
    SLICE_X6Y19          LUT6 (Prop_lut6_I2_O)        0.053    29.906 r  GEN_BRAM.u_core/alu_mux_b/debug_alu_out_OBUF[25]_inst_i_4/O
                         net (fo=1, routed)           0.302    30.208    GEN_BRAM.u_core/reg_file/pc_reg[25]
    SLICE_X5Y20          LUT6 (Prop_lut6_I5_O)        0.053    30.261 r  GEN_BRAM.u_core/reg_file/debug_alu_out_OBUF[25]_inst_i_1/O
                         net (fo=3, routed)           0.409    30.671    GEN_BRAM.u_core/wb_mux/debug_alu_out_OBUF[25]
    SLICE_X5Y22          LUT6 (Prop_lut6_I0_O)        0.053    30.724 r  GEN_BRAM.u_core/wb_mux/registers_reg_r1_0_31_24_29_i_8/O
                         net (fo=1, routed)           0.296    31.020    GEN_BRAM.u_core/divider/wb_exec[25]
    SLICE_X5Y22          LUT6 (Prop_lut6_I5_O)        0.053    31.073 r  GEN_BRAM.u_core/divider/registers_reg_r1_0_31_24_29_i_1/O
                         net (fo=2, routed)           0.377    31.450    GEN_BRAM.u_core/reg_file/registers_reg_r2_0_31_24_29/DIA1
    SLICE_X6Y20          RAMD32                                       r  GEN_BRAM.u_core/reg_file/registers_reg_r2_0_31_24_29/RAMA_D1/I
  -------------------------------------------------------------------    -------------------

                         (clock sys_clk rise edge)   30.000    30.000 r  
    AD23                                              0.000    30.000 r  clk (IN)
                         net (fo=0)                   0.000    30.000    clk
    AD23                 IBUF (Prop_ibuf_I_O)         0.796    30.796 r  clk_IBUF_inst/O
                         net (fo=1, routed)           1.741    32.537    clk_IBUF
    BUFGCTRL_X0Y0        BUFG (Prop_bufg_I_O)         0.113    32.650 r  clk_IBUF_BUFG_inst/O
                         net (fo=350, routed)         1.593    34.243    GEN_BRAM.u_core/reg_file/registers_reg_r2_0_31_24_29/WCLK
    SLICE_X6Y20          RAMD32                                       r  GEN_BRAM.u_core/reg_file/registers_reg_r2_0_31_24_29/RAMA_D1/CLK
                         clock pessimism              0.256    34.500    
                         clock uncertainty           -0.035    34.464    
    SLICE_X6Y20          RAMD32 (Setup_ramd32_CLK_I)
                                                     -0.166    34.298    GEN_BRAM.u_core/reg_file/registers_reg_r2_0_31_24_29/RAMA_D1
  -------------------------------------------------------------------
                         required time                         34.298    
                         arrival time                         -31.450    
  -------------------------------------------------------------------
                         slack                                  2.848    

Slack (MET) :             2.897ns  (required time - arrival time)
  Source:                 GEN_BRAM.u_core/ir_reg[2]/C
                            (rising edge-triggered cell FDCE clocked by sys_clk  {rise@0.000ns fall@15.000ns period=30.000ns})
  Destination:            GEN_BRAM.u_core/reg_file/registers_reg_r1_0_31_24_29/RAMB/I
                            (rising edge-triggered cell RAMD32 clocked by sys_clk  {rise@0.000ns fall@15.000ns period=30.000ns})
  Path Group:             sys_clk
  Path Type:              Setup (Max at Slow Process Corner)
  Requirement:            30.000ns  (sys_clk rise@30.000ns - sys_clk rise@0.000ns)
  Data Path Delay:        26.976ns  (logic 4.213ns (15.618%)  route 22.763ns (84.382%))
  Logic Levels:           53  (CARRY4=2 LUT3=12 LUT4=1 LUT5=19 LUT6=19)
  Clock Path Skew:        0.037ns (DCD - SCD + CPR)
    Destination Clock Delay (DCD):    4.242ns = ( 34.242 - 30.000 ) 
    Source Clock Delay      (SCD):    4.462ns
    Clock Pessimism Removal (CPR):    0.256ns
  Clock Uncertainty:      0.035ns  ((TSJ^2 + TIJ^2)^1/2 + DJ) / 2 + PE
    Total System Jitter     (TSJ):    0.071ns
    Total Input Jitter      (TIJ):    0.000ns
    Discrete Jitter          (DJ):    0.000ns
    Phase Error              (PE):    0.000ns

    Location             Delay type                Incr(ns)  Path(ns)    Netlist Resource(s)
  -------------------------------------------------------------------    -------------------
                         (clock sys_clk rise edge)    0.000     0.000 r  
    AD23                                              0.000     0.000 r  clk (IN)
                         net (fo=0)                   0.000     0.000    clk
    AD23                 IBUF (Prop_ibuf_I_O)         0.873     0.873 r  clk_IBUF_inst/O
                         net (fo=1, routed)           1.830     2.703    clk_IBUF
    BUFGCTRL_X0Y0        BUFG (Prop_bufg_I_O)         0.120     2.823 r  clk_IBUF_BUFG_inst/O
                         net (fo=350, routed)         1.639     4.462    GEN_BRAM.u_core/clk_IBUF_BUFG
    SLICE_X15Y23         FDCE                                         r  GEN_BRAM.u_core/ir_reg[2]/C
  -------------------------------------------------------------------    -------------------
    SLICE_X15Y23         FDCE (Prop_fdce_C_Q)         0.269     4.731 r  GEN_BRAM.u_core/ir_reg[2]/Q
                         net (fo=24, routed)          0.633     5.364    GEN_BRAM.u_core/reg_file/Q[1]
    SLICE_X14Y24         LUT5 (Prop_lut5_I0_O)        0.053     5.417 r  GEN_BRAM.u_core/reg_file/registers_reg_r1_0_31_0_5_i_25/O
                         net (fo=56, routed)          0.733     6.150    GEN_BRAM.u_core/imm_gen/u_mul_i_32
    SLICE_X12Y20         LUT6 (Prop_lut6_I4_O)        0.053     6.203 f  GEN_BRAM.u_core/imm_gen/u_mul_i_68/O
                         net (fo=1, routed)           0.331     6.534    GEN_BRAM.u_core/alu_mux_b/imm[0]
    SLICE_X12Y20         LUT4 (Prop_lut4_I0_O)        0.053     6.587 r  GEN_BRAM.u_core/alu_mux_b/u_mul_i_32/O
                         net (fo=136, routed)         0.614     7.201    GEN_BRAM.u_core/alu/u_mul/u_mul/GEN_ARRAY.u_mul/u_csa_row0/GEN_CSA_FA[1].u_fa/result[4]_INST_0_i_22_n_0
    SLICE_X13Y19         CARRY4 (Prop_carry4_CYINIT_O[1])
                                                      0.390     7.591 r  GEN_BRAM.u_core/alu/u_mul/u_mul/GEN_ARRAY.u_mul/u_csa_row0/GEN_CSA_FA[1].u_fa/result[4]_INST_0_i_6/O[1]
                         net (fo=32, routed)          0.752     8.343    GEN_BRAM.u_core/alu/u_mul/u_mul/GEN_ARRAY.u_mul/u_csa_row0/GEN_CSA_FA[1].u_fa/mag_b0[2]
    SLICE_X18Y21         LUT6 (Prop_lut6_I3_O)        0.152     8.495 r  GEN_BRAM.u_core/alu/u_mul/u_mul/GEN_ARRAY.u_mul/u_csa_row0/GEN_CSA_FA[1].u_fa/result[14]_INST_0_i_132/O
                         net (fo=2, routed)           0.579     9.074    GEN_BRAM.u_core/alu/u_mul/u_mul/GEN_ARRAY.u_mul/u_csa_row0/GEN_CSA_FA[1].u_fa/pp[2]_91[14]
    SLICE_X18Y21         LUT6 (Prop_lut6_I5_O)        0.053     9.127 r  GEN_BRAM.u_core/alu/u_mul/u_mul/GEN_ARRAY.u_mul/u_csa_row0/GEN_CSA_FA[1].u_fa/result[16]_INST_0_i_144/O
                         net (fo=3, routed)           0.575     9.702    GEN_BRAM.u_core/alu/u_mul/u_mul/GEN_ARRAY.u_mul/u_csa_row0/GEN_CSA_FA[1].u_fa/stage_carry[0]_58[15]
    SLICE_X18Y20         LUT5 (Prop_lut5_I0_O)        0.053     9.755 r  GEN_BRAM.u_core/alu/u_mul/u_mul/GEN_ARRAY.u_mul/u_csa_row0/GEN_CSA_FA[1].u_fa/result[16]_INST_0_i_125/O
                         net (fo=3, routed)           0.366    10.121    GEN_BRAM.u_core/alu/u_mul/u_mul/GEN_ARRAY.u_mul/u_csa_row0/GEN_CSA_FA[1].u_fa/stage_sum[2]_42[15]
    SLICE_X18Y19         LUT3 (Prop_lut3_I1_O)        0.053    10.174 r  GEN_BRAM.u_core/alu/u_mul/u_mul/GEN_ARRAY.u_mul/u_csa_row0/GEN_CSA_FA[1].u_fa/result[16]_INST_0_i_132/O
                         net (fo=2, routed)           0.635    10.809    GEN_BRAM.u_core/alu/u_mul/u_mul/GEN_ARRAY.u_mul/u_csa_row0/GEN_CSA_FA[1].u_fa/stage_carry[3]_44[16]
    SLICE_X19Y19         LUT5 (Prop_lut5_I3_O)        0.053    10.862 r  GEN_BRAM.u_core/alu/u_mul/u_mul/GEN_ARRAY.u_mul/u_csa_row0/GEN_CSA_FA[1].u_fa/result[18]_INST_0_i_109/O
                         net (fo=3, routed)           0.588    11.450    GEN_BRAM.u_core/alu/u_mul/u_mul/GEN_ARRAY.u_mul/u_csa_row0/GEN_CSA_FA[1].u_fa/stage_carry[4]_2[17]
    SLICE_X17Y14         LUT3 (Prop_lut3_I0_O)        0.053    11.503 r  GEN_BRAM.u_core/alu/u_mul/u_mul/GEN_ARRAY.u_mul/u_csa_row0/GEN_CSA_FA[1].u_fa/result[18]_INST_0_i_117/O
                         net (fo=2, routed)           0.626    12.129    GEN_BRAM.u_core/alu/u_mul/u_mul/GEN_ARRAY.u_mul/u_csa_row0/GEN_CSA_FA[1].u_fa/stage_carry[5]_45[18]
    SLICE_X14Y9          LUT5 (Prop_lut5_I3_O)        0.053    12.182 r  GEN_BRAM.u_core/alu/u_mul/u_mul/GEN_ARRAY.u_mul/u_csa_row0/GEN_CSA_FA[1].u_fa/result[20]_INST_0_i_124/O
                         net (fo=3, routed)           0.516    12.698    GEN_BRAM.u_core/alu/u_mul/u_mul/GEN_ARRAY.u_mul/u_csa_row0/GEN_CSA_FA[1].u_fa/stage_carry[6]_4[19]
    SLICE_X13Y8          LUT3 (Prop_lut3_I0_O)        0.053    12.751 r  GEN_BRAM.u_core/alu/u_mul/u_mul/GEN_ARRAY.u_mul/u_csa_row0/GEN_CSA_FA[1].u_fa/result[20]_INST_0_i_132/O
                         net (fo=2, routed)           0.421    13.172    GEN_BRAM.u_core/alu/u_mul/u_mul/GEN_ARRAY.u_mul/u_csa_row0/GEN_CSA_FA[1].u_fa/stage_carry[7]_46[20]
    SLICE_X13Y6          LUT5 (Prop_lut5_I3_O)        0.053    13.225 r  GEN_BRAM.u_core/alu/u_mul/u_mul/GEN_ARRAY.u_mul/u_csa_row0/GEN_CSA_FA[1].u_fa/result[22]_INST_0_i_104/O
                         net (fo=3, routed)           0.482    13.707    GEN_BRAM.u_core/alu/u_mul/u_mul/GEN_ARRAY.u_mul/u_csa_row0/GEN_CSA_FA[1].u_fa/stage_carry[8]_6[21]
    SLICE_X11Y5          LUT3 (Prop_lut3_I0_O)        0.053    13.760 r  GEN_BRAM.u_core/alu/u_mul/u_mul/GEN_ARRAY.u_mul/u_csa_row0/GEN_CSA_FA[1].u_fa/result[22]_INST_0_i_112/O
                         net (fo=2, routed)           0.311    14.072    GEN_BRAM.u_core/alu/u_mul/u_mul/GEN_ARRAY.u_mul/u_csa_row0/GEN_CSA_FA[1].u_fa/stage_carry[9]_47[22]
    SLICE_X11Y3          LUT5 (Prop_lut5_I3_O)        0.053    14.125 r  GEN_BRAM.u_core/alu/u_mul/u_mul/GEN_ARRAY.u_mul/u_csa_row0/GEN_CSA_FA[1].u_fa/result[24]_INST_0_i_109/O
                         net (fo=3, routed)           0.457    14.582    GEN_BRAM.u_core/alu/u_mul/u_mul/GEN_ARRAY.u_mul/u_csa_row0/GEN_CSA_FA[1].u_fa/stage_carry[10]_8[23]
    SLICE_X11Y2          LUT3 (Prop_lut3_I0_O)        0.053    14.635 r  GEN_BRAM.u_core/alu/u_mul/u_mul/GEN_ARRAY.u_mul/u_csa_row0/GEN_CSA_FA[1].u_fa/result[24]_INST_0_i_117/O
                         net (fo=2, routed)           0.374    15.009    GEN_BRAM.u_core/alu/u_mul/u_mul/GEN_ARRAY.u_mul/u_csa_row0/GEN_CSA_FA[1].u_fa/stage_carry[11]_48[24]
    SLICE_X10Y2          LUT5 (Prop_lut5_I3_O)        0.053    15.062 r  GEN_BRAM.u_core/alu/u_mul/u_mul/GEN_ARRAY.u_mul/u_csa_row0/GEN_CSA_FA[1].u_fa/result[24]_INST_0_i_105/O
                         net (fo=3, routed)           0.630    15.693    GEN_BRAM.u_core/alu/u_mul/u_mul/GEN_ARRAY.u_mul/u_csa_row0/GEN_CSA_FA[1].u_fa/stage_sum[12]_37[24]
    SLICE_X9Y3           LUT5 (Prop_lut5_I1_O)        0.053    15.746 r  GEN_BRAM.u_core/alu/u_mul/u_mul/GEN_ARRAY.u_mul/u_csa_row0/GEN_CSA_FA[1].u_fa/result[26]_INST_0_i_74/O
                         net (fo=3, routed)           0.592    16.337    GEN_BRAM.u_core/alu/u_mul/u_mul/GEN_ARRAY.u_mul/u_csa_row0/GEN_CSA_FA[1].u_fa/stage_carry[14]_12[25]
    SLICE_X4Y1           LUT3 (Prop_lut3_I0_O)        0.053    16.390 r  GEN_BRAM.u_core/alu/u_mul/u_mul/GEN_ARRAY.u_mul/u_csa_row0/GEN_CSA_FA[1].u_fa/result[26]_INST_0_i_82/O
                         net (fo=2, routed)           0.323    16.713    GEN_BRAM.u_core/alu/u_mul/u_mul/GEN_ARRAY.u_mul/u_csa_row0/GEN_CSA_FA[1].u_fa/stage_carry[15]_50[26]
    SLICE_X4Y0           LUT5 (Prop_lut5_I3_O)        0.053    16.766 r  GEN_BRAM.u_core/alu/u_mul/u_mul/GEN_ARRAY.u_mul/u_csa_row0/GEN_CSA_FA[1].u_fa/result[26]_INST_0_i_70/O
                         net (fo=3, routed)           0.392    17.158    GEN_BRAM.u_core/alu/u_mul/u_mul/GEN_ARRAY.u_mul/u_csa_row0/GEN_CSA_FA[1].u_fa/stage_sum[16]_35[26]
    SLICE_X2Y3           LUT3 (Prop_lut3_I1_O)        0.053    17.211 r  GEN_BRAM.u_core/alu/u_mul/u_mul/GEN_ARRAY.u_mul/u_csa_row0/GEN_CSA_FA[1].u_fa/result[28]_INST_0_i_82/O
                         net (fo=2, routed)           0.467    17.679    GEN_BRAM.u_core/alu/u_mul/u_mul/GEN_ARRAY.u_mul/u_csa_row0/GEN_CSA_FA[1].u_fa/stage_carry[17]_51[27]
    SLICE_X2Y3           LUT5 (Prop_lut5_I3_O)        0.053    17.732 r  GEN_BRAM.u_core/alu/u_mul/u_mul/GEN_ARRAY.u_mul/u_csa_row0/GEN_CSA_FA[1].u_fa/result[28]_INST_0_i_70/O
                         net (fo=3, routed)           0.157    17.889    GEN_BRAM.u_core/alu/u_mul/u_mul/GEN_ARRAY.u_mul/u_csa_row0/GEN_CSA_FA[1].u_fa/stage_sum[18]_34[27]
    SLICE_X2Y3           LUT3 (Prop_lut3_I1_O)        0.053    17.942 r  GEN_BRAM.u_core/alu/u_mul/u_mul/GEN_ARRAY.u_mul/u_csa_row0/GEN_CSA_FA[1].u_fa/result[28]_INST_0_i_77/O
                         net (fo=2, routed)           0.433    18.375    GEN_BRAM.u_core/alu/u_mul/u_mul/GEN_ARRAY.u_mul/u_csa_row0/GEN_CSA_FA[1].u_fa/stage_carry[19]_52[28]
    SLICE_X2Y1           LUT5 (Prop_lut5_I3_O)        0.053    18.428 r  GEN_BRAM.u_core/alu/u_mul/u_mul/GEN_ARRAY.u_mul/u_csa_row0/GEN_CSA_FA[1].u_fa/result[28]_INST_0_i_65/O
                         net (fo=3, routed)           0.603    19.030    GEN_BRAM.u_core/alu/u_mul/u_mul/GEN_ARRAY.u_mul/u_csa_row0/GEN_CSA_FA[1].u_fa/stage_sum[20]_33[28]
    SLICE_X0Y6           LUT3 (Prop_lut3_I1_O)        0.053    19.083 r  GEN_BRAM.u_core/alu/u_mul/u_mul/GEN_ARRAY.u_mul/u_csa_row0/GEN_CSA_FA[1].u_fa/result[30]_INST_0_i_41/O
                         net (fo=2, routed)           0.352    19.436    GEN_BRAM.u_core/alu/u_mul/u_mul/GEN_ARRAY.u_mul/u_csa_row0/GEN_CSA_FA[1].u_fa/stage_carry[21]_53[29]
    SLICE_X1Y3           LUT5 (Prop_lut5_I3_O)        0.053    19.489 r  GEN_BRAM.u_core/alu/u_mul/u_mul/GEN_ARRAY.u_mul/u_csa_row0/GEN_CSA_FA[1].u_fa/result[30]_INST_0_i_29/O
                         net (fo=3, routed)           0.436    19.925    GEN_BRAM.u_core/alu/u_mul/u_mul/GEN_ARRAY.u_mul/u_csa_row0/GEN_CSA_FA[1].u_fa/stage_sum[22]_32[29]
    SLICE_X0Y6           LUT3 (Prop_lut3_I1_O)        0.053    19.978 r  GEN_BRAM.u_core/alu/u_mul/u_mul/GEN_ARRAY.u_mul/u_csa_row0/GEN_CSA_FA[1].u_fa/result[30]_INST_0_i_36/O
                         net (fo=2, routed)           0.433    20.411    GEN_BRAM.u_core/alu/u_mul/u_mul/GEN_ARRAY.u_mul/u_csa_row0/GEN_CSA_FA[1].u_fa/stage_carry[23]_54[30]
    SLICE_X3Y5           LUT5 (Prop_lut5_I3_O)        0.053    20.464 r  GEN_BRAM.u_core/alu/u_mul/u_mul/GEN_ARRAY.u_mul/u_csa_row0/GEN_CSA_FA[1].u_fa/result[30]_INST_0_i_23/O
                         net (fo=3, routed)           0.482    20.946    GEN_BRAM.u_core/alu/u_mul/u_mul/GEN_ARRAY.u_mul/u_csa_row0/GEN_CSA_FA[1].u_fa/stage_sum[24]_31[30]
    SLICE_X4Y8           LUT3 (Prop_lut3_I1_O)        0.053    20.999 r  GEN_BRAM.u_core/alu/u_mul/u_mul/GEN_ARRAY.u_mul/u_csa_row0/GEN_CSA_FA[1].u_fa/result[31]_INST_0_i_41/O
                         net (fo=2, routed)           0.371    21.370    GEN_BRAM.u_core/alu/u_mul/u_mul/GEN_ARRAY.u_mul/u_csa_row0/GEN_CSA_FA[1].u_fa/stage_carry[25]_55[31]
    SLICE_X4Y6           LUT5 (Prop_lut5_I3_O)        0.053    21.423 r  GEN_BRAM.u_core/alu/u_mul/u_mul/GEN_ARRAY.u_mul/u_csa_row0/GEN_CSA_FA[1].u_fa/result[31]_INST_0_i_31/O
                         net (fo=3, routed)           0.453    21.876    GEN_BRAM.u_core/alu/u_mul/u_mul/GEN_ARRAY.u_mul/u_csa_row0/GEN_CSA_FA[1].u_fa/stage_sum[26]_30[31]
    SLICE_X7Y9           LUT3 (Prop_lut3_I1_O)        0.053    21.929 r  GEN_BRAM.u_core/alu/u_mul/u_mul/GEN_ARRAY.u_mul/u_csa_row0/GEN_CSA_FA[1].u_fa/result[2]_INST_0_i_22/O
                         net (fo=3, routed)           0.617    22.545    GEN_BRAM.u_core/alu/u_mul/u_mul/GEN_ARRAY.u_mul/u_csa_row0/GEN_CSA_FA[1].u_fa/stage_carry[27]_56[32]
    SLICE_X9Y9           LUT5 (Prop_lut5_I0_O)        0.053    22.598 r  GEN_BRAM.u_core/alu/u_mul/u_mul/GEN_ARRAY.u_mul/u_csa_row0/GEN_CSA_FA[1].u_fa/result[1]_INST_0_i_4/O
                         net (fo=4, routed)           0.721    23.319    GEN_BRAM.u_core/alu/u_mul/u_mul/GEN_ARRAY.u_mul/u_csa_row0/GEN_CSA_FA[1].u_fa/stage_sum[29]_57[32]
    SLICE_X8Y15          LUT5 (Prop_lut5_I4_O)        0.065    23.384 r  GEN_BRAM.u_core/alu/u_mul/u_mul/GEN_ARRAY.u_mul/u_csa_row0/GEN_CSA_FA[1].u_fa/result[1]_INST_0_i_6/O
                         net (fo=2, routed)           0.306    23.690    GEN_BRAM.u_core/alu/u_mul/u_mul/GEN_ARRAY.u_mul/u_csa_row0/GEN_CSA_FA[1].u_fa/u_final_cpa/GEN_FINAL_FA[32].u_fa/c2
    SLICE_X8Y16          LUT5 (Prop_lut5_I2_O)        0.171    23.861 r  GEN_BRAM.u_core/alu/u_mul/u_mul/GEN_ARRAY.u_mul/u_csa_row0/GEN_CSA_FA[1].u_fa/result[2]_INST_0_i_9/O
                         net (fo=2, routed)           0.586    24.447    GEN_BRAM.u_core/alu/u_mul/u_mul/GEN_ARRAY.u_mul/u_csa_row0/GEN_CSA_FA[1].u_fa/u_final_cpa/GEN_FINAL_FA[33].u_fa/c2
    SLICE_X8Y16          LUT5 (Prop_lut5_I2_O)        0.183    24.630 r  GEN_BRAM.u_core/alu/u_mul/u_mul/GEN_ARRAY.u_mul/u_csa_row0/GEN_CSA_FA[1].u_fa/result[4]_INST_0_i_14/O
                         net (fo=3, routed)           0.391    25.021    GEN_BRAM.u_core/alu/u_mul/u_mul/GEN_ARRAY.u_mul/u_csa_row0/GEN_CSA_FA[1].u_fa/u_final_cpa/c_35
    SLICE_X7Y16          LUT6 (Prop_lut6_I4_O)        0.172    25.193 r  GEN_BRAM.u_core/alu/u_mul/u_mul/GEN_ARRAY.u_mul/u_csa_row0/GEN_CSA_FA[1].u_fa/result[6]_INST_0_i_12/O
                         net (fo=3, routed)           0.205    25.397    GEN_BRAM.u_core/alu/u_mul/u_mul/GEN_ARRAY.u_mul/u_csa_row0/GEN_CSA_FA[1].u_fa/u_final_cpa/c_37
    SLICE_X7Y16          LUT6 (Prop_lut6_I4_O)        0.053    25.450 r  GEN_BRAM.u_core/alu/u_mul/u_mul/GEN_ARRAY.u_mul/u_csa_row0/GEN_CSA_FA[1].u_fa/result[8]_INST_0_i_13/O
                         net (fo=3, routed)           0.405    25.856    GEN_BRAM.u_core/alu/u_mul/u_mul/GEN_ARRAY.u_mul/u_csa_row0/GEN_CSA_FA[1].u_fa/u_final_cpa/c_39
    SLICE_X9Y17          LUT6 (Prop_lut6_I4_O)        0.053    25.909 r  GEN_BRAM.u_core/alu/u_mul/u_mul/GEN_ARRAY.u_mul/u_csa_row0/GEN_CSA_FA[1].u_fa/result[10]_INST_0_i_12/O
                         net (fo=3, routed)           0.311    26.220    GEN_BRAM.u_core/alu/u_mul/u_mul/GEN_ARRAY.u_mul/u_csa_row0/GEN_CSA_FA[1].u_fa/u_final_cpa/c_41
    SLICE_X9Y18          LUT6 (Prop_lut6_I4_O)        0.053    26.273 r  GEN_BRAM.u_core/alu/u_mul/u_mul/GEN_ARRAY.u_mul/u_csa_row0/GEN_CSA_FA[1].u_fa/result[12]_INST_0_i_13/O
                         net (fo=3, routed)           0.138    26.411    GEN_BRAM.u_core/alu/u_mul/u_mul/GEN_ARRAY.u_mul/u_csa_row0/GEN_CSA_FA[1].u_fa/u_final_cpa/c_43
    SLICE_X9Y18          LUT6 (Prop_lut6_I4_O)        0.053    26.464 r  GEN_BRAM.u_core/alu/u_mul/u_mul/GEN_ARRAY.u_mul/u_csa_row0/GEN_CSA_FA[1].u_fa/result[14]_INST_0_i_12/O
                         net (fo=3, routed)           0.278    26.742    GEN_BRAM.u_core/alu/u_mul/u_mul/GEN_ARRAY.u_mul/u_csa_row0/GEN_CSA_FA[1].u_fa/u_final_cpa/c_45
    SLICE_X10Y19         LUT6 (Prop_lut6_I4_O)        0.053    26.795 r  GEN_BRAM.u_core/alu/u_mul/u_mul/GEN_ARRAY.u_mul/u_csa_row0/GEN_CSA_FA[1].u_fa/result[16]_INST_0_i_13/O
                         net (fo=3, routed)           0.318    27.113    GEN_BRAM.u_core/alu/u_mul/u_mul/GEN_ARRAY.u_mul/u_csa_row0/GEN_CSA_FA[1].u_fa/u_final_cpa/c_47
    SLICE_X10Y20         LUT6 (Prop_lut6_I4_O)        0.053    27.166 r  GEN_BRAM.u_core/alu/u_mul/u_mul/GEN_ARRAY.u_mul/u_csa_row0/GEN_CSA_FA[1].u_fa/result[18]_INST_0_i_12/O
                         net (fo=3, routed)           0.222    27.388    GEN_BRAM.u_core/alu/u_mul/u_mul/GEN_ARRAY.u_mul/u_csa_row0/GEN_CSA_FA[1].u_fa/u_final_cpa/c_49
    SLICE_X10Y20         LUT6 (Prop_lut6_I4_O)        0.053    27.441 r  GEN_BRAM.u_core/alu/u_mul/u_mul/GEN_ARRAY.u_mul/u_csa_row0/GEN_CSA_FA[1].u_fa/result[20]_INST_0_i_13/O
                         net (fo=3, routed)           0.323    27.764    GEN_BRAM.u_core/alu/u_mul/u_mul/GEN_ARRAY.u_mul/u_csa_row0/GEN_CSA_FA[1].u_fa/u_final_cpa/c_51
    SLICE_X10Y21         LUT6 (Prop_lut6_I4_O)        0.053    27.817 r  GEN_BRAM.u_core/alu/u_mul/u_mul/GEN_ARRAY.u_mul/u_csa_row0/GEN_CSA_FA[1].u_fa/result[22]_INST_0_i_12/O
                         net (fo=3, routed)           0.146    27.963    GEN_BRAM.u_core/alu/u_mul/u_mul/GEN_ARRAY.u_mul/u_csa_row0/GEN_CSA_FA[1].u_fa/u_final_cpa/c_53
    SLICE_X10Y21         LUT6 (Prop_lut6_I4_O)        0.053    28.016 r  GEN_BRAM.u_core/alu/u_mul/u_mul/GEN_ARRAY.u_mul/u_csa_row0/GEN_CSA_FA[1].u_fa/result[24]_INST_0_i_13/O
                         net (fo=3, routed)           0.255    28.271    GEN_BRAM.u_core/alu/u_mul/u_mul/GEN_ARRAY.u_mul/u_csa_row0/GEN_CSA_FA[1].u_fa/u_final_cpa/c_55
    SLICE_X10Y22         LUT6 (Prop_lut6_I4_O)        0.053    28.324 r  GEN_BRAM.u_core/alu/u_mul/u_mul/GEN_ARRAY.u_mul/u_csa_row0/GEN_CSA_FA[1].u_fa/result[26]_INST_0_i_12/O
                         net (fo=3, routed)           0.371    28.695    GEN_BRAM.u_core/alu/u_mul/u_mul/GEN_ARRAY.u_mul/u_csa_row0/GEN_CSA_FA[1].u_fa/u_final_cpa/c_57
    SLICE_X8Y22          LUT5 (Prop_lut5_I4_O)        0.053    28.748 r  GEN_BRAM.u_core/alu/u_mul/u_mul/GEN_ARRAY.u_mul/u_csa_row0/GEN_CSA_FA[1].u_fa/result[25]_INST_0_i_2/O
                         net (fo=2, routed)           0.000    28.748    GEN_BRAM.u_core/alu/u_mul/u_mul/GEN_ARRAY.u_mul/u_csa_row0/GEN_CSA_FA[1].u_fa/p_0_in[57]
    SLICE_X8Y22          CARRY4 (Prop_carry4_S[0]_O[1])
                                                      0.271    29.019 r  GEN_BRAM.u_core/alu/u_mul/u_mul/GEN_ARRAY.u_mul/u_csa_row0/GEN_CSA_FA[1].u_fa/result[28]_INST_0_i_4/O[1]
                         net (fo=1, routed)           0.276    29.295    GEN_BRAM.u_core/alu/u_mul/u_mul/GEN_ARRAY.u_mul/u_csa_row0/GEN_CSA_FA[1].u_fa/signed_product0[58]
    SLICE_X9Y22          LUT6 (Prop_lut6_I5_O)        0.155    29.450 r  GEN_BRAM.u_core/alu/u_mul/u_mul/GEN_ARRAY.u_mul/u_csa_row0/GEN_CSA_FA[1].u_fa/result[26]_INST_0/O
                         net (fo=1, routed)           0.243    29.693    GEN_BRAM.u_core/reg_file/result[22]
    SLICE_X11Y22         LUT6 (Prop_lut6_I2_O)        0.053    29.746 r  GEN_BRAM.u_core/reg_file/debug_alu_out_OBUF[26]_inst_i_4/O
                         net (fo=1, routed)           0.292    30.038    GEN_BRAM.u_core/reg_file/debug_alu_out_OBUF[26]_inst_i_4_n_0
    SLICE_X11Y21         LUT6 (Prop_lut6_I5_O)        0.053    30.091 r  GEN_BRAM.u_core/reg_file/debug_alu_out_OBUF[26]_inst_i_1/O
                         net (fo=3, routed)           0.460    30.551    GEN_BRAM.u_core/wb_mux/debug_alu_out_OBUF[26]
    SLICE_X7Y21          LUT6 (Prop_lut6_I0_O)        0.053    30.604 r  GEN_BRAM.u_core/wb_mux/registers_reg_r1_0_31_24_29_i_14/O
                         net (fo=1, routed)           0.296    30.900    GEN_BRAM.u_core/divider/wb_exec[26]
    SLICE_X7Y21          LUT6 (Prop_lut6_I5_O)        0.053    30.953 r  GEN_BRAM.u_core/divider/registers_reg_r1_0_31_24_29_i_4/O
                         net (fo=2, routed)           0.485    31.437    GEN_BRAM.u_core/reg_file/registers_reg_r1_0_31_24_29/DIB0
    SLICE_X6Y21          RAMD32                                       r  GEN_BRAM.u_core/reg_file/registers_reg_r1_0_31_24_29/RAMB/I
  -------------------------------------------------------------------    -------------------

                         (clock sys_clk rise edge)   30.000    30.000 r  
    AD23                                              0.000    30.000 r  clk (IN)
                         net (fo=0)                   0.000    30.000    clk
    AD23                 IBUF (Prop_ibuf_I_O)         0.796    30.796 r  clk_IBUF_inst/O
                         net (fo=1, routed)           1.741    32.537    clk_IBUF
    BUFGCTRL_X0Y0        BUFG (Prop_bufg_I_O)         0.113    32.650 r  clk_IBUF_BUFG_inst/O
                         net (fo=350, routed)         1.592    34.242    GEN_BRAM.u_core/reg_file/registers_reg_r1_0_31_24_29/WCLK
    SLICE_X6Y21          RAMD32                                       r  GEN_BRAM.u_core/reg_file/registers_reg_r1_0_31_24_29/RAMB/CLK
                         clock pessimism              0.256    34.499    
                         clock uncertainty           -0.035    34.463    
    SLICE_X6Y21          RAMD32 (Setup_ramd32_CLK_I)
                                                     -0.129    34.334    GEN_BRAM.u_core/reg_file/registers_reg_r1_0_31_24_29/RAMB
  -------------------------------------------------------------------
                         required time                         34.334    
                         arrival time                         -31.437    
  -------------------------------------------------------------------
                         slack                                  2.897    

Slack (MET) :             2.947ns  (required time - arrival time)
  Source:                 GEN_BRAM.u_core/ir_reg[2]/C
                            (rising edge-triggered cell FDCE clocked by sys_clk  {rise@0.000ns fall@15.000ns period=30.000ns})
  Destination:            GEN_BRAM.u_core/reg_file/registers_reg_r1_0_31_24_29/RAMA_D1/I
                            (rising edge-triggered cell RAMD32 clocked by sys_clk  {rise@0.000ns fall@15.000ns period=30.000ns})
  Path Group:             sys_clk
  Path Type:              Setup (Max at Slow Process Corner)
  Requirement:            30.000ns  (sys_clk rise@30.000ns - sys_clk rise@0.000ns)
  Data Path Delay:        26.889ns  (logic 4.083ns (15.185%)  route 22.806ns (84.815%))
  Logic Levels:           53  (CARRY4=2 LUT3=12 LUT4=1 LUT5=20 LUT6=18)
  Clock Path Skew:        0.037ns (DCD - SCD + CPR)
    Destination Clock Delay (DCD):    4.242ns = ( 34.242 - 30.000 ) 
    Source Clock Delay      (SCD):    4.462ns
    Clock Pessimism Removal (CPR):    0.256ns
  Clock Uncertainty:      0.035ns  ((TSJ^2 + TIJ^2)^1/2 + DJ) / 2 + PE
    Total System Jitter     (TSJ):    0.071ns
    Total Input Jitter      (TIJ):    0.000ns
    Discrete Jitter          (DJ):    0.000ns
    Phase Error              (PE):    0.000ns

    Location             Delay type                Incr(ns)  Path(ns)    Netlist Resource(s)
  -------------------------------------------------------------------    -------------------
                         (clock sys_clk rise edge)    0.000     0.000 r  
    AD23                                              0.000     0.000 r  clk (IN)
                         net (fo=0)                   0.000     0.000    clk
    AD23                 IBUF (Prop_ibuf_I_O)         0.873     0.873 r  clk_IBUF_inst/O
                         net (fo=1, routed)           1.830     2.703    clk_IBUF
    BUFGCTRL_X0Y0        BUFG (Prop_bufg_I_O)         0.120     2.823 r  clk_IBUF_BUFG_inst/O
                         net (fo=350, routed)         1.639     4.462    GEN_BRAM.u_core/clk_IBUF_BUFG
    SLICE_X15Y23         FDCE                                         r  GEN_BRAM.u_core/ir_reg[2]/C
  -------------------------------------------------------------------    -------------------
    SLICE_X15Y23         FDCE (Prop_fdce_C_Q)         0.269     4.731 r  GEN_BRAM.u_core/ir_reg[2]/Q
                         net (fo=24, routed)          0.633     5.364    GEN_BRAM.u_core/reg_file/Q[1]
    SLICE_X14Y24         LUT5 (Prop_lut5_I0_O)        0.053     5.417 r  GEN_BRAM.u_core/reg_file/registers_reg_r1_0_31_0_5_i_25/O
                         net (fo=56, routed)          0.733     6.150    GEN_BRAM.u_core/imm_gen/u_mul_i_32
    SLICE_X12Y20         LUT6 (Prop_lut6_I4_O)        0.053     6.203 f  GEN_BRAM.u_core/imm_gen/u_mul_i_68/O
                         net (fo=1, routed)           0.331     6.534    GEN_BRAM.u_core/alu_mux_b/imm[0]
    SLICE_X12Y20         LUT4 (Prop_lut4_I0_O)        0.053     6.587 r  GEN_BRAM.u_core/alu_mux_b/u_mul_i_32/O
                         net (fo=136, routed)         0.614     7.201    GEN_BRAM.u_core/alu/u_mul/u_mul/GEN_ARRAY.u_mul/u_csa_row0/GEN_CSA_FA[1].u_fa/result[4]_INST_0_i_22_n_0
    SLICE_X13Y19         CARRY4 (Prop_carry4_CYINIT_O[1])
                                                      0.390     7.591 r  GEN_BRAM.u_core/alu/u_mul/u_mul/GEN_ARRAY.u_mul/u_csa_row0/GEN_CSA_FA[1].u_fa/result[4]_INST_0_i_6/O[1]
                         net (fo=32, routed)          0.752     8.343    GEN_BRAM.u_core/alu/u_mul/u_mul/GEN_ARRAY.u_mul/u_csa_row0/GEN_CSA_FA[1].u_fa/mag_b0[2]
    SLICE_X18Y21         LUT6 (Prop_lut6_I3_O)        0.152     8.495 r  GEN_BRAM.u_core/alu/u_mul/u_mul/GEN_ARRAY.u_mul/u_csa_row0/GEN_CSA_FA[1].u_fa/result[14]_INST_0_i_132/O
                         net (fo=2, routed)           0.579     9.074    GEN_BRAM.u_core/alu/u_mul/u_mul/GEN_ARRAY.u_mul/u_csa_row0/GEN_CSA_FA[1].u_fa/pp[2]_91[14]
    SLICE_X18Y21         LUT6 (Prop_lut6_I5_O)        0.053     9.127 r  GEN_BRAM.u_core/alu/u_mul/u_mul/GEN_ARRAY.u_mul/u_csa_row0/GEN_CSA_FA[1].u_fa/result[16]_INST_0_i_144/O
                         net (fo=3, routed)           0.575     9.702    GEN_BRAM.u_core/alu/u_mul/u_mul/GEN_ARRAY.u_mul/u_csa_row0/GEN_CSA_FA[1].u_fa/stage_carry[0]_58[15]
    SLICE_X18Y20         LUT5 (Prop_lut5_I0_O)        0.053     9.755 r  GEN_BRAM.u_core/alu/u_mul/u_mul/GEN_ARRAY.u_mul/u_csa_row0/GEN_CSA_FA[1].u_fa/result[16]_INST_0_i_125/O
                         net (fo=3, routed)           0.366    10.121    GEN_BRAM.u_core/alu/u_mul/u_mul/GEN_ARRAY.u_mul/u_csa_row0/GEN_CSA_FA[1].u_fa/stage_sum[2]_42[15]
    SLICE_X18Y19         LUT3 (Prop_lut3_I1_O)        0.053    10.174 r  GEN_BRAM.u_core/alu/u_mul/u_mul/GEN_ARRAY.u_mul/u_csa_row0/GEN_CSA_FA[1].u_fa/result[16]_INST_0_i_132/O
                         net (fo=2, routed)           0.635    10.809    GEN_BRAM.u_core/alu/u_mul/u_mul/GEN_ARRAY.u_mul/u_csa_row0/GEN_CSA_FA[1].u_fa/stage_carry[3]_44[16]
    SLICE_X19Y19         LUT5 (Prop_lut5_I3_O)        0.053    10.862 r  GEN_BRAM.u_core/alu/u_mul/u_mul/GEN_ARRAY.u_mul/u_csa_row0/GEN_CSA_FA[1].u_fa/result[18]_INST_0_i_109/O
                         net (fo=3, routed)           0.588    11.450    GEN_BRAM.u_core/alu/u_mul/u_mul/GEN_ARRAY.u_mul/u_csa_row0/GEN_CSA_FA[1].u_fa/stage_carry[4]_2[17]
    SLICE_X17Y14         LUT3 (Prop_lut3_I0_O)        0.053    11.503 r  GEN_BRAM.u_core/alu/u_mul/u_mul/GEN_ARRAY.u_mul/u_csa_row0/GEN_CSA_FA[1].u_fa/result[18]_INST_0_i_117/O
                         net (fo=2, routed)           0.626    12.129    GEN_BRAM.u_core/alu/u_mul/u_mul/GEN_ARRAY.u_mul/u_csa_row0/GEN_CSA_FA[1].u_fa/stage_carry[5]_45[18]
    SLICE_X14Y9          LUT5 (Prop_lut5_I3_O)        0.053    12.182 r  GEN_BRAM.u_core/alu/u_mul/u_mul/GEN_ARRAY.u_mul/u_csa_row0/GEN_CSA_FA[1].u_fa/result[20]_INST_0_i_124/O
                         net (fo=3, routed)           0.516    12.698    GEN_BRAM.u_core/alu/u_mul/u_mul/GEN_ARRAY.u_mul/u_csa_row0/GEN_CSA_FA[1].u_fa/stage_carry[6]_4[19]
    SLICE_X13Y8          LUT3 (Prop_lut3_I0_O)        0.053    12.751 r  GEN_BRAM.u_core/alu/u_mul/u_mul/GEN_ARRAY.u_mul/u_csa_row0/GEN_CSA_FA[1].u_fa/result[20]_INST_0_i_132/O
                         net (fo=2, routed)           0.421    13.172    GEN_BRAM.u_core/alu/u_mul/u_mul/GEN_ARRAY.u_mul/u_csa_row0/GEN_CSA_FA[1].u_fa/stage_carry[7]_46[20]
    SLICE_X13Y6          LUT5 (Prop_lut5_I3_O)        0.053    13.225 r  GEN_BRAM.u_core/alu/u_mul/u_mul/GEN_ARRAY.u_mul/u_csa_row0/GEN_CSA_FA[1].u_fa/result[22]_INST_0_i_104/O
                         net (fo=3, routed)           0.482    13.707    GEN_BRAM.u_core/alu/u_mul/u_mul/GEN_ARRAY.u_mul/u_csa_row0/GEN_CSA_FA[1].u_fa/stage_carry[8]_6[21]
    SLICE_X11Y5          LUT3 (Prop_lut3_I0_O)        0.053    13.760 r  GEN_BRAM.u_core/alu/u_mul/u_mul/GEN_ARRAY.u_mul/u_csa_row0/GEN_CSA_FA[1].u_fa/result[22]_INST_0_i_112/O
                         net (fo=2, routed)           0.311    14.072    GEN_BRAM.u_core/alu/u_mul/u_mul/GEN_ARRAY.u_mul/u_csa_row0/GEN_CSA_FA[1].u_fa/stage_carry[9]_47[22]
    SLICE_X11Y3          LUT5 (Prop_lut5_I3_O)        0.053    14.125 r  GEN_BRAM.u_core/alu/u_mul/u_mul/GEN_ARRAY.u_mul/u_csa_row0/GEN_CSA_FA[1].u_fa/result[24]_INST_0_i_109/O
                         net (fo=3, routed)           0.457    14.582    GEN_BRAM.u_core/alu/u_mul/u_mul/GEN_ARRAY.u_mul/u_csa_row0/GEN_CSA_FA[1].u_fa/stage_carry[10]_8[23]
    SLICE_X11Y2          LUT3 (Prop_lut3_I0_O)        0.053    14.635 r  GEN_BRAM.u_core/alu/u_mul/u_mul/GEN_ARRAY.u_mul/u_csa_row0/GEN_CSA_FA[1].u_fa/result[24]_INST_0_i_117/O
                         net (fo=2, routed)           0.374    15.009    GEN_BRAM.u_core/alu/u_mul/u_mul/GEN_ARRAY.u_mul/u_csa_row0/GEN_CSA_FA[1].u_fa/stage_carry[11]_48[24]
    SLICE_X10Y2          LUT5 (Prop_lut5_I3_O)        0.053    15.062 r  GEN_BRAM.u_core/alu/u_mul/u_mul/GEN_ARRAY.u_mul/u_csa_row0/GEN_CSA_FA[1].u_fa/result[24]_INST_0_i_105/O
                         net (fo=3, routed)           0.630    15.693    GEN_BRAM.u_core/alu/u_mul/u_mul/GEN_ARRAY.u_mul/u_csa_row0/GEN_CSA_FA[1].u_fa/stage_sum[12]_37[24]
    SLICE_X9Y3           LUT5 (Prop_lut5_I1_O)        0.053    15.746 r  GEN_BRAM.u_core/alu/u_mul/u_mul/GEN_ARRAY.u_mul/u_csa_row0/GEN_CSA_FA[1].u_fa/result[26]_INST_0_i_74/O
                         net (fo=3, routed)           0.592    16.337    GEN_BRAM.u_core/alu/u_mul/u_mul/GEN_ARRAY.u_mul/u_csa_row0/GEN_CSA_FA[1].u_fa/stage_carry[14]_12[25]
    SLICE_X4Y1           LUT3 (Prop_lut3_I0_O)        0.053    16.390 r  GEN_BRAM.u_core/alu/u_mul/u_mul/GEN_ARRAY.u_mul/u_csa_row0/GEN_CSA_FA[1].u_fa/result[26]_INST_0_i_82/O
                         net (fo=2, routed)           0.323    16.713    GEN_BRAM.u_core/alu/u_mul/u_mul/GEN_ARRAY.u_mul/u_csa_row0/GEN_CSA_FA[1].u_fa/stage_carry[15]_50[26]
    SLICE_X4Y0           LUT5 (Prop_lut5_I3_O)        0.053    16.766 r  GEN_BRAM.u_core/alu/u_mul/u_mul/GEN_ARRAY.u_mul/u_csa_row0/GEN_CSA_FA[1].u_fa/result[26]_INST_0_i_70/O
                         net (fo=3, routed)           0.392    17.158    GEN_BRAM.u_core/alu/u_mul/u_mul/GEN_ARRAY.u_mul/u_csa_row0/GEN_CSA_FA[1].u_fa/stage_sum[16]_35[26]
    SLICE_X2Y3           LUT3 (Prop_lut3_I1_O)        0.053    17.211 r  GEN_BRAM.u_core/alu/u_mul/u_mul/GEN_ARRAY.u_mul/u_csa_row0/GEN_CSA_FA[1].u_fa/result[28]_INST_0_i_82/O
                         net (fo=2, routed)           0.467    17.679    GEN_BRAM.u_core/alu/u_mul/u_mul/GEN_ARRAY.u_mul/u_csa_row0/GEN_CSA_FA[1].u_fa/stage_carry[17]_51[27]
    SLICE_X2Y3           LUT5 (Prop_lut5_I3_O)        0.053    17.732 r  GEN_BRAM.u_core/alu/u_mul/u_mul/GEN_ARRAY.u_mul/u_csa_row0/GEN_CSA_FA[1].u_fa/result[28]_INST_0_i_70/O
                         net (fo=3, routed)           0.157    17.889    GEN_BRAM.u_core/alu/u_mul/u_mul/GEN_ARRAY.u_mul/u_csa_row0/GEN_CSA_FA[1].u_fa/stage_sum[18]_34[27]
    SLICE_X2Y3           LUT3 (Prop_lut3_I1_O)        0.053    17.942 r  GEN_BRAM.u_core/alu/u_mul/u_mul/GEN_ARRAY.u_mul/u_csa_row0/GEN_CSA_FA[1].u_fa/result[28]_INST_0_i_77/O
                         net (fo=2, routed)           0.433    18.375    GEN_BRAM.u_core/alu/u_mul/u_mul/GEN_ARRAY.u_mul/u_csa_row0/GEN_CSA_FA[1].u_fa/stage_carry[19]_52[28]
    SLICE_X2Y1           LUT5 (Prop_lut5_I3_O)        0.053    18.428 r  GEN_BRAM.u_core/alu/u_mul/u_mul/GEN_ARRAY.u_mul/u_csa_row0/GEN_CSA_FA[1].u_fa/result[28]_INST_0_i_65/O
                         net (fo=3, routed)           0.603    19.030    GEN_BRAM.u_core/alu/u_mul/u_mul/GEN_ARRAY.u_mul/u_csa_row0/GEN_CSA_FA[1].u_fa/stage_sum[20]_33[28]
    SLICE_X0Y6           LUT3 (Prop_lut3_I1_O)        0.053    19.083 r  GEN_BRAM.u_core/alu/u_mul/u_mul/GEN_ARRAY.u_mul/u_csa_row0/GEN_CSA_FA[1].u_fa/result[30]_INST_0_i_41/O
                         net (fo=2, routed)           0.352    19.436    GEN_BRAM.u_core/alu/u_mul/u_mul/GEN_ARRAY.u_mul/u_csa_row0/GEN_CSA_FA[1].u_fa/stage_carry[21]_53[29]
    SLICE_X1Y3           LUT5 (Prop_lut5_I3_O)        0.053    19.489 r  GEN_BRAM.u_core/alu/u_mul/u_mul/GEN_ARRAY.u_mul/u_csa_row0/GEN_CSA_FA[1].u_fa/result[30]_INST_0_i_29/O
                         net (fo=3, routed)           0.436    19.925    GEN_BRAM.u_core/alu/u_mul/u_mul/GEN_ARRAY.u_mul/u_csa_row0/GEN_CSA_FA[1].u_fa/stage_sum[22]_32[29]
    SLICE_X0Y6           LUT3 (Prop_lut3_I1_O)        0.053    19.978 r  GEN_BRAM.u_core/alu/u_mul/u_mul/GEN_ARRAY.u_mul/u_csa_row0/GEN_CSA_FA[1].u_fa/result[30]_INST_0_i_36/O
                         net (fo=2, routed)           0.433    20.411    GEN_BRAM.u_core/alu/u_mul/u_mul/GEN_ARRAY.u_mul/u_csa_row0/GEN_CSA_FA[1].u_fa/stage_carry[23]_54[30]
    SLICE_X3Y5           LUT5 (Prop_lut5_I3_O)        0.053    20.464 r  GEN_BRAM.u_core/alu/u_mul/u_mul/GEN_ARRAY.u_mul/u_csa_row0/GEN_CSA_FA[1].u_fa/result[30]_INST_0_i_23/O
                         net (fo=3, routed)           0.482    20.946    GEN_BRAM.u_core/alu/u_mul/u_mul/GEN_ARRAY.u_mul/u_csa_row0/GEN_CSA_FA[1].u_fa/stage_sum[24]_31[30]
    SLICE_X4Y8           LUT3 (Prop_lut3_I1_O)        0.053    20.999 r  GEN_BRAM.u_core/alu/u_mul/u_mul/GEN_ARRAY.u_mul/u_csa_row0/GEN_CSA_FA[1].u_fa/result[31]_INST_0_i_41/O
                         net (fo=2, routed)           0.371    21.370    GEN_BRAM.u_core/alu/u_mul/u_mul/GEN_ARRAY.u_mul/u_csa_row0/GEN_CSA_FA[1].u_fa/stage_carry[25]_55[31]
    SLICE_X4Y6           LUT5 (Prop_lut5_I3_O)        0.053    21.423 r  GEN_BRAM.u_core/alu/u_mul/u_mul/GEN_ARRAY.u_mul/u_csa_row0/GEN_CSA_FA[1].u_fa/result[31]_INST_0_i_31/O
                         net (fo=3, routed)           0.453    21.876    GEN_BRAM.u_core/alu/u_mul/u_mul/GEN_ARRAY.u_mul/u_csa_row0/GEN_CSA_FA[1].u_fa/stage_sum[26]_30[31]
    SLICE_X7Y9           LUT3 (Prop_lut3_I1_O)        0.053    21.929 r  GEN_BRAM.u_core/alu/u_mul/u_mul/GEN_ARRAY.u_mul/u_csa_row0/GEN_CSA_FA[1].u_fa/result[2]_INST_0_i_22/O
                         net (fo=3, routed)           0.617    22.545    GEN_BRAM.u_core/alu/u_mul/u_mul/GEN_ARRAY.u_mul/u_csa_row0/GEN_CSA_FA[1].u_fa/stage_carry[27]_56[32]
    SLICE_X9Y9           LUT5 (Prop_lut5_I0_O)        0.053    22.598 r  GEN_BRAM.u_core/alu/u_mul/u_mul/GEN_ARRAY.u_mul/u_csa_row0/GEN_CSA_FA[1].u_fa/result[1]_INST_0_i_4/O
                         net (fo=4, routed)           0.721    23.319    GEN_BRAM.u_core/alu/u_mul/u_mul/GEN_ARRAY.u_mul/u_csa_row0/GEN_CSA_FA[1].u_fa/stage_sum[29]_57[32]
    SLICE_X8Y15          LUT5 (Prop_lut5_I4_O)        0.065    23.384 r  GEN_BRAM.u_core/alu/u_mul/u_mul/GEN_ARRAY.u_mul/u_csa_row0/GEN_CSA_FA[1].u_fa/result[1]_INST_0_i_6/O
                         net (fo=2, routed)           0.306    23.690    GEN_BRAM.u_core/alu/u_mul/u_mul/GEN_ARRAY.u_mul/u_csa_row0/GEN_CSA_FA[1].u_fa/u_final_cpa/GEN_FINAL_FA[32].u_fa/c2
    SLICE_X8Y16          LUT5 (Prop_lut5_I2_O)        0.171    23.861 r  GEN_BRAM.u_core/alu/u_mul/u_mul/GEN_ARRAY.u_mul/u_csa_row0/GEN_CSA_FA[1].u_fa/result[2]_INST_0_i_9/O
                         net (fo=2, routed)           0.586    24.447    GEN_BRAM.u_core/alu/u_mul/u_mul/GEN_ARRAY.u_mul/u_csa_row0/GEN_CSA_FA[1].u_fa/u_final_cpa/GEN_FINAL_FA[33].u_fa/c2
    SLICE_X8Y16          LUT5 (Prop_lut5_I2_O)        0.183    24.630 r  GEN_BRAM.u_core/alu/u_mul/u_mul/GEN_ARRAY.u_mul/u_csa_row0/GEN_CSA_FA[1].u_fa/result[4]_INST_0_i_14/O
                         net (fo=3, routed)           0.391    25.021    GEN_BRAM.u_core/alu/u_mul/u_mul/GEN_ARRAY.u_mul/u_csa_row0/GEN_CSA_FA[1].u_fa/u_final_cpa/c_35
    SLICE_X7Y16          LUT6 (Prop_lut6_I4_O)        0.172    25.193 r  GEN_BRAM.u_core/alu/u_mul/u_mul/GEN_ARRAY.u_mul/u_csa_row0/GEN_CSA_FA[1].u_fa/result[6]_INST_0_i_12/O
                         net (fo=3, routed)           0.205    25.397    GEN_BRAM.u_core/alu/u_mul/u_mul/GEN_ARRAY.u_mul/u_csa_row0/GEN_CSA_FA[1].u_fa/u_final_cpa/c_37
    SLICE_X7Y16          LUT6 (Prop_lut6_I4_O)        0.053    25.450 r  GEN_BRAM.u_core/alu/u_mul/u_mul/GEN_ARRAY.u_mul/u_csa_row0/GEN_CSA_FA[1].u_fa/result[8]_INST_0_i_13/O
                         net (fo=3, routed)           0.405    25.856    GEN_BRAM.u_core/alu/u_mul/u_mul/GEN_ARRAY.u_mul/u_csa_row0/GEN_CSA_FA[1].u_fa/u_final_cpa/c_39
    SLICE_X9Y17          LUT6 (Prop_lut6_I4_O)        0.053    25.909 r  GEN_BRAM.u_core/alu/u_mul/u_mul/GEN_ARRAY.u_mul/u_csa_row0/GEN_CSA_FA[1].u_fa/result[10]_INST_0_i_12/O
                         net (fo=3, routed)           0.311    26.220    GEN_BRAM.u_core/alu/u_mul/u_mul/GEN_ARRAY.u_mul/u_csa_row0/GEN_CSA_FA[1].u_fa/u_final_cpa/c_41
    SLICE_X9Y18          LUT6 (Prop_lut6_I4_O)        0.053    26.273 r  GEN_BRAM.u_core/alu/u_mul/u_mul/GEN_ARRAY.u_mul/u_csa_row0/GEN_CSA_FA[1].u_fa/result[12]_INST_0_i_13/O
                         net (fo=3, routed)           0.138    26.411    GEN_BRAM.u_core/alu/u_mul/u_mul/GEN_ARRAY.u_mul/u_csa_row0/GEN_CSA_FA[1].u_fa/u_final_cpa/c_43
    SLICE_X9Y18          LUT6 (Prop_lut6_I4_O)        0.053    26.464 r  GEN_BRAM.u_core/alu/u_mul/u_mul/GEN_ARRAY.u_mul/u_csa_row0/GEN_CSA_FA[1].u_fa/result[14]_INST_0_i_12/O
                         net (fo=3, routed)           0.278    26.742    GEN_BRAM.u_core/alu/u_mul/u_mul/GEN_ARRAY.u_mul/u_csa_row0/GEN_CSA_FA[1].u_fa/u_final_cpa/c_45
    SLICE_X10Y19         LUT6 (Prop_lut6_I4_O)        0.053    26.795 r  GEN_BRAM.u_core/alu/u_mul/u_mul/GEN_ARRAY.u_mul/u_csa_row0/GEN_CSA_FA[1].u_fa/result[16]_INST_0_i_13/O
                         net (fo=3, routed)           0.318    27.113    GEN_BRAM.u_core/alu/u_mul/u_mul/GEN_ARRAY.u_mul/u_csa_row0/GEN_CSA_FA[1].u_fa/u_final_cpa/c_47
    SLICE_X10Y20         LUT6 (Prop_lut6_I4_O)        0.053    27.166 r  GEN_BRAM.u_core/alu/u_mul/u_mul/GEN_ARRAY.u_mul/u_csa_row0/GEN_CSA_FA[1].u_fa/result[18]_INST_0_i_12/O
                         net (fo=3, routed)           0.222    27.388    GEN_BRAM.u_core/alu/u_mul/u_mul/GEN_ARRAY.u_mul/u_csa_row0/GEN_CSA_FA[1].u_fa/u_final_cpa/c_49
    SLICE_X10Y20         LUT6 (Prop_lut6_I4_O)        0.053    27.441 r  GEN_BRAM.u_core/alu/u_mul/u_mul/GEN_ARRAY.u_mul/u_csa_row0/GEN_CSA_FA[1].u_fa/result[20]_INST_0_i_13/O
                         net (fo=3, routed)           0.323    27.764    GEN_BRAM.u_core/alu/u_mul/u_mul/GEN_ARRAY.u_mul/u_csa_row0/GEN_CSA_FA[1].u_fa/u_final_cpa/c_51
    SLICE_X10Y21         LUT6 (Prop_lut6_I4_O)        0.053    27.817 r  GEN_BRAM.u_core/alu/u_mul/u_mul/GEN_ARRAY.u_mul/u_csa_row0/GEN_CSA_FA[1].u_fa/result[22]_INST_0_i_12/O
                         net (fo=3, routed)           0.146    27.963    GEN_BRAM.u_core/alu/u_mul/u_mul/GEN_ARRAY.u_mul/u_csa_row0/GEN_CSA_FA[1].u_fa/u_final_cpa/c_53
    SLICE_X10Y21         LUT6 (Prop_lut6_I4_O)        0.053    28.016 r  GEN_BRAM.u_core/alu/u_mul/u_mul/GEN_ARRAY.u_mul/u_csa_row0/GEN_CSA_FA[1].u_fa/result[24]_INST_0_i_13/O
                         net (fo=3, routed)           0.255    28.271    GEN_BRAM.u_core/alu/u_mul/u_mul/GEN_ARRAY.u_mul/u_csa_row0/GEN_CSA_FA[1].u_fa/u_final_cpa/c_55
    SLICE_X10Y22         LUT6 (Prop_lut6_I4_O)        0.053    28.324 r  GEN_BRAM.u_core/alu/u_mul/u_mul/GEN_ARRAY.u_mul/u_csa_row0/GEN_CSA_FA[1].u_fa/result[26]_INST_0_i_12/O
                         net (fo=3, routed)           0.371    28.695    GEN_BRAM.u_core/alu/u_mul/u_mul/GEN_ARRAY.u_mul/u_csa_row0/GEN_CSA_FA[1].u_fa/u_final_cpa/c_57
    SLICE_X8Y22          LUT5 (Prop_lut5_I4_O)        0.053    28.748 r  GEN_BRAM.u_core/alu/u_mul/u_mul/GEN_ARRAY.u_mul/u_csa_row0/GEN_CSA_FA[1].u_fa/result[25]_INST_0_i_2/O
                         net (fo=2, routed)           0.000    28.748    GEN_BRAM.u_core/alu/u_mul/u_mul/GEN_ARRAY.u_mul/u_csa_row0/GEN_CSA_FA[1].u_fa/p_0_in[57]
    SLICE_X8Y22          CARRY4 (Prop_carry4_S[0]_O[0])
                                                      0.143    28.891 r  GEN_BRAM.u_core/alu/u_mul/u_mul/GEN_ARRAY.u_mul/u_csa_row0/GEN_CSA_FA[1].u_fa/result[28]_INST_0_i_4/O[0]
                         net (fo=1, routed)           0.495    29.385    GEN_BRAM.u_core/alu/u_mul/u_mul/GEN_ARRAY.u_mul/u_csa_row0/GEN_CSA_FA[1].u_fa/signed_product0[57]
    SLICE_X7Y19          LUT5 (Prop_lut5_I4_O)        0.153    29.538 r  GEN_BRAM.u_core/alu/u_mul/u_mul/GEN_ARRAY.u_mul/u_csa_row0/GEN_CSA_FA[1].u_fa/result[25]_INST_0/O
                         net (fo=1, routed)           0.315    29.853    GEN_BRAM.u_core/alu_mux_b/result[2]
    SLICE_X6Y19          LUT6 (Prop_lut6_I2_O)        0.053    29.906 r  GEN_BRAM.u_core/alu_mux_b/debug_alu_out_OBUF[25]_inst_i_4/O
                         net (fo=1, routed)           0.302    30.208    GEN_BRAM.u_core/reg_file/pc_reg[25]
    SLICE_X5Y20          LUT6 (Prop_lut6_I5_O)        0.053    30.261 r  GEN_BRAM.u_core/reg_file/debug_alu_out_OBUF[25]_inst_i_1/O
                         net (fo=3, routed)           0.409    30.671    GEN_BRAM.u_core/wb_mux/debug_alu_out_OBUF[25]
    SLICE_X5Y22          LUT6 (Prop_lut6_I0_O)        0.053    30.724 r  GEN_BRAM.u_core/wb_mux/registers_reg_r1_0_31_24_29_i_8/O
                         net (fo=1, routed)           0.296    31.020    GEN_BRAM.u_core/divider/wb_exec[25]
    SLICE_X5Y22          LUT6 (Prop_lut6_I5_O)        0.053    31.073 r  GEN_BRAM.u_core/divider/registers_reg_r1_0_31_24_29_i_1/O
                         net (fo=2, routed)           0.278    31.350    GEN_BRAM.u_core/reg_file/registers_reg_r1_0_31_24_29/DIA1
    SLICE_X6Y21          RAMD32                                       r  GEN_BRAM.u_core/reg_file/registers_reg_r1_0_31_24_29/RAMA_D1/I
  -------------------------------------------------------------------    -------------------

                         (clock sys_clk rise edge)   30.000    30.000 r  
    AD23                                              0.000    30.000 r  clk (IN)
                         net (fo=0)                   0.000    30.000    clk
    AD23                 IBUF (Prop_ibuf_I_O)         0.796    30.796 r  clk_IBUF_inst/O
                         net (fo=1, routed)           1.741    32.537    clk_IBUF
    BUFGCTRL_X0Y0        BUFG (Prop_bufg_I_O)         0.113    32.650 r  clk_IBUF_BUFG_inst/O
                         net (fo=350, routed)         1.592    34.242    GEN_BRAM.u_core/reg_file/registers_reg_r1_0_31_24_29/WCLK
    SLICE_X6Y21          RAMD32                                       r  GEN_BRAM.u_core/reg_file/registers_reg_r1_0_31_24_29/RAMA_D1/CLK
                         clock pessimism              0.256    34.499    
                         clock uncertainty           -0.035    34.463    
    SLICE_X6Y21          RAMD32 (Setup_ramd32_CLK_I)
                                                     -0.166    34.297    GEN_BRAM.u_core/reg_file/registers_reg_r1_0_31_24_29/RAMA_D1
  -------------------------------------------------------------------
                         required time                         34.297    
                         arrival time                         -31.350    
  -------------------------------------------------------------------
                         slack                                  2.947    

Slack (MET) :             2.948ns  (required time - arrival time)
  Source:                 GEN_BRAM.u_core/ir_reg[2]/C
                            (rising edge-triggered cell FDCE clocked by sys_clk  {rise@0.000ns fall@15.000ns period=30.000ns})
  Destination:            GEN_BRAM.u_core/reg_file/registers_reg_r2_0_31_30_31/SP/I
                            (rising edge-triggered cell RAMD32 clocked by sys_clk  {rise@0.000ns fall@15.000ns period=30.000ns})
  Path Group:             sys_clk
  Path Type:              Setup (Max at Slow Process Corner)
  Requirement:            30.000ns  (sys_clk rise@30.000ns - sys_clk rise@0.000ns)
  Data Path Delay:        26.867ns  (logic 4.319ns (16.075%)  route 22.548ns (83.925%))
  Logic Levels:           55  (CARRY4=2 LUT3=12 LUT4=1 LUT5=19 LUT6=21)
  Clock Path Skew:        -0.020ns (DCD - SCD + CPR)
    Destination Clock Delay (DCD):    4.178ns = ( 34.178 - 30.000 ) 
    Source Clock Delay      (SCD):    4.462ns
    Clock Pessimism Removal (CPR):    0.263ns
  Clock Uncertainty:      0.035ns  ((TSJ^2 + TIJ^2)^1/2 + DJ) / 2 + PE
    Total System Jitter     (TSJ):    0.071ns
    Total Input Jitter      (TIJ):    0.000ns
    Discrete Jitter          (DJ):    0.000ns
    Phase Error              (PE):    0.000ns

    Location             Delay type                Incr(ns)  Path(ns)    Netlist Resource(s)
  -------------------------------------------------------------------    -------------------
                         (clock sys_clk rise edge)    0.000     0.000 r  
    AD23                                              0.000     0.000 r  clk (IN)
                         net (fo=0)                   0.000     0.000    clk
    AD23                 IBUF (Prop_ibuf_I_O)         0.873     0.873 r  clk_IBUF_inst/O
                         net (fo=1, routed)           1.830     2.703    clk_IBUF
    BUFGCTRL_X0Y0        BUFG (Prop_bufg_I_O)         0.120     2.823 r  clk_IBUF_BUFG_inst/O
                         net (fo=350, routed)         1.639     4.462    GEN_BRAM.u_core/clk_IBUF_BUFG
    SLICE_X15Y23         FDCE                                         r  GEN_BRAM.u_core/ir_reg[2]/C
  -------------------------------------------------------------------    -------------------
    SLICE_X15Y23         FDCE (Prop_fdce_C_Q)         0.269     4.731 r  GEN_BRAM.u_core/ir_reg[2]/Q
                         net (fo=24, routed)          0.633     5.364    GEN_BRAM.u_core/reg_file/Q[1]
    SLICE_X14Y24         LUT5 (Prop_lut5_I0_O)        0.053     5.417 r  GEN_BRAM.u_core/reg_file/registers_reg_r1_0_31_0_5_i_25/O
                         net (fo=56, routed)          0.733     6.150    GEN_BRAM.u_core/imm_gen/u_mul_i_32
    SLICE_X12Y20         LUT6 (Prop_lut6_I4_O)        0.053     6.203 f  GEN_BRAM.u_core/imm_gen/u_mul_i_68/O
                         net (fo=1, routed)           0.331     6.534    GEN_BRAM.u_core/alu_mux_b/imm[0]
    SLICE_X12Y20         LUT4 (Prop_lut4_I0_O)        0.053     6.587 r  GEN_BRAM.u_core/alu_mux_b/u_mul_i_32/O
                         net (fo=136, routed)         0.614     7.201    GEN_BRAM.u_core/alu/u_mul/u_mul/GEN_ARRAY.u_mul/u_csa_row0/GEN_CSA_FA[1].u_fa/result[4]_INST_0_i_22_n_0
    SLICE_X13Y19         CARRY4 (Prop_carry4_CYINIT_O[1])
                                                      0.390     7.591 r  GEN_BRAM.u_core/alu/u_mul/u_mul/GEN_ARRAY.u_mul/u_csa_row0/GEN_CSA_FA[1].u_fa/result[4]_INST_0_i_6/O[1]
                         net (fo=32, routed)          0.752     8.343    GEN_BRAM.u_core/alu/u_mul/u_mul/GEN_ARRAY.u_mul/u_csa_row0/GEN_CSA_FA[1].u_fa/mag_b0[2]
    SLICE_X18Y21         LUT6 (Prop_lut6_I3_O)        0.152     8.495 r  GEN_BRAM.u_core/alu/u_mul/u_mul/GEN_ARRAY.u_mul/u_csa_row0/GEN_CSA_FA[1].u_fa/result[14]_INST_0_i_132/O
                         net (fo=2, routed)           0.579     9.074    GEN_BRAM.u_core/alu/u_mul/u_mul/GEN_ARRAY.u_mul/u_csa_row0/GEN_CSA_FA[1].u_fa/pp[2]_91[14]
    SLICE_X18Y21         LUT6 (Prop_lut6_I5_O)        0.053     9.127 r  GEN_BRAM.u_core/alu/u_mul/u_mul/GEN_ARRAY.u_mul/u_csa_row0/GEN_CSA_FA[1].u_fa/result[16]_INST_0_i_144/O
                         net (fo=3, routed)           0.575     9.702    GEN_BRAM.u_core/alu/u_mul/u_mul/GEN_ARRAY.u_mul/u_csa_row0/GEN_CSA_FA[1].u_fa/stage_carry[0]_58[15]
    SLICE_X18Y20         LUT5 (Prop_lut5_I0_O)        0.053     9.755 r  GEN_BRAM.u_core/alu/u_mul/u_mul/GEN_ARRAY.u_mul/u_csa_row0/GEN_CSA_FA[1].u_fa/result[16]_INST_0_i_125/O
                         net (fo=3, routed)           0.366    10.121    GEN_BRAM.u_core/alu/u_mul/u_mul/GEN_ARRAY.u_mul/u_csa_row0/GEN_CSA_FA[1].u_fa/stage_sum[2]_42[15]
    SLICE_X18Y19         LUT3 (Prop_lut3_I1_O)        0.053    10.174 r  GEN_BRAM.u_core/alu/u_mul/u_mul/GEN_ARRAY.u_mul/u_csa_row0/GEN_CSA_FA[1].u_fa/result[16]_INST_0_i_132/O
                         net (fo=2, routed)           0.635    10.809    GEN_BRAM.u_core/alu/u_mul/u_mul/GEN_ARRAY.u_mul/u_csa_row0/GEN_CSA_FA[1].u_fa/stage_carry[3]_44[16]
    SLICE_X19Y19         LUT5 (Prop_lut5_I3_O)        0.053    10.862 r  GEN_BRAM.u_core/alu/u_mul/u_mul/GEN_ARRAY.u_mul/u_csa_row0/GEN_CSA_FA[1].u_fa/result[18]_INST_0_i_109/O
                         net (fo=3, routed)           0.588    11.450    GEN_BRAM.u_core/alu/u_mul/u_mul/GEN_ARRAY.u_mul/u_csa_row0/GEN_CSA_FA[1].u_fa/stage_carry[4]_2[17]
    SLICE_X17Y14         LUT3 (Prop_lut3_I0_O)        0.053    11.503 r  GEN_BRAM.u_core/alu/u_mul/u_mul/GEN_ARRAY.u_mul/u_csa_row0/GEN_CSA_FA[1].u_fa/result[18]_INST_0_i_117/O
                         net (fo=2, routed)           0.626    12.129    GEN_BRAM.u_core/alu/u_mul/u_mul/GEN_ARRAY.u_mul/u_csa_row0/GEN_CSA_FA[1].u_fa/stage_carry[5]_45[18]
    SLICE_X14Y9          LUT5 (Prop_lut5_I3_O)        0.053    12.182 r  GEN_BRAM.u_core/alu/u_mul/u_mul/GEN_ARRAY.u_mul/u_csa_row0/GEN_CSA_FA[1].u_fa/result[20]_INST_0_i_124/O
                         net (fo=3, routed)           0.516    12.698    GEN_BRAM.u_core/alu/u_mul/u_mul/GEN_ARRAY.u_mul/u_csa_row0/GEN_CSA_FA[1].u_fa/stage_carry[6]_4[19]
    SLICE_X13Y8          LUT3 (Prop_lut3_I0_O)        0.053    12.751 r  GEN_BRAM.u_core/alu/u_mul/u_mul/GEN_ARRAY.u_mul/u_csa_row0/GEN_CSA_FA[1].u_fa/result[20]_INST_0_i_132/O
                         net (fo=2, routed)           0.421    13.172    GEN_BRAM.u_core/alu/u_mul/u_mul/GEN_ARRAY.u_mul/u_csa_row0/GEN_CSA_FA[1].u_fa/stage_carry[7]_46[20]
    SLICE_X13Y6          LUT5 (Prop_lut5_I3_O)        0.053    13.225 r  GEN_BRAM.u_core/alu/u_mul/u_mul/GEN_ARRAY.u_mul/u_csa_row0/GEN_CSA_FA[1].u_fa/result[22]_INST_0_i_104/O
                         net (fo=3, routed)           0.482    13.707    GEN_BRAM.u_core/alu/u_mul/u_mul/GEN_ARRAY.u_mul/u_csa_row0/GEN_CSA_FA[1].u_fa/stage_carry[8]_6[21]
    SLICE_X11Y5          LUT3 (Prop_lut3_I0_O)        0.053    13.760 r  GEN_BRAM.u_core/alu/u_mul/u_mul/GEN_ARRAY.u_mul/u_csa_row0/GEN_CSA_FA[1].u_fa/result[22]_INST_0_i_112/O
                         net (fo=2, routed)           0.311    14.072    GEN_BRAM.u_core/alu/u_mul/u_mul/GEN_ARRAY.u_mul/u_csa_row0/GEN_CSA_FA[1].u_fa/stage_carry[9]_47[22]
    SLICE_X11Y3          LUT5 (Prop_lut5_I3_O)        0.053    14.125 r  GEN_BRAM.u_core/alu/u_mul/u_mul/GEN_ARRAY.u_mul/u_csa_row0/GEN_CSA_FA[1].u_fa/result[24]_INST_0_i_109/O
                         net (fo=3, routed)           0.457    14.582    GEN_BRAM.u_core/alu/u_mul/u_mul/GEN_ARRAY.u_mul/u_csa_row0/GEN_CSA_FA[1].u_fa/stage_carry[10]_8[23]
    SLICE_X11Y2          LUT3 (Prop_lut3_I0_O)        0.053    14.635 r  GEN_BRAM.u_core/alu/u_mul/u_mul/GEN_ARRAY.u_mul/u_csa_row0/GEN_CSA_FA[1].u_fa/result[24]_INST_0_i_117/O
                         net (fo=2, routed)           0.374    15.009    GEN_BRAM.u_core/alu/u_mul/u_mul/GEN_ARRAY.u_mul/u_csa_row0/GEN_CSA_FA[1].u_fa/stage_carry[11]_48[24]
    SLICE_X10Y2          LUT5 (Prop_lut5_I3_O)        0.053    15.062 r  GEN_BRAM.u_core/alu/u_mul/u_mul/GEN_ARRAY.u_mul/u_csa_row0/GEN_CSA_FA[1].u_fa/result[24]_INST_0_i_105/O
                         net (fo=3, routed)           0.630    15.693    GEN_BRAM.u_core/alu/u_mul/u_mul/GEN_ARRAY.u_mul/u_csa_row0/GEN_CSA_FA[1].u_fa/stage_sum[12]_37[24]
    SLICE_X9Y3           LUT5 (Prop_lut5_I1_O)        0.053    15.746 r  GEN_BRAM.u_core/alu/u_mul/u_mul/GEN_ARRAY.u_mul/u_csa_row0/GEN_CSA_FA[1].u_fa/result[26]_INST_0_i_74/O
                         net (fo=3, routed)           0.592    16.337    GEN_BRAM.u_core/alu/u_mul/u_mul/GEN_ARRAY.u_mul/u_csa_row0/GEN_CSA_FA[1].u_fa/stage_carry[14]_12[25]
    SLICE_X4Y1           LUT3 (Prop_lut3_I0_O)        0.053    16.390 r  GEN_BRAM.u_core/alu/u_mul/u_mul/GEN_ARRAY.u_mul/u_csa_row0/GEN_CSA_FA[1].u_fa/result[26]_INST_0_i_82/O
                         net (fo=2, routed)           0.323    16.713    GEN_BRAM.u_core/alu/u_mul/u_mul/GEN_ARRAY.u_mul/u_csa_row0/GEN_CSA_FA[1].u_fa/stage_carry[15]_50[26]
    SLICE_X4Y0           LUT5 (Prop_lut5_I3_O)        0.053    16.766 r  GEN_BRAM.u_core/alu/u_mul/u_mul/GEN_ARRAY.u_mul/u_csa_row0/GEN_CSA_FA[1].u_fa/result[26]_INST_0_i_70/O
                         net (fo=3, routed)           0.392    17.158    GEN_BRAM.u_core/alu/u_mul/u_mul/GEN_ARRAY.u_mul/u_csa_row0/GEN_CSA_FA[1].u_fa/stage_sum[16]_35[26]
    SLICE_X2Y3           LUT3 (Prop_lut3_I1_O)        0.053    17.211 r  GEN_BRAM.u_core/alu/u_mul/u_mul/GEN_ARRAY.u_mul/u_csa_row0/GEN_CSA_FA[1].u_fa/result[28]_INST_0_i_82/O
                         net (fo=2, routed)           0.467    17.679    GEN_BRAM.u_core/alu/u_mul/u_mul/GEN_ARRAY.u_mul/u_csa_row0/GEN_CSA_FA[1].u_fa/stage_carry[17]_51[27]
    SLICE_X2Y3           LUT5 (Prop_lut5_I3_O)        0.053    17.732 r  GEN_BRAM.u_core/alu/u_mul/u_mul/GEN_ARRAY.u_mul/u_csa_row0/GEN_CSA_FA[1].u_fa/result[28]_INST_0_i_70/O
                         net (fo=3, routed)           0.157    17.889    GEN_BRAM.u_core/alu/u_mul/u_mul/GEN_ARRAY.u_mul/u_csa_row0/GEN_CSA_FA[1].u_fa/stage_sum[18]_34[27]
    SLICE_X2Y3           LUT3 (Prop_lut3_I1_O)        0.053    17.942 r  GEN_BRAM.u_core/alu/u_mul/u_mul/GEN_ARRAY.u_mul/u_csa_row0/GEN_CSA_FA[1].u_fa/result[28]_INST_0_i_77/O
                         net (fo=2, routed)           0.433    18.375    GEN_BRAM.u_core/alu/u_mul/u_mul/GEN_ARRAY.u_mul/u_csa_row0/GEN_CSA_FA[1].u_fa/stage_carry[19]_52[28]
    SLICE_X2Y1           LUT5 (Prop_lut5_I3_O)        0.053    18.428 r  GEN_BRAM.u_core/alu/u_mul/u_mul/GEN_ARRAY.u_mul/u_csa_row0/GEN_CSA_FA[1].u_fa/result[28]_INST_0_i_65/O
                         net (fo=3, routed)           0.603    19.030    GEN_BRAM.u_core/alu/u_mul/u_mul/GEN_ARRAY.u_mul/u_csa_row0/GEN_CSA_FA[1].u_fa/stage_sum[20]_33[28]
    SLICE_X0Y6           LUT3 (Prop_lut3_I1_O)        0.053    19.083 r  GEN_BRAM.u_core/alu/u_mul/u_mul/GEN_ARRAY.u_mul/u_csa_row0/GEN_CSA_FA[1].u_fa/result[30]_INST_0_i_41/O
                         net (fo=2, routed)           0.352    19.436    GEN_BRAM.u_core/alu/u_mul/u_mul/GEN_ARRAY.u_mul/u_csa_row0/GEN_CSA_FA[1].u_fa/stage_carry[21]_53[29]
    SLICE_X1Y3           LUT5 (Prop_lut5_I3_O)        0.053    19.489 r  GEN_BRAM.u_core/alu/u_mul/u_mul/GEN_ARRAY.u_mul/u_csa_row0/GEN_CSA_FA[1].u_fa/result[30]_INST_0_i_29/O
                         net (fo=3, routed)           0.436    19.925    GEN_BRAM.u_core/alu/u_mul/u_mul/GEN_ARRAY.u_mul/u_csa_row0/GEN_CSA_FA[1].u_fa/stage_sum[22]_32[29]
    SLICE_X0Y6           LUT3 (Prop_lut3_I1_O)        0.053    19.978 r  GEN_BRAM.u_core/alu/u_mul/u_mul/GEN_ARRAY.u_mul/u_csa_row0/GEN_CSA_FA[1].u_fa/result[30]_INST_0_i_36/O
                         net (fo=2, routed)           0.433    20.411    GEN_BRAM.u_core/alu/u_mul/u_mul/GEN_ARRAY.u_mul/u_csa_row0/GEN_CSA_FA[1].u_fa/stage_carry[23]_54[30]
    SLICE_X3Y5           LUT5 (Prop_lut5_I3_O)        0.053    20.464 r  GEN_BRAM.u_core/alu/u_mul/u_mul/GEN_ARRAY.u_mul/u_csa_row0/GEN_CSA_FA[1].u_fa/result[30]_INST_0_i_23/O
                         net (fo=3, routed)           0.482    20.946    GEN_BRAM.u_core/alu/u_mul/u_mul/GEN_ARRAY.u_mul/u_csa_row0/GEN_CSA_FA[1].u_fa/stage_sum[24]_31[30]
    SLICE_X4Y8           LUT3 (Prop_lut3_I1_O)        0.053    20.999 r  GEN_BRAM.u_core/alu/u_mul/u_mul/GEN_ARRAY.u_mul/u_csa_row0/GEN_CSA_FA[1].u_fa/result[31]_INST_0_i_41/O
                         net (fo=2, routed)           0.371    21.370    GEN_BRAM.u_core/alu/u_mul/u_mul/GEN_ARRAY.u_mul/u_csa_row0/GEN_CSA_FA[1].u_fa/stage_carry[25]_55[31]
    SLICE_X4Y6           LUT5 (Prop_lut5_I3_O)        0.053    21.423 r  GEN_BRAM.u_core/alu/u_mul/u_mul/GEN_ARRAY.u_mul/u_csa_row0/GEN_CSA_FA[1].u_fa/result[31]_INST_0_i_31/O
                         net (fo=3, routed)           0.453    21.876    GEN_BRAM.u_core/alu/u_mul/u_mul/GEN_ARRAY.u_mul/u_csa_row0/GEN_CSA_FA[1].u_fa/stage_sum[26]_30[31]
    SLICE_X7Y9           LUT3 (Prop_lut3_I1_O)        0.053    21.929 r  GEN_BRAM.u_core/alu/u_mul/u_mul/GEN_ARRAY.u_mul/u_csa_row0/GEN_CSA_FA[1].u_fa/result[2]_INST_0_i_22/O
                         net (fo=3, routed)           0.617    22.545    GEN_BRAM.u_core/alu/u_mul/u_mul/GEN_ARRAY.u_mul/u_csa_row0/GEN_CSA_FA[1].u_fa/stage_carry[27]_56[32]
    SLICE_X9Y9           LUT5 (Prop_lut5_I0_O)        0.053    22.598 r  GEN_BRAM.u_core/alu/u_mul/u_mul/GEN_ARRAY.u_mul/u_csa_row0/GEN_CSA_FA[1].u_fa/result[1]_INST_0_i_4/O
                         net (fo=4, routed)           0.721    23.319    GEN_BRAM.u_core/alu/u_mul/u_mul/GEN_ARRAY.u_mul/u_csa_row0/GEN_CSA_FA[1].u_fa/stage_sum[29]_57[32]
    SLICE_X8Y15          LUT5 (Prop_lut5_I4_O)        0.065    23.384 r  GEN_BRAM.u_core/alu/u_mul/u_mul/GEN_ARRAY.u_mul/u_csa_row0/GEN_CSA_FA[1].u_fa/result[1]_INST_0_i_6/O
                         net (fo=2, routed)           0.306    23.690    GEN_BRAM.u_core/alu/u_mul/u_mul/GEN_ARRAY.u_mul/u_csa_row0/GEN_CSA_FA[1].u_fa/u_final_cpa/GEN_FINAL_FA[32].u_fa/c2
    SLICE_X8Y16          LUT5 (Prop_lut5_I2_O)        0.171    23.861 r  GEN_BRAM.u_core/alu/u_mul/u_mul/GEN_ARRAY.u_mul/u_csa_row0/GEN_CSA_FA[1].u_fa/result[2]_INST_0_i_9/O
                         net (fo=2, routed)           0.586    24.447    GEN_BRAM.u_core/alu/u_mul/u_mul/GEN_ARRAY.u_mul/u_csa_row0/GEN_CSA_FA[1].u_fa/u_final_cpa/GEN_FINAL_FA[33].u_fa/c2
    SLICE_X8Y16          LUT5 (Prop_lut5_I2_O)        0.183    24.630 r  GEN_BRAM.u_core/alu/u_mul/u_mul/GEN_ARRAY.u_mul/u_csa_row0/GEN_CSA_FA[1].u_fa/result[4]_INST_0_i_14/O
                         net (fo=3, routed)           0.391    25.021    GEN_BRAM.u_core/alu/u_mul/u_mul/GEN_ARRAY.u_mul/u_csa_row0/GEN_CSA_FA[1].u_fa/u_final_cpa/c_35
    SLICE_X7Y16          LUT6 (Prop_lut6_I4_O)        0.172    25.193 r  GEN_BRAM.u_core/alu/u_mul/u_mul/GEN_ARRAY.u_mul/u_csa_row0/GEN_CSA_FA[1].u_fa/result[6]_INST_0_i_12/O
                         net (fo=3, routed)           0.205    25.397    GEN_BRAM.u_core/alu/u_mul/u_mul/GEN_ARRAY.u_mul/u_csa_row0/GEN_CSA_FA[1].u_fa/u_final_cpa/c_37
    SLICE_X7Y16          LUT6 (Prop_lut6_I4_O)        0.053    25.450 r  GEN_BRAM.u_core/alu/u_mul/u_mul/GEN_ARRAY.u_mul/u_csa_row0/GEN_CSA_FA[1].u_fa/result[8]_INST_0_i_13/O
                         net (fo=3, routed)           0.405    25.856    GEN_BRAM.u_core/alu/u_mul/u_mul/GEN_ARRAY.u_mul/u_csa_row0/GEN_CSA_FA[1].u_fa/u_final_cpa/c_39
    SLICE_X9Y17          LUT6 (Prop_lut6_I4_O)        0.053    25.909 r  GEN_BRAM.u_core/alu/u_mul/u_mul/GEN_ARRAY.u_mul/u_csa_row0/GEN_CSA_FA[1].u_fa/result[10]_INST_0_i_12/O
                         net (fo=3, routed)           0.311    26.220    GEN_BRAM.u_core/alu/u_mul/u_mul/GEN_ARRAY.u_mul/u_csa_row0/GEN_CSA_FA[1].u_fa/u_final_cpa/c_41
    SLICE_X9Y18          LUT6 (Prop_lut6_I4_O)        0.053    26.273 r  GEN_BRAM.u_core/alu/u_mul/u_mul/GEN_ARRAY.u_mul/u_csa_row0/GEN_CSA_FA[1].u_fa/result[12]_INST_0_i_13/O
                         net (fo=3, routed)           0.138    26.411    GEN_BRAM.u_core/alu/u_mul/u_mul/GEN_ARRAY.u_mul/u_csa_row0/GEN_CSA_FA[1].u_fa/u_final_cpa/c_43
    SLICE_X9Y18          LUT6 (Prop_lut6_I4_O)        0.053    26.464 r  GEN_BRAM.u_core/alu/u_mul/u_mul/GEN_ARRAY.u_mul/u_csa_row0/GEN_CSA_FA[1].u_fa/result[14]_INST_0_i_12/O
                         net (fo=3, routed)           0.278    26.742    GEN_BRAM.u_core/alu/u_mul/u_mul/GEN_ARRAY.u_mul/u_csa_row0/GEN_CSA_FA[1].u_fa/u_final_cpa/c_45
    SLICE_X10Y19         LUT6 (Prop_lut6_I4_O)        0.053    26.795 r  GEN_BRAM.u_core/alu/u_mul/u_mul/GEN_ARRAY.u_mul/u_csa_row0/GEN_CSA_FA[1].u_fa/result[16]_INST_0_i_13/O
                         net (fo=3, routed)           0.318    27.113    GEN_BRAM.u_core/alu/u_mul/u_mul/GEN_ARRAY.u_mul/u_csa_row0/GEN_CSA_FA[1].u_fa/u_final_cpa/c_47
    SLICE_X10Y20         LUT6 (Prop_lut6_I4_O)        0.053    27.166 r  GEN_BRAM.u_core/alu/u_mul/u_mul/GEN_ARRAY.u_mul/u_csa_row0/GEN_CSA_FA[1].u_fa/result[18]_INST_0_i_12/O
                         net (fo=3, routed)           0.222    27.388    GEN_BRAM.u_core/alu/u_mul/u_mul/GEN_ARRAY.u_mul/u_csa_row0/GEN_CSA_FA[1].u_fa/u_final_cpa/c_49
    SLICE_X10Y20         LUT6 (Prop_lut6_I4_O)        0.053    27.441 r  GEN_BRAM.u_core/alu/u_mul/u_mul/GEN_ARRAY.u_mul/u_csa_row0/GEN_CSA_FA[1].u_fa/result[20]_INST_0_i_13/O
                         net (fo=3, routed)           0.323    27.764    GEN_BRAM.u_core/alu/u_mul/u_mul/GEN_ARRAY.u_mul/u_csa_row0/GEN_CSA_FA[1].u_fa/u_final_cpa/c_51
    SLICE_X10Y21         LUT6 (Prop_lut6_I4_O)        0.053    27.817 r  GEN_BRAM.u_core/alu/u_mul/u_mul/GEN_ARRAY.u_mul/u_csa_row0/GEN_CSA_FA[1].u_fa/result[22]_INST_0_i_12/O
                         net (fo=3, routed)           0.146    27.963    GEN_BRAM.u_core/alu/u_mul/u_mul/GEN_ARRAY.u_mul/u_csa_row0/GEN_CSA_FA[1].u_fa/u_final_cpa/c_53
    SLICE_X10Y21         LUT6 (Prop_lut6_I4_O)        0.053    28.016 r  GEN_BRAM.u_core/alu/u_mul/u_mul/GEN_ARRAY.u_mul/u_csa_row0/GEN_CSA_FA[1].u_fa/result[24]_INST_0_i_13/O
                         net (fo=3, routed)           0.255    28.271    GEN_BRAM.u_core/alu/u_mul/u_mul/GEN_ARRAY.u_mul/u_csa_row0/GEN_CSA_FA[1].u_fa/u_final_cpa/c_55
    SLICE_X10Y22         LUT6 (Prop_lut6_I4_O)        0.053    28.324 r  GEN_BRAM.u_core/alu/u_mul/u_mul/GEN_ARRAY.u_mul/u_csa_row0/GEN_CSA_FA[1].u_fa/result[26]_INST_0_i_12/O
                         net (fo=3, routed)           0.222    28.545    GEN_BRAM.u_core/alu/u_mul/u_mul/GEN_ARRAY.u_mul/u_csa_row0/GEN_CSA_FA[1].u_fa/u_final_cpa/c_57
    SLICE_X10Y22         LUT6 (Prop_lut6_I4_O)        0.053    28.598 r  GEN_BRAM.u_core/alu/u_mul/u_mul/GEN_ARRAY.u_mul/u_csa_row0/GEN_CSA_FA[1].u_fa/result[28]_INST_0_i_13/O
                         net (fo=3, routed)           0.254    28.853    GEN_BRAM.u_core/alu/u_mul/u_mul/GEN_ARRAY.u_mul/u_csa_row0/GEN_CSA_FA[1].u_fa/u_final_cpa/c_59
    SLICE_X9Y22          LUT6 (Prop_lut6_I4_O)        0.053    28.906 r  GEN_BRAM.u_core/alu/u_mul/u_mul/GEN_ARRAY.u_mul/u_csa_row0/GEN_CSA_FA[1].u_fa/result[31]_INST_0_i_13/O
                         net (fo=3, routed)           0.323    29.228    GEN_BRAM.u_core/alu/u_mul/u_mul/GEN_ARRAY.u_mul/u_csa_row0/GEN_CSA_FA[1].u_fa/u_final_cpa/c_61
    SLICE_X8Y23          LUT5 (Prop_lut5_I4_O)        0.053    29.281 r  GEN_BRAM.u_core/alu/u_mul/u_mul/GEN_ARRAY.u_mul/u_csa_row0/GEN_CSA_FA[1].u_fa/result[29]_INST_0_i_2/O
                         net (fo=2, routed)           0.000    29.281    GEN_BRAM.u_core/alu/u_mul/u_mul/GEN_ARRAY.u_mul/u_csa_row0/GEN_CSA_FA[1].u_fa/p_0_in[61]
    SLICE_X8Y23          CARRY4 (Prop_carry4_S[0]_O[1])
                                                      0.271    29.552 r  GEN_BRAM.u_core/alu/u_mul/u_mul/GEN_ARRAY.u_mul/u_csa_row0/GEN_CSA_FA[1].u_fa/result[31]_INST_0_i_6/O[1]
                         net (fo=1, routed)           0.276    29.828    GEN_BRAM.u_core/alu/u_mul/u_mul/GEN_ARRAY.u_mul/u_csa_row0/GEN_CSA_FA[1].u_fa/signed_product0[62]
    SLICE_X9Y23          LUT6 (Prop_lut6_I5_O)        0.155    29.983 r  GEN_BRAM.u_core/alu/u_mul/u_mul/GEN_ARRAY.u_mul/u_csa_row0/GEN_CSA_FA[1].u_fa/result[30]_INST_0/O
                         net (fo=1, routed)           0.239    30.222    GEN_BRAM.u_core/reg_file/result[26]
    SLICE_X11Y23         LUT6 (Prop_lut6_I2_O)        0.053    30.275 r  GEN_BRAM.u_core/reg_file/debug_alu_out_OBUF[30]_inst_i_4/O
                         net (fo=1, routed)           0.128    30.404    GEN_BRAM.u_core/reg_file/debug_alu_out_OBUF[30]_inst_i_4_n_0
    SLICE_X11Y23         LUT6 (Prop_lut6_I5_O)        0.053    30.457 r  GEN_BRAM.u_core/reg_file/debug_alu_out_OBUF[30]_inst_i_1/O
                         net (fo=3, routed)           0.142    30.599    GEN_BRAM.u_core/wb_mux/debug_alu_out_OBUF[30]
    SLICE_X11Y23         LUT6 (Prop_lut6_I0_O)        0.053    30.652 r  GEN_BRAM.u_core/wb_mux/registers_reg_r1_0_31_30_31_i_3/O
                         net (fo=1, routed)           0.357    31.008    GEN_BRAM.u_core/divider/wb_exec[30]
    SLICE_X11Y24         LUT6 (Prop_lut6_I5_O)        0.053    31.061 r  GEN_BRAM.u_core/divider/registers_reg_r1_0_31_30_31_i_1/O
                         net (fo=4, routed)           0.268    31.329    GEN_BRAM.u_core/reg_file/registers_reg_r2_0_31_30_31/D
    SLICE_X12Y24         RAMD32                                       r  GEN_BRAM.u_core/reg_file/registers_reg_r2_0_31_30_31/SP/I
  -------------------------------------------------------------------    -------------------

                         (clock sys_clk rise edge)   30.000    30.000 r  
    AD23                                              0.000    30.000 r  clk (IN)
                         net (fo=0)                   0.000    30.000    clk
    AD23                 IBUF (Prop_ibuf_I_O)         0.796    30.796 r  clk_IBUF_inst/O
                         net (fo=1, routed)           1.741    32.537    clk_IBUF
    BUFGCTRL_X0Y0        BUFG (Prop_bufg_I_O)         0.113    32.650 r  clk_IBUF_BUFG_inst/O
                         net (fo=350, routed)         1.528    34.178    GEN_BRAM.u_core/reg_file/registers_reg_r2_0_31_30_31/WCLK
    SLICE_X12Y24         RAMD32                                       r  GEN_BRAM.u_core/reg_file/registers_reg_r2_0_31_30_31/SP/CLK
                         clock pessimism              0.263    34.442    
                         clock uncertainty           -0.035    34.406    
    SLICE_X12Y24         RAMD32 (Setup_ramd32_CLK_I)
                                                     -0.129    34.277    GEN_BRAM.u_core/reg_file/registers_reg_r2_0_31_30_31/SP
  -------------------------------------------------------------------
                         required time                         34.277    
                         arrival time                         -31.329    
  -------------------------------------------------------------------
                         slack                                  2.948    

Slack (MET) :             2.985ns  (required time - arrival time)
  Source:                 GEN_BRAM.u_core/ir_reg[2]/C
                            (rising edge-triggered cell FDCE clocked by sys_clk  {rise@0.000ns fall@15.000ns period=30.000ns})
  Destination:            GEN_BRAM.u_core/reg_file/registers_reg_r2_0_31_24_29/RAMB/I
                            (rising edge-triggered cell RAMD32 clocked by sys_clk  {rise@0.000ns fall@15.000ns period=30.000ns})
  Path Group:             sys_clk
  Path Type:              Setup (Max at Slow Process Corner)
  Requirement:            30.000ns  (sys_clk rise@30.000ns - sys_clk rise@0.000ns)
  Data Path Delay:        26.888ns  (logic 4.213ns (15.668%)  route 22.675ns (84.332%))
  Logic Levels:           53  (CARRY4=2 LUT3=12 LUT4=1 LUT5=19 LUT6=19)
  Clock Path Skew:        0.038ns (DCD - SCD + CPR)
    Destination Clock Delay (DCD):    4.243ns = ( 34.243 - 30.000 ) 
    Source Clock Delay      (SCD):    4.462ns
    Clock Pessimism Removal (CPR):    0.256ns
  Clock Uncertainty:      0.035ns  ((TSJ^2 + TIJ^2)^1/2 + DJ) / 2 + PE
    Total System Jitter     (TSJ):    0.071ns
    Total Input Jitter      (TIJ):    0.000ns
    Discrete Jitter          (DJ):    0.000ns
    Phase Error              (PE):    0.000ns

    Location             Delay type                Incr(ns)  Path(ns)    Netlist Resource(s)
  -------------------------------------------------------------------    -------------------
                         (clock sys_clk rise edge)    0.000     0.000 r  
    AD23                                              0.000     0.000 r  clk (IN)
                         net (fo=0)                   0.000     0.000    clk
    AD23                 IBUF (Prop_ibuf_I_O)         0.873     0.873 r  clk_IBUF_inst/O
                         net (fo=1, routed)           1.830     2.703    clk_IBUF
    BUFGCTRL_X0Y0        BUFG (Prop_bufg_I_O)         0.120     2.823 r  clk_IBUF_BUFG_inst/O
                         net (fo=350, routed)         1.639     4.462    GEN_BRAM.u_core/clk_IBUF_BUFG
    SLICE_X15Y23         FDCE                                         r  GEN_BRAM.u_core/ir_reg[2]/C
  -------------------------------------------------------------------    -------------------
    SLICE_X15Y23         FDCE (Prop_fdce_C_Q)         0.269     4.731 r  GEN_BRAM.u_core/ir_reg[2]/Q
                         net (fo=24, routed)          0.633     5.364    GEN_BRAM.u_core/reg_file/Q[1]
    SLICE_X14Y24         LUT5 (Prop_lut5_I0_O)        0.053     5.417 r  GEN_BRAM.u_core/reg_file/registers_reg_r1_0_31_0_5_i_25/O
                         net (fo=56, routed)          0.733     6.150    GEN_BRAM.u_core/imm_gen/u_mul_i_32
    SLICE_X12Y20         LUT6 (Prop_lut6_I4_O)        0.053     6.203 f  GEN_BRAM.u_core/imm_gen/u_mul_i_68/O
                         net (fo=1, routed)           0.331     6.534    GEN_BRAM.u_core/alu_mux_b/imm[0]
    SLICE_X12Y20         LUT4 (Prop_lut4_I0_O)        0.053     6.587 r  GEN_BRAM.u_core/alu_mux_b/u_mul_i_32/O
                         net (fo=136, routed)         0.614     7.201    GEN_BRAM.u_core/alu/u_mul/u_mul/GEN_ARRAY.u_mul/u_csa_row0/GEN_CSA_FA[1].u_fa/result[4]_INST_0_i_22_n_0
    SLICE_X13Y19         CARRY4 (Prop_carry4_CYINIT_O[1])
                                                      0.390     7.591 r  GEN_BRAM.u_core/alu/u_mul/u_mul/GEN_ARRAY.u_mul/u_csa_row0/GEN_CSA_FA[1].u_fa/result[4]_INST_0_i_6/O[1]
                         net (fo=32, routed)          0.752     8.343    GEN_BRAM.u_core/alu/u_mul/u_mul/GEN_ARRAY.u_mul/u_csa_row0/GEN_CSA_FA[1].u_fa/mag_b0[2]
    SLICE_X18Y21         LUT6 (Prop_lut6_I3_O)        0.152     8.495 r  GEN_BRAM.u_core/alu/u_mul/u_mul/GEN_ARRAY.u_mul/u_csa_row0/GEN_CSA_FA[1].u_fa/result[14]_INST_0_i_132/O
                         net (fo=2, routed)           0.579     9.074    GEN_BRAM.u_core/alu/u_mul/u_mul/GEN_ARRAY.u_mul/u_csa_row0/GEN_CSA_FA[1].u_fa/pp[2]_91[14]
    SLICE_X18Y21         LUT6 (Prop_lut6_I5_O)        0.053     9.127 r  GEN_BRAM.u_core/alu/u_mul/u_mul/GEN_ARRAY.u_mul/u_csa_row0/GEN_CSA_FA[1].u_fa/result[16]_INST_0_i_144/O
                         net (fo=3, routed)           0.575     9.702    GEN_BRAM.u_core/alu/u_mul/u_mul/GEN_ARRAY.u_mul/u_csa_row0/GEN_CSA_FA[1].u_fa/stage_carry[0]_58[15]
    SLICE_X18Y20         LUT5 (Prop_lut5_I0_O)        0.053     9.755 r  GEN_BRAM.u_core/alu/u_mul/u_mul/GEN_ARRAY.u_mul/u_csa_row0/GEN_CSA_FA[1].u_fa/result[16]_INST_0_i_125/O
                         net (fo=3, routed)           0.366    10.121    GEN_BRAM.u_core/alu/u_mul/u_mul/GEN_ARRAY.u_mul/u_csa_row0/GEN_CSA_FA[1].u_fa/stage_sum[2]_42[15]
    SLICE_X18Y19         LUT3 (Prop_lut3_I1_O)        0.053    10.174 r  GEN_BRAM.u_core/alu/u_mul/u_mul/GEN_ARRAY.u_mul/u_csa_row0/GEN_CSA_FA[1].u_fa/result[16]_INST_0_i_132/O
                         net (fo=2, routed)           0.635    10.809    GEN_BRAM.u_core/alu/u_mul/u_mul/GEN_ARRAY.u_mul/u_csa_row0/GEN_CSA_FA[1].u_fa/stage_carry[3]_44[16]
    SLICE_X19Y19         LUT5 (Prop_lut5_I3_O)        0.053    10.862 r  GEN_BRAM.u_core/alu/u_mul/u_mul/GEN_ARRAY.u_mul/u_csa_row0/GEN_CSA_FA[1].u_fa/result[18]_INST_0_i_109/O
                         net (fo=3, routed)           0.588    11.450    GEN_BRAM.u_core/alu/u_mul/u_mul/GEN_ARRAY.u_mul/u_csa_row0/GEN_CSA_FA[1].u_fa/stage_carry[4]_2[17]
    SLICE_X17Y14         LUT3 (Prop_lut3_I0_O)        0.053    11.503 r  GEN_BRAM.u_core/alu/u_mul/u_mul/GEN_ARRAY.u_mul/u_csa_row0/GEN_CSA_FA[1].u_fa/result[18]_INST_0_i_117/O
                         net (fo=2, routed)           0.626    12.129    GEN_BRAM.u_core/alu/u_mul/u_mul/GEN_ARRAY.u_mul/u_csa_row0/GEN_CSA_FA[1].u_fa/stage_carry[5]_45[18]
    SLICE_X14Y9          LUT5 (Prop_lut5_I3_O)        0.053    12.182 r  GEN_BRAM.u_core/alu/u_mul/u_mul/GEN_ARRAY.u_mul/u_csa_row0/GEN_CSA_FA[1].u_fa/result[20]_INST_0_i_124/O
                         net (fo=3, routed)           0.516    12.698    GEN_BRAM.u_core/alu/u_mul/u_mul/GEN_ARRAY.u_mul/u_csa_row0/GEN_CSA_FA[1].u_fa/stage_carry[6]_4[19]
    SLICE_X13Y8          LUT3 (Prop_lut3_I0_O)        0.053    12.751 r  GEN_BRAM.u_core/alu/u_mul/u_mul/GEN_ARRAY.u_mul/u_csa_row0/GEN_CSA_FA[1].u_fa/result[20]_INST_0_i_132/O
                         net (fo=2, routed)           0.421    13.172    GEN_BRAM.u_core/alu/u_mul/u_mul/GEN_ARRAY.u_mul/u_csa_row0/GEN_CSA_FA[1].u_fa/stage_carry[7]_46[20]
    SLICE_X13Y6          LUT5 (Prop_lut5_I3_O)        0.053    13.225 r  GEN_BRAM.u_core/alu/u_mul/u_mul/GEN_ARRAY.u_mul/u_csa_row0/GEN_CSA_FA[1].u_fa/result[22]_INST_0_i_104/O
                         net (fo=3, routed)           0.482    13.707    GEN_BRAM.u_core/alu/u_mul/u_mul/GEN_ARRAY.u_mul/u_csa_row0/GEN_CSA_FA[1].u_fa/stage_carry[8]_6[21]
    SLICE_X11Y5          LUT3 (Prop_lut3_I0_O)        0.053    13.760 r  GEN_BRAM.u_core/alu/u_mul/u_mul/GEN_ARRAY.u_mul/u_csa_row0/GEN_CSA_FA[1].u_fa/result[22]_INST_0_i_112/O
                         net (fo=2, routed)           0.311    14.072    GEN_BRAM.u_core/alu/u_mul/u_mul/GEN_ARRAY.u_mul/u_csa_row0/GEN_CSA_FA[1].u_fa/stage_carry[9]_47[22]
    SLICE_X11Y3          LUT5 (Prop_lut5_I3_O)        0.053    14.125 r  GEN_BRAM.u_core/alu/u_mul/u_mul/GEN_ARRAY.u_mul/u_csa_row0/GEN_CSA_FA[1].u_fa/result[24]_INST_0_i_109/O
                         net (fo=3, routed)           0.457    14.582    GEN_BRAM.u_core/alu/u_mul/u_mul/GEN_ARRAY.u_mul/u_csa_row0/GEN_CSA_FA[1].u_fa/stage_carry[10]_8[23]
    SLICE_X11Y2          LUT3 (Prop_lut3_I0_O)        0.053    14.635 r  GEN_BRAM.u_core/alu/u_mul/u_mul/GEN_ARRAY.u_mul/u_csa_row0/GEN_CSA_FA[1].u_fa/result[24]_INST_0_i_117/O
                         net (fo=2, routed)           0.374    15.009    GEN_BRAM.u_core/alu/u_mul/u_mul/GEN_ARRAY.u_mul/u_csa_row0/GEN_CSA_FA[1].u_fa/stage_carry[11]_48[24]
    SLICE_X10Y2          LUT5 (Prop_lut5_I3_O)        0.053    15.062 r  GEN_BRAM.u_core/alu/u_mul/u_mul/GEN_ARRAY.u_mul/u_csa_row0/GEN_CSA_FA[1].u_fa/result[24]_INST_0_i_105/O
                         net (fo=3, routed)           0.630    15.693    GEN_BRAM.u_core/alu/u_mul/u_mul/GEN_ARRAY.u_mul/u_csa_row0/GEN_CSA_FA[1].u_fa/stage_sum[12]_37[24]
    SLICE_X9Y3           LUT5 (Prop_lut5_I1_O)        0.053    15.746 r  GEN_BRAM.u_core/alu/u_mul/u_mul/GEN_ARRAY.u_mul/u_csa_row0/GEN_CSA_FA[1].u_fa/result[26]_INST_0_i_74/O
                         net (fo=3, routed)           0.592    16.337    GEN_BRAM.u_core/alu/u_mul/u_mul/GEN_ARRAY.u_mul/u_csa_row0/GEN_CSA_FA[1].u_fa/stage_carry[14]_12[25]
    SLICE_X4Y1           LUT3 (Prop_lut3_I0_O)        0.053    16.390 r  GEN_BRAM.u_core/alu/u_mul/u_mul/GEN_ARRAY.u_mul/u_csa_row0/GEN_CSA_FA[1].u_fa/result[26]_INST_0_i_82/O
                         net (fo=2, routed)           0.323    16.713    GEN_BRAM.u_core/alu/u_mul/u_mul/GEN_ARRAY.u_mul/u_csa_row0/GEN_CSA_FA[1].u_fa/stage_carry[15]_50[26]
    SLICE_X4Y0           LUT5 (Prop_lut5_I3_O)        0.053    16.766 r  GEN_BRAM.u_core/alu/u_mul/u_mul/GEN_ARRAY.u_mul/u_csa_row0/GEN_CSA_FA[1].u_fa/result[26]_INST_0_i_70/O
                         net (fo=3, routed)           0.392    17.158    GEN_BRAM.u_core/alu/u_mul/u_mul/GEN_ARRAY.u_mul/u_csa_row0/GEN_CSA_FA[1].u_fa/stage_sum[16]_35[26]
    SLICE_X2Y3           LUT3 (Prop_lut3_I1_O)        0.053    17.211 r  GEN_BRAM.u_core/alu/u_mul/u_mul/GEN_ARRAY.u_mul/u_csa_row0/GEN_CSA_FA[1].u_fa/result[28]_INST_0_i_82/O
                         net (fo=2, routed)           0.467    17.679    GEN_BRAM.u_core/alu/u_mul/u_mul/GEN_ARRAY.u_mul/u_csa_row0/GEN_CSA_FA[1].u_fa/stage_carry[17]_51[27]
    SLICE_X2Y3           LUT5 (Prop_lut5_I3_O)        0.053    17.732 r  GEN_BRAM.u_core/alu/u_mul/u_mul/GEN_ARRAY.u_mul/u_csa_row0/GEN_CSA_FA[1].u_fa/result[28]_INST_0_i_70/O
                         net (fo=3, routed)           0.157    17.889    GEN_BRAM.u_core/alu/u_mul/u_mul/GEN_ARRAY.u_mul/u_csa_row0/GEN_CSA_FA[1].u_fa/stage_sum[18]_34[27]
    SLICE_X2Y3           LUT3 (Prop_lut3_I1_O)        0.053    17.942 r  GEN_BRAM.u_core/alu/u_mul/u_mul/GEN_ARRAY.u_mul/u_csa_row0/GEN_CSA_FA[1].u_fa/result[28]_INST_0_i_77/O
                         net (fo=2, routed)           0.433    18.375    GEN_BRAM.u_core/alu/u_mul/u_mul/GEN_ARRAY.u_mul/u_csa_row0/GEN_CSA_FA[1].u_fa/stage_carry[19]_52[28]
    SLICE_X2Y1           LUT5 (Prop_lut5_I3_O)        0.053    18.428 r  GEN_BRAM.u_core/alu/u_mul/u_mul/GEN_ARRAY.u_mul/u_csa_row0/GEN_CSA_FA[1].u_fa/result[28]_INST_0_i_65/O
                         net (fo=3, routed)           0.603    19.030    GEN_BRAM.u_core/alu/u_mul/u_mul/GEN_ARRAY.u_mul/u_csa_row0/GEN_CSA_FA[1].u_fa/stage_sum[20]_33[28]
    SLICE_X0Y6           LUT3 (Prop_lut3_I1_O)        0.053    19.083 r  GEN_BRAM.u_core/alu/u_mul/u_mul/GEN_ARRAY.u_mul/u_csa_row0/GEN_CSA_FA[1].u_fa/result[30]_INST_0_i_41/O
                         net (fo=2, routed)           0.352    19.436    GEN_BRAM.u_core/alu/u_mul/u_mul/GEN_ARRAY.u_mul/u_csa_row0/GEN_CSA_FA[1].u_fa/stage_carry[21]_53[29]
    SLICE_X1Y3           LUT5 (Prop_lut5_I3_O)        0.053    19.489 r  GEN_BRAM.u_core/alu/u_mul/u_mul/GEN_ARRAY.u_mul/u_csa_row0/GEN_CSA_FA[1].u_fa/result[30]_INST_0_i_29/O
                         net (fo=3, routed)           0.436    19.925    GEN_BRAM.u_core/alu/u_mul/u_mul/GEN_ARRAY.u_mul/u_csa_row0/GEN_CSA_FA[1].u_fa/stage_sum[22]_32[29]
    SLICE_X0Y6           LUT3 (Prop_lut3_I1_O)        0.053    19.978 r  GEN_BRAM.u_core/alu/u_mul/u_mul/GEN_ARRAY.u_mul/u_csa_row0/GEN_CSA_FA[1].u_fa/result[30]_INST_0_i_36/O
                         net (fo=2, routed)           0.433    20.411    GEN_BRAM.u_core/alu/u_mul/u_mul/GEN_ARRAY.u_mul/u_csa_row0/GEN_CSA_FA[1].u_fa/stage_carry[23]_54[30]
    SLICE_X3Y5           LUT5 (Prop_lut5_I3_O)        0.053    20.464 r  GEN_BRAM.u_core/alu/u_mul/u_mul/GEN_ARRAY.u_mul/u_csa_row0/GEN_CSA_FA[1].u_fa/result[30]_INST_0_i_23/O
                         net (fo=3, routed)           0.482    20.946    GEN_BRAM.u_core/alu/u_mul/u_mul/GEN_ARRAY.u_mul/u_csa_row0/GEN_CSA_FA[1].u_fa/stage_sum[24]_31[30]
    SLICE_X4Y8           LUT3 (Prop_lut3_I1_O)        0.053    20.999 r  GEN_BRAM.u_core/alu/u_mul/u_mul/GEN_ARRAY.u_mul/u_csa_row0/GEN_CSA_FA[1].u_fa/result[31]_INST_0_i_41/O
                         net (fo=2, routed)           0.371    21.370    GEN_BRAM.u_core/alu/u_mul/u_mul/GEN_ARRAY.u_mul/u_csa_row0/GEN_CSA_FA[1].u_fa/stage_carry[25]_55[31]
    SLICE_X4Y6           LUT5 (Prop_lut5_I3_O)        0.053    21.423 r  GEN_BRAM.u_core/alu/u_mul/u_mul/GEN_ARRAY.u_mul/u_csa_row0/GEN_CSA_FA[1].u_fa/result[31]_INST_0_i_31/O
                         net (fo=3, routed)           0.453    21.876    GEN_BRAM.u_core/alu/u_mul/u_mul/GEN_ARRAY.u_mul/u_csa_row0/GEN_CSA_FA[1].u_fa/stage_sum[26]_30[31]
    SLICE_X7Y9           LUT3 (Prop_lut3_I1_O)        0.053    21.929 r  GEN_BRAM.u_core/alu/u_mul/u_mul/GEN_ARRAY.u_mul/u_csa_row0/GEN_CSA_FA[1].u_fa/result[2]_INST_0_i_22/O
                         net (fo=3, routed)           0.617    22.545    GEN_BRAM.u_core/alu/u_mul/u_mul/GEN_ARRAY.u_mul/u_csa_row0/GEN_CSA_FA[1].u_fa/stage_carry[27]_56[32]
    SLICE_X9Y9           LUT5 (Prop_lut5_I0_O)        0.053    22.598 r  GEN_BRAM.u_core/alu/u_mul/u_mul/GEN_ARRAY.u_mul/u_csa_row0/GEN_CSA_FA[1].u_fa/result[1]_INST_0_i_4/O
                         net (fo=4, routed)           0.721    23.319    GEN_BRAM.u_core/alu/u_mul/u_mul/GEN_ARRAY.u_mul/u_csa_row0/GEN_CSA_FA[1].u_fa/stage_sum[29]_57[32]
    SLICE_X8Y15          LUT5 (Prop_lut5_I4_O)        0.065    23.384 r  GEN_BRAM.u_core/alu/u_mul/u_mul/GEN_ARRAY.u_mul/u_csa_row0/GEN_CSA_FA[1].u_fa/result[1]_INST_0_i_6/O
                         net (fo=2, routed)           0.306    23.690    GEN_BRAM.u_core/alu/u_mul/u_mul/GEN_ARRAY.u_mul/u_csa_row0/GEN_CSA_FA[1].u_fa/u_final_cpa/GEN_FINAL_FA[32].u_fa/c2
    SLICE_X8Y16          LUT5 (Prop_lut5_I2_O)        0.171    23.861 r  GEN_BRAM.u_core/alu/u_mul/u_mul/GEN_ARRAY.u_mul/u_csa_row0/GEN_CSA_FA[1].u_fa/result[2]_INST_0_i_9/O
                         net (fo=2, routed)           0.586    24.447    GEN_BRAM.u_core/alu/u_mul/u_mul/GEN_ARRAY.u_mul/u_csa_row0/GEN_CSA_FA[1].u_fa/u_final_cpa/GEN_FINAL_FA[33].u_fa/c2
    SLICE_X8Y16          LUT5 (Prop_lut5_I2_O)        0.183    24.630 r  GEN_BRAM.u_core/alu/u_mul/u_mul/GEN_ARRAY.u_mul/u_csa_row0/GEN_CSA_FA[1].u_fa/result[4]_INST_0_i_14/O
                         net (fo=3, routed)           0.391    25.021    GEN_BRAM.u_core/alu/u_mul/u_mul/GEN_ARRAY.u_mul/u_csa_row0/GEN_CSA_FA[1].u_fa/u_final_cpa/c_35
    SLICE_X7Y16          LUT6 (Prop_lut6_I4_O)        0.172    25.193 r  GEN_BRAM.u_core/alu/u_mul/u_mul/GEN_ARRAY.u_mul/u_csa_row0/GEN_CSA_FA[1].u_fa/result[6]_INST_0_i_12/O
                         net (fo=3, routed)           0.205    25.397    GEN_BRAM.u_core/alu/u_mul/u_mul/GEN_ARRAY.u_mul/u_csa_row0/GEN_CSA_FA[1].u_fa/u_final_cpa/c_37
    SLICE_X7Y16          LUT6 (Prop_lut6_I4_O)        0.053    25.450 r  GEN_BRAM.u_core/alu/u_mul/u_mul/GEN_ARRAY.u_mul/u_csa_row0/GEN_CSA_FA[1].u_fa/result[8]_INST_0_i_13/O
                         net (fo=3, routed)           0.405    25.856    GEN_BRAM.u_core/alu/u_mul/u_mul/GEN_ARRAY.u_mul/u_csa_row0/GEN_CSA_FA[1].u_fa/u_final_cpa/c_39
    SLICE_X9Y17          LUT6 (Prop_lut6_I4_O)        0.053    25.909 r  GEN_BRAM.u_core/alu/u_mul/u_mul/GEN_ARRAY.u_mul/u_csa_row0/GEN_CSA_FA[1].u_fa/result[10]_INST_0_i_12/O
                         net (fo=3, routed)           0.311    26.220    GEN_BRAM.u_core/alu/u_mul/u_mul/GEN_ARRAY.u_mul/u_csa_row0/GEN_CSA_FA[1].u_fa/u_final_cpa/c_41
    SLICE_X9Y18          LUT6 (Prop_lut6_I4_O)        0.053    26.273 r  GEN_BRAM.u_core/alu/u_mul/u_mul/GEN_ARRAY.u_mul/u_csa_row0/GEN_CSA_FA[1].u_fa/result[12]_INST_0_i_13/O
                         net (fo=3, routed)           0.138    26.411    GEN_BRAM.u_core/alu/u_mul/u_mul/GEN_ARRAY.u_mul/u_csa_row0/GEN_CSA_FA[1].u_fa/u_final_cpa/c_43
    SLICE_X9Y18          LUT6 (Prop_lut6_I4_O)        0.053    26.464 r  GEN_BRAM.u_core/alu/u_mul/u_mul/GEN_ARRAY.u_mul/u_csa_row0/GEN_CSA_FA[1].u_fa/result[14]_INST_0_i_12/O
                         net (fo=3, routed)           0.278    26.742    GEN_BRAM.u_core/alu/u_mul/u_mul/GEN_ARRAY.u_mul/u_csa_row0/GEN_CSA_FA[1].u_fa/u_final_cpa/c_45
    SLICE_X10Y19         LUT6 (Prop_lut6_I4_O)        0.053    26.795 r  GEN_BRAM.u_core/alu/u_mul/u_mul/GEN_ARRAY.u_mul/u_csa_row0/GEN_CSA_FA[1].u_fa/result[16]_INST_0_i_13/O
                         net (fo=3, routed)           0.318    27.113    GEN_BRAM.u_core/alu/u_mul/u_mul/GEN_ARRAY.u_mul/u_csa_row0/GEN_CSA_FA[1].u_fa/u_final_cpa/c_47
    SLICE_X10Y20         LUT6 (Prop_lut6_I4_O)        0.053    27.166 r  GEN_BRAM.u_core/alu/u_mul/u_mul/GEN_ARRAY.u_mul/u_csa_row0/GEN_CSA_FA[1].u_fa/result[18]_INST_0_i_12/O
                         net (fo=3, routed)           0.222    27.388    GEN_BRAM.u_core/alu/u_mul/u_mul/GEN_ARRAY.u_mul/u_csa_row0/GEN_CSA_FA[1].u_fa/u_final_cpa/c_49
    SLICE_X10Y20         LUT6 (Prop_lut6_I4_O)        0.053    27.441 r  GEN_BRAM.u_core/alu/u_mul/u_mul/GEN_ARRAY.u_mul/u_csa_row0/GEN_CSA_FA[1].u_fa/result[20]_INST_0_i_13/O
                         net (fo=3, routed)           0.323    27.764    GEN_BRAM.u_core/alu/u_mul/u_mul/GEN_ARRAY.u_mul/u_csa_row0/GEN_CSA_FA[1].u_fa/u_final_cpa/c_51
    SLICE_X10Y21         LUT6 (Prop_lut6_I4_O)        0.053    27.817 r  GEN_BRAM.u_core/alu/u_mul/u_mul/GEN_ARRAY.u_mul/u_csa_row0/GEN_CSA_FA[1].u_fa/result[22]_INST_0_i_12/O
                         net (fo=3, routed)           0.146    27.963    GEN_BRAM.u_core/alu/u_mul/u_mul/GEN_ARRAY.u_mul/u_csa_row0/GEN_CSA_FA[1].u_fa/u_final_cpa/c_53
    SLICE_X10Y21         LUT6 (Prop_lut6_I4_O)        0.053    28.016 r  GEN_BRAM.u_core/alu/u_mul/u_mul/GEN_ARRAY.u_mul/u_csa_row0/GEN_CSA_FA[1].u_fa/result[24]_INST_0_i_13/O
                         net (fo=3, routed)           0.255    28.271    GEN_BRAM.u_core/alu/u_mul/u_mul/GEN_ARRAY.u_mul/u_csa_row0/GEN_CSA_FA[1].u_fa/u_final_cpa/c_55
    SLICE_X10Y22         LUT6 (Prop_lut6_I4_O)        0.053    28.324 r  GEN_BRAM.u_core/alu/u_mul/u_mul/GEN_ARRAY.u_mul/u_csa_row0/GEN_CSA_FA[1].u_fa/result[26]_INST_0_i_12/O
                         net (fo=3, routed)           0.371    28.695    GEN_BRAM.u_core/alu/u_mul/u_mul/GEN_ARRAY.u_mul/u_csa_row0/GEN_CSA_FA[1].u_fa/u_final_cpa/c_57
    SLICE_X8Y22          LUT5 (Prop_lut5_I4_O)        0.053    28.748 r  GEN_BRAM.u_core/alu/u_mul/u_mul/GEN_ARRAY.u_mul/u_csa_row0/GEN_CSA_FA[1].u_fa/result[25]_INST_0_i_2/O
                         net (fo=2, routed)           0.000    28.748    GEN_BRAM.u_core/alu/u_mul/u_mul/GEN_ARRAY.u_mul/u_csa_row0/GEN_CSA_FA[1].u_fa/p_0_in[57]
    SLICE_X8Y22          CARRY4 (Prop_carry4_S[0]_O[1])
                                                      0.271    29.019 r  GEN_BRAM.u_core/alu/u_mul/u_mul/GEN_ARRAY.u_mul/u_csa_row0/GEN_CSA_FA[1].u_fa/result[28]_INST_0_i_4/O[1]
                         net (fo=1, routed)           0.276    29.295    GEN_BRAM.u_core/alu/u_mul/u_mul/GEN_ARRAY.u_mul/u_csa_row0/GEN_CSA_FA[1].u_fa/signed_product0[58]
    SLICE_X9Y22          LUT6 (Prop_lut6_I5_O)        0.155    29.450 r  GEN_BRAM.u_core/alu/u_mul/u_mul/GEN_ARRAY.u_mul/u_csa_row0/GEN_CSA_FA[1].u_fa/result[26]_INST_0/O
                         net (fo=1, routed)           0.243    29.693    GEN_BRAM.u_core/reg_file/result[22]
    SLICE_X11Y22         LUT6 (Prop_lut6_I2_O)        0.053    29.746 r  GEN_BRAM.u_core/reg_file/debug_alu_out_OBUF[26]_inst_i_4/O
                         net (fo=1, routed)           0.292    30.038    GEN_BRAM.u_core/reg_file/debug_alu_out_OBUF[26]_inst_i_4_n_0
    SLICE_X11Y21         LUT6 (Prop_lut6_I5_O)        0.053    30.091 r  GEN_BRAM.u_core/reg_file/debug_alu_out_OBUF[26]_inst_i_1/O
                         net (fo=3, routed)           0.460    30.551    GEN_BRAM.u_core/wb_mux/debug_alu_out_OBUF[26]
    SLICE_X7Y21          LUT6 (Prop_lut6_I0_O)        0.053    30.604 r  GEN_BRAM.u_core/wb_mux/registers_reg_r1_0_31_24_29_i_14/O
                         net (fo=1, routed)           0.296    30.900    GEN_BRAM.u_core/divider/wb_exec[26]
    SLICE_X7Y21          LUT6 (Prop_lut6_I5_O)        0.053    30.953 r  GEN_BRAM.u_core/divider/registers_reg_r1_0_31_24_29_i_4/O
                         net (fo=2, routed)           0.398    31.350    GEN_BRAM.u_core/reg_file/registers_reg_r2_0_31_24_29/DIB0
    SLICE_X6Y20          RAMD32                                       r  GEN_BRAM.u_core/reg_file/registers_reg_r2_0_31_24_29/RAMB/I
  -------------------------------------------------------------------    -------------------

                         (clock sys_clk rise edge)   30.000    30.000 r  
    AD23                                              0.000    30.000 r  clk (IN)
                         net (fo=0)                   0.000    30.000    clk
    AD23                 IBUF (Prop_ibuf_I_O)         0.796    30.796 r  clk_IBUF_inst/O
                         net (fo=1, routed)           1.741    32.537    clk_IBUF
    BUFGCTRL_X0Y0        BUFG (Prop_bufg_I_O)         0.113    32.650 r  clk_IBUF_BUFG_inst/O
                         net (fo=350, routed)         1.593    34.243    GEN_BRAM.u_core/reg_file/registers_reg_r2_0_31_24_29/WCLK
    SLICE_X6Y20          RAMD32                                       r  GEN_BRAM.u_core/reg_file/registers_reg_r2_0_31_24_29/RAMB/CLK
                         clock pessimism              0.256    34.500    
                         clock uncertainty           -0.035    34.464    
    SLICE_X6Y20          RAMD32 (Setup_ramd32_CLK_I)
                                                     -0.129    34.335    GEN_BRAM.u_core/reg_file/registers_reg_r2_0_31_24_29/RAMB
  -------------------------------------------------------------------
                         required time                         34.335    
                         arrival time                         -31.350    
  -------------------------------------------------------------------
                         slack                                  2.985    

Slack (MET) :             3.022ns  (required time - arrival time)
  Source:                 GEN_BRAM.u_core/ir_reg[2]/C
                            (rising edge-triggered cell FDCE clocked by sys_clk  {rise@0.000ns fall@15.000ns period=30.000ns})
  Destination:            GEN_BRAM.u_core/reg_file/registers_reg_r2_0_31_24_29/RAMC/I
                            (rising edge-triggered cell RAMD32 clocked by sys_clk  {rise@0.000ns fall@15.000ns period=30.000ns})
  Path Group:             sys_clk
  Path Type:              Setup (Max at Slow Process Corner)
  Requirement:            30.000ns  (sys_clk rise@30.000ns - sys_clk rise@0.000ns)
  Data Path Delay:        26.849ns  (logic 4.190ns (15.606%)  route 22.658ns (84.394%))
  Logic Levels:           54  (CARRY4=2 LUT3=12 LUT4=1 LUT5=19 LUT6=20)
  Clock Path Skew:        0.038ns (DCD - SCD + CPR)
    Destination Clock Delay (DCD):    4.243ns = ( 34.243 - 30.000 ) 
    Source Clock Delay      (SCD):    4.462ns
    Clock Pessimism Removal (CPR):    0.256ns
  Clock Uncertainty:      0.035ns  ((TSJ^2 + TIJ^2)^1/2 + DJ) / 2 + PE
    Total System Jitter     (TSJ):    0.071ns
    Total Input Jitter      (TIJ):    0.000ns
    Discrete Jitter          (DJ):    0.000ns
    Phase Error              (PE):    0.000ns

    Location             Delay type                Incr(ns)  Path(ns)    Netlist Resource(s)
  -------------------------------------------------------------------    -------------------
                         (clock sys_clk rise edge)    0.000     0.000 r  
    AD23                                              0.000     0.000 r  clk (IN)
                         net (fo=0)                   0.000     0.000    clk
    AD23                 IBUF (Prop_ibuf_I_O)         0.873     0.873 r  clk_IBUF_inst/O
                         net (fo=1, routed)           1.830     2.703    clk_IBUF
    BUFGCTRL_X0Y0        BUFG (Prop_bufg_I_O)         0.120     2.823 r  clk_IBUF_BUFG_inst/O
                         net (fo=350, routed)         1.639     4.462    GEN_BRAM.u_core/clk_IBUF_BUFG
    SLICE_X15Y23         FDCE                                         r  GEN_BRAM.u_core/ir_reg[2]/C
  -------------------------------------------------------------------    -------------------
    SLICE_X15Y23         FDCE (Prop_fdce_C_Q)         0.269     4.731 r  GEN_BRAM.u_core/ir_reg[2]/Q
                         net (fo=24, routed)          0.633     5.364    GEN_BRAM.u_core/reg_file/Q[1]
    SLICE_X14Y24         LUT5 (Prop_lut5_I0_O)        0.053     5.417 r  GEN_BRAM.u_core/reg_file/registers_reg_r1_0_31_0_5_i_25/O
                         net (fo=56, routed)          0.733     6.150    GEN_BRAM.u_core/imm_gen/u_mul_i_32
    SLICE_X12Y20         LUT6 (Prop_lut6_I4_O)        0.053     6.203 f  GEN_BRAM.u_core/imm_gen/u_mul_i_68/O
                         net (fo=1, routed)           0.331     6.534    GEN_BRAM.u_core/alu_mux_b/imm[0]
    SLICE_X12Y20         LUT4 (Prop_lut4_I0_O)        0.053     6.587 r  GEN_BRAM.u_core/alu_mux_b/u_mul_i_32/O
                         net (fo=136, routed)         0.614     7.201    GEN_BRAM.u_core/alu/u_mul/u_mul/GEN_ARRAY.u_mul/u_csa_row0/GEN_CSA_FA[1].u_fa/result[4]_INST_0_i_22_n_0
    SLICE_X13Y19         CARRY4 (Prop_carry4_CYINIT_O[1])
                                                      0.390     7.591 r  GEN_BRAM.u_core/alu/u_mul/u_mul/GEN_ARRAY.u_mul/u_csa_row0/GEN_CSA_FA[1].u_fa/result[4]_INST_0_i_6/O[1]
                         net (fo=32, routed)          0.752     8.343    GEN_BRAM.u_core/alu/u_mul/u_mul/GEN_ARRAY.u_mul/u_csa_row0/GEN_CSA_FA[1].u_fa/mag_b0[2]
    SLICE_X18Y21         LUT6 (Prop_lut6_I3_O)        0.152     8.495 r  GEN_BRAM.u_core/alu/u_mul/u_mul/GEN_ARRAY.u_mul/u_csa_row0/GEN_CSA_FA[1].u_fa/result[14]_INST_0_i_132/O
                         net (fo=2, routed)           0.579     9.074    GEN_BRAM.u_core/alu/u_mul/u_mul/GEN_ARRAY.u_mul/u_csa_row0/GEN_CSA_FA[1].u_fa/pp[2]_91[14]
    SLICE_X18Y21         LUT6 (Prop_lut6_I5_O)        0.053     9.127 r  GEN_BRAM.u_core/alu/u_mul/u_mul/GEN_ARRAY.u_mul/u_csa_row0/GEN_CSA_FA[1].u_fa/result[16]_INST_0_i_144/O
                         net (fo=3, routed)           0.575     9.702    GEN_BRAM.u_core/alu/u_mul/u_mul/GEN_ARRAY.u_mul/u_csa_row0/GEN_CSA_FA[1].u_fa/stage_carry[0]_58[15]
    SLICE_X18Y20         LUT5 (Prop_lut5_I0_O)        0.053     9.755 r  GEN_BRAM.u_core/alu/u_mul/u_mul/GEN_ARRAY.u_mul/u_csa_row0/GEN_CSA_FA[1].u_fa/result[16]_INST_0_i_125/O
                         net (fo=3, routed)           0.366    10.121    GEN_BRAM.u_core/alu/u_mul/u_mul/GEN_ARRAY.u_mul/u_csa_row0/GEN_CSA_FA[1].u_fa/stage_sum[2]_42[15]
    SLICE_X18Y19         LUT3 (Prop_lut3_I1_O)        0.053    10.174 r  GEN_BRAM.u_core/alu/u_mul/u_mul/GEN_ARRAY.u_mul/u_csa_row0/GEN_CSA_FA[1].u_fa/result[16]_INST_0_i_132/O
                         net (fo=2, routed)           0.635    10.809    GEN_BRAM.u_core/alu/u_mul/u_mul/GEN_ARRAY.u_mul/u_csa_row0/GEN_CSA_FA[1].u_fa/stage_carry[3]_44[16]
    SLICE_X19Y19         LUT5 (Prop_lut5_I3_O)        0.053    10.862 r  GEN_BRAM.u_core/alu/u_mul/u_mul/GEN_ARRAY.u_mul/u_csa_row0/GEN_CSA_FA[1].u_fa/result[18]_INST_0_i_109/O
                         net (fo=3, routed)           0.588    11.450    GEN_BRAM.u_core/alu/u_mul/u_mul/GEN_ARRAY.u_mul/u_csa_row0/GEN_CSA_FA[1].u_fa/stage_carry[4]_2[17]
    SLICE_X17Y14         LUT3 (Prop_lut3_I0_O)        0.053    11.503 r  GEN_BRAM.u_core/alu/u_mul/u_mul/GEN_ARRAY.u_mul/u_csa_row0/GEN_CSA_FA[1].u_fa/result[18]_INST_0_i_117/O
                         net (fo=2, routed)           0.626    12.129    GEN_BRAM.u_core/alu/u_mul/u_mul/GEN_ARRAY.u_mul/u_csa_row0/GEN_CSA_FA[1].u_fa/stage_carry[5]_45[18]
    SLICE_X14Y9          LUT5 (Prop_lut5_I3_O)        0.053    12.182 r  GEN_BRAM.u_core/alu/u_mul/u_mul/GEN_ARRAY.u_mul/u_csa_row0/GEN_CSA_FA[1].u_fa/result[20]_INST_0_i_124/O
                         net (fo=3, routed)           0.516    12.698    GEN_BRAM.u_core/alu/u_mul/u_mul/GEN_ARRAY.u_mul/u_csa_row0/GEN_CSA_FA[1].u_fa/stage_carry[6]_4[19]
    SLICE_X13Y8          LUT3 (Prop_lut3_I0_O)        0.053    12.751 r  GEN_BRAM.u_core/alu/u_mul/u_mul/GEN_ARRAY.u_mul/u_csa_row0/GEN_CSA_FA[1].u_fa/result[20]_INST_0_i_132/O
                         net (fo=2, routed)           0.421    13.172    GEN_BRAM.u_core/alu/u_mul/u_mul/GEN_ARRAY.u_mul/u_csa_row0/GEN_CSA_FA[1].u_fa/stage_carry[7]_46[20]
    SLICE_X13Y6          LUT5 (Prop_lut5_I3_O)        0.053    13.225 r  GEN_BRAM.u_core/alu/u_mul/u_mul/GEN_ARRAY.u_mul/u_csa_row0/GEN_CSA_FA[1].u_fa/result[22]_INST_0_i_104/O
                         net (fo=3, routed)           0.482    13.707    GEN_BRAM.u_core/alu/u_mul/u_mul/GEN_ARRAY.u_mul/u_csa_row0/GEN_CSA_FA[1].u_fa/stage_carry[8]_6[21]
    SLICE_X11Y5          LUT3 (Prop_lut3_I0_O)        0.053    13.760 r  GEN_BRAM.u_core/alu/u_mul/u_mul/GEN_ARRAY.u_mul/u_csa_row0/GEN_CSA_FA[1].u_fa/result[22]_INST_0_i_112/O
                         net (fo=2, routed)           0.311    14.072    GEN_BRAM.u_core/alu/u_mul/u_mul/GEN_ARRAY.u_mul/u_csa_row0/GEN_CSA_FA[1].u_fa/stage_carry[9]_47[22]
    SLICE_X11Y3          LUT5 (Prop_lut5_I3_O)        0.053    14.125 r  GEN_BRAM.u_core/alu/u_mul/u_mul/GEN_ARRAY.u_mul/u_csa_row0/GEN_CSA_FA[1].u_fa/result[24]_INST_0_i_109/O
                         net (fo=3, routed)           0.457    14.582    GEN_BRAM.u_core/alu/u_mul/u_mul/GEN_ARRAY.u_mul/u_csa_row0/GEN_CSA_FA[1].u_fa/stage_carry[10]_8[23]
    SLICE_X11Y2          LUT3 (Prop_lut3_I0_O)        0.053    14.635 r  GEN_BRAM.u_core/alu/u_mul/u_mul/GEN_ARRAY.u_mul/u_csa_row0/GEN_CSA_FA[1].u_fa/result[24]_INST_0_i_117/O
                         net (fo=2, routed)           0.374    15.009    GEN_BRAM.u_core/alu/u_mul/u_mul/GEN_ARRAY.u_mul/u_csa_row0/GEN_CSA_FA[1].u_fa/stage_carry[11]_48[24]
    SLICE_X10Y2          LUT5 (Prop_lut5_I3_O)        0.053    15.062 r  GEN_BRAM.u_core/alu/u_mul/u_mul/GEN_ARRAY.u_mul/u_csa_row0/GEN_CSA_FA[1].u_fa/result[24]_INST_0_i_105/O
                         net (fo=3, routed)           0.630    15.693    GEN_BRAM.u_core/alu/u_mul/u_mul/GEN_ARRAY.u_mul/u_csa_row0/GEN_CSA_FA[1].u_fa/stage_sum[12]_37[24]
    SLICE_X9Y3           LUT5 (Prop_lut5_I1_O)        0.053    15.746 r  GEN_BRAM.u_core/alu/u_mul/u_mul/GEN_ARRAY.u_mul/u_csa_row0/GEN_CSA_FA[1].u_fa/result[26]_INST_0_i_74/O
                         net (fo=3, routed)           0.592    16.337    GEN_BRAM.u_core/alu/u_mul/u_mul/GEN_ARRAY.u_mul/u_csa_row0/GEN_CSA_FA[1].u_fa/stage_carry[14]_12[25]
    SLICE_X4Y1           LUT3 (Prop_lut3_I0_O)        0.053    16.390 r  GEN_BRAM.u_core/alu/u_mul/u_mul/GEN_ARRAY.u_mul/u_csa_row0/GEN_CSA_FA[1].u_fa/result[26]_INST_0_i_82/O
                         net (fo=2, routed)           0.323    16.713    GEN_BRAM.u_core/alu/u_mul/u_mul/GEN_ARRAY.u_mul/u_csa_row0/GEN_CSA_FA[1].u_fa/stage_carry[15]_50[26]
    SLICE_X4Y0           LUT5 (Prop_lut5_I3_O)        0.053    16.766 r  GEN_BRAM.u_core/alu/u_mul/u_mul/GEN_ARRAY.u_mul/u_csa_row0/GEN_CSA_FA[1].u_fa/result[26]_INST_0_i_70/O
                         net (fo=3, routed)           0.392    17.158    GEN_BRAM.u_core/alu/u_mul/u_mul/GEN_ARRAY.u_mul/u_csa_row0/GEN_CSA_FA[1].u_fa/stage_sum[16]_35[26]
    SLICE_X2Y3           LUT3 (Prop_lut3_I1_O)        0.053    17.211 r  GEN_BRAM.u_core/alu/u_mul/u_mul/GEN_ARRAY.u_mul/u_csa_row0/GEN_CSA_FA[1].u_fa/result[28]_INST_0_i_82/O
                         net (fo=2, routed)           0.467    17.679    GEN_BRAM.u_core/alu/u_mul/u_mul/GEN_ARRAY.u_mul/u_csa_row0/GEN_CSA_FA[1].u_fa/stage_carry[17]_51[27]
    SLICE_X2Y3           LUT5 (Prop_lut5_I3_O)        0.053    17.732 r  GEN_BRAM.u_core/alu/u_mul/u_mul/GEN_ARRAY.u_mul/u_csa_row0/GEN_CSA_FA[1].u_fa/result[28]_INST_0_i_70/O
                         net (fo=3, routed)           0.157    17.889    GEN_BRAM.u_core/alu/u_mul/u_mul/GEN_ARRAY.u_mul/u_csa_row0/GEN_CSA_FA[1].u_fa/stage_sum[18]_34[27]
    SLICE_X2Y3           LUT3 (Prop_lut3_I1_O)        0.053    17.942 r  GEN_BRAM.u_core/alu/u_mul/u_mul/GEN_ARRAY.u_mul/u_csa_row0/GEN_CSA_FA[1].u_fa/result[28]_INST_0_i_77/O
                         net (fo=2, routed)           0.433    18.375    GEN_BRAM.u_core/alu/u_mul/u_mul/GEN_ARRAY.u_mul/u_csa_row0/GEN_CSA_FA[1].u_fa/stage_carry[19]_52[28]
    SLICE_X2Y1           LUT5 (Prop_lut5_I3_O)        0.053    18.428 r  GEN_BRAM.u_core/alu/u_mul/u_mul/GEN_ARRAY.u_mul/u_csa_row0/GEN_CSA_FA[1].u_fa/result[28]_INST_0_i_65/O
                         net (fo=3, routed)           0.603    19.030    GEN_BRAM.u_core/alu/u_mul/u_mul/GEN_ARRAY.u_mul/u_csa_row0/GEN_CSA_FA[1].u_fa/stage_sum[20]_33[28]
    SLICE_X0Y6           LUT3 (Prop_lut3_I1_O)        0.053    19.083 r  GEN_BRAM.u_core/alu/u_mul/u_mul/GEN_ARRAY.u_mul/u_csa_row0/GEN_CSA_FA[1].u_fa/result[30]_INST_0_i_41/O
                         net (fo=2, routed)           0.352    19.436    GEN_BRAM.u_core/alu/u_mul/u_mul/GEN_ARRAY.u_mul/u_csa_row0/GEN_CSA_FA[1].u_fa/stage_carry[21]_53[29]
    SLICE_X1Y3           LUT5 (Prop_lut5_I3_O)        0.053    19.489 r  GEN_BRAM.u_core/alu/u_mul/u_mul/GEN_ARRAY.u_mul/u_csa_row0/GEN_CSA_FA[1].u_fa/result[30]_INST_0_i_29/O
                         net (fo=3, routed)           0.436    19.925    GEN_BRAM.u_core/alu/u_mul/u_mul/GEN_ARRAY.u_mul/u_csa_row0/GEN_CSA_FA[1].u_fa/stage_sum[22]_32[29]
    SLICE_X0Y6           LUT3 (Prop_lut3_I1_O)        0.053    19.978 r  GEN_BRAM.u_core/alu/u_mul/u_mul/GEN_ARRAY.u_mul/u_csa_row0/GEN_CSA_FA[1].u_fa/result[30]_INST_0_i_36/O
                         net (fo=2, routed)           0.433    20.411    GEN_BRAM.u_core/alu/u_mul/u_mul/GEN_ARRAY.u_mul/u_csa_row0/GEN_CSA_FA[1].u_fa/stage_carry[23]_54[30]
    SLICE_X3Y5           LUT5 (Prop_lut5_I3_O)        0.053    20.464 r  GEN_BRAM.u_core/alu/u_mul/u_mul/GEN_ARRAY.u_mul/u_csa_row0/GEN_CSA_FA[1].u_fa/result[30]_INST_0_i_23/O
                         net (fo=3, routed)           0.482    20.946    GEN_BRAM.u_core/alu/u_mul/u_mul/GEN_ARRAY.u_mul/u_csa_row0/GEN_CSA_FA[1].u_fa/stage_sum[24]_31[30]
    SLICE_X4Y8           LUT3 (Prop_lut3_I1_O)        0.053    20.999 r  GEN_BRAM.u_core/alu/u_mul/u_mul/GEN_ARRAY.u_mul/u_csa_row0/GEN_CSA_FA[1].u_fa/result[31]_INST_0_i_41/O
                         net (fo=2, routed)           0.371    21.370    GEN_BRAM.u_core/alu/u_mul/u_mul/GEN_ARRAY.u_mul/u_csa_row0/GEN_CSA_FA[1].u_fa/stage_carry[25]_55[31]
    SLICE_X4Y6           LUT5 (Prop_lut5_I3_O)        0.053    21.423 r  GEN_BRAM.u_core/alu/u_mul/u_mul/GEN_ARRAY.u_mul/u_csa_row0/GEN_CSA_FA[1].u_fa/result[31]_INST_0_i_31/O
                         net (fo=3, routed)           0.453    21.876    GEN_BRAM.u_core/alu/u_mul/u_mul/GEN_ARRAY.u_mul/u_csa_row0/GEN_CSA_FA[1].u_fa/stage_sum[26]_30[31]
    SLICE_X7Y9           LUT3 (Prop_lut3_I1_O)        0.053    21.929 r  GEN_BRAM.u_core/alu/u_mul/u_mul/GEN_ARRAY.u_mul/u_csa_row0/GEN_CSA_FA[1].u_fa/result[2]_INST_0_i_22/O
                         net (fo=3, routed)           0.617    22.545    GEN_BRAM.u_core/alu/u_mul/u_mul/GEN_ARRAY.u_mul/u_csa_row0/GEN_CSA_FA[1].u_fa/stage_carry[27]_56[32]
    SLICE_X9Y9           LUT5 (Prop_lut5_I0_O)        0.053    22.598 r  GEN_BRAM.u_core/alu/u_mul/u_mul/GEN_ARRAY.u_mul/u_csa_row0/GEN_CSA_FA[1].u_fa/result[1]_INST_0_i_4/O
                         net (fo=4, routed)           0.721    23.319    GEN_BRAM.u_core/alu/u_mul/u_mul/GEN_ARRAY.u_mul/u_csa_row0/GEN_CSA_FA[1].u_fa/stage_sum[29]_57[32]
    SLICE_X8Y15          LUT5 (Prop_lut5_I4_O)        0.065    23.384 r  GEN_BRAM.u_core/alu/u_mul/u_mul/GEN_ARRAY.u_mul/u_csa_row0/GEN_CSA_FA[1].u_fa/result[1]_INST_0_i_6/O
                         net (fo=2, routed)           0.306    23.690    GEN_BRAM.u_core/alu/u_mul/u_mul/GEN_ARRAY.u_mul/u_csa_row0/GEN_CSA_FA[1].u_fa/u_final_cpa/GEN_FINAL_FA[32].u_fa/c2
    SLICE_X8Y16          LUT5 (Prop_lut5_I2_O)        0.171    23.861 r  GEN_BRAM.u_core/alu/u_mul/u_mul/GEN_ARRAY.u_mul/u_csa_row0/GEN_CSA_FA[1].u_fa/result[2]_INST_0_i_9/O
                         net (fo=2, routed)           0.586    24.447    GEN_BRAM.u_core/alu/u_mul/u_mul/GEN_ARRAY.u_mul/u_csa_row0/GEN_CSA_FA[1].u_fa/u_final_cpa/GEN_FINAL_FA[33].u_fa/c2
    SLICE_X8Y16          LUT5 (Prop_lut5_I2_O)        0.183    24.630 r  GEN_BRAM.u_core/alu/u_mul/u_mul/GEN_ARRAY.u_mul/u_csa_row0/GEN_CSA_FA[1].u_fa/result[4]_INST_0_i_14/O
                         net (fo=3, routed)           0.391    25.021    GEN_BRAM.u_core/alu/u_mul/u_mul/GEN_ARRAY.u_mul/u_csa_row0/GEN_CSA_FA[1].u_fa/u_final_cpa/c_35
    SLICE_X7Y16          LUT6 (Prop_lut6_I4_O)        0.172    25.193 r  GEN_BRAM.u_core/alu/u_mul/u_mul/GEN_ARRAY.u_mul/u_csa_row0/GEN_CSA_FA[1].u_fa/result[6]_INST_0_i_12/O
                         net (fo=3, routed)           0.205    25.397    GEN_BRAM.u_core/alu/u_mul/u_mul/GEN_ARRAY.u_mul/u_csa_row0/GEN_CSA_FA[1].u_fa/u_final_cpa/c_37
    SLICE_X7Y16          LUT6 (Prop_lut6_I4_O)        0.053    25.450 r  GEN_BRAM.u_core/alu/u_mul/u_mul/GEN_ARRAY.u_mul/u_csa_row0/GEN_CSA_FA[1].u_fa/result[8]_INST_0_i_13/O
                         net (fo=3, routed)           0.405    25.856    GEN_BRAM.u_core/alu/u_mul/u_mul/GEN_ARRAY.u_mul/u_csa_row0/GEN_CSA_FA[1].u_fa/u_final_cpa/c_39
    SLICE_X9Y17          LUT6 (Prop_lut6_I4_O)        0.053    25.909 r  GEN_BRAM.u_core/alu/u_mul/u_mul/GEN_ARRAY.u_mul/u_csa_row0/GEN_CSA_FA[1].u_fa/result[10]_INST_0_i_12/O
                         net (fo=3, routed)           0.311    26.220    GEN_BRAM.u_core/alu/u_mul/u_mul/GEN_ARRAY.u_mul/u_csa_row0/GEN_CSA_FA[1].u_fa/u_final_cpa/c_41
    SLICE_X9Y18          LUT6 (Prop_lut6_I4_O)        0.053    26.273 r  GEN_BRAM.u_core/alu/u_mul/u_mul/GEN_ARRAY.u_mul/u_csa_row0/GEN_CSA_FA[1].u_fa/result[12]_INST_0_i_13/O
                         net (fo=3, routed)           0.138    26.411    GEN_BRAM.u_core/alu/u_mul/u_mul/GEN_ARRAY.u_mul/u_csa_row0/GEN_CSA_FA[1].u_fa/u_final_cpa/c_43
    SLICE_X9Y18          LUT6 (Prop_lut6_I4_O)        0.053    26.464 r  GEN_BRAM.u_core/alu/u_mul/u_mul/GEN_ARRAY.u_mul/u_csa_row0/GEN_CSA_FA[1].u_fa/result[14]_INST_0_i_12/O
                         net (fo=3, routed)           0.278    26.742    GEN_BRAM.u_core/alu/u_mul/u_mul/GEN_ARRAY.u_mul/u_csa_row0/GEN_CSA_FA[1].u_fa/u_final_cpa/c_45
    SLICE_X10Y19         LUT6 (Prop_lut6_I4_O)        0.053    26.795 r  GEN_BRAM.u_core/alu/u_mul/u_mul/GEN_ARRAY.u_mul/u_csa_row0/GEN_CSA_FA[1].u_fa/result[16]_INST_0_i_13/O
                         net (fo=3, routed)           0.318    27.113    GEN_BRAM.u_core/alu/u_mul/u_mul/GEN_ARRAY.u_mul/u_csa_row0/GEN_CSA_FA[1].u_fa/u_final_cpa/c_47
    SLICE_X10Y20         LUT6 (Prop_lut6_I4_O)        0.053    27.166 r  GEN_BRAM.u_core/alu/u_mul/u_mul/GEN_ARRAY.u_mul/u_csa_row0/GEN_CSA_FA[1].u_fa/result[18]_INST_0_i_12/O
                         net (fo=3, routed)           0.222    27.388    GEN_BRAM.u_core/alu/u_mul/u_mul/GEN_ARRAY.u_mul/u_csa_row0/GEN_CSA_FA[1].u_fa/u_final_cpa/c_49
    SLICE_X10Y20         LUT6 (Prop_lut6_I4_O)        0.053    27.441 r  GEN_BRAM.u_core/alu/u_mul/u_mul/GEN_ARRAY.u_mul/u_csa_row0/GEN_CSA_FA[1].u_fa/result[20]_INST_0_i_13/O
                         net (fo=3, routed)           0.323    27.764    GEN_BRAM.u_core/alu/u_mul/u_mul/GEN_ARRAY.u_mul/u_csa_row0/GEN_CSA_FA[1].u_fa/u_final_cpa/c_51
    SLICE_X10Y21         LUT6 (Prop_lut6_I4_O)        0.053    27.817 r  GEN_BRAM.u_core/alu/u_mul/u_mul/GEN_ARRAY.u_mul/u_csa_row0/GEN_CSA_FA[1].u_fa/result[22]_INST_0_i_12/O
                         net (fo=3, routed)           0.146    27.963    GEN_BRAM.u_core/alu/u_mul/u_mul/GEN_ARRAY.u_mul/u_csa_row0/GEN_CSA_FA[1].u_fa/u_final_cpa/c_53
    SLICE_X10Y21         LUT6 (Prop_lut6_I4_O)        0.053    28.016 r  GEN_BRAM.u_core/alu/u_mul/u_mul/GEN_ARRAY.u_mul/u_csa_row0/GEN_CSA_FA[1].u_fa/result[24]_INST_0_i_13/O
                         net (fo=3, routed)           0.255    28.271    GEN_BRAM.u_core/alu/u_mul/u_mul/GEN_ARRAY.u_mul/u_csa_row0/GEN_CSA_FA[1].u_fa/u_final_cpa/c_55
    SLICE_X10Y22         LUT6 (Prop_lut6_I4_O)        0.053    28.324 r  GEN_BRAM.u_core/alu/u_mul/u_mul/GEN_ARRAY.u_mul/u_csa_row0/GEN_CSA_FA[1].u_fa/result[26]_INST_0_i_12/O
                         net (fo=3, routed)           0.222    28.545    GEN_BRAM.u_core/alu/u_mul/u_mul/GEN_ARRAY.u_mul/u_csa_row0/GEN_CSA_FA[1].u_fa/u_final_cpa/c_57
    SLICE_X10Y22         LUT6 (Prop_lut6_I4_O)        0.053    28.598 r  GEN_BRAM.u_core/alu/u_mul/u_mul/GEN_ARRAY.u_mul/u_csa_row0/GEN_CSA_FA[1].u_fa/result[28]_INST_0_i_13/O
                         net (fo=3, routed)           0.260    28.859    GEN_BRAM.u_core/alu/u_mul/u_mul/GEN_ARRAY.u_mul/u_csa_row0/GEN_CSA_FA[1].u_fa/u_final_cpa/c_59
    SLICE_X8Y22          LUT5 (Prop_lut5_I4_O)        0.053    28.912 r  GEN_BRAM.u_core/alu/u_mul/u_mul/GEN_ARRAY.u_mul/u_csa_row0/GEN_CSA_FA[1].u_fa/result[27]_INST_0_i_2/O
                         net (fo=2, routed)           0.000    28.912    GEN_BRAM.u_core/alu/u_mul/u_mul/GEN_ARRAY.u_mul/u_csa_row0/GEN_CSA_FA[1].u_fa/p_0_in[59]
    SLICE_X8Y22          CARRY4 (Prop_carry4_S[2]_O[3])
                                                      0.208    29.120 r  GEN_BRAM.u_core/alu/u_mul/u_mul/GEN_ARRAY.u_mul/u_csa_row0/GEN_CSA_FA[1].u_fa/result[28]_INST_0_i_4/O[3]
                         net (fo=1, routed)           0.482    29.601    GEN_BRAM.u_core/alu/u_mul/u_mul/GEN_ARRAY.u_mul/u_csa_row0/GEN_CSA_FA[1].u_fa/signed_product0[60]
    SLICE_X7Y19          LUT6 (Prop_lut6_I5_O)        0.142    29.743 r  GEN_BRAM.u_core/alu/u_mul/u_mul/GEN_ARRAY.u_mul/u_csa_row0/GEN_CSA_FA[1].u_fa/result[28]_INST_0/O
                         net (fo=1, routed)           0.194    29.937    GEN_BRAM.u_core/reg_file/result[24]
    SLICE_X7Y19          LUT6 (Prop_lut6_I2_O)        0.053    29.990 r  GEN_BRAM.u_core/reg_file/debug_alu_out_OBUF[28]_inst_i_4/O
                         net (fo=1, routed)           0.312    30.302    GEN_BRAM.u_core/reg_file/debug_alu_out_OBUF[28]_inst_i_4_n_0
    SLICE_X6Y19          LUT6 (Prop_lut6_I5_O)        0.053    30.355 r  GEN_BRAM.u_core/reg_file/debug_alu_out_OBUF[28]_inst_i_1/O
                         net (fo=3, routed)           0.250    30.605    GEN_BRAM.u_core/wb_mux/debug_alu_out_OBUF[28]
    SLICE_X7Y20          LUT6 (Prop_lut6_I0_O)        0.053    30.658 r  GEN_BRAM.u_core/wb_mux/registers_reg_r1_0_31_24_29_i_18/O
                         net (fo=1, routed)           0.342    31.000    GEN_BRAM.u_core/divider/wb_exec[28]
    SLICE_X7Y21          LUT6 (Prop_lut6_I5_O)        0.053    31.053 r  GEN_BRAM.u_core/divider/registers_reg_r1_0_31_24_29_i_6/O
                         net (fo=2, routed)           0.257    31.310    GEN_BRAM.u_core/reg_file/registers_reg_r2_0_31_24_29/DIC0
    SLICE_X6Y20          RAMD32                                       r  GEN_BRAM.u_core/reg_file/registers_reg_r2_0_31_24_29/RAMC/I
  -------------------------------------------------------------------    -------------------

                         (clock sys_clk rise edge)   30.000    30.000 r  
    AD23                                              0.000    30.000 r  clk (IN)
                         net (fo=0)                   0.000    30.000    clk
    AD23                 IBUF (Prop_ibuf_I_O)         0.796    30.796 r  clk_IBUF_inst/O
                         net (fo=1, routed)           1.741    32.537    clk_IBUF
    BUFGCTRL_X0Y0        BUFG (Prop_bufg_I_O)         0.113    32.650 r  clk_IBUF_BUFG_inst/O
                         net (fo=350, routed)         1.593    34.243    GEN_BRAM.u_core/reg_file/registers_reg_r2_0_31_24_29/WCLK
    SLICE_X6Y20          RAMD32                                       r  GEN_BRAM.u_core/reg_file/registers_reg_r2_0_31_24_29/RAMC/CLK
                         clock pessimism              0.256    34.500    
                         clock uncertainty           -0.035    34.464    
    SLICE_X6Y20          RAMD32 (Setup_ramd32_CLK_I)
                                                     -0.132    34.332    GEN_BRAM.u_core/reg_file/registers_reg_r2_0_31_24_29/RAMC
  -------------------------------------------------------------------
                         required time                         34.332    
                         arrival time                         -31.310    
  -------------------------------------------------------------------
                         slack                                  3.022    

Slack (MET) :             3.024ns  (required time - arrival time)
  Source:                 GEN_BRAM.u_core/ir_reg[2]/C
                            (rising edge-triggered cell FDCE clocked by sys_clk  {rise@0.000ns fall@15.000ns period=30.000ns})
  Destination:            GEN_BRAM.u_core/reg_file/registers_reg_r1_0_31_24_29/RAMB_D1/I
                            (rising edge-triggered cell RAMD32 clocked by sys_clk  {rise@0.000ns fall@15.000ns period=30.000ns})
  Path Group:             sys_clk
  Path Type:              Setup (Max at Slow Process Corner)
  Requirement:            30.000ns  (sys_clk rise@30.000ns - sys_clk rise@0.000ns)
  Data Path Delay:        26.819ns  (logic 3.893ns (14.516%)  route 22.926ns (85.484%))
  Logic Levels:           53  (CARRY4=1 LUT3=12 LUT4=1 LUT5=20 LUT6=19)
  Clock Path Skew:        0.037ns (DCD - SCD + CPR)
    Destination Clock Delay (DCD):    4.242ns = ( 34.242 - 30.000 ) 
    Source Clock Delay      (SCD):    4.462ns
    Clock Pessimism Removal (CPR):    0.256ns
  Clock Uncertainty:      0.035ns  ((TSJ^2 + TIJ^2)^1/2 + DJ) / 2 + PE
    Total System Jitter     (TSJ):    0.071ns
    Total Input Jitter      (TIJ):    0.000ns
    Discrete Jitter          (DJ):    0.000ns
    Phase Error              (PE):    0.000ns

    Location             Delay type                Incr(ns)  Path(ns)    Netlist Resource(s)
  -------------------------------------------------------------------    -------------------
                         (clock sys_clk rise edge)    0.000     0.000 r  
    AD23                                              0.000     0.000 r  clk (IN)
                         net (fo=0)                   0.000     0.000    clk
    AD23                 IBUF (Prop_ibuf_I_O)         0.873     0.873 r  clk_IBUF_inst/O
                         net (fo=1, routed)           1.830     2.703    clk_IBUF
    BUFGCTRL_X0Y0        BUFG (Prop_bufg_I_O)         0.120     2.823 r  clk_IBUF_BUFG_inst/O
                         net (fo=350, routed)         1.639     4.462    GEN_BRAM.u_core/clk_IBUF_BUFG
    SLICE_X15Y23         FDCE                                         r  GEN_BRAM.u_core/ir_reg[2]/C
  -------------------------------------------------------------------    -------------------
    SLICE_X15Y23         FDCE (Prop_fdce_C_Q)         0.269     4.731 r  GEN_BRAM.u_core/ir_reg[2]/Q
                         net (fo=24, routed)          0.633     5.364    GEN_BRAM.u_core/reg_file/Q[1]
    SLICE_X14Y24         LUT5 (Prop_lut5_I0_O)        0.053     5.417 r  GEN_BRAM.u_core/reg_file/registers_reg_r1_0_31_0_5_i_25/O
                         net (fo=56, routed)          0.733     6.150    GEN_BRAM.u_core/imm_gen/u_mul_i_32
    SLICE_X12Y20         LUT6 (Prop_lut6_I4_O)        0.053     6.203 f  GEN_BRAM.u_core/imm_gen/u_mul_i_68/O
                         net (fo=1, routed)           0.331     6.534    GEN_BRAM.u_core/alu_mux_b/imm[0]
    SLICE_X12Y20         LUT4 (Prop_lut4_I0_O)        0.053     6.587 r  GEN_BRAM.u_core/alu_mux_b/u_mul_i_32/O
                         net (fo=136, routed)         0.614     7.201    GEN_BRAM.u_core/alu/u_mul/u_mul/GEN_ARRAY.u_mul/u_csa_row0/GEN_CSA_FA[1].u_fa/result[4]_INST_0_i_22_n_0
    SLICE_X13Y19         CARRY4 (Prop_carry4_CYINIT_O[1])
                                                      0.390     7.591 r  GEN_BRAM.u_core/alu/u_mul/u_mul/GEN_ARRAY.u_mul/u_csa_row0/GEN_CSA_FA[1].u_fa/result[4]_INST_0_i_6/O[1]
                         net (fo=32, routed)          0.752     8.343    GEN_BRAM.u_core/alu/u_mul/u_mul/GEN_ARRAY.u_mul/u_csa_row0/GEN_CSA_FA[1].u_fa/mag_b0[2]
    SLICE_X18Y21         LUT6 (Prop_lut6_I3_O)        0.152     8.495 r  GEN_BRAM.u_core/alu/u_mul/u_mul/GEN_ARRAY.u_mul/u_csa_row0/GEN_CSA_FA[1].u_fa/result[14]_INST_0_i_132/O
                         net (fo=2, routed)           0.579     9.074    GEN_BRAM.u_core/alu/u_mul/u_mul/GEN_ARRAY.u_mul/u_csa_row0/GEN_CSA_FA[1].u_fa/pp[2]_91[14]
    SLICE_X18Y21         LUT6 (Prop_lut6_I5_O)        0.053     9.127 r  GEN_BRAM.u_core/alu/u_mul/u_mul/GEN_ARRAY.u_mul/u_csa_row0/GEN_CSA_FA[1].u_fa/result[16]_INST_0_i_144/O
                         net (fo=3, routed)           0.575     9.702    GEN_BRAM.u_core/alu/u_mul/u_mul/GEN_ARRAY.u_mul/u_csa_row0/GEN_CSA_FA[1].u_fa/stage_carry[0]_58[15]
    SLICE_X18Y20         LUT5 (Prop_lut5_I0_O)        0.053     9.755 r  GEN_BRAM.u_core/alu/u_mul/u_mul/GEN_ARRAY.u_mul/u_csa_row0/GEN_CSA_FA[1].u_fa/result[16]_INST_0_i_125/O
                         net (fo=3, routed)           0.366    10.121    GEN_BRAM.u_core/alu/u_mul/u_mul/GEN_ARRAY.u_mul/u_csa_row0/GEN_CSA_FA[1].u_fa/stage_sum[2]_42[15]
    SLICE_X18Y19         LUT3 (Prop_lut3_I1_O)        0.053    10.174 r  GEN_BRAM.u_core/alu/u_mul/u_mul/GEN_ARRAY.u_mul/u_csa_row0/GEN_CSA_FA[1].u_fa/result[16]_INST_0_i_132/O
                         net (fo=2, routed)           0.635    10.809    GEN_BRAM.u_core/alu/u_mul/u_mul/GEN_ARRAY.u_mul/u_csa_row0/GEN_CSA_FA[1].u_fa/stage_carry[3]_44[16]
    SLICE_X19Y19         LUT5 (Prop_lut5_I3_O)        0.053    10.862 r  GEN_BRAM.u_core/alu/u_mul/u_mul/GEN_ARRAY.u_mul/u_csa_row0/GEN_CSA_FA[1].u_fa/result[18]_INST_0_i_109/O
                         net (fo=3, routed)           0.588    11.450    GEN_BRAM.u_core/alu/u_mul/u_mul/GEN_ARRAY.u_mul/u_csa_row0/GEN_CSA_FA[1].u_fa/stage_carry[4]_2[17]
    SLICE_X17Y14         LUT3 (Prop_lut3_I0_O)        0.053    11.503 r  GEN_BRAM.u_core/alu/u_mul/u_mul/GEN_ARRAY.u_mul/u_csa_row0/GEN_CSA_FA[1].u_fa/result[18]_INST_0_i_117/O
                         net (fo=2, routed)           0.626    12.129    GEN_BRAM.u_core/alu/u_mul/u_mul/GEN_ARRAY.u_mul/u_csa_row0/GEN_CSA_FA[1].u_fa/stage_carry[5]_45[18]
    SLICE_X14Y9          LUT5 (Prop_lut5_I3_O)        0.053    12.182 r  GEN_BRAM.u_core/alu/u_mul/u_mul/GEN_ARRAY.u_mul/u_csa_row0/GEN_CSA_FA[1].u_fa/result[20]_INST_0_i_124/O
                         net (fo=3, routed)           0.516    12.698    GEN_BRAM.u_core/alu/u_mul/u_mul/GEN_ARRAY.u_mul/u_csa_row0/GEN_CSA_FA[1].u_fa/stage_carry[6]_4[19]
    SLICE_X13Y8          LUT3 (Prop_lut3_I0_O)        0.053    12.751 r  GEN_BRAM.u_core/alu/u_mul/u_mul/GEN_ARRAY.u_mul/u_csa_row0/GEN_CSA_FA[1].u_fa/result[20]_INST_0_i_132/O
                         net (fo=2, routed)           0.421    13.172    GEN_BRAM.u_core/alu/u_mul/u_mul/GEN_ARRAY.u_mul/u_csa_row0/GEN_CSA_FA[1].u_fa/stage_carry[7]_46[20]
    SLICE_X13Y6          LUT5 (Prop_lut5_I3_O)        0.053    13.225 r  GEN_BRAM.u_core/alu/u_mul/u_mul/GEN_ARRAY.u_mul/u_csa_row0/GEN_CSA_FA[1].u_fa/result[22]_INST_0_i_104/O
                         net (fo=3, routed)           0.482    13.707    GEN_BRAM.u_core/alu/u_mul/u_mul/GEN_ARRAY.u_mul/u_csa_row0/GEN_CSA_FA[1].u_fa/stage_carry[8]_6[21]
    SLICE_X11Y5          LUT3 (Prop_lut3_I0_O)        0.053    13.760 r  GEN_BRAM.u_core/alu/u_mul/u_mul/GEN_ARRAY.u_mul/u_csa_row0/GEN_CSA_FA[1].u_fa/result[22]_INST_0_i_112/O
                         net (fo=2, routed)           0.311    14.072    GEN_BRAM.u_core/alu/u_mul/u_mul/GEN_ARRAY.u_mul/u_csa_row0/GEN_CSA_FA[1].u_fa/stage_carry[9]_47[22]
    SLICE_X11Y3          LUT5 (Prop_lut5_I3_O)        0.053    14.125 r  GEN_BRAM.u_core/alu/u_mul/u_mul/GEN_ARRAY.u_mul/u_csa_row0/GEN_CSA_FA[1].u_fa/result[24]_INST_0_i_109/O
                         net (fo=3, routed)           0.457    14.582    GEN_BRAM.u_core/alu/u_mul/u_mul/GEN_ARRAY.u_mul/u_csa_row0/GEN_CSA_FA[1].u_fa/stage_carry[10]_8[23]
    SLICE_X11Y2          LUT3 (Prop_lut3_I0_O)        0.053    14.635 r  GEN_BRAM.u_core/alu/u_mul/u_mul/GEN_ARRAY.u_mul/u_csa_row0/GEN_CSA_FA[1].u_fa/result[24]_INST_0_i_117/O
                         net (fo=2, routed)           0.374    15.009    GEN_BRAM.u_core/alu/u_mul/u_mul/GEN_ARRAY.u_mul/u_csa_row0/GEN_CSA_FA[1].u_fa/stage_carry[11]_48[24]
    SLICE_X10Y2          LUT5 (Prop_lut5_I3_O)        0.053    15.062 r  GEN_BRAM.u_core/alu/u_mul/u_mul/GEN_ARRAY.u_mul/u_csa_row0/GEN_CSA_FA[1].u_fa/result[24]_INST_0_i_105/O
                         net (fo=3, routed)           0.630    15.693    GEN_BRAM.u_core/alu/u_mul/u_mul/GEN_ARRAY.u_mul/u_csa_row0/GEN_CSA_FA[1].u_fa/stage_sum[12]_37[24]
    SLICE_X9Y3           LUT5 (Prop_lut5_I1_O)        0.053    15.746 r  GEN_BRAM.u_core/alu/u_mul/u_mul/GEN_ARRAY.u_mul/u_csa_row0/GEN_CSA_FA[1].u_fa/result[26]_INST_0_i_74/O
                         net (fo=3, routed)           0.592    16.337    GEN_BRAM.u_core/alu/u_mul/u_mul/GEN_ARRAY.u_mul/u_csa_row0/GEN_CSA_FA[1].u_fa/stage_carry[14]_12[25]
    SLICE_X4Y1           LUT3 (Prop_lut3_I0_O)        0.053    16.390 r  GEN_BRAM.u_core/alu/u_mul/u_mul/GEN_ARRAY.u_mul/u_csa_row0/GEN_CSA_FA[1].u_fa/result[26]_INST_0_i_82/O
                         net (fo=2, routed)           0.323    16.713    GEN_BRAM.u_core/alu/u_mul/u_mul/GEN_ARRAY.u_mul/u_csa_row0/GEN_CSA_FA[1].u_fa/stage_carry[15]_50[26]
    SLICE_X4Y0           LUT5 (Prop_lut5_I3_O)        0.053    16.766 r  GEN_BRAM.u_core/alu/u_mul/u_mul/GEN_ARRAY.u_mul/u_csa_row0/GEN_CSA_FA[1].u_fa/result[26]_INST_0_i_70/O
                         net (fo=3, routed)           0.392    17.158    GEN_BRAM.u_core/alu/u_mul/u_mul/GEN_ARRAY.u_mul/u_csa_row0/GEN_CSA_FA[1].u_fa/stage_sum[16]_35[26]
    SLICE_X2Y3           LUT3 (Prop_lut3_I1_O)        0.053    17.211 r  GEN_BRAM.u_core/alu/u_mul/u_mul/GEN_ARRAY.u_mul/u_csa_row0/GEN_CSA_FA[1].u_fa/result[28]_INST_0_i_82/O
                         net (fo=2, routed)           0.467    17.679    GEN_BRAM.u_core/alu/u_mul/u_mul/GEN_ARRAY.u_mul/u_csa_row0/GEN_CSA_FA[1].u_fa/stage_carry[17]_51[27]
    SLICE_X2Y3           LUT5 (Prop_lut5_I3_O)        0.053    17.732 r  GEN_BRAM.u_core/alu/u_mul/u_mul/GEN_ARRAY.u_mul/u_csa_row0/GEN_CSA_FA[1].u_fa/result[28]_INST_0_i_70/O
                         net (fo=3, routed)           0.157    17.889    GEN_BRAM.u_core/alu/u_mul/u_mul/GEN_ARRAY.u_mul/u_csa_row0/GEN_CSA_FA[1].u_fa/stage_sum[18]_34[27]
    SLICE_X2Y3           LUT3 (Prop_lut3_I1_O)        0.053    17.942 r  GEN_BRAM.u_core/alu/u_mul/u_mul/GEN_ARRAY.u_mul/u_csa_row0/GEN_CSA_FA[1].u_fa/result[28]_INST_0_i_77/O
                         net (fo=2, routed)           0.433    18.375    GEN_BRAM.u_core/alu/u_mul/u_mul/GEN_ARRAY.u_mul/u_csa_row0/GEN_CSA_FA[1].u_fa/stage_carry[19]_52[28]
    SLICE_X2Y1           LUT5 (Prop_lut5_I3_O)        0.053    18.428 r  GEN_BRAM.u_core/alu/u_mul/u_mul/GEN_ARRAY.u_mul/u_csa_row0/GEN_CSA_FA[1].u_fa/result[28]_INST_0_i_65/O
                         net (fo=3, routed)           0.603    19.030    GEN_BRAM.u_core/alu/u_mul/u_mul/GEN_ARRAY.u_mul/u_csa_row0/GEN_CSA_FA[1].u_fa/stage_sum[20]_33[28]
    SLICE_X0Y6           LUT3 (Prop_lut3_I1_O)        0.053    19.083 r  GEN_BRAM.u_core/alu/u_mul/u_mul/GEN_ARRAY.u_mul/u_csa_row0/GEN_CSA_FA[1].u_fa/result[30]_INST_0_i_41/O
                         net (fo=2, routed)           0.352    19.436    GEN_BRAM.u_core/alu/u_mul/u_mul/GEN_ARRAY.u_mul/u_csa_row0/GEN_CSA_FA[1].u_fa/stage_carry[21]_53[29]
    SLICE_X1Y3           LUT5 (Prop_lut5_I3_O)        0.053    19.489 r  GEN_BRAM.u_core/alu/u_mul/u_mul/GEN_ARRAY.u_mul/u_csa_row0/GEN_CSA_FA[1].u_fa/result[30]_INST_0_i_29/O
                         net (fo=3, routed)           0.436    19.925    GEN_BRAM.u_core/alu/u_mul/u_mul/GEN_ARRAY.u_mul/u_csa_row0/GEN_CSA_FA[1].u_fa/stage_sum[22]_32[29]
    SLICE_X0Y6           LUT3 (Prop_lut3_I1_O)        0.053    19.978 r  GEN_BRAM.u_core/alu/u_mul/u_mul/GEN_ARRAY.u_mul/u_csa_row0/GEN_CSA_FA[1].u_fa/result[30]_INST_0_i_36/O
                         net (fo=2, routed)           0.433    20.411    GEN_BRAM.u_core/alu/u_mul/u_mul/GEN_ARRAY.u_mul/u_csa_row0/GEN_CSA_FA[1].u_fa/stage_carry[23]_54[30]
    SLICE_X3Y5           LUT5 (Prop_lut5_I3_O)        0.053    20.464 r  GEN_BRAM.u_core/alu/u_mul/u_mul/GEN_ARRAY.u_mul/u_csa_row0/GEN_CSA_FA[1].u_fa/result[30]_INST_0_i_23/O
                         net (fo=3, routed)           0.482    20.946    GEN_BRAM.u_core/alu/u_mul/u_mul/GEN_ARRAY.u_mul/u_csa_row0/GEN_CSA_FA[1].u_fa/stage_sum[24]_31[30]
    SLICE_X4Y8           LUT3 (Prop_lut3_I1_O)        0.053    20.999 r  GEN_BRAM.u_core/alu/u_mul/u_mul/GEN_ARRAY.u_mul/u_csa_row0/GEN_CSA_FA[1].u_fa/result[31]_INST_0_i_41/O
                         net (fo=2, routed)           0.371    21.370    GEN_BRAM.u_core/alu/u_mul/u_mul/GEN_ARRAY.u_mul/u_csa_row0/GEN_CSA_FA[1].u_fa/stage_carry[25]_55[31]
    SLICE_X4Y6           LUT5 (Prop_lut5_I3_O)        0.053    21.423 r  GEN_BRAM.u_core/alu/u_mul/u_mul/GEN_ARRAY.u_mul/u_csa_row0/GEN_CSA_FA[1].u_fa/result[31]_INST_0_i_31/O
                         net (fo=3, routed)           0.453    21.876    GEN_BRAM.u_core/alu/u_mul/u_mul/GEN_ARRAY.u_mul/u_csa_row0/GEN_CSA_FA[1].u_fa/stage_sum[26]_30[31]
    SLICE_X7Y9           LUT3 (Prop_lut3_I1_O)        0.053    21.929 r  GEN_BRAM.u_core/alu/u_mul/u_mul/GEN_ARRAY.u_mul/u_csa_row0/GEN_CSA_FA[1].u_fa/result[2]_INST_0_i_22/O
                         net (fo=3, routed)           0.617    22.545    GEN_BRAM.u_core/alu/u_mul/u_mul/GEN_ARRAY.u_mul/u_csa_row0/GEN_CSA_FA[1].u_fa/stage_carry[27]_56[32]
    SLICE_X9Y9           LUT5 (Prop_lut5_I0_O)        0.053    22.598 r  GEN_BRAM.u_core/alu/u_mul/u_mul/GEN_ARRAY.u_mul/u_csa_row0/GEN_CSA_FA[1].u_fa/result[1]_INST_0_i_4/O
                         net (fo=4, routed)           0.721    23.319    GEN_BRAM.u_core/alu/u_mul/u_mul/GEN_ARRAY.u_mul/u_csa_row0/GEN_CSA_FA[1].u_fa/stage_sum[29]_57[32]
    SLICE_X8Y15          LUT5 (Prop_lut5_I4_O)        0.065    23.384 r  GEN_BRAM.u_core/alu/u_mul/u_mul/GEN_ARRAY.u_mul/u_csa_row0/GEN_CSA_FA[1].u_fa/result[1]_INST_0_i_6/O
                         net (fo=2, routed)           0.306    23.690    GEN_BRAM.u_core/alu/u_mul/u_mul/GEN_ARRAY.u_mul/u_csa_row0/GEN_CSA_FA[1].u_fa/u_final_cpa/GEN_FINAL_FA[32].u_fa/c2
    SLICE_X8Y16          LUT5 (Prop_lut5_I2_O)        0.171    23.861 r  GEN_BRAM.u_core/alu/u_mul/u_mul/GEN_ARRAY.u_mul/u_csa_row0/GEN_CSA_FA[1].u_fa/result[2]_INST_0_i_9/O
                         net (fo=2, routed)           0.586    24.447    GEN_BRAM.u_core/alu/u_mul/u_mul/GEN_ARRAY.u_mul/u_csa_row0/GEN_CSA_FA[1].u_fa/u_final_cpa/GEN_FINAL_FA[33].u_fa/c2
    SLICE_X8Y16          LUT5 (Prop_lut5_I2_O)        0.183    24.630 r  GEN_BRAM.u_core/alu/u_mul/u_mul/GEN_ARRAY.u_mul/u_csa_row0/GEN_CSA_FA[1].u_fa/result[4]_INST_0_i_14/O
                         net (fo=3, routed)           0.391    25.021    GEN_BRAM.u_core/alu/u_mul/u_mul/GEN_ARRAY.u_mul/u_csa_row0/GEN_CSA_FA[1].u_fa/u_final_cpa/c_35
    SLICE_X7Y16          LUT6 (Prop_lut6_I4_O)        0.172    25.193 r  GEN_BRAM.u_core/alu/u_mul/u_mul/GEN_ARRAY.u_mul/u_csa_row0/GEN_CSA_FA[1].u_fa/result[6]_INST_0_i_12/O
                         net (fo=3, routed)           0.205    25.397    GEN_BRAM.u_core/alu/u_mul/u_mul/GEN_ARRAY.u_mul/u_csa_row0/GEN_CSA_FA[1].u_fa/u_final_cpa/c_37
    SLICE_X7Y16          LUT6 (Prop_lut6_I4_O)        0.053    25.450 r  GEN_BRAM.u_core/alu/u_mul/u_mul/GEN_ARRAY.u_mul/u_csa_row0/GEN_CSA_FA[1].u_fa/result[8]_INST_0_i_13/O
                         net (fo=3, routed)           0.405    25.856    GEN_BRAM.u_core/alu/u_mul/u_mul/GEN_ARRAY.u_mul/u_csa_row0/GEN_CSA_FA[1].u_fa/u_final_cpa/c_39
    SLICE_X9Y17          LUT6 (Prop_lut6_I4_O)        0.053    25.909 r  GEN_BRAM.u_core/alu/u_mul/u_mul/GEN_ARRAY.u_mul/u_csa_row0/GEN_CSA_FA[1].u_fa/result[10]_INST_0_i_12/O
                         net (fo=3, routed)           0.311    26.220    GEN_BRAM.u_core/alu/u_mul/u_mul/GEN_ARRAY.u_mul/u_csa_row0/GEN_CSA_FA[1].u_fa/u_final_cpa/c_41
    SLICE_X9Y18          LUT6 (Prop_lut6_I4_O)        0.053    26.273 r  GEN_BRAM.u_core/alu/u_mul/u_mul/GEN_ARRAY.u_mul/u_csa_row0/GEN_CSA_FA[1].u_fa/result[12]_INST_0_i_13/O
                         net (fo=3, routed)           0.138    26.411    GEN_BRAM.u_core/alu/u_mul/u_mul/GEN_ARRAY.u_mul/u_csa_row0/GEN_CSA_FA[1].u_fa/u_final_cpa/c_43
    SLICE_X9Y18          LUT6 (Prop_lut6_I4_O)        0.053    26.464 r  GEN_BRAM.u_core/alu/u_mul/u_mul/GEN_ARRAY.u_mul/u_csa_row0/GEN_CSA_FA[1].u_fa/result[14]_INST_0_i_12/O
                         net (fo=3, routed)           0.278    26.742    GEN_BRAM.u_core/alu/u_mul/u_mul/GEN_ARRAY.u_mul/u_csa_row0/GEN_CSA_FA[1].u_fa/u_final_cpa/c_45
    SLICE_X10Y19         LUT6 (Prop_lut6_I4_O)        0.053    26.795 r  GEN_BRAM.u_core/alu/u_mul/u_mul/GEN_ARRAY.u_mul/u_csa_row0/GEN_CSA_FA[1].u_fa/result[16]_INST_0_i_13/O
                         net (fo=3, routed)           0.318    27.113    GEN_BRAM.u_core/alu/u_mul/u_mul/GEN_ARRAY.u_mul/u_csa_row0/GEN_CSA_FA[1].u_fa/u_final_cpa/c_47
    SLICE_X10Y20         LUT6 (Prop_lut6_I4_O)        0.053    27.166 r  GEN_BRAM.u_core/alu/u_mul/u_mul/GEN_ARRAY.u_mul/u_csa_row0/GEN_CSA_FA[1].u_fa/result[18]_INST_0_i_12/O
                         net (fo=3, routed)           0.222    27.388    GEN_BRAM.u_core/alu/u_mul/u_mul/GEN_ARRAY.u_mul/u_csa_row0/GEN_CSA_FA[1].u_fa/u_final_cpa/c_49
    SLICE_X10Y20         LUT6 (Prop_lut6_I4_O)        0.053    27.441 r  GEN_BRAM.u_core/alu/u_mul/u_mul/GEN_ARRAY.u_mul/u_csa_row0/GEN_CSA_FA[1].u_fa/result[20]_INST_0_i_13/O
                         net (fo=3, routed)           0.323    27.764    GEN_BRAM.u_core/alu/u_mul/u_mul/GEN_ARRAY.u_mul/u_csa_row0/GEN_CSA_FA[1].u_fa/u_final_cpa/c_51
    SLICE_X10Y21         LUT6 (Prop_lut6_I4_O)        0.053    27.817 r  GEN_BRAM.u_core/alu/u_mul/u_mul/GEN_ARRAY.u_mul/u_csa_row0/GEN_CSA_FA[1].u_fa/result[22]_INST_0_i_12/O
                         net (fo=3, routed)           0.146    27.963    GEN_BRAM.u_core/alu/u_mul/u_mul/GEN_ARRAY.u_mul/u_csa_row0/GEN_CSA_FA[1].u_fa/u_final_cpa/c_53
    SLICE_X10Y21         LUT6 (Prop_lut6_I4_O)        0.053    28.016 r  GEN_BRAM.u_core/alu/u_mul/u_mul/GEN_ARRAY.u_mul/u_csa_row0/GEN_CSA_FA[1].u_fa/result[24]_INST_0_i_13/O
                         net (fo=3, routed)           0.255    28.271    GEN_BRAM.u_core/alu/u_mul/u_mul/GEN_ARRAY.u_mul/u_csa_row0/GEN_CSA_FA[1].u_fa/u_final_cpa/c_55
    SLICE_X10Y22         LUT6 (Prop_lut6_I4_O)        0.053    28.324 r  GEN_BRAM.u_core/alu/u_mul/u_mul/GEN_ARRAY.u_mul/u_csa_row0/GEN_CSA_FA[1].u_fa/result[26]_INST_0_i_12/O
                         net (fo=3, routed)           0.222    28.545    GEN_BRAM.u_core/alu/u_mul/u_mul/GEN_ARRAY.u_mul/u_csa_row0/GEN_CSA_FA[1].u_fa/u_final_cpa/c_57
    SLICE_X10Y22         LUT6 (Prop_lut6_I4_O)        0.053    28.598 r  GEN_BRAM.u_core/alu/u_mul/u_mul/GEN_ARRAY.u_mul/u_csa_row0/GEN_CSA_FA[1].u_fa/result[28]_INST_0_i_13/O
                         net (fo=3, routed)           0.260    28.859    GEN_BRAM.u_core/alu/u_mul/u_mul/GEN_ARRAY.u_mul/u_csa_row0/GEN_CSA_FA[1].u_fa/u_final_cpa/c_59
    SLICE_X8Y22          LUT5 (Prop_lut5_I4_O)        0.053    28.912 f  GEN_BRAM.u_core/alu/u_mul/u_mul/GEN_ARRAY.u_mul/u_csa_row0/GEN_CSA_FA[1].u_fa/result[27]_INST_0_i_2/O
                         net (fo=2, routed)           0.582    29.494    GEN_BRAM.u_core/alu/u_mul/u_mul/GEN_ARRAY.u_mul/u_csa_row0/GEN_CSA_FA[1].u_fa/p_0_in[59]
    SLICE_X7Y22          LUT5 (Prop_lut5_I2_O)        0.053    29.547 r  GEN_BRAM.u_core/alu/u_mul/u_mul/GEN_ARRAY.u_mul/u_csa_row0/GEN_CSA_FA[1].u_fa/result[27]_INST_0/O
                         net (fo=1, routed)           0.418    29.965    GEN_BRAM.u_core/reg_file/result[23]
    SLICE_X5Y20          LUT6 (Prop_lut6_I2_O)        0.053    30.018 r  GEN_BRAM.u_core/reg_file/debug_alu_out_OBUF[27]_inst_i_4/O
                         net (fo=1, routed)           0.128    30.147    GEN_BRAM.u_core/reg_file/debug_alu_out_OBUF[27]_inst_i_4_n_0
    SLICE_X5Y20          LUT6 (Prop_lut6_I5_O)        0.053    30.200 r  GEN_BRAM.u_core/reg_file/debug_alu_out_OBUF[27]_inst_i_1/O
                         net (fo=3, routed)           0.142    30.342    GEN_BRAM.u_core/wb_mux/debug_alu_out_OBUF[27]
    SLICE_X5Y20          LUT6 (Prop_lut6_I0_O)        0.053    30.395 r  GEN_BRAM.u_core/wb_mux/registers_reg_r1_0_31_24_29_i_12/O
                         net (fo=1, routed)           0.357    30.751    GEN_BRAM.u_core/divider/wb_exec[27]
    SLICE_X5Y21          LUT6 (Prop_lut6_I5_O)        0.053    30.804 r  GEN_BRAM.u_core/divider/registers_reg_r1_0_31_24_29_i_3/O
                         net (fo=2, routed)           0.477    31.281    GEN_BRAM.u_core/reg_file/registers_reg_r1_0_31_24_29/DIB1
    SLICE_X6Y21          RAMD32                                       r  GEN_BRAM.u_core/reg_file/registers_reg_r1_0_31_24_29/RAMB_D1/I
  -------------------------------------------------------------------    -------------------

                         (clock sys_clk rise edge)   30.000    30.000 r  
    AD23                                              0.000    30.000 r  clk (IN)
                         net (fo=0)                   0.000    30.000    clk
    AD23                 IBUF (Prop_ibuf_I_O)         0.796    30.796 r  clk_IBUF_inst/O
                         net (fo=1, routed)           1.741    32.537    clk_IBUF
    BUFGCTRL_X0Y0        BUFG (Prop_bufg_I_O)         0.113    32.650 r  clk_IBUF_BUFG_inst/O
                         net (fo=350, routed)         1.592    34.242    GEN_BRAM.u_core/reg_file/registers_reg_r1_0_31_24_29/WCLK
    SLICE_X6Y21          RAMD32                                       r  GEN_BRAM.u_core/reg_file/registers_reg_r1_0_31_24_29/RAMB_D1/CLK
                         clock pessimism              0.256    34.499    
                         clock uncertainty           -0.035    34.463    
    SLICE_X6Y21          RAMD32 (Setup_ramd32_CLK_I)
                                                     -0.159    34.304    GEN_BRAM.u_core/reg_file/registers_reg_r1_0_31_24_29/RAMB_D1
  -------------------------------------------------------------------
                         required time                         34.304    
                         arrival time                         -31.281    
  -------------------------------------------------------------------
                         slack                                  3.024    

Slack (MET) :             3.038ns  (required time - arrival time)
  Source:                 GEN_BRAM.u_core/ir_reg[2]/C
                            (rising edge-triggered cell FDCE clocked by sys_clk  {rise@0.000ns fall@15.000ns period=30.000ns})
  Destination:            GEN_BRAM.u_core/reg_file/registers_reg_r2_0_31_24_29/RAMC_D1/I
                            (rising edge-triggered cell RAMD32 clocked by sys_clk  {rise@0.000ns fall@15.000ns period=30.000ns})
  Path Group:             sys_clk
  Path Type:              Setup (Max at Slow Process Corner)
  Requirement:            30.000ns  (sys_clk rise@30.000ns - sys_clk rise@0.000ns)
  Data Path Delay:        26.791ns  (logic 4.189ns (15.636%)  route 22.602ns (84.364%))
  Logic Levels:           55  (CARRY4=2 LUT3=12 LUT4=1 LUT5=20 LUT6=20)
  Clock Path Skew:        0.038ns (DCD - SCD + CPR)
    Destination Clock Delay (DCD):    4.243ns = ( 34.243 - 30.000 ) 
    Source Clock Delay      (SCD):    4.462ns
    Clock Pessimism Removal (CPR):    0.256ns
  Clock Uncertainty:      0.035ns  ((TSJ^2 + TIJ^2)^1/2 + DJ) / 2 + PE
    Total System Jitter     (TSJ):    0.071ns
    Total Input Jitter      (TIJ):    0.000ns
    Discrete Jitter          (DJ):    0.000ns
    Phase Error              (PE):    0.000ns

    Location             Delay type                Incr(ns)  Path(ns)    Netlist Resource(s)
  -------------------------------------------------------------------    -------------------
                         (clock sys_clk rise edge)    0.000     0.000 r  
    AD23                                              0.000     0.000 r  clk (IN)
                         net (fo=0)                   0.000     0.000    clk
    AD23                 IBUF (Prop_ibuf_I_O)         0.873     0.873 r  clk_IBUF_inst/O
                         net (fo=1, routed)           1.830     2.703    clk_IBUF
    BUFGCTRL_X0Y0        BUFG (Prop_bufg_I_O)         0.120     2.823 r  clk_IBUF_BUFG_inst/O
                         net (fo=350, routed)         1.639     4.462    GEN_BRAM.u_core/clk_IBUF_BUFG
    SLICE_X15Y23         FDCE                                         r  GEN_BRAM.u_core/ir_reg[2]/C
  -------------------------------------------------------------------    -------------------
    SLICE_X15Y23         FDCE (Prop_fdce_C_Q)         0.269     4.731 r  GEN_BRAM.u_core/ir_reg[2]/Q
                         net (fo=24, routed)          0.633     5.364    GEN_BRAM.u_core/reg_file/Q[1]
    SLICE_X14Y24         LUT5 (Prop_lut5_I0_O)        0.053     5.417 r  GEN_BRAM.u_core/reg_file/registers_reg_r1_0_31_0_5_i_25/O
                         net (fo=56, routed)          0.733     6.150    GEN_BRAM.u_core/imm_gen/u_mul_i_32
    SLICE_X12Y20         LUT6 (Prop_lut6_I4_O)        0.053     6.203 f  GEN_BRAM.u_core/imm_gen/u_mul_i_68/O
                         net (fo=1, routed)           0.331     6.534    GEN_BRAM.u_core/alu_mux_b/imm[0]
    SLICE_X12Y20         LUT4 (Prop_lut4_I0_O)        0.053     6.587 r  GEN_BRAM.u_core/alu_mux_b/u_mul_i_32/O
                         net (fo=136, routed)         0.614     7.201    GEN_BRAM.u_core/alu/u_mul/u_mul/GEN_ARRAY.u_mul/u_csa_row0/GEN_CSA_FA[1].u_fa/result[4]_INST_0_i_22_n_0
    SLICE_X13Y19         CARRY4 (Prop_carry4_CYINIT_O[1])
                                                      0.390     7.591 r  GEN_BRAM.u_core/alu/u_mul/u_mul/GEN_ARRAY.u_mul/u_csa_row0/GEN_CSA_FA[1].u_fa/result[4]_INST_0_i_6/O[1]
                         net (fo=32, routed)          0.752     8.343    GEN_BRAM.u_core/alu/u_mul/u_mul/GEN_ARRAY.u_mul/u_csa_row0/GEN_CSA_FA[1].u_fa/mag_b0[2]
    SLICE_X18Y21         LUT6 (Prop_lut6_I3_O)        0.152     8.495 r  GEN_BRAM.u_core/alu/u_mul/u_mul/GEN_ARRAY.u_mul/u_csa_row0/GEN_CSA_FA[1].u_fa/result[14]_INST_0_i_132/O
                         net (fo=2, routed)           0.579     9.074    GEN_BRAM.u_core/alu/u_mul/u_mul/GEN_ARRAY.u_mul/u_csa_row0/GEN_CSA_FA[1].u_fa/pp[2]_91[14]
    SLICE_X18Y21         LUT6 (Prop_lut6_I5_O)        0.053     9.127 r  GEN_BRAM.u_core/alu/u_mul/u_mul/GEN_ARRAY.u_mul/u_csa_row0/GEN_CSA_FA[1].u_fa/result[16]_INST_0_i_144/O
                         net (fo=3, routed)           0.575     9.702    GEN_BRAM.u_core/alu/u_mul/u_mul/GEN_ARRAY.u_mul/u_csa_row0/GEN_CSA_FA[1].u_fa/stage_carry[0]_58[15]
    SLICE_X18Y20         LUT5 (Prop_lut5_I0_O)        0.053     9.755 r  GEN_BRAM.u_core/alu/u_mul/u_mul/GEN_ARRAY.u_mul/u_csa_row0/GEN_CSA_FA[1].u_fa/result[16]_INST_0_i_125/O
                         net (fo=3, routed)           0.366    10.121    GEN_BRAM.u_core/alu/u_mul/u_mul/GEN_ARRAY.u_mul/u_csa_row0/GEN_CSA_FA[1].u_fa/stage_sum[2]_42[15]
    SLICE_X18Y19         LUT3 (Prop_lut3_I1_O)        0.053    10.174 r  GEN_BRAM.u_core/alu/u_mul/u_mul/GEN_ARRAY.u_mul/u_csa_row0/GEN_CSA_FA[1].u_fa/result[16]_INST_0_i_132/O
                         net (fo=2, routed)           0.635    10.809    GEN_BRAM.u_core/alu/u_mul/u_mul/GEN_ARRAY.u_mul/u_csa_row0/GEN_CSA_FA[1].u_fa/stage_carry[3]_44[16]
    SLICE_X19Y19         LUT5 (Prop_lut5_I3_O)        0.053    10.862 r  GEN_BRAM.u_core/alu/u_mul/u_mul/GEN_ARRAY.u_mul/u_csa_row0/GEN_CSA_FA[1].u_fa/result[18]_INST_0_i_109/O
                         net (fo=3, routed)           0.588    11.450    GEN_BRAM.u_core/alu/u_mul/u_mul/GEN_ARRAY.u_mul/u_csa_row0/GEN_CSA_FA[1].u_fa/stage_carry[4]_2[17]
    SLICE_X17Y14         LUT3 (Prop_lut3_I0_O)        0.053    11.503 r  GEN_BRAM.u_core/alu/u_mul/u_mul/GEN_ARRAY.u_mul/u_csa_row0/GEN_CSA_FA[1].u_fa/result[18]_INST_0_i_117/O
                         net (fo=2, routed)           0.626    12.129    GEN_BRAM.u_core/alu/u_mul/u_mul/GEN_ARRAY.u_mul/u_csa_row0/GEN_CSA_FA[1].u_fa/stage_carry[5]_45[18]
    SLICE_X14Y9          LUT5 (Prop_lut5_I3_O)        0.053    12.182 r  GEN_BRAM.u_core/alu/u_mul/u_mul/GEN_ARRAY.u_mul/u_csa_row0/GEN_CSA_FA[1].u_fa/result[20]_INST_0_i_124/O
                         net (fo=3, routed)           0.516    12.698    GEN_BRAM.u_core/alu/u_mul/u_mul/GEN_ARRAY.u_mul/u_csa_row0/GEN_CSA_FA[1].u_fa/stage_carry[6]_4[19]
    SLICE_X13Y8          LUT3 (Prop_lut3_I0_O)        0.053    12.751 r  GEN_BRAM.u_core/alu/u_mul/u_mul/GEN_ARRAY.u_mul/u_csa_row0/GEN_CSA_FA[1].u_fa/result[20]_INST_0_i_132/O
                         net (fo=2, routed)           0.421    13.172    GEN_BRAM.u_core/alu/u_mul/u_mul/GEN_ARRAY.u_mul/u_csa_row0/GEN_CSA_FA[1].u_fa/stage_carry[7]_46[20]
    SLICE_X13Y6          LUT5 (Prop_lut5_I3_O)        0.053    13.225 r  GEN_BRAM.u_core/alu/u_mul/u_mul/GEN_ARRAY.u_mul/u_csa_row0/GEN_CSA_FA[1].u_fa/result[22]_INST_0_i_104/O
                         net (fo=3, routed)           0.482    13.707    GEN_BRAM.u_core/alu/u_mul/u_mul/GEN_ARRAY.u_mul/u_csa_row0/GEN_CSA_FA[1].u_fa/stage_carry[8]_6[21]
    SLICE_X11Y5          LUT3 (Prop_lut3_I0_O)        0.053    13.760 r  GEN_BRAM.u_core/alu/u_mul/u_mul/GEN_ARRAY.u_mul/u_csa_row0/GEN_CSA_FA[1].u_fa/result[22]_INST_0_i_112/O
                         net (fo=2, routed)           0.311    14.072    GEN_BRAM.u_core/alu/u_mul/u_mul/GEN_ARRAY.u_mul/u_csa_row0/GEN_CSA_FA[1].u_fa/stage_carry[9]_47[22]
    SLICE_X11Y3          LUT5 (Prop_lut5_I3_O)        0.053    14.125 r  GEN_BRAM.u_core/alu/u_mul/u_mul/GEN_ARRAY.u_mul/u_csa_row0/GEN_CSA_FA[1].u_fa/result[24]_INST_0_i_109/O
                         net (fo=3, routed)           0.457    14.582    GEN_BRAM.u_core/alu/u_mul/u_mul/GEN_ARRAY.u_mul/u_csa_row0/GEN_CSA_FA[1].u_fa/stage_carry[10]_8[23]
    SLICE_X11Y2          LUT3 (Prop_lut3_I0_O)        0.053    14.635 r  GEN_BRAM.u_core/alu/u_mul/u_mul/GEN_ARRAY.u_mul/u_csa_row0/GEN_CSA_FA[1].u_fa/result[24]_INST_0_i_117/O
                         net (fo=2, routed)           0.374    15.009    GEN_BRAM.u_core/alu/u_mul/u_mul/GEN_ARRAY.u_mul/u_csa_row0/GEN_CSA_FA[1].u_fa/stage_carry[11]_48[24]
    SLICE_X10Y2          LUT5 (Prop_lut5_I3_O)        0.053    15.062 r  GEN_BRAM.u_core/alu/u_mul/u_mul/GEN_ARRAY.u_mul/u_csa_row0/GEN_CSA_FA[1].u_fa/result[24]_INST_0_i_105/O
                         net (fo=3, routed)           0.630    15.693    GEN_BRAM.u_core/alu/u_mul/u_mul/GEN_ARRAY.u_mul/u_csa_row0/GEN_CSA_FA[1].u_fa/stage_sum[12]_37[24]
    SLICE_X9Y3           LUT5 (Prop_lut5_I1_O)        0.053    15.746 r  GEN_BRAM.u_core/alu/u_mul/u_mul/GEN_ARRAY.u_mul/u_csa_row0/GEN_CSA_FA[1].u_fa/result[26]_INST_0_i_74/O
                         net (fo=3, routed)           0.592    16.337    GEN_BRAM.u_core/alu/u_mul/u_mul/GEN_ARRAY.u_mul/u_csa_row0/GEN_CSA_FA[1].u_fa/stage_carry[14]_12[25]
    SLICE_X4Y1           LUT3 (Prop_lut3_I0_O)        0.053    16.390 r  GEN_BRAM.u_core/alu/u_mul/u_mul/GEN_ARRAY.u_mul/u_csa_row0/GEN_CSA_FA[1].u_fa/result[26]_INST_0_i_82/O
                         net (fo=2, routed)           0.323    16.713    GEN_BRAM.u_core/alu/u_mul/u_mul/GEN_ARRAY.u_mul/u_csa_row0/GEN_CSA_FA[1].u_fa/stage_carry[15]_50[26]
    SLICE_X4Y0           LUT5 (Prop_lut5_I3_O)        0.053    16.766 r  GEN_BRAM.u_core/alu/u_mul/u_mul/GEN_ARRAY.u_mul/u_csa_row0/GEN_CSA_FA[1].u_fa/result[26]_INST_0_i_70/O
                         net (fo=3, routed)           0.392    17.158    GEN_BRAM.u_core/alu/u_mul/u_mul/GEN_ARRAY.u_mul/u_csa_row0/GEN_CSA_FA[1].u_fa/stage_sum[16]_35[26]
    SLICE_X2Y3           LUT3 (Prop_lut3_I1_O)        0.053    17.211 r  GEN_BRAM.u_core/alu/u_mul/u_mul/GEN_ARRAY.u_mul/u_csa_row0/GEN_CSA_FA[1].u_fa/result[28]_INST_0_i_82/O
                         net (fo=2, routed)           0.467    17.679    GEN_BRAM.u_core/alu/u_mul/u_mul/GEN_ARRAY.u_mul/u_csa_row0/GEN_CSA_FA[1].u_fa/stage_carry[17]_51[27]
    SLICE_X2Y3           LUT5 (Prop_lut5_I3_O)        0.053    17.732 r  GEN_BRAM.u_core/alu/u_mul/u_mul/GEN_ARRAY.u_mul/u_csa_row0/GEN_CSA_FA[1].u_fa/result[28]_INST_0_i_70/O
                         net (fo=3, routed)           0.157    17.889    GEN_BRAM.u_core/alu/u_mul/u_mul/GEN_ARRAY.u_mul/u_csa_row0/GEN_CSA_FA[1].u_fa/stage_sum[18]_34[27]
    SLICE_X2Y3           LUT3 (Prop_lut3_I1_O)        0.053    17.942 r  GEN_BRAM.u_core/alu/u_mul/u_mul/GEN_ARRAY.u_mul/u_csa_row0/GEN_CSA_FA[1].u_fa/result[28]_INST_0_i_77/O
                         net (fo=2, routed)           0.433    18.375    GEN_BRAM.u_core/alu/u_mul/u_mul/GEN_ARRAY.u_mul/u_csa_row0/GEN_CSA_FA[1].u_fa/stage_carry[19]_52[28]
    SLICE_X2Y1           LUT5 (Prop_lut5_I3_O)        0.053    18.428 r  GEN_BRAM.u_core/alu/u_mul/u_mul/GEN_ARRAY.u_mul/u_csa_row0/GEN_CSA_FA[1].u_fa/result[28]_INST_0_i_65/O
                         net (fo=3, routed)           0.603    19.030    GEN_BRAM.u_core/alu/u_mul/u_mul/GEN_ARRAY.u_mul/u_csa_row0/GEN_CSA_FA[1].u_fa/stage_sum[20]_33[28]
    SLICE_X0Y6           LUT3 (Prop_lut3_I1_O)        0.053    19.083 r  GEN_BRAM.u_core/alu/u_mul/u_mul/GEN_ARRAY.u_mul/u_csa_row0/GEN_CSA_FA[1].u_fa/result[30]_INST_0_i_41/O
                         net (fo=2, routed)           0.352    19.436    GEN_BRAM.u_core/alu/u_mul/u_mul/GEN_ARRAY.u_mul/u_csa_row0/GEN_CSA_FA[1].u_fa/stage_carry[21]_53[29]
    SLICE_X1Y3           LUT5 (Prop_lut5_I3_O)        0.053    19.489 r  GEN_BRAM.u_core/alu/u_mul/u_mul/GEN_ARRAY.u_mul/u_csa_row0/GEN_CSA_FA[1].u_fa/result[30]_INST_0_i_29/O
                         net (fo=3, routed)           0.436    19.925    GEN_BRAM.u_core/alu/u_mul/u_mul/GEN_ARRAY.u_mul/u_csa_row0/GEN_CSA_FA[1].u_fa/stage_sum[22]_32[29]
    SLICE_X0Y6           LUT3 (Prop_lut3_I1_O)        0.053    19.978 r  GEN_BRAM.u_core/alu/u_mul/u_mul/GEN_ARRAY.u_mul/u_csa_row0/GEN_CSA_FA[1].u_fa/result[30]_INST_0_i_36/O
                         net (fo=2, routed)           0.433    20.411    GEN_BRAM.u_core/alu/u_mul/u_mul/GEN_ARRAY.u_mul/u_csa_row0/GEN_CSA_FA[1].u_fa/stage_carry[23]_54[30]
    SLICE_X3Y5           LUT5 (Prop_lut5_I3_O)        0.053    20.464 r  GEN_BRAM.u_core/alu/u_mul/u_mul/GEN_ARRAY.u_mul/u_csa_row0/GEN_CSA_FA[1].u_fa/result[30]_INST_0_i_23/O
                         net (fo=3, routed)           0.482    20.946    GEN_BRAM.u_core/alu/u_mul/u_mul/GEN_ARRAY.u_mul/u_csa_row0/GEN_CSA_FA[1].u_fa/stage_sum[24]_31[30]
    SLICE_X4Y8           LUT3 (Prop_lut3_I1_O)        0.053    20.999 r  GEN_BRAM.u_core/alu/u_mul/u_mul/GEN_ARRAY.u_mul/u_csa_row0/GEN_CSA_FA[1].u_fa/result[31]_INST_0_i_41/O
                         net (fo=2, routed)           0.371    21.370    GEN_BRAM.u_core/alu/u_mul/u_mul/GEN_ARRAY.u_mul/u_csa_row0/GEN_CSA_FA[1].u_fa/stage_carry[25]_55[31]
    SLICE_X4Y6           LUT5 (Prop_lut5_I3_O)        0.053    21.423 r  GEN_BRAM.u_core/alu/u_mul/u_mul/GEN_ARRAY.u_mul/u_csa_row0/GEN_CSA_FA[1].u_fa/result[31]_INST_0_i_31/O
                         net (fo=3, routed)           0.453    21.876    GEN_BRAM.u_core/alu/u_mul/u_mul/GEN_ARRAY.u_mul/u_csa_row0/GEN_CSA_FA[1].u_fa/stage_sum[26]_30[31]
    SLICE_X7Y9           LUT3 (Prop_lut3_I1_O)        0.053    21.929 r  GEN_BRAM.u_core/alu/u_mul/u_mul/GEN_ARRAY.u_mul/u_csa_row0/GEN_CSA_FA[1].u_fa/result[2]_INST_0_i_22/O
                         net (fo=3, routed)           0.617    22.545    GEN_BRAM.u_core/alu/u_mul/u_mul/GEN_ARRAY.u_mul/u_csa_row0/GEN_CSA_FA[1].u_fa/stage_carry[27]_56[32]
    SLICE_X9Y9           LUT5 (Prop_lut5_I0_O)        0.053    22.598 r  GEN_BRAM.u_core/alu/u_mul/u_mul/GEN_ARRAY.u_mul/u_csa_row0/GEN_CSA_FA[1].u_fa/result[1]_INST_0_i_4/O
                         net (fo=4, routed)           0.721    23.319    GEN_BRAM.u_core/alu/u_mul/u_mul/GEN_ARRAY.u_mul/u_csa_row0/GEN_CSA_FA[1].u_fa/stage_sum[29]_57[32]
    SLICE_X8Y15          LUT5 (Prop_lut5_I4_O)        0.065    23.384 r  GEN_BRAM.u_core/alu/u_mul/u_mul/GEN_ARRAY.u_mul/u_csa_row0/GEN_CSA_FA[1].u_fa/result[1]_INST_0_i_6/O
                         net (fo=2, routed)           0.306    23.690    GEN_BRAM.u_core/alu/u_mul/u_mul/GEN_ARRAY.u_mul/u_csa_row0/GEN_CSA_FA[1].u_fa/u_final_cpa/GEN_FINAL_FA[32].u_fa/c2
    SLICE_X8Y16          LUT5 (Prop_lut5_I2_O)        0.171    23.861 r  GEN_BRAM.u_core/alu/u_mul/u_mul/GEN_ARRAY.u_mul/u_csa_row0/GEN_CSA_FA[1].u_fa/result[2]_INST_0_i_9/O
                         net (fo=2, routed)           0.586    24.447    GEN_BRAM.u_core/alu/u_mul/u_mul/GEN_ARRAY.u_mul/u_csa_row0/GEN_CSA_FA[1].u_fa/u_final_cpa/GEN_FINAL_FA[33].u_fa/c2
    SLICE_X8Y16          LUT5 (Prop_lut5_I2_O)        0.183    24.630 r  GEN_BRAM.u_core/alu/u_mul/u_mul/GEN_ARRAY.u_mul/u_csa_row0/GEN_CSA_FA[1].u_fa/result[4]_INST_0_i_14/O
                         net (fo=3, routed)           0.391    25.021    GEN_BRAM.u_core/alu/u_mul/u_mul/GEN_ARRAY.u_mul/u_csa_row0/GEN_CSA_FA[1].u_fa/u_final_cpa/c_35
    SLICE_X7Y16          LUT6 (Prop_lut6_I4_O)        0.172    25.193 r  GEN_BRAM.u_core/alu/u_mul/u_mul/GEN_ARRAY.u_mul/u_csa_row0/GEN_CSA_FA[1].u_fa/result[6]_INST_0_i_12/O
                         net (fo=3, routed)           0.205    25.397    GEN_BRAM.u_core/alu/u_mul/u_mul/GEN_ARRAY.u_mul/u_csa_row0/GEN_CSA_FA[1].u_fa/u_final_cpa/c_37
    SLICE_X7Y16          LUT6 (Prop_lut6_I4_O)        0.053    25.450 r  GEN_BRAM.u_core/alu/u_mul/u_mul/GEN_ARRAY.u_mul/u_csa_row0/GEN_CSA_FA[1].u_fa/result[8]_INST_0_i_13/O
                         net (fo=3, routed)           0.405    25.856    GEN_BRAM.u_core/alu/u_mul/u_mul/GEN_ARRAY.u_mul/u_csa_row0/GEN_CSA_FA[1].u_fa/u_final_cpa/c_39
    SLICE_X9Y17          LUT6 (Prop_lut6_I4_O)        0.053    25.909 r  GEN_BRAM.u_core/alu/u_mul/u_mul/GEN_ARRAY.u_mul/u_csa_row0/GEN_CSA_FA[1].u_fa/result[10]_INST_0_i_12/O
                         net (fo=3, routed)           0.311    26.220    GEN_BRAM.u_core/alu/u_mul/u_mul/GEN_ARRAY.u_mul/u_csa_row0/GEN_CSA_FA[1].u_fa/u_final_cpa/c_41
    SLICE_X9Y18          LUT6 (Prop_lut6_I4_O)        0.053    26.273 r  GEN_BRAM.u_core/alu/u_mul/u_mul/GEN_ARRAY.u_mul/u_csa_row0/GEN_CSA_FA[1].u_fa/result[12]_INST_0_i_13/O
                         net (fo=3, routed)           0.138    26.411    GEN_BRAM.u_core/alu/u_mul/u_mul/GEN_ARRAY.u_mul/u_csa_row0/GEN_CSA_FA[1].u_fa/u_final_cpa/c_43
    SLICE_X9Y18          LUT6 (Prop_lut6_I4_O)        0.053    26.464 r  GEN_BRAM.u_core/alu/u_mul/u_mul/GEN_ARRAY.u_mul/u_csa_row0/GEN_CSA_FA[1].u_fa/result[14]_INST_0_i_12/O
                         net (fo=3, routed)           0.278    26.742    GEN_BRAM.u_core/alu/u_mul/u_mul/GEN_ARRAY.u_mul/u_csa_row0/GEN_CSA_FA[1].u_fa/u_final_cpa/c_45
    SLICE_X10Y19         LUT6 (Prop_lut6_I4_O)        0.053    26.795 r  GEN_BRAM.u_core/alu/u_mul/u_mul/GEN_ARRAY.u_mul/u_csa_row0/GEN_CSA_FA[1].u_fa/result[16]_INST_0_i_13/O
                         net (fo=3, routed)           0.318    27.113    GEN_BRAM.u_core/alu/u_mul/u_mul/GEN_ARRAY.u_mul/u_csa_row0/GEN_CSA_FA[1].u_fa/u_final_cpa/c_47
    SLICE_X10Y20         LUT6 (Prop_lut6_I4_O)        0.053    27.166 r  GEN_BRAM.u_core/alu/u_mul/u_mul/GEN_ARRAY.u_mul/u_csa_row0/GEN_CSA_FA[1].u_fa/result[18]_INST_0_i_12/O
                         net (fo=3, routed)           0.222    27.388    GEN_BRAM.u_core/alu/u_mul/u_mul/GEN_ARRAY.u_mul/u_csa_row0/GEN_CSA_FA[1].u_fa/u_final_cpa/c_49
    SLICE_X10Y20         LUT6 (Prop_lut6_I4_O)        0.053    27.441 r  GEN_BRAM.u_core/alu/u_mul/u_mul/GEN_ARRAY.u_mul/u_csa_row0/GEN_CSA_FA[1].u_fa/result[20]_INST_0_i_13/O
                         net (fo=3, routed)           0.323    27.764    GEN_BRAM.u_core/alu/u_mul/u_mul/GEN_ARRAY.u_mul/u_csa_row0/GEN_CSA_FA[1].u_fa/u_final_cpa/c_51
    SLICE_X10Y21         LUT6 (Prop_lut6_I4_O)        0.053    27.817 r  GEN_BRAM.u_core/alu/u_mul/u_mul/GEN_ARRAY.u_mul/u_csa_row0/GEN_CSA_FA[1].u_fa/result[22]_INST_0_i_12/O
                         net (fo=3, routed)           0.146    27.963    GEN_BRAM.u_core/alu/u_mul/u_mul/GEN_ARRAY.u_mul/u_csa_row0/GEN_CSA_FA[1].u_fa/u_final_cpa/c_53
    SLICE_X10Y21         LUT6 (Prop_lut6_I4_O)        0.053    28.016 r  GEN_BRAM.u_core/alu/u_mul/u_mul/GEN_ARRAY.u_mul/u_csa_row0/GEN_CSA_FA[1].u_fa/result[24]_INST_0_i_13/O
                         net (fo=3, routed)           0.255    28.271    GEN_BRAM.u_core/alu/u_mul/u_mul/GEN_ARRAY.u_mul/u_csa_row0/GEN_CSA_FA[1].u_fa/u_final_cpa/c_55
    SLICE_X10Y22         LUT6 (Prop_lut6_I4_O)        0.053    28.324 r  GEN_BRAM.u_core/alu/u_mul/u_mul/GEN_ARRAY.u_mul/u_csa_row0/GEN_CSA_FA[1].u_fa/result[26]_INST_0_i_12/O
                         net (fo=3, routed)           0.222    28.545    GEN_BRAM.u_core/alu/u_mul/u_mul/GEN_ARRAY.u_mul/u_csa_row0/GEN_CSA_FA[1].u_fa/u_final_cpa/c_57
    SLICE_X10Y22         LUT6 (Prop_lut6_I4_O)        0.053    28.598 r  GEN_BRAM.u_core/alu/u_mul/u_mul/GEN_ARRAY.u_mul/u_csa_row0/GEN_CSA_FA[1].u_fa/result[28]_INST_0_i_13/O
                         net (fo=3, routed)           0.254    28.853    GEN_BRAM.u_core/alu/u_mul/u_mul/GEN_ARRAY.u_mul/u_csa_row0/GEN_CSA_FA[1].u_fa/u_final_cpa/c_59
    SLICE_X9Y22          LUT6 (Prop_lut6_I4_O)        0.053    28.906 r  GEN_BRAM.u_core/alu/u_mul/u_mul/GEN_ARRAY.u_mul/u_csa_row0/GEN_CSA_FA[1].u_fa/result[31]_INST_0_i_13/O
                         net (fo=3, routed)           0.323    29.228    GEN_BRAM.u_core/alu/u_mul/u_mul/GEN_ARRAY.u_mul/u_csa_row0/GEN_CSA_FA[1].u_fa/u_final_cpa/c_61
    SLICE_X8Y23          LUT5 (Prop_lut5_I4_O)        0.053    29.281 r  GEN_BRAM.u_core/alu/u_mul/u_mul/GEN_ARRAY.u_mul/u_csa_row0/GEN_CSA_FA[1].u_fa/result[29]_INST_0_i_2/O
                         net (fo=2, routed)           0.000    29.281    GEN_BRAM.u_core/alu/u_mul/u_mul/GEN_ARRAY.u_mul/u_csa_row0/GEN_CSA_FA[1].u_fa/p_0_in[61]
    SLICE_X8Y23          CARRY4 (Prop_carry4_S[0]_O[0])
                                                      0.143    29.424 r  GEN_BRAM.u_core/alu/u_mul/u_mul/GEN_ARRAY.u_mul/u_csa_row0/GEN_CSA_FA[1].u_fa/result[31]_INST_0_i_6/O[0]
                         net (fo=1, routed)           0.275    29.699    GEN_BRAM.u_core/alu/u_mul/u_mul/GEN_ARRAY.u_mul/u_csa_row0/GEN_CSA_FA[1].u_fa/signed_product0[61]
    SLICE_X9Y23          LUT5 (Prop_lut5_I4_O)        0.153    29.852 r  GEN_BRAM.u_core/alu/u_mul/u_mul/GEN_ARRAY.u_mul/u_csa_row0/GEN_CSA_FA[1].u_fa/result[29]_INST_0/O
                         net (fo=1, routed)           0.359    30.211    GEN_BRAM.u_core/reg_file/result[25]
    SLICE_X7Y23          LUT6 (Prop_lut6_I2_O)        0.053    30.264 r  GEN_BRAM.u_core/reg_file/debug_alu_out_OBUF[29]_inst_i_4/O
                         net (fo=1, routed)           0.128    30.393    GEN_BRAM.u_core/reg_file/debug_alu_out_OBUF[29]_inst_i_4_n_0
    SLICE_X7Y23          LUT6 (Prop_lut6_I5_O)        0.053    30.446 r  GEN_BRAM.u_core/reg_file/debug_alu_out_OBUF[29]_inst_i_1/O
                         net (fo=3, routed)           0.142    30.588    GEN_BRAM.u_core/wb_mux/debug_alu_out_OBUF[29]
    SLICE_X7Y23          LUT6 (Prop_lut6_I0_O)        0.053    30.641 r  GEN_BRAM.u_core/wb_mux/registers_reg_r1_0_31_24_29_i_16/O
                         net (fo=1, routed)           0.294    30.935    GEN_BRAM.u_core/divider/wb_exec[29]
    SLICE_X7Y22          LUT6 (Prop_lut6_I5_O)        0.053    30.988 r  GEN_BRAM.u_core/divider/registers_reg_r1_0_31_24_29_i_5/O
                         net (fo=2, routed)           0.265    31.252    GEN_BRAM.u_core/reg_file/registers_reg_r2_0_31_24_29/DIC1
    SLICE_X6Y20          RAMD32                                       r  GEN_BRAM.u_core/reg_file/registers_reg_r2_0_31_24_29/RAMC_D1/I
  -------------------------------------------------------------------    -------------------

                         (clock sys_clk rise edge)   30.000    30.000 r  
    AD23                                              0.000    30.000 r  clk (IN)
                         net (fo=0)                   0.000    30.000    clk
    AD23                 IBUF (Prop_ibuf_I_O)         0.796    30.796 r  clk_IBUF_inst/O
                         net (fo=1, routed)           1.741    32.537    clk_IBUF
    BUFGCTRL_X0Y0        BUFG (Prop_bufg_I_O)         0.113    32.650 r  clk_IBUF_BUFG_inst/O
                         net (fo=350, routed)         1.593    34.243    GEN_BRAM.u_core/reg_file/registers_reg_r2_0_31_24_29/WCLK
    SLICE_X6Y20          RAMD32                                       r  GEN_BRAM.u_core/reg_file/registers_reg_r2_0_31_24_29/RAMC_D1/CLK
                         clock pessimism              0.256    34.500    
                         clock uncertainty           -0.035    34.464    
    SLICE_X6Y20          RAMD32 (Setup_ramd32_CLK_I)
                                                     -0.174    34.290    GEN_BRAM.u_core/reg_file/registers_reg_r2_0_31_24_29/RAMC_D1
  -------------------------------------------------------------------
                         required time                         34.290    
                         arrival time                         -31.252    
  -------------------------------------------------------------------
                         slack                                  3.038    

Slack (MET) :             3.049ns  (required time - arrival time)
  Source:                 GEN_BRAM.u_core/ir_reg[2]/C
                            (rising edge-triggered cell FDCE clocked by sys_clk  {rise@0.000ns fall@15.000ns period=30.000ns})
  Destination:            GEN_BRAM.u_core/reg_file/registers_reg_r1_0_31_24_29/RAMC_D1/I
                            (rising edge-triggered cell RAMD32 clocked by sys_clk  {rise@0.000ns fall@15.000ns period=30.000ns})
  Path Group:             sys_clk
  Path Type:              Setup (Max at Slow Process Corner)
  Requirement:            30.000ns  (sys_clk rise@30.000ns - sys_clk rise@0.000ns)
  Data Path Delay:        26.779ns  (logic 4.189ns (15.643%)  route 22.590ns (84.357%))
  Logic Levels:           55  (CARRY4=2 LUT3=12 LUT4=1 LUT5=20 LUT6=20)
  Clock Path Skew:        0.037ns (DCD - SCD + CPR)
    Destination Clock Delay (DCD):    4.242ns = ( 34.242 - 30.000 ) 
    Source Clock Delay      (SCD):    4.462ns
    Clock Pessimism Removal (CPR):    0.256ns
  Clock Uncertainty:      0.035ns  ((TSJ^2 + TIJ^2)^1/2 + DJ) / 2 + PE
    Total System Jitter     (TSJ):    0.071ns
    Total Input Jitter      (TIJ):    0.000ns
    Discrete Jitter          (DJ):    0.000ns
    Phase Error              (PE):    0.000ns

    Location             Delay type                Incr(ns)  Path(ns)    Netlist Resource(s)
  -------------------------------------------------------------------    -------------------
                         (clock sys_clk rise edge)    0.000     0.000 r  
    AD23                                              0.000     0.000 r  clk (IN)
                         net (fo=0)                   0.000     0.000    clk
    AD23                 IBUF (Prop_ibuf_I_O)         0.873     0.873 r  clk_IBUF_inst/O
                         net (fo=1, routed)           1.830     2.703    clk_IBUF
    BUFGCTRL_X0Y0        BUFG (Prop_bufg_I_O)         0.120     2.823 r  clk_IBUF_BUFG_inst/O
                         net (fo=350, routed)         1.639     4.462    GEN_BRAM.u_core/clk_IBUF_BUFG
    SLICE_X15Y23         FDCE                                         r  GEN_BRAM.u_core/ir_reg[2]/C
  -------------------------------------------------------------------    -------------------
    SLICE_X15Y23         FDCE (Prop_fdce_C_Q)         0.269     4.731 r  GEN_BRAM.u_core/ir_reg[2]/Q
                         net (fo=24, routed)          0.633     5.364    GEN_BRAM.u_core/reg_file/Q[1]
    SLICE_X14Y24         LUT5 (Prop_lut5_I0_O)        0.053     5.417 r  GEN_BRAM.u_core/reg_file/registers_reg_r1_0_31_0_5_i_25/O
                         net (fo=56, routed)          0.733     6.150    GEN_BRAM.u_core/imm_gen/u_mul_i_32
    SLICE_X12Y20         LUT6 (Prop_lut6_I4_O)        0.053     6.203 f  GEN_BRAM.u_core/imm_gen/u_mul_i_68/O
                         net (fo=1, routed)           0.331     6.534    GEN_BRAM.u_core/alu_mux_b/imm[0]
    SLICE_X12Y20         LUT4 (Prop_lut4_I0_O)        0.053     6.587 r  GEN_BRAM.u_core/alu_mux_b/u_mul_i_32/O
                         net (fo=136, routed)         0.614     7.201    GEN_BRAM.u_core/alu/u_mul/u_mul/GEN_ARRAY.u_mul/u_csa_row0/GEN_CSA_FA[1].u_fa/result[4]_INST_0_i_22_n_0
    SLICE_X13Y19         CARRY4 (Prop_carry4_CYINIT_O[1])
                                                      0.390     7.591 r  GEN_BRAM.u_core/alu/u_mul/u_mul/GEN_ARRAY.u_mul/u_csa_row0/GEN_CSA_FA[1].u_fa/result[4]_INST_0_i_6/O[1]
                         net (fo=32, routed)          0.752     8.343    GEN_BRAM.u_core/alu/u_mul/u_mul/GEN_ARRAY.u_mul/u_csa_row0/GEN_CSA_FA[1].u_fa/mag_b0[2]
    SLICE_X18Y21         LUT6 (Prop_lut6_I3_O)        0.152     8.495 r  GEN_BRAM.u_core/alu/u_mul/u_mul/GEN_ARRAY.u_mul/u_csa_row0/GEN_CSA_FA[1].u_fa/result[14]_INST_0_i_132/O
                         net (fo=2, routed)           0.579     9.074    GEN_BRAM.u_core/alu/u_mul/u_mul/GEN_ARRAY.u_mul/u_csa_row0/GEN_CSA_FA[1].u_fa/pp[2]_91[14]
    SLICE_X18Y21         LUT6 (Prop_lut6_I5_O)        0.053     9.127 r  GEN_BRAM.u_core/alu/u_mul/u_mul/GEN_ARRAY.u_mul/u_csa_row0/GEN_CSA_FA[1].u_fa/result[16]_INST_0_i_144/O
                         net (fo=3, routed)           0.575     9.702    GEN_BRAM.u_core/alu/u_mul/u_mul/GEN_ARRAY.u_mul/u_csa_row0/GEN_CSA_FA[1].u_fa/stage_carry[0]_58[15]
    SLICE_X18Y20         LUT5 (Prop_lut5_I0_O)        0.053     9.755 r  GEN_BRAM.u_core/alu/u_mul/u_mul/GEN_ARRAY.u_mul/u_csa_row0/GEN_CSA_FA[1].u_fa/result[16]_INST_0_i_125/O
                         net (fo=3, routed)           0.366    10.121    GEN_BRAM.u_core/alu/u_mul/u_mul/GEN_ARRAY.u_mul/u_csa_row0/GEN_CSA_FA[1].u_fa/stage_sum[2]_42[15]
    SLICE_X18Y19         LUT3 (Prop_lut3_I1_O)        0.053    10.174 r  GEN_BRAM.u_core/alu/u_mul/u_mul/GEN_ARRAY.u_mul/u_csa_row0/GEN_CSA_FA[1].u_fa/result[16]_INST_0_i_132/O
                         net (fo=2, routed)           0.635    10.809    GEN_BRAM.u_core/alu/u_mul/u_mul/GEN_ARRAY.u_mul/u_csa_row0/GEN_CSA_FA[1].u_fa/stage_carry[3]_44[16]
    SLICE_X19Y19         LUT5 (Prop_lut5_I3_O)        0.053    10.862 r  GEN_BRAM.u_core/alu/u_mul/u_mul/GEN_ARRAY.u_mul/u_csa_row0/GEN_CSA_FA[1].u_fa/result[18]_INST_0_i_109/O
                         net (fo=3, routed)           0.588    11.450    GEN_BRAM.u_core/alu/u_mul/u_mul/GEN_ARRAY.u_mul/u_csa_row0/GEN_CSA_FA[1].u_fa/stage_carry[4]_2[17]
    SLICE_X17Y14         LUT3 (Prop_lut3_I0_O)        0.053    11.503 r  GEN_BRAM.u_core/alu/u_mul/u_mul/GEN_ARRAY.u_mul/u_csa_row0/GEN_CSA_FA[1].u_fa/result[18]_INST_0_i_117/O
                         net (fo=2, routed)           0.626    12.129    GEN_BRAM.u_core/alu/u_mul/u_mul/GEN_ARRAY.u_mul/u_csa_row0/GEN_CSA_FA[1].u_fa/stage_carry[5]_45[18]
    SLICE_X14Y9          LUT5 (Prop_lut5_I3_O)        0.053    12.182 r  GEN_BRAM.u_core/alu/u_mul/u_mul/GEN_ARRAY.u_mul/u_csa_row0/GEN_CSA_FA[1].u_fa/result[20]_INST_0_i_124/O
                         net (fo=3, routed)           0.516    12.698    GEN_BRAM.u_core/alu/u_mul/u_mul/GEN_ARRAY.u_mul/u_csa_row0/GEN_CSA_FA[1].u_fa/stage_carry[6]_4[19]
    SLICE_X13Y8          LUT3 (Prop_lut3_I0_O)        0.053    12.751 r  GEN_BRAM.u_core/alu/u_mul/u_mul/GEN_ARRAY.u_mul/u_csa_row0/GEN_CSA_FA[1].u_fa/result[20]_INST_0_i_132/O
                         net (fo=2, routed)           0.421    13.172    GEN_BRAM.u_core/alu/u_mul/u_mul/GEN_ARRAY.u_mul/u_csa_row0/GEN_CSA_FA[1].u_fa/stage_carry[7]_46[20]
    SLICE_X13Y6          LUT5 (Prop_lut5_I3_O)        0.053    13.225 r  GEN_BRAM.u_core/alu/u_mul/u_mul/GEN_ARRAY.u_mul/u_csa_row0/GEN_CSA_FA[1].u_fa/result[22]_INST_0_i_104/O
                         net (fo=3, routed)           0.482    13.707    GEN_BRAM.u_core/alu/u_mul/u_mul/GEN_ARRAY.u_mul/u_csa_row0/GEN_CSA_FA[1].u_fa/stage_carry[8]_6[21]
    SLICE_X11Y5          LUT3 (Prop_lut3_I0_O)        0.053    13.760 r  GEN_BRAM.u_core/alu/u_mul/u_mul/GEN_ARRAY.u_mul/u_csa_row0/GEN_CSA_FA[1].u_fa/result[22]_INST_0_i_112/O
                         net (fo=2, routed)           0.311    14.072    GEN_BRAM.u_core/alu/u_mul/u_mul/GEN_ARRAY.u_mul/u_csa_row0/GEN_CSA_FA[1].u_fa/stage_carry[9]_47[22]
    SLICE_X11Y3          LUT5 (Prop_lut5_I3_O)        0.053    14.125 r  GEN_BRAM.u_core/alu/u_mul/u_mul/GEN_ARRAY.u_mul/u_csa_row0/GEN_CSA_FA[1].u_fa/result[24]_INST_0_i_109/O
                         net (fo=3, routed)           0.457    14.582    GEN_BRAM.u_core/alu/u_mul/u_mul/GEN_ARRAY.u_mul/u_csa_row0/GEN_CSA_FA[1].u_fa/stage_carry[10]_8[23]
    SLICE_X11Y2          LUT3 (Prop_lut3_I0_O)        0.053    14.635 r  GEN_BRAM.u_core/alu/u_mul/u_mul/GEN_ARRAY.u_mul/u_csa_row0/GEN_CSA_FA[1].u_fa/result[24]_INST_0_i_117/O
                         net (fo=2, routed)           0.374    15.009    GEN_BRAM.u_core/alu/u_mul/u_mul/GEN_ARRAY.u_mul/u_csa_row0/GEN_CSA_FA[1].u_fa/stage_carry[11]_48[24]
    SLICE_X10Y2          LUT5 (Prop_lut5_I3_O)        0.053    15.062 r  GEN_BRAM.u_core/alu/u_mul/u_mul/GEN_ARRAY.u_mul/u_csa_row0/GEN_CSA_FA[1].u_fa/result[24]_INST_0_i_105/O
                         net (fo=3, routed)           0.630    15.693    GEN_BRAM.u_core/alu/u_mul/u_mul/GEN_ARRAY.u_mul/u_csa_row0/GEN_CSA_FA[1].u_fa/stage_sum[12]_37[24]
    SLICE_X9Y3           LUT5 (Prop_lut5_I1_O)        0.053    15.746 r  GEN_BRAM.u_core/alu/u_mul/u_mul/GEN_ARRAY.u_mul/u_csa_row0/GEN_CSA_FA[1].u_fa/result[26]_INST_0_i_74/O
                         net (fo=3, routed)           0.592    16.337    GEN_BRAM.u_core/alu/u_mul/u_mul/GEN_ARRAY.u_mul/u_csa_row0/GEN_CSA_FA[1].u_fa/stage_carry[14]_12[25]
    SLICE_X4Y1           LUT3 (Prop_lut3_I0_O)        0.053    16.390 r  GEN_BRAM.u_core/alu/u_mul/u_mul/GEN_ARRAY.u_mul/u_csa_row0/GEN_CSA_FA[1].u_fa/result[26]_INST_0_i_82/O
                         net (fo=2, routed)           0.323    16.713    GEN_BRAM.u_core/alu/u_mul/u_mul/GEN_ARRAY.u_mul/u_csa_row0/GEN_CSA_FA[1].u_fa/stage_carry[15]_50[26]
    SLICE_X4Y0           LUT5 (Prop_lut5_I3_O)        0.053    16.766 r  GEN_BRAM.u_core/alu/u_mul/u_mul/GEN_ARRAY.u_mul/u_csa_row0/GEN_CSA_FA[1].u_fa/result[26]_INST_0_i_70/O
                         net (fo=3, routed)           0.392    17.158    GEN_BRAM.u_core/alu/u_mul/u_mul/GEN_ARRAY.u_mul/u_csa_row0/GEN_CSA_FA[1].u_fa/stage_sum[16]_35[26]
    SLICE_X2Y3           LUT3 (Prop_lut3_I1_O)        0.053    17.211 r  GEN_BRAM.u_core/alu/u_mul/u_mul/GEN_ARRAY.u_mul/u_csa_row0/GEN_CSA_FA[1].u_fa/result[28]_INST_0_i_82/O
                         net (fo=2, routed)           0.467    17.679    GEN_BRAM.u_core/alu/u_mul/u_mul/GEN_ARRAY.u_mul/u_csa_row0/GEN_CSA_FA[1].u_fa/stage_carry[17]_51[27]
    SLICE_X2Y3           LUT5 (Prop_lut5_I3_O)        0.053    17.732 r  GEN_BRAM.u_core/alu/u_mul/u_mul/GEN_ARRAY.u_mul/u_csa_row0/GEN_CSA_FA[1].u_fa/result[28]_INST_0_i_70/O
                         net (fo=3, routed)           0.157    17.889    GEN_BRAM.u_core/alu/u_mul/u_mul/GEN_ARRAY.u_mul/u_csa_row0/GEN_CSA_FA[1].u_fa/stage_sum[18]_34[27]
    SLICE_X2Y3           LUT3 (Prop_lut3_I1_O)        0.053    17.942 r  GEN_BRAM.u_core/alu/u_mul/u_mul/GEN_ARRAY.u_mul/u_csa_row0/GEN_CSA_FA[1].u_fa/result[28]_INST_0_i_77/O
                         net (fo=2, routed)           0.433    18.375    GEN_BRAM.u_core/alu/u_mul/u_mul/GEN_ARRAY.u_mul/u_csa_row0/GEN_CSA_FA[1].u_fa/stage_carry[19]_52[28]
    SLICE_X2Y1           LUT5 (Prop_lut5_I3_O)        0.053    18.428 r  GEN_BRAM.u_core/alu/u_mul/u_mul/GEN_ARRAY.u_mul/u_csa_row0/GEN_CSA_FA[1].u_fa/result[28]_INST_0_i_65/O
                         net (fo=3, routed)           0.603    19.030    GEN_BRAM.u_core/alu/u_mul/u_mul/GEN_ARRAY.u_mul/u_csa_row0/GEN_CSA_FA[1].u_fa/stage_sum[20]_33[28]
    SLICE_X0Y6           LUT3 (Prop_lut3_I1_O)        0.053    19.083 r  GEN_BRAM.u_core/alu/u_mul/u_mul/GEN_ARRAY.u_mul/u_csa_row0/GEN_CSA_FA[1].u_fa/result[30]_INST_0_i_41/O
                         net (fo=2, routed)           0.352    19.436    GEN_BRAM.u_core/alu/u_mul/u_mul/GEN_ARRAY.u_mul/u_csa_row0/GEN_CSA_FA[1].u_fa/stage_carry[21]_53[29]
    SLICE_X1Y3           LUT5 (Prop_lut5_I3_O)        0.053    19.489 r  GEN_BRAM.u_core/alu/u_mul/u_mul/GEN_ARRAY.u_mul/u_csa_row0/GEN_CSA_FA[1].u_fa/result[30]_INST_0_i_29/O
                         net (fo=3, routed)           0.436    19.925    GEN_BRAM.u_core/alu/u_mul/u_mul/GEN_ARRAY.u_mul/u_csa_row0/GEN_CSA_FA[1].u_fa/stage_sum[22]_32[29]
    SLICE_X0Y6           LUT3 (Prop_lut3_I1_O)        0.053    19.978 r  GEN_BRAM.u_core/alu/u_mul/u_mul/GEN_ARRAY.u_mul/u_csa_row0/GEN_CSA_FA[1].u_fa/result[30]_INST_0_i_36/O
                         net (fo=2, routed)           0.433    20.411    GEN_BRAM.u_core/alu/u_mul/u_mul/GEN_ARRAY.u_mul/u_csa_row0/GEN_CSA_FA[1].u_fa/stage_carry[23]_54[30]
    SLICE_X3Y5           LUT5 (Prop_lut5_I3_O)        0.053    20.464 r  GEN_BRAM.u_core/alu/u_mul/u_mul/GEN_ARRAY.u_mul/u_csa_row0/GEN_CSA_FA[1].u_fa/result[30]_INST_0_i_23/O
                         net (fo=3, routed)           0.482    20.946    GEN_BRAM.u_core/alu/u_mul/u_mul/GEN_ARRAY.u_mul/u_csa_row0/GEN_CSA_FA[1].u_fa/stage_sum[24]_31[30]
    SLICE_X4Y8           LUT3 (Prop_lut3_I1_O)        0.053    20.999 r  GEN_BRAM.u_core/alu/u_mul/u_mul/GEN_ARRAY.u_mul/u_csa_row0/GEN_CSA_FA[1].u_fa/result[31]_INST_0_i_41/O
                         net (fo=2, routed)           0.371    21.370    GEN_BRAM.u_core/alu/u_mul/u_mul/GEN_ARRAY.u_mul/u_csa_row0/GEN_CSA_FA[1].u_fa/stage_carry[25]_55[31]
    SLICE_X4Y6           LUT5 (Prop_lut5_I3_O)        0.053    21.423 r  GEN_BRAM.u_core/alu/u_mul/u_mul/GEN_ARRAY.u_mul/u_csa_row0/GEN_CSA_FA[1].u_fa/result[31]_INST_0_i_31/O
                         net (fo=3, routed)           0.453    21.876    GEN_BRAM.u_core/alu/u_mul/u_mul/GEN_ARRAY.u_mul/u_csa_row0/GEN_CSA_FA[1].u_fa/stage_sum[26]_30[31]
    SLICE_X7Y9           LUT3 (Prop_lut3_I1_O)        0.053    21.929 r  GEN_BRAM.u_core/alu/u_mul/u_mul/GEN_ARRAY.u_mul/u_csa_row0/GEN_CSA_FA[1].u_fa/result[2]_INST_0_i_22/O
                         net (fo=3, routed)           0.617    22.545    GEN_BRAM.u_core/alu/u_mul/u_mul/GEN_ARRAY.u_mul/u_csa_row0/GEN_CSA_FA[1].u_fa/stage_carry[27]_56[32]
    SLICE_X9Y9           LUT5 (Prop_lut5_I0_O)        0.053    22.598 r  GEN_BRAM.u_core/alu/u_mul/u_mul/GEN_ARRAY.u_mul/u_csa_row0/GEN_CSA_FA[1].u_fa/result[1]_INST_0_i_4/O
                         net (fo=4, routed)           0.721    23.319    GEN_BRAM.u_core/alu/u_mul/u_mul/GEN_ARRAY.u_mul/u_csa_row0/GEN_CSA_FA[1].u_fa/stage_sum[29]_57[32]
    SLICE_X8Y15          LUT5 (Prop_lut5_I4_O)        0.065    23.384 r  GEN_BRAM.u_core/alu/u_mul/u_mul/GEN_ARRAY.u_mul/u_csa_row0/GEN_CSA_FA[1].u_fa/result[1]_INST_0_i_6/O
                         net (fo=2, routed)           0.306    23.690    GEN_BRAM.u_core/alu/u_mul/u_mul/GEN_ARRAY.u_mul/u_csa_row0/GEN_CSA_FA[1].u_fa/u_final_cpa/GEN_FINAL_FA[32].u_fa/c2
    SLICE_X8Y16          LUT5 (Prop_lut5_I2_O)        0.171    23.861 r  GEN_BRAM.u_core/alu/u_mul/u_mul/GEN_ARRAY.u_mul/u_csa_row0/GEN_CSA_FA[1].u_fa/result[2]_INST_0_i_9/O
                         net (fo=2, routed)           0.586    24.447    GEN_BRAM.u_core/alu/u_mul/u_mul/GEN_ARRAY.u_mul/u_csa_row0/GEN_CSA_FA[1].u_fa/u_final_cpa/GEN_FINAL_FA[33].u_fa/c2
    SLICE_X8Y16          LUT5 (Prop_lut5_I2_O)        0.183    24.630 r  GEN_BRAM.u_core/alu/u_mul/u_mul/GEN_ARRAY.u_mul/u_csa_row0/GEN_CSA_FA[1].u_fa/result[4]_INST_0_i_14/O
                         net (fo=3, routed)           0.391    25.021    GEN_BRAM.u_core/alu/u_mul/u_mul/GEN_ARRAY.u_mul/u_csa_row0/GEN_CSA_FA[1].u_fa/u_final_cpa/c_35
    SLICE_X7Y16          LUT6 (Prop_lut6_I4_O)        0.172    25.193 r  GEN_BRAM.u_core/alu/u_mul/u_mul/GEN_ARRAY.u_mul/u_csa_row0/GEN_CSA_FA[1].u_fa/result[6]_INST_0_i_12/O
                         net (fo=3, routed)           0.205    25.397    GEN_BRAM.u_core/alu/u_mul/u_mul/GEN_ARRAY.u_mul/u_csa_row0/GEN_CSA_FA[1].u_fa/u_final_cpa/c_37
    SLICE_X7Y16          LUT6 (Prop_lut6_I4_O)        0.053    25.450 r  GEN_BRAM.u_core/alu/u_mul/u_mul/GEN_ARRAY.u_mul/u_csa_row0/GEN_CSA_FA[1].u_fa/result[8]_INST_0_i_13/O
                         net (fo=3, routed)           0.405    25.856    GEN_BRAM.u_core/alu/u_mul/u_mul/GEN_ARRAY.u_mul/u_csa_row0/GEN_CSA_FA[1].u_fa/u_final_cpa/c_39
    SLICE_X9Y17          LUT6 (Prop_lut6_I4_O)        0.053    25.909 r  GEN_BRAM.u_core/alu/u_mul/u_mul/GEN_ARRAY.u_mul/u_csa_row0/GEN_CSA_FA[1].u_fa/result[10]_INST_0_i_12/O
                         net (fo=3, routed)           0.311    26.220    GEN_BRAM.u_core/alu/u_mul/u_mul/GEN_ARRAY.u_mul/u_csa_row0/GEN_CSA_FA[1].u_fa/u_final_cpa/c_41
    SLICE_X9Y18          LUT6 (Prop_lut6_I4_O)        0.053    26.273 r  GEN_BRAM.u_core/alu/u_mul/u_mul/GEN_ARRAY.u_mul/u_csa_row0/GEN_CSA_FA[1].u_fa/result[12]_INST_0_i_13/O
                         net (fo=3, routed)           0.138    26.411    GEN_BRAM.u_core/alu/u_mul/u_mul/GEN_ARRAY.u_mul/u_csa_row0/GEN_CSA_FA[1].u_fa/u_final_cpa/c_43
    SLICE_X9Y18          LUT6 (Prop_lut6_I4_O)        0.053    26.464 r  GEN_BRAM.u_core/alu/u_mul/u_mul/GEN_ARRAY.u_mul/u_csa_row0/GEN_CSA_FA[1].u_fa/result[14]_INST_0_i_12/O
                         net (fo=3, routed)           0.278    26.742    GEN_BRAM.u_core/alu/u_mul/u_mul/GEN_ARRAY.u_mul/u_csa_row0/GEN_CSA_FA[1].u_fa/u_final_cpa/c_45
    SLICE_X10Y19         LUT6 (Prop_lut6_I4_O)        0.053    26.795 r  GEN_BRAM.u_core/alu/u_mul/u_mul/GEN_ARRAY.u_mul/u_csa_row0/GEN_CSA_FA[1].u_fa/result[16]_INST_0_i_13/O
                         net (fo=3, routed)           0.318    27.113    GEN_BRAM.u_core/alu/u_mul/u_mul/GEN_ARRAY.u_mul/u_csa_row0/GEN_CSA_FA[1].u_fa/u_final_cpa/c_47
    SLICE_X10Y20         LUT6 (Prop_lut6_I4_O)        0.053    27.166 r  GEN_BRAM.u_core/alu/u_mul/u_mul/GEN_ARRAY.u_mul/u_csa_row0/GEN_CSA_FA[1].u_fa/result[18]_INST_0_i_12/O
                         net (fo=3, routed)           0.222    27.388    GEN_BRAM.u_core/alu/u_mul/u_mul/GEN_ARRAY.u_mul/u_csa_row0/GEN_CSA_FA[1].u_fa/u_final_cpa/c_49
    SLICE_X10Y20         LUT6 (Prop_lut6_I4_O)        0.053    27.441 r  GEN_BRAM.u_core/alu/u_mul/u_mul/GEN_ARRAY.u_mul/u_csa_row0/GEN_CSA_FA[1].u_fa/result[20]_INST_0_i_13/O
                         net (fo=3, routed)           0.323    27.764    GEN_BRAM.u_core/alu/u_mul/u_mul/GEN_ARRAY.u_mul/u_csa_row0/GEN_CSA_FA[1].u_fa/u_final_cpa/c_51
    SLICE_X10Y21         LUT6 (Prop_lut6_I4_O)        0.053    27.817 r  GEN_BRAM.u_core/alu/u_mul/u_mul/GEN_ARRAY.u_mul/u_csa_row0/GEN_CSA_FA[1].u_fa/result[22]_INST_0_i_12/O
                         net (fo=3, routed)           0.146    27.963    GEN_BRAM.u_core/alu/u_mul/u_mul/GEN_ARRAY.u_mul/u_csa_row0/GEN_CSA_FA[1].u_fa/u_final_cpa/c_53
    SLICE_X10Y21         LUT6 (Prop_lut6_I4_O)        0.053    28.016 r  GEN_BRAM.u_core/alu/u_mul/u_mul/GEN_ARRAY.u_mul/u_csa_row0/GEN_CSA_FA[1].u_fa/result[24]_INST_0_i_13/O
                         net (fo=3, routed)           0.255    28.271    GEN_BRAM.u_core/alu/u_mul/u_mul/GEN_ARRAY.u_mul/u_csa_row0/GEN_CSA_FA[1].u_fa/u_final_cpa/c_55
    SLICE_X10Y22         LUT6 (Prop_lut6_I4_O)        0.053    28.324 r  GEN_BRAM.u_core/alu/u_mul/u_mul/GEN_ARRAY.u_mul/u_csa_row0/GEN_CSA_FA[1].u_fa/result[26]_INST_0_i_12/O
                         net (fo=3, routed)           0.222    28.545    GEN_BRAM.u_core/alu/u_mul/u_mul/GEN_ARRAY.u_mul/u_csa_row0/GEN_CSA_FA[1].u_fa/u_final_cpa/c_57
    SLICE_X10Y22         LUT6 (Prop_lut6_I4_O)        0.053    28.598 r  GEN_BRAM.u_core/alu/u_mul/u_mul/GEN_ARRAY.u_mul/u_csa_row0/GEN_CSA_FA[1].u_fa/result[28]_INST_0_i_13/O
                         net (fo=3, routed)           0.254    28.853    GEN_BRAM.u_core/alu/u_mul/u_mul/GEN_ARRAY.u_mul/u_csa_row0/GEN_CSA_FA[1].u_fa/u_final_cpa/c_59
    SLICE_X9Y22          LUT6 (Prop_lut6_I4_O)        0.053    28.906 r  GEN_BRAM.u_core/alu/u_mul/u_mul/GEN_ARRAY.u_mul/u_csa_row0/GEN_CSA_FA[1].u_fa/result[31]_INST_0_i_13/O
                         net (fo=3, routed)           0.323    29.228    GEN_BRAM.u_core/alu/u_mul/u_mul/GEN_ARRAY.u_mul/u_csa_row0/GEN_CSA_FA[1].u_fa/u_final_cpa/c_61
    SLICE_X8Y23          LUT5 (Prop_lut5_I4_O)        0.053    29.281 r  GEN_BRAM.u_core/alu/u_mul/u_mul/GEN_ARRAY.u_mul/u_csa_row0/GEN_CSA_FA[1].u_fa/result[29]_INST_0_i_2/O
                         net (fo=2, routed)           0.000    29.281    GEN_BRAM.u_core/alu/u_mul/u_mul/GEN_ARRAY.u_mul/u_csa_row0/GEN_CSA_FA[1].u_fa/p_0_in[61]
    SLICE_X8Y23          CARRY4 (Prop_carry4_S[0]_O[0])
                                                      0.143    29.424 r  GEN_BRAM.u_core/alu/u_mul/u_mul/GEN_ARRAY.u_mul/u_csa_row0/GEN_CSA_FA[1].u_fa/result[31]_INST_0_i_6/O[0]
                         net (fo=1, routed)           0.275    29.699    GEN_BRAM.u_core/alu/u_mul/u_mul/GEN_ARRAY.u_mul/u_csa_row0/GEN_CSA_FA[1].u_fa/signed_product0[61]
    SLICE_X9Y23          LUT5 (Prop_lut5_I4_O)        0.153    29.852 r  GEN_BRAM.u_core/alu/u_mul/u_mul/GEN_ARRAY.u_mul/u_csa_row0/GEN_CSA_FA[1].u_fa/result[29]_INST_0/O
                         net (fo=1, routed)           0.359    30.211    GEN_BRAM.u_core/reg_file/result[25]
    SLICE_X7Y23          LUT6 (Prop_lut6_I2_O)        0.053    30.264 r  GEN_BRAM.u_core/reg_file/debug_alu_out_OBUF[29]_inst_i_4/O
                         net (fo=1, routed)           0.128    30.393    GEN_BRAM.u_core/reg_file/debug_alu_out_OBUF[29]_inst_i_4_n_0
    SLICE_X7Y23          LUT6 (Prop_lut6_I5_O)        0.053    30.446 r  GEN_BRAM.u_core/reg_file/debug_alu_out_OBUF[29]_inst_i_1/O
                         net (fo=3, routed)           0.142    30.588    GEN_BRAM.u_core/wb_mux/debug_alu_out_OBUF[29]
    SLICE_X7Y23          LUT6 (Prop_lut6_I0_O)        0.053    30.641 r  GEN_BRAM.u_core/wb_mux/registers_reg_r1_0_31_24_29_i_16/O
                         net (fo=1, routed)           0.294    30.935    GEN_BRAM.u_core/divider/wb_exec[29]
    SLICE_X7Y22          LUT6 (Prop_lut6_I5_O)        0.053    30.988 r  GEN_BRAM.u_core/divider/registers_reg_r1_0_31_24_29_i_5/O
                         net (fo=2, routed)           0.253    31.241    GEN_BRAM.u_core/reg_file/registers_reg_r1_0_31_24_29/DIC1
    SLICE_X6Y21          RAMD32                                       r  GEN_BRAM.u_core/reg_file/registers_reg_r1_0_31_24_29/RAMC_D1/I
  -------------------------------------------------------------------    -------------------

                         (clock sys_clk rise edge)   30.000    30.000 r  
    AD23                                              0.000    30.000 r  clk (IN)
                         net (fo=0)                   0.000    30.000    clk
    AD23                 IBUF (Prop_ibuf_I_O)         0.796    30.796 r  clk_IBUF_inst/O
                         net (fo=1, routed)           1.741    32.537    clk_IBUF
    BUFGCTRL_X0Y0        BUFG (Prop_bufg_I_O)         0.113    32.650 r  clk_IBUF_BUFG_inst/O
                         net (fo=350, routed)         1.592    34.242    GEN_BRAM.u_core/reg_file/registers_reg_r1_0_31_24_29/WCLK
    SLICE_X6Y21          RAMD32                                       r  GEN_BRAM.u_core/reg_file/registers_reg_r1_0_31_24_29/RAMC_D1/CLK
                         clock pessimism              0.256    34.499    
                         clock uncertainty           -0.035    34.463    
    SLICE_X6Y21          RAMD32 (Setup_ramd32_CLK_I)
                                                     -0.174    34.289    GEN_BRAM.u_core/reg_file/registers_reg_r1_0_31_24_29/RAMC_D1
  -------------------------------------------------------------------
                         required time                         34.289    
                         arrival time                         -31.241    
  -------------------------------------------------------------------
                         slack                                  3.049    

Slack (MET) :             3.189ns  (required time - arrival time)
  Source:                 GEN_BRAM.u_core/ir_reg[2]/C
                            (rising edge-triggered cell FDCE clocked by sys_clk  {rise@0.000ns fall@15.000ns period=30.000ns})
  Destination:            GEN_BRAM.u_core/pc_reg[31]/D
                            (rising edge-triggered cell FDCE clocked by sys_clk  {rise@0.000ns fall@15.000ns period=30.000ns})
  Path Group:             sys_clk
  Path Type:              Setup (Max at Slow Process Corner)
  Requirement:            30.000ns  (sys_clk rise@30.000ns - sys_clk rise@0.000ns)
  Data Path Delay:        26.785ns  (logic 4.183ns (15.617%)  route 22.602ns (84.383%))
  Logic Levels:           55  (CARRY4=2 LUT2=1 LUT3=12 LUT4=1 LUT5=18 LUT6=21)
  Clock Path Skew:        -0.026ns (DCD - SCD + CPR)
    Destination Clock Delay (DCD):    4.179ns = ( 34.179 - 30.000 ) 
    Source Clock Delay      (SCD):    4.462ns
    Clock Pessimism Removal (CPR):    0.256ns
  Clock Uncertainty:      0.035ns  ((TSJ^2 + TIJ^2)^1/2 + DJ) / 2 + PE
    Total System Jitter     (TSJ):    0.071ns
    Total Input Jitter      (TIJ):    0.000ns
    Discrete Jitter          (DJ):    0.000ns
    Phase Error              (PE):    0.000ns

    Location             Delay type                Incr(ns)  Path(ns)    Netlist Resource(s)
  -------------------------------------------------------------------    -------------------
                         (clock sys_clk rise edge)    0.000     0.000 r  
    AD23                                              0.000     0.000 r  clk (IN)
                         net (fo=0)                   0.000     0.000    clk
    AD23                 IBUF (Prop_ibuf_I_O)         0.873     0.873 r  clk_IBUF_inst/O
                         net (fo=1, routed)           1.830     2.703    clk_IBUF
    BUFGCTRL_X0Y0        BUFG (Prop_bufg_I_O)         0.120     2.823 r  clk_IBUF_BUFG_inst/O
                         net (fo=350, routed)         1.639     4.462    GEN_BRAM.u_core/clk_IBUF_BUFG
    SLICE_X15Y23         FDCE                                         r  GEN_BRAM.u_core/ir_reg[2]/C
  -------------------------------------------------------------------    -------------------
    SLICE_X15Y23         FDCE (Prop_fdce_C_Q)         0.269     4.731 r  GEN_BRAM.u_core/ir_reg[2]/Q
                         net (fo=24, routed)          0.633     5.364    GEN_BRAM.u_core/reg_file/Q[1]
    SLICE_X14Y24         LUT5 (Prop_lut5_I0_O)        0.053     5.417 r  GEN_BRAM.u_core/reg_file/registers_reg_r1_0_31_0_5_i_25/O
                         net (fo=56, routed)          0.733     6.150    GEN_BRAM.u_core/imm_gen/u_mul_i_32
    SLICE_X12Y20         LUT6 (Prop_lut6_I4_O)        0.053     6.203 f  GEN_BRAM.u_core/imm_gen/u_mul_i_68/O
                         net (fo=1, routed)           0.331     6.534    GEN_BRAM.u_core/alu_mux_b/imm[0]
    SLICE_X12Y20         LUT4 (Prop_lut4_I0_O)        0.053     6.587 r  GEN_BRAM.u_core/alu_mux_b/u_mul_i_32/O
                         net (fo=136, routed)         0.614     7.201    GEN_BRAM.u_core/alu/u_mul/u_mul/GEN_ARRAY.u_mul/u_csa_row0/GEN_CSA_FA[1].u_fa/result[4]_INST_0_i_22_n_0
    SLICE_X13Y19         CARRY4 (Prop_carry4_CYINIT_O[1])
                                                      0.390     7.591 r  GEN_BRAM.u_core/alu/u_mul/u_mul/GEN_ARRAY.u_mul/u_csa_row0/GEN_CSA_FA[1].u_fa/result[4]_INST_0_i_6/O[1]
                         net (fo=32, routed)          0.752     8.343    GEN_BRAM.u_core/alu/u_mul/u_mul/GEN_ARRAY.u_mul/u_csa_row0/GEN_CSA_FA[1].u_fa/mag_b0[2]
    SLICE_X18Y21         LUT6 (Prop_lut6_I3_O)        0.152     8.495 r  GEN_BRAM.u_core/alu/u_mul/u_mul/GEN_ARRAY.u_mul/u_csa_row0/GEN_CSA_FA[1].u_fa/result[14]_INST_0_i_132/O
                         net (fo=2, routed)           0.579     9.074    GEN_BRAM.u_core/alu/u_mul/u_mul/GEN_ARRAY.u_mul/u_csa_row0/GEN_CSA_FA[1].u_fa/pp[2]_91[14]
    SLICE_X18Y21         LUT6 (Prop_lut6_I5_O)        0.053     9.127 r  GEN_BRAM.u_core/alu/u_mul/u_mul/GEN_ARRAY.u_mul/u_csa_row0/GEN_CSA_FA[1].u_fa/result[16]_INST_0_i_144/O
                         net (fo=3, routed)           0.575     9.702    GEN_BRAM.u_core/alu/u_mul/u_mul/GEN_ARRAY.u_mul/u_csa_row0/GEN_CSA_FA[1].u_fa/stage_carry[0]_58[15]
    SLICE_X18Y20         LUT5 (Prop_lut5_I0_O)        0.053     9.755 r  GEN_BRAM.u_core/alu/u_mul/u_mul/GEN_ARRAY.u_mul/u_csa_row0/GEN_CSA_FA[1].u_fa/result[16]_INST_0_i_125/O
                         net (fo=3, routed)           0.366    10.121    GEN_BRAM.u_core/alu/u_mul/u_mul/GEN_ARRAY.u_mul/u_csa_row0/GEN_CSA_FA[1].u_fa/stage_sum[2]_42[15]
    SLICE_X18Y19         LUT3 (Prop_lut3_I1_O)        0.053    10.174 r  GEN_BRAM.u_core/alu/u_mul/u_mul/GEN_ARRAY.u_mul/u_csa_row0/GEN_CSA_FA[1].u_fa/result[16]_INST_0_i_132/O
                         net (fo=2, routed)           0.635    10.809    GEN_BRAM.u_core/alu/u_mul/u_mul/GEN_ARRAY.u_mul/u_csa_row0/GEN_CSA_FA[1].u_fa/stage_carry[3]_44[16]
    SLICE_X19Y19         LUT5 (Prop_lut5_I3_O)        0.053    10.862 r  GEN_BRAM.u_core/alu/u_mul/u_mul/GEN_ARRAY.u_mul/u_csa_row0/GEN_CSA_FA[1].u_fa/result[18]_INST_0_i_109/O
                         net (fo=3, routed)           0.588    11.450    GEN_BRAM.u_core/alu/u_mul/u_mul/GEN_ARRAY.u_mul/u_csa_row0/GEN_CSA_FA[1].u_fa/stage_carry[4]_2[17]
    SLICE_X17Y14         LUT3 (Prop_lut3_I0_O)        0.053    11.503 r  GEN_BRAM.u_core/alu/u_mul/u_mul/GEN_ARRAY.u_mul/u_csa_row0/GEN_CSA_FA[1].u_fa/result[18]_INST_0_i_117/O
                         net (fo=2, routed)           0.626    12.129    GEN_BRAM.u_core/alu/u_mul/u_mul/GEN_ARRAY.u_mul/u_csa_row0/GEN_CSA_FA[1].u_fa/stage_carry[5]_45[18]
    SLICE_X14Y9          LUT5 (Prop_lut5_I3_O)        0.053    12.182 r  GEN_BRAM.u_core/alu/u_mul/u_mul/GEN_ARRAY.u_mul/u_csa_row0/GEN_CSA_FA[1].u_fa/result[20]_INST_0_i_124/O
                         net (fo=3, routed)           0.516    12.698    GEN_BRAM.u_core/alu/u_mul/u_mul/GEN_ARRAY.u_mul/u_csa_row0/GEN_CSA_FA[1].u_fa/stage_carry[6]_4[19]
    SLICE_X13Y8          LUT3 (Prop_lut3_I0_O)        0.053    12.751 r  GEN_BRAM.u_core/alu/u_mul/u_mul/GEN_ARRAY.u_mul/u_csa_row0/GEN_CSA_FA[1].u_fa/result[20]_INST_0_i_132/O
                         net (fo=2, routed)           0.421    13.172    GEN_BRAM.u_core/alu/u_mul/u_mul/GEN_ARRAY.u_mul/u_csa_row0/GEN_CSA_FA[1].u_fa/stage_carry[7]_46[20]
    SLICE_X13Y6          LUT5 (Prop_lut5_I3_O)        0.053    13.225 r  GEN_BRAM.u_core/alu/u_mul/u_mul/GEN_ARRAY.u_mul/u_csa_row0/GEN_CSA_FA[1].u_fa/result[22]_INST_0_i_104/O
                         net (fo=3, routed)           0.482    13.707    GEN_BRAM.u_core/alu/u_mul/u_mul/GEN_ARRAY.u_mul/u_csa_row0/GEN_CSA_FA[1].u_fa/stage_carry[8]_6[21]
    SLICE_X11Y5          LUT3 (Prop_lut3_I0_O)        0.053    13.760 r  GEN_BRAM.u_core/alu/u_mul/u_mul/GEN_ARRAY.u_mul/u_csa_row0/GEN_CSA_FA[1].u_fa/result[22]_INST_0_i_112/O
                         net (fo=2, routed)           0.311    14.072    GEN_BRAM.u_core/alu/u_mul/u_mul/GEN_ARRAY.u_mul/u_csa_row0/GEN_CSA_FA[1].u_fa/stage_carry[9]_47[22]
    SLICE_X11Y3          LUT5 (Prop_lut5_I3_O)        0.053    14.125 r  GEN_BRAM.u_core/alu/u_mul/u_mul/GEN_ARRAY.u_mul/u_csa_row0/GEN_CSA_FA[1].u_fa/result[24]_INST_0_i_109/O
                         net (fo=3, routed)           0.457    14.582    GEN_BRAM.u_core/alu/u_mul/u_mul/GEN_ARRAY.u_mul/u_csa_row0/GEN_CSA_FA[1].u_fa/stage_carry[10]_8[23]
    SLICE_X11Y2          LUT3 (Prop_lut3_I0_O)        0.053    14.635 r  GEN_BRAM.u_core/alu/u_mul/u_mul/GEN_ARRAY.u_mul/u_csa_row0/GEN_CSA_FA[1].u_fa/result[24]_INST_0_i_117/O
                         net (fo=2, routed)           0.374    15.009    GEN_BRAM.u_core/alu/u_mul/u_mul/GEN_ARRAY.u_mul/u_csa_row0/GEN_CSA_FA[1].u_fa/stage_carry[11]_48[24]
    SLICE_X10Y2          LUT5 (Prop_lut5_I3_O)        0.053    15.062 r  GEN_BRAM.u_core/alu/u_mul/u_mul/GEN_ARRAY.u_mul/u_csa_row0/GEN_CSA_FA[1].u_fa/result[24]_INST_0_i_105/O
                         net (fo=3, routed)           0.630    15.693    GEN_BRAM.u_core/alu/u_mul/u_mul/GEN_ARRAY.u_mul/u_csa_row0/GEN_CSA_FA[1].u_fa/stage_sum[12]_37[24]
    SLICE_X9Y3           LUT5 (Prop_lut5_I1_O)        0.053    15.746 r  GEN_BRAM.u_core/alu/u_mul/u_mul/GEN_ARRAY.u_mul/u_csa_row0/GEN_CSA_FA[1].u_fa/result[26]_INST_0_i_74/O
                         net (fo=3, routed)           0.592    16.337    GEN_BRAM.u_core/alu/u_mul/u_mul/GEN_ARRAY.u_mul/u_csa_row0/GEN_CSA_FA[1].u_fa/stage_carry[14]_12[25]
    SLICE_X4Y1           LUT3 (Prop_lut3_I0_O)        0.053    16.390 r  GEN_BRAM.u_core/alu/u_mul/u_mul/GEN_ARRAY.u_mul/u_csa_row0/GEN_CSA_FA[1].u_fa/result[26]_INST_0_i_82/O
                         net (fo=2, routed)           0.323    16.713    GEN_BRAM.u_core/alu/u_mul/u_mul/GEN_ARRAY.u_mul/u_csa_row0/GEN_CSA_FA[1].u_fa/stage_carry[15]_50[26]
    SLICE_X4Y0           LUT5 (Prop_lut5_I3_O)        0.053    16.766 r  GEN_BRAM.u_core/alu/u_mul/u_mul/GEN_ARRAY.u_mul/u_csa_row0/GEN_CSA_FA[1].u_fa/result[26]_INST_0_i_70/O
                         net (fo=3, routed)           0.392    17.158    GEN_BRAM.u_core/alu/u_mul/u_mul/GEN_ARRAY.u_mul/u_csa_row0/GEN_CSA_FA[1].u_fa/stage_sum[16]_35[26]
    SLICE_X2Y3           LUT3 (Prop_lut3_I1_O)        0.053    17.211 r  GEN_BRAM.u_core/alu/u_mul/u_mul/GEN_ARRAY.u_mul/u_csa_row0/GEN_CSA_FA[1].u_fa/result[28]_INST_0_i_82/O
                         net (fo=2, routed)           0.467    17.679    GEN_BRAM.u_core/alu/u_mul/u_mul/GEN_ARRAY.u_mul/u_csa_row0/GEN_CSA_FA[1].u_fa/stage_carry[17]_51[27]
    SLICE_X2Y3           LUT5 (Prop_lut5_I3_O)        0.053    17.732 r  GEN_BRAM.u_core/alu/u_mul/u_mul/GEN_ARRAY.u_mul/u_csa_row0/GEN_CSA_FA[1].u_fa/result[28]_INST_0_i_70/O
                         net (fo=3, routed)           0.157    17.889    GEN_BRAM.u_core/alu/u_mul/u_mul/GEN_ARRAY.u_mul/u_csa_row0/GEN_CSA_FA[1].u_fa/stage_sum[18]_34[27]
    SLICE_X2Y3           LUT3 (Prop_lut3_I1_O)        0.053    17.942 r  GEN_BRAM.u_core/alu/u_mul/u_mul/GEN_ARRAY.u_mul/u_csa_row0/GEN_CSA_FA[1].u_fa/result[28]_INST_0_i_77/O
                         net (fo=2, routed)           0.433    18.375    GEN_BRAM.u_core/alu/u_mul/u_mul/GEN_ARRAY.u_mul/u_csa_row0/GEN_CSA_FA[1].u_fa/stage_carry[19]_52[28]
    SLICE_X2Y1           LUT5 (Prop_lut5_I3_O)        0.053    18.428 r  GEN_BRAM.u_core/alu/u_mul/u_mul/GEN_ARRAY.u_mul/u_csa_row0/GEN_CSA_FA[1].u_fa/result[28]_INST_0_i_65/O
                         net (fo=3, routed)           0.603    19.030    GEN_BRAM.u_core/alu/u_mul/u_mul/GEN_ARRAY.u_mul/u_csa_row0/GEN_CSA_FA[1].u_fa/stage_sum[20]_33[28]
    SLICE_X0Y6           LUT3 (Prop_lut3_I1_O)        0.053    19.083 r  GEN_BRAM.u_core/alu/u_mul/u_mul/GEN_ARRAY.u_mul/u_csa_row0/GEN_CSA_FA[1].u_fa/result[30]_INST_0_i_41/O
                         net (fo=2, routed)           0.352    19.436    GEN_BRAM.u_core/alu/u_mul/u_mul/GEN_ARRAY.u_mul/u_csa_row0/GEN_CSA_FA[1].u_fa/stage_carry[21]_53[29]
    SLICE_X1Y3           LUT5 (Prop_lut5_I3_O)        0.053    19.489 r  GEN_BRAM.u_core/alu/u_mul/u_mul/GEN_ARRAY.u_mul/u_csa_row0/GEN_CSA_FA[1].u_fa/result[30]_INST_0_i_29/O
                         net (fo=3, routed)           0.436    19.925    GEN_BRAM.u_core/alu/u_mul/u_mul/GEN_ARRAY.u_mul/u_csa_row0/GEN_CSA_FA[1].u_fa/stage_sum[22]_32[29]
    SLICE_X0Y6           LUT3 (Prop_lut3_I1_O)        0.053    19.978 r  GEN_BRAM.u_core/alu/u_mul/u_mul/GEN_ARRAY.u_mul/u_csa_row0/GEN_CSA_FA[1].u_fa/result[30]_INST_0_i_36/O
                         net (fo=2, routed)           0.433    20.411    GEN_BRAM.u_core/alu/u_mul/u_mul/GEN_ARRAY.u_mul/u_csa_row0/GEN_CSA_FA[1].u_fa/stage_carry[23]_54[30]
    SLICE_X3Y5           LUT5 (Prop_lut5_I3_O)        0.053    20.464 r  GEN_BRAM.u_core/alu/u_mul/u_mul/GEN_ARRAY.u_mul/u_csa_row0/GEN_CSA_FA[1].u_fa/result[30]_INST_0_i_23/O
                         net (fo=3, routed)           0.482    20.946    GEN_BRAM.u_core/alu/u_mul/u_mul/GEN_ARRAY.u_mul/u_csa_row0/GEN_CSA_FA[1].u_fa/stage_sum[24]_31[30]
    SLICE_X4Y8           LUT3 (Prop_lut3_I1_O)        0.053    20.999 r  GEN_BRAM.u_core/alu/u_mul/u_mul/GEN_ARRAY.u_mul/u_csa_row0/GEN_CSA_FA[1].u_fa/result[31]_INST_0_i_41/O
                         net (fo=2, routed)           0.371    21.370    GEN_BRAM.u_core/alu/u_mul/u_mul/GEN_ARRAY.u_mul/u_csa_row0/GEN_CSA_FA[1].u_fa/stage_carry[25]_55[31]
    SLICE_X4Y6           LUT5 (Prop_lut5_I3_O)        0.053    21.423 r  GEN_BRAM.u_core/alu/u_mul/u_mul/GEN_ARRAY.u_mul/u_csa_row0/GEN_CSA_FA[1].u_fa/result[31]_INST_0_i_31/O
                         net (fo=3, routed)           0.453    21.876    GEN_BRAM.u_core/alu/u_mul/u_mul/GEN_ARRAY.u_mul/u_csa_row0/GEN_CSA_FA[1].u_fa/stage_sum[26]_30[31]
    SLICE_X7Y9           LUT3 (Prop_lut3_I1_O)        0.053    21.929 r  GEN_BRAM.u_core/alu/u_mul/u_mul/GEN_ARRAY.u_mul/u_csa_row0/GEN_CSA_FA[1].u_fa/result[2]_INST_0_i_22/O
                         net (fo=3, routed)           0.617    22.545    GEN_BRAM.u_core/alu/u_mul/u_mul/GEN_ARRAY.u_mul/u_csa_row0/GEN_CSA_FA[1].u_fa/stage_carry[27]_56[32]
    SLICE_X9Y9           LUT5 (Prop_lut5_I0_O)        0.053    22.598 r  GEN_BRAM.u_core/alu/u_mul/u_mul/GEN_ARRAY.u_mul/u_csa_row0/GEN_CSA_FA[1].u_fa/result[1]_INST_0_i_4/O
                         net (fo=4, routed)           0.721    23.319    GEN_BRAM.u_core/alu/u_mul/u_mul/GEN_ARRAY.u_mul/u_csa_row0/GEN_CSA_FA[1].u_fa/stage_sum[29]_57[32]
    SLICE_X8Y15          LUT5 (Prop_lut5_I4_O)        0.065    23.384 f  GEN_BRAM.u_core/alu/u_mul/u_mul/GEN_ARRAY.u_mul/u_csa_row0/GEN_CSA_FA[1].u_fa/result[1]_INST_0_i_6/O
                         net (fo=2, routed)           0.306    23.690    GEN_BRAM.u_core/alu/u_mul/u_mul/GEN_ARRAY.u_mul/u_csa_row0/GEN_CSA_FA[1].u_fa/u_final_cpa/GEN_FINAL_FA[32].u_fa/c2
    SLICE_X8Y16          LUT5 (Prop_lut5_I2_O)        0.171    23.861 f  GEN_BRAM.u_core/alu/u_mul/u_mul/GEN_ARRAY.u_mul/u_csa_row0/GEN_CSA_FA[1].u_fa/result[2]_INST_0_i_9/O
                         net (fo=2, routed)           0.586    24.447    GEN_BRAM.u_core/alu/u_mul/u_mul/GEN_ARRAY.u_mul/u_csa_row0/GEN_CSA_FA[1].u_fa/u_final_cpa/GEN_FINAL_FA[33].u_fa/c2
    SLICE_X8Y16          LUT5 (Prop_lut5_I2_O)        0.183    24.630 f  GEN_BRAM.u_core/alu/u_mul/u_mul/GEN_ARRAY.u_mul/u_csa_row0/GEN_CSA_FA[1].u_fa/result[4]_INST_0_i_14/O
                         net (fo=3, routed)           0.391    25.021    GEN_BRAM.u_core/alu/u_mul/u_mul/GEN_ARRAY.u_mul/u_csa_row0/GEN_CSA_FA[1].u_fa/u_final_cpa/c_35
    SLICE_X7Y16          LUT6 (Prop_lut6_I4_O)        0.172    25.193 f  GEN_BRAM.u_core/alu/u_mul/u_mul/GEN_ARRAY.u_mul/u_csa_row0/GEN_CSA_FA[1].u_fa/result[6]_INST_0_i_12/O
                         net (fo=3, routed)           0.205    25.397    GEN_BRAM.u_core/alu/u_mul/u_mul/GEN_ARRAY.u_mul/u_csa_row0/GEN_CSA_FA[1].u_fa/u_final_cpa/c_37
    SLICE_X7Y16          LUT6 (Prop_lut6_I4_O)        0.053    25.450 f  GEN_BRAM.u_core/alu/u_mul/u_mul/GEN_ARRAY.u_mul/u_csa_row0/GEN_CSA_FA[1].u_fa/result[8]_INST_0_i_13/O
                         net (fo=3, routed)           0.405    25.856    GEN_BRAM.u_core/alu/u_mul/u_mul/GEN_ARRAY.u_mul/u_csa_row0/GEN_CSA_FA[1].u_fa/u_final_cpa/c_39
    SLICE_X9Y17          LUT6 (Prop_lut6_I4_O)        0.053    25.909 f  GEN_BRAM.u_core/alu/u_mul/u_mul/GEN_ARRAY.u_mul/u_csa_row0/GEN_CSA_FA[1].u_fa/result[10]_INST_0_i_12/O
                         net (fo=3, routed)           0.311    26.220    GEN_BRAM.u_core/alu/u_mul/u_mul/GEN_ARRAY.u_mul/u_csa_row0/GEN_CSA_FA[1].u_fa/u_final_cpa/c_41
    SLICE_X9Y18          LUT6 (Prop_lut6_I4_O)        0.053    26.273 f  GEN_BRAM.u_core/alu/u_mul/u_mul/GEN_ARRAY.u_mul/u_csa_row0/GEN_CSA_FA[1].u_fa/result[12]_INST_0_i_13/O
                         net (fo=3, routed)           0.138    26.411    GEN_BRAM.u_core/alu/u_mul/u_mul/GEN_ARRAY.u_mul/u_csa_row0/GEN_CSA_FA[1].u_fa/u_final_cpa/c_43
    SLICE_X9Y18          LUT6 (Prop_lut6_I4_O)        0.053    26.464 f  GEN_BRAM.u_core/alu/u_mul/u_mul/GEN_ARRAY.u_mul/u_csa_row0/GEN_CSA_FA[1].u_fa/result[14]_INST_0_i_12/O
                         net (fo=3, routed)           0.278    26.742    GEN_BRAM.u_core/alu/u_mul/u_mul/GEN_ARRAY.u_mul/u_csa_row0/GEN_CSA_FA[1].u_fa/u_final_cpa/c_45
    SLICE_X10Y19         LUT6 (Prop_lut6_I4_O)        0.053    26.795 f  GEN_BRAM.u_core/alu/u_mul/u_mul/GEN_ARRAY.u_mul/u_csa_row0/GEN_CSA_FA[1].u_fa/result[16]_INST_0_i_13/O
                         net (fo=3, routed)           0.318    27.113    GEN_BRAM.u_core/alu/u_mul/u_mul/GEN_ARRAY.u_mul/u_csa_row0/GEN_CSA_FA[1].u_fa/u_final_cpa/c_47
    SLICE_X10Y20         LUT6 (Prop_lut6_I4_O)        0.053    27.166 f  GEN_BRAM.u_core/alu/u_mul/u_mul/GEN_ARRAY.u_mul/u_csa_row0/GEN_CSA_FA[1].u_fa/result[18]_INST_0_i_12/O
                         net (fo=3, routed)           0.222    27.388    GEN_BRAM.u_core/alu/u_mul/u_mul/GEN_ARRAY.u_mul/u_csa_row0/GEN_CSA_FA[1].u_fa/u_final_cpa/c_49
    SLICE_X10Y20         LUT6 (Prop_lut6_I4_O)        0.053    27.441 f  GEN_BRAM.u_core/alu/u_mul/u_mul/GEN_ARRAY.u_mul/u_csa_row0/GEN_CSA_FA[1].u_fa/result[20]_INST_0_i_13/O
                         net (fo=3, routed)           0.323    27.764    GEN_BRAM.u_core/alu/u_mul/u_mul/GEN_ARRAY.u_mul/u_csa_row0/GEN_CSA_FA[1].u_fa/u_final_cpa/c_51
    SLICE_X10Y21         LUT6 (Prop_lut6_I4_O)        0.053    27.817 f  GEN_BRAM.u_core/alu/u_mul/u_mul/GEN_ARRAY.u_mul/u_csa_row0/GEN_CSA_FA[1].u_fa/result[22]_INST_0_i_12/O
                         net (fo=3, routed)           0.146    27.963    GEN_BRAM.u_core/alu/u_mul/u_mul/GEN_ARRAY.u_mul/u_csa_row0/GEN_CSA_FA[1].u_fa/u_final_cpa/c_53
    SLICE_X10Y21         LUT6 (Prop_lut6_I4_O)        0.053    28.016 f  GEN_BRAM.u_core/alu/u_mul/u_mul/GEN_ARRAY.u_mul/u_csa_row0/GEN_CSA_FA[1].u_fa/result[24]_INST_0_i_13/O
                         net (fo=3, routed)           0.255    28.271    GEN_BRAM.u_core/alu/u_mul/u_mul/GEN_ARRAY.u_mul/u_csa_row0/GEN_CSA_FA[1].u_fa/u_final_cpa/c_55
    SLICE_X10Y22         LUT6 (Prop_lut6_I4_O)        0.053    28.324 f  GEN_BRAM.u_core/alu/u_mul/u_mul/GEN_ARRAY.u_mul/u_csa_row0/GEN_CSA_FA[1].u_fa/result[26]_INST_0_i_12/O
                         net (fo=3, routed)           0.222    28.545    GEN_BRAM.u_core/alu/u_mul/u_mul/GEN_ARRAY.u_mul/u_csa_row0/GEN_CSA_FA[1].u_fa/u_final_cpa/c_57
    SLICE_X10Y22         LUT6 (Prop_lut6_I4_O)        0.053    28.598 f  GEN_BRAM.u_core/alu/u_mul/u_mul/GEN_ARRAY.u_mul/u_csa_row0/GEN_CSA_FA[1].u_fa/result[28]_INST_0_i_13/O
                         net (fo=3, routed)           0.254    28.853    GEN_BRAM.u_core/alu/u_mul/u_mul/GEN_ARRAY.u_mul/u_csa_row0/GEN_CSA_FA[1].u_fa/u_final_cpa/c_59
    SLICE_X9Y22          LUT6 (Prop_lut6_I4_O)        0.053    28.906 f  GEN_BRAM.u_core/alu/u_mul/u_mul/GEN_ARRAY.u_mul/u_csa_row0/GEN_CSA_FA[1].u_fa/result[31]_INST_0_i_13/O
                         net (fo=3, routed)           0.387    29.293    GEN_BRAM.u_core/alu/u_mul/u_mul/GEN_ARRAY.u_mul/u_csa_row0/GEN_CSA_FA[1].u_fa/u_final_cpa/c_61
    SLICE_X9Y23          LUT6 (Prop_lut6_I4_O)        0.053    29.346 f  GEN_BRAM.u_core/alu/u_mul/u_mul/GEN_ARRAY.u_mul/u_csa_row0/GEN_CSA_FA[1].u_fa/result[31]_INST_0_i_4/O
                         net (fo=2, routed)           0.322    29.668    GEN_BRAM.u_core/alu/u_mul/u_mul/GEN_ARRAY.u_mul/u_csa_row0/GEN_CSA_FA[1].u_fa/u_final_cpa/GEN_FINAL_FA[62].u_fa/c2
    SLICE_X8Y23          LUT2 (Prop_lut2_I0_O)        0.053    29.721 r  GEN_BRAM.u_core/alu/u_mul/u_mul/GEN_ARRAY.u_mul/u_csa_row0/GEN_CSA_FA[1].u_fa/result[31]_INST_0_i_14/O
                         net (fo=1, routed)           0.000    29.721    GEN_BRAM.u_core/alu/u_mul/u_mul/GEN_ARRAY.u_mul/u_csa_row0/GEN_CSA_FA[1].u_fa/p_0_in[63]
    SLICE_X8Y23          CARRY4 (Prop_carry4_S[2]_O[2])
                                                      0.138    29.859 r  GEN_BRAM.u_core/alu/u_mul/u_mul/GEN_ARRAY.u_mul/u_csa_row0/GEN_CSA_FA[1].u_fa/result[31]_INST_0_i_6/O[2]
                         net (fo=1, routed)           0.368    30.227    GEN_BRAM.u_core/alu/u_mul/u_mul/GEN_ARRAY.u_mul/u_csa_row0/GEN_CSA_FA[1].u_fa/signed_product0[63]
    SLICE_X9Y25          LUT6 (Prop_lut6_I5_O)        0.152    30.379 r  GEN_BRAM.u_core/alu/u_mul/u_mul/GEN_ARRAY.u_mul/u_csa_row0/GEN_CSA_FA[1].u_fa/result[31]_INST_0/O
                         net (fo=1, routed)           0.131    30.510    GEN_BRAM.u_core/reg_file/result[27]
    SLICE_X9Y25          LUT6 (Prop_lut6_I2_O)        0.053    30.563 r  GEN_BRAM.u_core/reg_file/debug_alu_out_OBUF[31]_inst_i_7/O
                         net (fo=1, routed)           0.194    30.757    GEN_BRAM.u_core/reg_file/debug_alu_out_OBUF[31]_inst_i_7_n_0
    SLICE_X9Y25          LUT6 (Prop_lut6_I5_O)        0.053    30.810 r  GEN_BRAM.u_core/reg_file/debug_alu_out_OBUF[31]_inst_i_1/O
                         net (fo=3, routed)           0.384    31.194    GEN_BRAM.u_core/reg_file/debug_alu_out_OBUF[18]
    SLICE_X11Y25         LUT6 (Prop_lut6_I0_O)        0.053    31.247 r  GEN_BRAM.u_core/reg_file/pc[31]_i_2/O
                         net (fo=1, routed)           0.000    31.247    GEN_BRAM.u_core/pc[31]
    SLICE_X11Y25         FDCE                                         r  GEN_BRAM.u_core/pc_reg[31]/D
  -------------------------------------------------------------------    -------------------

                         (clock sys_clk rise edge)   30.000    30.000 r  
    AD23                                              0.000    30.000 r  clk (IN)
                         net (fo=0)                   0.000    30.000    clk
    AD23                 IBUF (Prop_ibuf_I_O)         0.796    30.796 r  clk_IBUF_inst/O
                         net (fo=1, routed)           1.741    32.537    clk_IBUF
    BUFGCTRL_X0Y0        BUFG (Prop_bufg_I_O)         0.113    32.650 r  clk_IBUF_BUFG_inst/O
                         net (fo=350, routed)         1.529    34.179    GEN_BRAM.u_core/clk_IBUF_BUFG
    SLICE_X11Y25         FDCE                                         r  GEN_BRAM.u_core/pc_reg[31]/C
                         clock pessimism              0.256    34.436    
                         clock uncertainty           -0.035    34.400    
    SLICE_X11Y25         FDCE (Setup_fdce_C_D)        0.035    34.435    GEN_BRAM.u_core/pc_reg[31]
  -------------------------------------------------------------------
                         required time                         34.435    
                         arrival time                         -31.247    
  -------------------------------------------------------------------
                         slack                                  3.189    

Slack (MET) :             3.235ns  (required time - arrival time)
  Source:                 GEN_BRAM.u_core/ir_reg[2]/C
                            (rising edge-triggered cell FDCE clocked by sys_clk  {rise@0.000ns fall@15.000ns period=30.000ns})
  Destination:            GEN_BRAM.u_core/reg_file/registers_reg_r1_0_31_18_23/RAMC_D1/I
                            (rising edge-triggered cell RAMD32 clocked by sys_clk  {rise@0.000ns fall@15.000ns period=30.000ns})
  Path Group:             sys_clk
  Path Type:              Setup (Max at Slow Process Corner)
  Requirement:            30.000ns  (sys_clk rise@30.000ns - sys_clk rise@0.000ns)
  Data Path Delay:        26.589ns  (logic 4.173ns (15.695%)  route 22.416ns (84.305%))
  Logic Levels:           51  (CARRY4=2 LUT3=12 LUT4=1 LUT5=19 LUT6=17)
  Clock Path Skew:        0.033ns (DCD - SCD + CPR)
    Destination Clock Delay (DCD):    4.238ns = ( 34.238 - 30.000 ) 
    Source Clock Delay      (SCD):    4.462ns
    Clock Pessimism Removal (CPR):    0.256ns
  Clock Uncertainty:      0.035ns  ((TSJ^2 + TIJ^2)^1/2 + DJ) / 2 + PE
    Total System Jitter     (TSJ):    0.071ns
    Total Input Jitter      (TIJ):    0.000ns
    Discrete Jitter          (DJ):    0.000ns
    Phase Error              (PE):    0.000ns

    Location             Delay type                Incr(ns)  Path(ns)    Netlist Resource(s)
  -------------------------------------------------------------------    -------------------
                         (clock sys_clk rise edge)    0.000     0.000 r  
    AD23                                              0.000     0.000 r  clk (IN)
                         net (fo=0)                   0.000     0.000    clk
    AD23                 IBUF (Prop_ibuf_I_O)         0.873     0.873 r  clk_IBUF_inst/O
                         net (fo=1, routed)           1.830     2.703    clk_IBUF
    BUFGCTRL_X0Y0        BUFG (Prop_bufg_I_O)         0.120     2.823 r  clk_IBUF_BUFG_inst/O
                         net (fo=350, routed)         1.639     4.462    GEN_BRAM.u_core/clk_IBUF_BUFG
    SLICE_X15Y23         FDCE                                         r  GEN_BRAM.u_core/ir_reg[2]/C
  -------------------------------------------------------------------    -------------------
    SLICE_X15Y23         FDCE (Prop_fdce_C_Q)         0.269     4.731 r  GEN_BRAM.u_core/ir_reg[2]/Q
                         net (fo=24, routed)          0.633     5.364    GEN_BRAM.u_core/reg_file/Q[1]
    SLICE_X14Y24         LUT5 (Prop_lut5_I0_O)        0.053     5.417 r  GEN_BRAM.u_core/reg_file/registers_reg_r1_0_31_0_5_i_25/O
                         net (fo=56, routed)          0.733     6.150    GEN_BRAM.u_core/imm_gen/u_mul_i_32
    SLICE_X12Y20         LUT6 (Prop_lut6_I4_O)        0.053     6.203 f  GEN_BRAM.u_core/imm_gen/u_mul_i_68/O
                         net (fo=1, routed)           0.331     6.534    GEN_BRAM.u_core/alu_mux_b/imm[0]
    SLICE_X12Y20         LUT4 (Prop_lut4_I0_O)        0.053     6.587 r  GEN_BRAM.u_core/alu_mux_b/u_mul_i_32/O
                         net (fo=136, routed)         0.614     7.201    GEN_BRAM.u_core/alu/u_mul/u_mul/GEN_ARRAY.u_mul/u_csa_row0/GEN_CSA_FA[1].u_fa/result[4]_INST_0_i_22_n_0
    SLICE_X13Y19         CARRY4 (Prop_carry4_CYINIT_O[1])
                                                      0.390     7.591 r  GEN_BRAM.u_core/alu/u_mul/u_mul/GEN_ARRAY.u_mul/u_csa_row0/GEN_CSA_FA[1].u_fa/result[4]_INST_0_i_6/O[1]
                         net (fo=32, routed)          0.752     8.343    GEN_BRAM.u_core/alu/u_mul/u_mul/GEN_ARRAY.u_mul/u_csa_row0/GEN_CSA_FA[1].u_fa/mag_b0[2]
    SLICE_X18Y21         LUT6 (Prop_lut6_I3_O)        0.152     8.495 r  GEN_BRAM.u_core/alu/u_mul/u_mul/GEN_ARRAY.u_mul/u_csa_row0/GEN_CSA_FA[1].u_fa/result[14]_INST_0_i_132/O
                         net (fo=2, routed)           0.579     9.074    GEN_BRAM.u_core/alu/u_mul/u_mul/GEN_ARRAY.u_mul/u_csa_row0/GEN_CSA_FA[1].u_fa/pp[2]_91[14]
    SLICE_X18Y21         LUT6 (Prop_lut6_I5_O)        0.053     9.127 r  GEN_BRAM.u_core/alu/u_mul/u_mul/GEN_ARRAY.u_mul/u_csa_row0/GEN_CSA_FA[1].u_fa/result[16]_INST_0_i_144/O
                         net (fo=3, routed)           0.575     9.702    GEN_BRAM.u_core/alu/u_mul/u_mul/GEN_ARRAY.u_mul/u_csa_row0/GEN_CSA_FA[1].u_fa/stage_carry[0]_58[15]
    SLICE_X18Y20         LUT5 (Prop_lut5_I0_O)        0.053     9.755 r  GEN_BRAM.u_core/alu/u_mul/u_mul/GEN_ARRAY.u_mul/u_csa_row0/GEN_CSA_FA[1].u_fa/result[16]_INST_0_i_125/O
                         net (fo=3, routed)           0.366    10.121    GEN_BRAM.u_core/alu/u_mul/u_mul/GEN_ARRAY.u_mul/u_csa_row0/GEN_CSA_FA[1].u_fa/stage_sum[2]_42[15]
    SLICE_X18Y19         LUT3 (Prop_lut3_I1_O)        0.053    10.174 r  GEN_BRAM.u_core/alu/u_mul/u_mul/GEN_ARRAY.u_mul/u_csa_row0/GEN_CSA_FA[1].u_fa/result[16]_INST_0_i_132/O
                         net (fo=2, routed)           0.635    10.809    GEN_BRAM.u_core/alu/u_mul/u_mul/GEN_ARRAY.u_mul/u_csa_row0/GEN_CSA_FA[1].u_fa/stage_carry[3]_44[16]
    SLICE_X19Y19         LUT5 (Prop_lut5_I3_O)        0.053    10.862 r  GEN_BRAM.u_core/alu/u_mul/u_mul/GEN_ARRAY.u_mul/u_csa_row0/GEN_CSA_FA[1].u_fa/result[18]_INST_0_i_109/O
                         net (fo=3, routed)           0.588    11.450    GEN_BRAM.u_core/alu/u_mul/u_mul/GEN_ARRAY.u_mul/u_csa_row0/GEN_CSA_FA[1].u_fa/stage_carry[4]_2[17]
    SLICE_X17Y14         LUT3 (Prop_lut3_I0_O)        0.053    11.503 r  GEN_BRAM.u_core/alu/u_mul/u_mul/GEN_ARRAY.u_mul/u_csa_row0/GEN_CSA_FA[1].u_fa/result[18]_INST_0_i_117/O
                         net (fo=2, routed)           0.626    12.129    GEN_BRAM.u_core/alu/u_mul/u_mul/GEN_ARRAY.u_mul/u_csa_row0/GEN_CSA_FA[1].u_fa/stage_carry[5]_45[18]
    SLICE_X14Y9          LUT5 (Prop_lut5_I3_O)        0.053    12.182 r  GEN_BRAM.u_core/alu/u_mul/u_mul/GEN_ARRAY.u_mul/u_csa_row0/GEN_CSA_FA[1].u_fa/result[20]_INST_0_i_124/O
                         net (fo=3, routed)           0.516    12.698    GEN_BRAM.u_core/alu/u_mul/u_mul/GEN_ARRAY.u_mul/u_csa_row0/GEN_CSA_FA[1].u_fa/stage_carry[6]_4[19]
    SLICE_X13Y8          LUT3 (Prop_lut3_I0_O)        0.053    12.751 r  GEN_BRAM.u_core/alu/u_mul/u_mul/GEN_ARRAY.u_mul/u_csa_row0/GEN_CSA_FA[1].u_fa/result[20]_INST_0_i_132/O
                         net (fo=2, routed)           0.421    13.172    GEN_BRAM.u_core/alu/u_mul/u_mul/GEN_ARRAY.u_mul/u_csa_row0/GEN_CSA_FA[1].u_fa/stage_carry[7]_46[20]
    SLICE_X13Y6          LUT5 (Prop_lut5_I3_O)        0.053    13.225 r  GEN_BRAM.u_core/alu/u_mul/u_mul/GEN_ARRAY.u_mul/u_csa_row0/GEN_CSA_FA[1].u_fa/result[22]_INST_0_i_104/O
                         net (fo=3, routed)           0.482    13.707    GEN_BRAM.u_core/alu/u_mul/u_mul/GEN_ARRAY.u_mul/u_csa_row0/GEN_CSA_FA[1].u_fa/stage_carry[8]_6[21]
    SLICE_X11Y5          LUT3 (Prop_lut3_I0_O)        0.053    13.760 r  GEN_BRAM.u_core/alu/u_mul/u_mul/GEN_ARRAY.u_mul/u_csa_row0/GEN_CSA_FA[1].u_fa/result[22]_INST_0_i_112/O
                         net (fo=2, routed)           0.311    14.072    GEN_BRAM.u_core/alu/u_mul/u_mul/GEN_ARRAY.u_mul/u_csa_row0/GEN_CSA_FA[1].u_fa/stage_carry[9]_47[22]
    SLICE_X11Y3          LUT5 (Prop_lut5_I3_O)        0.053    14.125 r  GEN_BRAM.u_core/alu/u_mul/u_mul/GEN_ARRAY.u_mul/u_csa_row0/GEN_CSA_FA[1].u_fa/result[24]_INST_0_i_109/O
                         net (fo=3, routed)           0.457    14.582    GEN_BRAM.u_core/alu/u_mul/u_mul/GEN_ARRAY.u_mul/u_csa_row0/GEN_CSA_FA[1].u_fa/stage_carry[10]_8[23]
    SLICE_X11Y2          LUT3 (Prop_lut3_I0_O)        0.053    14.635 r  GEN_BRAM.u_core/alu/u_mul/u_mul/GEN_ARRAY.u_mul/u_csa_row0/GEN_CSA_FA[1].u_fa/result[24]_INST_0_i_117/O
                         net (fo=2, routed)           0.374    15.009    GEN_BRAM.u_core/alu/u_mul/u_mul/GEN_ARRAY.u_mul/u_csa_row0/GEN_CSA_FA[1].u_fa/stage_carry[11]_48[24]
    SLICE_X10Y2          LUT5 (Prop_lut5_I3_O)        0.053    15.062 r  GEN_BRAM.u_core/alu/u_mul/u_mul/GEN_ARRAY.u_mul/u_csa_row0/GEN_CSA_FA[1].u_fa/result[24]_INST_0_i_105/O
                         net (fo=3, routed)           0.630    15.693    GEN_BRAM.u_core/alu/u_mul/u_mul/GEN_ARRAY.u_mul/u_csa_row0/GEN_CSA_FA[1].u_fa/stage_sum[12]_37[24]
    SLICE_X9Y3           LUT5 (Prop_lut5_I1_O)        0.053    15.746 r  GEN_BRAM.u_core/alu/u_mul/u_mul/GEN_ARRAY.u_mul/u_csa_row0/GEN_CSA_FA[1].u_fa/result[26]_INST_0_i_74/O
                         net (fo=3, routed)           0.592    16.337    GEN_BRAM.u_core/alu/u_mul/u_mul/GEN_ARRAY.u_mul/u_csa_row0/GEN_CSA_FA[1].u_fa/stage_carry[14]_12[25]
    SLICE_X4Y1           LUT3 (Prop_lut3_I0_O)        0.053    16.390 r  GEN_BRAM.u_core/alu/u_mul/u_mul/GEN_ARRAY.u_mul/u_csa_row0/GEN_CSA_FA[1].u_fa/result[26]_INST_0_i_82/O
                         net (fo=2, routed)           0.323    16.713    GEN_BRAM.u_core/alu/u_mul/u_mul/GEN_ARRAY.u_mul/u_csa_row0/GEN_CSA_FA[1].u_fa/stage_carry[15]_50[26]
    SLICE_X4Y0           LUT5 (Prop_lut5_I3_O)        0.053    16.766 r  GEN_BRAM.u_core/alu/u_mul/u_mul/GEN_ARRAY.u_mul/u_csa_row0/GEN_CSA_FA[1].u_fa/result[26]_INST_0_i_70/O
                         net (fo=3, routed)           0.392    17.158    GEN_BRAM.u_core/alu/u_mul/u_mul/GEN_ARRAY.u_mul/u_csa_row0/GEN_CSA_FA[1].u_fa/stage_sum[16]_35[26]
    SLICE_X2Y3           LUT3 (Prop_lut3_I1_O)        0.053    17.211 r  GEN_BRAM.u_core/alu/u_mul/u_mul/GEN_ARRAY.u_mul/u_csa_row0/GEN_CSA_FA[1].u_fa/result[28]_INST_0_i_82/O
                         net (fo=2, routed)           0.467    17.679    GEN_BRAM.u_core/alu/u_mul/u_mul/GEN_ARRAY.u_mul/u_csa_row0/GEN_CSA_FA[1].u_fa/stage_carry[17]_51[27]
    SLICE_X2Y3           LUT5 (Prop_lut5_I3_O)        0.053    17.732 r  GEN_BRAM.u_core/alu/u_mul/u_mul/GEN_ARRAY.u_mul/u_csa_row0/GEN_CSA_FA[1].u_fa/result[28]_INST_0_i_70/O
                         net (fo=3, routed)           0.157    17.889    GEN_BRAM.u_core/alu/u_mul/u_mul/GEN_ARRAY.u_mul/u_csa_row0/GEN_CSA_FA[1].u_fa/stage_sum[18]_34[27]
    SLICE_X2Y3           LUT3 (Prop_lut3_I1_O)        0.053    17.942 r  GEN_BRAM.u_core/alu/u_mul/u_mul/GEN_ARRAY.u_mul/u_csa_row0/GEN_CSA_FA[1].u_fa/result[28]_INST_0_i_77/O
                         net (fo=2, routed)           0.433    18.375    GEN_BRAM.u_core/alu/u_mul/u_mul/GEN_ARRAY.u_mul/u_csa_row0/GEN_CSA_FA[1].u_fa/stage_carry[19]_52[28]
    SLICE_X2Y1           LUT5 (Prop_lut5_I3_O)        0.053    18.428 r  GEN_BRAM.u_core/alu/u_mul/u_mul/GEN_ARRAY.u_mul/u_csa_row0/GEN_CSA_FA[1].u_fa/result[28]_INST_0_i_65/O
                         net (fo=3, routed)           0.603    19.030    GEN_BRAM.u_core/alu/u_mul/u_mul/GEN_ARRAY.u_mul/u_csa_row0/GEN_CSA_FA[1].u_fa/stage_sum[20]_33[28]
    SLICE_X0Y6           LUT3 (Prop_lut3_I1_O)        0.053    19.083 r  GEN_BRAM.u_core/alu/u_mul/u_mul/GEN_ARRAY.u_mul/u_csa_row0/GEN_CSA_FA[1].u_fa/result[30]_INST_0_i_41/O
                         net (fo=2, routed)           0.352    19.436    GEN_BRAM.u_core/alu/u_mul/u_mul/GEN_ARRAY.u_mul/u_csa_row0/GEN_CSA_FA[1].u_fa/stage_carry[21]_53[29]
    SLICE_X1Y3           LUT5 (Prop_lut5_I3_O)        0.053    19.489 r  GEN_BRAM.u_core/alu/u_mul/u_mul/GEN_ARRAY.u_mul/u_csa_row0/GEN_CSA_FA[1].u_fa/result[30]_INST_0_i_29/O
                         net (fo=3, routed)           0.436    19.925    GEN_BRAM.u_core/alu/u_mul/u_mul/GEN_ARRAY.u_mul/u_csa_row0/GEN_CSA_FA[1].u_fa/stage_sum[22]_32[29]
    SLICE_X0Y6           LUT3 (Prop_lut3_I1_O)        0.053    19.978 r  GEN_BRAM.u_core/alu/u_mul/u_mul/GEN_ARRAY.u_mul/u_csa_row0/GEN_CSA_FA[1].u_fa/result[30]_INST_0_i_36/O
                         net (fo=2, routed)           0.433    20.411    GEN_BRAM.u_core/alu/u_mul/u_mul/GEN_ARRAY.u_mul/u_csa_row0/GEN_CSA_FA[1].u_fa/stage_carry[23]_54[30]
    SLICE_X3Y5           LUT5 (Prop_lut5_I3_O)        0.053    20.464 r  GEN_BRAM.u_core/alu/u_mul/u_mul/GEN_ARRAY.u_mul/u_csa_row0/GEN_CSA_FA[1].u_fa/result[30]_INST_0_i_23/O
                         net (fo=3, routed)           0.482    20.946    GEN_BRAM.u_core/alu/u_mul/u_mul/GEN_ARRAY.u_mul/u_csa_row0/GEN_CSA_FA[1].u_fa/stage_sum[24]_31[30]
    SLICE_X4Y8           LUT3 (Prop_lut3_I1_O)        0.053    20.999 r  GEN_BRAM.u_core/alu/u_mul/u_mul/GEN_ARRAY.u_mul/u_csa_row0/GEN_CSA_FA[1].u_fa/result[31]_INST_0_i_41/O
                         net (fo=2, routed)           0.371    21.370    GEN_BRAM.u_core/alu/u_mul/u_mul/GEN_ARRAY.u_mul/u_csa_row0/GEN_CSA_FA[1].u_fa/stage_carry[25]_55[31]
    SLICE_X4Y6           LUT5 (Prop_lut5_I3_O)        0.053    21.423 r  GEN_BRAM.u_core/alu/u_mul/u_mul/GEN_ARRAY.u_mul/u_csa_row0/GEN_CSA_FA[1].u_fa/result[31]_INST_0_i_31/O
                         net (fo=3, routed)           0.453    21.876    GEN_BRAM.u_core/alu/u_mul/u_mul/GEN_ARRAY.u_mul/u_csa_row0/GEN_CSA_FA[1].u_fa/stage_sum[26]_30[31]
    SLICE_X7Y9           LUT3 (Prop_lut3_I1_O)        0.053    21.929 r  GEN_BRAM.u_core/alu/u_mul/u_mul/GEN_ARRAY.u_mul/u_csa_row0/GEN_CSA_FA[1].u_fa/result[2]_INST_0_i_22/O
                         net (fo=3, routed)           0.617    22.545    GEN_BRAM.u_core/alu/u_mul/u_mul/GEN_ARRAY.u_mul/u_csa_row0/GEN_CSA_FA[1].u_fa/stage_carry[27]_56[32]
    SLICE_X9Y9           LUT5 (Prop_lut5_I0_O)        0.053    22.598 r  GEN_BRAM.u_core/alu/u_mul/u_mul/GEN_ARRAY.u_mul/u_csa_row0/GEN_CSA_FA[1].u_fa/result[1]_INST_0_i_4/O
                         net (fo=4, routed)           0.721    23.319    GEN_BRAM.u_core/alu/u_mul/u_mul/GEN_ARRAY.u_mul/u_csa_row0/GEN_CSA_FA[1].u_fa/stage_sum[29]_57[32]
    SLICE_X8Y15          LUT5 (Prop_lut5_I4_O)        0.065    23.384 r  GEN_BRAM.u_core/alu/u_mul/u_mul/GEN_ARRAY.u_mul/u_csa_row0/GEN_CSA_FA[1].u_fa/result[1]_INST_0_i_6/O
                         net (fo=2, routed)           0.306    23.690    GEN_BRAM.u_core/alu/u_mul/u_mul/GEN_ARRAY.u_mul/u_csa_row0/GEN_CSA_FA[1].u_fa/u_final_cpa/GEN_FINAL_FA[32].u_fa/c2
    SLICE_X8Y16          LUT5 (Prop_lut5_I2_O)        0.171    23.861 r  GEN_BRAM.u_core/alu/u_mul/u_mul/GEN_ARRAY.u_mul/u_csa_row0/GEN_CSA_FA[1].u_fa/result[2]_INST_0_i_9/O
                         net (fo=2, routed)           0.586    24.447    GEN_BRAM.u_core/alu/u_mul/u_mul/GEN_ARRAY.u_mul/u_csa_row0/GEN_CSA_FA[1].u_fa/u_final_cpa/GEN_FINAL_FA[33].u_fa/c2
    SLICE_X8Y16          LUT5 (Prop_lut5_I2_O)        0.183    24.630 r  GEN_BRAM.u_core/alu/u_mul/u_mul/GEN_ARRAY.u_mul/u_csa_row0/GEN_CSA_FA[1].u_fa/result[4]_INST_0_i_14/O
                         net (fo=3, routed)           0.391    25.021    GEN_BRAM.u_core/alu/u_mul/u_mul/GEN_ARRAY.u_mul/u_csa_row0/GEN_CSA_FA[1].u_fa/u_final_cpa/c_35
    SLICE_X7Y16          LUT6 (Prop_lut6_I4_O)        0.172    25.193 r  GEN_BRAM.u_core/alu/u_mul/u_mul/GEN_ARRAY.u_mul/u_csa_row0/GEN_CSA_FA[1].u_fa/result[6]_INST_0_i_12/O
                         net (fo=3, routed)           0.205    25.397    GEN_BRAM.u_core/alu/u_mul/u_mul/GEN_ARRAY.u_mul/u_csa_row0/GEN_CSA_FA[1].u_fa/u_final_cpa/c_37
    SLICE_X7Y16          LUT6 (Prop_lut6_I4_O)        0.053    25.450 r  GEN_BRAM.u_core/alu/u_mul/u_mul/GEN_ARRAY.u_mul/u_csa_row0/GEN_CSA_FA[1].u_fa/result[8]_INST_0_i_13/O
                         net (fo=3, routed)           0.405    25.856    GEN_BRAM.u_core/alu/u_mul/u_mul/GEN_ARRAY.u_mul/u_csa_row0/GEN_CSA_FA[1].u_fa/u_final_cpa/c_39
    SLICE_X9Y17          LUT6 (Prop_lut6_I4_O)        0.053    25.909 r  GEN_BRAM.u_core/alu/u_mul/u_mul/GEN_ARRAY.u_mul/u_csa_row0/GEN_CSA_FA[1].u_fa/result[10]_INST_0_i_12/O
                         net (fo=3, routed)           0.311    26.220    GEN_BRAM.u_core/alu/u_mul/u_mul/GEN_ARRAY.u_mul/u_csa_row0/GEN_CSA_FA[1].u_fa/u_final_cpa/c_41
    SLICE_X9Y18          LUT6 (Prop_lut6_I4_O)        0.053    26.273 r  GEN_BRAM.u_core/alu/u_mul/u_mul/GEN_ARRAY.u_mul/u_csa_row0/GEN_CSA_FA[1].u_fa/result[12]_INST_0_i_13/O
                         net (fo=3, routed)           0.138    26.411    GEN_BRAM.u_core/alu/u_mul/u_mul/GEN_ARRAY.u_mul/u_csa_row0/GEN_CSA_FA[1].u_fa/u_final_cpa/c_43
    SLICE_X9Y18          LUT6 (Prop_lut6_I4_O)        0.053    26.464 r  GEN_BRAM.u_core/alu/u_mul/u_mul/GEN_ARRAY.u_mul/u_csa_row0/GEN_CSA_FA[1].u_fa/result[14]_INST_0_i_12/O
                         net (fo=3, routed)           0.278    26.742    GEN_BRAM.u_core/alu/u_mul/u_mul/GEN_ARRAY.u_mul/u_csa_row0/GEN_CSA_FA[1].u_fa/u_final_cpa/c_45
    SLICE_X10Y19         LUT6 (Prop_lut6_I4_O)        0.053    26.795 r  GEN_BRAM.u_core/alu/u_mul/u_mul/GEN_ARRAY.u_mul/u_csa_row0/GEN_CSA_FA[1].u_fa/result[16]_INST_0_i_13/O
                         net (fo=3, routed)           0.318    27.113    GEN_BRAM.u_core/alu/u_mul/u_mul/GEN_ARRAY.u_mul/u_csa_row0/GEN_CSA_FA[1].u_fa/u_final_cpa/c_47
    SLICE_X10Y20         LUT6 (Prop_lut6_I4_O)        0.053    27.166 r  GEN_BRAM.u_core/alu/u_mul/u_mul/GEN_ARRAY.u_mul/u_csa_row0/GEN_CSA_FA[1].u_fa/result[18]_INST_0_i_12/O
                         net (fo=3, routed)           0.222    27.388    GEN_BRAM.u_core/alu/u_mul/u_mul/GEN_ARRAY.u_mul/u_csa_row0/GEN_CSA_FA[1].u_fa/u_final_cpa/c_49
    SLICE_X10Y20         LUT6 (Prop_lut6_I4_O)        0.053    27.441 r  GEN_BRAM.u_core/alu/u_mul/u_mul/GEN_ARRAY.u_mul/u_csa_row0/GEN_CSA_FA[1].u_fa/result[20]_INST_0_i_13/O
                         net (fo=3, routed)           0.323    27.764    GEN_BRAM.u_core/alu/u_mul/u_mul/GEN_ARRAY.u_mul/u_csa_row0/GEN_CSA_FA[1].u_fa/u_final_cpa/c_51
    SLICE_X10Y21         LUT6 (Prop_lut6_I4_O)        0.053    27.817 r  GEN_BRAM.u_core/alu/u_mul/u_mul/GEN_ARRAY.u_mul/u_csa_row0/GEN_CSA_FA[1].u_fa/result[22]_INST_0_i_12/O
                         net (fo=3, routed)           0.264    28.081    GEN_BRAM.u_core/alu/u_mul/u_mul/GEN_ARRAY.u_mul/u_csa_row0/GEN_CSA_FA[1].u_fa/u_final_cpa/c_53
    SLICE_X8Y21          LUT6 (Prop_lut6_I4_O)        0.053    28.134 r  GEN_BRAM.u_core/alu/u_mul/u_mul/GEN_ARRAY.u_mul/u_csa_row0/GEN_CSA_FA[1].u_fa/result[22]_INST_0_i_3/O
                         net (fo=2, routed)           0.000    28.134    GEN_BRAM.u_core/alu/u_mul/u_mul/GEN_ARRAY.u_mul/u_csa_row0/GEN_CSA_FA[1].u_fa/p_0_in[54]
    SLICE_X8Y21          CARRY4 (Prop_carry4_S[1]_O[2])
                                                      0.340    28.474 r  GEN_BRAM.u_core/alu/u_mul/u_mul/GEN_ARRAY.u_mul/u_csa_row0/GEN_CSA_FA[1].u_fa/result[24]_INST_0_i_4/O[2]
                         net (fo=1, routed)           0.275    28.748    GEN_BRAM.u_core/alu/u_mul/u_mul/GEN_ARRAY.u_mul/u_csa_row0/GEN_CSA_FA[1].u_fa/signed_product0[55]
    SLICE_X9Y21          LUT5 (Prop_lut5_I4_O)        0.152    28.900 r  GEN_BRAM.u_core/alu/u_mul/u_mul/GEN_ARRAY.u_mul/u_csa_row0/GEN_CSA_FA[1].u_fa/result[23]_INST_0/O
                         net (fo=1, routed)           0.458    29.358    GEN_BRAM.u_core/reg_file/result[20]
    SLICE_X4Y21          LUT6 (Prop_lut6_I2_O)        0.053    29.411 r  GEN_BRAM.u_core/reg_file/debug_alu_out_OBUF[23]_inst_i_4/O
                         net (fo=1, routed)           0.212    29.623    GEN_BRAM.u_core/reg_file/debug_alu_out_OBUF[23]_inst_i_4_n_0
    SLICE_X4Y21          LUT6 (Prop_lut6_I5_O)        0.053    29.676 r  GEN_BRAM.u_core/reg_file/debug_alu_out_OBUF[23]_inst_i_1/O
                         net (fo=3, routed)           0.401    30.078    GEN_BRAM.u_core/wb_mux/debug_alu_out_OBUF[23]
    SLICE_X5Y23          LUT6 (Prop_lut6_I0_O)        0.053    30.131 r  GEN_BRAM.u_core/wb_mux/registers_reg_r1_0_31_18_23_i_16/O
                         net (fo=1, routed)           0.359    30.489    GEN_BRAM.u_core/divider/wb_exec[23]
    SLICE_X4Y23          LUT6 (Prop_lut6_I5_O)        0.053    30.542 r  GEN_BRAM.u_core/divider/registers_reg_r1_0_31_18_23_i_5/O
                         net (fo=2, routed)           0.508    31.051    GEN_BRAM.u_core/reg_file/registers_reg_r1_0_31_18_23/DIC1
    SLICE_X6Y24          RAMD32                                       r  GEN_BRAM.u_core/reg_file/registers_reg_r1_0_31_18_23/RAMC_D1/I
  -------------------------------------------------------------------    -------------------

                         (clock sys_clk rise edge)   30.000    30.000 r  
    AD23                                              0.000    30.000 r  clk (IN)
                         net (fo=0)                   0.000    30.000    clk
    AD23                 IBUF (Prop_ibuf_I_O)         0.796    30.796 r  clk_IBUF_inst/O
                         net (fo=1, routed)           1.741    32.537    clk_IBUF
    BUFGCTRL_X0Y0        BUFG (Prop_bufg_I_O)         0.113    32.650 r  clk_IBUF_BUFG_inst/O
                         net (fo=350, routed)         1.588    34.238    GEN_BRAM.u_core/reg_file/registers_reg_r1_0_31_18_23/WCLK
    SLICE_X6Y24          RAMD32                                       r  GEN_BRAM.u_core/reg_file/registers_reg_r1_0_31_18_23/RAMC_D1/CLK
                         clock pessimism              0.256    34.495    
                         clock uncertainty           -0.035    34.459    
    SLICE_X6Y24          RAMD32 (Setup_ramd32_CLK_I)
                                                     -0.174    34.285    GEN_BRAM.u_core/reg_file/registers_reg_r1_0_31_18_23/RAMC_D1
  -------------------------------------------------------------------
                         required time                         34.285    
                         arrival time                         -31.051    
  -------------------------------------------------------------------
                         slack                                  3.235    

Slack (MET) :             3.235ns  (required time - arrival time)
  Source:                 GEN_BRAM.u_core/ir_reg[2]/C
                            (rising edge-triggered cell FDCE clocked by sys_clk  {rise@0.000ns fall@15.000ns period=30.000ns})
  Destination:            GEN_BRAM.u_core/reg_file/registers_reg_r2_0_31_24_29/RAMB_D1/I
                            (rising edge-triggered cell RAMD32 clocked by sys_clk  {rise@0.000ns fall@15.000ns period=30.000ns})
  Path Group:             sys_clk
  Path Type:              Setup (Max at Slow Process Corner)
  Requirement:            30.000ns  (sys_clk rise@30.000ns - sys_clk rise@0.000ns)
  Data Path Delay:        26.609ns  (logic 3.893ns (14.631%)  route 22.716ns (85.369%))
  Logic Levels:           53  (CARRY4=1 LUT3=12 LUT4=1 LUT5=20 LUT6=19)
  Clock Path Skew:        0.038ns (DCD - SCD + CPR)
    Destination Clock Delay (DCD):    4.243ns = ( 34.243 - 30.000 ) 
    Source Clock Delay      (SCD):    4.462ns
    Clock Pessimism Removal (CPR):    0.256ns
  Clock Uncertainty:      0.035ns  ((TSJ^2 + TIJ^2)^1/2 + DJ) / 2 + PE
    Total System Jitter     (TSJ):    0.071ns
    Total Input Jitter      (TIJ):    0.000ns
    Discrete Jitter          (DJ):    0.000ns
    Phase Error              (PE):    0.000ns

    Location             Delay type                Incr(ns)  Path(ns)    Netlist Resource(s)
  -------------------------------------------------------------------    -------------------
                         (clock sys_clk rise edge)    0.000     0.000 r  
    AD23                                              0.000     0.000 r  clk (IN)
                         net (fo=0)                   0.000     0.000    clk
    AD23                 IBUF (Prop_ibuf_I_O)         0.873     0.873 r  clk_IBUF_inst/O
                         net (fo=1, routed)           1.830     2.703    clk_IBUF
    BUFGCTRL_X0Y0        BUFG (Prop_bufg_I_O)         0.120     2.823 r  clk_IBUF_BUFG_inst/O
                         net (fo=350, routed)         1.639     4.462    GEN_BRAM.u_core/clk_IBUF_BUFG
    SLICE_X15Y23         FDCE                                         r  GEN_BRAM.u_core/ir_reg[2]/C
  -------------------------------------------------------------------    -------------------
    SLICE_X15Y23         FDCE (Prop_fdce_C_Q)         0.269     4.731 r  GEN_BRAM.u_core/ir_reg[2]/Q
                         net (fo=24, routed)          0.633     5.364    GEN_BRAM.u_core/reg_file/Q[1]
    SLICE_X14Y24         LUT5 (Prop_lut5_I0_O)        0.053     5.417 r  GEN_BRAM.u_core/reg_file/registers_reg_r1_0_31_0_5_i_25/O
                         net (fo=56, routed)          0.733     6.150    GEN_BRAM.u_core/imm_gen/u_mul_i_32
    SLICE_X12Y20         LUT6 (Prop_lut6_I4_O)        0.053     6.203 f  GEN_BRAM.u_core/imm_gen/u_mul_i_68/O
                         net (fo=1, routed)           0.331     6.534    GEN_BRAM.u_core/alu_mux_b/imm[0]
    SLICE_X12Y20         LUT4 (Prop_lut4_I0_O)        0.053     6.587 r  GEN_BRAM.u_core/alu_mux_b/u_mul_i_32/O
                         net (fo=136, routed)         0.614     7.201    GEN_BRAM.u_core/alu/u_mul/u_mul/GEN_ARRAY.u_mul/u_csa_row0/GEN_CSA_FA[1].u_fa/result[4]_INST_0_i_22_n_0
    SLICE_X13Y19         CARRY4 (Prop_carry4_CYINIT_O[1])
                                                      0.390     7.591 r  GEN_BRAM.u_core/alu/u_mul/u_mul/GEN_ARRAY.u_mul/u_csa_row0/GEN_CSA_FA[1].u_fa/result[4]_INST_0_i_6/O[1]
                         net (fo=32, routed)          0.752     8.343    GEN_BRAM.u_core/alu/u_mul/u_mul/GEN_ARRAY.u_mul/u_csa_row0/GEN_CSA_FA[1].u_fa/mag_b0[2]
    SLICE_X18Y21         LUT6 (Prop_lut6_I3_O)        0.152     8.495 r  GEN_BRAM.u_core/alu/u_mul/u_mul/GEN_ARRAY.u_mul/u_csa_row0/GEN_CSA_FA[1].u_fa/result[14]_INST_0_i_132/O
                         net (fo=2, routed)           0.579     9.074    GEN_BRAM.u_core/alu/u_mul/u_mul/GEN_ARRAY.u_mul/u_csa_row0/GEN_CSA_FA[1].u_fa/pp[2]_91[14]
    SLICE_X18Y21         LUT6 (Prop_lut6_I5_O)        0.053     9.127 r  GEN_BRAM.u_core/alu/u_mul/u_mul/GEN_ARRAY.u_mul/u_csa_row0/GEN_CSA_FA[1].u_fa/result[16]_INST_0_i_144/O
                         net (fo=3, routed)           0.575     9.702    GEN_BRAM.u_core/alu/u_mul/u_mul/GEN_ARRAY.u_mul/u_csa_row0/GEN_CSA_FA[1].u_fa/stage_carry[0]_58[15]
    SLICE_X18Y20         LUT5 (Prop_lut5_I0_O)        0.053     9.755 r  GEN_BRAM.u_core/alu/u_mul/u_mul/GEN_ARRAY.u_mul/u_csa_row0/GEN_CSA_FA[1].u_fa/result[16]_INST_0_i_125/O
                         net (fo=3, routed)           0.366    10.121    GEN_BRAM.u_core/alu/u_mul/u_mul/GEN_ARRAY.u_mul/u_csa_row0/GEN_CSA_FA[1].u_fa/stage_sum[2]_42[15]
    SLICE_X18Y19         LUT3 (Prop_lut3_I1_O)        0.053    10.174 r  GEN_BRAM.u_core/alu/u_mul/u_mul/GEN_ARRAY.u_mul/u_csa_row0/GEN_CSA_FA[1].u_fa/result[16]_INST_0_i_132/O
                         net (fo=2, routed)           0.635    10.809    GEN_BRAM.u_core/alu/u_mul/u_mul/GEN_ARRAY.u_mul/u_csa_row0/GEN_CSA_FA[1].u_fa/stage_carry[3]_44[16]
    SLICE_X19Y19         LUT5 (Prop_lut5_I3_O)        0.053    10.862 r  GEN_BRAM.u_core/alu/u_mul/u_mul/GEN_ARRAY.u_mul/u_csa_row0/GEN_CSA_FA[1].u_fa/result[18]_INST_0_i_109/O
                         net (fo=3, routed)           0.588    11.450    GEN_BRAM.u_core/alu/u_mul/u_mul/GEN_ARRAY.u_mul/u_csa_row0/GEN_CSA_FA[1].u_fa/stage_carry[4]_2[17]
    SLICE_X17Y14         LUT3 (Prop_lut3_I0_O)        0.053    11.503 r  GEN_BRAM.u_core/alu/u_mul/u_mul/GEN_ARRAY.u_mul/u_csa_row0/GEN_CSA_FA[1].u_fa/result[18]_INST_0_i_117/O
                         net (fo=2, routed)           0.626    12.129    GEN_BRAM.u_core/alu/u_mul/u_mul/GEN_ARRAY.u_mul/u_csa_row0/GEN_CSA_FA[1].u_fa/stage_carry[5]_45[18]
    SLICE_X14Y9          LUT5 (Prop_lut5_I3_O)        0.053    12.182 r  GEN_BRAM.u_core/alu/u_mul/u_mul/GEN_ARRAY.u_mul/u_csa_row0/GEN_CSA_FA[1].u_fa/result[20]_INST_0_i_124/O
                         net (fo=3, routed)           0.516    12.698    GEN_BRAM.u_core/alu/u_mul/u_mul/GEN_ARRAY.u_mul/u_csa_row0/GEN_CSA_FA[1].u_fa/stage_carry[6]_4[19]
    SLICE_X13Y8          LUT3 (Prop_lut3_I0_O)        0.053    12.751 r  GEN_BRAM.u_core/alu/u_mul/u_mul/GEN_ARRAY.u_mul/u_csa_row0/GEN_CSA_FA[1].u_fa/result[20]_INST_0_i_132/O
                         net (fo=2, routed)           0.421    13.172    GEN_BRAM.u_core/alu/u_mul/u_mul/GEN_ARRAY.u_mul/u_csa_row0/GEN_CSA_FA[1].u_fa/stage_carry[7]_46[20]
    SLICE_X13Y6          LUT5 (Prop_lut5_I3_O)        0.053    13.225 r  GEN_BRAM.u_core/alu/u_mul/u_mul/GEN_ARRAY.u_mul/u_csa_row0/GEN_CSA_FA[1].u_fa/result[22]_INST_0_i_104/O
                         net (fo=3, routed)           0.482    13.707    GEN_BRAM.u_core/alu/u_mul/u_mul/GEN_ARRAY.u_mul/u_csa_row0/GEN_CSA_FA[1].u_fa/stage_carry[8]_6[21]
    SLICE_X11Y5          LUT3 (Prop_lut3_I0_O)        0.053    13.760 r  GEN_BRAM.u_core/alu/u_mul/u_mul/GEN_ARRAY.u_mul/u_csa_row0/GEN_CSA_FA[1].u_fa/result[22]_INST_0_i_112/O
                         net (fo=2, routed)           0.311    14.072    GEN_BRAM.u_core/alu/u_mul/u_mul/GEN_ARRAY.u_mul/u_csa_row0/GEN_CSA_FA[1].u_fa/stage_carry[9]_47[22]
    SLICE_X11Y3          LUT5 (Prop_lut5_I3_O)        0.053    14.125 r  GEN_BRAM.u_core/alu/u_mul/u_mul/GEN_ARRAY.u_mul/u_csa_row0/GEN_CSA_FA[1].u_fa/result[24]_INST_0_i_109/O
                         net (fo=3, routed)           0.457    14.582    GEN_BRAM.u_core/alu/u_mul/u_mul/GEN_ARRAY.u_mul/u_csa_row0/GEN_CSA_FA[1].u_fa/stage_carry[10]_8[23]
    SLICE_X11Y2          LUT3 (Prop_lut3_I0_O)        0.053    14.635 r  GEN_BRAM.u_core/alu/u_mul/u_mul/GEN_ARRAY.u_mul/u_csa_row0/GEN_CSA_FA[1].u_fa/result[24]_INST_0_i_117/O
                         net (fo=2, routed)           0.374    15.009    GEN_BRAM.u_core/alu/u_mul/u_mul/GEN_ARRAY.u_mul/u_csa_row0/GEN_CSA_FA[1].u_fa/stage_carry[11]_48[24]
    SLICE_X10Y2          LUT5 (Prop_lut5_I3_O)        0.053    15.062 r  GEN_BRAM.u_core/alu/u_mul/u_mul/GEN_ARRAY.u_mul/u_csa_row0/GEN_CSA_FA[1].u_fa/result[24]_INST_0_i_105/O
                         net (fo=3, routed)           0.630    15.693    GEN_BRAM.u_core/alu/u_mul/u_mul/GEN_ARRAY.u_mul/u_csa_row0/GEN_CSA_FA[1].u_fa/stage_sum[12]_37[24]
    SLICE_X9Y3           LUT5 (Prop_lut5_I1_O)        0.053    15.746 r  GEN_BRAM.u_core/alu/u_mul/u_mul/GEN_ARRAY.u_mul/u_csa_row0/GEN_CSA_FA[1].u_fa/result[26]_INST_0_i_74/O
                         net (fo=3, routed)           0.592    16.337    GEN_BRAM.u_core/alu/u_mul/u_mul/GEN_ARRAY.u_mul/u_csa_row0/GEN_CSA_FA[1].u_fa/stage_carry[14]_12[25]
    SLICE_X4Y1           LUT3 (Prop_lut3_I0_O)        0.053    16.390 r  GEN_BRAM.u_core/alu/u_mul/u_mul/GEN_ARRAY.u_mul/u_csa_row0/GEN_CSA_FA[1].u_fa/result[26]_INST_0_i_82/O
                         net (fo=2, routed)           0.323    16.713    GEN_BRAM.u_core/alu/u_mul/u_mul/GEN_ARRAY.u_mul/u_csa_row0/GEN_CSA_FA[1].u_fa/stage_carry[15]_50[26]
    SLICE_X4Y0           LUT5 (Prop_lut5_I3_O)        0.053    16.766 r  GEN_BRAM.u_core/alu/u_mul/u_mul/GEN_ARRAY.u_mul/u_csa_row0/GEN_CSA_FA[1].u_fa/result[26]_INST_0_i_70/O
                         net (fo=3, routed)           0.392    17.158    GEN_BRAM.u_core/alu/u_mul/u_mul/GEN_ARRAY.u_mul/u_csa_row0/GEN_CSA_FA[1].u_fa/stage_sum[16]_35[26]
    SLICE_X2Y3           LUT3 (Prop_lut3_I1_O)        0.053    17.211 r  GEN_BRAM.u_core/alu/u_mul/u_mul/GEN_ARRAY.u_mul/u_csa_row0/GEN_CSA_FA[1].u_fa/result[28]_INST_0_i_82/O
                         net (fo=2, routed)           0.467    17.679    GEN_BRAM.u_core/alu/u_mul/u_mul/GEN_ARRAY.u_mul/u_csa_row0/GEN_CSA_FA[1].u_fa/stage_carry[17]_51[27]
    SLICE_X2Y3           LUT5 (Prop_lut5_I3_O)        0.053    17.732 r  GEN_BRAM.u_core/alu/u_mul/u_mul/GEN_ARRAY.u_mul/u_csa_row0/GEN_CSA_FA[1].u_fa/result[28]_INST_0_i_70/O
                         net (fo=3, routed)           0.157    17.889    GEN_BRAM.u_core/alu/u_mul/u_mul/GEN_ARRAY.u_mul/u_csa_row0/GEN_CSA_FA[1].u_fa/stage_sum[18]_34[27]
    SLICE_X2Y3           LUT3 (Prop_lut3_I1_O)        0.053    17.942 r  GEN_BRAM.u_core/alu/u_mul/u_mul/GEN_ARRAY.u_mul/u_csa_row0/GEN_CSA_FA[1].u_fa/result[28]_INST_0_i_77/O
                         net (fo=2, routed)           0.433    18.375    GEN_BRAM.u_core/alu/u_mul/u_mul/GEN_ARRAY.u_mul/u_csa_row0/GEN_CSA_FA[1].u_fa/stage_carry[19]_52[28]
    SLICE_X2Y1           LUT5 (Prop_lut5_I3_O)        0.053    18.428 r  GEN_BRAM.u_core/alu/u_mul/u_mul/GEN_ARRAY.u_mul/u_csa_row0/GEN_CSA_FA[1].u_fa/result[28]_INST_0_i_65/O
                         net (fo=3, routed)           0.603    19.030    GEN_BRAM.u_core/alu/u_mul/u_mul/GEN_ARRAY.u_mul/u_csa_row0/GEN_CSA_FA[1].u_fa/stage_sum[20]_33[28]
    SLICE_X0Y6           LUT3 (Prop_lut3_I1_O)        0.053    19.083 r  GEN_BRAM.u_core/alu/u_mul/u_mul/GEN_ARRAY.u_mul/u_csa_row0/GEN_CSA_FA[1].u_fa/result[30]_INST_0_i_41/O
                         net (fo=2, routed)           0.352    19.436    GEN_BRAM.u_core/alu/u_mul/u_mul/GEN_ARRAY.u_mul/u_csa_row0/GEN_CSA_FA[1].u_fa/stage_carry[21]_53[29]
    SLICE_X1Y3           LUT5 (Prop_lut5_I3_O)        0.053    19.489 r  GEN_BRAM.u_core/alu/u_mul/u_mul/GEN_ARRAY.u_mul/u_csa_row0/GEN_CSA_FA[1].u_fa/result[30]_INST_0_i_29/O
                         net (fo=3, routed)           0.436    19.925    GEN_BRAM.u_core/alu/u_mul/u_mul/GEN_ARRAY.u_mul/u_csa_row0/GEN_CSA_FA[1].u_fa/stage_sum[22]_32[29]
    SLICE_X0Y6           LUT3 (Prop_lut3_I1_O)        0.053    19.978 r  GEN_BRAM.u_core/alu/u_mul/u_mul/GEN_ARRAY.u_mul/u_csa_row0/GEN_CSA_FA[1].u_fa/result[30]_INST_0_i_36/O
                         net (fo=2, routed)           0.433    20.411    GEN_BRAM.u_core/alu/u_mul/u_mul/GEN_ARRAY.u_mul/u_csa_row0/GEN_CSA_FA[1].u_fa/stage_carry[23]_54[30]
    SLICE_X3Y5           LUT5 (Prop_lut5_I3_O)        0.053    20.464 r  GEN_BRAM.u_core/alu/u_mul/u_mul/GEN_ARRAY.u_mul/u_csa_row0/GEN_CSA_FA[1].u_fa/result[30]_INST_0_i_23/O
                         net (fo=3, routed)           0.482    20.946    GEN_BRAM.u_core/alu/u_mul/u_mul/GEN_ARRAY.u_mul/u_csa_row0/GEN_CSA_FA[1].u_fa/stage_sum[24]_31[30]
    SLICE_X4Y8           LUT3 (Prop_lut3_I1_O)        0.053    20.999 r  GEN_BRAM.u_core/alu/u_mul/u_mul/GEN_ARRAY.u_mul/u_csa_row0/GEN_CSA_FA[1].u_fa/result[31]_INST_0_i_41/O
                         net (fo=2, routed)           0.371    21.370    GEN_BRAM.u_core/alu/u_mul/u_mul/GEN_ARRAY.u_mul/u_csa_row0/GEN_CSA_FA[1].u_fa/stage_carry[25]_55[31]
    SLICE_X4Y6           LUT5 (Prop_lut5_I3_O)        0.053    21.423 r  GEN_BRAM.u_core/alu/u_mul/u_mul/GEN_ARRAY.u_mul/u_csa_row0/GEN_CSA_FA[1].u_fa/result[31]_INST_0_i_31/O
                         net (fo=3, routed)           0.453    21.876    GEN_BRAM.u_core/alu/u_mul/u_mul/GEN_ARRAY.u_mul/u_csa_row0/GEN_CSA_FA[1].u_fa/stage_sum[26]_30[31]
    SLICE_X7Y9           LUT3 (Prop_lut3_I1_O)        0.053    21.929 r  GEN_BRAM.u_core/alu/u_mul/u_mul/GEN_ARRAY.u_mul/u_csa_row0/GEN_CSA_FA[1].u_fa/result[2]_INST_0_i_22/O
                         net (fo=3, routed)           0.617    22.545    GEN_BRAM.u_core/alu/u_mul/u_mul/GEN_ARRAY.u_mul/u_csa_row0/GEN_CSA_FA[1].u_fa/stage_carry[27]_56[32]
    SLICE_X9Y9           LUT5 (Prop_lut5_I0_O)        0.053    22.598 r  GEN_BRAM.u_core/alu/u_mul/u_mul/GEN_ARRAY.u_mul/u_csa_row0/GEN_CSA_FA[1].u_fa/result[1]_INST_0_i_4/O
                         net (fo=4, routed)           0.721    23.319    GEN_BRAM.u_core/alu/u_mul/u_mul/GEN_ARRAY.u_mul/u_csa_row0/GEN_CSA_FA[1].u_fa/stage_sum[29]_57[32]
    SLICE_X8Y15          LUT5 (Prop_lut5_I4_O)        0.065    23.384 r  GEN_BRAM.u_core/alu/u_mul/u_mul/GEN_ARRAY.u_mul/u_csa_row0/GEN_CSA_FA[1].u_fa/result[1]_INST_0_i_6/O
                         net (fo=2, routed)           0.306    23.690    GEN_BRAM.u_core/alu/u_mul/u_mul/GEN_ARRAY.u_mul/u_csa_row0/GEN_CSA_FA[1].u_fa/u_final_cpa/GEN_FINAL_FA[32].u_fa/c2
    SLICE_X8Y16          LUT5 (Prop_lut5_I2_O)        0.171    23.861 r  GEN_BRAM.u_core/alu/u_mul/u_mul/GEN_ARRAY.u_mul/u_csa_row0/GEN_CSA_FA[1].u_fa/result[2]_INST_0_i_9/O
                         net (fo=2, routed)           0.586    24.447    GEN_BRAM.u_core/alu/u_mul/u_mul/GEN_ARRAY.u_mul/u_csa_row0/GEN_CSA_FA[1].u_fa/u_final_cpa/GEN_FINAL_FA[33].u_fa/c2
    SLICE_X8Y16          LUT5 (Prop_lut5_I2_O)        0.183    24.630 r  GEN_BRAM.u_core/alu/u_mul/u_mul/GEN_ARRAY.u_mul/u_csa_row0/GEN_CSA_FA[1].u_fa/result[4]_INST_0_i_14/O
                         net (fo=3, routed)           0.391    25.021    GEN_BRAM.u_core/alu/u_mul/u_mul/GEN_ARRAY.u_mul/u_csa_row0/GEN_CSA_FA[1].u_fa/u_final_cpa/c_35
    SLICE_X7Y16          LUT6 (Prop_lut6_I4_O)        0.172    25.193 r  GEN_BRAM.u_core/alu/u_mul/u_mul/GEN_ARRAY.u_mul/u_csa_row0/GEN_CSA_FA[1].u_fa/result[6]_INST_0_i_12/O
                         net (fo=3, routed)           0.205    25.397    GEN_BRAM.u_core/alu/u_mul/u_mul/GEN_ARRAY.u_mul/u_csa_row0/GEN_CSA_FA[1].u_fa/u_final_cpa/c_37
    SLICE_X7Y16          LUT6 (Prop_lut6_I4_O)        0.053    25.450 r  GEN_BRAM.u_core/alu/u_mul/u_mul/GEN_ARRAY.u_mul/u_csa_row0/GEN_CSA_FA[1].u_fa/result[8]_INST_0_i_13/O
                         net (fo=3, routed)           0.405    25.856    GEN_BRAM.u_core/alu/u_mul/u_mul/GEN_ARRAY.u_mul/u_csa_row0/GEN_CSA_FA[1].u_fa/u_final_cpa/c_39
    SLICE_X9Y17          LUT6 (Prop_lut6_I4_O)        0.053    25.909 r  GEN_BRAM.u_core/alu/u_mul/u_mul/GEN_ARRAY.u_mul/u_csa_row0/GEN_CSA_FA[1].u_fa/result[10]_INST_0_i_12/O
                         net (fo=3, routed)           0.311    26.220    GEN_BRAM.u_core/alu/u_mul/u_mul/GEN_ARRAY.u_mul/u_csa_row0/GEN_CSA_FA[1].u_fa/u_final_cpa/c_41
    SLICE_X9Y18          LUT6 (Prop_lut6_I4_O)        0.053    26.273 r  GEN_BRAM.u_core/alu/u_mul/u_mul/GEN_ARRAY.u_mul/u_csa_row0/GEN_CSA_FA[1].u_fa/result[12]_INST_0_i_13/O
                         net (fo=3, routed)           0.138    26.411    GEN_BRAM.u_core/alu/u_mul/u_mul/GEN_ARRAY.u_mul/u_csa_row0/GEN_CSA_FA[1].u_fa/u_final_cpa/c_43
    SLICE_X9Y18          LUT6 (Prop_lut6_I4_O)        0.053    26.464 r  GEN_BRAM.u_core/alu/u_mul/u_mul/GEN_ARRAY.u_mul/u_csa_row0/GEN_CSA_FA[1].u_fa/result[14]_INST_0_i_12/O
                         net (fo=3, routed)           0.278    26.742    GEN_BRAM.u_core/alu/u_mul/u_mul/GEN_ARRAY.u_mul/u_csa_row0/GEN_CSA_FA[1].u_fa/u_final_cpa/c_45
    SLICE_X10Y19         LUT6 (Prop_lut6_I4_O)        0.053    26.795 r  GEN_BRAM.u_core/alu/u_mul/u_mul/GEN_ARRAY.u_mul/u_csa_row0/GEN_CSA_FA[1].u_fa/result[16]_INST_0_i_13/O
                         net (fo=3, routed)           0.318    27.113    GEN_BRAM.u_core/alu/u_mul/u_mul/GEN_ARRAY.u_mul/u_csa_row0/GEN_CSA_FA[1].u_fa/u_final_cpa/c_47
    SLICE_X10Y20         LUT6 (Prop_lut6_I4_O)        0.053    27.166 r  GEN_BRAM.u_core/alu/u_mul/u_mul/GEN_ARRAY.u_mul/u_csa_row0/GEN_CSA_FA[1].u_fa/result[18]_INST_0_i_12/O
                         net (fo=3, routed)           0.222    27.388    GEN_BRAM.u_core/alu/u_mul/u_mul/GEN_ARRAY.u_mul/u_csa_row0/GEN_CSA_FA[1].u_fa/u_final_cpa/c_49
    SLICE_X10Y20         LUT6 (Prop_lut6_I4_O)        0.053    27.441 r  GEN_BRAM.u_core/alu/u_mul/u_mul/GEN_ARRAY.u_mul/u_csa_row0/GEN_CSA_FA[1].u_fa/result[20]_INST_0_i_13/O
                         net (fo=3, routed)           0.323    27.764    GEN_BRAM.u_core/alu/u_mul/u_mul/GEN_ARRAY.u_mul/u_csa_row0/GEN_CSA_FA[1].u_fa/u_final_cpa/c_51
    SLICE_X10Y21         LUT6 (Prop_lut6_I4_O)        0.053    27.817 r  GEN_BRAM.u_core/alu/u_mul/u_mul/GEN_ARRAY.u_mul/u_csa_row0/GEN_CSA_FA[1].u_fa/result[22]_INST_0_i_12/O
                         net (fo=3, routed)           0.146    27.963    GEN_BRAM.u_core/alu/u_mul/u_mul/GEN_ARRAY.u_mul/u_csa_row0/GEN_CSA_FA[1].u_fa/u_final_cpa/c_53
    SLICE_X10Y21         LUT6 (Prop_lut6_I4_O)        0.053    28.016 r  GEN_BRAM.u_core/alu/u_mul/u_mul/GEN_ARRAY.u_mul/u_csa_row0/GEN_CSA_FA[1].u_fa/result[24]_INST_0_i_13/O
                         net (fo=3, routed)           0.255    28.271    GEN_BRAM.u_core/alu/u_mul/u_mul/GEN_ARRAY.u_mul/u_csa_row0/GEN_CSA_FA[1].u_fa/u_final_cpa/c_55
    SLICE_X10Y22         LUT6 (Prop_lut6_I4_O)        0.053    28.324 r  GEN_BRAM.u_core/alu/u_mul/u_mul/GEN_ARRAY.u_mul/u_csa_row0/GEN_CSA_FA[1].u_fa/result[26]_INST_0_i_12/O
                         net (fo=3, routed)           0.222    28.545    GEN_BRAM.u_core/alu/u_mul/u_mul/GEN_ARRAY.u_mul/u_csa_row0/GEN_CSA_FA[1].u_fa/u_final_cpa/c_57
    SLICE_X10Y22         LUT6 (Prop_lut6_I4_O)        0.053    28.598 r  GEN_BRAM.u_core/alu/u_mul/u_mul/GEN_ARRAY.u_mul/u_csa_row0/GEN_CSA_FA[1].u_fa/result[28]_INST_0_i_13/O
                         net (fo=3, routed)           0.260    28.859    GEN_BRAM.u_core/alu/u_mul/u_mul/GEN_ARRAY.u_mul/u_csa_row0/GEN_CSA_FA[1].u_fa/u_final_cpa/c_59
    SLICE_X8Y22          LUT5 (Prop_lut5_I4_O)        0.053    28.912 f  GEN_BRAM.u_core/alu/u_mul/u_mul/GEN_ARRAY.u_mul/u_csa_row0/GEN_CSA_FA[1].u_fa/result[27]_INST_0_i_2/O
                         net (fo=2, routed)           0.582    29.494    GEN_BRAM.u_core/alu/u_mul/u_mul/GEN_ARRAY.u_mul/u_csa_row0/GEN_CSA_FA[1].u_fa/p_0_in[59]
    SLICE_X7Y22          LUT5 (Prop_lut5_I2_O)        0.053    29.547 r  GEN_BRAM.u_core/alu/u_mul/u_mul/GEN_ARRAY.u_mul/u_csa_row0/GEN_CSA_FA[1].u_fa/result[27]_INST_0/O
                         net (fo=1, routed)           0.418    29.965    GEN_BRAM.u_core/reg_file/result[23]
    SLICE_X5Y20          LUT6 (Prop_lut6_I2_O)        0.053    30.018 r  GEN_BRAM.u_core/reg_file/debug_alu_out_OBUF[27]_inst_i_4/O
                         net (fo=1, routed)           0.128    30.147    GEN_BRAM.u_core/reg_file/debug_alu_out_OBUF[27]_inst_i_4_n_0
    SLICE_X5Y20          LUT6 (Prop_lut6_I5_O)        0.053    30.200 r  GEN_BRAM.u_core/reg_file/debug_alu_out_OBUF[27]_inst_i_1/O
                         net (fo=3, routed)           0.142    30.342    GEN_BRAM.u_core/wb_mux/debug_alu_out_OBUF[27]
    SLICE_X5Y20          LUT6 (Prop_lut6_I0_O)        0.053    30.395 r  GEN_BRAM.u_core/wb_mux/registers_reg_r1_0_31_24_29_i_12/O
                         net (fo=1, routed)           0.357    30.751    GEN_BRAM.u_core/divider/wb_exec[27]
    SLICE_X5Y21          LUT6 (Prop_lut6_I5_O)        0.053    30.804 r  GEN_BRAM.u_core/divider/registers_reg_r1_0_31_24_29_i_3/O
                         net (fo=2, routed)           0.266    31.070    GEN_BRAM.u_core/reg_file/registers_reg_r2_0_31_24_29/DIB1
    SLICE_X6Y20          RAMD32                                       r  GEN_BRAM.u_core/reg_file/registers_reg_r2_0_31_24_29/RAMB_D1/I
  -------------------------------------------------------------------    -------------------

                         (clock sys_clk rise edge)   30.000    30.000 r  
    AD23                                              0.000    30.000 r  clk (IN)
                         net (fo=0)                   0.000    30.000    clk
    AD23                 IBUF (Prop_ibuf_I_O)         0.796    30.796 r  clk_IBUF_inst/O
                         net (fo=1, routed)           1.741    32.537    clk_IBUF
    BUFGCTRL_X0Y0        BUFG (Prop_bufg_I_O)         0.113    32.650 r  clk_IBUF_BUFG_inst/O
                         net (fo=350, routed)         1.593    34.243    GEN_BRAM.u_core/reg_file/registers_reg_r2_0_31_24_29/WCLK
    SLICE_X6Y20          RAMD32                                       r  GEN_BRAM.u_core/reg_file/registers_reg_r2_0_31_24_29/RAMB_D1/CLK
                         clock pessimism              0.256    34.500    
                         clock uncertainty           -0.035    34.464    
    SLICE_X6Y20          RAMD32 (Setup_ramd32_CLK_I)
                                                     -0.159    34.305    GEN_BRAM.u_core/reg_file/registers_reg_r2_0_31_24_29/RAMB_D1
  -------------------------------------------------------------------
                         required time                         34.305    
                         arrival time                         -31.070    
  -------------------------------------------------------------------
                         slack                                  3.235    





Pulse Width Checks
--------------------------------------------------------------------------------------
Clock Name:         sys_clk
Waveform(ns):       { 0.000 15.000 }
Period(ns):         30.000
Sources:            { clk }

Check Type        Corner  Lib Pin             Reference Pin  Required(ns)  Actual(ns)  Slack(ns)  Location       Pin
Min Period        n/a     RAMB36E1/CLKARDCLK  n/a            2.495         30.000      27.505     RAMB36_X0Y5    GEN_BRAM.u_core/dmem/mem_reg_0/CLKARDCLK
Min Period        n/a     RAMB36E1/CLKARDCLK  n/a            2.495         30.000      27.505     RAMB36_X0Y4    GEN_BRAM.u_core/dmem/mem_reg_1/CLKARDCLK
Min Period        n/a     RAMB36E1/CLKBWRCLK  n/a            2.183         30.000      27.817     RAMB36_X0Y5    GEN_BRAM.u_core/dmem/mem_reg_0/CLKBWRCLK
Min Period        n/a     RAMB36E1/CLKBWRCLK  n/a            2.183         30.000      27.817     RAMB36_X0Y4    GEN_BRAM.u_core/dmem/mem_reg_1/CLKBWRCLK
Min Period        n/a     RAMB36E1/CLKARDCLK  n/a            2.183         30.000      27.817     RAMB36_X0Y3    GEN_BRAM.u_core/imem/data_out_reg_0/CLKARDCLK
Min Period        n/a     RAMB36E1/CLKARDCLK  n/a            2.183         30.000      27.817     RAMB36_X0Y2    GEN_BRAM.u_core/imem/data_out_reg_1/CLKARDCLK
Min Period        n/a     BUFG/I              n/a            1.600         30.000      28.400     BUFGCTRL_X0Y0  clk_IBUF_BUFG_inst/I
Min Period        n/a     FDCE/C              n/a            0.750         30.000      29.250     SLICE_X7Y37    GEN_BRAM.u_core/divider/count_reg[1]/C
Min Period        n/a     FDCE/C              n/a            0.750         30.000      29.250     SLICE_X6Y37    GEN_BRAM.u_core/divider/count_reg[3]/C
Min Period        n/a     FDCE/C              n/a            0.750         30.000      29.250     SLICE_X4Y30    GEN_BRAM.u_core/divider/remainder_work_reg[13]/C
Min Period        n/a     FDCE/C              n/a            0.750         30.000      29.250     SLICE_X1Y30    GEN_BRAM.u_core/divider/remainder_work_reg[15]/C
Min Period        n/a     FDCE/C              n/a            0.750         30.000      29.250     SLICE_X4Y31    GEN_BRAM.u_core/divider/remainder_work_reg[17]/C
Min Period        n/a     FDCE/C              n/a            0.750         30.000      29.250     SLICE_X4Y33    GEN_BRAM.u_core/divider/remainder_work_reg[19]/C
Min Period        n/a     FDCE/C              n/a            0.750         30.000      29.250     SLICE_X4Y32    GEN_BRAM.u_core/divider/remainder_work_reg[21]/C
Min Period        n/a     FDCE/C              n/a            0.750         30.000      29.250     SLICE_X4Y33    GEN_BRAM.u_core/divider/remainder_work_reg[23]/C
Min Period        n/a     FDCE/C              n/a            0.750         30.000      29.250     SLICE_X3Y34    GEN_BRAM.u_core/divider/remainder_work_reg[25]/C
Min Period        n/a     FDCE/C              n/a            0.750         30.000      29.250     SLICE_X3Y34    GEN_BRAM.u_core/divider/remainder_work_reg[27]/C
Min Period        n/a     FDCE/C              n/a            0.750         30.000      29.250     SLICE_X4Y34    GEN_BRAM.u_core/divider/remainder_work_reg[28]/C
Min Period        n/a     FDCE/C              n/a            0.750         30.000      29.250     SLICE_X3Y34    GEN_BRAM.u_core/divider/remainder_work_reg[29]/C
Min Period        n/a     FDCE/C              n/a            0.750         30.000      29.250     SLICE_X3Y27    GEN_BRAM.u_core/divider/remainder_work_reg[2]/C
Low Pulse Width   Slow    RAMD32/CLK          n/a            0.910         15.000      14.090     SLICE_X14Y22   GEN_BRAM.u_core/reg_file/registers_reg_r1_0_31_0_5/RAMA/CLK
Low Pulse Width   Fast    RAMD32/CLK          n/a            0.910         15.000      14.090     SLICE_X14Y22   GEN_BRAM.u_core/reg_file/registers_reg_r1_0_31_0_5/RAMA/CLK
Low Pulse Width   Slow    RAMD32/CLK          n/a            0.910         15.000      14.090     SLICE_X14Y22   GEN_BRAM.u_core/reg_file/registers_reg_r1_0_31_0_5/RAMA_D1/CLK
Low Pulse Width   Fast    RAMD32/CLK          n/a            0.910         15.000      14.090     SLICE_X14Y22   GEN_BRAM.u_core/reg_file/registers_reg_r1_0_31_0_5/RAMA_D1/CLK
Low Pulse Width   Slow    RAMD32/CLK          n/a            0.910         15.000      14.090     SLICE_X14Y22   GEN_BRAM.u_core/reg_file/registers_reg_r1_0_31_0_5/RAMB/CLK
Low Pulse Width   Fast    RAMD32/CLK          n/a            0.910         15.000      14.090     SLICE_X14Y22   GEN_BRAM.u_core/reg_file/registers_reg_r1_0_31_0_5/RAMB/CLK
Low Pulse Width   Slow    RAMD32/CLK          n/a            0.910         15.000      14.090     SLICE_X14Y22   GEN_BRAM.u_core/reg_file/registers_reg_r1_0_31_0_5/RAMB_D1/CLK
Low Pulse Width   Fast    RAMD32/CLK          n/a            0.910         15.000      14.090     SLICE_X14Y22   GEN_BRAM.u_core/reg_file/registers_reg_r1_0_31_0_5/RAMB_D1/CLK
Low Pulse Width   Slow    RAMD32/CLK          n/a            0.910         15.000      14.090     SLICE_X14Y22   GEN_BRAM.u_core/reg_file/registers_reg_r1_0_31_0_5/RAMC/CLK
Low Pulse Width   Fast    RAMD32/CLK          n/a            0.910         15.000      14.090     SLICE_X14Y22   GEN_BRAM.u_core/reg_file/registers_reg_r1_0_31_0_5/RAMC/CLK
Low Pulse Width   Slow    RAMD32/CLK          n/a            0.910         15.000      14.090     SLICE_X14Y22   GEN_BRAM.u_core/reg_file/registers_reg_r1_0_31_0_5/RAMC_D1/CLK
Low Pulse Width   Fast    RAMD32/CLK          n/a            0.910         15.000      14.090     SLICE_X14Y22   GEN_BRAM.u_core/reg_file/registers_reg_r1_0_31_0_5/RAMC_D1/CLK
Low Pulse Width   Slow    RAMS32/CLK          n/a            0.910         15.000      14.090     SLICE_X14Y22   GEN_BRAM.u_core/reg_file/registers_reg_r1_0_31_0_5/RAMD/CLK
Low Pulse Width   Fast    RAMS32/CLK          n/a            0.910         15.000      14.090     SLICE_X14Y22   GEN_BRAM.u_core/reg_file/registers_reg_r1_0_31_0_5/RAMD/CLK
Low Pulse Width   Slow    RAMS32/CLK          n/a            0.910         15.000      14.090     SLICE_X14Y22   GEN_BRAM.u_core/reg_file/registers_reg_r1_0_31_0_5/RAMD_D1/CLK
Low Pulse Width   Fast    RAMS32/CLK          n/a            0.910         15.000      14.090     SLICE_X14Y22   GEN_BRAM.u_core/reg_file/registers_reg_r1_0_31_0_5/RAMD_D1/CLK
Low Pulse Width   Slow    RAMD32/CLK          n/a            0.910         15.000      14.090     SLICE_X6Y22    GEN_BRAM.u_core/reg_file/registers_reg_r1_0_31_12_17/RAMA/CLK
Low Pulse Width   Fast    RAMD32/CLK          n/a            0.910         15.000      14.090     SLICE_X6Y22    GEN_BRAM.u_core/reg_file/registers_reg_r1_0_31_12_17/RAMA/CLK
Low Pulse Width   Slow    RAMD32/CLK          n/a            0.910         15.000      14.090     SLICE_X6Y22    GEN_BRAM.u_core/reg_file/registers_reg_r1_0_31_12_17/RAMA_D1/CLK
Low Pulse Width   Fast    RAMD32/CLK          n/a            0.910         15.000      14.090     SLICE_X6Y22    GEN_BRAM.u_core/reg_file/registers_reg_r1_0_31_12_17/RAMA_D1/CLK
High Pulse Width  Slow    RAMD32/CLK          n/a            0.910         15.000      14.090     SLICE_X14Y22   GEN_BRAM.u_core/reg_file/registers_reg_r1_0_31_0_5/RAMA/CLK
High Pulse Width  Fast    RAMD32/CLK          n/a            0.910         15.000      14.090     SLICE_X14Y22   GEN_BRAM.u_core/reg_file/registers_reg_r1_0_31_0_5/RAMA/CLK
High Pulse Width  Slow    RAMD32/CLK          n/a            0.910         15.000      14.090     SLICE_X14Y22   GEN_BRAM.u_core/reg_file/registers_reg_r1_0_31_0_5/RAMA_D1/CLK
High Pulse Width  Fast    RAMD32/CLK          n/a            0.910         15.000      14.090     SLICE_X14Y22   GEN_BRAM.u_core/reg_file/registers_reg_r1_0_31_0_5/RAMA_D1/CLK
High Pulse Width  Slow    RAMD32/CLK          n/a            0.910         15.000      14.090     SLICE_X14Y22   GEN_BRAM.u_core/reg_file/registers_reg_r1_0_31_0_5/RAMB/CLK
High Pulse Width  Fast    RAMD32/CLK          n/a            0.910         15.000      14.090     SLICE_X14Y22   GEN_BRAM.u_core/reg_file/registers_reg_r1_0_31_0_5/RAMB/CLK
High Pulse Width  Slow    RAMD32/CLK          n/a            0.910         15.000      14.090     SLICE_X14Y22   GEN_BRAM.u_core/reg_file/registers_reg_r1_0_31_0_5/RAMB_D1/CLK
High Pulse Width  Fast    RAMD32/CLK          n/a            0.910         15.000      14.090     SLICE_X14Y22   GEN_BRAM.u_core/reg_file/registers_reg_r1_0_31_0_5/RAMB_D1/CLK
High Pulse Width  Slow    RAMD32/CLK          n/a            0.910         15.000      14.090     SLICE_X14Y22   GEN_BRAM.u_core/reg_file/registers_reg_r1_0_31_0_5/RAMC/CLK
High Pulse Width  Fast    RAMD32/CLK          n/a            0.910         15.000      14.090     SLICE_X14Y22   GEN_BRAM.u_core/reg_file/registers_reg_r1_0_31_0_5/RAMC/CLK
High Pulse Width  Slow    RAMD32/CLK          n/a            0.910         15.000      14.090     SLICE_X14Y22   GEN_BRAM.u_core/reg_file/registers_reg_r1_0_31_0_5/RAMC_D1/CLK
High Pulse Width  Fast    RAMD32/CLK          n/a            0.910         15.000      14.090     SLICE_X14Y22   GEN_BRAM.u_core/reg_file/registers_reg_r1_0_31_0_5/RAMC_D1/CLK
High Pulse Width  Slow    RAMS32/CLK          n/a            0.910         15.000      14.090     SLICE_X14Y22   GEN_BRAM.u_core/reg_file/registers_reg_r1_0_31_0_5/RAMD/CLK
High Pulse Width  Fast    RAMS32/CLK          n/a            0.910         15.000      14.090     SLICE_X14Y22   GEN_BRAM.u_core/reg_file/registers_reg_r1_0_31_0_5/RAMD/CLK
High Pulse Width  Slow    RAMS32/CLK          n/a            0.910         15.000      14.090     SLICE_X14Y22   GEN_BRAM.u_core/reg_file/registers_reg_r1_0_31_0_5/RAMD_D1/CLK
High Pulse Width  Fast    RAMS32/CLK          n/a            0.910         15.000      14.090     SLICE_X14Y22   GEN_BRAM.u_core/reg_file/registers_reg_r1_0_31_0_5/RAMD_D1/CLK
High Pulse Width  Slow    RAMD32/CLK          n/a            0.910         15.000      14.090     SLICE_X6Y22    GEN_BRAM.u_core/reg_file/registers_reg_r1_0_31_12_17/RAMA/CLK
High Pulse Width  Fast    RAMD32/CLK          n/a            0.910         15.000      14.090     SLICE_X6Y22    GEN_BRAM.u_core/reg_file/registers_reg_r1_0_31_12_17/RAMA/CLK
High Pulse Width  Slow    RAMD32/CLK          n/a            0.910         15.000      14.090     SLICE_X6Y22    GEN_BRAM.u_core/reg_file/registers_reg_r1_0_31_12_17/RAMA_D1/CLK
High Pulse Width  Fast    RAMD32/CLK          n/a            0.910         15.000      14.090     SLICE_X6Y22    GEN_BRAM.u_core/reg_file/registers_reg_r1_0_31_12_17/RAMA_D1/CLK



