Copyright 1986-2022 Xilinx, Inc. All Rights Reserved. Copyright 2022-2025 Advanced Micro Devices, Inc. All Rights Reserved.
---------------------------------------------------------------------------------------------------------------------------------------------
| Tool Version : Vivado v.2025.2 (win64) Build 6299465 Fri Nov 14 19:35:11 GMT 2025
| Date         : Wed Sep 30 11:34:40 2026
| Host         : LAPTOP_Truong running 64-bit major release  (build 9200)
| Command      : report_timing_summary -delay_type max -max_paths 20 -file ./build/standalone/ADDER_KSA_timing.rpt
| Design       : standalone_adder_top
| Device       : 7z030-ffg676
| Speed File   : -1  PRODUCTION 1.12 2019-11-22
| Design State : Routed
---------------------------------------------------------------------------------------------------------------------------------------------

Timing Summary Report

------------------------------------------------------------------------------------------------
| Timer Settings
| --------------
------------------------------------------------------------------------------------------------

  Enable Multi Corner Analysis               :  Yes
  Enable Pessimism Removal                   :  Yes
  Pessimism Removal Resolution               :  Nearest Common Node
  Enable Input Delay Default Clock           :  No
  Enable Preset / Clear Arcs                 :  No
  Disable Flight Delays                      :  No
  Ignore I/O Paths                           :  No
  Timing Early Launch at Borrowing Latches   :  No
  Borrow Time for Max Delay Exceptions       :  Yes
  Merge Timing Exceptions                    :  Yes
  Inter-SLR Compensation                     :  Conservative

  Corner  Analyze    Analyze    
  Name    Max Paths  Min Paths  
  ------  ---------  ---------  
  Slow    Yes        Yes        
  Fast    Yes        Yes        


------------------------------------------------------------------------------------------------
| Report Methodology
| ------------------
------------------------------------------------------------------------------------------------

Rule       Severity  Description                    Violations  
---------  --------  -----------------------------  ----------  
TIMING-18  Warning   Missing input or output delay  98          

Note: This report is based on the most recent report_methodology run and may not be up-to-date. Run report_methodology on the current design for the latest report.



check_timing report

Table of Contents
-----------------
1. checking no_clock (0)
2. checking constant_clock (0)
3. checking pulse_width_clock (0)
4. checking unconstrained_internal_endpoints (0)
5. checking no_input_delay (65)
6. checking no_output_delay (33)
7. checking multiple_clock (0)
8. checking generated_clocks (0)
9. checking loops (0)
10. checking partial_input_delay (0)
11. checking partial_output_delay (0)
12. checking latch_loops (0)

1. checking no_clock (0)
------------------------
 There are 0 register/latch pins with no clock.


2. checking constant_clock (0)
------------------------------
 There are 0 register/latch pins with constant_clock.


3. checking pulse_width_clock (0)
---------------------------------
 There are 0 register/latch pins which need pulse_width check


4. checking unconstrained_internal_endpoints (0)
------------------------------------------------
 There are 0 pins that are not constrained for maximum delay.

 There are 0 pins that are not constrained for maximum delay due to constant clock.


5. checking no_input_delay (65)
-------------------------------
 There are 65 input ports with no input delay specified. (HIGH)

 There are 0 input ports with no input delay but user has a false path constraint.


6. checking no_output_delay (33)
--------------------------------
 There are 33 ports with no output delay specified. (HIGH)

 There are 0 ports with no output delay but user has a false path constraint

 There are 0 ports with no output delay but with a timing clock defined on it or propagating through it


7. checking multiple_clock (0)
------------------------------
 There are 0 register/latch pins with multiple clocks.


8. checking generated_clocks (0)
--------------------------------
 There are 0 generated clocks that are not connected to a clock source.


9. checking loops (0)
---------------------
 There are 0 combinational loops in the design.


10. checking partial_input_delay (0)
------------------------------------
 There are 0 input ports with partial input delay specified.


11. checking partial_output_delay (0)
-------------------------------------
 There are 0 ports with partial output delay specified.


12. checking latch_loops (0)
----------------------------
 There are 0 combinational latch loops in the design through latch input



------------------------------------------------------------------------------------------------
| Design Timing Summary
| ---------------------
------------------------------------------------------------------------------------------------

    WNS(ns)      TNS(ns)  TNS Failing Endpoints  TNS Total Endpoints     WPWS(ns)     TPWS(ns)  TPWS Failing Endpoints  TPWS Total Endpoints  
    -------      -------  ---------------------  -------------------     --------     --------  ----------------------  --------------------  
      6.090        0.000                      0                   33        4.600        0.000                       0                    99  


All user specified timing constraints are met.


------------------------------------------------------------------------------------------------
| Clock Summary
| -------------
------------------------------------------------------------------------------------------------

Clock    Waveform(ns)       Period(ns)      Frequency(MHz)
-----    ------------       ----------      --------------
sys_clk  {0.000 5.000}      10.000          100.000         


------------------------------------------------------------------------------------------------
| Intra Clock Table
| -----------------
------------------------------------------------------------------------------------------------

Clock             WNS(ns)      TNS(ns)  TNS Failing Endpoints  TNS Total Endpoints     WPWS(ns)     TPWS(ns)  TPWS Failing Endpoints  TPWS Total Endpoints  
-----             -------      -------  ---------------------  -------------------     --------     --------  ----------------------  --------------------  
sys_clk             6.090        0.000                      0                   33        4.600        0.000                       0                    99  


------------------------------------------------------------------------------------------------
| Inter Clock Table
| -----------------
------------------------------------------------------------------------------------------------

From Clock    To Clock          WNS(ns)      TNS(ns)  TNS Failing Endpoints  TNS Total Endpoints  
----------    --------          -------      -------  ---------------------  -------------------  


------------------------------------------------------------------------------------------------
| Other Path Groups Table
| -----------------------
------------------------------------------------------------------------------------------------

Path Group    From Clock    To Clock          WNS(ns)      TNS(ns)  TNS Failing Endpoints  TNS Total Endpoints  
----------    ----------    --------          -------      -------  ---------------------  -------------------  


------------------------------------------------------------------------------------------------
| Timing Details
| --------------
------------------------------------------------------------------------------------------------


---------------------------------------------------------------------------------------------------
From Clock:  sys_clk
  To Clock:  sys_clk

Setup :            0  Failing Endpoints,  Worst Slack        6.090ns,  Total Violation        0.000ns
Hold  :           NA  Failing Endpoints,  Worst Slack           NA  ,  Total Violation           NA
PW    :            0  Failing Endpoints,  Worst Slack        4.600ns,  Total Violation        0.000ns
---------------------------------------------------------------------------------------------------


Max Delay Paths
--------------------------------------------------------------------------------------
Slack (MET) :             6.090ns  (required time - arrival time)
  Source:                 b_reg_reg[1]/C
                            (rising edge-triggered cell FDRE clocked by sys_clk  {rise@0.000ns fall@5.000ns period=10.000ns})
  Destination:            sum_out_reg[14]/D
                            (rising edge-triggered cell FDRE clocked by sys_clk  {rise@0.000ns fall@5.000ns period=10.000ns})
  Path Group:             sys_clk
  Path Type:              Setup (Max at Slow Process Corner)
  Requirement:            10.000ns  (sys_clk rise@10.000ns - sys_clk rise@0.000ns)
  Data Path Delay:        3.730ns  (logic 0.655ns (17.558%)  route 3.075ns (82.442%))
  Logic Levels:           4  (LUT3=1 LUT4=1 LUT5=1 LUT6=1)
  Clock Path Skew:        -0.024ns (DCD - SCD + CPR)
    Destination Clock Delay (DCD):    4.060ns = ( 14.060 - 10.000 ) 
    Source Clock Delay      (SCD):    4.344ns
    Clock Pessimism Removal (CPR):    0.259ns
  Clock Uncertainty:      0.035ns  ((TSJ^2 + TIJ^2)^1/2 + DJ) / 2 + PE
    Total System Jitter     (TSJ):    0.071ns
    Total Input Jitter      (TIJ):    0.000ns
    Discrete Jitter          (DJ):    0.000ns
    Phase Error              (PE):    0.000ns

    Location             Delay type                Incr(ns)  Path(ns)    Netlist Resource(s)
  -------------------------------------------------------------------    -------------------
                         (clock sys_clk rise edge)    0.000     0.000 r  
    AD23                                              0.000     0.000 r  clk (IN)
                         net (fo=0)                   0.000     0.000    clk
    AD23                 IBUF (Prop_ibuf_I_O)         0.873     0.873 r  clk_IBUF_inst/O
                         net (fo=1, routed)           1.830     2.703    clk_IBUF
    BUFGCTRL_X0Y0        BUFG (Prop_bufg_I_O)         0.120     2.823 r  clk_IBUF_BUFG_inst/O
                         net (fo=98, routed)          1.521     4.344    clk_IBUF_BUFG
    SLICE_X0Y50          FDRE                                         r  b_reg_reg[1]/C
  -------------------------------------------------------------------    -------------------
    SLICE_X0Y50          FDRE (Prop_fdre_C_Q)         0.308     4.652 r  b_reg_reg[1]/Q
                         net (fo=9, routed)           1.003     5.655    b_reg[1]
    SLICE_X2Y55          LUT4 (Prop_lut4_I3_O)        0.067     5.722 f  sum_out[6]_i_6/O
                         net (fo=4, routed)           0.635     6.357    sum_out[6]_i_6_n_0
    SLICE_X3Y56          LUT5 (Prop_lut5_I0_O)        0.172     6.529 r  sum_out[30]_i_11/O
                         net (fo=2, routed)           0.711     7.240    sum_out[30]_i_11_n_0
    SLICE_X4Y59          LUT6 (Prop_lut6_I3_O)        0.053     7.293 r  sum_out[22]_i_4/O
                         net (fo=2, routed)           0.441     7.733    sum_out[22]_i_4_n_0
    SLICE_X2Y60          LUT3 (Prop_lut3_I2_O)        0.055     7.788 r  sum_out[14]_i_1/O
                         net (fo=1, routed)           0.286     8.074    sum_comb[14]
    SLICE_X2Y60          FDRE                                         r  sum_out_reg[14]/D
  -------------------------------------------------------------------    -------------------

                         (clock sys_clk rise edge)   10.000    10.000 r  
    AD23                                              0.000    10.000 r  clk (IN)
                         net (fo=0)                   0.000    10.000    clk
    AD23                 IBUF (Prop_ibuf_I_O)         0.796    10.796 r  clk_IBUF_inst/O
                         net (fo=1, routed)           1.741    12.537    clk_IBUF
    BUFGCTRL_X0Y0        BUFG (Prop_bufg_I_O)         0.113    12.650 r  clk_IBUF_BUFG_inst/O
                         net (fo=98, routed)          1.410    14.060    clk_IBUF_BUFG
    SLICE_X2Y60          FDRE                                         r  sum_out_reg[14]/C
                         clock pessimism              0.259    14.320    
                         clock uncertainty           -0.035    14.284    
    SLICE_X2Y60          FDRE (Setup_fdre_C_D)       -0.120    14.164    sum_out_reg[14]
  -------------------------------------------------------------------
                         required time                         14.164    
                         arrival time                          -8.074    
  -------------------------------------------------------------------
                         slack                                  6.090    

Slack (MET) :             6.185ns  (required time - arrival time)
  Source:                 b_reg_reg[1]/C
                            (rising edge-triggered cell FDRE clocked by sys_clk  {rise@0.000ns fall@5.000ns period=10.000ns})
  Destination:            sum_out_reg[18]/D
                            (rising edge-triggered cell FDRE clocked by sys_clk  {rise@0.000ns fall@5.000ns period=10.000ns})
  Path Group:             sys_clk
  Path Type:              Setup (Max at Slow Process Corner)
  Requirement:            10.000ns  (sys_clk rise@10.000ns - sys_clk rise@0.000ns)
  Data Path Delay:        3.788ns  (logic 0.653ns (17.239%)  route 3.135ns (82.761%))
  Logic Levels:           4  (LUT4=2 LUT6=2)
  Clock Path Skew:        -0.027ns (DCD - SCD + CPR)
    Destination Clock Delay (DCD):    4.057ns = ( 14.057 - 10.000 ) 
    Source Clock Delay      (SCD):    4.344ns
    Clock Pessimism Removal (CPR):    0.259ns
  Clock Uncertainty:      0.035ns  ((TSJ^2 + TIJ^2)^1/2 + DJ) / 2 + PE
    Total System Jitter     (TSJ):    0.071ns
    Total Input Jitter      (TIJ):    0.000ns
    Discrete Jitter          (DJ):    0.000ns
    Phase Error              (PE):    0.000ns

    Location             Delay type                Incr(ns)  Path(ns)    Netlist Resource(s)
  -------------------------------------------------------------------    -------------------
                         (clock sys_clk rise edge)    0.000     0.000 r  
    AD23                                              0.000     0.000 r  clk (IN)
                         net (fo=0)                   0.000     0.000    clk
    AD23                 IBUF (Prop_ibuf_I_O)         0.873     0.873 r  clk_IBUF_inst/O
                         net (fo=1, routed)           1.830     2.703    clk_IBUF
    BUFGCTRL_X0Y0        BUFG (Prop_bufg_I_O)         0.120     2.823 r  clk_IBUF_BUFG_inst/O
                         net (fo=98, routed)          1.521     4.344    clk_IBUF_BUFG
    SLICE_X0Y50          FDRE                                         r  b_reg_reg[1]/C
  -------------------------------------------------------------------    -------------------
    SLICE_X0Y50          FDRE (Prop_fdre_C_Q)         0.308     4.652 f  b_reg_reg[1]/Q
                         net (fo=9, routed)           1.003     5.655    b_reg[1]
    SLICE_X2Y55          LUT4 (Prop_lut4_I3_O)        0.067     5.722 r  sum_out[6]_i_6/O
                         net (fo=4, routed)           0.630     6.352    sum_out[6]_i_6_n_0
    SLICE_X3Y56          LUT6 (Prop_lut6_I5_O)        0.172     6.524 r  sum_out[6]_i_2/O
                         net (fo=3, routed)           0.832     7.355    sum_out[6]_i_2_n_0
    SLICE_X3Y60          LUT6 (Prop_lut6_I3_O)        0.053     7.408 r  sum_out[26]_i_7/O
                         net (fo=2, routed)           0.670     8.079    sum_out[26]_i_7_n_0
    SLICE_X3Y63          LUT4 (Prop_lut4_I2_O)        0.053     8.132 r  sum_out[18]_i_1/O
                         net (fo=1, routed)           0.000     8.132    sum_comb[18]
    SLICE_X3Y63          FDRE                                         r  sum_out_reg[18]/D
  -------------------------------------------------------------------    -------------------

                         (clock sys_clk rise edge)   10.000    10.000 r  
    AD23                                              0.000    10.000 r  clk (IN)
                         net (fo=0)                   0.000    10.000    clk
    AD23                 IBUF (Prop_ibuf_I_O)         0.796    10.796 r  clk_IBUF_inst/O
                         net (fo=1, routed)           1.741    12.537    clk_IBUF
    BUFGCTRL_X0Y0        BUFG (Prop_bufg_I_O)         0.113    12.650 r  clk_IBUF_BUFG_inst/O
                         net (fo=98, routed)          1.407    14.057    clk_IBUF_BUFG
    SLICE_X3Y63          FDRE                                         r  sum_out_reg[18]/C
                         clock pessimism              0.259    14.317    
                         clock uncertainty           -0.035    14.281    
    SLICE_X3Y63          FDRE (Setup_fdre_C_D)        0.035    14.316    sum_out_reg[18]
  -------------------------------------------------------------------
                         required time                         14.316    
                         arrival time                          -8.132    
  -------------------------------------------------------------------
                         slack                                  6.185    

Slack (MET) :             6.236ns  (required time - arrival time)
  Source:                 b_reg_reg[1]/C
                            (rising edge-triggered cell FDRE clocked by sys_clk  {rise@0.000ns fall@5.000ns period=10.000ns})
  Destination:            sum_out_reg[26]/D
                            (rising edge-triggered cell FDRE clocked by sys_clk  {rise@0.000ns fall@5.000ns period=10.000ns})
  Path Group:             sys_clk
  Path Type:              Setup (Max at Slow Process Corner)
  Requirement:            10.000ns  (sys_clk rise@10.000ns - sys_clk rise@0.000ns)
  Data Path Delay:        3.766ns  (logic 0.653ns (17.339%)  route 3.113ns (82.661%))
  Logic Levels:           4  (LUT4=1 LUT6=3)
  Clock Path Skew:        -0.034ns (DCD - SCD + CPR)
    Destination Clock Delay (DCD):    4.055ns = ( 14.055 - 10.000 ) 
    Source Clock Delay      (SCD):    4.344ns
    Clock Pessimism Removal (CPR):    0.254ns
  Clock Uncertainty:      0.035ns  ((TSJ^2 + TIJ^2)^1/2 + DJ) / 2 + PE
    Total System Jitter     (TSJ):    0.071ns
    Total Input Jitter      (TIJ):    0.000ns
    Discrete Jitter          (DJ):    0.000ns
    Phase Error              (PE):    0.000ns

    Location             Delay type                Incr(ns)  Path(ns)    Netlist Resource(s)
  -------------------------------------------------------------------    -------------------
                         (clock sys_clk rise edge)    0.000     0.000 r  
    AD23                                              0.000     0.000 r  clk (IN)
                         net (fo=0)                   0.000     0.000    clk
    AD23                 IBUF (Prop_ibuf_I_O)         0.873     0.873 r  clk_IBUF_inst/O
                         net (fo=1, routed)           1.830     2.703    clk_IBUF
    BUFGCTRL_X0Y0        BUFG (Prop_bufg_I_O)         0.120     2.823 r  clk_IBUF_BUFG_inst/O
                         net (fo=98, routed)          1.521     4.344    clk_IBUF_BUFG
    SLICE_X0Y50          FDRE                                         r  b_reg_reg[1]/C
  -------------------------------------------------------------------    -------------------
    SLICE_X0Y50          FDRE (Prop_fdre_C_Q)         0.308     4.652 f  b_reg_reg[1]/Q
                         net (fo=9, routed)           1.003     5.655    b_reg[1]
    SLICE_X2Y55          LUT4 (Prop_lut4_I3_O)        0.067     5.722 r  sum_out[6]_i_6/O
                         net (fo=4, routed)           0.630     6.352    sum_out[6]_i_6_n_0
    SLICE_X3Y56          LUT6 (Prop_lut6_I5_O)        0.172     6.524 r  sum_out[6]_i_2/O
                         net (fo=3, routed)           0.832     7.355    sum_out[6]_i_2_n_0
    SLICE_X3Y60          LUT6 (Prop_lut6_I3_O)        0.053     7.408 r  sum_out[26]_i_7/O
                         net (fo=2, routed)           0.648     8.057    sum_out[26]_i_7_n_0
    SLICE_X4Y63          LUT6 (Prop_lut6_I5_O)        0.053     8.110 r  sum_out[26]_i_1/O
                         net (fo=1, routed)           0.000     8.110    sum_comb[26]
    SLICE_X4Y63          FDRE                                         r  sum_out_reg[26]/D
  -------------------------------------------------------------------    -------------------

                         (clock sys_clk rise edge)   10.000    10.000 r  
    AD23                                              0.000    10.000 r  clk (IN)
                         net (fo=0)                   0.000    10.000    clk
    AD23                 IBUF (Prop_ibuf_I_O)         0.796    10.796 r  clk_IBUF_inst/O
                         net (fo=1, routed)           1.741    12.537    clk_IBUF
    BUFGCTRL_X0Y0        BUFG (Prop_bufg_I_O)         0.113    12.650 r  clk_IBUF_BUFG_inst/O
                         net (fo=98, routed)          1.405    14.055    clk_IBUF_BUFG
    SLICE_X4Y63          FDRE                                         r  sum_out_reg[26]/C
                         clock pessimism              0.254    14.310    
                         clock uncertainty           -0.035    14.274    
    SLICE_X4Y63          FDRE (Setup_fdre_C_D)        0.071    14.345    sum_out_reg[26]
  -------------------------------------------------------------------
                         required time                         14.345    
                         arrival time                          -8.110    
  -------------------------------------------------------------------
                         slack                                  6.236    

Slack (MET) :             6.356ns  (required time - arrival time)
  Source:                 a_reg_reg[15]/C
                            (rising edge-triggered cell FDRE clocked by sys_clk  {rise@0.000ns fall@5.000ns period=10.000ns})
  Destination:            sum_out_reg[23]/D
                            (rising edge-triggered cell FDRE clocked by sys_clk  {rise@0.000ns fall@5.000ns period=10.000ns})
  Path Group:             sys_clk
  Path Type:              Setup (Max at Slow Process Corner)
  Requirement:            10.000ns  (sys_clk rise@10.000ns - sys_clk rise@0.000ns)
  Data Path Delay:        3.677ns  (logic 0.908ns (24.697%)  route 2.769ns (75.303%))
  Logic Levels:           4  (LUT3=1 LUT4=1 LUT5=2)
  Clock Path Skew:        0.034ns (DCD - SCD + CPR)
    Destination Clock Delay (DCD):    4.057ns = ( 14.057 - 10.000 ) 
    Source Clock Delay      (SCD):    4.278ns
    Clock Pessimism Removal (CPR):    0.254ns
  Clock Uncertainty:      0.035ns  ((TSJ^2 + TIJ^2)^1/2 + DJ) / 2 + PE
    Total System Jitter     (TSJ):    0.071ns
    Total Input Jitter      (TIJ):    0.000ns
    Discrete Jitter          (DJ):    0.000ns
    Phase Error              (PE):    0.000ns

    Location             Delay type                Incr(ns)  Path(ns)    Netlist Resource(s)
  -------------------------------------------------------------------    -------------------
                         (clock sys_clk rise edge)    0.000     0.000 r  
    AD23                                              0.000     0.000 r  clk (IN)
                         net (fo=0)                   0.000     0.000    clk
    AD23                 IBUF (Prop_ibuf_I_O)         0.873     0.873 r  clk_IBUF_inst/O
                         net (fo=1, routed)           1.830     2.703    clk_IBUF
    BUFGCTRL_X0Y0        BUFG (Prop_bufg_I_O)         0.120     2.823 r  clk_IBUF_BUFG_inst/O
                         net (fo=98, routed)          1.455     4.278    clk_IBUF_BUFG
    SLICE_X8Y63          FDRE                                         r  a_reg_reg[15]/C
  -------------------------------------------------------------------    -------------------
    SLICE_X8Y63          FDRE (Prop_fdre_C_Q)         0.308     4.586 f  a_reg_reg[15]/Q
                         net (fo=11, routed)          1.086     5.672    a_reg[15]
    SLICE_X3Y60          LUT4 (Prop_lut4_I1_O)        0.063     5.735 r  sum_out[31]_i_20/O
                         net (fo=1, routed)           0.670     6.405    sum_out[31]_i_20_n_0
    SLICE_X3Y61          LUT5 (Prop_lut5_I0_O)        0.187     6.592 r  sum_out[31]_i_9/O
                         net (fo=2, routed)           0.455     7.047    sum_out[31]_i_9_n_0
    SLICE_X2Y63          LUT3 (Prop_lut3_I1_O)        0.178     7.225 r  sum_out[31]_i_2/O
                         net (fo=2, routed)           0.557     7.782    sum_out[31]_i_2_n_0
    SLICE_X1Y64          LUT5 (Prop_lut5_I2_O)        0.172     7.954 r  sum_out[23]_i_1/O
                         net (fo=1, routed)           0.000     7.954    sum_comb[23]
    SLICE_X1Y64          FDRE                                         r  sum_out_reg[23]/D
  -------------------------------------------------------------------    -------------------

                         (clock sys_clk rise edge)   10.000    10.000 r  
    AD23                                              0.000    10.000 r  clk (IN)
                         net (fo=0)                   0.000    10.000    clk
    AD23                 IBUF (Prop_ibuf_I_O)         0.796    10.796 r  clk_IBUF_inst/O
                         net (fo=1, routed)           1.741    12.537    clk_IBUF
    BUFGCTRL_X0Y0        BUFG (Prop_bufg_I_O)         0.113    12.650 r  clk_IBUF_BUFG_inst/O
                         net (fo=98, routed)          1.407    14.057    clk_IBUF_BUFG
    SLICE_X1Y64          FDRE                                         r  sum_out_reg[23]/C
                         clock pessimism              0.254    14.312    
                         clock uncertainty           -0.035    14.276    
    SLICE_X1Y64          FDRE (Setup_fdre_C_D)        0.034    14.310    sum_out_reg[23]
  -------------------------------------------------------------------
                         required time                         14.310    
                         arrival time                          -7.954    
  -------------------------------------------------------------------
                         slack                                  6.356    

Slack (MET) :             6.398ns  (required time - arrival time)
  Source:                 b_reg_reg[0]/C
                            (rising edge-triggered cell FDRE clocked by sys_clk  {rise@0.000ns fall@5.000ns period=10.000ns})
  Destination:            sum_out_reg[27]/D
                            (rising edge-triggered cell FDRE clocked by sys_clk  {rise@0.000ns fall@5.000ns period=10.000ns})
  Path Group:             sys_clk
  Path Type:              Setup (Max at Slow Process Corner)
  Requirement:            10.000ns  (sys_clk rise@10.000ns - sys_clk rise@0.000ns)
  Data Path Delay:        3.612ns  (logic 0.609ns (16.861%)  route 3.003ns (83.139%))
  Logic Levels:           4  (LUT3=1 LUT5=1 LUT6=2)
  Clock Path Skew:        -0.027ns (DCD - SCD + CPR)
    Destination Clock Delay (DCD):    4.057ns = ( 14.057 - 10.000 ) 
    Source Clock Delay      (SCD):    4.344ns
    Clock Pessimism Removal (CPR):    0.259ns
  Clock Uncertainty:      0.035ns  ((TSJ^2 + TIJ^2)^1/2 + DJ) / 2 + PE
    Total System Jitter     (TSJ):    0.071ns
    Total Input Jitter      (TIJ):    0.000ns
    Discrete Jitter          (DJ):    0.000ns
    Phase Error              (PE):    0.000ns

    Location             Delay type                Incr(ns)  Path(ns)    Netlist Resource(s)
  -------------------------------------------------------------------    -------------------
                         (clock sys_clk rise edge)    0.000     0.000 r  
    AD23                                              0.000     0.000 r  clk (IN)
                         net (fo=0)                   0.000     0.000    clk
    AD23                 IBUF (Prop_ibuf_I_O)         0.873     0.873 r  clk_IBUF_inst/O
                         net (fo=1, routed)           1.830     2.703    clk_IBUF
    BUFGCTRL_X0Y0        BUFG (Prop_bufg_I_O)         0.120     2.823 r  clk_IBUF_BUFG_inst/O
                         net (fo=98, routed)          1.521     4.344    clk_IBUF_BUFG
    SLICE_X1Y50          FDRE                                         r  b_reg_reg[0]/C
  -------------------------------------------------------------------    -------------------
    SLICE_X1Y50          FDRE (Prop_fdre_C_Q)         0.269     4.613 r  b_reg_reg[0]/Q
                         net (fo=8, routed)           0.730     5.342    b_reg[0]
    SLICE_X0Y55          LUT3 (Prop_lut3_I0_O)        0.066     5.408 r  sum_out[3]_i_2/O
                         net (fo=4, routed)           0.508     5.916    sum_out[3]_i_2_n_0
    SLICE_X1Y55          LUT5 (Prop_lut5_I0_O)        0.168     6.084 r  sum_out[27]_i_9/O
                         net (fo=3, routed)           1.063     7.148    sum_out[27]_i_9_n_0
    SLICE_X1Y58          LUT6 (Prop_lut6_I2_O)        0.053     7.201 r  sum_out[27]_i_4/O
                         net (fo=1, routed)           0.702     7.903    sum_out[27]_i_4_n_0
    SLICE_X2Y64          LUT6 (Prop_lut6_I2_O)        0.053     7.956 r  sum_out[27]_i_1/O
                         net (fo=1, routed)           0.000     7.956    sum_comb[27]
    SLICE_X2Y64          FDRE                                         r  sum_out_reg[27]/D
  -------------------------------------------------------------------    -------------------

                         (clock sys_clk rise edge)   10.000    10.000 r  
    AD23                                              0.000    10.000 r  clk (IN)
                         net (fo=0)                   0.000    10.000    clk
    AD23                 IBUF (Prop_ibuf_I_O)         0.796    10.796 r  clk_IBUF_inst/O
                         net (fo=1, routed)           1.741    12.537    clk_IBUF
    BUFGCTRL_X0Y0        BUFG (Prop_bufg_I_O)         0.113    12.650 r  clk_IBUF_BUFG_inst/O
                         net (fo=98, routed)          1.407    14.057    clk_IBUF_BUFG
    SLICE_X2Y64          FDRE                                         r  sum_out_reg[27]/C
                         clock pessimism              0.259    14.317    
                         clock uncertainty           -0.035    14.281    
    SLICE_X2Y64          FDRE (Setup_fdre_C_D)        0.072    14.353    sum_out_reg[27]
  -------------------------------------------------------------------
                         required time                         14.353    
                         arrival time                          -7.956    
  -------------------------------------------------------------------
                         slack                                  6.398    

Slack (MET) :             6.417ns  (required time - arrival time)
  Source:                 b_reg_reg[1]/C
                            (rising edge-triggered cell FDRE clocked by sys_clk  {rise@0.000ns fall@5.000ns period=10.000ns})
  Destination:            sum_out_reg[22]/D
                            (rising edge-triggered cell FDRE clocked by sys_clk  {rise@0.000ns fall@5.000ns period=10.000ns})
  Path Group:             sys_clk
  Path Type:              Setup (Max at Slow Process Corner)
  Requirement:            10.000ns  (sys_clk rise@10.000ns - sys_clk rise@0.000ns)
  Data Path Delay:        3.586ns  (logic 0.653ns (18.211%)  route 2.933ns (81.789%))
  Logic Levels:           4  (LUT4=1 LUT5=1 LUT6=2)
  Clock Path Skew:        -0.033ns (DCD - SCD + CPR)
    Destination Clock Delay (DCD):    4.056ns = ( 14.056 - 10.000 ) 
    Source Clock Delay      (SCD):    4.344ns
    Clock Pessimism Removal (CPR):    0.254ns
  Clock Uncertainty:      0.035ns  ((TSJ^2 + TIJ^2)^1/2 + DJ) / 2 + PE
    Total System Jitter     (TSJ):    0.071ns
    Total Input Jitter      (TIJ):    0.000ns
    Discrete Jitter          (DJ):    0.000ns
    Phase Error              (PE):    0.000ns

    Location             Delay type                Incr(ns)  Path(ns)    Netlist Resource(s)
  -------------------------------------------------------------------    -------------------
                         (clock sys_clk rise edge)    0.000     0.000 r  
    AD23                                              0.000     0.000 r  clk (IN)
                         net (fo=0)                   0.000     0.000    clk
    AD23                 IBUF (Prop_ibuf_I_O)         0.873     0.873 r  clk_IBUF_inst/O
                         net (fo=1, routed)           1.830     2.703    clk_IBUF
    BUFGCTRL_X0Y0        BUFG (Prop_bufg_I_O)         0.120     2.823 r  clk_IBUF_BUFG_inst/O
                         net (fo=98, routed)          1.521     4.344    clk_IBUF_BUFG
    SLICE_X0Y50          FDRE                                         r  b_reg_reg[1]/C
  -------------------------------------------------------------------    -------------------
    SLICE_X0Y50          FDRE (Prop_fdre_C_Q)         0.308     4.652 r  b_reg_reg[1]/Q
                         net (fo=9, routed)           1.003     5.655    b_reg[1]
    SLICE_X2Y55          LUT4 (Prop_lut4_I3_O)        0.067     5.722 f  sum_out[6]_i_6/O
                         net (fo=4, routed)           0.635     6.357    sum_out[6]_i_6_n_0
    SLICE_X3Y56          LUT5 (Prop_lut5_I0_O)        0.172     6.529 r  sum_out[30]_i_11/O
                         net (fo=2, routed)           0.711     7.240    sum_out[30]_i_11_n_0
    SLICE_X4Y59          LUT6 (Prop_lut6_I3_O)        0.053     7.293 r  sum_out[22]_i_4/O
                         net (fo=2, routed)           0.584     7.876    sum_out[22]_i_4_n_0
    SLICE_X4Y62          LUT6 (Prop_lut6_I4_O)        0.053     7.929 r  sum_out[22]_i_1/O
                         net (fo=1, routed)           0.000     7.929    sum_comb[22]
    SLICE_X4Y62          FDRE                                         r  sum_out_reg[22]/D
  -------------------------------------------------------------------    -------------------

                         (clock sys_clk rise edge)   10.000    10.000 r  
    AD23                                              0.000    10.000 r  clk (IN)
                         net (fo=0)                   0.000    10.000    clk
    AD23                 IBUF (Prop_ibuf_I_O)         0.796    10.796 r  clk_IBUF_inst/O
                         net (fo=1, routed)           1.741    12.537    clk_IBUF
    BUFGCTRL_X0Y0        BUFG (Prop_bufg_I_O)         0.113    12.650 r  clk_IBUF_BUFG_inst/O
                         net (fo=98, routed)          1.406    14.056    clk_IBUF_BUFG
    SLICE_X4Y62          FDRE                                         r  sum_out_reg[22]/C
                         clock pessimism              0.254    14.311    
                         clock uncertainty           -0.035    14.275    
    SLICE_X4Y62          FDRE (Setup_fdre_C_D)        0.071    14.346    sum_out_reg[22]
  -------------------------------------------------------------------
                         required time                         14.346    
                         arrival time                          -7.929    
  -------------------------------------------------------------------
                         slack                                  6.417    

Slack (MET) :             6.434ns  (required time - arrival time)
  Source:                 a_reg_reg[13]/C
                            (rising edge-triggered cell FDRE clocked by sys_clk  {rise@0.000ns fall@5.000ns period=10.000ns})
  Destination:            sum_out_reg[25]/D
                            (rising edge-triggered cell FDRE clocked by sys_clk  {rise@0.000ns fall@5.000ns period=10.000ns})
  Path Group:             sys_clk
  Path Type:              Setup (Max at Slow Process Corner)
  Requirement:            10.000ns  (sys_clk rise@10.000ns - sys_clk rise@0.000ns)
  Data Path Delay:        3.634ns  (logic 0.520ns (14.308%)  route 3.114ns (85.692%))
  Logic Levels:           4  (LUT4=1 LUT5=1 LUT6=2)
  Clock Path Skew:        0.033ns (DCD - SCD + CPR)
    Destination Clock Delay (DCD):    4.057ns = ( 14.057 - 10.000 ) 
    Source Clock Delay      (SCD):    4.279ns
    Clock Pessimism Removal (CPR):    0.254ns
  Clock Uncertainty:      0.035ns  ((TSJ^2 + TIJ^2)^1/2 + DJ) / 2 + PE
    Total System Jitter     (TSJ):    0.071ns
    Total Input Jitter      (TIJ):    0.000ns
    Discrete Jitter          (DJ):    0.000ns
    Phase Error              (PE):    0.000ns

    Location             Delay type                Incr(ns)  Path(ns)    Netlist Resource(s)
  -------------------------------------------------------------------    -------------------
                         (clock sys_clk rise edge)    0.000     0.000 r  
    AD23                                              0.000     0.000 r  clk (IN)
                         net (fo=0)                   0.000     0.000    clk
    AD23                 IBUF (Prop_ibuf_I_O)         0.873     0.873 r  clk_IBUF_inst/O
                         net (fo=1, routed)           1.830     2.703    clk_IBUF
    BUFGCTRL_X0Y0        BUFG (Prop_bufg_I_O)         0.120     2.823 r  clk_IBUF_BUFG_inst/O
                         net (fo=98, routed)          1.456     4.279    clk_IBUF_BUFG
    SLICE_X8Y62          FDRE                                         r  a_reg_reg[13]/C
  -------------------------------------------------------------------    -------------------
    SLICE_X8Y62          FDRE (Prop_fdre_C_Q)         0.308     4.587 r  a_reg_reg[13]/Q
                         net (fo=7, routed)           1.266     5.853    a_reg[13]
    SLICE_X1Y59          LUT4 (Prop_lut4_I0_O)        0.053     5.906 f  sum_out[29]_i_10/O
                         net (fo=6, routed)           0.717     6.623    sum_out[29]_i_10_n_0
    SLICE_X2Y59          LUT5 (Prop_lut5_I3_O)        0.053     6.676 f  sum_out[25]_i_10/O
                         net (fo=1, routed)           0.456     7.132    sum_out[25]_i_10_n_0
    SLICE_X2Y59          LUT6 (Prop_lut6_I5_O)        0.053     7.185 r  sum_out[25]_i_5/O
                         net (fo=1, routed)           0.675     7.860    sum_out[25]_i_5_n_0
    SLICE_X2Y63          LUT6 (Prop_lut6_I3_O)        0.053     7.913 r  sum_out[25]_i_1/O
                         net (fo=1, routed)           0.000     7.913    sum_comb[25]
    SLICE_X2Y63          FDRE                                         r  sum_out_reg[25]/D
  -------------------------------------------------------------------    -------------------

                         (clock sys_clk rise edge)   10.000    10.000 r  
    AD23                                              0.000    10.000 r  clk (IN)
                         net (fo=0)                   0.000    10.000    clk
    AD23                 IBUF (Prop_ibuf_I_O)         0.796    10.796 r  clk_IBUF_inst/O
                         net (fo=1, routed)           1.741    12.537    clk_IBUF
    BUFGCTRL_X0Y0        BUFG (Prop_bufg_I_O)         0.113    12.650 r  clk_IBUF_BUFG_inst/O
                         net (fo=98, routed)          1.407    14.057    clk_IBUF_BUFG
    SLICE_X2Y63          FDRE                                         r  sum_out_reg[25]/C
                         clock pessimism              0.254    14.312    
                         clock uncertainty           -0.035    14.276    
    SLICE_X2Y63          FDRE (Setup_fdre_C_D)        0.071    14.347    sum_out_reg[25]
  -------------------------------------------------------------------
                         required time                         14.347    
                         arrival time                          -7.913    
  -------------------------------------------------------------------
                         slack                                  6.434    

Slack (MET) :             6.483ns  (required time - arrival time)
  Source:                 b_reg_reg[20]/C
                            (rising edge-triggered cell FDRE clocked by sys_clk  {rise@0.000ns fall@5.000ns period=10.000ns})
  Destination:            cout_out_reg/D
                            (rising edge-triggered cell FDRE clocked by sys_clk  {rise@0.000ns fall@5.000ns period=10.000ns})
  Path Group:             sys_clk
  Path Type:              Setup (Max at Slow Process Corner)
  Requirement:            10.000ns  (sys_clk rise@10.000ns - sys_clk rise@0.000ns)
  Data Path Delay:        3.495ns  (logic 0.856ns (24.495%)  route 2.639ns (75.505%))
  Logic Levels:           4  (LUT4=1 LUT5=1 LUT6=2)
  Clock Path Skew:        -0.022ns (DCD - SCD + CPR)
    Destination Clock Delay (DCD):    4.058ns = ( 14.058 - 10.000 ) 
    Source Clock Delay      (SCD):    4.340ns
    Clock Pessimism Removal (CPR):    0.259ns
  Clock Uncertainty:      0.035ns  ((TSJ^2 + TIJ^2)^1/2 + DJ) / 2 + PE
    Total System Jitter     (TSJ):    0.071ns
    Total Input Jitter      (TIJ):    0.000ns
    Discrete Jitter          (DJ):    0.000ns
    Phase Error              (PE):    0.000ns

    Location             Delay type                Incr(ns)  Path(ns)    Netlist Resource(s)
  -------------------------------------------------------------------    -------------------
                         (clock sys_clk rise edge)    0.000     0.000 r  
    AD23                                              0.000     0.000 r  clk (IN)
                         net (fo=0)                   0.000     0.000    clk
    AD23                 IBUF (Prop_ibuf_I_O)         0.873     0.873 r  clk_IBUF_inst/O
                         net (fo=1, routed)           1.830     2.703    clk_IBUF
    BUFGCTRL_X0Y0        BUFG (Prop_bufg_I_O)         0.120     2.823 r  clk_IBUF_BUFG_inst/O
                         net (fo=98, routed)          1.517     4.340    clk_IBUF_BUFG
    SLICE_X0Y61          FDRE                                         r  b_reg_reg[20]/C
  -------------------------------------------------------------------    -------------------
    SLICE_X0Y61          FDRE (Prop_fdre_C_Q)         0.282     4.622 r  b_reg_reg[20]/Q
                         net (fo=11, routed)          0.928     5.550    b_reg[20]
    SLICE_X4Y62          LUT4 (Prop_lut4_I0_O)        0.168     5.718 r  sum_out[28]_i_17/O
                         net (fo=1, routed)           0.573     6.291    sum_out[28]_i_17_n_0
    SLICE_X4Y64          LUT5 (Prop_lut5_I0_O)        0.185     6.476 r  sum_out[28]_i_8/O
                         net (fo=3, routed)           0.577     7.053    sum_out[28]_i_8_n_0
    SLICE_X2Y61          LUT6 (Prop_lut6_I5_O)        0.168     7.221 r  cout_out_i_3/O
                         net (fo=1, routed)           0.560     7.781    cout_out_i_3_n_0
    SLICE_X1Y62          LUT6 (Prop_lut6_I1_O)        0.053     7.834 r  cout_out_i_1/O
                         net (fo=1, routed)           0.000     7.834    cout_comb
    SLICE_X1Y62          FDRE                                         r  cout_out_reg/D
  -------------------------------------------------------------------    -------------------

                         (clock sys_clk rise edge)   10.000    10.000 r  
    AD23                                              0.000    10.000 r  clk (IN)
                         net (fo=0)                   0.000    10.000    clk
    AD23                 IBUF (Prop_ibuf_I_O)         0.796    10.796 r  clk_IBUF_inst/O
                         net (fo=1, routed)           1.741    12.537    clk_IBUF
    BUFGCTRL_X0Y0        BUFG (Prop_bufg_I_O)         0.113    12.650 r  clk_IBUF_BUFG_inst/O
                         net (fo=98, routed)          1.408    14.058    clk_IBUF_BUFG
    SLICE_X1Y62          FDRE                                         r  cout_out_reg/C
                         clock pessimism              0.259    14.318    
                         clock uncertainty           -0.035    14.282    
    SLICE_X1Y62          FDRE (Setup_fdre_C_D)        0.035    14.317    cout_out_reg
  -------------------------------------------------------------------
                         required time                         14.317    
                         arrival time                          -7.834    
  -------------------------------------------------------------------
                         slack                                  6.483    

Slack (MET) :             6.484ns  (required time - arrival time)
  Source:                 b_reg_reg[4]/C
                            (rising edge-triggered cell FDRE clocked by sys_clk  {rise@0.000ns fall@5.000ns period=10.000ns})
  Destination:            sum_out_reg[8]/D
                            (rising edge-triggered cell FDRE clocked by sys_clk  {rise@0.000ns fall@5.000ns period=10.000ns})
  Path Group:             sys_clk
  Path Type:              Setup (Max at Slow Process Corner)
  Requirement:            10.000ns  (sys_clk rise@10.000ns - sys_clk rise@0.000ns)
  Data Path Delay:        3.447ns  (logic 0.782ns (22.685%)  route 2.665ns (77.315%))
  Logic Levels:           4  (LUT3=1 LUT4=1 LUT5=2)
  Clock Path Skew:        -0.024ns (DCD - SCD + CPR)
    Destination Clock Delay (DCD):    4.060ns = ( 14.060 - 10.000 ) 
    Source Clock Delay      (SCD):    4.344ns
    Clock Pessimism Removal (CPR):    0.259ns
  Clock Uncertainty:      0.035ns  ((TSJ^2 + TIJ^2)^1/2 + DJ) / 2 + PE
    Total System Jitter     (TSJ):    0.071ns
    Total Input Jitter      (TIJ):    0.000ns
    Discrete Jitter          (DJ):    0.000ns
    Phase Error              (PE):    0.000ns

    Location             Delay type                Incr(ns)  Path(ns)    Netlist Resource(s)
  -------------------------------------------------------------------    -------------------
                         (clock sys_clk rise edge)    0.000     0.000 r  
    AD23                                              0.000     0.000 r  clk (IN)
                         net (fo=0)                   0.000     0.000    clk
    AD23                 IBUF (Prop_ibuf_I_O)         0.873     0.873 r  clk_IBUF_inst/O
                         net (fo=1, routed)           1.830     2.703    clk_IBUF
    BUFGCTRL_X0Y0        BUFG (Prop_bufg_I_O)         0.120     2.823 r  clk_IBUF_BUFG_inst/O
                         net (fo=98, routed)          1.521     4.344    clk_IBUF_BUFG
    SLICE_X0Y52          FDRE                                         r  b_reg_reg[4]/C
  -------------------------------------------------------------------    -------------------
    SLICE_X0Y52          FDRE (Prop_fdre_C_Q)         0.308     4.652 f  b_reg_reg[4]/Q
                         net (fo=8, routed)           0.922     5.574    b_reg[4]
    SLICE_X2Y56          LUT4 (Prop_lut4_I0_O)        0.068     5.642 f  sum_out[6]_i_5/O
                         net (fo=3, routed)           0.440     6.082    sum_out[6]_i_5_n_0
    SLICE_X2Y57          LUT5 (Prop_lut5_I4_O)        0.172     6.254 r  sum_out[28]_i_15/O
                         net (fo=3, routed)           0.614     6.868    sum_out[28]_i_15_n_0
    SLICE_X2Y56          LUT5 (Prop_lut5_I2_O)        0.066     6.934 r  sum_out[16]_i_3/O
                         net (fo=2, routed)           0.436     7.370    sum_out[16]_i_3_n_0
    SLICE_X2Y58          LUT3 (Prop_lut3_I2_O)        0.168     7.538 r  sum_out[8]_i_1/O
                         net (fo=1, routed)           0.253     7.791    sum_out[8]_i_1_n_0
    SLICE_X0Y59          FDRE                                         r  sum_out_reg[8]/D
  -------------------------------------------------------------------    -------------------

                         (clock sys_clk rise edge)   10.000    10.000 r  
    AD23                                              0.000    10.000 r  clk (IN)
                         net (fo=0)                   0.000    10.000    clk
    AD23                 IBUF (Prop_ibuf_I_O)         0.796    10.796 r  clk_IBUF_inst/O
                         net (fo=1, routed)           1.741    12.537    clk_IBUF
    BUFGCTRL_X0Y0        BUFG (Prop_bufg_I_O)         0.113    12.650 r  clk_IBUF_BUFG_inst/O
                         net (fo=98, routed)          1.410    14.060    clk_IBUF_BUFG
    SLICE_X0Y59          FDRE                                         r  sum_out_reg[8]/C
                         clock pessimism              0.259    14.320    
                         clock uncertainty           -0.035    14.284    
    SLICE_X0Y59          FDRE (Setup_fdre_C_D)       -0.009    14.275    sum_out_reg[8]
  -------------------------------------------------------------------
                         required time                         14.275    
                         arrival time                          -7.791    
  -------------------------------------------------------------------
                         slack                                  6.484    

Slack (MET) :             6.507ns  (required time - arrival time)
  Source:                 b_reg_reg[4]/C
                            (rising edge-triggered cell FDRE clocked by sys_clk  {rise@0.000ns fall@5.000ns period=10.000ns})
  Destination:            sum_out_reg[29]/D
                            (rising edge-triggered cell FDRE clocked by sys_clk  {rise@0.000ns fall@5.000ns period=10.000ns})
  Path Group:             sys_clk
  Path Type:              Setup (Max at Slow Process Corner)
  Requirement:            10.000ns  (sys_clk rise@10.000ns - sys_clk rise@0.000ns)
  Data Path Delay:        3.465ns  (logic 0.647ns (18.675%)  route 2.818ns (81.325%))
  Logic Levels:           4  (LUT4=1 LUT5=1 LUT6=2)
  Clock Path Skew:        -0.027ns (DCD - SCD + CPR)
    Destination Clock Delay (DCD):    4.057ns = ( 14.057 - 10.000 ) 
    Source Clock Delay      (SCD):    4.344ns
    Clock Pessimism Removal (CPR):    0.259ns
  Clock Uncertainty:      0.035ns  ((TSJ^2 + TIJ^2)^1/2 + DJ) / 2 + PE
    Total System Jitter     (TSJ):    0.071ns
    Total Input Jitter      (TIJ):    0.000ns
    Discrete Jitter          (DJ):    0.000ns
    Phase Error              (PE):    0.000ns

    Location             Delay type                Incr(ns)  Path(ns)    Netlist Resource(s)
  -------------------------------------------------------------------    -------------------
                         (clock sys_clk rise edge)    0.000     0.000 r  
    AD23                                              0.000     0.000 r  clk (IN)
                         net (fo=0)                   0.000     0.000    clk
    AD23                 IBUF (Prop_ibuf_I_O)         0.873     0.873 r  clk_IBUF_inst/O
                         net (fo=1, routed)           1.830     2.703    clk_IBUF
    BUFGCTRL_X0Y0        BUFG (Prop_bufg_I_O)         0.120     2.823 r  clk_IBUF_BUFG_inst/O
                         net (fo=98, routed)          1.521     4.344    clk_IBUF_BUFG
    SLICE_X0Y52          FDRE                                         r  b_reg_reg[4]/C
  -------------------------------------------------------------------    -------------------
    SLICE_X0Y52          FDRE (Prop_fdre_C_Q)         0.308     4.652 f  b_reg_reg[4]/Q
                         net (fo=8, routed)           0.894     5.546    b_reg[4]
    SLICE_X1Y56          LUT4 (Prop_lut4_I3_O)        0.063     5.609 f  sum_out[7]_i_5/O
                         net (fo=3, routed)           0.559     6.168    sum_out[7]_i_5_n_0
    SLICE_X1Y55          LUT6 (Prop_lut6_I2_O)        0.170     6.338 r  sum_out[5]_i_2/O
                         net (fo=4, routed)           0.557     6.895    sum_out[5]_i_2_n_0
    SLICE_X1Y59          LUT5 (Prop_lut5_I0_O)        0.053     6.948 r  sum_out[29]_i_5/O
                         net (fo=3, routed)           0.807     7.755    sum_out[29]_i_5_n_0
    SLICE_X3Y63          LUT6 (Prop_lut6_I3_O)        0.053     7.808 r  sum_out[29]_i_1/O
                         net (fo=1, routed)           0.000     7.808    sum_comb[29]
    SLICE_X3Y63          FDRE                                         r  sum_out_reg[29]/D
  -------------------------------------------------------------------    -------------------

                         (clock sys_clk rise edge)   10.000    10.000 r  
    AD23                                              0.000    10.000 r  clk (IN)
                         net (fo=0)                   0.000    10.000    clk
    AD23                 IBUF (Prop_ibuf_I_O)         0.796    10.796 r  clk_IBUF_inst/O
                         net (fo=1, routed)           1.741    12.537    clk_IBUF
    BUFGCTRL_X0Y0        BUFG (Prop_bufg_I_O)         0.113    12.650 r  clk_IBUF_BUFG_inst/O
                         net (fo=98, routed)          1.407    14.057    clk_IBUF_BUFG
    SLICE_X3Y63          FDRE                                         r  sum_out_reg[29]/C
                         clock pessimism              0.259    14.317    
                         clock uncertainty           -0.035    14.281    
    SLICE_X3Y63          FDRE (Setup_fdre_C_D)        0.034    14.315    sum_out_reg[29]
  -------------------------------------------------------------------
                         required time                         14.315    
                         arrival time                          -7.808    
  -------------------------------------------------------------------
                         slack                                  6.507    

Slack (MET) :             6.523ns  (required time - arrival time)
  Source:                 b_reg_reg[0]/C
                            (rising edge-triggered cell FDRE clocked by sys_clk  {rise@0.000ns fall@5.000ns period=10.000ns})
  Destination:            sum_out_reg[19]/D
                            (rising edge-triggered cell FDRE clocked by sys_clk  {rise@0.000ns fall@5.000ns period=10.000ns})
  Path Group:             sys_clk
  Path Type:              Setup (Max at Slow Process Corner)
  Requirement:            10.000ns  (sys_clk rise@10.000ns - sys_clk rise@0.000ns)
  Data Path Delay:        3.449ns  (logic 0.609ns (17.659%)  route 2.840ns (82.341%))
  Logic Levels:           4  (LUT3=1 LUT5=1 LUT6=2)
  Clock Path Skew:        -0.027ns (DCD - SCD + CPR)
    Destination Clock Delay (DCD):    4.057ns = ( 14.057 - 10.000 ) 
    Source Clock Delay      (SCD):    4.344ns
    Clock Pessimism Removal (CPR):    0.259ns
  Clock Uncertainty:      0.035ns  ((TSJ^2 + TIJ^2)^1/2 + DJ) / 2 + PE
    Total System Jitter     (TSJ):    0.071ns
    Total Input Jitter      (TIJ):    0.000ns
    Discrete Jitter          (DJ):    0.000ns
    Phase Error              (PE):    0.000ns

    Location             Delay type                Incr(ns)  Path(ns)    Netlist Resource(s)
  -------------------------------------------------------------------    -------------------
                         (clock sys_clk rise edge)    0.000     0.000 r  
    AD23                                              0.000     0.000 r  clk (IN)
                         net (fo=0)                   0.000     0.000    clk
    AD23                 IBUF (Prop_ibuf_I_O)         0.873     0.873 r  clk_IBUF_inst/O
                         net (fo=1, routed)           1.830     2.703    clk_IBUF
    BUFGCTRL_X0Y0        BUFG (Prop_bufg_I_O)         0.120     2.823 r  clk_IBUF_BUFG_inst/O
                         net (fo=98, routed)          1.521     4.344    clk_IBUF_BUFG
    SLICE_X1Y50          FDRE                                         r  b_reg_reg[0]/C
  -------------------------------------------------------------------    -------------------
    SLICE_X1Y50          FDRE (Prop_fdre_C_Q)         0.269     4.613 r  b_reg_reg[0]/Q
                         net (fo=8, routed)           0.730     5.342    b_reg[0]
    SLICE_X0Y55          LUT3 (Prop_lut3_I0_O)        0.066     5.408 r  sum_out[3]_i_2/O
                         net (fo=4, routed)           0.508     5.916    sum_out[3]_i_2_n_0
    SLICE_X1Y55          LUT5 (Prop_lut5_I0_O)        0.168     6.084 r  sum_out[27]_i_9/O
                         net (fo=3, routed)           0.921     7.006    sum_out[27]_i_9_n_0
    SLICE_X1Y58          LUT6 (Prop_lut6_I3_O)        0.053     7.059 r  sum_out[19]_i_2/O
                         net (fo=2, routed)           0.681     7.739    sum_out[19]_i_2_n_0
    SLICE_X1Y63          LUT6 (Prop_lut6_I3_O)        0.053     7.792 r  sum_out[19]_i_1/O
                         net (fo=1, routed)           0.000     7.792    sum_comb[19]
    SLICE_X1Y63          FDRE                                         r  sum_out_reg[19]/D
  -------------------------------------------------------------------    -------------------

                         (clock sys_clk rise edge)   10.000    10.000 r  
    AD23                                              0.000    10.000 r  clk (IN)
                         net (fo=0)                   0.000    10.000    clk
    AD23                 IBUF (Prop_ibuf_I_O)         0.796    10.796 r  clk_IBUF_inst/O
                         net (fo=1, routed)           1.741    12.537    clk_IBUF
    BUFGCTRL_X0Y0        BUFG (Prop_bufg_I_O)         0.113    12.650 r  clk_IBUF_BUFG_inst/O
                         net (fo=98, routed)          1.407    14.057    clk_IBUF_BUFG
    SLICE_X1Y63          FDRE                                         r  sum_out_reg[19]/C
                         clock pessimism              0.259    14.317    
                         clock uncertainty           -0.035    14.281    
    SLICE_X1Y63          FDRE (Setup_fdre_C_D)        0.034    14.315    sum_out_reg[19]
  -------------------------------------------------------------------
                         required time                         14.315    
                         arrival time                          -7.792    
  -------------------------------------------------------------------
                         slack                                  6.523    

Slack (MET) :             6.538ns  (required time - arrival time)
  Source:                 b_reg_reg[14]/C
                            (rising edge-triggered cell FDRE clocked by sys_clk  {rise@0.000ns fall@5.000ns period=10.000ns})
  Destination:            sum_out_reg[30]/D
                            (rising edge-triggered cell FDRE clocked by sys_clk  {rise@0.000ns fall@5.000ns period=10.000ns})
  Path Group:             sys_clk
  Path Type:              Setup (Max at Slow Process Corner)
  Requirement:            10.000ns  (sys_clk rise@10.000ns - sys_clk rise@0.000ns)
  Data Path Delay:        3.426ns  (logic 0.602ns (17.570%)  route 2.824ns (82.430%))
  Logic Levels:           4  (LUT4=1 LUT6=3)
  Clock Path Skew:        -0.034ns (DCD - SCD + CPR)
    Destination Clock Delay (DCD):    4.055ns = ( 14.055 - 10.000 ) 
    Source Clock Delay      (SCD):    4.344ns
    Clock Pessimism Removal (CPR):    0.254ns
  Clock Uncertainty:      0.035ns  ((TSJ^2 + TIJ^2)^1/2 + DJ) / 2 + PE
    Total System Jitter     (TSJ):    0.071ns
    Total Input Jitter      (TIJ):    0.000ns
    Discrete Jitter          (DJ):    0.000ns
    Phase Error              (PE):    0.000ns

    Location             Delay type                Incr(ns)  Path(ns)    Netlist Resource(s)
  -------------------------------------------------------------------    -------------------
                         (clock sys_clk rise edge)    0.000     0.000 r  
    AD23                                              0.000     0.000 r  clk (IN)
                         net (fo=0)                   0.000     0.000    clk
    AD23                 IBUF (Prop_ibuf_I_O)         0.873     0.873 r  clk_IBUF_inst/O
                         net (fo=1, routed)           1.830     2.703    clk_IBUF
    BUFGCTRL_X0Y0        BUFG (Prop_bufg_I_O)         0.120     2.823 r  clk_IBUF_BUFG_inst/O
                         net (fo=98, routed)          1.521     4.344    clk_IBUF_BUFG
    SLICE_X1Y52          FDRE                                         r  b_reg_reg[14]/C
  -------------------------------------------------------------------    -------------------
    SLICE_X1Y52          FDRE (Prop_fdre_C_Q)         0.269     4.613 r  b_reg_reg[14]/Q
                         net (fo=9, routed)           0.969     5.582    b_reg[14]
    SLICE_X1Y60          LUT4 (Prop_lut4_I1_O)        0.062     5.644 r  sum_out[22]_i_6/O
                         net (fo=3, routed)           0.850     6.494    sum_out[22]_i_6_n_0
    SLICE_X4Y61          LUT6 (Prop_lut6_I0_O)        0.165     6.659 f  sum_out[30]_i_8/O
                         net (fo=1, routed)           0.580     7.239    sum_out[30]_i_8_n_0
    SLICE_X4Y59          LUT6 (Prop_lut6_I0_O)        0.053     7.292 r  sum_out[30]_i_3/O
                         net (fo=1, routed)           0.425     7.717    sum_out[30]_i_3_n_0
    SLICE_X5Y63          LUT6 (Prop_lut6_I1_O)        0.053     7.770 r  sum_out[30]_i_1/O
                         net (fo=1, routed)           0.000     7.770    sum_comb[30]
    SLICE_X5Y63          FDRE                                         r  sum_out_reg[30]/D
  -------------------------------------------------------------------    -------------------

                         (clock sys_clk rise edge)   10.000    10.000 r  
    AD23                                              0.000    10.000 r  clk (IN)
                         net (fo=0)                   0.000    10.000    clk
    AD23                 IBUF (Prop_ibuf_I_O)         0.796    10.796 r  clk_IBUF_inst/O
                         net (fo=1, routed)           1.741    12.537    clk_IBUF
    BUFGCTRL_X0Y0        BUFG (Prop_bufg_I_O)         0.113    12.650 r  clk_IBUF_BUFG_inst/O
                         net (fo=98, routed)          1.405    14.055    clk_IBUF_BUFG
    SLICE_X5Y63          FDRE                                         r  sum_out_reg[30]/C
                         clock pessimism              0.254    14.310    
                         clock uncertainty           -0.035    14.274    
    SLICE_X5Y63          FDRE (Setup_fdre_C_D)        0.034    14.308    sum_out_reg[30]
  -------------------------------------------------------------------
                         required time                         14.308    
                         arrival time                          -7.770    
  -------------------------------------------------------------------
                         slack                                  6.538    

Slack (MET) :             6.541ns  (required time - arrival time)
  Source:                 b_reg_reg[12]/C
                            (rising edge-triggered cell FDRE clocked by sys_clk  {rise@0.000ns fall@5.000ns period=10.000ns})
  Destination:            sum_out_reg[28]/D
                            (rising edge-triggered cell FDRE clocked by sys_clk  {rise@0.000ns fall@5.000ns period=10.000ns})
  Path Group:             sys_clk
  Path Type:              Setup (Max at Slow Process Corner)
  Requirement:            10.000ns  (sys_clk rise@10.000ns - sys_clk rise@0.000ns)
  Data Path Delay:        3.470ns  (logic 0.641ns (18.472%)  route 2.829ns (81.528%))
  Logic Levels:           4  (LUT3=1 LUT4=1 LUT5=1 LUT6=1)
  Clock Path Skew:        -0.027ns (DCD - SCD + CPR)
    Destination Clock Delay (DCD):    4.057ns = ( 14.057 - 10.000 ) 
    Source Clock Delay      (SCD):    4.344ns
    Clock Pessimism Removal (CPR):    0.259ns
  Clock Uncertainty:      0.035ns  ((TSJ^2 + TIJ^2)^1/2 + DJ) / 2 + PE
    Total System Jitter     (TSJ):    0.071ns
    Total Input Jitter      (TIJ):    0.000ns
    Discrete Jitter          (DJ):    0.000ns
    Phase Error              (PE):    0.000ns

    Location             Delay type                Incr(ns)  Path(ns)    Netlist Resource(s)
  -------------------------------------------------------------------    -------------------
                         (clock sys_clk rise edge)    0.000     0.000 r  
    AD23                                              0.000     0.000 r  clk (IN)
                         net (fo=0)                   0.000     0.000    clk
    AD23                 IBUF (Prop_ibuf_I_O)         0.873     0.873 r  clk_IBUF_inst/O
                         net (fo=1, routed)           1.830     2.703    clk_IBUF
    BUFGCTRL_X0Y0        BUFG (Prop_bufg_I_O)         0.120     2.823 r  clk_IBUF_BUFG_inst/O
                         net (fo=98, routed)          1.521     4.344    clk_IBUF_BUFG
    SLICE_X0Y50          FDRE                                         r  b_reg_reg[12]/C
  -------------------------------------------------------------------    -------------------
    SLICE_X0Y50          FDRE (Prop_fdre_C_Q)         0.308     4.652 r  b_reg_reg[12]/Q
                         net (fo=9, routed)           1.108     5.760    b_reg[12]
    SLICE_X1Y60          LUT4 (Prop_lut4_I0_O)        0.053     5.813 r  sum_out[20]_i_7/O
                         net (fo=1, routed)           0.457     6.269    sum_out[20]_i_7_n_0
    SLICE_X1Y60          LUT5 (Prop_lut5_I4_O)        0.053     6.322 f  sum_out[20]_i_3/O
                         net (fo=4, routed)           0.579     6.901    sum_out[20]_i_3_n_0
    SLICE_X1Y62          LUT3 (Prop_lut3_I0_O)        0.062     6.963 r  sum_out[28]_i_5/O
                         net (fo=1, routed)           0.686     7.649    sum_out[28]_i_5_n_0
    SLICE_X2Y64          LUT6 (Prop_lut6_I3_O)        0.165     7.814 r  sum_out[28]_i_1/O
                         net (fo=1, routed)           0.000     7.814    sum_comb[28]
    SLICE_X2Y64          FDRE                                         r  sum_out_reg[28]/D
  -------------------------------------------------------------------    -------------------

                         (clock sys_clk rise edge)   10.000    10.000 r  
    AD23                                              0.000    10.000 r  clk (IN)
                         net (fo=0)                   0.000    10.000    clk
    AD23                 IBUF (Prop_ibuf_I_O)         0.796    10.796 r  clk_IBUF_inst/O
                         net (fo=1, routed)           1.741    12.537    clk_IBUF
    BUFGCTRL_X0Y0        BUFG (Prop_bufg_I_O)         0.113    12.650 r  clk_IBUF_BUFG_inst/O
                         net (fo=98, routed)          1.407    14.057    clk_IBUF_BUFG
    SLICE_X2Y64          FDRE                                         r  sum_out_reg[28]/C
                         clock pessimism              0.259    14.317    
                         clock uncertainty           -0.035    14.281    
    SLICE_X2Y64          FDRE (Setup_fdre_C_D)        0.073    14.354    sum_out_reg[28]
  -------------------------------------------------------------------
                         required time                         14.354    
                         arrival time                          -7.814    
  -------------------------------------------------------------------
                         slack                                  6.541    

Slack (MET) :             6.563ns  (required time - arrival time)
  Source:                 b_reg_reg[4]/C
                            (rising edge-triggered cell FDRE clocked by sys_clk  {rise@0.000ns fall@5.000ns period=10.000ns})
  Destination:            sum_out_reg[16]/D
                            (rising edge-triggered cell FDRE clocked by sys_clk  {rise@0.000ns fall@5.000ns period=10.000ns})
  Path Group:             sys_clk
  Path Type:              Setup (Max at Slow Process Corner)
  Requirement:            10.000ns  (sys_clk rise@10.000ns - sys_clk rise@0.000ns)
  Data Path Delay:        3.448ns  (logic 0.782ns (22.683%)  route 2.666ns (77.317%))
  Logic Levels:           4  (LUT4=1 LUT5=2 LUT6=1)
  Clock Path Skew:        -0.025ns (DCD - SCD + CPR)
    Destination Clock Delay (DCD):    4.059ns = ( 14.059 - 10.000 ) 
    Source Clock Delay      (SCD):    4.344ns
    Clock Pessimism Removal (CPR):    0.259ns
  Clock Uncertainty:      0.035ns  ((TSJ^2 + TIJ^2)^1/2 + DJ) / 2 + PE
    Total System Jitter     (TSJ):    0.071ns
    Total Input Jitter      (TIJ):    0.000ns
    Discrete Jitter          (DJ):    0.000ns
    Phase Error              (PE):    0.000ns

    Location             Delay type                Incr(ns)  Path(ns)    Netlist Resource(s)
  -------------------------------------------------------------------    -------------------
                         (clock sys_clk rise edge)    0.000     0.000 r  
    AD23                                              0.000     0.000 r  clk (IN)
                         net (fo=0)                   0.000     0.000    clk
    AD23                 IBUF (Prop_ibuf_I_O)         0.873     0.873 r  clk_IBUF_inst/O
                         net (fo=1, routed)           1.830     2.703    clk_IBUF
    BUFGCTRL_X0Y0        BUFG (Prop_bufg_I_O)         0.120     2.823 r  clk_IBUF_BUFG_inst/O
                         net (fo=98, routed)          1.521     4.344    clk_IBUF_BUFG
    SLICE_X0Y52          FDRE                                         r  b_reg_reg[4]/C
  -------------------------------------------------------------------    -------------------
    SLICE_X0Y52          FDRE (Prop_fdre_C_Q)         0.308     4.652 f  b_reg_reg[4]/Q
                         net (fo=8, routed)           0.922     5.574    b_reg[4]
    SLICE_X2Y56          LUT4 (Prop_lut4_I0_O)        0.068     5.642 f  sum_out[6]_i_5/O
                         net (fo=3, routed)           0.440     6.082    sum_out[6]_i_5_n_0
    SLICE_X2Y57          LUT5 (Prop_lut5_I4_O)        0.172     6.254 r  sum_out[28]_i_15/O
                         net (fo=3, routed)           0.614     6.868    sum_out[28]_i_15_n_0
    SLICE_X2Y56          LUT5 (Prop_lut5_I2_O)        0.066     6.934 r  sum_out[16]_i_3/O
                         net (fo=2, routed)           0.690     7.623    sum_out[16]_i_3_n_0
    SLICE_X2Y61          LUT6 (Prop_lut6_I4_O)        0.168     7.791 r  sum_out[16]_i_1/O
                         net (fo=1, routed)           0.000     7.791    sum_comb[16]
    SLICE_X2Y61          FDRE                                         r  sum_out_reg[16]/D
  -------------------------------------------------------------------    -------------------

                         (clock sys_clk rise edge)   10.000    10.000 r  
    AD23                                              0.000    10.000 r  clk (IN)
                         net (fo=0)                   0.000    10.000    clk
    AD23                 IBUF (Prop_ibuf_I_O)         0.796    10.796 r  clk_IBUF_inst/O
                         net (fo=1, routed)           1.741    12.537    clk_IBUF
    BUFGCTRL_X0Y0        BUFG (Prop_bufg_I_O)         0.113    12.650 r  clk_IBUF_BUFG_inst/O
                         net (fo=98, routed)          1.409    14.059    clk_IBUF_BUFG
    SLICE_X2Y61          FDRE                                         r  sum_out_reg[16]/C
                         clock pessimism              0.259    14.319    
                         clock uncertainty           -0.035    14.283    
    SLICE_X2Y61          FDRE (Setup_fdre_C_D)        0.071    14.354    sum_out_reg[16]
  -------------------------------------------------------------------
                         required time                         14.354    
                         arrival time                          -7.791    
  -------------------------------------------------------------------
                         slack                                  6.563    

Slack (MET) :             6.612ns  (required time - arrival time)
  Source:                 a_reg_reg[15]/C
                            (rising edge-triggered cell FDRE clocked by sys_clk  {rise@0.000ns fall@5.000ns period=10.000ns})
  Destination:            sum_out_reg[31]/D
                            (rising edge-triggered cell FDRE clocked by sys_clk  {rise@0.000ns fall@5.000ns period=10.000ns})
  Path Group:             sys_clk
  Path Type:              Setup (Max at Slow Process Corner)
  Requirement:            10.000ns  (sys_clk rise@10.000ns - sys_clk rise@0.000ns)
  Data Path Delay:        3.422ns  (logic 0.908ns (26.535%)  route 2.514ns (73.465%))
  Logic Levels:           4  (LUT3=1 LUT4=1 LUT5=1 LUT6=1)
  Clock Path Skew:        0.034ns (DCD - SCD + CPR)
    Destination Clock Delay (DCD):    4.057ns = ( 14.057 - 10.000 ) 
    Source Clock Delay      (SCD):    4.278ns
    Clock Pessimism Removal (CPR):    0.254ns
  Clock Uncertainty:      0.035ns  ((TSJ^2 + TIJ^2)^1/2 + DJ) / 2 + PE
    Total System Jitter     (TSJ):    0.071ns
    Total Input Jitter      (TIJ):    0.000ns
    Discrete Jitter          (DJ):    0.000ns
    Phase Error              (PE):    0.000ns

    Location             Delay type                Incr(ns)  Path(ns)    Netlist Resource(s)
  -------------------------------------------------------------------    -------------------
                         (clock sys_clk rise edge)    0.000     0.000 r  
    AD23                                              0.000     0.000 r  clk (IN)
                         net (fo=0)                   0.000     0.000    clk
    AD23                 IBUF (Prop_ibuf_I_O)         0.873     0.873 r  clk_IBUF_inst/O
                         net (fo=1, routed)           1.830     2.703    clk_IBUF
    BUFGCTRL_X0Y0        BUFG (Prop_bufg_I_O)         0.120     2.823 r  clk_IBUF_BUFG_inst/O
                         net (fo=98, routed)          1.455     4.278    clk_IBUF_BUFG
    SLICE_X8Y63          FDRE                                         r  a_reg_reg[15]/C
  -------------------------------------------------------------------    -------------------
    SLICE_X8Y63          FDRE (Prop_fdre_C_Q)         0.308     4.586 f  a_reg_reg[15]/Q
                         net (fo=11, routed)          1.086     5.672    a_reg[15]
    SLICE_X3Y60          LUT4 (Prop_lut4_I1_O)        0.063     5.735 r  sum_out[31]_i_20/O
                         net (fo=1, routed)           0.670     6.405    sum_out[31]_i_20_n_0
    SLICE_X3Y61          LUT5 (Prop_lut5_I0_O)        0.187     6.592 r  sum_out[31]_i_9/O
                         net (fo=2, routed)           0.455     7.047    sum_out[31]_i_9_n_0
    SLICE_X2Y63          LUT3 (Prop_lut3_I1_O)        0.178     7.225 r  sum_out[31]_i_2/O
                         net (fo=2, routed)           0.302     7.528    sum_out[31]_i_2_n_0
    SLICE_X1Y64          LUT6 (Prop_lut6_I0_O)        0.172     7.700 r  sum_out[31]_i_1/O
                         net (fo=1, routed)           0.000     7.700    sum_comb[31]
    SLICE_X1Y64          FDRE                                         r  sum_out_reg[31]/D
  -------------------------------------------------------------------    -------------------

                         (clock sys_clk rise edge)   10.000    10.000 r  
    AD23                                              0.000    10.000 r  clk (IN)
                         net (fo=0)                   0.000    10.000    clk
    AD23                 IBUF (Prop_ibuf_I_O)         0.796    10.796 r  clk_IBUF_inst/O
                         net (fo=1, routed)           1.741    12.537    clk_IBUF
    BUFGCTRL_X0Y0        BUFG (Prop_bufg_I_O)         0.113    12.650 r  clk_IBUF_BUFG_inst/O
                         net (fo=98, routed)          1.407    14.057    clk_IBUF_BUFG
    SLICE_X1Y64          FDRE                                         r  sum_out_reg[31]/C
                         clock pessimism              0.254    14.312    
                         clock uncertainty           -0.035    14.276    
    SLICE_X1Y64          FDRE (Setup_fdre_C_D)        0.035    14.311    sum_out_reg[31]
  -------------------------------------------------------------------
                         required time                         14.311    
                         arrival time                          -7.700    
  -------------------------------------------------------------------
                         slack                                  6.612    

Slack (MET) :             6.628ns  (required time - arrival time)
  Source:                 b_reg_reg[4]/C
                            (rising edge-triggered cell FDRE clocked by sys_clk  {rise@0.000ns fall@5.000ns period=10.000ns})
  Destination:            sum_out_reg[24]/D
                            (rising edge-triggered cell FDRE clocked by sys_clk  {rise@0.000ns fall@5.000ns period=10.000ns})
  Path Group:             sys_clk
  Path Type:              Setup (Max at Slow Process Corner)
  Requirement:            10.000ns  (sys_clk rise@10.000ns - sys_clk rise@0.000ns)
  Data Path Delay:        3.345ns  (logic 0.654ns (19.552%)  route 2.691ns (80.448%))
  Logic Levels:           4  (LUT3=1 LUT4=1 LUT5=1 LUT6=1)
  Clock Path Skew:        -0.026ns (DCD - SCD + CPR)
    Destination Clock Delay (DCD):    4.058ns = ( 14.058 - 10.000 ) 
    Source Clock Delay      (SCD):    4.344ns
    Clock Pessimism Removal (CPR):    0.259ns
  Clock Uncertainty:      0.035ns  ((TSJ^2 + TIJ^2)^1/2 + DJ) / 2 + PE
    Total System Jitter     (TSJ):    0.071ns
    Total Input Jitter      (TIJ):    0.000ns
    Discrete Jitter          (DJ):    0.000ns
    Phase Error              (PE):    0.000ns

    Location             Delay type                Incr(ns)  Path(ns)    Netlist Resource(s)
  -------------------------------------------------------------------    -------------------
                         (clock sys_clk rise edge)    0.000     0.000 r  
    AD23                                              0.000     0.000 r  clk (IN)
                         net (fo=0)                   0.000     0.000    clk
    AD23                 IBUF (Prop_ibuf_I_O)         0.873     0.873 r  clk_IBUF_inst/O
                         net (fo=1, routed)           1.830     2.703    clk_IBUF
    BUFGCTRL_X0Y0        BUFG (Prop_bufg_I_O)         0.120     2.823 r  clk_IBUF_BUFG_inst/O
                         net (fo=98, routed)          1.521     4.344    clk_IBUF_BUFG
    SLICE_X0Y52          FDRE                                         r  b_reg_reg[4]/C
  -------------------------------------------------------------------    -------------------
    SLICE_X0Y52          FDRE (Prop_fdre_C_Q)         0.308     4.652 r  b_reg_reg[4]/Q
                         net (fo=8, routed)           0.922     5.574    b_reg[4]
    SLICE_X2Y56          LUT4 (Prop_lut4_I0_O)        0.068     5.642 r  sum_out[6]_i_5/O
                         net (fo=3, routed)           0.440     6.082    sum_out[6]_i_5_n_0
    SLICE_X2Y57          LUT5 (Prop_lut5_I4_O)        0.172     6.254 f  sum_out[28]_i_15/O
                         net (fo=3, routed)           0.614     6.868    sum_out[28]_i_15_n_0
    SLICE_X2Y56          LUT3 (Prop_lut3_I2_O)        0.053     6.921 r  sum_out[24]_i_4/O
                         net (fo=2, routed)           0.715     7.636    sum_out[24]_i_4_n_0
    SLICE_X1Y62          LUT6 (Prop_lut6_I2_O)        0.053     7.689 r  sum_out[24]_i_1/O
                         net (fo=1, routed)           0.000     7.689    sum_comb[24]
    SLICE_X1Y62          FDRE                                         r  sum_out_reg[24]/D
  -------------------------------------------------------------------    -------------------

                         (clock sys_clk rise edge)   10.000    10.000 r  
    AD23                                              0.000    10.000 r  clk (IN)
                         net (fo=0)                   0.000    10.000    clk
    AD23                 IBUF (Prop_ibuf_I_O)         0.796    10.796 r  clk_IBUF_inst/O
                         net (fo=1, routed)           1.741    12.537    clk_IBUF
    BUFGCTRL_X0Y0        BUFG (Prop_bufg_I_O)         0.113    12.650 r  clk_IBUF_BUFG_inst/O
                         net (fo=98, routed)          1.408    14.058    clk_IBUF_BUFG
    SLICE_X1Y62          FDRE                                         r  sum_out_reg[24]/C
                         clock pessimism              0.259    14.318    
                         clock uncertainty           -0.035    14.282    
    SLICE_X1Y62          FDRE (Setup_fdre_C_D)        0.034    14.316    sum_out_reg[24]
  -------------------------------------------------------------------
                         required time                         14.316    
                         arrival time                          -7.689    
  -------------------------------------------------------------------
                         slack                                  6.628    

Slack (MET) :             6.630ns  (required time - arrival time)
  Source:                 b_reg_reg[1]/C
                            (rising edge-triggered cell FDRE clocked by sys_clk  {rise@0.000ns fall@5.000ns period=10.000ns})
  Destination:            sum_out_reg[10]/D
                            (rising edge-triggered cell FDRE clocked by sys_clk  {rise@0.000ns fall@5.000ns period=10.000ns})
  Path Group:             sys_clk
  Path Type:              Setup (Max at Slow Process Corner)
  Requirement:            10.000ns  (sys_clk rise@10.000ns - sys_clk rise@0.000ns)
  Data Path Delay:        3.345ns  (logic 0.653ns (19.520%)  route 2.692ns (80.480%))
  Logic Levels:           4  (LUT3=1 LUT4=1 LUT6=2)
  Clock Path Skew:        -0.024ns (DCD - SCD + CPR)
    Destination Clock Delay (DCD):    4.060ns = ( 14.060 - 10.000 ) 
    Source Clock Delay      (SCD):    4.344ns
    Clock Pessimism Removal (CPR):    0.259ns
  Clock Uncertainty:      0.035ns  ((TSJ^2 + TIJ^2)^1/2 + DJ) / 2 + PE
    Total System Jitter     (TSJ):    0.071ns
    Total Input Jitter      (TIJ):    0.000ns
    Discrete Jitter          (DJ):    0.000ns
    Phase Error              (PE):    0.000ns

    Location             Delay type                Incr(ns)  Path(ns)    Netlist Resource(s)
  -------------------------------------------------------------------    -------------------
                         (clock sys_clk rise edge)    0.000     0.000 r  
    AD23                                              0.000     0.000 r  clk (IN)
                         net (fo=0)                   0.000     0.000    clk
    AD23                 IBUF (Prop_ibuf_I_O)         0.873     0.873 r  clk_IBUF_inst/O
                         net (fo=1, routed)           1.830     2.703    clk_IBUF
    BUFGCTRL_X0Y0        BUFG (Prop_bufg_I_O)         0.120     2.823 r  clk_IBUF_BUFG_inst/O
                         net (fo=98, routed)          1.521     4.344    clk_IBUF_BUFG
    SLICE_X0Y50          FDRE                                         r  b_reg_reg[1]/C
  -------------------------------------------------------------------    -------------------
    SLICE_X0Y50          FDRE (Prop_fdre_C_Q)         0.308     4.652 f  b_reg_reg[1]/Q
                         net (fo=9, routed)           1.003     5.655    b_reg[1]
    SLICE_X2Y55          LUT4 (Prop_lut4_I3_O)        0.067     5.722 r  sum_out[6]_i_6/O
                         net (fo=4, routed)           0.630     6.352    sum_out[6]_i_6_n_0
    SLICE_X3Y56          LUT6 (Prop_lut6_I5_O)        0.172     6.524 r  sum_out[6]_i_2/O
                         net (fo=3, routed)           0.718     7.242    sum_out[6]_i_2_n_0
    SLICE_X3Y58          LUT6 (Prop_lut6_I0_O)        0.053     7.295 r  sum_out[10]_i_2/O
                         net (fo=1, routed)           0.341     7.636    sum_out[10]_i_2_n_0
    SLICE_X3Y59          LUT3 (Prop_lut3_I2_O)        0.053     7.689 r  sum_out[10]_i_1/O
                         net (fo=1, routed)           0.000     7.689    sum_out[10]_i_1_n_0
    SLICE_X3Y59          FDRE                                         r  sum_out_reg[10]/D
  -------------------------------------------------------------------    -------------------

                         (clock sys_clk rise edge)   10.000    10.000 r  
    AD23                                              0.000    10.000 r  clk (IN)
                         net (fo=0)                   0.000    10.000    clk
    AD23                 IBUF (Prop_ibuf_I_O)         0.796    10.796 r  clk_IBUF_inst/O
                         net (fo=1, routed)           1.741    12.537    clk_IBUF
    BUFGCTRL_X0Y0        BUFG (Prop_bufg_I_O)         0.113    12.650 r  clk_IBUF_BUFG_inst/O
                         net (fo=98, routed)          1.410    14.060    clk_IBUF_BUFG
    SLICE_X3Y59          FDRE                                         r  sum_out_reg[10]/C
                         clock pessimism              0.259    14.320    
                         clock uncertainty           -0.035    14.284    
    SLICE_X3Y59          FDRE (Setup_fdre_C_D)        0.035    14.319    sum_out_reg[10]
  -------------------------------------------------------------------
                         required time                         14.319    
                         arrival time                          -7.689    
  -------------------------------------------------------------------
                         slack                                  6.630    

Slack (MET) :             6.659ns  (required time - arrival time)
  Source:                 b_reg_reg[4]/C
                            (rising edge-triggered cell FDRE clocked by sys_clk  {rise@0.000ns fall@5.000ns period=10.000ns})
  Destination:            sum_out_reg[9]/D
                            (rising edge-triggered cell FDRE clocked by sys_clk  {rise@0.000ns fall@5.000ns period=10.000ns})
  Path Group:             sys_clk
  Path Type:              Setup (Max at Slow Process Corner)
  Requirement:            10.000ns  (sys_clk rise@10.000ns - sys_clk rise@0.000ns)
  Data Path Delay:        3.264ns  (logic 0.647ns (19.824%)  route 2.617ns (80.176%))
  Logic Levels:           4  (LUT3=1 LUT4=1 LUT6=2)
  Clock Path Skew:        -0.024ns (DCD - SCD + CPR)
    Destination Clock Delay (DCD):    4.060ns = ( 14.060 - 10.000 ) 
    Source Clock Delay      (SCD):    4.344ns
    Clock Pessimism Removal (CPR):    0.259ns
  Clock Uncertainty:      0.035ns  ((TSJ^2 + TIJ^2)^1/2 + DJ) / 2 + PE
    Total System Jitter     (TSJ):    0.071ns
    Total Input Jitter      (TIJ):    0.000ns
    Discrete Jitter          (DJ):    0.000ns
    Phase Error              (PE):    0.000ns

    Location             Delay type                Incr(ns)  Path(ns)    Netlist Resource(s)
  -------------------------------------------------------------------    -------------------
                         (clock sys_clk rise edge)    0.000     0.000 r  
    AD23                                              0.000     0.000 r  clk (IN)
                         net (fo=0)                   0.000     0.000    clk
    AD23                 IBUF (Prop_ibuf_I_O)         0.873     0.873 r  clk_IBUF_inst/O
                         net (fo=1, routed)           1.830     2.703    clk_IBUF
    BUFGCTRL_X0Y0        BUFG (Prop_bufg_I_O)         0.120     2.823 r  clk_IBUF_BUFG_inst/O
                         net (fo=98, routed)          1.521     4.344    clk_IBUF_BUFG
    SLICE_X0Y52          FDRE                                         r  b_reg_reg[4]/C
  -------------------------------------------------------------------    -------------------
    SLICE_X0Y52          FDRE (Prop_fdre_C_Q)         0.308     4.652 f  b_reg_reg[4]/Q
                         net (fo=8, routed)           0.894     5.546    b_reg[4]
    SLICE_X1Y56          LUT4 (Prop_lut4_I3_O)        0.063     5.609 f  sum_out[7]_i_5/O
                         net (fo=3, routed)           0.559     6.168    sum_out[7]_i_5_n_0
    SLICE_X1Y55          LUT6 (Prop_lut6_I2_O)        0.170     6.338 r  sum_out[5]_i_2/O
                         net (fo=4, routed)           0.371     6.708    sum_out[5]_i_2_n_0
    SLICE_X2Y57          LUT6 (Prop_lut6_I1_O)        0.053     6.761 r  sum_out[17]_i_4/O
                         net (fo=2, routed)           0.427     7.188    sum_out[17]_i_4_n_0
    SLICE_X3Y59          LUT3 (Prop_lut3_I2_O)        0.053     7.241 r  sum_out[9]_i_1/O
                         net (fo=1, routed)           0.366     7.607    sum_out[9]_i_1_n_0
    SLICE_X0Y59          FDRE                                         r  sum_out_reg[9]/D
  -------------------------------------------------------------------    -------------------

                         (clock sys_clk rise edge)   10.000    10.000 r  
    AD23                                              0.000    10.000 r  clk (IN)
                         net (fo=0)                   0.000    10.000    clk
    AD23                 IBUF (Prop_ibuf_I_O)         0.796    10.796 r  clk_IBUF_inst/O
                         net (fo=1, routed)           1.741    12.537    clk_IBUF
    BUFGCTRL_X0Y0        BUFG (Prop_bufg_I_O)         0.113    12.650 r  clk_IBUF_BUFG_inst/O
                         net (fo=98, routed)          1.410    14.060    clk_IBUF_BUFG
    SLICE_X0Y59          FDRE                                         r  sum_out_reg[9]/C
                         clock pessimism              0.259    14.320    
                         clock uncertainty           -0.035    14.284    
    SLICE_X0Y59          FDRE (Setup_fdre_C_D)       -0.018    14.266    sum_out_reg[9]
  -------------------------------------------------------------------
                         required time                         14.266    
                         arrival time                          -7.607    
  -------------------------------------------------------------------
                         slack                                  6.659    

Slack (MET) :             6.674ns  (required time - arrival time)
  Source:                 b_reg_reg[11]/C
                            (rising edge-triggered cell FDRE clocked by sys_clk  {rise@0.000ns fall@5.000ns period=10.000ns})
  Destination:            sum_out_reg[15]/D
                            (rising edge-triggered cell FDRE clocked by sys_clk  {rise@0.000ns fall@5.000ns period=10.000ns})
  Path Group:             sys_clk
  Path Type:              Setup (Max at Slow Process Corner)
  Requirement:            10.000ns  (sys_clk rise@10.000ns - sys_clk rise@0.000ns)
  Data Path Delay:        3.300ns  (logic 0.773ns (23.426%)  route 2.527ns (76.574%))
  Logic Levels:           4  (LUT3=1 LUT4=1 LUT5=1 LUT6=1)
  Clock Path Skew:        -0.026ns (DCD - SCD + CPR)
    Destination Clock Delay (DCD):    4.057ns = ( 14.057 - 10.000 ) 
    Source Clock Delay      (SCD):    4.343ns
    Clock Pessimism Removal (CPR):    0.259ns
  Clock Uncertainty:      0.035ns  ((TSJ^2 + TIJ^2)^1/2 + DJ) / 2 + PE
    Total System Jitter     (TSJ):    0.071ns
    Total Input Jitter      (TIJ):    0.000ns
    Discrete Jitter          (DJ):    0.000ns
    Phase Error              (PE):    0.000ns

    Location             Delay type                Incr(ns)  Path(ns)    Netlist Resource(s)
  -------------------------------------------------------------------    -------------------
                         (clock sys_clk rise edge)    0.000     0.000 r  
    AD23                                              0.000     0.000 r  clk (IN)
                         net (fo=0)                   0.000     0.000    clk
    AD23                 IBUF (Prop_ibuf_I_O)         0.873     0.873 r  clk_IBUF_inst/O
                         net (fo=1, routed)           1.830     2.703    clk_IBUF
    BUFGCTRL_X0Y0        BUFG (Prop_bufg_I_O)         0.120     2.823 r  clk_IBUF_BUFG_inst/O
                         net (fo=98, routed)          1.520     4.343    clk_IBUF_BUFG
    SLICE_X0Y56          FDRE                                         r  b_reg_reg[11]/C
  -------------------------------------------------------------------    -------------------
    SLICE_X0Y56          FDRE (Prop_fdre_C_Q)         0.308     4.651 r  b_reg_reg[11]/Q
                         net (fo=13, routed)          1.076     5.727    b_reg[11]
    SLICE_X1Y59          LUT4 (Prop_lut4_I0_O)        0.064     5.791 r  sum_out[31]_i_22/O
                         net (fo=2, routed)           0.315     6.106    sum_out[31]_i_22_n_0
    SLICE_X1Y59          LUT5 (Prop_lut5_I0_O)        0.183     6.289 r  sum_out[31]_i_18/O
                         net (fo=2, routed)           0.562     6.851    sum_out[31]_i_18_n_0
    SLICE_X1Y58          LUT6 (Prop_lut6_I4_O)        0.165     7.016 r  sum_out[31]_i_5/O
                         net (fo=3, routed)           0.573     7.590    sum_out[31]_i_5_n_0
    SLICE_X1Y63          LUT3 (Prop_lut3_I0_O)        0.053     7.643 r  sum_out[15]_i_1/O
                         net (fo=1, routed)           0.000     7.643    sum_comb[15]
    SLICE_X1Y63          FDRE                                         r  sum_out_reg[15]/D
  -------------------------------------------------------------------    -------------------

                         (clock sys_clk rise edge)   10.000    10.000 r  
    AD23                                              0.000    10.000 r  clk (IN)
                         net (fo=0)                   0.000    10.000    clk
    AD23                 IBUF (Prop_ibuf_I_O)         0.796    10.796 r  clk_IBUF_inst/O
                         net (fo=1, routed)           1.741    12.537    clk_IBUF
    BUFGCTRL_X0Y0        BUFG (Prop_bufg_I_O)         0.113    12.650 r  clk_IBUF_BUFG_inst/O
                         net (fo=98, routed)          1.407    14.057    clk_IBUF_BUFG
    SLICE_X1Y63          FDRE                                         r  sum_out_reg[15]/C
                         clock pessimism              0.259    14.317    
                         clock uncertainty           -0.035    14.281    
    SLICE_X1Y63          FDRE (Setup_fdre_C_D)        0.035    14.316    sum_out_reg[15]
  -------------------------------------------------------------------
                         required time                         14.316    
                         arrival time                          -7.643    
  -------------------------------------------------------------------
                         slack                                  6.674    

Slack (MET) :             6.793ns  (required time - arrival time)
  Source:                 b_reg_reg[4]/C
                            (rising edge-triggered cell FDRE clocked by sys_clk  {rise@0.000ns fall@5.000ns period=10.000ns})
  Destination:            sum_out_reg[13]/D
                            (rising edge-triggered cell FDRE clocked by sys_clk  {rise@0.000ns fall@5.000ns period=10.000ns})
  Path Group:             sys_clk
  Path Type:              Setup (Max at Slow Process Corner)
  Requirement:            10.000ns  (sys_clk rise@10.000ns - sys_clk rise@0.000ns)
  Data Path Delay:        3.218ns  (logic 0.647ns (20.107%)  route 2.571ns (79.893%))
  Logic Levels:           4  (LUT3=1 LUT4=1 LUT5=1 LUT6=1)
  Clock Path Skew:        -0.025ns (DCD - SCD + CPR)
    Destination Clock Delay (DCD):    4.059ns = ( 14.059 - 10.000 ) 
    Source Clock Delay      (SCD):    4.344ns
    Clock Pessimism Removal (CPR):    0.259ns
  Clock Uncertainty:      0.035ns  ((TSJ^2 + TIJ^2)^1/2 + DJ) / 2 + PE
    Total System Jitter     (TSJ):    0.071ns
    Total Input Jitter      (TIJ):    0.000ns
    Discrete Jitter          (DJ):    0.000ns
    Phase Error              (PE):    0.000ns

    Location             Delay type                Incr(ns)  Path(ns)    Netlist Resource(s)
  -------------------------------------------------------------------    -------------------
                         (clock sys_clk rise edge)    0.000     0.000 r  
    AD23                                              0.000     0.000 r  clk (IN)
                         net (fo=0)                   0.000     0.000    clk
    AD23                 IBUF (Prop_ibuf_I_O)         0.873     0.873 r  clk_IBUF_inst/O
                         net (fo=1, routed)           1.830     2.703    clk_IBUF
    BUFGCTRL_X0Y0        BUFG (Prop_bufg_I_O)         0.120     2.823 r  clk_IBUF_BUFG_inst/O
                         net (fo=98, routed)          1.521     4.344    clk_IBUF_BUFG
    SLICE_X0Y52          FDRE                                         r  b_reg_reg[4]/C
  -------------------------------------------------------------------    -------------------
    SLICE_X0Y52          FDRE (Prop_fdre_C_Q)         0.308     4.652 f  b_reg_reg[4]/Q
                         net (fo=8, routed)           0.894     5.546    b_reg[4]
    SLICE_X1Y56          LUT4 (Prop_lut4_I3_O)        0.063     5.609 f  sum_out[7]_i_5/O
                         net (fo=3, routed)           0.559     6.168    sum_out[7]_i_5_n_0
    SLICE_X1Y55          LUT6 (Prop_lut6_I2_O)        0.170     6.338 r  sum_out[5]_i_2/O
                         net (fo=4, routed)           0.557     6.895    sum_out[5]_i_2_n_0
    SLICE_X1Y59          LUT5 (Prop_lut5_I0_O)        0.053     6.948 r  sum_out[29]_i_5/O
                         net (fo=3, routed)           0.561     7.509    sum_out[29]_i_5_n_0
    SLICE_X0Y61          LUT3 (Prop_lut3_I2_O)        0.053     7.562 r  sum_out[13]_i_1/O
                         net (fo=1, routed)           0.000     7.562    sum_out[13]_i_1_n_0
    SLICE_X0Y61          FDRE                                         r  sum_out_reg[13]/D
  -------------------------------------------------------------------    -------------------

                         (clock sys_clk rise edge)   10.000    10.000 r  
    AD23                                              0.000    10.000 r  clk (IN)
                         net (fo=0)                   0.000    10.000    clk
    AD23                 IBUF (Prop_ibuf_I_O)         0.796    10.796 r  clk_IBUF_inst/O
                         net (fo=1, routed)           1.741    12.537    clk_IBUF
    BUFGCTRL_X0Y0        BUFG (Prop_bufg_I_O)         0.113    12.650 r  clk_IBUF_BUFG_inst/O
                         net (fo=98, routed)          1.409    14.059    clk_IBUF_BUFG
    SLICE_X0Y61          FDRE                                         r  sum_out_reg[13]/C
                         clock pessimism              0.259    14.319    
                         clock uncertainty           -0.035    14.283    
    SLICE_X0Y61          FDRE (Setup_fdre_C_D)        0.071    14.354    sum_out_reg[13]
  -------------------------------------------------------------------
                         required time                         14.354    
                         arrival time                          -7.562    
  -------------------------------------------------------------------
                         slack                                  6.793    





Pulse Width Checks
--------------------------------------------------------------------------------------
Clock Name:         sys_clk
Waveform(ns):       { 0.000 5.000 }
Period(ns):         10.000
Sources:            { clk }

Check Type        Corner  Lib Pin  Reference Pin  Required(ns)  Actual(ns)  Slack(ns)  Location       Pin
Min Period        n/a     BUFG/I   n/a            1.600         10.000      8.400      BUFGCTRL_X0Y0  clk_IBUF_BUFG_inst/I
Min Period        n/a     FDRE/C   n/a            0.750         10.000      9.250      SLICE_X1Y60    b_reg_reg[15]/C
Min Period        n/a     FDRE/C   n/a            0.750         10.000      9.250      SLICE_X0Y60    b_reg_reg[18]/C
Min Period        n/a     FDRE/C   n/a            0.750         10.000      9.250      SLICE_X0Y60    b_reg_reg[19]/C
Min Period        n/a     FDRE/C   n/a            0.750         10.000      9.250      SLICE_X0Y61    b_reg_reg[20]/C
Min Period        n/a     FDRE/C   n/a            0.750         10.000      9.250      SLICE_X1Y61    b_reg_reg[22]/C
Min Period        n/a     FDRE/C   n/a            0.750         10.000      9.250      SLICE_X1Y63    b_reg_reg[27]/C
Min Period        n/a     FDRE/C   n/a            0.700         10.000      9.300      SLICE_X6Y52    a_reg_reg[0]/C
Min Period        n/a     FDRE/C   n/a            0.700         10.000      9.300      SLICE_X5Y60    a_reg_reg[10]/C
Min Period        n/a     FDRE/C   n/a            0.700         10.000      9.300      SLICE_X8Y60    a_reg_reg[11]/C
Min Period        n/a     FDRE/C   n/a            0.700         10.000      9.300      SLICE_X8Y62    a_reg_reg[12]/C
Min Period        n/a     FDRE/C   n/a            0.700         10.000      9.300      SLICE_X8Y62    a_reg_reg[13]/C
Min Period        n/a     FDRE/C   n/a            0.700         10.000      9.300      SLICE_X8Y60    a_reg_reg[14]/C
Min Period        n/a     FDRE/C   n/a            0.700         10.000      9.300      SLICE_X8Y63    a_reg_reg[15]/C
Min Period        n/a     FDRE/C   n/a            0.700         10.000      9.300      SLICE_X8Y62    a_reg_reg[16]/C
Min Period        n/a     FDRE/C   n/a            0.700         10.000      9.300      SLICE_X8Y62    a_reg_reg[17]/C
Min Period        n/a     FDRE/C   n/a            0.700         10.000      9.300      SLICE_X5Y63    a_reg_reg[18]/C
Min Period        n/a     FDRE/C   n/a            0.700         10.000      9.300      SLICE_X8Y65    a_reg_reg[19]/C
Min Period        n/a     FDRE/C   n/a            0.700         10.000      9.300      SLICE_X6Y52    a_reg_reg[1]/C
Min Period        n/a     FDRE/C   n/a            0.700         10.000      9.300      SLICE_X6Y67    a_reg_reg[20]/C
Low Pulse Width   Slow    FDRE/C   n/a            0.400         5.000       4.600      SLICE_X1Y60    b_reg_reg[15]/C
Low Pulse Width   Fast    FDRE/C   n/a            0.400         5.000       4.600      SLICE_X1Y60    b_reg_reg[15]/C
Low Pulse Width   Slow    FDRE/C   n/a            0.400         5.000       4.600      SLICE_X0Y60    b_reg_reg[18]/C
Low Pulse Width   Fast    FDRE/C   n/a            0.400         5.000       4.600      SLICE_X0Y60    b_reg_reg[18]/C
Low Pulse Width   Slow    FDRE/C   n/a            0.400         5.000       4.600      SLICE_X0Y60    b_reg_reg[19]/C
Low Pulse Width   Fast    FDRE/C   n/a            0.400         5.000       4.600      SLICE_X0Y60    b_reg_reg[19]/C
Low Pulse Width   Slow    FDRE/C   n/a            0.400         5.000       4.600      SLICE_X0Y61    b_reg_reg[20]/C
Low Pulse Width   Fast    FDRE/C   n/a            0.400         5.000       4.600      SLICE_X0Y61    b_reg_reg[20]/C
Low Pulse Width   Slow    FDRE/C   n/a            0.400         5.000       4.600      SLICE_X1Y61    b_reg_reg[22]/C
Low Pulse Width   Fast    FDRE/C   n/a            0.400         5.000       4.600      SLICE_X1Y61    b_reg_reg[22]/C
Low Pulse Width   Slow    FDRE/C   n/a            0.400         5.000       4.600      SLICE_X1Y63    b_reg_reg[27]/C
Low Pulse Width   Fast    FDRE/C   n/a            0.400         5.000       4.600      SLICE_X1Y63    b_reg_reg[27]/C
Low Pulse Width   Slow    FDRE/C   n/a            0.350         5.000       4.650      SLICE_X6Y52    a_reg_reg[0]/C
Low Pulse Width   Fast    FDRE/C   n/a            0.350         5.000       4.650      SLICE_X6Y52    a_reg_reg[0]/C
Low Pulse Width   Slow    FDRE/C   n/a            0.350         5.000       4.650      SLICE_X5Y60    a_reg_reg[10]/C
Low Pulse Width   Fast    FDRE/C   n/a            0.350         5.000       4.650      SLICE_X5Y60    a_reg_reg[10]/C
Low Pulse Width   Slow    FDRE/C   n/a            0.350         5.000       4.650      SLICE_X8Y60    a_reg_reg[11]/C
Low Pulse Width   Fast    FDRE/C   n/a            0.350         5.000       4.650      SLICE_X8Y60    a_reg_reg[11]/C
Low Pulse Width   Slow    FDRE/C   n/a            0.350         5.000       4.650      SLICE_X8Y62    a_reg_reg[12]/C
Low Pulse Width   Fast    FDRE/C   n/a            0.350         5.000       4.650      SLICE_X8Y62    a_reg_reg[12]/C
High Pulse Width  Slow    FDRE/C   n/a            0.350         5.000       4.650      SLICE_X6Y52    a_reg_reg[0]/C
High Pulse Width  Fast    FDRE/C   n/a            0.350         5.000       4.650      SLICE_X6Y52    a_reg_reg[0]/C
High Pulse Width  Slow    FDRE/C   n/a            0.350         5.000       4.650      SLICE_X5Y60    a_reg_reg[10]/C
High Pulse Width  Fast    FDRE/C   n/a            0.350         5.000       4.650      SLICE_X5Y60    a_reg_reg[10]/C
High Pulse Width  Slow    FDRE/C   n/a            0.350         5.000       4.650      SLICE_X8Y60    a_reg_reg[11]/C
High Pulse Width  Fast    FDRE/C   n/a            0.350         5.000       4.650      SLICE_X8Y60    a_reg_reg[11]/C
High Pulse Width  Slow    FDRE/C   n/a            0.350         5.000       4.650      SLICE_X8Y62    a_reg_reg[12]/C
High Pulse Width  Fast    FDRE/C   n/a            0.350         5.000       4.650      SLICE_X8Y62    a_reg_reg[12]/C
High Pulse Width  Slow    FDRE/C   n/a            0.350         5.000       4.650      SLICE_X8Y62    a_reg_reg[13]/C
High Pulse Width  Fast    FDRE/C   n/a            0.350         5.000       4.650      SLICE_X8Y62    a_reg_reg[13]/C
High Pulse Width  Slow    FDRE/C   n/a            0.350         5.000       4.650      SLICE_X8Y60    a_reg_reg[14]/C
High Pulse Width  Fast    FDRE/C   n/a            0.350         5.000       4.650      SLICE_X8Y60    a_reg_reg[14]/C
High Pulse Width  Slow    FDRE/C   n/a            0.350         5.000       4.650      SLICE_X8Y63    a_reg_reg[15]/C
High Pulse Width  Fast    FDRE/C   n/a            0.350         5.000       4.650      SLICE_X8Y63    a_reg_reg[15]/C
High Pulse Width  Slow    FDRE/C   n/a            0.350         5.000       4.650      SLICE_X8Y62    a_reg_reg[16]/C
High Pulse Width  Fast    FDRE/C   n/a            0.350         5.000       4.650      SLICE_X8Y62    a_reg_reg[16]/C
High Pulse Width  Slow    FDRE/C   n/a            0.350         5.000       4.650      SLICE_X8Y62    a_reg_reg[17]/C
High Pulse Width  Fast    FDRE/C   n/a            0.350         5.000       4.650      SLICE_X8Y62    a_reg_reg[17]/C
High Pulse Width  Slow    FDRE/C   n/a            0.350         5.000       4.650      SLICE_X5Y63    a_reg_reg[18]/C
High Pulse Width  Fast    FDRE/C   n/a            0.350         5.000       4.650      SLICE_X5Y63    a_reg_reg[18]/C



