Copyright 1986-2022 Xilinx, Inc. All Rights Reserved. Copyright 2022-2025 Advanced Micro Devices, Inc. All Rights Reserved.
---------------------------------------------------------------------------------------------------------------------------------------------
| Tool Version : Vivado v.2025.2 (win64) Build 6299465 Fri Nov 14 19:35:11 GMT 2025
| Date         : Wed Sep 30 11:32:40 2026
| Host         : LAPTOP_Truong running 64-bit major release  (build 9200)
| Command      : report_timing_summary -delay_type max -max_paths 20 -file ./build/standalone/ADDER_CSLA_timing.rpt
| Design       : standalone_adder_top
| Device       : 7z030-ffg676
| Speed File   : -1  PRODUCTION 1.12 2019-11-22
| Design State : Routed
---------------------------------------------------------------------------------------------------------------------------------------------

Timing Summary Report

------------------------------------------------------------------------------------------------
| Timer Settings
| --------------
------------------------------------------------------------------------------------------------

  Enable Multi Corner Analysis               :  Yes
  Enable Pessimism Removal                   :  Yes
  Pessimism Removal Resolution               :  Nearest Common Node
  Enable Input Delay Default Clock           :  No
  Enable Preset / Clear Arcs                 :  No
  Disable Flight Delays                      :  No
  Ignore I/O Paths                           :  No
  Timing Early Launch at Borrowing Latches   :  No
  Borrow Time for Max Delay Exceptions       :  Yes
  Merge Timing Exceptions                    :  Yes
  Inter-SLR Compensation                     :  Conservative

  Corner  Analyze    Analyze    
  Name    Max Paths  Min Paths  
  ------  ---------  ---------  
  Slow    Yes        Yes        
  Fast    Yes        Yes        


------------------------------------------------------------------------------------------------
| Report Methodology
| ------------------
------------------------------------------------------------------------------------------------

Rule       Severity  Description                    Violations  
---------  --------  -----------------------------  ----------  
TIMING-18  Warning   Missing input or output delay  98          

Note: This report is based on the most recent report_methodology run and may not be up-to-date. Run report_methodology on the current design for the latest report.



check_timing report

Table of Contents
-----------------
1. checking no_clock (0)
2. checking constant_clock (0)
3. checking pulse_width_clock (0)
4. checking unconstrained_internal_endpoints (0)
5. checking no_input_delay (65)
6. checking no_output_delay (33)
7. checking multiple_clock (0)
8. checking generated_clocks (0)
9. checking loops (0)
10. checking partial_input_delay (0)
11. checking partial_output_delay (0)
12. checking latch_loops (0)

1. checking no_clock (0)
------------------------
 There are 0 register/latch pins with no clock.


2. checking constant_clock (0)
------------------------------
 There are 0 register/latch pins with constant_clock.


3. checking pulse_width_clock (0)
---------------------------------
 There are 0 register/latch pins which need pulse_width check


4. checking unconstrained_internal_endpoints (0)
------------------------------------------------
 There are 0 pins that are not constrained for maximum delay.

 There are 0 pins that are not constrained for maximum delay due to constant clock.


5. checking no_input_delay (65)
-------------------------------
 There are 65 input ports with no input delay specified. (HIGH)

 There are 0 input ports with no input delay but user has a false path constraint.


6. checking no_output_delay (33)
--------------------------------
 There are 33 ports with no output delay specified. (HIGH)

 There are 0 ports with no output delay but user has a false path constraint

 There are 0 ports with no output delay but with a timing clock defined on it or propagating through it


7. checking multiple_clock (0)
------------------------------
 There are 0 register/latch pins with multiple clocks.


8. checking generated_clocks (0)
--------------------------------
 There are 0 generated clocks that are not connected to a clock source.


9. checking loops (0)
---------------------
 There are 0 combinational loops in the design.


10. checking partial_input_delay (0)
------------------------------------
 There are 0 input ports with partial input delay specified.


11. checking partial_output_delay (0)
-------------------------------------
 There are 0 ports with partial output delay specified.


12. checking latch_loops (0)
----------------------------
 There are 0 combinational latch loops in the design through latch input



------------------------------------------------------------------------------------------------
| Design Timing Summary
| ---------------------
------------------------------------------------------------------------------------------------

    WNS(ns)      TNS(ns)  TNS Failing Endpoints  TNS Total Endpoints     WPWS(ns)     TPWS(ns)  TPWS Failing Endpoints  TPWS Total Endpoints  
    -------      -------  ---------------------  -------------------     --------     --------  ----------------------  --------------------  
      5.214        0.000                      0                   33        4.600        0.000                       0                    99  


All user specified timing constraints are met.


------------------------------------------------------------------------------------------------
| Clock Summary
| -------------
------------------------------------------------------------------------------------------------

Clock    Waveform(ns)       Period(ns)      Frequency(MHz)
-----    ------------       ----------      --------------
sys_clk  {0.000 5.000}      10.000          100.000         


------------------------------------------------------------------------------------------------
| Intra Clock Table
| -----------------
------------------------------------------------------------------------------------------------

Clock             WNS(ns)      TNS(ns)  TNS Failing Endpoints  TNS Total Endpoints     WPWS(ns)     TPWS(ns)  TPWS Failing Endpoints  TPWS Total Endpoints  
-----             -------      -------  ---------------------  -------------------     --------     --------  ----------------------  --------------------  
sys_clk             5.214        0.000                      0                   33        4.600        0.000                       0                    99  


------------------------------------------------------------------------------------------------
| Inter Clock Table
| -----------------
------------------------------------------------------------------------------------------------

From Clock    To Clock          WNS(ns)      TNS(ns)  TNS Failing Endpoints  TNS Total Endpoints  
----------    --------          -------      -------  ---------------------  -------------------  


------------------------------------------------------------------------------------------------
| Other Path Groups Table
| -----------------------
------------------------------------------------------------------------------------------------

Path Group    From Clock    To Clock          WNS(ns)      TNS(ns)  TNS Failing Endpoints  TNS Total Endpoints  
----------    ----------    --------          -------      -------  ---------------------  -------------------  


------------------------------------------------------------------------------------------------
| Timing Details
| --------------
------------------------------------------------------------------------------------------------


---------------------------------------------------------------------------------------------------
From Clock:  sys_clk
  To Clock:  sys_clk

Setup :            0  Failing Endpoints,  Worst Slack        5.214ns,  Total Violation        0.000ns
Hold  :           NA  Failing Endpoints,  Worst Slack           NA  ,  Total Violation           NA
PW    :            0  Failing Endpoints,  Worst Slack        4.600ns,  Total Violation        0.000ns
---------------------------------------------------------------------------------------------------


Max Delay Paths
--------------------------------------------------------------------------------------
Slack (MET) :             5.214ns  (required time - arrival time)
  Source:                 a_reg_reg[1]/C
                            (rising edge-triggered cell FDRE clocked by sys_clk  {rise@0.000ns fall@5.000ns period=10.000ns})
  Destination:            sum_out_reg[27]/D
                            (rising edge-triggered cell FDRE clocked by sys_clk  {rise@0.000ns fall@5.000ns period=10.000ns})
  Path Group:             sys_clk
  Path Type:              Setup (Max at Slow Process Corner)
  Requirement:            10.000ns  (sys_clk rise@10.000ns - sys_clk rise@0.000ns)
  Data Path Delay:        4.713ns  (logic 0.968ns (20.538%)  route 3.745ns (79.462%))
  Logic Levels:           6  (LUT5=6)
  Clock Path Skew:        -0.028ns (DCD - SCD + CPR)
    Destination Clock Delay (DCD):    4.055ns = ( 14.055 - 10.000 ) 
    Source Clock Delay      (SCD):    4.343ns
    Clock Pessimism Removal (CPR):    0.259ns
  Clock Uncertainty:      0.035ns  ((TSJ^2 + TIJ^2)^1/2 + DJ) / 2 + PE
    Total System Jitter     (TSJ):    0.071ns
    Total Input Jitter      (TIJ):    0.000ns
    Discrete Jitter          (DJ):    0.000ns
    Phase Error              (PE):    0.000ns

    Location             Delay type                Incr(ns)  Path(ns)    Netlist Resource(s)
  -------------------------------------------------------------------    -------------------
                         (clock sys_clk rise edge)    0.000     0.000 r  
    AD23                                              0.000     0.000 r  clk (IN)
                         net (fo=0)                   0.000     0.000    clk
    AD23                 IBUF (Prop_ibuf_I_O)         0.873     0.873 r  clk_IBUF_inst/O
                         net (fo=1, routed)           1.830     2.703    clk_IBUF
    BUFGCTRL_X0Y0        BUFG (Prop_bufg_I_O)         0.120     2.823 r  clk_IBUF_BUFG_inst/O
                         net (fo=98, routed)          1.520     4.343    clk_IBUF_BUFG
    SLICE_X1Y56          FDRE                                         r  a_reg_reg[1]/C
  -------------------------------------------------------------------    -------------------
    SLICE_X1Y56          FDRE (Prop_fdre_C_Q)         0.269     4.612 r  a_reg_reg[1]/Q
                         net (fo=2, routed)           0.643     5.255    a_reg[1]
    SLICE_X0Y56          LUT5 (Prop_lut5_I4_O)        0.065     5.320 r  sum_out[3]_i_2/O
                         net (fo=3, routed)           0.572     5.891    dut/GEN_CSLA.u_adder/c0_2
    SLICE_X0Y57          LUT5 (Prop_lut5_I0_O)        0.183     6.074 r  sum_out[7]_i_3/O
                         net (fo=6, routed)           0.782     6.856    dut/GEN_CSLA.u_adder/c0_4
    SLICE_X1Y61          LUT5 (Prop_lut5_I2_O)        0.172     7.028 r  sum_out[15]_i_3/O
                         net (fo=6, routed)           0.394     7.422    dut/GEN_CSLA.u_adder/carry_3__0
    SLICE_X4Y62          LUT5 (Prop_lut5_I2_O)        0.053     7.475 r  sum_out[23]_i_3/O
                         net (fo=6, routed)           0.435     7.910    dut/GEN_CSLA.u_adder/carry_5__0
    SLICE_X3Y64          LUT5 (Prop_lut5_I1_O)        0.056     7.966 r  sum_out[27]_i_3/O
                         net (fo=4, routed)           0.569     8.535    dut/GEN_CSLA.u_adder/carry_6__0
    SLICE_X1Y64          LUT5 (Prop_lut5_I1_O)        0.170     8.705 r  sum_out[27]_i_1/O
                         net (fo=1, routed)           0.351     9.056    sum_comb[27]
    SLICE_X0Y66          FDRE                                         r  sum_out_reg[27]/D
  -------------------------------------------------------------------    -------------------

                         (clock sys_clk rise edge)   10.000    10.000 r  
    AD23                                              0.000    10.000 r  clk (IN)
                         net (fo=0)                   0.000    10.000    clk
    AD23                 IBUF (Prop_ibuf_I_O)         0.796    10.796 r  clk_IBUF_inst/O
                         net (fo=1, routed)           1.741    12.537    clk_IBUF
    BUFGCTRL_X0Y0        BUFG (Prop_bufg_I_O)         0.113    12.650 r  clk_IBUF_BUFG_inst/O
                         net (fo=98, routed)          1.405    14.055    clk_IBUF_BUFG
    SLICE_X0Y66          FDRE                                         r  sum_out_reg[27]/C
                         clock pessimism              0.259    14.315    
                         clock uncertainty           -0.035    14.279    
    SLICE_X0Y66          FDRE (Setup_fdre_C_D)       -0.009    14.270    sum_out_reg[27]
  -------------------------------------------------------------------
                         required time                         14.270    
                         arrival time                          -9.056    
  -------------------------------------------------------------------
                         slack                                  5.214    

Slack (MET) :             5.719ns  (required time - arrival time)
  Source:                 a_reg_reg[1]/C
                            (rising edge-triggered cell FDRE clocked by sys_clk  {rise@0.000ns fall@5.000ns period=10.000ns})
  Destination:            sum_out_reg[28]/D
                            (rising edge-triggered cell FDRE clocked by sys_clk  {rise@0.000ns fall@5.000ns period=10.000ns})
  Path Group:             sys_clk
  Path Type:              Setup (Max at Slow Process Corner)
  Requirement:            10.000ns  (sys_clk rise@10.000ns - sys_clk rise@0.000ns)
  Data Path Delay:        4.290ns  (logic 0.848ns (19.766%)  route 3.442ns (80.234%))
  Logic Levels:           6  (LUT3=1 LUT5=5)
  Clock Path Skew:        -0.026ns (DCD - SCD + CPR)
    Destination Clock Delay (DCD):    4.057ns = ( 14.057 - 10.000 ) 
    Source Clock Delay      (SCD):    4.343ns
    Clock Pessimism Removal (CPR):    0.259ns
  Clock Uncertainty:      0.035ns  ((TSJ^2 + TIJ^2)^1/2 + DJ) / 2 + PE
    Total System Jitter     (TSJ):    0.071ns
    Total Input Jitter      (TIJ):    0.000ns
    Discrete Jitter          (DJ):    0.000ns
    Phase Error              (PE):    0.000ns

    Location             Delay type                Incr(ns)  Path(ns)    Netlist Resource(s)
  -------------------------------------------------------------------    -------------------
                         (clock sys_clk rise edge)    0.000     0.000 r  
    AD23                                              0.000     0.000 r  clk (IN)
                         net (fo=0)                   0.000     0.000    clk
    AD23                 IBUF (Prop_ibuf_I_O)         0.873     0.873 r  clk_IBUF_inst/O
                         net (fo=1, routed)           1.830     2.703    clk_IBUF
    BUFGCTRL_X0Y0        BUFG (Prop_bufg_I_O)         0.120     2.823 r  clk_IBUF_BUFG_inst/O
                         net (fo=98, routed)          1.520     4.343    clk_IBUF_BUFG
    SLICE_X1Y56          FDRE                                         r  a_reg_reg[1]/C
  -------------------------------------------------------------------    -------------------
    SLICE_X1Y56          FDRE (Prop_fdre_C_Q)         0.269     4.612 r  a_reg_reg[1]/Q
                         net (fo=2, routed)           0.643     5.255    a_reg[1]
    SLICE_X0Y56          LUT5 (Prop_lut5_I4_O)        0.065     5.320 r  sum_out[3]_i_2/O
                         net (fo=3, routed)           0.572     5.891    dut/GEN_CSLA.u_adder/c0_2
    SLICE_X0Y57          LUT5 (Prop_lut5_I0_O)        0.183     6.074 r  sum_out[7]_i_3/O
                         net (fo=6, routed)           0.782     6.856    dut/GEN_CSLA.u_adder/c0_4
    SLICE_X1Y61          LUT5 (Prop_lut5_I2_O)        0.172     7.028 r  sum_out[15]_i_3/O
                         net (fo=6, routed)           0.394     7.422    dut/GEN_CSLA.u_adder/carry_3__0
    SLICE_X4Y62          LUT5 (Prop_lut5_I2_O)        0.053     7.475 r  sum_out[23]_i_3/O
                         net (fo=6, routed)           0.441     7.916    dut/GEN_CSLA.u_adder/carry_5__0
    SLICE_X3Y64          LUT5 (Prop_lut5_I2_O)        0.053     7.969 r  sum_out[31]_i_3/O
                         net (fo=5, routed)           0.611     8.580    dut/GEN_CSLA.u_adder/carry_7__0
    SLICE_X0Y63          LUT3 (Prop_lut3_I0_O)        0.053     8.633 r  sum_out[28]_i_1/O
                         net (fo=1, routed)           0.000     8.633    sum_comb[28]
    SLICE_X0Y63          FDRE                                         r  sum_out_reg[28]/D
  -------------------------------------------------------------------    -------------------

                         (clock sys_clk rise edge)   10.000    10.000 r  
    AD23                                              0.000    10.000 r  clk (IN)
                         net (fo=0)                   0.000    10.000    clk
    AD23                 IBUF (Prop_ibuf_I_O)         0.796    10.796 r  clk_IBUF_inst/O
                         net (fo=1, routed)           1.741    12.537    clk_IBUF
    BUFGCTRL_X0Y0        BUFG (Prop_bufg_I_O)         0.113    12.650 r  clk_IBUF_BUFG_inst/O
                         net (fo=98, routed)          1.407    14.057    clk_IBUF_BUFG
    SLICE_X0Y63          FDRE                                         r  sum_out_reg[28]/C
                         clock pessimism              0.259    14.317    
                         clock uncertainty           -0.035    14.281    
    SLICE_X0Y63          FDRE (Setup_fdre_C_D)        0.071    14.352    sum_out_reg[28]
  -------------------------------------------------------------------
                         required time                         14.352    
                         arrival time                          -8.633    
  -------------------------------------------------------------------
                         slack                                  5.719    

Slack (MET) :             5.728ns  (required time - arrival time)
  Source:                 a_reg_reg[1]/C
                            (rising edge-triggered cell FDRE clocked by sys_clk  {rise@0.000ns fall@5.000ns period=10.000ns})
  Destination:            sum_out_reg[29]/D
                            (rising edge-triggered cell FDRE clocked by sys_clk  {rise@0.000ns fall@5.000ns period=10.000ns})
  Path Group:             sys_clk
  Path Type:              Setup (Max at Slow Process Corner)
  Requirement:            10.000ns  (sys_clk rise@10.000ns - sys_clk rise@0.000ns)
  Data Path Delay:        4.302ns  (logic 0.860ns (19.990%)  route 3.442ns (80.010%))
  Logic Levels:           6  (LUT5=6)
  Clock Path Skew:        -0.026ns (DCD - SCD + CPR)
    Destination Clock Delay (DCD):    4.057ns = ( 14.057 - 10.000 ) 
    Source Clock Delay      (SCD):    4.343ns
    Clock Pessimism Removal (CPR):    0.259ns
  Clock Uncertainty:      0.035ns  ((TSJ^2 + TIJ^2)^1/2 + DJ) / 2 + PE
    Total System Jitter     (TSJ):    0.071ns
    Total Input Jitter      (TIJ):    0.000ns
    Discrete Jitter          (DJ):    0.000ns
    Phase Error              (PE):    0.000ns

    Location             Delay type                Incr(ns)  Path(ns)    Netlist Resource(s)
  -------------------------------------------------------------------    -------------------
                         (clock sys_clk rise edge)    0.000     0.000 r  
    AD23                                              0.000     0.000 r  clk (IN)
                         net (fo=0)                   0.000     0.000    clk
    AD23                 IBUF (Prop_ibuf_I_O)         0.873     0.873 r  clk_IBUF_inst/O
                         net (fo=1, routed)           1.830     2.703    clk_IBUF
    BUFGCTRL_X0Y0        BUFG (Prop_bufg_I_O)         0.120     2.823 r  clk_IBUF_BUFG_inst/O
                         net (fo=98, routed)          1.520     4.343    clk_IBUF_BUFG
    SLICE_X1Y56          FDRE                                         r  a_reg_reg[1]/C
  -------------------------------------------------------------------    -------------------
    SLICE_X1Y56          FDRE (Prop_fdre_C_Q)         0.269     4.612 r  a_reg_reg[1]/Q
                         net (fo=2, routed)           0.643     5.255    a_reg[1]
    SLICE_X0Y56          LUT5 (Prop_lut5_I4_O)        0.065     5.320 r  sum_out[3]_i_2/O
                         net (fo=3, routed)           0.572     5.891    dut/GEN_CSLA.u_adder/c0_2
    SLICE_X0Y57          LUT5 (Prop_lut5_I0_O)        0.183     6.074 r  sum_out[7]_i_3/O
                         net (fo=6, routed)           0.782     6.856    dut/GEN_CSLA.u_adder/c0_4
    SLICE_X1Y61          LUT5 (Prop_lut5_I2_O)        0.172     7.028 r  sum_out[15]_i_3/O
                         net (fo=6, routed)           0.394     7.422    dut/GEN_CSLA.u_adder/carry_3__0
    SLICE_X4Y62          LUT5 (Prop_lut5_I2_O)        0.053     7.475 r  sum_out[23]_i_3/O
                         net (fo=6, routed)           0.441     7.916    dut/GEN_CSLA.u_adder/carry_5__0
    SLICE_X3Y64          LUT5 (Prop_lut5_I2_O)        0.053     7.969 r  sum_out[31]_i_3/O
                         net (fo=5, routed)           0.611     8.580    dut/GEN_CSLA.u_adder/carry_7__0
    SLICE_X0Y63          LUT5 (Prop_lut5_I0_O)        0.065     8.645 r  sum_out[29]_i_1/O
                         net (fo=1, routed)           0.000     8.645    sum_comb[29]
    SLICE_X0Y63          FDRE                                         r  sum_out_reg[29]/D
  -------------------------------------------------------------------    -------------------

                         (clock sys_clk rise edge)   10.000    10.000 r  
    AD23                                              0.000    10.000 r  clk (IN)
                         net (fo=0)                   0.000    10.000    clk
    AD23                 IBUF (Prop_ibuf_I_O)         0.796    10.796 r  clk_IBUF_inst/O
                         net (fo=1, routed)           1.741    12.537    clk_IBUF
    BUFGCTRL_X0Y0        BUFG (Prop_bufg_I_O)         0.113    12.650 r  clk_IBUF_BUFG_inst/O
                         net (fo=98, routed)          1.407    14.057    clk_IBUF_BUFG
    SLICE_X0Y63          FDRE                                         r  sum_out_reg[29]/C
                         clock pessimism              0.259    14.317    
                         clock uncertainty           -0.035    14.281    
    SLICE_X0Y63          FDRE (Setup_fdre_C_D)        0.092    14.373    sum_out_reg[29]
  -------------------------------------------------------------------
                         required time                         14.373    
                         arrival time                          -8.645    
  -------------------------------------------------------------------
                         slack                                  5.728    

Slack (MET) :             5.782ns  (required time - arrival time)
  Source:                 a_reg_reg[1]/C
                            (rising edge-triggered cell FDRE clocked by sys_clk  {rise@0.000ns fall@5.000ns period=10.000ns})
  Destination:            sum_out_reg[24]/D
                            (rising edge-triggered cell FDRE clocked by sys_clk  {rise@0.000ns fall@5.000ns period=10.000ns})
  Path Group:             sys_clk
  Path Type:              Setup (Max at Slow Process Corner)
  Requirement:            10.000ns  (sys_clk rise@10.000ns - sys_clk rise@0.000ns)
  Data Path Delay:        4.227ns  (logic 0.968ns (22.899%)  route 3.259ns (77.101%))
  Logic Levels:           6  (LUT3=1 LUT5=5)
  Clock Path Skew:        -0.026ns (DCD - SCD + CPR)
    Destination Clock Delay (DCD):    4.057ns = ( 14.057 - 10.000 ) 
    Source Clock Delay      (SCD):    4.343ns
    Clock Pessimism Removal (CPR):    0.259ns
  Clock Uncertainty:      0.035ns  ((TSJ^2 + TIJ^2)^1/2 + DJ) / 2 + PE
    Total System Jitter     (TSJ):    0.071ns
    Total Input Jitter      (TIJ):    0.000ns
    Discrete Jitter          (DJ):    0.000ns
    Phase Error              (PE):    0.000ns

    Location             Delay type                Incr(ns)  Path(ns)    Netlist Resource(s)
  -------------------------------------------------------------------    -------------------
                         (clock sys_clk rise edge)    0.000     0.000 r  
    AD23                                              0.000     0.000 r  clk (IN)
                         net (fo=0)                   0.000     0.000    clk
    AD23                 IBUF (Prop_ibuf_I_O)         0.873     0.873 r  clk_IBUF_inst/O
                         net (fo=1, routed)           1.830     2.703    clk_IBUF
    BUFGCTRL_X0Y0        BUFG (Prop_bufg_I_O)         0.120     2.823 r  clk_IBUF_BUFG_inst/O
                         net (fo=98, routed)          1.520     4.343    clk_IBUF_BUFG
    SLICE_X1Y56          FDRE                                         r  a_reg_reg[1]/C
  -------------------------------------------------------------------    -------------------
    SLICE_X1Y56          FDRE (Prop_fdre_C_Q)         0.269     4.612 r  a_reg_reg[1]/Q
                         net (fo=2, routed)           0.643     5.255    a_reg[1]
    SLICE_X0Y56          LUT5 (Prop_lut5_I4_O)        0.065     5.320 r  sum_out[3]_i_2/O
                         net (fo=3, routed)           0.572     5.891    dut/GEN_CSLA.u_adder/c0_2
    SLICE_X0Y57          LUT5 (Prop_lut5_I0_O)        0.183     6.074 r  sum_out[7]_i_3/O
                         net (fo=6, routed)           0.782     6.856    dut/GEN_CSLA.u_adder/c0_4
    SLICE_X1Y61          LUT5 (Prop_lut5_I2_O)        0.172     7.028 r  sum_out[15]_i_3/O
                         net (fo=6, routed)           0.394     7.422    dut/GEN_CSLA.u_adder/carry_3__0
    SLICE_X4Y62          LUT5 (Prop_lut5_I2_O)        0.053     7.475 r  sum_out[23]_i_3/O
                         net (fo=6, routed)           0.435     7.910    dut/GEN_CSLA.u_adder/carry_5__0
    SLICE_X3Y64          LUT5 (Prop_lut5_I1_O)        0.056     7.966 r  sum_out[27]_i_3/O
                         net (fo=4, routed)           0.434     8.400    dut/GEN_CSLA.u_adder/carry_6__0
    SLICE_X0Y64          LUT3 (Prop_lut3_I0_O)        0.170     8.570 r  sum_out[24]_i_1/O
                         net (fo=1, routed)           0.000     8.570    sum_comb[24]
    SLICE_X0Y64          FDRE                                         r  sum_out_reg[24]/D
  -------------------------------------------------------------------    -------------------

                         (clock sys_clk rise edge)   10.000    10.000 r  
    AD23                                              0.000    10.000 r  clk (IN)
                         net (fo=0)                   0.000    10.000    clk
    AD23                 IBUF (Prop_ibuf_I_O)         0.796    10.796 r  clk_IBUF_inst/O
                         net (fo=1, routed)           1.741    12.537    clk_IBUF
    BUFGCTRL_X0Y0        BUFG (Prop_bufg_I_O)         0.113    12.650 r  clk_IBUF_BUFG_inst/O
                         net (fo=98, routed)          1.407    14.057    clk_IBUF_BUFG
    SLICE_X0Y64          FDRE                                         r  sum_out_reg[24]/C
                         clock pessimism              0.259    14.317    
                         clock uncertainty           -0.035    14.281    
    SLICE_X0Y64          FDRE (Setup_fdre_C_D)        0.071    14.352    sum_out_reg[24]
  -------------------------------------------------------------------
                         required time                         14.352    
                         arrival time                          -8.570    
  -------------------------------------------------------------------
                         slack                                  5.782    

Slack (MET) :             5.791ns  (required time - arrival time)
  Source:                 a_reg_reg[1]/C
                            (rising edge-triggered cell FDRE clocked by sys_clk  {rise@0.000ns fall@5.000ns period=10.000ns})
  Destination:            sum_out_reg[25]/D
                            (rising edge-triggered cell FDRE clocked by sys_clk  {rise@0.000ns fall@5.000ns period=10.000ns})
  Path Group:             sys_clk
  Path Type:              Setup (Max at Slow Process Corner)
  Requirement:            10.000ns  (sys_clk rise@10.000ns - sys_clk rise@0.000ns)
  Data Path Delay:        4.239ns  (logic 0.980ns (23.117%)  route 3.259ns (76.883%))
  Logic Levels:           6  (LUT5=6)
  Clock Path Skew:        -0.026ns (DCD - SCD + CPR)
    Destination Clock Delay (DCD):    4.057ns = ( 14.057 - 10.000 ) 
    Source Clock Delay      (SCD):    4.343ns
    Clock Pessimism Removal (CPR):    0.259ns
  Clock Uncertainty:      0.035ns  ((TSJ^2 + TIJ^2)^1/2 + DJ) / 2 + PE
    Total System Jitter     (TSJ):    0.071ns
    Total Input Jitter      (TIJ):    0.000ns
    Discrete Jitter          (DJ):    0.000ns
    Phase Error              (PE):    0.000ns

    Location             Delay type                Incr(ns)  Path(ns)    Netlist Resource(s)
  -------------------------------------------------------------------    -------------------
                         (clock sys_clk rise edge)    0.000     0.000 r  
    AD23                                              0.000     0.000 r  clk (IN)
                         net (fo=0)                   0.000     0.000    clk
    AD23                 IBUF (Prop_ibuf_I_O)         0.873     0.873 r  clk_IBUF_inst/O
                         net (fo=1, routed)           1.830     2.703    clk_IBUF
    BUFGCTRL_X0Y0        BUFG (Prop_bufg_I_O)         0.120     2.823 r  clk_IBUF_BUFG_inst/O
                         net (fo=98, routed)          1.520     4.343    clk_IBUF_BUFG
    SLICE_X1Y56          FDRE                                         r  a_reg_reg[1]/C
  -------------------------------------------------------------------    -------------------
    SLICE_X1Y56          FDRE (Prop_fdre_C_Q)         0.269     4.612 r  a_reg_reg[1]/Q
                         net (fo=2, routed)           0.643     5.255    a_reg[1]
    SLICE_X0Y56          LUT5 (Prop_lut5_I4_O)        0.065     5.320 r  sum_out[3]_i_2/O
                         net (fo=3, routed)           0.572     5.891    dut/GEN_CSLA.u_adder/c0_2
    SLICE_X0Y57          LUT5 (Prop_lut5_I0_O)        0.183     6.074 r  sum_out[7]_i_3/O
                         net (fo=6, routed)           0.782     6.856    dut/GEN_CSLA.u_adder/c0_4
    SLICE_X1Y61          LUT5 (Prop_lut5_I2_O)        0.172     7.028 r  sum_out[15]_i_3/O
                         net (fo=6, routed)           0.394     7.422    dut/GEN_CSLA.u_adder/carry_3__0
    SLICE_X4Y62          LUT5 (Prop_lut5_I2_O)        0.053     7.475 r  sum_out[23]_i_3/O
                         net (fo=6, routed)           0.435     7.910    dut/GEN_CSLA.u_adder/carry_5__0
    SLICE_X3Y64          LUT5 (Prop_lut5_I1_O)        0.056     7.966 r  sum_out[27]_i_3/O
                         net (fo=4, routed)           0.434     8.400    dut/GEN_CSLA.u_adder/carry_6__0
    SLICE_X0Y64          LUT5 (Prop_lut5_I0_O)        0.182     8.582 r  sum_out[25]_i_1/O
                         net (fo=1, routed)           0.000     8.582    sum_comb[25]
    SLICE_X0Y64          FDRE                                         r  sum_out_reg[25]/D
  -------------------------------------------------------------------    -------------------

                         (clock sys_clk rise edge)   10.000    10.000 r  
    AD23                                              0.000    10.000 r  clk (IN)
                         net (fo=0)                   0.000    10.000    clk
    AD23                 IBUF (Prop_ibuf_I_O)         0.796    10.796 r  clk_IBUF_inst/O
                         net (fo=1, routed)           1.741    12.537    clk_IBUF
    BUFGCTRL_X0Y0        BUFG (Prop_bufg_I_O)         0.113    12.650 r  clk_IBUF_BUFG_inst/O
                         net (fo=98, routed)          1.407    14.057    clk_IBUF_BUFG
    SLICE_X0Y64          FDRE                                         r  sum_out_reg[25]/C
                         clock pessimism              0.259    14.317    
                         clock uncertainty           -0.035    14.281    
    SLICE_X0Y64          FDRE (Setup_fdre_C_D)        0.092    14.373    sum_out_reg[25]
  -------------------------------------------------------------------
                         required time                         14.373    
                         arrival time                          -8.582    
  -------------------------------------------------------------------
                         slack                                  5.791    

Slack (MET) :             5.853ns  (required time - arrival time)
  Source:                 a_reg_reg[1]/C
                            (rising edge-triggered cell FDRE clocked by sys_clk  {rise@0.000ns fall@5.000ns period=10.000ns})
  Destination:            sum_out_reg[23]/D
                            (rising edge-triggered cell FDRE clocked by sys_clk  {rise@0.000ns fall@5.000ns period=10.000ns})
  Path Group:             sys_clk
  Path Type:              Setup (Max at Slow Process Corner)
  Requirement:            10.000ns  (sys_clk rise@10.000ns - sys_clk rise@0.000ns)
  Data Path Delay:        4.066ns  (logic 0.795ns (19.553%)  route 3.271ns (80.447%))
  Logic Levels:           5  (LUT5=5)
  Clock Path Skew:        -0.028ns (DCD - SCD + CPR)
    Destination Clock Delay (DCD):    4.055ns = ( 14.055 - 10.000 ) 
    Source Clock Delay      (SCD):    4.343ns
    Clock Pessimism Removal (CPR):    0.259ns
  Clock Uncertainty:      0.035ns  ((TSJ^2 + TIJ^2)^1/2 + DJ) / 2 + PE
    Total System Jitter     (TSJ):    0.071ns
    Total Input Jitter      (TIJ):    0.000ns
    Discrete Jitter          (DJ):    0.000ns
    Phase Error              (PE):    0.000ns

    Location             Delay type                Incr(ns)  Path(ns)    Netlist Resource(s)
  -------------------------------------------------------------------    -------------------
                         (clock sys_clk rise edge)    0.000     0.000 r  
    AD23                                              0.000     0.000 r  clk (IN)
                         net (fo=0)                   0.000     0.000    clk
    AD23                 IBUF (Prop_ibuf_I_O)         0.873     0.873 r  clk_IBUF_inst/O
                         net (fo=1, routed)           1.830     2.703    clk_IBUF
    BUFGCTRL_X0Y0        BUFG (Prop_bufg_I_O)         0.120     2.823 r  clk_IBUF_BUFG_inst/O
                         net (fo=98, routed)          1.520     4.343    clk_IBUF_BUFG
    SLICE_X1Y56          FDRE                                         r  a_reg_reg[1]/C
  -------------------------------------------------------------------    -------------------
    SLICE_X1Y56          FDRE (Prop_fdre_C_Q)         0.269     4.612 r  a_reg_reg[1]/Q
                         net (fo=2, routed)           0.643     5.255    a_reg[1]
    SLICE_X0Y56          LUT5 (Prop_lut5_I4_O)        0.065     5.320 r  sum_out[3]_i_2/O
                         net (fo=3, routed)           0.572     5.891    dut/GEN_CSLA.u_adder/c0_2
    SLICE_X0Y57          LUT5 (Prop_lut5_I0_O)        0.183     6.074 r  sum_out[7]_i_3/O
                         net (fo=6, routed)           0.782     6.856    dut/GEN_CSLA.u_adder/c0_4
    SLICE_X1Y61          LUT5 (Prop_lut5_I2_O)        0.172     7.028 r  sum_out[15]_i_3/O
                         net (fo=6, routed)           0.394     7.422    dut/GEN_CSLA.u_adder/carry_3__0
    SLICE_X4Y62          LUT5 (Prop_lut5_I2_O)        0.053     7.475 r  sum_out[23]_i_3/O
                         net (fo=6, routed)           0.435     7.910    dut/GEN_CSLA.u_adder/carry_5__0
    SLICE_X3Y64          LUT5 (Prop_lut5_I1_O)        0.053     7.963 r  sum_out[23]_i_1/O
                         net (fo=1, routed)           0.445     8.408    sum_comb[23]
    SLICE_X2Y66          FDRE                                         r  sum_out_reg[23]/D
  -------------------------------------------------------------------    -------------------

                         (clock sys_clk rise edge)   10.000    10.000 r  
    AD23                                              0.000    10.000 r  clk (IN)
                         net (fo=0)                   0.000    10.000    clk
    AD23                 IBUF (Prop_ibuf_I_O)         0.796    10.796 r  clk_IBUF_inst/O
                         net (fo=1, routed)           1.741    12.537    clk_IBUF
    BUFGCTRL_X0Y0        BUFG (Prop_bufg_I_O)         0.113    12.650 r  clk_IBUF_BUFG_inst/O
                         net (fo=98, routed)          1.405    14.055    clk_IBUF_BUFG
    SLICE_X2Y66          FDRE                                         r  sum_out_reg[23]/C
                         clock pessimism              0.259    14.315    
                         clock uncertainty           -0.035    14.279    
    SLICE_X2Y66          FDRE (Setup_fdre_C_D)       -0.018    14.261    sum_out_reg[23]
  -------------------------------------------------------------------
                         required time                         14.261    
                         arrival time                          -8.408    
  -------------------------------------------------------------------
                         slack                                  5.853    

Slack (MET) :             5.866ns  (required time - arrival time)
  Source:                 a_reg_reg[1]/C
                            (rising edge-triggered cell FDRE clocked by sys_clk  {rise@0.000ns fall@5.000ns period=10.000ns})
  Destination:            sum_out_reg[30]/D
                            (rising edge-triggered cell FDRE clocked by sys_clk  {rise@0.000ns fall@5.000ns period=10.000ns})
  Path Group:             sys_clk
  Path Type:              Setup (Max at Slow Process Corner)
  Requirement:            10.000ns  (sys_clk rise@10.000ns - sys_clk rise@0.000ns)
  Data Path Delay:        4.144ns  (logic 0.848ns (20.463%)  route 3.296ns (79.537%))
  Logic Levels:           6  (LUT5=5 LUT6=1)
  Clock Path Skew:        -0.026ns (DCD - SCD + CPR)
    Destination Clock Delay (DCD):    4.057ns = ( 14.057 - 10.000 ) 
    Source Clock Delay      (SCD):    4.343ns
    Clock Pessimism Removal (CPR):    0.259ns
  Clock Uncertainty:      0.035ns  ((TSJ^2 + TIJ^2)^1/2 + DJ) / 2 + PE
    Total System Jitter     (TSJ):    0.071ns
    Total Input Jitter      (TIJ):    0.000ns
    Discrete Jitter          (DJ):    0.000ns
    Phase Error              (PE):    0.000ns

    Location             Delay type                Incr(ns)  Path(ns)    Netlist Resource(s)
  -------------------------------------------------------------------    -------------------
                         (clock sys_clk rise edge)    0.000     0.000 r  
    AD23                                              0.000     0.000 r  clk (IN)
                         net (fo=0)                   0.000     0.000    clk
    AD23                 IBUF (Prop_ibuf_I_O)         0.873     0.873 r  clk_IBUF_inst/O
                         net (fo=1, routed)           1.830     2.703    clk_IBUF
    BUFGCTRL_X0Y0        BUFG (Prop_bufg_I_O)         0.120     2.823 r  clk_IBUF_BUFG_inst/O
                         net (fo=98, routed)          1.520     4.343    clk_IBUF_BUFG
    SLICE_X1Y56          FDRE                                         r  a_reg_reg[1]/C
  -------------------------------------------------------------------    -------------------
    SLICE_X1Y56          FDRE (Prop_fdre_C_Q)         0.269     4.612 r  a_reg_reg[1]/Q
                         net (fo=2, routed)           0.643     5.255    a_reg[1]
    SLICE_X0Y56          LUT5 (Prop_lut5_I4_O)        0.065     5.320 r  sum_out[3]_i_2/O
                         net (fo=3, routed)           0.572     5.891    dut/GEN_CSLA.u_adder/c0_2
    SLICE_X0Y57          LUT5 (Prop_lut5_I0_O)        0.183     6.074 r  sum_out[7]_i_3/O
                         net (fo=6, routed)           0.782     6.856    dut/GEN_CSLA.u_adder/c0_4
    SLICE_X1Y61          LUT5 (Prop_lut5_I2_O)        0.172     7.028 r  sum_out[15]_i_3/O
                         net (fo=6, routed)           0.394     7.422    dut/GEN_CSLA.u_adder/carry_3__0
    SLICE_X4Y62          LUT5 (Prop_lut5_I2_O)        0.053     7.475 r  sum_out[23]_i_3/O
                         net (fo=6, routed)           0.441     7.916    dut/GEN_CSLA.u_adder/carry_5__0
    SLICE_X3Y64          LUT5 (Prop_lut5_I2_O)        0.053     7.969 r  sum_out[31]_i_3/O
                         net (fo=5, routed)           0.465     8.434    dut/GEN_CSLA.u_adder/carry_7__0
    SLICE_X0Y63          LUT6 (Prop_lut6_I0_O)        0.053     8.487 r  sum_out[30]_i_1/O
                         net (fo=1, routed)           0.000     8.487    sum_comb[30]
    SLICE_X0Y63          FDRE                                         r  sum_out_reg[30]/D
  -------------------------------------------------------------------    -------------------

                         (clock sys_clk rise edge)   10.000    10.000 r  
    AD23                                              0.000    10.000 r  clk (IN)
                         net (fo=0)                   0.000    10.000    clk
    AD23                 IBUF (Prop_ibuf_I_O)         0.796    10.796 r  clk_IBUF_inst/O
                         net (fo=1, routed)           1.741    12.537    clk_IBUF
    BUFGCTRL_X0Y0        BUFG (Prop_bufg_I_O)         0.113    12.650 r  clk_IBUF_BUFG_inst/O
                         net (fo=98, routed)          1.407    14.057    clk_IBUF_BUFG
    SLICE_X0Y63          FDRE                                         r  sum_out_reg[30]/C
                         clock pessimism              0.259    14.317    
                         clock uncertainty           -0.035    14.281    
    SLICE_X0Y63          FDRE (Setup_fdre_C_D)        0.072    14.353    sum_out_reg[30]
  -------------------------------------------------------------------
                         required time                         14.353    
                         arrival time                          -8.487    
  -------------------------------------------------------------------
                         slack                                  5.866    

Slack (MET) :             5.900ns  (required time - arrival time)
  Source:                 a_reg_reg[1]/C
                            (rising edge-triggered cell FDRE clocked by sys_clk  {rise@0.000ns fall@5.000ns period=10.000ns})
  Destination:            cout_out_reg/D
                            (rising edge-triggered cell FDRE clocked by sys_clk  {rise@0.000ns fall@5.000ns period=10.000ns})
  Path Group:             sys_clk
  Path Type:              Setup (Max at Slow Process Corner)
  Requirement:            10.000ns  (sys_clk rise@10.000ns - sys_clk rise@0.000ns)
  Data Path Delay:        4.109ns  (logic 0.848ns (20.635%)  route 3.261ns (79.365%))
  Logic Levels:           6  (LUT5=6)
  Clock Path Skew:        -0.026ns (DCD - SCD + CPR)
    Destination Clock Delay (DCD):    4.057ns = ( 14.057 - 10.000 ) 
    Source Clock Delay      (SCD):    4.343ns
    Clock Pessimism Removal (CPR):    0.259ns
  Clock Uncertainty:      0.035ns  ((TSJ^2 + TIJ^2)^1/2 + DJ) / 2 + PE
    Total System Jitter     (TSJ):    0.071ns
    Total Input Jitter      (TIJ):    0.000ns
    Discrete Jitter          (DJ):    0.000ns
    Phase Error              (PE):    0.000ns

    Location             Delay type                Incr(ns)  Path(ns)    Netlist Resource(s)
  -------------------------------------------------------------------    -------------------
                         (clock sys_clk rise edge)    0.000     0.000 r  
    AD23                                              0.000     0.000 r  clk (IN)
                         net (fo=0)                   0.000     0.000    clk
    AD23                 IBUF (Prop_ibuf_I_O)         0.873     0.873 r  clk_IBUF_inst/O
                         net (fo=1, routed)           1.830     2.703    clk_IBUF
    BUFGCTRL_X0Y0        BUFG (Prop_bufg_I_O)         0.120     2.823 r  clk_IBUF_BUFG_inst/O
                         net (fo=98, routed)          1.520     4.343    clk_IBUF_BUFG
    SLICE_X1Y56          FDRE                                         r  a_reg_reg[1]/C
  -------------------------------------------------------------------    -------------------
    SLICE_X1Y56          FDRE (Prop_fdre_C_Q)         0.269     4.612 r  a_reg_reg[1]/Q
                         net (fo=2, routed)           0.643     5.255    a_reg[1]
    SLICE_X0Y56          LUT5 (Prop_lut5_I4_O)        0.065     5.320 r  sum_out[3]_i_2/O
                         net (fo=3, routed)           0.572     5.891    dut/GEN_CSLA.u_adder/c0_2
    SLICE_X0Y57          LUT5 (Prop_lut5_I0_O)        0.183     6.074 r  sum_out[7]_i_3/O
                         net (fo=6, routed)           0.782     6.856    dut/GEN_CSLA.u_adder/c0_4
    SLICE_X1Y61          LUT5 (Prop_lut5_I2_O)        0.172     7.028 r  sum_out[15]_i_3/O
                         net (fo=6, routed)           0.394     7.422    dut/GEN_CSLA.u_adder/carry_3__0
    SLICE_X4Y62          LUT5 (Prop_lut5_I2_O)        0.053     7.475 r  sum_out[23]_i_3/O
                         net (fo=6, routed)           0.441     7.916    dut/GEN_CSLA.u_adder/carry_5__0
    SLICE_X3Y64          LUT5 (Prop_lut5_I2_O)        0.053     7.969 r  sum_out[31]_i_3/O
                         net (fo=5, routed)           0.430     8.399    dut/GEN_CSLA.u_adder/carry_7__0
    SLICE_X2Y63          LUT5 (Prop_lut5_I1_O)        0.053     8.452 r  cout_out_i_1/O
                         net (fo=1, routed)           0.000     8.452    cout_comb
    SLICE_X2Y63          FDRE                                         r  cout_out_reg/D
  -------------------------------------------------------------------    -------------------

                         (clock sys_clk rise edge)   10.000    10.000 r  
    AD23                                              0.000    10.000 r  clk (IN)
                         net (fo=0)                   0.000    10.000    clk
    AD23                 IBUF (Prop_ibuf_I_O)         0.796    10.796 r  clk_IBUF_inst/O
                         net (fo=1, routed)           1.741    12.537    clk_IBUF
    BUFGCTRL_X0Y0        BUFG (Prop_bufg_I_O)         0.113    12.650 r  clk_IBUF_BUFG_inst/O
                         net (fo=98, routed)          1.407    14.057    clk_IBUF_BUFG
    SLICE_X2Y63          FDRE                                         r  cout_out_reg/C
                         clock pessimism              0.259    14.317    
                         clock uncertainty           -0.035    14.281    
    SLICE_X2Y63          FDRE (Setup_fdre_C_D)        0.071    14.352    cout_out_reg
  -------------------------------------------------------------------
                         required time                         14.352    
                         arrival time                          -8.452    
  -------------------------------------------------------------------
                         slack                                  5.900    

Slack (MET) :             5.918ns  (required time - arrival time)
  Source:                 a_reg_reg[1]/C
                            (rising edge-triggered cell FDRE clocked by sys_clk  {rise@0.000ns fall@5.000ns period=10.000ns})
  Destination:            sum_out_reg[31]/D
                            (rising edge-triggered cell FDRE clocked by sys_clk  {rise@0.000ns fall@5.000ns period=10.000ns})
  Path Group:             sys_clk
  Path Type:              Setup (Max at Slow Process Corner)
  Requirement:            10.000ns  (sys_clk rise@10.000ns - sys_clk rise@0.000ns)
  Data Path Delay:        4.112ns  (logic 0.851ns (20.693%)  route 3.261ns (79.307%))
  Logic Levels:           6  (LUT5=6)
  Clock Path Skew:        -0.026ns (DCD - SCD + CPR)
    Destination Clock Delay (DCD):    4.057ns = ( 14.057 - 10.000 ) 
    Source Clock Delay      (SCD):    4.343ns
    Clock Pessimism Removal (CPR):    0.259ns
  Clock Uncertainty:      0.035ns  ((TSJ^2 + TIJ^2)^1/2 + DJ) / 2 + PE
    Total System Jitter     (TSJ):    0.071ns
    Total Input Jitter      (TIJ):    0.000ns
    Discrete Jitter          (DJ):    0.000ns
    Phase Error              (PE):    0.000ns

    Location             Delay type                Incr(ns)  Path(ns)    Netlist Resource(s)
  -------------------------------------------------------------------    -------------------
                         (clock sys_clk rise edge)    0.000     0.000 r  
    AD23                                              0.000     0.000 r  clk (IN)
                         net (fo=0)                   0.000     0.000    clk
    AD23                 IBUF (Prop_ibuf_I_O)         0.873     0.873 r  clk_IBUF_inst/O
                         net (fo=1, routed)           1.830     2.703    clk_IBUF
    BUFGCTRL_X0Y0        BUFG (Prop_bufg_I_O)         0.120     2.823 r  clk_IBUF_BUFG_inst/O
                         net (fo=98, routed)          1.520     4.343    clk_IBUF_BUFG
    SLICE_X1Y56          FDRE                                         r  a_reg_reg[1]/C
  -------------------------------------------------------------------    -------------------
    SLICE_X1Y56          FDRE (Prop_fdre_C_Q)         0.269     4.612 r  a_reg_reg[1]/Q
                         net (fo=2, routed)           0.643     5.255    a_reg[1]
    SLICE_X0Y56          LUT5 (Prop_lut5_I4_O)        0.065     5.320 r  sum_out[3]_i_2/O
                         net (fo=3, routed)           0.572     5.891    dut/GEN_CSLA.u_adder/c0_2
    SLICE_X0Y57          LUT5 (Prop_lut5_I0_O)        0.183     6.074 r  sum_out[7]_i_3/O
                         net (fo=6, routed)           0.782     6.856    dut/GEN_CSLA.u_adder/c0_4
    SLICE_X1Y61          LUT5 (Prop_lut5_I2_O)        0.172     7.028 r  sum_out[15]_i_3/O
                         net (fo=6, routed)           0.394     7.422    dut/GEN_CSLA.u_adder/carry_3__0
    SLICE_X4Y62          LUT5 (Prop_lut5_I2_O)        0.053     7.475 r  sum_out[23]_i_3/O
                         net (fo=6, routed)           0.441     7.916    dut/GEN_CSLA.u_adder/carry_5__0
    SLICE_X3Y64          LUT5 (Prop_lut5_I2_O)        0.053     7.969 r  sum_out[31]_i_3/O
                         net (fo=5, routed)           0.430     8.399    dut/GEN_CSLA.u_adder/carry_7__0
    SLICE_X2Y63          LUT5 (Prop_lut5_I1_O)        0.056     8.455 r  sum_out[31]_i_1/O
                         net (fo=1, routed)           0.000     8.455    sum_comb[31]
    SLICE_X2Y63          FDRE                                         r  sum_out_reg[31]/D
  -------------------------------------------------------------------    -------------------

                         (clock sys_clk rise edge)   10.000    10.000 r  
    AD23                                              0.000    10.000 r  clk (IN)
                         net (fo=0)                   0.000    10.000    clk
    AD23                 IBUF (Prop_ibuf_I_O)         0.796    10.796 r  clk_IBUF_inst/O
                         net (fo=1, routed)           1.741    12.537    clk_IBUF
    BUFGCTRL_X0Y0        BUFG (Prop_bufg_I_O)         0.113    12.650 r  clk_IBUF_BUFG_inst/O
                         net (fo=98, routed)          1.407    14.057    clk_IBUF_BUFG
    SLICE_X2Y63          FDRE                                         r  sum_out_reg[31]/C
                         clock pessimism              0.259    14.317    
                         clock uncertainty           -0.035    14.281    
    SLICE_X2Y63          FDRE (Setup_fdre_C_D)        0.092    14.373    sum_out_reg[31]
  -------------------------------------------------------------------
                         required time                         14.373    
                         arrival time                          -8.455    
  -------------------------------------------------------------------
                         slack                                  5.918    

Slack (MET) :             5.966ns  (required time - arrival time)
  Source:                 a_reg_reg[1]/C
                            (rising edge-triggered cell FDRE clocked by sys_clk  {rise@0.000ns fall@5.000ns period=10.000ns})
  Destination:            sum_out_reg[26]/D
                            (rising edge-triggered cell FDRE clocked by sys_clk  {rise@0.000ns fall@5.000ns period=10.000ns})
  Path Group:             sys_clk
  Path Type:              Setup (Max at Slow Process Corner)
  Requirement:            10.000ns  (sys_clk rise@10.000ns - sys_clk rise@0.000ns)
  Data Path Delay:        4.044ns  (logic 0.968ns (23.935%)  route 3.076ns (76.065%))
  Logic Levels:           6  (LUT5=5 LUT6=1)
  Clock Path Skew:        -0.026ns (DCD - SCD + CPR)
    Destination Clock Delay (DCD):    4.057ns = ( 14.057 - 10.000 ) 
    Source Clock Delay      (SCD):    4.343ns
    Clock Pessimism Removal (CPR):    0.259ns
  Clock Uncertainty:      0.035ns  ((TSJ^2 + TIJ^2)^1/2 + DJ) / 2 + PE
    Total System Jitter     (TSJ):    0.071ns
    Total Input Jitter      (TIJ):    0.000ns
    Discrete Jitter          (DJ):    0.000ns
    Phase Error              (PE):    0.000ns

    Location             Delay type                Incr(ns)  Path(ns)    Netlist Resource(s)
  -------------------------------------------------------------------    -------------------
                         (clock sys_clk rise edge)    0.000     0.000 r  
    AD23                                              0.000     0.000 r  clk (IN)
                         net (fo=0)                   0.000     0.000    clk
    AD23                 IBUF (Prop_ibuf_I_O)         0.873     0.873 r  clk_IBUF_inst/O
                         net (fo=1, routed)           1.830     2.703    clk_IBUF
    BUFGCTRL_X0Y0        BUFG (Prop_bufg_I_O)         0.120     2.823 r  clk_IBUF_BUFG_inst/O
                         net (fo=98, routed)          1.520     4.343    clk_IBUF_BUFG
    SLICE_X1Y56          FDRE                                         r  a_reg_reg[1]/C
  -------------------------------------------------------------------    -------------------
    SLICE_X1Y56          FDRE (Prop_fdre_C_Q)         0.269     4.612 r  a_reg_reg[1]/Q
                         net (fo=2, routed)           0.643     5.255    a_reg[1]
    SLICE_X0Y56          LUT5 (Prop_lut5_I4_O)        0.065     5.320 r  sum_out[3]_i_2/O
                         net (fo=3, routed)           0.572     5.891    dut/GEN_CSLA.u_adder/c0_2
    SLICE_X0Y57          LUT5 (Prop_lut5_I0_O)        0.183     6.074 r  sum_out[7]_i_3/O
                         net (fo=6, routed)           0.782     6.856    dut/GEN_CSLA.u_adder/c0_4
    SLICE_X1Y61          LUT5 (Prop_lut5_I2_O)        0.172     7.028 r  sum_out[15]_i_3/O
                         net (fo=6, routed)           0.394     7.422    dut/GEN_CSLA.u_adder/carry_3__0
    SLICE_X4Y62          LUT5 (Prop_lut5_I2_O)        0.053     7.475 r  sum_out[23]_i_3/O
                         net (fo=6, routed)           0.435     7.910    dut/GEN_CSLA.u_adder/carry_5__0
    SLICE_X3Y64          LUT5 (Prop_lut5_I1_O)        0.056     7.966 r  sum_out[27]_i_3/O
                         net (fo=4, routed)           0.251     8.217    dut/GEN_CSLA.u_adder/carry_6__0
    SLICE_X0Y64          LUT6 (Prop_lut6_I0_O)        0.170     8.387 r  sum_out[26]_i_1/O
                         net (fo=1, routed)           0.000     8.387    sum_comb[26]
    SLICE_X0Y64          FDRE                                         r  sum_out_reg[26]/D
  -------------------------------------------------------------------    -------------------

                         (clock sys_clk rise edge)   10.000    10.000 r  
    AD23                                              0.000    10.000 r  clk (IN)
                         net (fo=0)                   0.000    10.000    clk
    AD23                 IBUF (Prop_ibuf_I_O)         0.796    10.796 r  clk_IBUF_inst/O
                         net (fo=1, routed)           1.741    12.537    clk_IBUF
    BUFGCTRL_X0Y0        BUFG (Prop_bufg_I_O)         0.113    12.650 r  clk_IBUF_BUFG_inst/O
                         net (fo=98, routed)          1.407    14.057    clk_IBUF_BUFG
    SLICE_X0Y64          FDRE                                         r  sum_out_reg[26]/C
                         clock pessimism              0.259    14.317    
                         clock uncertainty           -0.035    14.281    
    SLICE_X0Y64          FDRE (Setup_fdre_C_D)        0.072    14.353    sum_out_reg[26]
  -------------------------------------------------------------------
                         required time                         14.353    
                         arrival time                          -8.387    
  -------------------------------------------------------------------
                         slack                                  5.966    

Slack (MET) :             5.979ns  (required time - arrival time)
  Source:                 a_reg_reg[1]/C
                            (rising edge-triggered cell FDRE clocked by sys_clk  {rise@0.000ns fall@5.000ns period=10.000ns})
  Destination:            sum_out_reg[19]/D
                            (rising edge-triggered cell FDRE clocked by sys_clk  {rise@0.000ns fall@5.000ns period=10.000ns})
  Path Group:             sys_clk
  Path Type:              Setup (Max at Slow Process Corner)
  Requirement:            10.000ns  (sys_clk rise@10.000ns - sys_clk rise@0.000ns)
  Data Path Delay:        3.947ns  (logic 0.913ns (23.134%)  route 3.034ns (76.866%))
  Logic Levels:           5  (LUT5=5)
  Clock Path Skew:        -0.033ns (DCD - SCD + CPR)
    Destination Clock Delay (DCD):    4.055ns = ( 14.055 - 10.000 ) 
    Source Clock Delay      (SCD):    4.343ns
    Clock Pessimism Removal (CPR):    0.254ns
  Clock Uncertainty:      0.035ns  ((TSJ^2 + TIJ^2)^1/2 + DJ) / 2 + PE
    Total System Jitter     (TSJ):    0.071ns
    Total Input Jitter      (TIJ):    0.000ns
    Discrete Jitter          (DJ):    0.000ns
    Phase Error              (PE):    0.000ns

    Location             Delay type                Incr(ns)  Path(ns)    Netlist Resource(s)
  -------------------------------------------------------------------    -------------------
                         (clock sys_clk rise edge)    0.000     0.000 r  
    AD23                                              0.000     0.000 r  clk (IN)
                         net (fo=0)                   0.000     0.000    clk
    AD23                 IBUF (Prop_ibuf_I_O)         0.873     0.873 r  clk_IBUF_inst/O
                         net (fo=1, routed)           1.830     2.703    clk_IBUF
    BUFGCTRL_X0Y0        BUFG (Prop_bufg_I_O)         0.120     2.823 r  clk_IBUF_BUFG_inst/O
                         net (fo=98, routed)          1.520     4.343    clk_IBUF_BUFG
    SLICE_X1Y56          FDRE                                         r  a_reg_reg[1]/C
  -------------------------------------------------------------------    -------------------
    SLICE_X1Y56          FDRE (Prop_fdre_C_Q)         0.269     4.612 r  a_reg_reg[1]/Q
                         net (fo=2, routed)           0.643     5.255    a_reg[1]
    SLICE_X0Y56          LUT5 (Prop_lut5_I4_O)        0.065     5.320 r  sum_out[3]_i_2/O
                         net (fo=3, routed)           0.572     5.891    dut/GEN_CSLA.u_adder/c0_2
    SLICE_X0Y57          LUT5 (Prop_lut5_I0_O)        0.183     6.074 r  sum_out[7]_i_3/O
                         net (fo=6, routed)           0.782     6.856    dut/GEN_CSLA.u_adder/c0_4
    SLICE_X1Y61          LUT5 (Prop_lut5_I2_O)        0.172     7.028 r  sum_out[15]_i_3/O
                         net (fo=6, routed)           0.454     7.482    dut/GEN_CSLA.u_adder/carry_3__0
    SLICE_X4Y62          LUT5 (Prop_lut5_I1_O)        0.056     7.538 r  sum_out[19]_i_3/O
                         net (fo=4, routed)           0.324     7.862    dut/GEN_CSLA.u_adder/carry_4__0
    SLICE_X4Y62          LUT5 (Prop_lut5_I1_O)        0.168     8.030 r  sum_out[19]_i_1/O
                         net (fo=1, routed)           0.259     8.289    sum_comb[19]
    SLICE_X4Y64          FDRE                                         r  sum_out_reg[19]/D
  -------------------------------------------------------------------    -------------------

                         (clock sys_clk rise edge)   10.000    10.000 r  
    AD23                                              0.000    10.000 r  clk (IN)
                         net (fo=0)                   0.000    10.000    clk
    AD23                 IBUF (Prop_ibuf_I_O)         0.796    10.796 r  clk_IBUF_inst/O
                         net (fo=1, routed)           1.741    12.537    clk_IBUF
    BUFGCTRL_X0Y0        BUFG (Prop_bufg_I_O)         0.113    12.650 r  clk_IBUF_BUFG_inst/O
                         net (fo=98, routed)          1.405    14.055    clk_IBUF_BUFG
    SLICE_X4Y64          FDRE                                         r  sum_out_reg[19]/C
                         clock pessimism              0.254    14.310    
                         clock uncertainty           -0.035    14.274    
    SLICE_X4Y64          FDRE (Setup_fdre_C_D)       -0.006    14.268    sum_out_reg[19]
  -------------------------------------------------------------------
                         required time                         14.268    
                         arrival time                          -8.289    
  -------------------------------------------------------------------
                         slack                                  5.979    

Slack (MET) :             6.047ns  (required time - arrival time)
  Source:                 a_reg_reg[1]/C
                            (rising edge-triggered cell FDRE clocked by sys_clk  {rise@0.000ns fall@5.000ns period=10.000ns})
  Destination:            sum_out_reg[16]/D
                            (rising edge-triggered cell FDRE clocked by sys_clk  {rise@0.000ns fall@5.000ns period=10.000ns})
  Path Group:             sys_clk
  Path Type:              Setup (Max at Slow Process Corner)
  Requirement:            10.000ns  (sys_clk rise@10.000ns - sys_clk rise@0.000ns)
  Data Path Delay:        3.955ns  (logic 0.913ns (23.083%)  route 3.042ns (76.917%))
  Logic Levels:           5  (LUT3=1 LUT5=4)
  Clock Path Skew:        -0.033ns (DCD - SCD + CPR)
    Destination Clock Delay (DCD):    4.055ns = ( 14.055 - 10.000 ) 
    Source Clock Delay      (SCD):    4.343ns
    Clock Pessimism Removal (CPR):    0.254ns
  Clock Uncertainty:      0.035ns  ((TSJ^2 + TIJ^2)^1/2 + DJ) / 2 + PE
    Total System Jitter     (TSJ):    0.071ns
    Total Input Jitter      (TIJ):    0.000ns
    Discrete Jitter          (DJ):    0.000ns
    Phase Error              (PE):    0.000ns

    Location             Delay type                Incr(ns)  Path(ns)    Netlist Resource(s)
  -------------------------------------------------------------------    -------------------
                         (clock sys_clk rise edge)    0.000     0.000 r  
    AD23                                              0.000     0.000 r  clk (IN)
                         net (fo=0)                   0.000     0.000    clk
    AD23                 IBUF (Prop_ibuf_I_O)         0.873     0.873 r  clk_IBUF_inst/O
                         net (fo=1, routed)           1.830     2.703    clk_IBUF
    BUFGCTRL_X0Y0        BUFG (Prop_bufg_I_O)         0.120     2.823 r  clk_IBUF_BUFG_inst/O
                         net (fo=98, routed)          1.520     4.343    clk_IBUF_BUFG
    SLICE_X1Y56          FDRE                                         r  a_reg_reg[1]/C
  -------------------------------------------------------------------    -------------------
    SLICE_X1Y56          FDRE (Prop_fdre_C_Q)         0.269     4.612 r  a_reg_reg[1]/Q
                         net (fo=2, routed)           0.643     5.255    a_reg[1]
    SLICE_X0Y56          LUT5 (Prop_lut5_I4_O)        0.065     5.320 r  sum_out[3]_i_2/O
                         net (fo=3, routed)           0.572     5.891    dut/GEN_CSLA.u_adder/c0_2
    SLICE_X0Y57          LUT5 (Prop_lut5_I0_O)        0.183     6.074 r  sum_out[7]_i_3/O
                         net (fo=6, routed)           0.782     6.856    dut/GEN_CSLA.u_adder/c0_4
    SLICE_X1Y61          LUT5 (Prop_lut5_I2_O)        0.172     7.028 r  sum_out[15]_i_3/O
                         net (fo=6, routed)           0.454     7.482    dut/GEN_CSLA.u_adder/carry_3__0
    SLICE_X4Y62          LUT5 (Prop_lut5_I1_O)        0.056     7.538 r  sum_out[19]_i_3/O
                         net (fo=4, routed)           0.592     8.130    dut/GEN_CSLA.u_adder/carry_4__0
    SLICE_X4Y64          LUT3 (Prop_lut3_I0_O)        0.168     8.298 r  sum_out[16]_i_1/O
                         net (fo=1, routed)           0.000     8.298    sum_comb[16]
    SLICE_X4Y64          FDRE                                         r  sum_out_reg[16]/D
  -------------------------------------------------------------------    -------------------

                         (clock sys_clk rise edge)   10.000    10.000 r  
    AD23                                              0.000    10.000 r  clk (IN)
                         net (fo=0)                   0.000    10.000    clk
    AD23                 IBUF (Prop_ibuf_I_O)         0.796    10.796 r  clk_IBUF_inst/O
                         net (fo=1, routed)           1.741    12.537    clk_IBUF
    BUFGCTRL_X0Y0        BUFG (Prop_bufg_I_O)         0.113    12.650 r  clk_IBUF_BUFG_inst/O
                         net (fo=98, routed)          1.405    14.055    clk_IBUF_BUFG
    SLICE_X4Y64          FDRE                                         r  sum_out_reg[16]/C
                         clock pessimism              0.254    14.310    
                         clock uncertainty           -0.035    14.274    
    SLICE_X4Y64          FDRE (Setup_fdre_C_D)        0.071    14.345    sum_out_reg[16]
  -------------------------------------------------------------------
                         required time                         14.345    
                         arrival time                          -8.298    
  -------------------------------------------------------------------
                         slack                                  6.047    

Slack (MET) :             6.056ns  (required time - arrival time)
  Source:                 a_reg_reg[1]/C
                            (rising edge-triggered cell FDRE clocked by sys_clk  {rise@0.000ns fall@5.000ns period=10.000ns})
  Destination:            sum_out_reg[17]/D
                            (rising edge-triggered cell FDRE clocked by sys_clk  {rise@0.000ns fall@5.000ns period=10.000ns})
  Path Group:             sys_clk
  Path Type:              Setup (Max at Slow Process Corner)
  Requirement:            10.000ns  (sys_clk rise@10.000ns - sys_clk rise@0.000ns)
  Data Path Delay:        3.967ns  (logic 0.925ns (23.316%)  route 3.042ns (76.684%))
  Logic Levels:           5  (LUT5=5)
  Clock Path Skew:        -0.033ns (DCD - SCD + CPR)
    Destination Clock Delay (DCD):    4.055ns = ( 14.055 - 10.000 ) 
    Source Clock Delay      (SCD):    4.343ns
    Clock Pessimism Removal (CPR):    0.254ns
  Clock Uncertainty:      0.035ns  ((TSJ^2 + TIJ^2)^1/2 + DJ) / 2 + PE
    Total System Jitter     (TSJ):    0.071ns
    Total Input Jitter      (TIJ):    0.000ns
    Discrete Jitter          (DJ):    0.000ns
    Phase Error              (PE):    0.000ns

    Location             Delay type                Incr(ns)  Path(ns)    Netlist Resource(s)
  -------------------------------------------------------------------    -------------------
                         (clock sys_clk rise edge)    0.000     0.000 r  
    AD23                                              0.000     0.000 r  clk (IN)
                         net (fo=0)                   0.000     0.000    clk
    AD23                 IBUF (Prop_ibuf_I_O)         0.873     0.873 r  clk_IBUF_inst/O
                         net (fo=1, routed)           1.830     2.703    clk_IBUF
    BUFGCTRL_X0Y0        BUFG (Prop_bufg_I_O)         0.120     2.823 r  clk_IBUF_BUFG_inst/O
                         net (fo=98, routed)          1.520     4.343    clk_IBUF_BUFG
    SLICE_X1Y56          FDRE                                         r  a_reg_reg[1]/C
  -------------------------------------------------------------------    -------------------
    SLICE_X1Y56          FDRE (Prop_fdre_C_Q)         0.269     4.612 r  a_reg_reg[1]/Q
                         net (fo=2, routed)           0.643     5.255    a_reg[1]
    SLICE_X0Y56          LUT5 (Prop_lut5_I4_O)        0.065     5.320 r  sum_out[3]_i_2/O
                         net (fo=3, routed)           0.572     5.891    dut/GEN_CSLA.u_adder/c0_2
    SLICE_X0Y57          LUT5 (Prop_lut5_I0_O)        0.183     6.074 r  sum_out[7]_i_3/O
                         net (fo=6, routed)           0.782     6.856    dut/GEN_CSLA.u_adder/c0_4
    SLICE_X1Y61          LUT5 (Prop_lut5_I2_O)        0.172     7.028 r  sum_out[15]_i_3/O
                         net (fo=6, routed)           0.454     7.482    dut/GEN_CSLA.u_adder/carry_3__0
    SLICE_X4Y62          LUT5 (Prop_lut5_I1_O)        0.056     7.538 r  sum_out[19]_i_3/O
                         net (fo=4, routed)           0.592     8.130    dut/GEN_CSLA.u_adder/carry_4__0
    SLICE_X4Y64          LUT5 (Prop_lut5_I0_O)        0.180     8.310 r  sum_out[17]_i_1/O
                         net (fo=1, routed)           0.000     8.310    sum_comb[17]
    SLICE_X4Y64          FDRE                                         r  sum_out_reg[17]/D
  -------------------------------------------------------------------    -------------------

                         (clock sys_clk rise edge)   10.000    10.000 r  
    AD23                                              0.000    10.000 r  clk (IN)
                         net (fo=0)                   0.000    10.000    clk
    AD23                 IBUF (Prop_ibuf_I_O)         0.796    10.796 r  clk_IBUF_inst/O
                         net (fo=1, routed)           1.741    12.537    clk_IBUF
    BUFGCTRL_X0Y0        BUFG (Prop_bufg_I_O)         0.113    12.650 r  clk_IBUF_BUFG_inst/O
                         net (fo=98, routed)          1.405    14.055    clk_IBUF_BUFG
    SLICE_X4Y64          FDRE                                         r  sum_out_reg[17]/C
                         clock pessimism              0.254    14.310    
                         clock uncertainty           -0.035    14.274    
    SLICE_X4Y64          FDRE (Setup_fdre_C_D)        0.092    14.366    sum_out_reg[17]
  -------------------------------------------------------------------
                         required time                         14.366    
                         arrival time                          -8.310    
  -------------------------------------------------------------------
                         slack                                  6.056    

Slack (MET) :             6.156ns  (required time - arrival time)
  Source:                 a_reg_reg[1]/C
                            (rising edge-triggered cell FDRE clocked by sys_clk  {rise@0.000ns fall@5.000ns period=10.000ns})
  Destination:            sum_out_reg[11]/D
                            (rising edge-triggered cell FDRE clocked by sys_clk  {rise@0.000ns fall@5.000ns period=10.000ns})
  Path Group:             sys_clk
  Path Type:              Setup (Max at Slow Process Corner)
  Requirement:            10.000ns  (sys_clk rise@10.000ns - sys_clk rise@0.000ns)
  Data Path Delay:        3.661ns  (logic 0.884ns (24.143%)  route 2.777ns (75.857%))
  Logic Levels:           4  (LUT5=4)
  Clock Path Skew:        -0.024ns (DCD - SCD + CPR)
    Destination Clock Delay (DCD):    4.059ns = ( 14.059 - 10.000 ) 
    Source Clock Delay      (SCD):    4.343ns
    Clock Pessimism Removal (CPR):    0.259ns
  Clock Uncertainty:      0.035ns  ((TSJ^2 + TIJ^2)^1/2 + DJ) / 2 + PE
    Total System Jitter     (TSJ):    0.071ns
    Total Input Jitter      (TIJ):    0.000ns
    Discrete Jitter          (DJ):    0.000ns
    Phase Error              (PE):    0.000ns

    Location             Delay type                Incr(ns)  Path(ns)    Netlist Resource(s)
  -------------------------------------------------------------------    -------------------
                         (clock sys_clk rise edge)    0.000     0.000 r  
    AD23                                              0.000     0.000 r  clk (IN)
                         net (fo=0)                   0.000     0.000    clk
    AD23                 IBUF (Prop_ibuf_I_O)         0.873     0.873 r  clk_IBUF_inst/O
                         net (fo=1, routed)           1.830     2.703    clk_IBUF
    BUFGCTRL_X0Y0        BUFG (Prop_bufg_I_O)         0.120     2.823 r  clk_IBUF_BUFG_inst/O
                         net (fo=98, routed)          1.520     4.343    clk_IBUF_BUFG
    SLICE_X1Y56          FDRE                                         r  a_reg_reg[1]/C
  -------------------------------------------------------------------    -------------------
    SLICE_X1Y56          FDRE (Prop_fdre_C_Q)         0.269     4.612 r  a_reg_reg[1]/Q
                         net (fo=2, routed)           0.643     5.255    a_reg[1]
    SLICE_X0Y56          LUT5 (Prop_lut5_I4_O)        0.065     5.320 r  sum_out[3]_i_2/O
                         net (fo=3, routed)           0.572     5.891    dut/GEN_CSLA.u_adder/c0_2
    SLICE_X0Y57          LUT5 (Prop_lut5_I0_O)        0.183     6.074 r  sum_out[7]_i_3/O
                         net (fo=6, routed)           0.523     6.597    dut/GEN_CSLA.u_adder/c0_4
    SLICE_X1Y59          LUT5 (Prop_lut5_I1_O)        0.188     6.785 r  sum_out[11]_i_3/O
                         net (fo=4, routed)           0.581     7.366    dut/GEN_CSLA.u_adder/carry_2__0
    SLICE_X1Y61          LUT5 (Prop_lut5_I1_O)        0.179     7.545 r  sum_out[11]_i_1/O
                         net (fo=1, routed)           0.459     8.004    sum_out[11]_i_1_n_0
    SLICE_X0Y61          FDRE                                         r  sum_out_reg[11]/D
  -------------------------------------------------------------------    -------------------

                         (clock sys_clk rise edge)   10.000    10.000 r  
    AD23                                              0.000    10.000 r  clk (IN)
                         net (fo=0)                   0.000    10.000    clk
    AD23                 IBUF (Prop_ibuf_I_O)         0.796    10.796 r  clk_IBUF_inst/O
                         net (fo=1, routed)           1.741    12.537    clk_IBUF
    BUFGCTRL_X0Y0        BUFG (Prop_bufg_I_O)         0.113    12.650 r  clk_IBUF_BUFG_inst/O
                         net (fo=98, routed)          1.409    14.059    clk_IBUF_BUFG
    SLICE_X0Y61          FDRE                                         r  sum_out_reg[11]/C
                         clock pessimism              0.259    14.319    
                         clock uncertainty           -0.035    14.283    
    SLICE_X0Y61          FDRE (Setup_fdre_C_D)       -0.123    14.160    sum_out_reg[11]
  -------------------------------------------------------------------
                         required time                         14.160    
                         arrival time                          -8.004    
  -------------------------------------------------------------------
                         slack                                  6.156    

Slack (MET) :             6.338ns  (required time - arrival time)
  Source:                 a_reg_reg[1]/C
                            (rising edge-triggered cell FDRE clocked by sys_clk  {rise@0.000ns fall@5.000ns period=10.000ns})
  Destination:            sum_out_reg[15]/D
                            (rising edge-triggered cell FDRE clocked by sys_clk  {rise@0.000ns fall@5.000ns period=10.000ns})
  Path Group:             sys_clk
  Path Type:              Setup (Max at Slow Process Corner)
  Requirement:            10.000ns  (sys_clk rise@10.000ns - sys_clk rise@0.000ns)
  Data Path Delay:        3.568ns  (logic 0.742ns (20.797%)  route 2.826ns (79.203%))
  Logic Levels:           4  (LUT5=4)
  Clock Path Skew:        -0.025ns (DCD - SCD + CPR)
    Destination Clock Delay (DCD):    4.058ns = ( 14.058 - 10.000 ) 
    Source Clock Delay      (SCD):    4.343ns
    Clock Pessimism Removal (CPR):    0.259ns
  Clock Uncertainty:      0.035ns  ((TSJ^2 + TIJ^2)^1/2 + DJ) / 2 + PE
    Total System Jitter     (TSJ):    0.071ns
    Total Input Jitter      (TIJ):    0.000ns
    Discrete Jitter          (DJ):    0.000ns
    Phase Error              (PE):    0.000ns

    Location             Delay type                Incr(ns)  Path(ns)    Netlist Resource(s)
  -------------------------------------------------------------------    -------------------
                         (clock sys_clk rise edge)    0.000     0.000 r  
    AD23                                              0.000     0.000 r  clk (IN)
                         net (fo=0)                   0.000     0.000    clk
    AD23                 IBUF (Prop_ibuf_I_O)         0.873     0.873 r  clk_IBUF_inst/O
                         net (fo=1, routed)           1.830     2.703    clk_IBUF
    BUFGCTRL_X0Y0        BUFG (Prop_bufg_I_O)         0.120     2.823 r  clk_IBUF_BUFG_inst/O
                         net (fo=98, routed)          1.520     4.343    clk_IBUF_BUFG
    SLICE_X1Y56          FDRE                                         r  a_reg_reg[1]/C
  -------------------------------------------------------------------    -------------------
    SLICE_X1Y56          FDRE (Prop_fdre_C_Q)         0.269     4.612 r  a_reg_reg[1]/Q
                         net (fo=2, routed)           0.643     5.255    a_reg[1]
    SLICE_X0Y56          LUT5 (Prop_lut5_I4_O)        0.065     5.320 r  sum_out[3]_i_2/O
                         net (fo=3, routed)           0.572     5.891    dut/GEN_CSLA.u_adder/c0_2
    SLICE_X0Y57          LUT5 (Prop_lut5_I0_O)        0.183     6.074 r  sum_out[7]_i_3/O
                         net (fo=6, routed)           0.782     6.856    dut/GEN_CSLA.u_adder/c0_4
    SLICE_X1Y61          LUT5 (Prop_lut5_I2_O)        0.172     7.028 r  sum_out[15]_i_3/O
                         net (fo=6, routed)           0.454     7.482    dut/GEN_CSLA.u_adder/carry_3__0
    SLICE_X4Y62          LUT5 (Prop_lut5_I1_O)        0.053     7.535 r  sum_out[15]_i_1/O
                         net (fo=1, routed)           0.375     7.910    sum_out[15]_i_1_n_0
    SLICE_X3Y62          FDRE                                         r  sum_out_reg[15]/D
  -------------------------------------------------------------------    -------------------

                         (clock sys_clk rise edge)   10.000    10.000 r  
    AD23                                              0.000    10.000 r  clk (IN)
                         net (fo=0)                   0.000    10.000    clk
    AD23                 IBUF (Prop_ibuf_I_O)         0.796    10.796 r  clk_IBUF_inst/O
                         net (fo=1, routed)           1.741    12.537    clk_IBUF
    BUFGCTRL_X0Y0        BUFG (Prop_bufg_I_O)         0.113    12.650 r  clk_IBUF_BUFG_inst/O
                         net (fo=98, routed)          1.408    14.058    clk_IBUF_BUFG
    SLICE_X3Y62          FDRE                                         r  sum_out_reg[15]/C
                         clock pessimism              0.259    14.318    
                         clock uncertainty           -0.035    14.282    
    SLICE_X3Y62          FDRE (Setup_fdre_C_D)       -0.034    14.248    sum_out_reg[15]
  -------------------------------------------------------------------
                         required time                         14.248    
                         arrival time                          -7.910    
  -------------------------------------------------------------------
                         slack                                  6.338    

Slack (MET) :             6.375ns  (required time - arrival time)
  Source:                 a_reg_reg[1]/C
                            (rising edge-triggered cell FDRE clocked by sys_clk  {rise@0.000ns fall@5.000ns period=10.000ns})
  Destination:            sum_out_reg[18]/D
                            (rising edge-triggered cell FDRE clocked by sys_clk  {rise@0.000ns fall@5.000ns period=10.000ns})
  Path Group:             sys_clk
  Path Type:              Setup (Max at Slow Process Corner)
  Requirement:            10.000ns  (sys_clk rise@10.000ns - sys_clk rise@0.000ns)
  Data Path Delay:        3.629ns  (logic 0.913ns (25.162%)  route 2.716ns (74.838%))
  Logic Levels:           5  (LUT5=4 LUT6=1)
  Clock Path Skew:        -0.033ns (DCD - SCD + CPR)
    Destination Clock Delay (DCD):    4.055ns = ( 14.055 - 10.000 ) 
    Source Clock Delay      (SCD):    4.343ns
    Clock Pessimism Removal (CPR):    0.254ns
  Clock Uncertainty:      0.035ns  ((TSJ^2 + TIJ^2)^1/2 + DJ) / 2 + PE
    Total System Jitter     (TSJ):    0.071ns
    Total Input Jitter      (TIJ):    0.000ns
    Discrete Jitter          (DJ):    0.000ns
    Phase Error              (PE):    0.000ns

    Location             Delay type                Incr(ns)  Path(ns)    Netlist Resource(s)
  -------------------------------------------------------------------    -------------------
                         (clock sys_clk rise edge)    0.000     0.000 r  
    AD23                                              0.000     0.000 r  clk (IN)
                         net (fo=0)                   0.000     0.000    clk
    AD23                 IBUF (Prop_ibuf_I_O)         0.873     0.873 r  clk_IBUF_inst/O
                         net (fo=1, routed)           1.830     2.703    clk_IBUF
    BUFGCTRL_X0Y0        BUFG (Prop_bufg_I_O)         0.120     2.823 r  clk_IBUF_BUFG_inst/O
                         net (fo=98, routed)          1.520     4.343    clk_IBUF_BUFG
    SLICE_X1Y56          FDRE                                         r  a_reg_reg[1]/C
  -------------------------------------------------------------------    -------------------
    SLICE_X1Y56          FDRE (Prop_fdre_C_Q)         0.269     4.612 r  a_reg_reg[1]/Q
                         net (fo=2, routed)           0.643     5.255    a_reg[1]
    SLICE_X0Y56          LUT5 (Prop_lut5_I4_O)        0.065     5.320 r  sum_out[3]_i_2/O
                         net (fo=3, routed)           0.572     5.891    dut/GEN_CSLA.u_adder/c0_2
    SLICE_X0Y57          LUT5 (Prop_lut5_I0_O)        0.183     6.074 r  sum_out[7]_i_3/O
                         net (fo=6, routed)           0.782     6.856    dut/GEN_CSLA.u_adder/c0_4
    SLICE_X1Y61          LUT5 (Prop_lut5_I2_O)        0.172     7.028 r  sum_out[15]_i_3/O
                         net (fo=6, routed)           0.454     7.482    dut/GEN_CSLA.u_adder/carry_3__0
    SLICE_X4Y62          LUT5 (Prop_lut5_I1_O)        0.056     7.538 r  sum_out[19]_i_3/O
                         net (fo=4, routed)           0.265     7.803    dut/GEN_CSLA.u_adder/carry_4__0
    SLICE_X4Y64          LUT6 (Prop_lut6_I0_O)        0.168     7.971 r  sum_out[18]_i_1/O
                         net (fo=1, routed)           0.000     7.971    sum_comb[18]
    SLICE_X4Y64          FDRE                                         r  sum_out_reg[18]/D
  -------------------------------------------------------------------    -------------------

                         (clock sys_clk rise edge)   10.000    10.000 r  
    AD23                                              0.000    10.000 r  clk (IN)
                         net (fo=0)                   0.000    10.000    clk
    AD23                 IBUF (Prop_ibuf_I_O)         0.796    10.796 r  clk_IBUF_inst/O
                         net (fo=1, routed)           1.741    12.537    clk_IBUF
    BUFGCTRL_X0Y0        BUFG (Prop_bufg_I_O)         0.113    12.650 r  clk_IBUF_BUFG_inst/O
                         net (fo=98, routed)          1.405    14.055    clk_IBUF_BUFG
    SLICE_X4Y64          FDRE                                         r  sum_out_reg[18]/C
                         clock pessimism              0.254    14.310    
                         clock uncertainty           -0.035    14.274    
    SLICE_X4Y64          FDRE (Setup_fdre_C_D)        0.072    14.346    sum_out_reg[18]
  -------------------------------------------------------------------
                         required time                         14.346    
                         arrival time                          -7.971    
  -------------------------------------------------------------------
                         slack                                  6.375    

Slack (MET) :             6.375ns  (required time - arrival time)
  Source:                 a_reg_reg[1]/C
                            (rising edge-triggered cell FDRE clocked by sys_clk  {rise@0.000ns fall@5.000ns period=10.000ns})
  Destination:            sum_out_reg[22]/D
                            (rising edge-triggered cell FDRE clocked by sys_clk  {rise@0.000ns fall@5.000ns period=10.000ns})
  Path Group:             sys_clk
  Path Type:              Setup (Max at Slow Process Corner)
  Requirement:            10.000ns  (sys_clk rise@10.000ns - sys_clk rise@0.000ns)
  Data Path Delay:        3.634ns  (logic 0.795ns (21.875%)  route 2.839ns (78.125%))
  Logic Levels:           5  (LUT5=4 LUT6=1)
  Clock Path Skew:        -0.026ns (DCD - SCD + CPR)
    Destination Clock Delay (DCD):    4.057ns = ( 14.057 - 10.000 ) 
    Source Clock Delay      (SCD):    4.343ns
    Clock Pessimism Removal (CPR):    0.259ns
  Clock Uncertainty:      0.035ns  ((TSJ^2 + TIJ^2)^1/2 + DJ) / 2 + PE
    Total System Jitter     (TSJ):    0.071ns
    Total Input Jitter      (TIJ):    0.000ns
    Discrete Jitter          (DJ):    0.000ns
    Phase Error              (PE):    0.000ns

    Location             Delay type                Incr(ns)  Path(ns)    Netlist Resource(s)
  -------------------------------------------------------------------    -------------------
                         (clock sys_clk rise edge)    0.000     0.000 r  
    AD23                                              0.000     0.000 r  clk (IN)
                         net (fo=0)                   0.000     0.000    clk
    AD23                 IBUF (Prop_ibuf_I_O)         0.873     0.873 r  clk_IBUF_inst/O
                         net (fo=1, routed)           1.830     2.703    clk_IBUF
    BUFGCTRL_X0Y0        BUFG (Prop_bufg_I_O)         0.120     2.823 r  clk_IBUF_BUFG_inst/O
                         net (fo=98, routed)          1.520     4.343    clk_IBUF_BUFG
    SLICE_X1Y56          FDRE                                         r  a_reg_reg[1]/C
  -------------------------------------------------------------------    -------------------
    SLICE_X1Y56          FDRE (Prop_fdre_C_Q)         0.269     4.612 r  a_reg_reg[1]/Q
                         net (fo=2, routed)           0.643     5.255    a_reg[1]
    SLICE_X0Y56          LUT5 (Prop_lut5_I4_O)        0.065     5.320 r  sum_out[3]_i_2/O
                         net (fo=3, routed)           0.572     5.891    dut/GEN_CSLA.u_adder/c0_2
    SLICE_X0Y57          LUT5 (Prop_lut5_I0_O)        0.183     6.074 r  sum_out[7]_i_3/O
                         net (fo=6, routed)           0.782     6.856    dut/GEN_CSLA.u_adder/c0_4
    SLICE_X1Y61          LUT5 (Prop_lut5_I2_O)        0.172     7.028 r  sum_out[15]_i_3/O
                         net (fo=6, routed)           0.394     7.422    dut/GEN_CSLA.u_adder/carry_3__0
    SLICE_X4Y62          LUT5 (Prop_lut5_I2_O)        0.053     7.475 r  sum_out[23]_i_3/O
                         net (fo=6, routed)           0.449     7.924    dut/GEN_CSLA.u_adder/carry_5__0
    SLICE_X2Y64          LUT6 (Prop_lut6_I0_O)        0.053     7.977 r  sum_out[22]_i_1/O
                         net (fo=1, routed)           0.000     7.977    sum_comb[22]
    SLICE_X2Y64          FDRE                                         r  sum_out_reg[22]/D
  -------------------------------------------------------------------    -------------------

                         (clock sys_clk rise edge)   10.000    10.000 r  
    AD23                                              0.000    10.000 r  clk (IN)
                         net (fo=0)                   0.000    10.000    clk
    AD23                 IBUF (Prop_ibuf_I_O)         0.796    10.796 r  clk_IBUF_inst/O
                         net (fo=1, routed)           1.741    12.537    clk_IBUF
    BUFGCTRL_X0Y0        BUFG (Prop_bufg_I_O)         0.113    12.650 r  clk_IBUF_BUFG_inst/O
                         net (fo=98, routed)          1.407    14.057    clk_IBUF_BUFG
    SLICE_X2Y64          FDRE                                         r  sum_out_reg[22]/C
                         clock pessimism              0.259    14.317    
                         clock uncertainty           -0.035    14.281    
    SLICE_X2Y64          FDRE (Setup_fdre_C_D)        0.071    14.352    sum_out_reg[22]
  -------------------------------------------------------------------
                         required time                         14.352    
                         arrival time                          -7.977    
  -------------------------------------------------------------------
                         slack                                  6.375    

Slack (MET) :             6.378ns  (required time - arrival time)
  Source:                 a_reg_reg[1]/C
                            (rising edge-triggered cell FDRE clocked by sys_clk  {rise@0.000ns fall@5.000ns period=10.000ns})
  Destination:            sum_out_reg[20]/D
                            (rising edge-triggered cell FDRE clocked by sys_clk  {rise@0.000ns fall@5.000ns period=10.000ns})
  Path Group:             sys_clk
  Path Type:              Setup (Max at Slow Process Corner)
  Requirement:            10.000ns  (sys_clk rise@10.000ns - sys_clk rise@0.000ns)
  Data Path Delay:        3.630ns  (logic 0.795ns (21.899%)  route 2.835ns (78.101%))
  Logic Levels:           5  (LUT3=1 LUT5=4)
  Clock Path Skew:        -0.027ns (DCD - SCD + CPR)
    Destination Clock Delay (DCD):    4.056ns = ( 14.056 - 10.000 ) 
    Source Clock Delay      (SCD):    4.343ns
    Clock Pessimism Removal (CPR):    0.259ns
  Clock Uncertainty:      0.035ns  ((TSJ^2 + TIJ^2)^1/2 + DJ) / 2 + PE
    Total System Jitter     (TSJ):    0.071ns
    Total Input Jitter      (TIJ):    0.000ns
    Discrete Jitter          (DJ):    0.000ns
    Phase Error              (PE):    0.000ns

    Location             Delay type                Incr(ns)  Path(ns)    Netlist Resource(s)
  -------------------------------------------------------------------    -------------------
                         (clock sys_clk rise edge)    0.000     0.000 r  
    AD23                                              0.000     0.000 r  clk (IN)
                         net (fo=0)                   0.000     0.000    clk
    AD23                 IBUF (Prop_ibuf_I_O)         0.873     0.873 r  clk_IBUF_inst/O
                         net (fo=1, routed)           1.830     2.703    clk_IBUF
    BUFGCTRL_X0Y0        BUFG (Prop_bufg_I_O)         0.120     2.823 r  clk_IBUF_BUFG_inst/O
                         net (fo=98, routed)          1.520     4.343    clk_IBUF_BUFG
    SLICE_X1Y56          FDRE                                         r  a_reg_reg[1]/C
  -------------------------------------------------------------------    -------------------
    SLICE_X1Y56          FDRE (Prop_fdre_C_Q)         0.269     4.612 r  a_reg_reg[1]/Q
                         net (fo=2, routed)           0.643     5.255    a_reg[1]
    SLICE_X0Y56          LUT5 (Prop_lut5_I4_O)        0.065     5.320 r  sum_out[3]_i_2/O
                         net (fo=3, routed)           0.572     5.891    dut/GEN_CSLA.u_adder/c0_2
    SLICE_X0Y57          LUT5 (Prop_lut5_I0_O)        0.183     6.074 r  sum_out[7]_i_3/O
                         net (fo=6, routed)           0.782     6.856    dut/GEN_CSLA.u_adder/c0_4
    SLICE_X1Y61          LUT5 (Prop_lut5_I2_O)        0.172     7.028 r  sum_out[15]_i_3/O
                         net (fo=6, routed)           0.394     7.422    dut/GEN_CSLA.u_adder/carry_3__0
    SLICE_X4Y62          LUT5 (Prop_lut5_I2_O)        0.053     7.475 r  sum_out[23]_i_3/O
                         net (fo=6, routed)           0.445     7.920    dut/GEN_CSLA.u_adder/carry_5__0
    SLICE_X2Y65          LUT3 (Prop_lut3_I0_O)        0.053     7.973 r  sum_out[20]_i_1/O
                         net (fo=1, routed)           0.000     7.973    sum_comb[20]
    SLICE_X2Y65          FDRE                                         r  sum_out_reg[20]/D
  -------------------------------------------------------------------    -------------------

                         (clock sys_clk rise edge)   10.000    10.000 r  
    AD23                                              0.000    10.000 r  clk (IN)
                         net (fo=0)                   0.000    10.000    clk
    AD23                 IBUF (Prop_ibuf_I_O)         0.796    10.796 r  clk_IBUF_inst/O
                         net (fo=1, routed)           1.741    12.537    clk_IBUF
    BUFGCTRL_X0Y0        BUFG (Prop_bufg_I_O)         0.113    12.650 r  clk_IBUF_BUFG_inst/O
                         net (fo=98, routed)          1.406    14.056    clk_IBUF_BUFG
    SLICE_X2Y65          FDRE                                         r  sum_out_reg[20]/C
                         clock pessimism              0.259    14.316    
                         clock uncertainty           -0.035    14.280    
    SLICE_X2Y65          FDRE (Setup_fdre_C_D)        0.071    14.351    sum_out_reg[20]
  -------------------------------------------------------------------
                         required time                         14.351    
                         arrival time                          -7.973    
  -------------------------------------------------------------------
                         slack                                  6.378    

Slack (MET) :             6.396ns  (required time - arrival time)
  Source:                 a_reg_reg[1]/C
                            (rising edge-triggered cell FDRE clocked by sys_clk  {rise@0.000ns fall@5.000ns period=10.000ns})
  Destination:            sum_out_reg[21]/D
                            (rising edge-triggered cell FDRE clocked by sys_clk  {rise@0.000ns fall@5.000ns period=10.000ns})
  Path Group:             sys_clk
  Path Type:              Setup (Max at Slow Process Corner)
  Requirement:            10.000ns  (sys_clk rise@10.000ns - sys_clk rise@0.000ns)
  Data Path Delay:        3.633ns  (logic 0.798ns (21.963%)  route 2.835ns (78.037%))
  Logic Levels:           5  (LUT5=5)
  Clock Path Skew:        -0.027ns (DCD - SCD + CPR)
    Destination Clock Delay (DCD):    4.056ns = ( 14.056 - 10.000 ) 
    Source Clock Delay      (SCD):    4.343ns
    Clock Pessimism Removal (CPR):    0.259ns
  Clock Uncertainty:      0.035ns  ((TSJ^2 + TIJ^2)^1/2 + DJ) / 2 + PE
    Total System Jitter     (TSJ):    0.071ns
    Total Input Jitter      (TIJ):    0.000ns
    Discrete Jitter          (DJ):    0.000ns
    Phase Error              (PE):    0.000ns

    Location             Delay type                Incr(ns)  Path(ns)    Netlist Resource(s)
  -------------------------------------------------------------------    -------------------
                         (clock sys_clk rise edge)    0.000     0.000 r  
    AD23                                              0.000     0.000 r  clk (IN)
                         net (fo=0)                   0.000     0.000    clk
    AD23                 IBUF (Prop_ibuf_I_O)         0.873     0.873 r  clk_IBUF_inst/O
                         net (fo=1, routed)           1.830     2.703    clk_IBUF
    BUFGCTRL_X0Y0        BUFG (Prop_bufg_I_O)         0.120     2.823 r  clk_IBUF_BUFG_inst/O
                         net (fo=98, routed)          1.520     4.343    clk_IBUF_BUFG
    SLICE_X1Y56          FDRE                                         r  a_reg_reg[1]/C
  -------------------------------------------------------------------    -------------------
    SLICE_X1Y56          FDRE (Prop_fdre_C_Q)         0.269     4.612 r  a_reg_reg[1]/Q
                         net (fo=2, routed)           0.643     5.255    a_reg[1]
    SLICE_X0Y56          LUT5 (Prop_lut5_I4_O)        0.065     5.320 r  sum_out[3]_i_2/O
                         net (fo=3, routed)           0.572     5.891    dut/GEN_CSLA.u_adder/c0_2
    SLICE_X0Y57          LUT5 (Prop_lut5_I0_O)        0.183     6.074 r  sum_out[7]_i_3/O
                         net (fo=6, routed)           0.782     6.856    dut/GEN_CSLA.u_adder/c0_4
    SLICE_X1Y61          LUT5 (Prop_lut5_I2_O)        0.172     7.028 r  sum_out[15]_i_3/O
                         net (fo=6, routed)           0.394     7.422    dut/GEN_CSLA.u_adder/carry_3__0
    SLICE_X4Y62          LUT5 (Prop_lut5_I2_O)        0.053     7.475 r  sum_out[23]_i_3/O
                         net (fo=6, routed)           0.445     7.920    dut/GEN_CSLA.u_adder/carry_5__0
    SLICE_X2Y65          LUT5 (Prop_lut5_I0_O)        0.056     7.976 r  sum_out[21]_i_1/O
                         net (fo=1, routed)           0.000     7.976    sum_comb[21]
    SLICE_X2Y65          FDRE                                         r  sum_out_reg[21]/D
  -------------------------------------------------------------------    -------------------

                         (clock sys_clk rise edge)   10.000    10.000 r  
    AD23                                              0.000    10.000 r  clk (IN)
                         net (fo=0)                   0.000    10.000    clk
    AD23                 IBUF (Prop_ibuf_I_O)         0.796    10.796 r  clk_IBUF_inst/O
                         net (fo=1, routed)           1.741    12.537    clk_IBUF
    BUFGCTRL_X0Y0        BUFG (Prop_bufg_I_O)         0.113    12.650 r  clk_IBUF_BUFG_inst/O
                         net (fo=98, routed)          1.406    14.056    clk_IBUF_BUFG
    SLICE_X2Y65          FDRE                                         r  sum_out_reg[21]/C
                         clock pessimism              0.259    14.316    
                         clock uncertainty           -0.035    14.280    
    SLICE_X2Y65          FDRE (Setup_fdre_C_D)        0.092    14.372    sum_out_reg[21]
  -------------------------------------------------------------------
                         required time                         14.372    
                         arrival time                          -7.976    
  -------------------------------------------------------------------
                         slack                                  6.396    

Slack (MET) :             6.836ns  (required time - arrival time)
  Source:                 a_reg_reg[1]/C
                            (rising edge-triggered cell FDRE clocked by sys_clk  {rise@0.000ns fall@5.000ns period=10.000ns})
  Destination:            sum_out_reg[8]/D
                            (rising edge-triggered cell FDRE clocked by sys_clk  {rise@0.000ns fall@5.000ns period=10.000ns})
  Path Group:             sys_clk
  Path Type:              Setup (Max at Slow Process Corner)
  Requirement:            10.000ns  (sys_clk rise@10.000ns - sys_clk rise@0.000ns)
  Data Path Delay:        3.177ns  (logic 0.874ns (27.513%)  route 2.303ns (72.487%))
  Logic Levels:           4  (LUT3=1 LUT5=3)
  Clock Path Skew:        -0.023ns (DCD - SCD + CPR)
    Destination Clock Delay (DCD):    4.060ns = ( 14.060 - 10.000 ) 
    Source Clock Delay      (SCD):    4.343ns
    Clock Pessimism Removal (CPR):    0.259ns
  Clock Uncertainty:      0.035ns  ((TSJ^2 + TIJ^2)^1/2 + DJ) / 2 + PE
    Total System Jitter     (TSJ):    0.071ns
    Total Input Jitter      (TIJ):    0.000ns
    Discrete Jitter          (DJ):    0.000ns
    Phase Error              (PE):    0.000ns

    Location             Delay type                Incr(ns)  Path(ns)    Netlist Resource(s)
  -------------------------------------------------------------------    -------------------
                         (clock sys_clk rise edge)    0.000     0.000 r  
    AD23                                              0.000     0.000 r  clk (IN)
                         net (fo=0)                   0.000     0.000    clk
    AD23                 IBUF (Prop_ibuf_I_O)         0.873     0.873 r  clk_IBUF_inst/O
                         net (fo=1, routed)           1.830     2.703    clk_IBUF
    BUFGCTRL_X0Y0        BUFG (Prop_bufg_I_O)         0.120     2.823 r  clk_IBUF_BUFG_inst/O
                         net (fo=98, routed)          1.520     4.343    clk_IBUF_BUFG
    SLICE_X1Y56          FDRE                                         r  a_reg_reg[1]/C
  -------------------------------------------------------------------    -------------------
    SLICE_X1Y56          FDRE (Prop_fdre_C_Q)         0.269     4.612 r  a_reg_reg[1]/Q
                         net (fo=2, routed)           0.643     5.255    a_reg[1]
    SLICE_X0Y56          LUT5 (Prop_lut5_I4_O)        0.065     5.320 r  sum_out[3]_i_2/O
                         net (fo=3, routed)           0.572     5.891    dut/GEN_CSLA.u_adder/c0_2
    SLICE_X0Y57          LUT5 (Prop_lut5_I0_O)        0.183     6.074 r  sum_out[7]_i_3/O
                         net (fo=6, routed)           0.523     6.597    dut/GEN_CSLA.u_adder/c0_4
    SLICE_X1Y59          LUT5 (Prop_lut5_I1_O)        0.188     6.785 r  sum_out[11]_i_3/O
                         net (fo=4, routed)           0.565     7.350    dut/GEN_CSLA.u_adder/carry_2__0
    SLICE_X0Y59          LUT3 (Prop_lut3_I0_O)        0.169     7.519 r  sum_out[8]_i_1/O
                         net (fo=1, routed)           0.000     7.519    sum_out[8]_i_1_n_0
    SLICE_X0Y59          FDRE                                         r  sum_out_reg[8]/D
  -------------------------------------------------------------------    -------------------

                         (clock sys_clk rise edge)   10.000    10.000 r  
    AD23                                              0.000    10.000 r  clk (IN)
                         net (fo=0)                   0.000    10.000    clk
    AD23                 IBUF (Prop_ibuf_I_O)         0.796    10.796 r  clk_IBUF_inst/O
                         net (fo=1, routed)           1.741    12.537    clk_IBUF
    BUFGCTRL_X0Y0        BUFG (Prop_bufg_I_O)         0.113    12.650 r  clk_IBUF_BUFG_inst/O
                         net (fo=98, routed)          1.410    14.060    clk_IBUF_BUFG
    SLICE_X0Y59          FDRE                                         r  sum_out_reg[8]/C
                         clock pessimism              0.259    14.320    
                         clock uncertainty           -0.035    14.284    
    SLICE_X0Y59          FDRE (Setup_fdre_C_D)        0.071    14.355    sum_out_reg[8]
  -------------------------------------------------------------------
                         required time                         14.355    
                         arrival time                          -7.519    
  -------------------------------------------------------------------
                         slack                                  6.836    





Pulse Width Checks
--------------------------------------------------------------------------------------
Clock Name:         sys_clk
Waveform(ns):       { 0.000 5.000 }
Period(ns):         10.000
Sources:            { clk }

Check Type        Corner  Lib Pin  Reference Pin  Required(ns)  Actual(ns)  Slack(ns)  Location       Pin
Min Period        n/a     BUFG/I   n/a            1.600         10.000      8.400      BUFGCTRL_X0Y0  clk_IBUF_BUFG_inst/I
Min Period        n/a     FDRE/C   n/a            0.750         10.000      9.250      SLICE_X3Y61    a_reg_reg[17]/C
Min Period        n/a     FDRE/C   n/a            0.750         10.000      9.250      SLICE_X0Y61    a_reg_reg[29]/C
Min Period        n/a     FDRE/C   n/a            0.750         10.000      9.250      SLICE_X0Y63    a_reg_reg[30]/C
Min Period        n/a     FDRE/C   n/a            0.750         10.000      9.250      SLICE_X0Y55    b_reg_reg[5]/C
Min Period        n/a     FDRE/C   n/a            0.750         10.000      9.250      SLICE_X0Y56    cin_reg_reg/C
Min Period        n/a     FDRE/C   n/a            0.750         10.000      9.250      SLICE_X0Y61    sum_out_reg[11]/C
Min Period        n/a     FDRE/C   n/a            0.750         10.000      9.250      SLICE_X3Y61    sum_out_reg[13]/C
Min Period        n/a     FDRE/C   n/a            0.750         10.000      9.250      SLICE_X4Y64    sum_out_reg[17]/C
Min Period        n/a     FDRE/C   n/a            0.750         10.000      9.250      SLICE_X4Y64    sum_out_reg[19]/C
Min Period        n/a     FDRE/C   n/a            0.750         10.000      9.250      SLICE_X2Y65    sum_out_reg[21]/C
Min Period        n/a     FDRE/C   n/a            0.750         10.000      9.250      SLICE_X0Y64    sum_out_reg[25]/C
Min Period        n/a     FDRE/C   n/a            0.750         10.000      9.250      SLICE_X0Y63    sum_out_reg[29]/C
Min Period        n/a     FDRE/C   n/a            0.750         10.000      9.250      SLICE_X2Y63    sum_out_reg[31]/C
Min Period        n/a     FDRE/C   n/a            0.750         10.000      9.250      SLICE_X0Y57    sum_out_reg[3]/C
Min Period        n/a     FDRE/C   n/a            0.750         10.000      9.250      SLICE_X0Y55    sum_out_reg[5]/C
Min Period        n/a     FDRE/C   n/a            0.750         10.000      9.250      SLICE_X0Y59    sum_out_reg[7]/C
Min Period        n/a     FDRE/C   n/a            0.750         10.000      9.250      SLICE_X0Y59    sum_out_reg[9]/C
Min Period        n/a     FDRE/C   n/a            0.700         10.000      9.300      SLICE_X0Y53    a_reg_reg[0]/C
Min Period        n/a     FDRE/C   n/a            0.700         10.000      9.300      SLICE_X0Y58    a_reg_reg[10]/C
Low Pulse Width   Slow    FDRE/C   n/a            0.400         5.000       4.600      SLICE_X3Y61    a_reg_reg[17]/C
Low Pulse Width   Fast    FDRE/C   n/a            0.400         5.000       4.600      SLICE_X3Y61    a_reg_reg[17]/C
Low Pulse Width   Slow    FDRE/C   n/a            0.400         5.000       4.600      SLICE_X0Y61    a_reg_reg[29]/C
Low Pulse Width   Fast    FDRE/C   n/a            0.400         5.000       4.600      SLICE_X0Y61    a_reg_reg[29]/C
Low Pulse Width   Slow    FDRE/C   n/a            0.400         5.000       4.600      SLICE_X0Y63    a_reg_reg[30]/C
Low Pulse Width   Fast    FDRE/C   n/a            0.400         5.000       4.600      SLICE_X0Y63    a_reg_reg[30]/C
Low Pulse Width   Slow    FDRE/C   n/a            0.400         5.000       4.600      SLICE_X0Y55    b_reg_reg[5]/C
Low Pulse Width   Fast    FDRE/C   n/a            0.400         5.000       4.600      SLICE_X0Y55    b_reg_reg[5]/C
Low Pulse Width   Slow    FDRE/C   n/a            0.400         5.000       4.600      SLICE_X0Y56    cin_reg_reg/C
Low Pulse Width   Fast    FDRE/C   n/a            0.400         5.000       4.600      SLICE_X0Y56    cin_reg_reg/C
Low Pulse Width   Slow    FDRE/C   n/a            0.400         5.000       4.600      SLICE_X0Y61    sum_out_reg[11]/C
Low Pulse Width   Fast    FDRE/C   n/a            0.400         5.000       4.600      SLICE_X0Y61    sum_out_reg[11]/C
Low Pulse Width   Slow    FDRE/C   n/a            0.400         5.000       4.600      SLICE_X3Y61    sum_out_reg[13]/C
Low Pulse Width   Fast    FDRE/C   n/a            0.400         5.000       4.600      SLICE_X3Y61    sum_out_reg[13]/C
Low Pulse Width   Slow    FDRE/C   n/a            0.400         5.000       4.600      SLICE_X4Y64    sum_out_reg[17]/C
Low Pulse Width   Fast    FDRE/C   n/a            0.400         5.000       4.600      SLICE_X4Y64    sum_out_reg[17]/C
Low Pulse Width   Slow    FDRE/C   n/a            0.400         5.000       4.600      SLICE_X4Y64    sum_out_reg[19]/C
Low Pulse Width   Fast    FDRE/C   n/a            0.400         5.000       4.600      SLICE_X4Y64    sum_out_reg[19]/C
Low Pulse Width   Slow    FDRE/C   n/a            0.400         5.000       4.600      SLICE_X2Y65    sum_out_reg[21]/C
Low Pulse Width   Fast    FDRE/C   n/a            0.400         5.000       4.600      SLICE_X2Y65    sum_out_reg[21]/C
High Pulse Width  Slow    FDRE/C   n/a            0.350         5.000       4.650      SLICE_X0Y53    a_reg_reg[0]/C
High Pulse Width  Fast    FDRE/C   n/a            0.350         5.000       4.650      SLICE_X0Y53    a_reg_reg[0]/C
High Pulse Width  Slow    FDRE/C   n/a            0.350         5.000       4.650      SLICE_X0Y58    a_reg_reg[10]/C
High Pulse Width  Fast    FDRE/C   n/a            0.350         5.000       4.650      SLICE_X0Y58    a_reg_reg[10]/C
High Pulse Width  Slow    FDRE/C   n/a            0.350         5.000       4.650      SLICE_X1Y61    a_reg_reg[11]/C
High Pulse Width  Fast    FDRE/C   n/a            0.350         5.000       4.650      SLICE_X1Y61    a_reg_reg[11]/C
High Pulse Width  Slow    FDRE/C   n/a            0.350         5.000       4.650      SLICE_X2Y57    a_reg_reg[12]/C
High Pulse Width  Fast    FDRE/C   n/a            0.350         5.000       4.650      SLICE_X2Y57    a_reg_reg[12]/C
High Pulse Width  Slow    FDRE/C   n/a            0.350         5.000       4.650      SLICE_X2Y57    a_reg_reg[13]/C
High Pulse Width  Fast    FDRE/C   n/a            0.350         5.000       4.650      SLICE_X2Y57    a_reg_reg[13]/C
High Pulse Width  Slow    FDRE/C   n/a            0.350         5.000       4.650      SLICE_X1Y61    a_reg_reg[14]/C
High Pulse Width  Fast    FDRE/C   n/a            0.350         5.000       4.650      SLICE_X1Y61    a_reg_reg[14]/C
High Pulse Width  Slow    FDRE/C   n/a            0.350         5.000       4.650      SLICE_X1Y60    a_reg_reg[15]/C
High Pulse Width  Fast    FDRE/C   n/a            0.350         5.000       4.650      SLICE_X1Y60    a_reg_reg[15]/C
High Pulse Width  Slow    FDRE/C   n/a            0.350         5.000       4.650      SLICE_X5Y64    a_reg_reg[16]/C
High Pulse Width  Fast    FDRE/C   n/a            0.350         5.000       4.650      SLICE_X5Y64    a_reg_reg[16]/C
High Pulse Width  Slow    FDRE/C   n/a            0.350         5.000       4.650      SLICE_X3Y61    a_reg_reg[17]/C
High Pulse Width  Fast    FDRE/C   n/a            0.350         5.000       4.650      SLICE_X3Y61    a_reg_reg[17]/C
High Pulse Width  Slow    FDRE/C   n/a            0.350         5.000       4.650      SLICE_X4Y62    a_reg_reg[18]/C
High Pulse Width  Fast    FDRE/C   n/a            0.350         5.000       4.650      SLICE_X4Y62    a_reg_reg[18]/C



