Copyright 1986-2022 Xilinx, Inc. All Rights Reserved. Copyright 2022-2025 Advanced Micro Devices, Inc. All Rights Reserved.
---------------------------------------------------------------------------------------------------------------------------------------------
| Tool Version : Vivado v.2025.2 (win64) Build 6299465 Fri Nov 14 19:35:11 GMT 2025
| Date         : Wed Sep 30 11:43:05 2026
| Host         : LAPTOP_Truong running 64-bit major release  (build 9200)
| Command      : report_timing_summary -delay_type max -max_paths 20 -file ./build/standalone/MULT_VEDIC_timing.rpt
| Design       : standalone_multiplier_top
| Device       : 7z030-ffg676
| Speed File   : -1  PRODUCTION 1.12 2019-11-22
| Design State : Routed
---------------------------------------------------------------------------------------------------------------------------------------------

Timing Summary Report

------------------------------------------------------------------------------------------------
| Timer Settings
| --------------
------------------------------------------------------------------------------------------------

  Enable Multi Corner Analysis               :  Yes
  Enable Pessimism Removal                   :  Yes
  Pessimism Removal Resolution               :  Nearest Common Node
  Enable Input Delay Default Clock           :  No
  Enable Preset / Clear Arcs                 :  No
  Disable Flight Delays                      :  No
  Ignore I/O Paths                           :  No
  Timing Early Launch at Borrowing Latches   :  No
  Borrow Time for Max Delay Exceptions       :  Yes
  Merge Timing Exceptions                    :  Yes
  Inter-SLR Compensation                     :  Conservative

  Corner  Analyze    Analyze    
  Name    Max Paths  Min Paths  
  ------  ---------  ---------  
  Slow    Yes        Yes        
  Fast    Yes        Yes        


------------------------------------------------------------------------------------------------
| Report Methodology
| ------------------
------------------------------------------------------------------------------------------------

Rule       Severity  Description                    Violations  
---------  --------  -----------------------------  ----------  
TIMING-18  Warning   Missing input or output delay  128         

Note: This report is based on the most recent report_methodology run and may not be up-to-date. Run report_methodology on the current design for the latest report.



check_timing report

Table of Contents
-----------------
1. checking no_clock (0)
2. checking constant_clock (0)
3. checking pulse_width_clock (0)
4. checking unconstrained_internal_endpoints (0)
5. checking no_input_delay (64)
6. checking no_output_delay (64)
7. checking multiple_clock (0)
8. checking generated_clocks (0)
9. checking loops (0)
10. checking partial_input_delay (0)
11. checking partial_output_delay (0)
12. checking latch_loops (0)

1. checking no_clock (0)
------------------------
 There are 0 register/latch pins with no clock.


2. checking constant_clock (0)
------------------------------
 There are 0 register/latch pins with constant_clock.


3. checking pulse_width_clock (0)
---------------------------------
 There are 0 register/latch pins which need pulse_width check


4. checking unconstrained_internal_endpoints (0)
------------------------------------------------
 There are 0 pins that are not constrained for maximum delay.

 There are 0 pins that are not constrained for maximum delay due to constant clock.


5. checking no_input_delay (64)
-------------------------------
 There are 64 input ports with no input delay specified. (HIGH)

 There are 0 input ports with no input delay but user has a false path constraint.


6. checking no_output_delay (64)
--------------------------------
 There are 64 ports with no output delay specified. (HIGH)

 There are 0 ports with no output delay but user has a false path constraint

 There are 0 ports with no output delay but with a timing clock defined on it or propagating through it


7. checking multiple_clock (0)
------------------------------
 There are 0 register/latch pins with multiple clocks.


8. checking generated_clocks (0)
--------------------------------
 There are 0 generated clocks that are not connected to a clock source.


9. checking loops (0)
---------------------
 There are 0 combinational loops in the design.


10. checking partial_input_delay (0)
------------------------------------
 There are 0 input ports with partial input delay specified.


11. checking partial_output_delay (0)
-------------------------------------
 There are 0 ports with partial output delay specified.


12. checking latch_loops (0)
----------------------------
 There are 0 combinational latch loops in the design through latch input



------------------------------------------------------------------------------------------------
| Design Timing Summary
| ---------------------
------------------------------------------------------------------------------------------------

    WNS(ns)      TNS(ns)  TNS Failing Endpoints  TNS Total Endpoints     WPWS(ns)     TPWS(ns)  TPWS Failing Endpoints  TPWS Total Endpoints  
    -------      -------  ---------------------  -------------------     --------     --------  ----------------------  --------------------  
      1.475        0.000                      0                   64        4.600        0.000                       0                   129  


All user specified timing constraints are met.


------------------------------------------------------------------------------------------------
| Clock Summary
| -------------
------------------------------------------------------------------------------------------------

Clock    Waveform(ns)       Period(ns)      Frequency(MHz)
-----    ------------       ----------      --------------
sys_clk  {0.000 5.000}      10.000          100.000         


------------------------------------------------------------------------------------------------
| Intra Clock Table
| -----------------
------------------------------------------------------------------------------------------------

Clock             WNS(ns)      TNS(ns)  TNS Failing Endpoints  TNS Total Endpoints     WPWS(ns)     TPWS(ns)  TPWS Failing Endpoints  TPWS Total Endpoints  
-----             -------      -------  ---------------------  -------------------     --------     --------  ----------------------  --------------------  
sys_clk             1.475        0.000                      0                   64        4.600        0.000                       0                   129  


------------------------------------------------------------------------------------------------
| Inter Clock Table
| -----------------
------------------------------------------------------------------------------------------------

From Clock    To Clock          WNS(ns)      TNS(ns)  TNS Failing Endpoints  TNS Total Endpoints  
----------    --------          -------      -------  ---------------------  -------------------  


------------------------------------------------------------------------------------------------
| Other Path Groups Table
| -----------------------
------------------------------------------------------------------------------------------------

Path Group    From Clock    To Clock          WNS(ns)      TNS(ns)  TNS Failing Endpoints  TNS Total Endpoints  
----------    ----------    --------          -------      -------  ---------------------  -------------------  


------------------------------------------------------------------------------------------------
| Timing Details
| --------------
------------------------------------------------------------------------------------------------


---------------------------------------------------------------------------------------------------
From Clock:  sys_clk
  To Clock:  sys_clk

Setup :            0  Failing Endpoints,  Worst Slack        1.475ns,  Total Violation        0.000ns
Hold  :           NA  Failing Endpoints,  Worst Slack           NA  ,  Total Violation           NA
PW    :            0  Failing Endpoints,  Worst Slack        4.600ns,  Total Violation        0.000ns
---------------------------------------------------------------------------------------------------


Max Delay Paths
--------------------------------------------------------------------------------------
Slack (MET) :             1.475ns  (required time - arrival time)
  Source:                 a_reg_reg[28]/C
                            (rising edge-triggered cell FDRE clocked by sys_clk  {rise@0.000ns fall@5.000ns period=10.000ns})
  Destination:            product_out_reg[61]/D
                            (rising edge-triggered cell FDRE clocked by sys_clk  {rise@0.000ns fall@5.000ns period=10.000ns})
  Path Group:             sys_clk
  Path Type:              Setup (Max at Slow Process Corner)
  Requirement:            10.000ns  (sys_clk rise@10.000ns - sys_clk rise@0.000ns)
  Data Path Delay:        8.455ns  (logic 2.979ns (35.232%)  route 5.476ns (64.768%))
  Logic Levels:           17  (CARRY4=12 LUT3=4 LUT4=1)
  Clock Path Skew:        -0.085ns (DCD - SCD + CPR)
    Destination Clock Delay (DCD):    3.999ns = ( 13.999 - 10.000 ) 
    Source Clock Delay      (SCD):    4.339ns
    Clock Pessimism Removal (CPR):    0.254ns
  Clock Uncertainty:      0.035ns  ((TSJ^2 + TIJ^2)^1/2 + DJ) / 2 + PE
    Total System Jitter     (TSJ):    0.071ns
    Total Input Jitter      (TIJ):    0.000ns
    Discrete Jitter          (DJ):    0.000ns
    Phase Error              (PE):    0.000ns

    Location             Delay type                Incr(ns)  Path(ns)    Netlist Resource(s)
  -------------------------------------------------------------------    -------------------
                         (clock sys_clk rise edge)    0.000     0.000 r  
    AD23                                              0.000     0.000 r  clk (IN)
                         net (fo=0)                   0.000     0.000    clk
    AD23                 IBUF (Prop_ibuf_I_O)         0.873     0.873 r  clk_IBUF_inst/O
                         net (fo=1, routed)           1.830     2.703    clk_IBUF
    BUFGCTRL_X0Y0        BUFG (Prop_bufg_I_O)         0.120     2.823 r  clk_IBUF_BUFG_inst/O
                         net (fo=128, routed)         1.516     4.339    clk_IBUF_BUFG
    SLICE_X5Y88          FDRE                                         r  a_reg_reg[28]/C
  -------------------------------------------------------------------    -------------------
    SLICE_X5Y88          FDRE (Prop_fdre_C_Q)         0.269     4.608 f  a_reg_reg[28]/Q
                         net (fo=69, routed)          1.399     6.007    dut/GEN_VEDIC.u_mul/u1/a_reg[12]
    SLICE_X26Y89         LUT4 (Prop_lut4_I0_O)        0.065     6.072 r  dut/GEN_VEDIC.u_mul/u1/product__0_carry__0_i_103__0/O
                         net (fo=3, routed)           0.281     6.352    dut/GEN_VEDIC.u_mul/u1/u1/u1/p0_7[2]
    SLICE_X27Y89         LUT3 (Prop_lut3_I2_O)        0.168     6.520 r  dut/GEN_VEDIC.u_mul/u1/product__0_carry__0_i_55__0/O
                         net (fo=1, routed)           0.572     7.092    dut/GEN_VEDIC.u_mul/u1/product__0_carry__0_i_55__0_n_0
    SLICE_X27Y87         CARRY4 (Prop_carry4_DI[1]_CO[3])
                                                      0.302     7.394 r  dut/GEN_VEDIC.u_mul/u1/product__0_carry__0_i_29__0/CO[3]
                         net (fo=1, routed)           0.000     7.394    dut/GEN_VEDIC.u_mul/u1/product__0_carry__0_i_29__0_n_0
    SLICE_X27Y88         CARRY4 (Prop_carry4_CI_O[0])
                                                      0.139     7.533 r  dut/GEN_VEDIC.u_mul/u1/product__0_carry__1_i_37__0/O[0]
                         net (fo=3, routed)           0.592     8.125    dut/GEN_VEDIC.u_mul/u1/u1/p1_6[6]
    SLICE_X25Y87         LUT3 (Prop_lut3_I0_O)        0.155     8.280 r  dut/GEN_VEDIC.u_mul/u1/product__0_carry__1_i_14__0/O
                         net (fo=1, routed)           0.363     8.643    dut/GEN_VEDIC.u_mul/u1/product__0_carry__1_i_14__0_n_0
    SLICE_X26Y87         CARRY4 (Prop_carry4_DI[3]_CO[3])
                                                      0.234     8.877 r  dut/GEN_VEDIC.u_mul/u1/product__0_carry__1_i_9__0/CO[3]
                         net (fo=1, routed)           0.000     8.877    dut/GEN_VEDIC.u_mul/u1/product__0_carry__1_i_9__0_n_0
    SLICE_X26Y88         CARRY4 (Prop_carry4_CI_O[1])
                                                      0.212     9.089 r  dut/GEN_VEDIC.u_mul/u1/product__0_carry__2_i_9__0/O[1]
                         net (fo=3, routed)           0.723     9.813    dut/GEN_VEDIC.u_mul/u1/p1[13]
    SLICE_X20Y88         LUT3 (Prop_lut3_I0_O)        0.155     9.968 r  dut/GEN_VEDIC.u_mul/u1/product__0_carry__2_i_2/O
                         net (fo=1, routed)           0.430    10.398    dut/GEN_VEDIC.u_mul/u1/product__0_carry__2_i_2_n_0
    SLICE_X21Y88         CARRY4 (Prop_carry4_DI[2]_CO[3])
                                                      0.239    10.637 r  dut/GEN_VEDIC.u_mul/u1/product__0_carry__2/CO[3]
                         net (fo=1, routed)           0.000    10.637    dut/GEN_VEDIC.u_mul/u1/product__0_carry__2_n_0
    SLICE_X21Y89         CARRY4 (Prop_carry4_CI_O[0])
                                                      0.139    10.776 r  dut/GEN_VEDIC.u_mul/u1/product__0_carry__3/O[0]
                         net (fo=3, routed)           0.686    11.462    dut/GEN_VEDIC.u_mul/u1/p_0_in[16]
    SLICE_X8Y88          LUT3 (Prop_lut3_I0_O)        0.155    11.617 r  dut/GEN_VEDIC.u_mul/u1/product_out[43]_i_4/O
                         net (fo=1, routed)           0.430    12.047    dut/GEN_VEDIC.u_mul/u1/product_out[43]_i_4_n_0
    SLICE_X9Y88          CARRY4 (Prop_carry4_DI[1]_CO[3])
                                                      0.302    12.349 r  dut/GEN_VEDIC.u_mul/u1/product_out_reg[43]_i_1/CO[3]
                         net (fo=1, routed)           0.000    12.349    dut/GEN_VEDIC.u_mul/u1/product_out_reg[43]_i_1_n_0
    SLICE_X9Y89          CARRY4 (Prop_carry4_CI_CO[3])
                                                      0.058    12.407 r  dut/GEN_VEDIC.u_mul/u1/product_out_reg[47]_i_1/CO[3]
                         net (fo=1, routed)           0.000    12.407    dut/GEN_VEDIC.u_mul/u3/product_out_reg[51][0]
    SLICE_X9Y90          CARRY4 (Prop_carry4_CI_CO[3])
                                                      0.058    12.465 r  dut/GEN_VEDIC.u_mul/u3/product_out_reg[51]_i_1/CO[3]
                         net (fo=1, routed)           0.000    12.465    dut/GEN_VEDIC.u_mul/u3/product_out_reg[51]_i_1_n_0
    SLICE_X9Y91          CARRY4 (Prop_carry4_CI_CO[3])
                                                      0.058    12.523 r  dut/GEN_VEDIC.u_mul/u3/product_out_reg[55]_i_1/CO[3]
                         net (fo=1, routed)           0.000    12.523    dut/GEN_VEDIC.u_mul/u3/product_out_reg[55]_i_1_n_0
    SLICE_X9Y92          CARRY4 (Prop_carry4_CI_CO[3])
                                                      0.058    12.581 r  dut/GEN_VEDIC.u_mul/u3/product_out_reg[59]_i_1/CO[3]
                         net (fo=1, routed)           0.000    12.581    dut/GEN_VEDIC.u_mul/u3/product_out_reg[59]_i_1_n_0
    SLICE_X9Y93          CARRY4 (Prop_carry4_CI_O[1])
                                                      0.213    12.794 r  dut/GEN_VEDIC.u_mul/u3/product_out_reg[63]_i_1/O[1]
                         net (fo=1, routed)           0.000    12.794    product_comb[61]
    SLICE_X9Y93          FDRE                                         r  product_out_reg[61]/D
  -------------------------------------------------------------------    -------------------

                         (clock sys_clk rise edge)   10.000    10.000 r  
    AD23                                              0.000    10.000 r  clk (IN)
                         net (fo=0)                   0.000    10.000    clk
    AD23                 IBUF (Prop_ibuf_I_O)         0.796    10.796 r  clk_IBUF_inst/O
                         net (fo=1, routed)           1.741    12.537    clk_IBUF
    BUFGCTRL_X0Y0        BUFG (Prop_bufg_I_O)         0.113    12.650 r  clk_IBUF_BUFG_inst/O
                         net (fo=128, routed)         1.349    13.999    clk_IBUF_BUFG
    SLICE_X9Y93          FDRE                                         r  product_out_reg[61]/C
                         clock pessimism              0.254    14.254    
                         clock uncertainty           -0.035    14.218    
    SLICE_X9Y93          FDRE (Setup_fdre_C_D)        0.051    14.269    product_out_reg[61]
  -------------------------------------------------------------------
                         required time                         14.269    
                         arrival time                         -12.794    
  -------------------------------------------------------------------
                         slack                                  1.475    

Slack (MET) :             1.509ns  (required time - arrival time)
  Source:                 a_reg_reg[28]/C
                            (rising edge-triggered cell FDRE clocked by sys_clk  {rise@0.000ns fall@5.000ns period=10.000ns})
  Destination:            product_out_reg[63]/D
                            (rising edge-triggered cell FDRE clocked by sys_clk  {rise@0.000ns fall@5.000ns period=10.000ns})
  Path Group:             sys_clk
  Path Type:              Setup (Max at Slow Process Corner)
  Requirement:            10.000ns  (sys_clk rise@10.000ns - sys_clk rise@0.000ns)
  Data Path Delay:        8.421ns  (logic 2.945ns (34.970%)  route 5.476ns (65.030%))
  Logic Levels:           17  (CARRY4=12 LUT3=4 LUT4=1)
  Clock Path Skew:        -0.085ns (DCD - SCD + CPR)
    Destination Clock Delay (DCD):    3.999ns = ( 13.999 - 10.000 ) 
    Source Clock Delay      (SCD):    4.339ns
    Clock Pessimism Removal (CPR):    0.254ns
  Clock Uncertainty:      0.035ns  ((TSJ^2 + TIJ^2)^1/2 + DJ) / 2 + PE
    Total System Jitter     (TSJ):    0.071ns
    Total Input Jitter      (TIJ):    0.000ns
    Discrete Jitter          (DJ):    0.000ns
    Phase Error              (PE):    0.000ns

    Location             Delay type                Incr(ns)  Path(ns)    Netlist Resource(s)
  -------------------------------------------------------------------    -------------------
                         (clock sys_clk rise edge)    0.000     0.000 r  
    AD23                                              0.000     0.000 r  clk (IN)
                         net (fo=0)                   0.000     0.000    clk
    AD23                 IBUF (Prop_ibuf_I_O)         0.873     0.873 r  clk_IBUF_inst/O
                         net (fo=1, routed)           1.830     2.703    clk_IBUF
    BUFGCTRL_X0Y0        BUFG (Prop_bufg_I_O)         0.120     2.823 r  clk_IBUF_BUFG_inst/O
                         net (fo=128, routed)         1.516     4.339    clk_IBUF_BUFG
    SLICE_X5Y88          FDRE                                         r  a_reg_reg[28]/C
  -------------------------------------------------------------------    -------------------
    SLICE_X5Y88          FDRE (Prop_fdre_C_Q)         0.269     4.608 f  a_reg_reg[28]/Q
                         net (fo=69, routed)          1.399     6.007    dut/GEN_VEDIC.u_mul/u1/a_reg[12]
    SLICE_X26Y89         LUT4 (Prop_lut4_I0_O)        0.065     6.072 r  dut/GEN_VEDIC.u_mul/u1/product__0_carry__0_i_103__0/O
                         net (fo=3, routed)           0.281     6.352    dut/GEN_VEDIC.u_mul/u1/u1/u1/p0_7[2]
    SLICE_X27Y89         LUT3 (Prop_lut3_I2_O)        0.168     6.520 r  dut/GEN_VEDIC.u_mul/u1/product__0_carry__0_i_55__0/O
                         net (fo=1, routed)           0.572     7.092    dut/GEN_VEDIC.u_mul/u1/product__0_carry__0_i_55__0_n_0
    SLICE_X27Y87         CARRY4 (Prop_carry4_DI[1]_CO[3])
                                                      0.302     7.394 r  dut/GEN_VEDIC.u_mul/u1/product__0_carry__0_i_29__0/CO[3]
                         net (fo=1, routed)           0.000     7.394    dut/GEN_VEDIC.u_mul/u1/product__0_carry__0_i_29__0_n_0
    SLICE_X27Y88         CARRY4 (Prop_carry4_CI_O[0])
                                                      0.139     7.533 r  dut/GEN_VEDIC.u_mul/u1/product__0_carry__1_i_37__0/O[0]
                         net (fo=3, routed)           0.592     8.125    dut/GEN_VEDIC.u_mul/u1/u1/p1_6[6]
    SLICE_X25Y87         LUT3 (Prop_lut3_I0_O)        0.155     8.280 r  dut/GEN_VEDIC.u_mul/u1/product__0_carry__1_i_14__0/O
                         net (fo=1, routed)           0.363     8.643    dut/GEN_VEDIC.u_mul/u1/product__0_carry__1_i_14__0_n_0
    SLICE_X26Y87         CARRY4 (Prop_carry4_DI[3]_CO[3])
                                                      0.234     8.877 r  dut/GEN_VEDIC.u_mul/u1/product__0_carry__1_i_9__0/CO[3]
                         net (fo=1, routed)           0.000     8.877    dut/GEN_VEDIC.u_mul/u1/product__0_carry__1_i_9__0_n_0
    SLICE_X26Y88         CARRY4 (Prop_carry4_CI_O[1])
                                                      0.212     9.089 r  dut/GEN_VEDIC.u_mul/u1/product__0_carry__2_i_9__0/O[1]
                         net (fo=3, routed)           0.723     9.813    dut/GEN_VEDIC.u_mul/u1/p1[13]
    SLICE_X20Y88         LUT3 (Prop_lut3_I0_O)        0.155     9.968 r  dut/GEN_VEDIC.u_mul/u1/product__0_carry__2_i_2/O
                         net (fo=1, routed)           0.430    10.398    dut/GEN_VEDIC.u_mul/u1/product__0_carry__2_i_2_n_0
    SLICE_X21Y88         CARRY4 (Prop_carry4_DI[2]_CO[3])
                                                      0.239    10.637 r  dut/GEN_VEDIC.u_mul/u1/product__0_carry__2/CO[3]
                         net (fo=1, routed)           0.000    10.637    dut/GEN_VEDIC.u_mul/u1/product__0_carry__2_n_0
    SLICE_X21Y89         CARRY4 (Prop_carry4_CI_O[0])
                                                      0.139    10.776 r  dut/GEN_VEDIC.u_mul/u1/product__0_carry__3/O[0]
                         net (fo=3, routed)           0.686    11.462    dut/GEN_VEDIC.u_mul/u1/p_0_in[16]
    SLICE_X8Y88          LUT3 (Prop_lut3_I0_O)        0.155    11.617 r  dut/GEN_VEDIC.u_mul/u1/product_out[43]_i_4/O
                         net (fo=1, routed)           0.430    12.047    dut/GEN_VEDIC.u_mul/u1/product_out[43]_i_4_n_0
    SLICE_X9Y88          CARRY4 (Prop_carry4_DI[1]_CO[3])
                                                      0.302    12.349 r  dut/GEN_VEDIC.u_mul/u1/product_out_reg[43]_i_1/CO[3]
                         net (fo=1, routed)           0.000    12.349    dut/GEN_VEDIC.u_mul/u1/product_out_reg[43]_i_1_n_0
    SLICE_X9Y89          CARRY4 (Prop_carry4_CI_CO[3])
                                                      0.058    12.407 r  dut/GEN_VEDIC.u_mul/u1/product_out_reg[47]_i_1/CO[3]
                         net (fo=1, routed)           0.000    12.407    dut/GEN_VEDIC.u_mul/u3/product_out_reg[51][0]
    SLICE_X9Y90          CARRY4 (Prop_carry4_CI_CO[3])
                                                      0.058    12.465 r  dut/GEN_VEDIC.u_mul/u3/product_out_reg[51]_i_1/CO[3]
                         net (fo=1, routed)           0.000    12.465    dut/GEN_VEDIC.u_mul/u3/product_out_reg[51]_i_1_n_0
    SLICE_X9Y91          CARRY4 (Prop_carry4_CI_CO[3])
                                                      0.058    12.523 r  dut/GEN_VEDIC.u_mul/u3/product_out_reg[55]_i_1/CO[3]
                         net (fo=1, routed)           0.000    12.523    dut/GEN_VEDIC.u_mul/u3/product_out_reg[55]_i_1_n_0
    SLICE_X9Y92          CARRY4 (Prop_carry4_CI_CO[3])
                                                      0.058    12.581 r  dut/GEN_VEDIC.u_mul/u3/product_out_reg[59]_i_1/CO[3]
                         net (fo=1, routed)           0.000    12.581    dut/GEN_VEDIC.u_mul/u3/product_out_reg[59]_i_1_n_0
    SLICE_X9Y93          CARRY4 (Prop_carry4_CI_O[3])
                                                      0.179    12.760 r  dut/GEN_VEDIC.u_mul/u3/product_out_reg[63]_i_1/O[3]
                         net (fo=1, routed)           0.000    12.760    product_comb[63]
    SLICE_X9Y93          FDRE                                         r  product_out_reg[63]/D
  -------------------------------------------------------------------    -------------------

                         (clock sys_clk rise edge)   10.000    10.000 r  
    AD23                                              0.000    10.000 r  clk (IN)
                         net (fo=0)                   0.000    10.000    clk
    AD23                 IBUF (Prop_ibuf_I_O)         0.796    10.796 r  clk_IBUF_inst/O
                         net (fo=1, routed)           1.741    12.537    clk_IBUF
    BUFGCTRL_X0Y0        BUFG (Prop_bufg_I_O)         0.113    12.650 r  clk_IBUF_BUFG_inst/O
                         net (fo=128, routed)         1.349    13.999    clk_IBUF_BUFG
    SLICE_X9Y93          FDRE                                         r  product_out_reg[63]/C
                         clock pessimism              0.254    14.254    
                         clock uncertainty           -0.035    14.218    
    SLICE_X9Y93          FDRE (Setup_fdre_C_D)        0.051    14.269    product_out_reg[63]
  -------------------------------------------------------------------
                         required time                         14.269    
                         arrival time                         -12.760    
  -------------------------------------------------------------------
                         slack                                  1.509    

Slack (MET) :             1.533ns  (required time - arrival time)
  Source:                 a_reg_reg[28]/C
                            (rising edge-triggered cell FDRE clocked by sys_clk  {rise@0.000ns fall@5.000ns period=10.000ns})
  Destination:            product_out_reg[57]/D
                            (rising edge-triggered cell FDRE clocked by sys_clk  {rise@0.000ns fall@5.000ns period=10.000ns})
  Path Group:             sys_clk
  Path Type:              Setup (Max at Slow Process Corner)
  Requirement:            10.000ns  (sys_clk rise@10.000ns - sys_clk rise@0.000ns)
  Data Path Delay:        8.397ns  (logic 2.921ns (34.784%)  route 5.476ns (65.216%))
  Logic Levels:           16  (CARRY4=11 LUT3=4 LUT4=1)
  Clock Path Skew:        -0.085ns (DCD - SCD + CPR)
    Destination Clock Delay (DCD):    3.999ns = ( 13.999 - 10.000 ) 
    Source Clock Delay      (SCD):    4.339ns
    Clock Pessimism Removal (CPR):    0.254ns
  Clock Uncertainty:      0.035ns  ((TSJ^2 + TIJ^2)^1/2 + DJ) / 2 + PE
    Total System Jitter     (TSJ):    0.071ns
    Total Input Jitter      (TIJ):    0.000ns
    Discrete Jitter          (DJ):    0.000ns
    Phase Error              (PE):    0.000ns

    Location             Delay type                Incr(ns)  Path(ns)    Netlist Resource(s)
  -------------------------------------------------------------------    -------------------
                         (clock sys_clk rise edge)    0.000     0.000 r  
    AD23                                              0.000     0.000 r  clk (IN)
                         net (fo=0)                   0.000     0.000    clk
    AD23                 IBUF (Prop_ibuf_I_O)         0.873     0.873 r  clk_IBUF_inst/O
                         net (fo=1, routed)           1.830     2.703    clk_IBUF
    BUFGCTRL_X0Y0        BUFG (Prop_bufg_I_O)         0.120     2.823 r  clk_IBUF_BUFG_inst/O
                         net (fo=128, routed)         1.516     4.339    clk_IBUF_BUFG
    SLICE_X5Y88          FDRE                                         r  a_reg_reg[28]/C
  -------------------------------------------------------------------    -------------------
    SLICE_X5Y88          FDRE (Prop_fdre_C_Q)         0.269     4.608 f  a_reg_reg[28]/Q
                         net (fo=69, routed)          1.399     6.007    dut/GEN_VEDIC.u_mul/u1/a_reg[12]
    SLICE_X26Y89         LUT4 (Prop_lut4_I0_O)        0.065     6.072 r  dut/GEN_VEDIC.u_mul/u1/product__0_carry__0_i_103__0/O
                         net (fo=3, routed)           0.281     6.352    dut/GEN_VEDIC.u_mul/u1/u1/u1/p0_7[2]
    SLICE_X27Y89         LUT3 (Prop_lut3_I2_O)        0.168     6.520 r  dut/GEN_VEDIC.u_mul/u1/product__0_carry__0_i_55__0/O
                         net (fo=1, routed)           0.572     7.092    dut/GEN_VEDIC.u_mul/u1/product__0_carry__0_i_55__0_n_0
    SLICE_X27Y87         CARRY4 (Prop_carry4_DI[1]_CO[3])
                                                      0.302     7.394 r  dut/GEN_VEDIC.u_mul/u1/product__0_carry__0_i_29__0/CO[3]
                         net (fo=1, routed)           0.000     7.394    dut/GEN_VEDIC.u_mul/u1/product__0_carry__0_i_29__0_n_0
    SLICE_X27Y88         CARRY4 (Prop_carry4_CI_O[0])
                                                      0.139     7.533 r  dut/GEN_VEDIC.u_mul/u1/product__0_carry__1_i_37__0/O[0]
                         net (fo=3, routed)           0.592     8.125    dut/GEN_VEDIC.u_mul/u1/u1/p1_6[6]
    SLICE_X25Y87         LUT3 (Prop_lut3_I0_O)        0.155     8.280 r  dut/GEN_VEDIC.u_mul/u1/product__0_carry__1_i_14__0/O
                         net (fo=1, routed)           0.363     8.643    dut/GEN_VEDIC.u_mul/u1/product__0_carry__1_i_14__0_n_0
    SLICE_X26Y87         CARRY4 (Prop_carry4_DI[3]_CO[3])
                                                      0.234     8.877 r  dut/GEN_VEDIC.u_mul/u1/product__0_carry__1_i_9__0/CO[3]
                         net (fo=1, routed)           0.000     8.877    dut/GEN_VEDIC.u_mul/u1/product__0_carry__1_i_9__0_n_0
    SLICE_X26Y88         CARRY4 (Prop_carry4_CI_O[1])
                                                      0.212     9.089 r  dut/GEN_VEDIC.u_mul/u1/product__0_carry__2_i_9__0/O[1]
                         net (fo=3, routed)           0.723     9.813    dut/GEN_VEDIC.u_mul/u1/p1[13]
    SLICE_X20Y88         LUT3 (Prop_lut3_I0_O)        0.155     9.968 r  dut/GEN_VEDIC.u_mul/u1/product__0_carry__2_i_2/O
                         net (fo=1, routed)           0.430    10.398    dut/GEN_VEDIC.u_mul/u1/product__0_carry__2_i_2_n_0
    SLICE_X21Y88         CARRY4 (Prop_carry4_DI[2]_CO[3])
                                                      0.239    10.637 r  dut/GEN_VEDIC.u_mul/u1/product__0_carry__2/CO[3]
                         net (fo=1, routed)           0.000    10.637    dut/GEN_VEDIC.u_mul/u1/product__0_carry__2_n_0
    SLICE_X21Y89         CARRY4 (Prop_carry4_CI_O[0])
                                                      0.139    10.776 r  dut/GEN_VEDIC.u_mul/u1/product__0_carry__3/O[0]
                         net (fo=3, routed)           0.686    11.462    dut/GEN_VEDIC.u_mul/u1/p_0_in[16]
    SLICE_X8Y88          LUT3 (Prop_lut3_I0_O)        0.155    11.617 r  dut/GEN_VEDIC.u_mul/u1/product_out[43]_i_4/O
                         net (fo=1, routed)           0.430    12.047    dut/GEN_VEDIC.u_mul/u1/product_out[43]_i_4_n_0
    SLICE_X9Y88          CARRY4 (Prop_carry4_DI[1]_CO[3])
                                                      0.302    12.349 r  dut/GEN_VEDIC.u_mul/u1/product_out_reg[43]_i_1/CO[3]
                         net (fo=1, routed)           0.000    12.349    dut/GEN_VEDIC.u_mul/u1/product_out_reg[43]_i_1_n_0
    SLICE_X9Y89          CARRY4 (Prop_carry4_CI_CO[3])
                                                      0.058    12.407 r  dut/GEN_VEDIC.u_mul/u1/product_out_reg[47]_i_1/CO[3]
                         net (fo=1, routed)           0.000    12.407    dut/GEN_VEDIC.u_mul/u3/product_out_reg[51][0]
    SLICE_X9Y90          CARRY4 (Prop_carry4_CI_CO[3])
                                                      0.058    12.465 r  dut/GEN_VEDIC.u_mul/u3/product_out_reg[51]_i_1/CO[3]
                         net (fo=1, routed)           0.000    12.465    dut/GEN_VEDIC.u_mul/u3/product_out_reg[51]_i_1_n_0
    SLICE_X9Y91          CARRY4 (Prop_carry4_CI_CO[3])
                                                      0.058    12.523 r  dut/GEN_VEDIC.u_mul/u3/product_out_reg[55]_i_1/CO[3]
                         net (fo=1, routed)           0.000    12.523    dut/GEN_VEDIC.u_mul/u3/product_out_reg[55]_i_1_n_0
    SLICE_X9Y92          CARRY4 (Prop_carry4_CI_O[1])
                                                      0.213    12.736 r  dut/GEN_VEDIC.u_mul/u3/product_out_reg[59]_i_1/O[1]
                         net (fo=1, routed)           0.000    12.736    product_comb[57]
    SLICE_X9Y92          FDRE                                         r  product_out_reg[57]/D
  -------------------------------------------------------------------    -------------------

                         (clock sys_clk rise edge)   10.000    10.000 r  
    AD23                                              0.000    10.000 r  clk (IN)
                         net (fo=0)                   0.000    10.000    clk
    AD23                 IBUF (Prop_ibuf_I_O)         0.796    10.796 r  clk_IBUF_inst/O
                         net (fo=1, routed)           1.741    12.537    clk_IBUF
    BUFGCTRL_X0Y0        BUFG (Prop_bufg_I_O)         0.113    12.650 r  clk_IBUF_BUFG_inst/O
                         net (fo=128, routed)         1.349    13.999    clk_IBUF_BUFG
    SLICE_X9Y92          FDRE                                         r  product_out_reg[57]/C
                         clock pessimism              0.254    14.254    
                         clock uncertainty           -0.035    14.218    
    SLICE_X9Y92          FDRE (Setup_fdre_C_D)        0.051    14.269    product_out_reg[57]
  -------------------------------------------------------------------
                         required time                         14.269    
                         arrival time                         -12.736    
  -------------------------------------------------------------------
                         slack                                  1.533    

Slack (MET) :             1.549ns  (required time - arrival time)
  Source:                 a_reg_reg[28]/C
                            (rising edge-triggered cell FDRE clocked by sys_clk  {rise@0.000ns fall@5.000ns period=10.000ns})
  Destination:            product_out_reg[60]/D
                            (rising edge-triggered cell FDRE clocked by sys_clk  {rise@0.000ns fall@5.000ns period=10.000ns})
  Path Group:             sys_clk
  Path Type:              Setup (Max at Slow Process Corner)
  Requirement:            10.000ns  (sys_clk rise@10.000ns - sys_clk rise@0.000ns)
  Data Path Delay:        8.381ns  (logic 2.905ns (34.660%)  route 5.476ns (65.340%))
  Logic Levels:           17  (CARRY4=12 LUT3=4 LUT4=1)
  Clock Path Skew:        -0.085ns (DCD - SCD + CPR)
    Destination Clock Delay (DCD):    3.999ns = ( 13.999 - 10.000 ) 
    Source Clock Delay      (SCD):    4.339ns
    Clock Pessimism Removal (CPR):    0.254ns
  Clock Uncertainty:      0.035ns  ((TSJ^2 + TIJ^2)^1/2 + DJ) / 2 + PE
    Total System Jitter     (TSJ):    0.071ns
    Total Input Jitter      (TIJ):    0.000ns
    Discrete Jitter          (DJ):    0.000ns
    Phase Error              (PE):    0.000ns

    Location             Delay type                Incr(ns)  Path(ns)    Netlist Resource(s)
  -------------------------------------------------------------------    -------------------
                         (clock sys_clk rise edge)    0.000     0.000 r  
    AD23                                              0.000     0.000 r  clk (IN)
                         net (fo=0)                   0.000     0.000    clk
    AD23                 IBUF (Prop_ibuf_I_O)         0.873     0.873 r  clk_IBUF_inst/O
                         net (fo=1, routed)           1.830     2.703    clk_IBUF
    BUFGCTRL_X0Y0        BUFG (Prop_bufg_I_O)         0.120     2.823 r  clk_IBUF_BUFG_inst/O
                         net (fo=128, routed)         1.516     4.339    clk_IBUF_BUFG
    SLICE_X5Y88          FDRE                                         r  a_reg_reg[28]/C
  -------------------------------------------------------------------    -------------------
    SLICE_X5Y88          FDRE (Prop_fdre_C_Q)         0.269     4.608 f  a_reg_reg[28]/Q
                         net (fo=69, routed)          1.399     6.007    dut/GEN_VEDIC.u_mul/u1/a_reg[12]
    SLICE_X26Y89         LUT4 (Prop_lut4_I0_O)        0.065     6.072 r  dut/GEN_VEDIC.u_mul/u1/product__0_carry__0_i_103__0/O
                         net (fo=3, routed)           0.281     6.352    dut/GEN_VEDIC.u_mul/u1/u1/u1/p0_7[2]
    SLICE_X27Y89         LUT3 (Prop_lut3_I2_O)        0.168     6.520 r  dut/GEN_VEDIC.u_mul/u1/product__0_carry__0_i_55__0/O
                         net (fo=1, routed)           0.572     7.092    dut/GEN_VEDIC.u_mul/u1/product__0_carry__0_i_55__0_n_0
    SLICE_X27Y87         CARRY4 (Prop_carry4_DI[1]_CO[3])
                                                      0.302     7.394 r  dut/GEN_VEDIC.u_mul/u1/product__0_carry__0_i_29__0/CO[3]
                         net (fo=1, routed)           0.000     7.394    dut/GEN_VEDIC.u_mul/u1/product__0_carry__0_i_29__0_n_0
    SLICE_X27Y88         CARRY4 (Prop_carry4_CI_O[0])
                                                      0.139     7.533 r  dut/GEN_VEDIC.u_mul/u1/product__0_carry__1_i_37__0/O[0]
                         net (fo=3, routed)           0.592     8.125    dut/GEN_VEDIC.u_mul/u1/u1/p1_6[6]
    SLICE_X25Y87         LUT3 (Prop_lut3_I0_O)        0.155     8.280 r  dut/GEN_VEDIC.u_mul/u1/product__0_carry__1_i_14__0/O
                         net (fo=1, routed)           0.363     8.643    dut/GEN_VEDIC.u_mul/u1/product__0_carry__1_i_14__0_n_0
    SLICE_X26Y87         CARRY4 (Prop_carry4_DI[3]_CO[3])
                                                      0.234     8.877 r  dut/GEN_VEDIC.u_mul/u1/product__0_carry__1_i_9__0/CO[3]
                         net (fo=1, routed)           0.000     8.877    dut/GEN_VEDIC.u_mul/u1/product__0_carry__1_i_9__0_n_0
    SLICE_X26Y88         CARRY4 (Prop_carry4_CI_O[1])
                                                      0.212     9.089 r  dut/GEN_VEDIC.u_mul/u1/product__0_carry__2_i_9__0/O[1]
                         net (fo=3, routed)           0.723     9.813    dut/GEN_VEDIC.u_mul/u1/p1[13]
    SLICE_X20Y88         LUT3 (Prop_lut3_I0_O)        0.155     9.968 r  dut/GEN_VEDIC.u_mul/u1/product__0_carry__2_i_2/O
                         net (fo=1, routed)           0.430    10.398    dut/GEN_VEDIC.u_mul/u1/product__0_carry__2_i_2_n_0
    SLICE_X21Y88         CARRY4 (Prop_carry4_DI[2]_CO[3])
                                                      0.239    10.637 r  dut/GEN_VEDIC.u_mul/u1/product__0_carry__2/CO[3]
                         net (fo=1, routed)           0.000    10.637    dut/GEN_VEDIC.u_mul/u1/product__0_carry__2_n_0
    SLICE_X21Y89         CARRY4 (Prop_carry4_CI_O[0])
                                                      0.139    10.776 r  dut/GEN_VEDIC.u_mul/u1/product__0_carry__3/O[0]
                         net (fo=3, routed)           0.686    11.462    dut/GEN_VEDIC.u_mul/u1/p_0_in[16]
    SLICE_X8Y88          LUT3 (Prop_lut3_I0_O)        0.155    11.617 r  dut/GEN_VEDIC.u_mul/u1/product_out[43]_i_4/O
                         net (fo=1, routed)           0.430    12.047    dut/GEN_VEDIC.u_mul/u1/product_out[43]_i_4_n_0
    SLICE_X9Y88          CARRY4 (Prop_carry4_DI[1]_CO[3])
                                                      0.302    12.349 r  dut/GEN_VEDIC.u_mul/u1/product_out_reg[43]_i_1/CO[3]
                         net (fo=1, routed)           0.000    12.349    dut/GEN_VEDIC.u_mul/u1/product_out_reg[43]_i_1_n_0
    SLICE_X9Y89          CARRY4 (Prop_carry4_CI_CO[3])
                                                      0.058    12.407 r  dut/GEN_VEDIC.u_mul/u1/product_out_reg[47]_i_1/CO[3]
                         net (fo=1, routed)           0.000    12.407    dut/GEN_VEDIC.u_mul/u3/product_out_reg[51][0]
    SLICE_X9Y90          CARRY4 (Prop_carry4_CI_CO[3])
                                                      0.058    12.465 r  dut/GEN_VEDIC.u_mul/u3/product_out_reg[51]_i_1/CO[3]
                         net (fo=1, routed)           0.000    12.465    dut/GEN_VEDIC.u_mul/u3/product_out_reg[51]_i_1_n_0
    SLICE_X9Y91          CARRY4 (Prop_carry4_CI_CO[3])
                                                      0.058    12.523 r  dut/GEN_VEDIC.u_mul/u3/product_out_reg[55]_i_1/CO[3]
                         net (fo=1, routed)           0.000    12.523    dut/GEN_VEDIC.u_mul/u3/product_out_reg[55]_i_1_n_0
    SLICE_X9Y92          CARRY4 (Prop_carry4_CI_CO[3])
                                                      0.058    12.581 r  dut/GEN_VEDIC.u_mul/u3/product_out_reg[59]_i_1/CO[3]
                         net (fo=1, routed)           0.000    12.581    dut/GEN_VEDIC.u_mul/u3/product_out_reg[59]_i_1_n_0
    SLICE_X9Y93          CARRY4 (Prop_carry4_CI_O[0])
                                                      0.139    12.720 r  dut/GEN_VEDIC.u_mul/u3/product_out_reg[63]_i_1/O[0]
                         net (fo=1, routed)           0.000    12.720    product_comb[60]
    SLICE_X9Y93          FDRE                                         r  product_out_reg[60]/D
  -------------------------------------------------------------------    -------------------

                         (clock sys_clk rise edge)   10.000    10.000 r  
    AD23                                              0.000    10.000 r  clk (IN)
                         net (fo=0)                   0.000    10.000    clk
    AD23                 IBUF (Prop_ibuf_I_O)         0.796    10.796 r  clk_IBUF_inst/O
                         net (fo=1, routed)           1.741    12.537    clk_IBUF
    BUFGCTRL_X0Y0        BUFG (Prop_bufg_I_O)         0.113    12.650 r  clk_IBUF_BUFG_inst/O
                         net (fo=128, routed)         1.349    13.999    clk_IBUF_BUFG
    SLICE_X9Y93          FDRE                                         r  product_out_reg[60]/C
                         clock pessimism              0.254    14.254    
                         clock uncertainty           -0.035    14.218    
    SLICE_X9Y93          FDRE (Setup_fdre_C_D)        0.051    14.269    product_out_reg[60]
  -------------------------------------------------------------------
                         required time                         14.269    
                         arrival time                         -12.720    
  -------------------------------------------------------------------
                         slack                                  1.549    

Slack (MET) :             1.552ns  (required time - arrival time)
  Source:                 a_reg_reg[28]/C
                            (rising edge-triggered cell FDRE clocked by sys_clk  {rise@0.000ns fall@5.000ns period=10.000ns})
  Destination:            product_out_reg[62]/D
                            (rising edge-triggered cell FDRE clocked by sys_clk  {rise@0.000ns fall@5.000ns period=10.000ns})
  Path Group:             sys_clk
  Path Type:              Setup (Max at Slow Process Corner)
  Requirement:            10.000ns  (sys_clk rise@10.000ns - sys_clk rise@0.000ns)
  Data Path Delay:        8.378ns  (logic 2.902ns (34.636%)  route 5.476ns (65.364%))
  Logic Levels:           17  (CARRY4=12 LUT3=4 LUT4=1)
  Clock Path Skew:        -0.085ns (DCD - SCD + CPR)
    Destination Clock Delay (DCD):    3.999ns = ( 13.999 - 10.000 ) 
    Source Clock Delay      (SCD):    4.339ns
    Clock Pessimism Removal (CPR):    0.254ns
  Clock Uncertainty:      0.035ns  ((TSJ^2 + TIJ^2)^1/2 + DJ) / 2 + PE
    Total System Jitter     (TSJ):    0.071ns
    Total Input Jitter      (TIJ):    0.000ns
    Discrete Jitter          (DJ):    0.000ns
    Phase Error              (PE):    0.000ns

    Location             Delay type                Incr(ns)  Path(ns)    Netlist Resource(s)
  -------------------------------------------------------------------    -------------------
                         (clock sys_clk rise edge)    0.000     0.000 r  
    AD23                                              0.000     0.000 r  clk (IN)
                         net (fo=0)                   0.000     0.000    clk
    AD23                 IBUF (Prop_ibuf_I_O)         0.873     0.873 r  clk_IBUF_inst/O
                         net (fo=1, routed)           1.830     2.703    clk_IBUF
    BUFGCTRL_X0Y0        BUFG (Prop_bufg_I_O)         0.120     2.823 r  clk_IBUF_BUFG_inst/O
                         net (fo=128, routed)         1.516     4.339    clk_IBUF_BUFG
    SLICE_X5Y88          FDRE                                         r  a_reg_reg[28]/C
  -------------------------------------------------------------------    -------------------
    SLICE_X5Y88          FDRE (Prop_fdre_C_Q)         0.269     4.608 f  a_reg_reg[28]/Q
                         net (fo=69, routed)          1.399     6.007    dut/GEN_VEDIC.u_mul/u1/a_reg[12]
    SLICE_X26Y89         LUT4 (Prop_lut4_I0_O)        0.065     6.072 r  dut/GEN_VEDIC.u_mul/u1/product__0_carry__0_i_103__0/O
                         net (fo=3, routed)           0.281     6.352    dut/GEN_VEDIC.u_mul/u1/u1/u1/p0_7[2]
    SLICE_X27Y89         LUT3 (Prop_lut3_I2_O)        0.168     6.520 r  dut/GEN_VEDIC.u_mul/u1/product__0_carry__0_i_55__0/O
                         net (fo=1, routed)           0.572     7.092    dut/GEN_VEDIC.u_mul/u1/product__0_carry__0_i_55__0_n_0
    SLICE_X27Y87         CARRY4 (Prop_carry4_DI[1]_CO[3])
                                                      0.302     7.394 r  dut/GEN_VEDIC.u_mul/u1/product__0_carry__0_i_29__0/CO[3]
                         net (fo=1, routed)           0.000     7.394    dut/GEN_VEDIC.u_mul/u1/product__0_carry__0_i_29__0_n_0
    SLICE_X27Y88         CARRY4 (Prop_carry4_CI_O[0])
                                                      0.139     7.533 r  dut/GEN_VEDIC.u_mul/u1/product__0_carry__1_i_37__0/O[0]
                         net (fo=3, routed)           0.592     8.125    dut/GEN_VEDIC.u_mul/u1/u1/p1_6[6]
    SLICE_X25Y87         LUT3 (Prop_lut3_I0_O)        0.155     8.280 r  dut/GEN_VEDIC.u_mul/u1/product__0_carry__1_i_14__0/O
                         net (fo=1, routed)           0.363     8.643    dut/GEN_VEDIC.u_mul/u1/product__0_carry__1_i_14__0_n_0
    SLICE_X26Y87         CARRY4 (Prop_carry4_DI[3]_CO[3])
                                                      0.234     8.877 r  dut/GEN_VEDIC.u_mul/u1/product__0_carry__1_i_9__0/CO[3]
                         net (fo=1, routed)           0.000     8.877    dut/GEN_VEDIC.u_mul/u1/product__0_carry__1_i_9__0_n_0
    SLICE_X26Y88         CARRY4 (Prop_carry4_CI_O[1])
                                                      0.212     9.089 r  dut/GEN_VEDIC.u_mul/u1/product__0_carry__2_i_9__0/O[1]
                         net (fo=3, routed)           0.723     9.813    dut/GEN_VEDIC.u_mul/u1/p1[13]
    SLICE_X20Y88         LUT3 (Prop_lut3_I0_O)        0.155     9.968 r  dut/GEN_VEDIC.u_mul/u1/product__0_carry__2_i_2/O
                         net (fo=1, routed)           0.430    10.398    dut/GEN_VEDIC.u_mul/u1/product__0_carry__2_i_2_n_0
    SLICE_X21Y88         CARRY4 (Prop_carry4_DI[2]_CO[3])
                                                      0.239    10.637 r  dut/GEN_VEDIC.u_mul/u1/product__0_carry__2/CO[3]
                         net (fo=1, routed)           0.000    10.637    dut/GEN_VEDIC.u_mul/u1/product__0_carry__2_n_0
    SLICE_X21Y89         CARRY4 (Prop_carry4_CI_O[0])
                                                      0.139    10.776 r  dut/GEN_VEDIC.u_mul/u1/product__0_carry__3/O[0]
                         net (fo=3, routed)           0.686    11.462    dut/GEN_VEDIC.u_mul/u1/p_0_in[16]
    SLICE_X8Y88          LUT3 (Prop_lut3_I0_O)        0.155    11.617 r  dut/GEN_VEDIC.u_mul/u1/product_out[43]_i_4/O
                         net (fo=1, routed)           0.430    12.047    dut/GEN_VEDIC.u_mul/u1/product_out[43]_i_4_n_0
    SLICE_X9Y88          CARRY4 (Prop_carry4_DI[1]_CO[3])
                                                      0.302    12.349 r  dut/GEN_VEDIC.u_mul/u1/product_out_reg[43]_i_1/CO[3]
                         net (fo=1, routed)           0.000    12.349    dut/GEN_VEDIC.u_mul/u1/product_out_reg[43]_i_1_n_0
    SLICE_X9Y89          CARRY4 (Prop_carry4_CI_CO[3])
                                                      0.058    12.407 r  dut/GEN_VEDIC.u_mul/u1/product_out_reg[47]_i_1/CO[3]
                         net (fo=1, routed)           0.000    12.407    dut/GEN_VEDIC.u_mul/u3/product_out_reg[51][0]
    SLICE_X9Y90          CARRY4 (Prop_carry4_CI_CO[3])
                                                      0.058    12.465 r  dut/GEN_VEDIC.u_mul/u3/product_out_reg[51]_i_1/CO[3]
                         net (fo=1, routed)           0.000    12.465    dut/GEN_VEDIC.u_mul/u3/product_out_reg[51]_i_1_n_0
    SLICE_X9Y91          CARRY4 (Prop_carry4_CI_CO[3])
                                                      0.058    12.523 r  dut/GEN_VEDIC.u_mul/u3/product_out_reg[55]_i_1/CO[3]
                         net (fo=1, routed)           0.000    12.523    dut/GEN_VEDIC.u_mul/u3/product_out_reg[55]_i_1_n_0
    SLICE_X9Y92          CARRY4 (Prop_carry4_CI_CO[3])
                                                      0.058    12.581 r  dut/GEN_VEDIC.u_mul/u3/product_out_reg[59]_i_1/CO[3]
                         net (fo=1, routed)           0.000    12.581    dut/GEN_VEDIC.u_mul/u3/product_out_reg[59]_i_1_n_0
    SLICE_X9Y93          CARRY4 (Prop_carry4_CI_O[2])
                                                      0.136    12.717 r  dut/GEN_VEDIC.u_mul/u3/product_out_reg[63]_i_1/O[2]
                         net (fo=1, routed)           0.000    12.717    product_comb[62]
    SLICE_X9Y93          FDRE                                         r  product_out_reg[62]/D
  -------------------------------------------------------------------    -------------------

                         (clock sys_clk rise edge)   10.000    10.000 r  
    AD23                                              0.000    10.000 r  clk (IN)
                         net (fo=0)                   0.000    10.000    clk
    AD23                 IBUF (Prop_ibuf_I_O)         0.796    10.796 r  clk_IBUF_inst/O
                         net (fo=1, routed)           1.741    12.537    clk_IBUF
    BUFGCTRL_X0Y0        BUFG (Prop_bufg_I_O)         0.113    12.650 r  clk_IBUF_BUFG_inst/O
                         net (fo=128, routed)         1.349    13.999    clk_IBUF_BUFG
    SLICE_X9Y93          FDRE                                         r  product_out_reg[62]/C
                         clock pessimism              0.254    14.254    
                         clock uncertainty           -0.035    14.218    
    SLICE_X9Y93          FDRE (Setup_fdre_C_D)        0.051    14.269    product_out_reg[62]
  -------------------------------------------------------------------
                         required time                         14.269    
                         arrival time                         -12.717    
  -------------------------------------------------------------------
                         slack                                  1.552    

Slack (MET) :             1.567ns  (required time - arrival time)
  Source:                 a_reg_reg[28]/C
                            (rising edge-triggered cell FDRE clocked by sys_clk  {rise@0.000ns fall@5.000ns period=10.000ns})
  Destination:            product_out_reg[59]/D
                            (rising edge-triggered cell FDRE clocked by sys_clk  {rise@0.000ns fall@5.000ns period=10.000ns})
  Path Group:             sys_clk
  Path Type:              Setup (Max at Slow Process Corner)
  Requirement:            10.000ns  (sys_clk rise@10.000ns - sys_clk rise@0.000ns)
  Data Path Delay:        8.363ns  (logic 2.887ns (34.519%)  route 5.476ns (65.481%))
  Logic Levels:           16  (CARRY4=11 LUT3=4 LUT4=1)
  Clock Path Skew:        -0.085ns (DCD - SCD + CPR)
    Destination Clock Delay (DCD):    3.999ns = ( 13.999 - 10.000 ) 
    Source Clock Delay      (SCD):    4.339ns
    Clock Pessimism Removal (CPR):    0.254ns
  Clock Uncertainty:      0.035ns  ((TSJ^2 + TIJ^2)^1/2 + DJ) / 2 + PE
    Total System Jitter     (TSJ):    0.071ns
    Total Input Jitter      (TIJ):    0.000ns
    Discrete Jitter          (DJ):    0.000ns
    Phase Error              (PE):    0.000ns

    Location             Delay type                Incr(ns)  Path(ns)    Netlist Resource(s)
  -------------------------------------------------------------------    -------------------
                         (clock sys_clk rise edge)    0.000     0.000 r  
    AD23                                              0.000     0.000 r  clk (IN)
                         net (fo=0)                   0.000     0.000    clk
    AD23                 IBUF (Prop_ibuf_I_O)         0.873     0.873 r  clk_IBUF_inst/O
                         net (fo=1, routed)           1.830     2.703    clk_IBUF
    BUFGCTRL_X0Y0        BUFG (Prop_bufg_I_O)         0.120     2.823 r  clk_IBUF_BUFG_inst/O
                         net (fo=128, routed)         1.516     4.339    clk_IBUF_BUFG
    SLICE_X5Y88          FDRE                                         r  a_reg_reg[28]/C
  -------------------------------------------------------------------    -------------------
    SLICE_X5Y88          FDRE (Prop_fdre_C_Q)         0.269     4.608 f  a_reg_reg[28]/Q
                         net (fo=69, routed)          1.399     6.007    dut/GEN_VEDIC.u_mul/u1/a_reg[12]
    SLICE_X26Y89         LUT4 (Prop_lut4_I0_O)        0.065     6.072 r  dut/GEN_VEDIC.u_mul/u1/product__0_carry__0_i_103__0/O
                         net (fo=3, routed)           0.281     6.352    dut/GEN_VEDIC.u_mul/u1/u1/u1/p0_7[2]
    SLICE_X27Y89         LUT3 (Prop_lut3_I2_O)        0.168     6.520 r  dut/GEN_VEDIC.u_mul/u1/product__0_carry__0_i_55__0/O
                         net (fo=1, routed)           0.572     7.092    dut/GEN_VEDIC.u_mul/u1/product__0_carry__0_i_55__0_n_0
    SLICE_X27Y87         CARRY4 (Prop_carry4_DI[1]_CO[3])
                                                      0.302     7.394 r  dut/GEN_VEDIC.u_mul/u1/product__0_carry__0_i_29__0/CO[3]
                         net (fo=1, routed)           0.000     7.394    dut/GEN_VEDIC.u_mul/u1/product__0_carry__0_i_29__0_n_0
    SLICE_X27Y88         CARRY4 (Prop_carry4_CI_O[0])
                                                      0.139     7.533 r  dut/GEN_VEDIC.u_mul/u1/product__0_carry__1_i_37__0/O[0]
                         net (fo=3, routed)           0.592     8.125    dut/GEN_VEDIC.u_mul/u1/u1/p1_6[6]
    SLICE_X25Y87         LUT3 (Prop_lut3_I0_O)        0.155     8.280 r  dut/GEN_VEDIC.u_mul/u1/product__0_carry__1_i_14__0/O
                         net (fo=1, routed)           0.363     8.643    dut/GEN_VEDIC.u_mul/u1/product__0_carry__1_i_14__0_n_0
    SLICE_X26Y87         CARRY4 (Prop_carry4_DI[3]_CO[3])
                                                      0.234     8.877 r  dut/GEN_VEDIC.u_mul/u1/product__0_carry__1_i_9__0/CO[3]
                         net (fo=1, routed)           0.000     8.877    dut/GEN_VEDIC.u_mul/u1/product__0_carry__1_i_9__0_n_0
    SLICE_X26Y88         CARRY4 (Prop_carry4_CI_O[1])
                                                      0.212     9.089 r  dut/GEN_VEDIC.u_mul/u1/product__0_carry__2_i_9__0/O[1]
                         net (fo=3, routed)           0.723     9.813    dut/GEN_VEDIC.u_mul/u1/p1[13]
    SLICE_X20Y88         LUT3 (Prop_lut3_I0_O)        0.155     9.968 r  dut/GEN_VEDIC.u_mul/u1/product__0_carry__2_i_2/O
                         net (fo=1, routed)           0.430    10.398    dut/GEN_VEDIC.u_mul/u1/product__0_carry__2_i_2_n_0
    SLICE_X21Y88         CARRY4 (Prop_carry4_DI[2]_CO[3])
                                                      0.239    10.637 r  dut/GEN_VEDIC.u_mul/u1/product__0_carry__2/CO[3]
                         net (fo=1, routed)           0.000    10.637    dut/GEN_VEDIC.u_mul/u1/product__0_carry__2_n_0
    SLICE_X21Y89         CARRY4 (Prop_carry4_CI_O[0])
                                                      0.139    10.776 r  dut/GEN_VEDIC.u_mul/u1/product__0_carry__3/O[0]
                         net (fo=3, routed)           0.686    11.462    dut/GEN_VEDIC.u_mul/u1/p_0_in[16]
    SLICE_X8Y88          LUT3 (Prop_lut3_I0_O)        0.155    11.617 r  dut/GEN_VEDIC.u_mul/u1/product_out[43]_i_4/O
                         net (fo=1, routed)           0.430    12.047    dut/GEN_VEDIC.u_mul/u1/product_out[43]_i_4_n_0
    SLICE_X9Y88          CARRY4 (Prop_carry4_DI[1]_CO[3])
                                                      0.302    12.349 r  dut/GEN_VEDIC.u_mul/u1/product_out_reg[43]_i_1/CO[3]
                         net (fo=1, routed)           0.000    12.349    dut/GEN_VEDIC.u_mul/u1/product_out_reg[43]_i_1_n_0
    SLICE_X9Y89          CARRY4 (Prop_carry4_CI_CO[3])
                                                      0.058    12.407 r  dut/GEN_VEDIC.u_mul/u1/product_out_reg[47]_i_1/CO[3]
                         net (fo=1, routed)           0.000    12.407    dut/GEN_VEDIC.u_mul/u3/product_out_reg[51][0]
    SLICE_X9Y90          CARRY4 (Prop_carry4_CI_CO[3])
                                                      0.058    12.465 r  dut/GEN_VEDIC.u_mul/u3/product_out_reg[51]_i_1/CO[3]
                         net (fo=1, routed)           0.000    12.465    dut/GEN_VEDIC.u_mul/u3/product_out_reg[51]_i_1_n_0
    SLICE_X9Y91          CARRY4 (Prop_carry4_CI_CO[3])
                                                      0.058    12.523 r  dut/GEN_VEDIC.u_mul/u3/product_out_reg[55]_i_1/CO[3]
                         net (fo=1, routed)           0.000    12.523    dut/GEN_VEDIC.u_mul/u3/product_out_reg[55]_i_1_n_0
    SLICE_X9Y92          CARRY4 (Prop_carry4_CI_O[3])
                                                      0.179    12.702 r  dut/GEN_VEDIC.u_mul/u3/product_out_reg[59]_i_1/O[3]
                         net (fo=1, routed)           0.000    12.702    product_comb[59]
    SLICE_X9Y92          FDRE                                         r  product_out_reg[59]/D
  -------------------------------------------------------------------    -------------------

                         (clock sys_clk rise edge)   10.000    10.000 r  
    AD23                                              0.000    10.000 r  clk (IN)
                         net (fo=0)                   0.000    10.000    clk
    AD23                 IBUF (Prop_ibuf_I_O)         0.796    10.796 r  clk_IBUF_inst/O
                         net (fo=1, routed)           1.741    12.537    clk_IBUF
    BUFGCTRL_X0Y0        BUFG (Prop_bufg_I_O)         0.113    12.650 r  clk_IBUF_BUFG_inst/O
                         net (fo=128, routed)         1.349    13.999    clk_IBUF_BUFG
    SLICE_X9Y92          FDRE                                         r  product_out_reg[59]/C
                         clock pessimism              0.254    14.254    
                         clock uncertainty           -0.035    14.218    
    SLICE_X9Y92          FDRE (Setup_fdre_C_D)        0.051    14.269    product_out_reg[59]
  -------------------------------------------------------------------
                         required time                         14.269    
                         arrival time                         -12.702    
  -------------------------------------------------------------------
                         slack                                  1.567    

Slack (MET) :             1.591ns  (required time - arrival time)
  Source:                 a_reg_reg[28]/C
                            (rising edge-triggered cell FDRE clocked by sys_clk  {rise@0.000ns fall@5.000ns period=10.000ns})
  Destination:            product_out_reg[53]/D
                            (rising edge-triggered cell FDRE clocked by sys_clk  {rise@0.000ns fall@5.000ns period=10.000ns})
  Path Group:             sys_clk
  Path Type:              Setup (Max at Slow Process Corner)
  Requirement:            10.000ns  (sys_clk rise@10.000ns - sys_clk rise@0.000ns)
  Data Path Delay:        8.339ns  (logic 2.863ns (34.331%)  route 5.476ns (65.669%))
  Logic Levels:           15  (CARRY4=10 LUT3=4 LUT4=1)
  Clock Path Skew:        -0.085ns (DCD - SCD + CPR)
    Destination Clock Delay (DCD):    3.999ns = ( 13.999 - 10.000 ) 
    Source Clock Delay      (SCD):    4.339ns
    Clock Pessimism Removal (CPR):    0.254ns
  Clock Uncertainty:      0.035ns  ((TSJ^2 + TIJ^2)^1/2 + DJ) / 2 + PE
    Total System Jitter     (TSJ):    0.071ns
    Total Input Jitter      (TIJ):    0.000ns
    Discrete Jitter          (DJ):    0.000ns
    Phase Error              (PE):    0.000ns

    Location             Delay type                Incr(ns)  Path(ns)    Netlist Resource(s)
  -------------------------------------------------------------------    -------------------
                         (clock sys_clk rise edge)    0.000     0.000 r  
    AD23                                              0.000     0.000 r  clk (IN)
                         net (fo=0)                   0.000     0.000    clk
    AD23                 IBUF (Prop_ibuf_I_O)         0.873     0.873 r  clk_IBUF_inst/O
                         net (fo=1, routed)           1.830     2.703    clk_IBUF
    BUFGCTRL_X0Y0        BUFG (Prop_bufg_I_O)         0.120     2.823 r  clk_IBUF_BUFG_inst/O
                         net (fo=128, routed)         1.516     4.339    clk_IBUF_BUFG
    SLICE_X5Y88          FDRE                                         r  a_reg_reg[28]/C
  -------------------------------------------------------------------    -------------------
    SLICE_X5Y88          FDRE (Prop_fdre_C_Q)         0.269     4.608 f  a_reg_reg[28]/Q
                         net (fo=69, routed)          1.399     6.007    dut/GEN_VEDIC.u_mul/u1/a_reg[12]
    SLICE_X26Y89         LUT4 (Prop_lut4_I0_O)        0.065     6.072 r  dut/GEN_VEDIC.u_mul/u1/product__0_carry__0_i_103__0/O
                         net (fo=3, routed)           0.281     6.352    dut/GEN_VEDIC.u_mul/u1/u1/u1/p0_7[2]
    SLICE_X27Y89         LUT3 (Prop_lut3_I2_O)        0.168     6.520 r  dut/GEN_VEDIC.u_mul/u1/product__0_carry__0_i_55__0/O
                         net (fo=1, routed)           0.572     7.092    dut/GEN_VEDIC.u_mul/u1/product__0_carry__0_i_55__0_n_0
    SLICE_X27Y87         CARRY4 (Prop_carry4_DI[1]_CO[3])
                                                      0.302     7.394 r  dut/GEN_VEDIC.u_mul/u1/product__0_carry__0_i_29__0/CO[3]
                         net (fo=1, routed)           0.000     7.394    dut/GEN_VEDIC.u_mul/u1/product__0_carry__0_i_29__0_n_0
    SLICE_X27Y88         CARRY4 (Prop_carry4_CI_O[0])
                                                      0.139     7.533 r  dut/GEN_VEDIC.u_mul/u1/product__0_carry__1_i_37__0/O[0]
                         net (fo=3, routed)           0.592     8.125    dut/GEN_VEDIC.u_mul/u1/u1/p1_6[6]
    SLICE_X25Y87         LUT3 (Prop_lut3_I0_O)        0.155     8.280 r  dut/GEN_VEDIC.u_mul/u1/product__0_carry__1_i_14__0/O
                         net (fo=1, routed)           0.363     8.643    dut/GEN_VEDIC.u_mul/u1/product__0_carry__1_i_14__0_n_0
    SLICE_X26Y87         CARRY4 (Prop_carry4_DI[3]_CO[3])
                                                      0.234     8.877 r  dut/GEN_VEDIC.u_mul/u1/product__0_carry__1_i_9__0/CO[3]
                         net (fo=1, routed)           0.000     8.877    dut/GEN_VEDIC.u_mul/u1/product__0_carry__1_i_9__0_n_0
    SLICE_X26Y88         CARRY4 (Prop_carry4_CI_O[1])
                                                      0.212     9.089 r  dut/GEN_VEDIC.u_mul/u1/product__0_carry__2_i_9__0/O[1]
                         net (fo=3, routed)           0.723     9.813    dut/GEN_VEDIC.u_mul/u1/p1[13]
    SLICE_X20Y88         LUT3 (Prop_lut3_I0_O)        0.155     9.968 r  dut/GEN_VEDIC.u_mul/u1/product__0_carry__2_i_2/O
                         net (fo=1, routed)           0.430    10.398    dut/GEN_VEDIC.u_mul/u1/product__0_carry__2_i_2_n_0
    SLICE_X21Y88         CARRY4 (Prop_carry4_DI[2]_CO[3])
                                                      0.239    10.637 r  dut/GEN_VEDIC.u_mul/u1/product__0_carry__2/CO[3]
                         net (fo=1, routed)           0.000    10.637    dut/GEN_VEDIC.u_mul/u1/product__0_carry__2_n_0
    SLICE_X21Y89         CARRY4 (Prop_carry4_CI_O[0])
                                                      0.139    10.776 r  dut/GEN_VEDIC.u_mul/u1/product__0_carry__3/O[0]
                         net (fo=3, routed)           0.686    11.462    dut/GEN_VEDIC.u_mul/u1/p_0_in[16]
    SLICE_X8Y88          LUT3 (Prop_lut3_I0_O)        0.155    11.617 r  dut/GEN_VEDIC.u_mul/u1/product_out[43]_i_4/O
                         net (fo=1, routed)           0.430    12.047    dut/GEN_VEDIC.u_mul/u1/product_out[43]_i_4_n_0
    SLICE_X9Y88          CARRY4 (Prop_carry4_DI[1]_CO[3])
                                                      0.302    12.349 r  dut/GEN_VEDIC.u_mul/u1/product_out_reg[43]_i_1/CO[3]
                         net (fo=1, routed)           0.000    12.349    dut/GEN_VEDIC.u_mul/u1/product_out_reg[43]_i_1_n_0
    SLICE_X9Y89          CARRY4 (Prop_carry4_CI_CO[3])
                                                      0.058    12.407 r  dut/GEN_VEDIC.u_mul/u1/product_out_reg[47]_i_1/CO[3]
                         net (fo=1, routed)           0.000    12.407    dut/GEN_VEDIC.u_mul/u3/product_out_reg[51][0]
    SLICE_X9Y90          CARRY4 (Prop_carry4_CI_CO[3])
                                                      0.058    12.465 r  dut/GEN_VEDIC.u_mul/u3/product_out_reg[51]_i_1/CO[3]
                         net (fo=1, routed)           0.000    12.465    dut/GEN_VEDIC.u_mul/u3/product_out_reg[51]_i_1_n_0
    SLICE_X9Y91          CARRY4 (Prop_carry4_CI_O[1])
                                                      0.213    12.678 r  dut/GEN_VEDIC.u_mul/u3/product_out_reg[55]_i_1/O[1]
                         net (fo=1, routed)           0.000    12.678    product_comb[53]
    SLICE_X9Y91          FDRE                                         r  product_out_reg[53]/D
  -------------------------------------------------------------------    -------------------

                         (clock sys_clk rise edge)   10.000    10.000 r  
    AD23                                              0.000    10.000 r  clk (IN)
                         net (fo=0)                   0.000    10.000    clk
    AD23                 IBUF (Prop_ibuf_I_O)         0.796    10.796 r  clk_IBUF_inst/O
                         net (fo=1, routed)           1.741    12.537    clk_IBUF
    BUFGCTRL_X0Y0        BUFG (Prop_bufg_I_O)         0.113    12.650 r  clk_IBUF_BUFG_inst/O
                         net (fo=128, routed)         1.349    13.999    clk_IBUF_BUFG
    SLICE_X9Y91          FDRE                                         r  product_out_reg[53]/C
                         clock pessimism              0.254    14.254    
                         clock uncertainty           -0.035    14.218    
    SLICE_X9Y91          FDRE (Setup_fdre_C_D)        0.051    14.269    product_out_reg[53]
  -------------------------------------------------------------------
                         required time                         14.269    
                         arrival time                         -12.678    
  -------------------------------------------------------------------
                         slack                                  1.591    

Slack (MET) :             1.607ns  (required time - arrival time)
  Source:                 a_reg_reg[28]/C
                            (rising edge-triggered cell FDRE clocked by sys_clk  {rise@0.000ns fall@5.000ns period=10.000ns})
  Destination:            product_out_reg[56]/D
                            (rising edge-triggered cell FDRE clocked by sys_clk  {rise@0.000ns fall@5.000ns period=10.000ns})
  Path Group:             sys_clk
  Path Type:              Setup (Max at Slow Process Corner)
  Requirement:            10.000ns  (sys_clk rise@10.000ns - sys_clk rise@0.000ns)
  Data Path Delay:        8.323ns  (logic 2.847ns (34.204%)  route 5.476ns (65.796%))
  Logic Levels:           16  (CARRY4=11 LUT3=4 LUT4=1)
  Clock Path Skew:        -0.085ns (DCD - SCD + CPR)
    Destination Clock Delay (DCD):    3.999ns = ( 13.999 - 10.000 ) 
    Source Clock Delay      (SCD):    4.339ns
    Clock Pessimism Removal (CPR):    0.254ns
  Clock Uncertainty:      0.035ns  ((TSJ^2 + TIJ^2)^1/2 + DJ) / 2 + PE
    Total System Jitter     (TSJ):    0.071ns
    Total Input Jitter      (TIJ):    0.000ns
    Discrete Jitter          (DJ):    0.000ns
    Phase Error              (PE):    0.000ns

    Location             Delay type                Incr(ns)  Path(ns)    Netlist Resource(s)
  -------------------------------------------------------------------    -------------------
                         (clock sys_clk rise edge)    0.000     0.000 r  
    AD23                                              0.000     0.000 r  clk (IN)
                         net (fo=0)                   0.000     0.000    clk
    AD23                 IBUF (Prop_ibuf_I_O)         0.873     0.873 r  clk_IBUF_inst/O
                         net (fo=1, routed)           1.830     2.703    clk_IBUF
    BUFGCTRL_X0Y0        BUFG (Prop_bufg_I_O)         0.120     2.823 r  clk_IBUF_BUFG_inst/O
                         net (fo=128, routed)         1.516     4.339    clk_IBUF_BUFG
    SLICE_X5Y88          FDRE                                         r  a_reg_reg[28]/C
  -------------------------------------------------------------------    -------------------
    SLICE_X5Y88          FDRE (Prop_fdre_C_Q)         0.269     4.608 f  a_reg_reg[28]/Q
                         net (fo=69, routed)          1.399     6.007    dut/GEN_VEDIC.u_mul/u1/a_reg[12]
    SLICE_X26Y89         LUT4 (Prop_lut4_I0_O)        0.065     6.072 r  dut/GEN_VEDIC.u_mul/u1/product__0_carry__0_i_103__0/O
                         net (fo=3, routed)           0.281     6.352    dut/GEN_VEDIC.u_mul/u1/u1/u1/p0_7[2]
    SLICE_X27Y89         LUT3 (Prop_lut3_I2_O)        0.168     6.520 r  dut/GEN_VEDIC.u_mul/u1/product__0_carry__0_i_55__0/O
                         net (fo=1, routed)           0.572     7.092    dut/GEN_VEDIC.u_mul/u1/product__0_carry__0_i_55__0_n_0
    SLICE_X27Y87         CARRY4 (Prop_carry4_DI[1]_CO[3])
                                                      0.302     7.394 r  dut/GEN_VEDIC.u_mul/u1/product__0_carry__0_i_29__0/CO[3]
                         net (fo=1, routed)           0.000     7.394    dut/GEN_VEDIC.u_mul/u1/product__0_carry__0_i_29__0_n_0
    SLICE_X27Y88         CARRY4 (Prop_carry4_CI_O[0])
                                                      0.139     7.533 r  dut/GEN_VEDIC.u_mul/u1/product__0_carry__1_i_37__0/O[0]
                         net (fo=3, routed)           0.592     8.125    dut/GEN_VEDIC.u_mul/u1/u1/p1_6[6]
    SLICE_X25Y87         LUT3 (Prop_lut3_I0_O)        0.155     8.280 r  dut/GEN_VEDIC.u_mul/u1/product__0_carry__1_i_14__0/O
                         net (fo=1, routed)           0.363     8.643    dut/GEN_VEDIC.u_mul/u1/product__0_carry__1_i_14__0_n_0
    SLICE_X26Y87         CARRY4 (Prop_carry4_DI[3]_CO[3])
                                                      0.234     8.877 r  dut/GEN_VEDIC.u_mul/u1/product__0_carry__1_i_9__0/CO[3]
                         net (fo=1, routed)           0.000     8.877    dut/GEN_VEDIC.u_mul/u1/product__0_carry__1_i_9__0_n_0
    SLICE_X26Y88         CARRY4 (Prop_carry4_CI_O[1])
                                                      0.212     9.089 r  dut/GEN_VEDIC.u_mul/u1/product__0_carry__2_i_9__0/O[1]
                         net (fo=3, routed)           0.723     9.813    dut/GEN_VEDIC.u_mul/u1/p1[13]
    SLICE_X20Y88         LUT3 (Prop_lut3_I0_O)        0.155     9.968 r  dut/GEN_VEDIC.u_mul/u1/product__0_carry__2_i_2/O
                         net (fo=1, routed)           0.430    10.398    dut/GEN_VEDIC.u_mul/u1/product__0_carry__2_i_2_n_0
    SLICE_X21Y88         CARRY4 (Prop_carry4_DI[2]_CO[3])
                                                      0.239    10.637 r  dut/GEN_VEDIC.u_mul/u1/product__0_carry__2/CO[3]
                         net (fo=1, routed)           0.000    10.637    dut/GEN_VEDIC.u_mul/u1/product__0_carry__2_n_0
    SLICE_X21Y89         CARRY4 (Prop_carry4_CI_O[0])
                                                      0.139    10.776 r  dut/GEN_VEDIC.u_mul/u1/product__0_carry__3/O[0]
                         net (fo=3, routed)           0.686    11.462    dut/GEN_VEDIC.u_mul/u1/p_0_in[16]
    SLICE_X8Y88          LUT3 (Prop_lut3_I0_O)        0.155    11.617 r  dut/GEN_VEDIC.u_mul/u1/product_out[43]_i_4/O
                         net (fo=1, routed)           0.430    12.047    dut/GEN_VEDIC.u_mul/u1/product_out[43]_i_4_n_0
    SLICE_X9Y88          CARRY4 (Prop_carry4_DI[1]_CO[3])
                                                      0.302    12.349 r  dut/GEN_VEDIC.u_mul/u1/product_out_reg[43]_i_1/CO[3]
                         net (fo=1, routed)           0.000    12.349    dut/GEN_VEDIC.u_mul/u1/product_out_reg[43]_i_1_n_0
    SLICE_X9Y89          CARRY4 (Prop_carry4_CI_CO[3])
                                                      0.058    12.407 r  dut/GEN_VEDIC.u_mul/u1/product_out_reg[47]_i_1/CO[3]
                         net (fo=1, routed)           0.000    12.407    dut/GEN_VEDIC.u_mul/u3/product_out_reg[51][0]
    SLICE_X9Y90          CARRY4 (Prop_carry4_CI_CO[3])
                                                      0.058    12.465 r  dut/GEN_VEDIC.u_mul/u3/product_out_reg[51]_i_1/CO[3]
                         net (fo=1, routed)           0.000    12.465    dut/GEN_VEDIC.u_mul/u3/product_out_reg[51]_i_1_n_0
    SLICE_X9Y91          CARRY4 (Prop_carry4_CI_CO[3])
                                                      0.058    12.523 r  dut/GEN_VEDIC.u_mul/u3/product_out_reg[55]_i_1/CO[3]
                         net (fo=1, routed)           0.000    12.523    dut/GEN_VEDIC.u_mul/u3/product_out_reg[55]_i_1_n_0
    SLICE_X9Y92          CARRY4 (Prop_carry4_CI_O[0])
                                                      0.139    12.662 r  dut/GEN_VEDIC.u_mul/u3/product_out_reg[59]_i_1/O[0]
                         net (fo=1, routed)           0.000    12.662    product_comb[56]
    SLICE_X9Y92          FDRE                                         r  product_out_reg[56]/D
  -------------------------------------------------------------------    -------------------

                         (clock sys_clk rise edge)   10.000    10.000 r  
    AD23                                              0.000    10.000 r  clk (IN)
                         net (fo=0)                   0.000    10.000    clk
    AD23                 IBUF (Prop_ibuf_I_O)         0.796    10.796 r  clk_IBUF_inst/O
                         net (fo=1, routed)           1.741    12.537    clk_IBUF
    BUFGCTRL_X0Y0        BUFG (Prop_bufg_I_O)         0.113    12.650 r  clk_IBUF_BUFG_inst/O
                         net (fo=128, routed)         1.349    13.999    clk_IBUF_BUFG
    SLICE_X9Y92          FDRE                                         r  product_out_reg[56]/C
                         clock pessimism              0.254    14.254    
                         clock uncertainty           -0.035    14.218    
    SLICE_X9Y92          FDRE (Setup_fdre_C_D)        0.051    14.269    product_out_reg[56]
  -------------------------------------------------------------------
                         required time                         14.269    
                         arrival time                         -12.662    
  -------------------------------------------------------------------
                         slack                                  1.607    

Slack (MET) :             1.610ns  (required time - arrival time)
  Source:                 a_reg_reg[28]/C
                            (rising edge-triggered cell FDRE clocked by sys_clk  {rise@0.000ns fall@5.000ns period=10.000ns})
  Destination:            product_out_reg[58]/D
                            (rising edge-triggered cell FDRE clocked by sys_clk  {rise@0.000ns fall@5.000ns period=10.000ns})
  Path Group:             sys_clk
  Path Type:              Setup (Max at Slow Process Corner)
  Requirement:            10.000ns  (sys_clk rise@10.000ns - sys_clk rise@0.000ns)
  Data Path Delay:        8.320ns  (logic 2.844ns (34.181%)  route 5.476ns (65.819%))
  Logic Levels:           16  (CARRY4=11 LUT3=4 LUT4=1)
  Clock Path Skew:        -0.085ns (DCD - SCD + CPR)
    Destination Clock Delay (DCD):    3.999ns = ( 13.999 - 10.000 ) 
    Source Clock Delay      (SCD):    4.339ns
    Clock Pessimism Removal (CPR):    0.254ns
  Clock Uncertainty:      0.035ns  ((TSJ^2 + TIJ^2)^1/2 + DJ) / 2 + PE
    Total System Jitter     (TSJ):    0.071ns
    Total Input Jitter      (TIJ):    0.000ns
    Discrete Jitter          (DJ):    0.000ns
    Phase Error              (PE):    0.000ns

    Location             Delay type                Incr(ns)  Path(ns)    Netlist Resource(s)
  -------------------------------------------------------------------    -------------------
                         (clock sys_clk rise edge)    0.000     0.000 r  
    AD23                                              0.000     0.000 r  clk (IN)
                         net (fo=0)                   0.000     0.000    clk
    AD23                 IBUF (Prop_ibuf_I_O)         0.873     0.873 r  clk_IBUF_inst/O
                         net (fo=1, routed)           1.830     2.703    clk_IBUF
    BUFGCTRL_X0Y0        BUFG (Prop_bufg_I_O)         0.120     2.823 r  clk_IBUF_BUFG_inst/O
                         net (fo=128, routed)         1.516     4.339    clk_IBUF_BUFG
    SLICE_X5Y88          FDRE                                         r  a_reg_reg[28]/C
  -------------------------------------------------------------------    -------------------
    SLICE_X5Y88          FDRE (Prop_fdre_C_Q)         0.269     4.608 f  a_reg_reg[28]/Q
                         net (fo=69, routed)          1.399     6.007    dut/GEN_VEDIC.u_mul/u1/a_reg[12]
    SLICE_X26Y89         LUT4 (Prop_lut4_I0_O)        0.065     6.072 r  dut/GEN_VEDIC.u_mul/u1/product__0_carry__0_i_103__0/O
                         net (fo=3, routed)           0.281     6.352    dut/GEN_VEDIC.u_mul/u1/u1/u1/p0_7[2]
    SLICE_X27Y89         LUT3 (Prop_lut3_I2_O)        0.168     6.520 r  dut/GEN_VEDIC.u_mul/u1/product__0_carry__0_i_55__0/O
                         net (fo=1, routed)           0.572     7.092    dut/GEN_VEDIC.u_mul/u1/product__0_carry__0_i_55__0_n_0
    SLICE_X27Y87         CARRY4 (Prop_carry4_DI[1]_CO[3])
                                                      0.302     7.394 r  dut/GEN_VEDIC.u_mul/u1/product__0_carry__0_i_29__0/CO[3]
                         net (fo=1, routed)           0.000     7.394    dut/GEN_VEDIC.u_mul/u1/product__0_carry__0_i_29__0_n_0
    SLICE_X27Y88         CARRY4 (Prop_carry4_CI_O[0])
                                                      0.139     7.533 r  dut/GEN_VEDIC.u_mul/u1/product__0_carry__1_i_37__0/O[0]
                         net (fo=3, routed)           0.592     8.125    dut/GEN_VEDIC.u_mul/u1/u1/p1_6[6]
    SLICE_X25Y87         LUT3 (Prop_lut3_I0_O)        0.155     8.280 r  dut/GEN_VEDIC.u_mul/u1/product__0_carry__1_i_14__0/O
                         net (fo=1, routed)           0.363     8.643    dut/GEN_VEDIC.u_mul/u1/product__0_carry__1_i_14__0_n_0
    SLICE_X26Y87         CARRY4 (Prop_carry4_DI[3]_CO[3])
                                                      0.234     8.877 r  dut/GEN_VEDIC.u_mul/u1/product__0_carry__1_i_9__0/CO[3]
                         net (fo=1, routed)           0.000     8.877    dut/GEN_VEDIC.u_mul/u1/product__0_carry__1_i_9__0_n_0
    SLICE_X26Y88         CARRY4 (Prop_carry4_CI_O[1])
                                                      0.212     9.089 r  dut/GEN_VEDIC.u_mul/u1/product__0_carry__2_i_9__0/O[1]
                         net (fo=3, routed)           0.723     9.813    dut/GEN_VEDIC.u_mul/u1/p1[13]
    SLICE_X20Y88         LUT3 (Prop_lut3_I0_O)        0.155     9.968 r  dut/GEN_VEDIC.u_mul/u1/product__0_carry__2_i_2/O
                         net (fo=1, routed)           0.430    10.398    dut/GEN_VEDIC.u_mul/u1/product__0_carry__2_i_2_n_0
    SLICE_X21Y88         CARRY4 (Prop_carry4_DI[2]_CO[3])
                                                      0.239    10.637 r  dut/GEN_VEDIC.u_mul/u1/product__0_carry__2/CO[3]
                         net (fo=1, routed)           0.000    10.637    dut/GEN_VEDIC.u_mul/u1/product__0_carry__2_n_0
    SLICE_X21Y89         CARRY4 (Prop_carry4_CI_O[0])
                                                      0.139    10.776 r  dut/GEN_VEDIC.u_mul/u1/product__0_carry__3/O[0]
                         net (fo=3, routed)           0.686    11.462    dut/GEN_VEDIC.u_mul/u1/p_0_in[16]
    SLICE_X8Y88          LUT3 (Prop_lut3_I0_O)        0.155    11.617 r  dut/GEN_VEDIC.u_mul/u1/product_out[43]_i_4/O
                         net (fo=1, routed)           0.430    12.047    dut/GEN_VEDIC.u_mul/u1/product_out[43]_i_4_n_0
    SLICE_X9Y88          CARRY4 (Prop_carry4_DI[1]_CO[3])
                                                      0.302    12.349 r  dut/GEN_VEDIC.u_mul/u1/product_out_reg[43]_i_1/CO[3]
                         net (fo=1, routed)           0.000    12.349    dut/GEN_VEDIC.u_mul/u1/product_out_reg[43]_i_1_n_0
    SLICE_X9Y89          CARRY4 (Prop_carry4_CI_CO[3])
                                                      0.058    12.407 r  dut/GEN_VEDIC.u_mul/u1/product_out_reg[47]_i_1/CO[3]
                         net (fo=1, routed)           0.000    12.407    dut/GEN_VEDIC.u_mul/u3/product_out_reg[51][0]
    SLICE_X9Y90          CARRY4 (Prop_carry4_CI_CO[3])
                                                      0.058    12.465 r  dut/GEN_VEDIC.u_mul/u3/product_out_reg[51]_i_1/CO[3]
                         net (fo=1, routed)           0.000    12.465    dut/GEN_VEDIC.u_mul/u3/product_out_reg[51]_i_1_n_0
    SLICE_X9Y91          CARRY4 (Prop_carry4_CI_CO[3])
                                                      0.058    12.523 r  dut/GEN_VEDIC.u_mul/u3/product_out_reg[55]_i_1/CO[3]
                         net (fo=1, routed)           0.000    12.523    dut/GEN_VEDIC.u_mul/u3/product_out_reg[55]_i_1_n_0
    SLICE_X9Y92          CARRY4 (Prop_carry4_CI_O[2])
                                                      0.136    12.659 r  dut/GEN_VEDIC.u_mul/u3/product_out_reg[59]_i_1/O[2]
                         net (fo=1, routed)           0.000    12.659    product_comb[58]
    SLICE_X9Y92          FDRE                                         r  product_out_reg[58]/D
  -------------------------------------------------------------------    -------------------

                         (clock sys_clk rise edge)   10.000    10.000 r  
    AD23                                              0.000    10.000 r  clk (IN)
                         net (fo=0)                   0.000    10.000    clk
    AD23                 IBUF (Prop_ibuf_I_O)         0.796    10.796 r  clk_IBUF_inst/O
                         net (fo=1, routed)           1.741    12.537    clk_IBUF
    BUFGCTRL_X0Y0        BUFG (Prop_bufg_I_O)         0.113    12.650 r  clk_IBUF_BUFG_inst/O
                         net (fo=128, routed)         1.349    13.999    clk_IBUF_BUFG
    SLICE_X9Y92          FDRE                                         r  product_out_reg[58]/C
                         clock pessimism              0.254    14.254    
                         clock uncertainty           -0.035    14.218    
    SLICE_X9Y92          FDRE (Setup_fdre_C_D)        0.051    14.269    product_out_reg[58]
  -------------------------------------------------------------------
                         required time                         14.269    
                         arrival time                         -12.659    
  -------------------------------------------------------------------
                         slack                                  1.610    

Slack (MET) :             1.625ns  (required time - arrival time)
  Source:                 a_reg_reg[28]/C
                            (rising edge-triggered cell FDRE clocked by sys_clk  {rise@0.000ns fall@5.000ns period=10.000ns})
  Destination:            product_out_reg[55]/D
                            (rising edge-triggered cell FDRE clocked by sys_clk  {rise@0.000ns fall@5.000ns period=10.000ns})
  Path Group:             sys_clk
  Path Type:              Setup (Max at Slow Process Corner)
  Requirement:            10.000ns  (sys_clk rise@10.000ns - sys_clk rise@0.000ns)
  Data Path Delay:        8.305ns  (logic 2.829ns (34.062%)  route 5.476ns (65.938%))
  Logic Levels:           15  (CARRY4=10 LUT3=4 LUT4=1)
  Clock Path Skew:        -0.085ns (DCD - SCD + CPR)
    Destination Clock Delay (DCD):    3.999ns = ( 13.999 - 10.000 ) 
    Source Clock Delay      (SCD):    4.339ns
    Clock Pessimism Removal (CPR):    0.254ns
  Clock Uncertainty:      0.035ns  ((TSJ^2 + TIJ^2)^1/2 + DJ) / 2 + PE
    Total System Jitter     (TSJ):    0.071ns
    Total Input Jitter      (TIJ):    0.000ns
    Discrete Jitter          (DJ):    0.000ns
    Phase Error              (PE):    0.000ns

    Location             Delay type                Incr(ns)  Path(ns)    Netlist Resource(s)
  -------------------------------------------------------------------    -------------------
                         (clock sys_clk rise edge)    0.000     0.000 r  
    AD23                                              0.000     0.000 r  clk (IN)
                         net (fo=0)                   0.000     0.000    clk
    AD23                 IBUF (Prop_ibuf_I_O)         0.873     0.873 r  clk_IBUF_inst/O
                         net (fo=1, routed)           1.830     2.703    clk_IBUF
    BUFGCTRL_X0Y0        BUFG (Prop_bufg_I_O)         0.120     2.823 r  clk_IBUF_BUFG_inst/O
                         net (fo=128, routed)         1.516     4.339    clk_IBUF_BUFG
    SLICE_X5Y88          FDRE                                         r  a_reg_reg[28]/C
  -------------------------------------------------------------------    -------------------
    SLICE_X5Y88          FDRE (Prop_fdre_C_Q)         0.269     4.608 f  a_reg_reg[28]/Q
                         net (fo=69, routed)          1.399     6.007    dut/GEN_VEDIC.u_mul/u1/a_reg[12]
    SLICE_X26Y89         LUT4 (Prop_lut4_I0_O)        0.065     6.072 r  dut/GEN_VEDIC.u_mul/u1/product__0_carry__0_i_103__0/O
                         net (fo=3, routed)           0.281     6.352    dut/GEN_VEDIC.u_mul/u1/u1/u1/p0_7[2]
    SLICE_X27Y89         LUT3 (Prop_lut3_I2_O)        0.168     6.520 r  dut/GEN_VEDIC.u_mul/u1/product__0_carry__0_i_55__0/O
                         net (fo=1, routed)           0.572     7.092    dut/GEN_VEDIC.u_mul/u1/product__0_carry__0_i_55__0_n_0
    SLICE_X27Y87         CARRY4 (Prop_carry4_DI[1]_CO[3])
                                                      0.302     7.394 r  dut/GEN_VEDIC.u_mul/u1/product__0_carry__0_i_29__0/CO[3]
                         net (fo=1, routed)           0.000     7.394    dut/GEN_VEDIC.u_mul/u1/product__0_carry__0_i_29__0_n_0
    SLICE_X27Y88         CARRY4 (Prop_carry4_CI_O[0])
                                                      0.139     7.533 r  dut/GEN_VEDIC.u_mul/u1/product__0_carry__1_i_37__0/O[0]
                         net (fo=3, routed)           0.592     8.125    dut/GEN_VEDIC.u_mul/u1/u1/p1_6[6]
    SLICE_X25Y87         LUT3 (Prop_lut3_I0_O)        0.155     8.280 r  dut/GEN_VEDIC.u_mul/u1/product__0_carry__1_i_14__0/O
                         net (fo=1, routed)           0.363     8.643    dut/GEN_VEDIC.u_mul/u1/product__0_carry__1_i_14__0_n_0
    SLICE_X26Y87         CARRY4 (Prop_carry4_DI[3]_CO[3])
                                                      0.234     8.877 r  dut/GEN_VEDIC.u_mul/u1/product__0_carry__1_i_9__0/CO[3]
                         net (fo=1, routed)           0.000     8.877    dut/GEN_VEDIC.u_mul/u1/product__0_carry__1_i_9__0_n_0
    SLICE_X26Y88         CARRY4 (Prop_carry4_CI_O[1])
                                                      0.212     9.089 r  dut/GEN_VEDIC.u_mul/u1/product__0_carry__2_i_9__0/O[1]
                         net (fo=3, routed)           0.723     9.813    dut/GEN_VEDIC.u_mul/u1/p1[13]
    SLICE_X20Y88         LUT3 (Prop_lut3_I0_O)        0.155     9.968 r  dut/GEN_VEDIC.u_mul/u1/product__0_carry__2_i_2/O
                         net (fo=1, routed)           0.430    10.398    dut/GEN_VEDIC.u_mul/u1/product__0_carry__2_i_2_n_0
    SLICE_X21Y88         CARRY4 (Prop_carry4_DI[2]_CO[3])
                                                      0.239    10.637 r  dut/GEN_VEDIC.u_mul/u1/product__0_carry__2/CO[3]
                         net (fo=1, routed)           0.000    10.637    dut/GEN_VEDIC.u_mul/u1/product__0_carry__2_n_0
    SLICE_X21Y89         CARRY4 (Prop_carry4_CI_O[0])
                                                      0.139    10.776 r  dut/GEN_VEDIC.u_mul/u1/product__0_carry__3/O[0]
                         net (fo=3, routed)           0.686    11.462    dut/GEN_VEDIC.u_mul/u1/p_0_in[16]
    SLICE_X8Y88          LUT3 (Prop_lut3_I0_O)        0.155    11.617 r  dut/GEN_VEDIC.u_mul/u1/product_out[43]_i_4/O
                         net (fo=1, routed)           0.430    12.047    dut/GEN_VEDIC.u_mul/u1/product_out[43]_i_4_n_0
    SLICE_X9Y88          CARRY4 (Prop_carry4_DI[1]_CO[3])
                                                      0.302    12.349 r  dut/GEN_VEDIC.u_mul/u1/product_out_reg[43]_i_1/CO[3]
                         net (fo=1, routed)           0.000    12.349    dut/GEN_VEDIC.u_mul/u1/product_out_reg[43]_i_1_n_0
    SLICE_X9Y89          CARRY4 (Prop_carry4_CI_CO[3])
                                                      0.058    12.407 r  dut/GEN_VEDIC.u_mul/u1/product_out_reg[47]_i_1/CO[3]
                         net (fo=1, routed)           0.000    12.407    dut/GEN_VEDIC.u_mul/u3/product_out_reg[51][0]
    SLICE_X9Y90          CARRY4 (Prop_carry4_CI_CO[3])
                                                      0.058    12.465 r  dut/GEN_VEDIC.u_mul/u3/product_out_reg[51]_i_1/CO[3]
                         net (fo=1, routed)           0.000    12.465    dut/GEN_VEDIC.u_mul/u3/product_out_reg[51]_i_1_n_0
    SLICE_X9Y91          CARRY4 (Prop_carry4_CI_O[3])
                                                      0.179    12.644 r  dut/GEN_VEDIC.u_mul/u3/product_out_reg[55]_i_1/O[3]
                         net (fo=1, routed)           0.000    12.644    product_comb[55]
    SLICE_X9Y91          FDRE                                         r  product_out_reg[55]/D
  -------------------------------------------------------------------    -------------------

                         (clock sys_clk rise edge)   10.000    10.000 r  
    AD23                                              0.000    10.000 r  clk (IN)
                         net (fo=0)                   0.000    10.000    clk
    AD23                 IBUF (Prop_ibuf_I_O)         0.796    10.796 r  clk_IBUF_inst/O
                         net (fo=1, routed)           1.741    12.537    clk_IBUF
    BUFGCTRL_X0Y0        BUFG (Prop_bufg_I_O)         0.113    12.650 r  clk_IBUF_BUFG_inst/O
                         net (fo=128, routed)         1.349    13.999    clk_IBUF_BUFG
    SLICE_X9Y91          FDRE                                         r  product_out_reg[55]/C
                         clock pessimism              0.254    14.254    
                         clock uncertainty           -0.035    14.218    
    SLICE_X9Y91          FDRE (Setup_fdre_C_D)        0.051    14.269    product_out_reg[55]
  -------------------------------------------------------------------
                         required time                         14.269    
                         arrival time                         -12.644    
  -------------------------------------------------------------------
                         slack                                  1.625    

Slack (MET) :             1.648ns  (required time - arrival time)
  Source:                 a_reg_reg[28]/C
                            (rising edge-triggered cell FDRE clocked by sys_clk  {rise@0.000ns fall@5.000ns period=10.000ns})
  Destination:            product_out_reg[49]/D
                            (rising edge-triggered cell FDRE clocked by sys_clk  {rise@0.000ns fall@5.000ns period=10.000ns})
  Path Group:             sys_clk
  Path Type:              Setup (Max at Slow Process Corner)
  Requirement:            10.000ns  (sys_clk rise@10.000ns - sys_clk rise@0.000ns)
  Data Path Delay:        8.281ns  (logic 2.805ns (33.871%)  route 5.476ns (66.129%))
  Logic Levels:           14  (CARRY4=9 LUT3=4 LUT4=1)
  Clock Path Skew:        -0.086ns (DCD - SCD + CPR)
    Destination Clock Delay (DCD):    3.998ns = ( 13.998 - 10.000 ) 
    Source Clock Delay      (SCD):    4.339ns
    Clock Pessimism Removal (CPR):    0.254ns
  Clock Uncertainty:      0.035ns  ((TSJ^2 + TIJ^2)^1/2 + DJ) / 2 + PE
    Total System Jitter     (TSJ):    0.071ns
    Total Input Jitter      (TIJ):    0.000ns
    Discrete Jitter          (DJ):    0.000ns
    Phase Error              (PE):    0.000ns

    Location             Delay type                Incr(ns)  Path(ns)    Netlist Resource(s)
  -------------------------------------------------------------------    -------------------
                         (clock sys_clk rise edge)    0.000     0.000 r  
    AD23                                              0.000     0.000 r  clk (IN)
                         net (fo=0)                   0.000     0.000    clk
    AD23                 IBUF (Prop_ibuf_I_O)         0.873     0.873 r  clk_IBUF_inst/O
                         net (fo=1, routed)           1.830     2.703    clk_IBUF
    BUFGCTRL_X0Y0        BUFG (Prop_bufg_I_O)         0.120     2.823 r  clk_IBUF_BUFG_inst/O
                         net (fo=128, routed)         1.516     4.339    clk_IBUF_BUFG
    SLICE_X5Y88          FDRE                                         r  a_reg_reg[28]/C
  -------------------------------------------------------------------    -------------------
    SLICE_X5Y88          FDRE (Prop_fdre_C_Q)         0.269     4.608 f  a_reg_reg[28]/Q
                         net (fo=69, routed)          1.399     6.007    dut/GEN_VEDIC.u_mul/u1/a_reg[12]
    SLICE_X26Y89         LUT4 (Prop_lut4_I0_O)        0.065     6.072 r  dut/GEN_VEDIC.u_mul/u1/product__0_carry__0_i_103__0/O
                         net (fo=3, routed)           0.281     6.352    dut/GEN_VEDIC.u_mul/u1/u1/u1/p0_7[2]
    SLICE_X27Y89         LUT3 (Prop_lut3_I2_O)        0.168     6.520 r  dut/GEN_VEDIC.u_mul/u1/product__0_carry__0_i_55__0/O
                         net (fo=1, routed)           0.572     7.092    dut/GEN_VEDIC.u_mul/u1/product__0_carry__0_i_55__0_n_0
    SLICE_X27Y87         CARRY4 (Prop_carry4_DI[1]_CO[3])
                                                      0.302     7.394 r  dut/GEN_VEDIC.u_mul/u1/product__0_carry__0_i_29__0/CO[3]
                         net (fo=1, routed)           0.000     7.394    dut/GEN_VEDIC.u_mul/u1/product__0_carry__0_i_29__0_n_0
    SLICE_X27Y88         CARRY4 (Prop_carry4_CI_O[0])
                                                      0.139     7.533 r  dut/GEN_VEDIC.u_mul/u1/product__0_carry__1_i_37__0/O[0]
                         net (fo=3, routed)           0.592     8.125    dut/GEN_VEDIC.u_mul/u1/u1/p1_6[6]
    SLICE_X25Y87         LUT3 (Prop_lut3_I0_O)        0.155     8.280 r  dut/GEN_VEDIC.u_mul/u1/product__0_carry__1_i_14__0/O
                         net (fo=1, routed)           0.363     8.643    dut/GEN_VEDIC.u_mul/u1/product__0_carry__1_i_14__0_n_0
    SLICE_X26Y87         CARRY4 (Prop_carry4_DI[3]_CO[3])
                                                      0.234     8.877 r  dut/GEN_VEDIC.u_mul/u1/product__0_carry__1_i_9__0/CO[3]
                         net (fo=1, routed)           0.000     8.877    dut/GEN_VEDIC.u_mul/u1/product__0_carry__1_i_9__0_n_0
    SLICE_X26Y88         CARRY4 (Prop_carry4_CI_O[1])
                                                      0.212     9.089 r  dut/GEN_VEDIC.u_mul/u1/product__0_carry__2_i_9__0/O[1]
                         net (fo=3, routed)           0.723     9.813    dut/GEN_VEDIC.u_mul/u1/p1[13]
    SLICE_X20Y88         LUT3 (Prop_lut3_I0_O)        0.155     9.968 r  dut/GEN_VEDIC.u_mul/u1/product__0_carry__2_i_2/O
                         net (fo=1, routed)           0.430    10.398    dut/GEN_VEDIC.u_mul/u1/product__0_carry__2_i_2_n_0
    SLICE_X21Y88         CARRY4 (Prop_carry4_DI[2]_CO[3])
                                                      0.239    10.637 r  dut/GEN_VEDIC.u_mul/u1/product__0_carry__2/CO[3]
                         net (fo=1, routed)           0.000    10.637    dut/GEN_VEDIC.u_mul/u1/product__0_carry__2_n_0
    SLICE_X21Y89         CARRY4 (Prop_carry4_CI_O[0])
                                                      0.139    10.776 r  dut/GEN_VEDIC.u_mul/u1/product__0_carry__3/O[0]
                         net (fo=3, routed)           0.686    11.462    dut/GEN_VEDIC.u_mul/u1/p_0_in[16]
    SLICE_X8Y88          LUT3 (Prop_lut3_I0_O)        0.155    11.617 r  dut/GEN_VEDIC.u_mul/u1/product_out[43]_i_4/O
                         net (fo=1, routed)           0.430    12.047    dut/GEN_VEDIC.u_mul/u1/product_out[43]_i_4_n_0
    SLICE_X9Y88          CARRY4 (Prop_carry4_DI[1]_CO[3])
                                                      0.302    12.349 r  dut/GEN_VEDIC.u_mul/u1/product_out_reg[43]_i_1/CO[3]
                         net (fo=1, routed)           0.000    12.349    dut/GEN_VEDIC.u_mul/u1/product_out_reg[43]_i_1_n_0
    SLICE_X9Y89          CARRY4 (Prop_carry4_CI_CO[3])
                                                      0.058    12.407 r  dut/GEN_VEDIC.u_mul/u1/product_out_reg[47]_i_1/CO[3]
                         net (fo=1, routed)           0.000    12.407    dut/GEN_VEDIC.u_mul/u3/product_out_reg[51][0]
    SLICE_X9Y90          CARRY4 (Prop_carry4_CI_O[1])
                                                      0.213    12.620 r  dut/GEN_VEDIC.u_mul/u3/product_out_reg[51]_i_1/O[1]
                         net (fo=1, routed)           0.000    12.620    product_comb[49]
    SLICE_X9Y90          FDRE                                         r  product_out_reg[49]/D
  -------------------------------------------------------------------    -------------------

                         (clock sys_clk rise edge)   10.000    10.000 r  
    AD23                                              0.000    10.000 r  clk (IN)
                         net (fo=0)                   0.000    10.000    clk
    AD23                 IBUF (Prop_ibuf_I_O)         0.796    10.796 r  clk_IBUF_inst/O
                         net (fo=1, routed)           1.741    12.537    clk_IBUF
    BUFGCTRL_X0Y0        BUFG (Prop_bufg_I_O)         0.113    12.650 r  clk_IBUF_BUFG_inst/O
                         net (fo=128, routed)         1.348    13.998    clk_IBUF_BUFG
    SLICE_X9Y90          FDRE                                         r  product_out_reg[49]/C
                         clock pessimism              0.254    14.253    
                         clock uncertainty           -0.035    14.217    
    SLICE_X9Y90          FDRE (Setup_fdre_C_D)        0.051    14.268    product_out_reg[49]
  -------------------------------------------------------------------
                         required time                         14.268    
                         arrival time                         -12.620    
  -------------------------------------------------------------------
                         slack                                  1.648    

Slack (MET) :             1.665ns  (required time - arrival time)
  Source:                 a_reg_reg[28]/C
                            (rising edge-triggered cell FDRE clocked by sys_clk  {rise@0.000ns fall@5.000ns period=10.000ns})
  Destination:            product_out_reg[52]/D
                            (rising edge-triggered cell FDRE clocked by sys_clk  {rise@0.000ns fall@5.000ns period=10.000ns})
  Path Group:             sys_clk
  Path Type:              Setup (Max at Slow Process Corner)
  Requirement:            10.000ns  (sys_clk rise@10.000ns - sys_clk rise@0.000ns)
  Data Path Delay:        8.265ns  (logic 2.789ns (33.743%)  route 5.476ns (66.257%))
  Logic Levels:           15  (CARRY4=10 LUT3=4 LUT4=1)
  Clock Path Skew:        -0.085ns (DCD - SCD + CPR)
    Destination Clock Delay (DCD):    3.999ns = ( 13.999 - 10.000 ) 
    Source Clock Delay      (SCD):    4.339ns
    Clock Pessimism Removal (CPR):    0.254ns
  Clock Uncertainty:      0.035ns  ((TSJ^2 + TIJ^2)^1/2 + DJ) / 2 + PE
    Total System Jitter     (TSJ):    0.071ns
    Total Input Jitter      (TIJ):    0.000ns
    Discrete Jitter          (DJ):    0.000ns
    Phase Error              (PE):    0.000ns

    Location             Delay type                Incr(ns)  Path(ns)    Netlist Resource(s)
  -------------------------------------------------------------------    -------------------
                         (clock sys_clk rise edge)    0.000     0.000 r  
    AD23                                              0.000     0.000 r  clk (IN)
                         net (fo=0)                   0.000     0.000    clk
    AD23                 IBUF (Prop_ibuf_I_O)         0.873     0.873 r  clk_IBUF_inst/O
                         net (fo=1, routed)           1.830     2.703    clk_IBUF
    BUFGCTRL_X0Y0        BUFG (Prop_bufg_I_O)         0.120     2.823 r  clk_IBUF_BUFG_inst/O
                         net (fo=128, routed)         1.516     4.339    clk_IBUF_BUFG
    SLICE_X5Y88          FDRE                                         r  a_reg_reg[28]/C
  -------------------------------------------------------------------    -------------------
    SLICE_X5Y88          FDRE (Prop_fdre_C_Q)         0.269     4.608 f  a_reg_reg[28]/Q
                         net (fo=69, routed)          1.399     6.007    dut/GEN_VEDIC.u_mul/u1/a_reg[12]
    SLICE_X26Y89         LUT4 (Prop_lut4_I0_O)        0.065     6.072 r  dut/GEN_VEDIC.u_mul/u1/product__0_carry__0_i_103__0/O
                         net (fo=3, routed)           0.281     6.352    dut/GEN_VEDIC.u_mul/u1/u1/u1/p0_7[2]
    SLICE_X27Y89         LUT3 (Prop_lut3_I2_O)        0.168     6.520 r  dut/GEN_VEDIC.u_mul/u1/product__0_carry__0_i_55__0/O
                         net (fo=1, routed)           0.572     7.092    dut/GEN_VEDIC.u_mul/u1/product__0_carry__0_i_55__0_n_0
    SLICE_X27Y87         CARRY4 (Prop_carry4_DI[1]_CO[3])
                                                      0.302     7.394 r  dut/GEN_VEDIC.u_mul/u1/product__0_carry__0_i_29__0/CO[3]
                         net (fo=1, routed)           0.000     7.394    dut/GEN_VEDIC.u_mul/u1/product__0_carry__0_i_29__0_n_0
    SLICE_X27Y88         CARRY4 (Prop_carry4_CI_O[0])
                                                      0.139     7.533 r  dut/GEN_VEDIC.u_mul/u1/product__0_carry__1_i_37__0/O[0]
                         net (fo=3, routed)           0.592     8.125    dut/GEN_VEDIC.u_mul/u1/u1/p1_6[6]
    SLICE_X25Y87         LUT3 (Prop_lut3_I0_O)        0.155     8.280 r  dut/GEN_VEDIC.u_mul/u1/product__0_carry__1_i_14__0/O
                         net (fo=1, routed)           0.363     8.643    dut/GEN_VEDIC.u_mul/u1/product__0_carry__1_i_14__0_n_0
    SLICE_X26Y87         CARRY4 (Prop_carry4_DI[3]_CO[3])
                                                      0.234     8.877 r  dut/GEN_VEDIC.u_mul/u1/product__0_carry__1_i_9__0/CO[3]
                         net (fo=1, routed)           0.000     8.877    dut/GEN_VEDIC.u_mul/u1/product__0_carry__1_i_9__0_n_0
    SLICE_X26Y88         CARRY4 (Prop_carry4_CI_O[1])
                                                      0.212     9.089 r  dut/GEN_VEDIC.u_mul/u1/product__0_carry__2_i_9__0/O[1]
                         net (fo=3, routed)           0.723     9.813    dut/GEN_VEDIC.u_mul/u1/p1[13]
    SLICE_X20Y88         LUT3 (Prop_lut3_I0_O)        0.155     9.968 r  dut/GEN_VEDIC.u_mul/u1/product__0_carry__2_i_2/O
                         net (fo=1, routed)           0.430    10.398    dut/GEN_VEDIC.u_mul/u1/product__0_carry__2_i_2_n_0
    SLICE_X21Y88         CARRY4 (Prop_carry4_DI[2]_CO[3])
                                                      0.239    10.637 r  dut/GEN_VEDIC.u_mul/u1/product__0_carry__2/CO[3]
                         net (fo=1, routed)           0.000    10.637    dut/GEN_VEDIC.u_mul/u1/product__0_carry__2_n_0
    SLICE_X21Y89         CARRY4 (Prop_carry4_CI_O[0])
                                                      0.139    10.776 r  dut/GEN_VEDIC.u_mul/u1/product__0_carry__3/O[0]
                         net (fo=3, routed)           0.686    11.462    dut/GEN_VEDIC.u_mul/u1/p_0_in[16]
    SLICE_X8Y88          LUT3 (Prop_lut3_I0_O)        0.155    11.617 r  dut/GEN_VEDIC.u_mul/u1/product_out[43]_i_4/O
                         net (fo=1, routed)           0.430    12.047    dut/GEN_VEDIC.u_mul/u1/product_out[43]_i_4_n_0
    SLICE_X9Y88          CARRY4 (Prop_carry4_DI[1]_CO[3])
                                                      0.302    12.349 r  dut/GEN_VEDIC.u_mul/u1/product_out_reg[43]_i_1/CO[3]
                         net (fo=1, routed)           0.000    12.349    dut/GEN_VEDIC.u_mul/u1/product_out_reg[43]_i_1_n_0
    SLICE_X9Y89          CARRY4 (Prop_carry4_CI_CO[3])
                                                      0.058    12.407 r  dut/GEN_VEDIC.u_mul/u1/product_out_reg[47]_i_1/CO[3]
                         net (fo=1, routed)           0.000    12.407    dut/GEN_VEDIC.u_mul/u3/product_out_reg[51][0]
    SLICE_X9Y90          CARRY4 (Prop_carry4_CI_CO[3])
                                                      0.058    12.465 r  dut/GEN_VEDIC.u_mul/u3/product_out_reg[51]_i_1/CO[3]
                         net (fo=1, routed)           0.000    12.465    dut/GEN_VEDIC.u_mul/u3/product_out_reg[51]_i_1_n_0
    SLICE_X9Y91          CARRY4 (Prop_carry4_CI_O[0])
                                                      0.139    12.604 r  dut/GEN_VEDIC.u_mul/u3/product_out_reg[55]_i_1/O[0]
                         net (fo=1, routed)           0.000    12.604    product_comb[52]
    SLICE_X9Y91          FDRE                                         r  product_out_reg[52]/D
  -------------------------------------------------------------------    -------------------

                         (clock sys_clk rise edge)   10.000    10.000 r  
    AD23                                              0.000    10.000 r  clk (IN)
                         net (fo=0)                   0.000    10.000    clk
    AD23                 IBUF (Prop_ibuf_I_O)         0.796    10.796 r  clk_IBUF_inst/O
                         net (fo=1, routed)           1.741    12.537    clk_IBUF
    BUFGCTRL_X0Y0        BUFG (Prop_bufg_I_O)         0.113    12.650 r  clk_IBUF_BUFG_inst/O
                         net (fo=128, routed)         1.349    13.999    clk_IBUF_BUFG
    SLICE_X9Y91          FDRE                                         r  product_out_reg[52]/C
                         clock pessimism              0.254    14.254    
                         clock uncertainty           -0.035    14.218    
    SLICE_X9Y91          FDRE (Setup_fdre_C_D)        0.051    14.269    product_out_reg[52]
  -------------------------------------------------------------------
                         required time                         14.269    
                         arrival time                         -12.604    
  -------------------------------------------------------------------
                         slack                                  1.665    

Slack (MET) :             1.668ns  (required time - arrival time)
  Source:                 a_reg_reg[28]/C
                            (rising edge-triggered cell FDRE clocked by sys_clk  {rise@0.000ns fall@5.000ns period=10.000ns})
  Destination:            product_out_reg[54]/D
                            (rising edge-triggered cell FDRE clocked by sys_clk  {rise@0.000ns fall@5.000ns period=10.000ns})
  Path Group:             sys_clk
  Path Type:              Setup (Max at Slow Process Corner)
  Requirement:            10.000ns  (sys_clk rise@10.000ns - sys_clk rise@0.000ns)
  Data Path Delay:        8.262ns  (logic 2.786ns (33.719%)  route 5.476ns (66.281%))
  Logic Levels:           15  (CARRY4=10 LUT3=4 LUT4=1)
  Clock Path Skew:        -0.085ns (DCD - SCD + CPR)
    Destination Clock Delay (DCD):    3.999ns = ( 13.999 - 10.000 ) 
    Source Clock Delay      (SCD):    4.339ns
    Clock Pessimism Removal (CPR):    0.254ns
  Clock Uncertainty:      0.035ns  ((TSJ^2 + TIJ^2)^1/2 + DJ) / 2 + PE
    Total System Jitter     (TSJ):    0.071ns
    Total Input Jitter      (TIJ):    0.000ns
    Discrete Jitter          (DJ):    0.000ns
    Phase Error              (PE):    0.000ns

    Location             Delay type                Incr(ns)  Path(ns)    Netlist Resource(s)
  -------------------------------------------------------------------    -------------------
                         (clock sys_clk rise edge)    0.000     0.000 r  
    AD23                                              0.000     0.000 r  clk (IN)
                         net (fo=0)                   0.000     0.000    clk
    AD23                 IBUF (Prop_ibuf_I_O)         0.873     0.873 r  clk_IBUF_inst/O
                         net (fo=1, routed)           1.830     2.703    clk_IBUF
    BUFGCTRL_X0Y0        BUFG (Prop_bufg_I_O)         0.120     2.823 r  clk_IBUF_BUFG_inst/O
                         net (fo=128, routed)         1.516     4.339    clk_IBUF_BUFG
    SLICE_X5Y88          FDRE                                         r  a_reg_reg[28]/C
  -------------------------------------------------------------------    -------------------
    SLICE_X5Y88          FDRE (Prop_fdre_C_Q)         0.269     4.608 f  a_reg_reg[28]/Q
                         net (fo=69, routed)          1.399     6.007    dut/GEN_VEDIC.u_mul/u1/a_reg[12]
    SLICE_X26Y89         LUT4 (Prop_lut4_I0_O)        0.065     6.072 r  dut/GEN_VEDIC.u_mul/u1/product__0_carry__0_i_103__0/O
                         net (fo=3, routed)           0.281     6.352    dut/GEN_VEDIC.u_mul/u1/u1/u1/p0_7[2]
    SLICE_X27Y89         LUT3 (Prop_lut3_I2_O)        0.168     6.520 r  dut/GEN_VEDIC.u_mul/u1/product__0_carry__0_i_55__0/O
                         net (fo=1, routed)           0.572     7.092    dut/GEN_VEDIC.u_mul/u1/product__0_carry__0_i_55__0_n_0
    SLICE_X27Y87         CARRY4 (Prop_carry4_DI[1]_CO[3])
                                                      0.302     7.394 r  dut/GEN_VEDIC.u_mul/u1/product__0_carry__0_i_29__0/CO[3]
                         net (fo=1, routed)           0.000     7.394    dut/GEN_VEDIC.u_mul/u1/product__0_carry__0_i_29__0_n_0
    SLICE_X27Y88         CARRY4 (Prop_carry4_CI_O[0])
                                                      0.139     7.533 r  dut/GEN_VEDIC.u_mul/u1/product__0_carry__1_i_37__0/O[0]
                         net (fo=3, routed)           0.592     8.125    dut/GEN_VEDIC.u_mul/u1/u1/p1_6[6]
    SLICE_X25Y87         LUT3 (Prop_lut3_I0_O)        0.155     8.280 r  dut/GEN_VEDIC.u_mul/u1/product__0_carry__1_i_14__0/O
                         net (fo=1, routed)           0.363     8.643    dut/GEN_VEDIC.u_mul/u1/product__0_carry__1_i_14__0_n_0
    SLICE_X26Y87         CARRY4 (Prop_carry4_DI[3]_CO[3])
                                                      0.234     8.877 r  dut/GEN_VEDIC.u_mul/u1/product__0_carry__1_i_9__0/CO[3]
                         net (fo=1, routed)           0.000     8.877    dut/GEN_VEDIC.u_mul/u1/product__0_carry__1_i_9__0_n_0
    SLICE_X26Y88         CARRY4 (Prop_carry4_CI_O[1])
                                                      0.212     9.089 r  dut/GEN_VEDIC.u_mul/u1/product__0_carry__2_i_9__0/O[1]
                         net (fo=3, routed)           0.723     9.813    dut/GEN_VEDIC.u_mul/u1/p1[13]
    SLICE_X20Y88         LUT3 (Prop_lut3_I0_O)        0.155     9.968 r  dut/GEN_VEDIC.u_mul/u1/product__0_carry__2_i_2/O
                         net (fo=1, routed)           0.430    10.398    dut/GEN_VEDIC.u_mul/u1/product__0_carry__2_i_2_n_0
    SLICE_X21Y88         CARRY4 (Prop_carry4_DI[2]_CO[3])
                                                      0.239    10.637 r  dut/GEN_VEDIC.u_mul/u1/product__0_carry__2/CO[3]
                         net (fo=1, routed)           0.000    10.637    dut/GEN_VEDIC.u_mul/u1/product__0_carry__2_n_0
    SLICE_X21Y89         CARRY4 (Prop_carry4_CI_O[0])
                                                      0.139    10.776 r  dut/GEN_VEDIC.u_mul/u1/product__0_carry__3/O[0]
                         net (fo=3, routed)           0.686    11.462    dut/GEN_VEDIC.u_mul/u1/p_0_in[16]
    SLICE_X8Y88          LUT3 (Prop_lut3_I0_O)        0.155    11.617 r  dut/GEN_VEDIC.u_mul/u1/product_out[43]_i_4/O
                         net (fo=1, routed)           0.430    12.047    dut/GEN_VEDIC.u_mul/u1/product_out[43]_i_4_n_0
    SLICE_X9Y88          CARRY4 (Prop_carry4_DI[1]_CO[3])
                                                      0.302    12.349 r  dut/GEN_VEDIC.u_mul/u1/product_out_reg[43]_i_1/CO[3]
                         net (fo=1, routed)           0.000    12.349    dut/GEN_VEDIC.u_mul/u1/product_out_reg[43]_i_1_n_0
    SLICE_X9Y89          CARRY4 (Prop_carry4_CI_CO[3])
                                                      0.058    12.407 r  dut/GEN_VEDIC.u_mul/u1/product_out_reg[47]_i_1/CO[3]
                         net (fo=1, routed)           0.000    12.407    dut/GEN_VEDIC.u_mul/u3/product_out_reg[51][0]
    SLICE_X9Y90          CARRY4 (Prop_carry4_CI_CO[3])
                                                      0.058    12.465 r  dut/GEN_VEDIC.u_mul/u3/product_out_reg[51]_i_1/CO[3]
                         net (fo=1, routed)           0.000    12.465    dut/GEN_VEDIC.u_mul/u3/product_out_reg[51]_i_1_n_0
    SLICE_X9Y91          CARRY4 (Prop_carry4_CI_O[2])
                                                      0.136    12.601 r  dut/GEN_VEDIC.u_mul/u3/product_out_reg[55]_i_1/O[2]
                         net (fo=1, routed)           0.000    12.601    product_comb[54]
    SLICE_X9Y91          FDRE                                         r  product_out_reg[54]/D
  -------------------------------------------------------------------    -------------------

                         (clock sys_clk rise edge)   10.000    10.000 r  
    AD23                                              0.000    10.000 r  clk (IN)
                         net (fo=0)                   0.000    10.000    clk
    AD23                 IBUF (Prop_ibuf_I_O)         0.796    10.796 r  clk_IBUF_inst/O
                         net (fo=1, routed)           1.741    12.537    clk_IBUF
    BUFGCTRL_X0Y0        BUFG (Prop_bufg_I_O)         0.113    12.650 r  clk_IBUF_BUFG_inst/O
                         net (fo=128, routed)         1.349    13.999    clk_IBUF_BUFG
    SLICE_X9Y91          FDRE                                         r  product_out_reg[54]/C
                         clock pessimism              0.254    14.254    
                         clock uncertainty           -0.035    14.218    
    SLICE_X9Y91          FDRE (Setup_fdre_C_D)        0.051    14.269    product_out_reg[54]
  -------------------------------------------------------------------
                         required time                         14.269    
                         arrival time                         -12.601    
  -------------------------------------------------------------------
                         slack                                  1.668    

Slack (MET) :             1.682ns  (required time - arrival time)
  Source:                 a_reg_reg[28]/C
                            (rising edge-triggered cell FDRE clocked by sys_clk  {rise@0.000ns fall@5.000ns period=10.000ns})
  Destination:            product_out_reg[51]/D
                            (rising edge-triggered cell FDRE clocked by sys_clk  {rise@0.000ns fall@5.000ns period=10.000ns})
  Path Group:             sys_clk
  Path Type:              Setup (Max at Slow Process Corner)
  Requirement:            10.000ns  (sys_clk rise@10.000ns - sys_clk rise@0.000ns)
  Data Path Delay:        8.247ns  (logic 2.771ns (33.598%)  route 5.476ns (66.402%))
  Logic Levels:           14  (CARRY4=9 LUT3=4 LUT4=1)
  Clock Path Skew:        -0.086ns (DCD - SCD + CPR)
    Destination Clock Delay (DCD):    3.998ns = ( 13.998 - 10.000 ) 
    Source Clock Delay      (SCD):    4.339ns
    Clock Pessimism Removal (CPR):    0.254ns
  Clock Uncertainty:      0.035ns  ((TSJ^2 + TIJ^2)^1/2 + DJ) / 2 + PE
    Total System Jitter     (TSJ):    0.071ns
    Total Input Jitter      (TIJ):    0.000ns
    Discrete Jitter          (DJ):    0.000ns
    Phase Error              (PE):    0.000ns

    Location             Delay type                Incr(ns)  Path(ns)    Netlist Resource(s)
  -------------------------------------------------------------------    -------------------
                         (clock sys_clk rise edge)    0.000     0.000 r  
    AD23                                              0.000     0.000 r  clk (IN)
                         net (fo=0)                   0.000     0.000    clk
    AD23                 IBUF (Prop_ibuf_I_O)         0.873     0.873 r  clk_IBUF_inst/O
                         net (fo=1, routed)           1.830     2.703    clk_IBUF
    BUFGCTRL_X0Y0        BUFG (Prop_bufg_I_O)         0.120     2.823 r  clk_IBUF_BUFG_inst/O
                         net (fo=128, routed)         1.516     4.339    clk_IBUF_BUFG
    SLICE_X5Y88          FDRE                                         r  a_reg_reg[28]/C
  -------------------------------------------------------------------    -------------------
    SLICE_X5Y88          FDRE (Prop_fdre_C_Q)         0.269     4.608 f  a_reg_reg[28]/Q
                         net (fo=69, routed)          1.399     6.007    dut/GEN_VEDIC.u_mul/u1/a_reg[12]
    SLICE_X26Y89         LUT4 (Prop_lut4_I0_O)        0.065     6.072 r  dut/GEN_VEDIC.u_mul/u1/product__0_carry__0_i_103__0/O
                         net (fo=3, routed)           0.281     6.352    dut/GEN_VEDIC.u_mul/u1/u1/u1/p0_7[2]
    SLICE_X27Y89         LUT3 (Prop_lut3_I2_O)        0.168     6.520 r  dut/GEN_VEDIC.u_mul/u1/product__0_carry__0_i_55__0/O
                         net (fo=1, routed)           0.572     7.092    dut/GEN_VEDIC.u_mul/u1/product__0_carry__0_i_55__0_n_0
    SLICE_X27Y87         CARRY4 (Prop_carry4_DI[1]_CO[3])
                                                      0.302     7.394 r  dut/GEN_VEDIC.u_mul/u1/product__0_carry__0_i_29__0/CO[3]
                         net (fo=1, routed)           0.000     7.394    dut/GEN_VEDIC.u_mul/u1/product__0_carry__0_i_29__0_n_0
    SLICE_X27Y88         CARRY4 (Prop_carry4_CI_O[0])
                                                      0.139     7.533 r  dut/GEN_VEDIC.u_mul/u1/product__0_carry__1_i_37__0/O[0]
                         net (fo=3, routed)           0.592     8.125    dut/GEN_VEDIC.u_mul/u1/u1/p1_6[6]
    SLICE_X25Y87         LUT3 (Prop_lut3_I0_O)        0.155     8.280 r  dut/GEN_VEDIC.u_mul/u1/product__0_carry__1_i_14__0/O
                         net (fo=1, routed)           0.363     8.643    dut/GEN_VEDIC.u_mul/u1/product__0_carry__1_i_14__0_n_0
    SLICE_X26Y87         CARRY4 (Prop_carry4_DI[3]_CO[3])
                                                      0.234     8.877 r  dut/GEN_VEDIC.u_mul/u1/product__0_carry__1_i_9__0/CO[3]
                         net (fo=1, routed)           0.000     8.877    dut/GEN_VEDIC.u_mul/u1/product__0_carry__1_i_9__0_n_0
    SLICE_X26Y88         CARRY4 (Prop_carry4_CI_O[1])
                                                      0.212     9.089 r  dut/GEN_VEDIC.u_mul/u1/product__0_carry__2_i_9__0/O[1]
                         net (fo=3, routed)           0.723     9.813    dut/GEN_VEDIC.u_mul/u1/p1[13]
    SLICE_X20Y88         LUT3 (Prop_lut3_I0_O)        0.155     9.968 r  dut/GEN_VEDIC.u_mul/u1/product__0_carry__2_i_2/O
                         net (fo=1, routed)           0.430    10.398    dut/GEN_VEDIC.u_mul/u1/product__0_carry__2_i_2_n_0
    SLICE_X21Y88         CARRY4 (Prop_carry4_DI[2]_CO[3])
                                                      0.239    10.637 r  dut/GEN_VEDIC.u_mul/u1/product__0_carry__2/CO[3]
                         net (fo=1, routed)           0.000    10.637    dut/GEN_VEDIC.u_mul/u1/product__0_carry__2_n_0
    SLICE_X21Y89         CARRY4 (Prop_carry4_CI_O[0])
                                                      0.139    10.776 r  dut/GEN_VEDIC.u_mul/u1/product__0_carry__3/O[0]
                         net (fo=3, routed)           0.686    11.462    dut/GEN_VEDIC.u_mul/u1/p_0_in[16]
    SLICE_X8Y88          LUT3 (Prop_lut3_I0_O)        0.155    11.617 r  dut/GEN_VEDIC.u_mul/u1/product_out[43]_i_4/O
                         net (fo=1, routed)           0.430    12.047    dut/GEN_VEDIC.u_mul/u1/product_out[43]_i_4_n_0
    SLICE_X9Y88          CARRY4 (Prop_carry4_DI[1]_CO[3])
                                                      0.302    12.349 r  dut/GEN_VEDIC.u_mul/u1/product_out_reg[43]_i_1/CO[3]
                         net (fo=1, routed)           0.000    12.349    dut/GEN_VEDIC.u_mul/u1/product_out_reg[43]_i_1_n_0
    SLICE_X9Y89          CARRY4 (Prop_carry4_CI_CO[3])
                                                      0.058    12.407 r  dut/GEN_VEDIC.u_mul/u1/product_out_reg[47]_i_1/CO[3]
                         net (fo=1, routed)           0.000    12.407    dut/GEN_VEDIC.u_mul/u3/product_out_reg[51][0]
    SLICE_X9Y90          CARRY4 (Prop_carry4_CI_O[3])
                                                      0.179    12.586 r  dut/GEN_VEDIC.u_mul/u3/product_out_reg[51]_i_1/O[3]
                         net (fo=1, routed)           0.000    12.586    product_comb[51]
    SLICE_X9Y90          FDRE                                         r  product_out_reg[51]/D
  -------------------------------------------------------------------    -------------------

                         (clock sys_clk rise edge)   10.000    10.000 r  
    AD23                                              0.000    10.000 r  clk (IN)
                         net (fo=0)                   0.000    10.000    clk
    AD23                 IBUF (Prop_ibuf_I_O)         0.796    10.796 r  clk_IBUF_inst/O
                         net (fo=1, routed)           1.741    12.537    clk_IBUF
    BUFGCTRL_X0Y0        BUFG (Prop_bufg_I_O)         0.113    12.650 r  clk_IBUF_BUFG_inst/O
                         net (fo=128, routed)         1.348    13.998    clk_IBUF_BUFG
    SLICE_X9Y90          FDRE                                         r  product_out_reg[51]/C
                         clock pessimism              0.254    14.253    
                         clock uncertainty           -0.035    14.217    
    SLICE_X9Y90          FDRE (Setup_fdre_C_D)        0.051    14.268    product_out_reg[51]
  -------------------------------------------------------------------
                         required time                         14.268    
                         arrival time                         -12.586    
  -------------------------------------------------------------------
                         slack                                  1.682    

Slack (MET) :             1.706ns  (required time - arrival time)
  Source:                 a_reg_reg[28]/C
                            (rising edge-triggered cell FDRE clocked by sys_clk  {rise@0.000ns fall@5.000ns period=10.000ns})
  Destination:            product_out_reg[45]/D
                            (rising edge-triggered cell FDRE clocked by sys_clk  {rise@0.000ns fall@5.000ns period=10.000ns})
  Path Group:             sys_clk
  Path Type:              Setup (Max at Slow Process Corner)
  Requirement:            10.000ns  (sys_clk rise@10.000ns - sys_clk rise@0.000ns)
  Data Path Delay:        8.223ns  (logic 2.747ns (33.404%)  route 5.476ns (66.596%))
  Logic Levels:           13  (CARRY4=8 LUT3=4 LUT4=1)
  Clock Path Skew:        -0.086ns (DCD - SCD + CPR)
    Destination Clock Delay (DCD):    3.998ns = ( 13.998 - 10.000 ) 
    Source Clock Delay      (SCD):    4.339ns
    Clock Pessimism Removal (CPR):    0.254ns
  Clock Uncertainty:      0.035ns  ((TSJ^2 + TIJ^2)^1/2 + DJ) / 2 + PE
    Total System Jitter     (TSJ):    0.071ns
    Total Input Jitter      (TIJ):    0.000ns
    Discrete Jitter          (DJ):    0.000ns
    Phase Error              (PE):    0.000ns

    Location             Delay type                Incr(ns)  Path(ns)    Netlist Resource(s)
  -------------------------------------------------------------------    -------------------
                         (clock sys_clk rise edge)    0.000     0.000 r  
    AD23                                              0.000     0.000 r  clk (IN)
                         net (fo=0)                   0.000     0.000    clk
    AD23                 IBUF (Prop_ibuf_I_O)         0.873     0.873 r  clk_IBUF_inst/O
                         net (fo=1, routed)           1.830     2.703    clk_IBUF
    BUFGCTRL_X0Y0        BUFG (Prop_bufg_I_O)         0.120     2.823 r  clk_IBUF_BUFG_inst/O
                         net (fo=128, routed)         1.516     4.339    clk_IBUF_BUFG
    SLICE_X5Y88          FDRE                                         r  a_reg_reg[28]/C
  -------------------------------------------------------------------    -------------------
    SLICE_X5Y88          FDRE (Prop_fdre_C_Q)         0.269     4.608 f  a_reg_reg[28]/Q
                         net (fo=69, routed)          1.399     6.007    dut/GEN_VEDIC.u_mul/u1/a_reg[12]
    SLICE_X26Y89         LUT4 (Prop_lut4_I0_O)        0.065     6.072 r  dut/GEN_VEDIC.u_mul/u1/product__0_carry__0_i_103__0/O
                         net (fo=3, routed)           0.281     6.352    dut/GEN_VEDIC.u_mul/u1/u1/u1/p0_7[2]
    SLICE_X27Y89         LUT3 (Prop_lut3_I2_O)        0.168     6.520 r  dut/GEN_VEDIC.u_mul/u1/product__0_carry__0_i_55__0/O
                         net (fo=1, routed)           0.572     7.092    dut/GEN_VEDIC.u_mul/u1/product__0_carry__0_i_55__0_n_0
    SLICE_X27Y87         CARRY4 (Prop_carry4_DI[1]_CO[3])
                                                      0.302     7.394 r  dut/GEN_VEDIC.u_mul/u1/product__0_carry__0_i_29__0/CO[3]
                         net (fo=1, routed)           0.000     7.394    dut/GEN_VEDIC.u_mul/u1/product__0_carry__0_i_29__0_n_0
    SLICE_X27Y88         CARRY4 (Prop_carry4_CI_O[0])
                                                      0.139     7.533 r  dut/GEN_VEDIC.u_mul/u1/product__0_carry__1_i_37__0/O[0]
                         net (fo=3, routed)           0.592     8.125    dut/GEN_VEDIC.u_mul/u1/u1/p1_6[6]
    SLICE_X25Y87         LUT3 (Prop_lut3_I0_O)        0.155     8.280 r  dut/GEN_VEDIC.u_mul/u1/product__0_carry__1_i_14__0/O
                         net (fo=1, routed)           0.363     8.643    dut/GEN_VEDIC.u_mul/u1/product__0_carry__1_i_14__0_n_0
    SLICE_X26Y87         CARRY4 (Prop_carry4_DI[3]_CO[3])
                                                      0.234     8.877 r  dut/GEN_VEDIC.u_mul/u1/product__0_carry__1_i_9__0/CO[3]
                         net (fo=1, routed)           0.000     8.877    dut/GEN_VEDIC.u_mul/u1/product__0_carry__1_i_9__0_n_0
    SLICE_X26Y88         CARRY4 (Prop_carry4_CI_O[1])
                                                      0.212     9.089 r  dut/GEN_VEDIC.u_mul/u1/product__0_carry__2_i_9__0/O[1]
                         net (fo=3, routed)           0.723     9.813    dut/GEN_VEDIC.u_mul/u1/p1[13]
    SLICE_X20Y88         LUT3 (Prop_lut3_I0_O)        0.155     9.968 r  dut/GEN_VEDIC.u_mul/u1/product__0_carry__2_i_2/O
                         net (fo=1, routed)           0.430    10.398    dut/GEN_VEDIC.u_mul/u1/product__0_carry__2_i_2_n_0
    SLICE_X21Y88         CARRY4 (Prop_carry4_DI[2]_CO[3])
                                                      0.239    10.637 r  dut/GEN_VEDIC.u_mul/u1/product__0_carry__2/CO[3]
                         net (fo=1, routed)           0.000    10.637    dut/GEN_VEDIC.u_mul/u1/product__0_carry__2_n_0
    SLICE_X21Y89         CARRY4 (Prop_carry4_CI_O[0])
                                                      0.139    10.776 r  dut/GEN_VEDIC.u_mul/u1/product__0_carry__3/O[0]
                         net (fo=3, routed)           0.686    11.462    dut/GEN_VEDIC.u_mul/u1/p_0_in[16]
    SLICE_X8Y88          LUT3 (Prop_lut3_I0_O)        0.155    11.617 r  dut/GEN_VEDIC.u_mul/u1/product_out[43]_i_4/O
                         net (fo=1, routed)           0.430    12.047    dut/GEN_VEDIC.u_mul/u1/product_out[43]_i_4_n_0
    SLICE_X9Y88          CARRY4 (Prop_carry4_DI[1]_CO[3])
                                                      0.302    12.349 r  dut/GEN_VEDIC.u_mul/u1/product_out_reg[43]_i_1/CO[3]
                         net (fo=1, routed)           0.000    12.349    dut/GEN_VEDIC.u_mul/u1/product_out_reg[43]_i_1_n_0
    SLICE_X9Y89          CARRY4 (Prop_carry4_CI_O[1])
                                                      0.213    12.562 r  dut/GEN_VEDIC.u_mul/u1/product_out_reg[47]_i_1/O[1]
                         net (fo=1, routed)           0.000    12.562    product_comb[45]
    SLICE_X9Y89          FDRE                                         r  product_out_reg[45]/D
  -------------------------------------------------------------------    -------------------

                         (clock sys_clk rise edge)   10.000    10.000 r  
    AD23                                              0.000    10.000 r  clk (IN)
                         net (fo=0)                   0.000    10.000    clk
    AD23                 IBUF (Prop_ibuf_I_O)         0.796    10.796 r  clk_IBUF_inst/O
                         net (fo=1, routed)           1.741    12.537    clk_IBUF
    BUFGCTRL_X0Y0        BUFG (Prop_bufg_I_O)         0.113    12.650 r  clk_IBUF_BUFG_inst/O
                         net (fo=128, routed)         1.348    13.998    clk_IBUF_BUFG
    SLICE_X9Y89          FDRE                                         r  product_out_reg[45]/C
                         clock pessimism              0.254    14.253    
                         clock uncertainty           -0.035    14.217    
    SLICE_X9Y89          FDRE (Setup_fdre_C_D)        0.051    14.268    product_out_reg[45]
  -------------------------------------------------------------------
                         required time                         14.268    
                         arrival time                         -12.562    
  -------------------------------------------------------------------
                         slack                                  1.706    

Slack (MET) :             1.722ns  (required time - arrival time)
  Source:                 a_reg_reg[28]/C
                            (rising edge-triggered cell FDRE clocked by sys_clk  {rise@0.000ns fall@5.000ns period=10.000ns})
  Destination:            product_out_reg[48]/D
                            (rising edge-triggered cell FDRE clocked by sys_clk  {rise@0.000ns fall@5.000ns period=10.000ns})
  Path Group:             sys_clk
  Path Type:              Setup (Max at Slow Process Corner)
  Requirement:            10.000ns  (sys_clk rise@10.000ns - sys_clk rise@0.000ns)
  Data Path Delay:        8.207ns  (logic 2.731ns (33.274%)  route 5.476ns (66.726%))
  Logic Levels:           14  (CARRY4=9 LUT3=4 LUT4=1)
  Clock Path Skew:        -0.086ns (DCD - SCD + CPR)
    Destination Clock Delay (DCD):    3.998ns = ( 13.998 - 10.000 ) 
    Source Clock Delay      (SCD):    4.339ns
    Clock Pessimism Removal (CPR):    0.254ns
  Clock Uncertainty:      0.035ns  ((TSJ^2 + TIJ^2)^1/2 + DJ) / 2 + PE
    Total System Jitter     (TSJ):    0.071ns
    Total Input Jitter      (TIJ):    0.000ns
    Discrete Jitter          (DJ):    0.000ns
    Phase Error              (PE):    0.000ns

    Location             Delay type                Incr(ns)  Path(ns)    Netlist Resource(s)
  -------------------------------------------------------------------    -------------------
                         (clock sys_clk rise edge)    0.000     0.000 r  
    AD23                                              0.000     0.000 r  clk (IN)
                         net (fo=0)                   0.000     0.000    clk
    AD23                 IBUF (Prop_ibuf_I_O)         0.873     0.873 r  clk_IBUF_inst/O
                         net (fo=1, routed)           1.830     2.703    clk_IBUF
    BUFGCTRL_X0Y0        BUFG (Prop_bufg_I_O)         0.120     2.823 r  clk_IBUF_BUFG_inst/O
                         net (fo=128, routed)         1.516     4.339    clk_IBUF_BUFG
    SLICE_X5Y88          FDRE                                         r  a_reg_reg[28]/C
  -------------------------------------------------------------------    -------------------
    SLICE_X5Y88          FDRE (Prop_fdre_C_Q)         0.269     4.608 f  a_reg_reg[28]/Q
                         net (fo=69, routed)          1.399     6.007    dut/GEN_VEDIC.u_mul/u1/a_reg[12]
    SLICE_X26Y89         LUT4 (Prop_lut4_I0_O)        0.065     6.072 r  dut/GEN_VEDIC.u_mul/u1/product__0_carry__0_i_103__0/O
                         net (fo=3, routed)           0.281     6.352    dut/GEN_VEDIC.u_mul/u1/u1/u1/p0_7[2]
    SLICE_X27Y89         LUT3 (Prop_lut3_I2_O)        0.168     6.520 r  dut/GEN_VEDIC.u_mul/u1/product__0_carry__0_i_55__0/O
                         net (fo=1, routed)           0.572     7.092    dut/GEN_VEDIC.u_mul/u1/product__0_carry__0_i_55__0_n_0
    SLICE_X27Y87         CARRY4 (Prop_carry4_DI[1]_CO[3])
                                                      0.302     7.394 r  dut/GEN_VEDIC.u_mul/u1/product__0_carry__0_i_29__0/CO[3]
                         net (fo=1, routed)           0.000     7.394    dut/GEN_VEDIC.u_mul/u1/product__0_carry__0_i_29__0_n_0
    SLICE_X27Y88         CARRY4 (Prop_carry4_CI_O[0])
                                                      0.139     7.533 r  dut/GEN_VEDIC.u_mul/u1/product__0_carry__1_i_37__0/O[0]
                         net (fo=3, routed)           0.592     8.125    dut/GEN_VEDIC.u_mul/u1/u1/p1_6[6]
    SLICE_X25Y87         LUT3 (Prop_lut3_I0_O)        0.155     8.280 r  dut/GEN_VEDIC.u_mul/u1/product__0_carry__1_i_14__0/O
                         net (fo=1, routed)           0.363     8.643    dut/GEN_VEDIC.u_mul/u1/product__0_carry__1_i_14__0_n_0
    SLICE_X26Y87         CARRY4 (Prop_carry4_DI[3]_CO[3])
                                                      0.234     8.877 r  dut/GEN_VEDIC.u_mul/u1/product__0_carry__1_i_9__0/CO[3]
                         net (fo=1, routed)           0.000     8.877    dut/GEN_VEDIC.u_mul/u1/product__0_carry__1_i_9__0_n_0
    SLICE_X26Y88         CARRY4 (Prop_carry4_CI_O[1])
                                                      0.212     9.089 r  dut/GEN_VEDIC.u_mul/u1/product__0_carry__2_i_9__0/O[1]
                         net (fo=3, routed)           0.723     9.813    dut/GEN_VEDIC.u_mul/u1/p1[13]
    SLICE_X20Y88         LUT3 (Prop_lut3_I0_O)        0.155     9.968 r  dut/GEN_VEDIC.u_mul/u1/product__0_carry__2_i_2/O
                         net (fo=1, routed)           0.430    10.398    dut/GEN_VEDIC.u_mul/u1/product__0_carry__2_i_2_n_0
    SLICE_X21Y88         CARRY4 (Prop_carry4_DI[2]_CO[3])
                                                      0.239    10.637 r  dut/GEN_VEDIC.u_mul/u1/product__0_carry__2/CO[3]
                         net (fo=1, routed)           0.000    10.637    dut/GEN_VEDIC.u_mul/u1/product__0_carry__2_n_0
    SLICE_X21Y89         CARRY4 (Prop_carry4_CI_O[0])
                                                      0.139    10.776 r  dut/GEN_VEDIC.u_mul/u1/product__0_carry__3/O[0]
                         net (fo=3, routed)           0.686    11.462    dut/GEN_VEDIC.u_mul/u1/p_0_in[16]
    SLICE_X8Y88          LUT3 (Prop_lut3_I0_O)        0.155    11.617 r  dut/GEN_VEDIC.u_mul/u1/product_out[43]_i_4/O
                         net (fo=1, routed)           0.430    12.047    dut/GEN_VEDIC.u_mul/u1/product_out[43]_i_4_n_0
    SLICE_X9Y88          CARRY4 (Prop_carry4_DI[1]_CO[3])
                                                      0.302    12.349 r  dut/GEN_VEDIC.u_mul/u1/product_out_reg[43]_i_1/CO[3]
                         net (fo=1, routed)           0.000    12.349    dut/GEN_VEDIC.u_mul/u1/product_out_reg[43]_i_1_n_0
    SLICE_X9Y89          CARRY4 (Prop_carry4_CI_CO[3])
                                                      0.058    12.407 r  dut/GEN_VEDIC.u_mul/u1/product_out_reg[47]_i_1/CO[3]
                         net (fo=1, routed)           0.000    12.407    dut/GEN_VEDIC.u_mul/u3/product_out_reg[51][0]
    SLICE_X9Y90          CARRY4 (Prop_carry4_CI_O[0])
                                                      0.139    12.546 r  dut/GEN_VEDIC.u_mul/u3/product_out_reg[51]_i_1/O[0]
                         net (fo=1, routed)           0.000    12.546    product_comb[48]
    SLICE_X9Y90          FDRE                                         r  product_out_reg[48]/D
  -------------------------------------------------------------------    -------------------

                         (clock sys_clk rise edge)   10.000    10.000 r  
    AD23                                              0.000    10.000 r  clk (IN)
                         net (fo=0)                   0.000    10.000    clk
    AD23                 IBUF (Prop_ibuf_I_O)         0.796    10.796 r  clk_IBUF_inst/O
                         net (fo=1, routed)           1.741    12.537    clk_IBUF
    BUFGCTRL_X0Y0        BUFG (Prop_bufg_I_O)         0.113    12.650 r  clk_IBUF_BUFG_inst/O
                         net (fo=128, routed)         1.348    13.998    clk_IBUF_BUFG
    SLICE_X9Y90          FDRE                                         r  product_out_reg[48]/C
                         clock pessimism              0.254    14.253    
                         clock uncertainty           -0.035    14.217    
    SLICE_X9Y90          FDRE (Setup_fdre_C_D)        0.051    14.268    product_out_reg[48]
  -------------------------------------------------------------------
                         required time                         14.268    
                         arrival time                         -12.546    
  -------------------------------------------------------------------
                         slack                                  1.722    

Slack (MET) :             1.725ns  (required time - arrival time)
  Source:                 a_reg_reg[28]/C
                            (rising edge-triggered cell FDRE clocked by sys_clk  {rise@0.000ns fall@5.000ns period=10.000ns})
  Destination:            product_out_reg[50]/D
                            (rising edge-triggered cell FDRE clocked by sys_clk  {rise@0.000ns fall@5.000ns period=10.000ns})
  Path Group:             sys_clk
  Path Type:              Setup (Max at Slow Process Corner)
  Requirement:            10.000ns  (sys_clk rise@10.000ns - sys_clk rise@0.000ns)
  Data Path Delay:        8.204ns  (logic 2.728ns (33.250%)  route 5.476ns (66.750%))
  Logic Levels:           14  (CARRY4=9 LUT3=4 LUT4=1)
  Clock Path Skew:        -0.086ns (DCD - SCD + CPR)
    Destination Clock Delay (DCD):    3.998ns = ( 13.998 - 10.000 ) 
    Source Clock Delay      (SCD):    4.339ns
    Clock Pessimism Removal (CPR):    0.254ns
  Clock Uncertainty:      0.035ns  ((TSJ^2 + TIJ^2)^1/2 + DJ) / 2 + PE
    Total System Jitter     (TSJ):    0.071ns
    Total Input Jitter      (TIJ):    0.000ns
    Discrete Jitter          (DJ):    0.000ns
    Phase Error              (PE):    0.000ns

    Location             Delay type                Incr(ns)  Path(ns)    Netlist Resource(s)
  -------------------------------------------------------------------    -------------------
                         (clock sys_clk rise edge)    0.000     0.000 r  
    AD23                                              0.000     0.000 r  clk (IN)
                         net (fo=0)                   0.000     0.000    clk
    AD23                 IBUF (Prop_ibuf_I_O)         0.873     0.873 r  clk_IBUF_inst/O
                         net (fo=1, routed)           1.830     2.703    clk_IBUF
    BUFGCTRL_X0Y0        BUFG (Prop_bufg_I_O)         0.120     2.823 r  clk_IBUF_BUFG_inst/O
                         net (fo=128, routed)         1.516     4.339    clk_IBUF_BUFG
    SLICE_X5Y88          FDRE                                         r  a_reg_reg[28]/C
  -------------------------------------------------------------------    -------------------
    SLICE_X5Y88          FDRE (Prop_fdre_C_Q)         0.269     4.608 f  a_reg_reg[28]/Q
                         net (fo=69, routed)          1.399     6.007    dut/GEN_VEDIC.u_mul/u1/a_reg[12]
    SLICE_X26Y89         LUT4 (Prop_lut4_I0_O)        0.065     6.072 r  dut/GEN_VEDIC.u_mul/u1/product__0_carry__0_i_103__0/O
                         net (fo=3, routed)           0.281     6.352    dut/GEN_VEDIC.u_mul/u1/u1/u1/p0_7[2]
    SLICE_X27Y89         LUT3 (Prop_lut3_I2_O)        0.168     6.520 r  dut/GEN_VEDIC.u_mul/u1/product__0_carry__0_i_55__0/O
                         net (fo=1, routed)           0.572     7.092    dut/GEN_VEDIC.u_mul/u1/product__0_carry__0_i_55__0_n_0
    SLICE_X27Y87         CARRY4 (Prop_carry4_DI[1]_CO[3])
                                                      0.302     7.394 r  dut/GEN_VEDIC.u_mul/u1/product__0_carry__0_i_29__0/CO[3]
                         net (fo=1, routed)           0.000     7.394    dut/GEN_VEDIC.u_mul/u1/product__0_carry__0_i_29__0_n_0
    SLICE_X27Y88         CARRY4 (Prop_carry4_CI_O[0])
                                                      0.139     7.533 r  dut/GEN_VEDIC.u_mul/u1/product__0_carry__1_i_37__0/O[0]
                         net (fo=3, routed)           0.592     8.125    dut/GEN_VEDIC.u_mul/u1/u1/p1_6[6]
    SLICE_X25Y87         LUT3 (Prop_lut3_I0_O)        0.155     8.280 r  dut/GEN_VEDIC.u_mul/u1/product__0_carry__1_i_14__0/O
                         net (fo=1, routed)           0.363     8.643    dut/GEN_VEDIC.u_mul/u1/product__0_carry__1_i_14__0_n_0
    SLICE_X26Y87         CARRY4 (Prop_carry4_DI[3]_CO[3])
                                                      0.234     8.877 r  dut/GEN_VEDIC.u_mul/u1/product__0_carry__1_i_9__0/CO[3]
                         net (fo=1, routed)           0.000     8.877    dut/GEN_VEDIC.u_mul/u1/product__0_carry__1_i_9__0_n_0
    SLICE_X26Y88         CARRY4 (Prop_carry4_CI_O[1])
                                                      0.212     9.089 r  dut/GEN_VEDIC.u_mul/u1/product__0_carry__2_i_9__0/O[1]
                         net (fo=3, routed)           0.723     9.813    dut/GEN_VEDIC.u_mul/u1/p1[13]
    SLICE_X20Y88         LUT3 (Prop_lut3_I0_O)        0.155     9.968 r  dut/GEN_VEDIC.u_mul/u1/product__0_carry__2_i_2/O
                         net (fo=1, routed)           0.430    10.398    dut/GEN_VEDIC.u_mul/u1/product__0_carry__2_i_2_n_0
    SLICE_X21Y88         CARRY4 (Prop_carry4_DI[2]_CO[3])
                                                      0.239    10.637 r  dut/GEN_VEDIC.u_mul/u1/product__0_carry__2/CO[3]
                         net (fo=1, routed)           0.000    10.637    dut/GEN_VEDIC.u_mul/u1/product__0_carry__2_n_0
    SLICE_X21Y89         CARRY4 (Prop_carry4_CI_O[0])
                                                      0.139    10.776 r  dut/GEN_VEDIC.u_mul/u1/product__0_carry__3/O[0]
                         net (fo=3, routed)           0.686    11.462    dut/GEN_VEDIC.u_mul/u1/p_0_in[16]
    SLICE_X8Y88          LUT3 (Prop_lut3_I0_O)        0.155    11.617 r  dut/GEN_VEDIC.u_mul/u1/product_out[43]_i_4/O
                         net (fo=1, routed)           0.430    12.047    dut/GEN_VEDIC.u_mul/u1/product_out[43]_i_4_n_0
    SLICE_X9Y88          CARRY4 (Prop_carry4_DI[1]_CO[3])
                                                      0.302    12.349 r  dut/GEN_VEDIC.u_mul/u1/product_out_reg[43]_i_1/CO[3]
                         net (fo=1, routed)           0.000    12.349    dut/GEN_VEDIC.u_mul/u1/product_out_reg[43]_i_1_n_0
    SLICE_X9Y89          CARRY4 (Prop_carry4_CI_CO[3])
                                                      0.058    12.407 r  dut/GEN_VEDIC.u_mul/u1/product_out_reg[47]_i_1/CO[3]
                         net (fo=1, routed)           0.000    12.407    dut/GEN_VEDIC.u_mul/u3/product_out_reg[51][0]
    SLICE_X9Y90          CARRY4 (Prop_carry4_CI_O[2])
                                                      0.136    12.543 r  dut/GEN_VEDIC.u_mul/u3/product_out_reg[51]_i_1/O[2]
                         net (fo=1, routed)           0.000    12.543    product_comb[50]
    SLICE_X9Y90          FDRE                                         r  product_out_reg[50]/D
  -------------------------------------------------------------------    -------------------

                         (clock sys_clk rise edge)   10.000    10.000 r  
    AD23                                              0.000    10.000 r  clk (IN)
                         net (fo=0)                   0.000    10.000    clk
    AD23                 IBUF (Prop_ibuf_I_O)         0.796    10.796 r  clk_IBUF_inst/O
                         net (fo=1, routed)           1.741    12.537    clk_IBUF
    BUFGCTRL_X0Y0        BUFG (Prop_bufg_I_O)         0.113    12.650 r  clk_IBUF_BUFG_inst/O
                         net (fo=128, routed)         1.348    13.998    clk_IBUF_BUFG
    SLICE_X9Y90          FDRE                                         r  product_out_reg[50]/C
                         clock pessimism              0.254    14.253    
                         clock uncertainty           -0.035    14.217    
    SLICE_X9Y90          FDRE (Setup_fdre_C_D)        0.051    14.268    product_out_reg[50]
  -------------------------------------------------------------------
                         required time                         14.268    
                         arrival time                         -12.543    
  -------------------------------------------------------------------
                         slack                                  1.725    

Slack (MET) :             1.740ns  (required time - arrival time)
  Source:                 a_reg_reg[28]/C
                            (rising edge-triggered cell FDRE clocked by sys_clk  {rise@0.000ns fall@5.000ns period=10.000ns})
  Destination:            product_out_reg[47]/D
                            (rising edge-triggered cell FDRE clocked by sys_clk  {rise@0.000ns fall@5.000ns period=10.000ns})
  Path Group:             sys_clk
  Path Type:              Setup (Max at Slow Process Corner)
  Requirement:            10.000ns  (sys_clk rise@10.000ns - sys_clk rise@0.000ns)
  Data Path Delay:        8.189ns  (logic 2.713ns (33.128%)  route 5.476ns (66.872%))
  Logic Levels:           13  (CARRY4=8 LUT3=4 LUT4=1)
  Clock Path Skew:        -0.086ns (DCD - SCD + CPR)
    Destination Clock Delay (DCD):    3.998ns = ( 13.998 - 10.000 ) 
    Source Clock Delay      (SCD):    4.339ns
    Clock Pessimism Removal (CPR):    0.254ns
  Clock Uncertainty:      0.035ns  ((TSJ^2 + TIJ^2)^1/2 + DJ) / 2 + PE
    Total System Jitter     (TSJ):    0.071ns
    Total Input Jitter      (TIJ):    0.000ns
    Discrete Jitter          (DJ):    0.000ns
    Phase Error              (PE):    0.000ns

    Location             Delay type                Incr(ns)  Path(ns)    Netlist Resource(s)
  -------------------------------------------------------------------    -------------------
                         (clock sys_clk rise edge)    0.000     0.000 r  
    AD23                                              0.000     0.000 r  clk (IN)
                         net (fo=0)                   0.000     0.000    clk
    AD23                 IBUF (Prop_ibuf_I_O)         0.873     0.873 r  clk_IBUF_inst/O
                         net (fo=1, routed)           1.830     2.703    clk_IBUF
    BUFGCTRL_X0Y0        BUFG (Prop_bufg_I_O)         0.120     2.823 r  clk_IBUF_BUFG_inst/O
                         net (fo=128, routed)         1.516     4.339    clk_IBUF_BUFG
    SLICE_X5Y88          FDRE                                         r  a_reg_reg[28]/C
  -------------------------------------------------------------------    -------------------
    SLICE_X5Y88          FDRE (Prop_fdre_C_Q)         0.269     4.608 f  a_reg_reg[28]/Q
                         net (fo=69, routed)          1.399     6.007    dut/GEN_VEDIC.u_mul/u1/a_reg[12]
    SLICE_X26Y89         LUT4 (Prop_lut4_I0_O)        0.065     6.072 r  dut/GEN_VEDIC.u_mul/u1/product__0_carry__0_i_103__0/O
                         net (fo=3, routed)           0.281     6.352    dut/GEN_VEDIC.u_mul/u1/u1/u1/p0_7[2]
    SLICE_X27Y89         LUT3 (Prop_lut3_I2_O)        0.168     6.520 r  dut/GEN_VEDIC.u_mul/u1/product__0_carry__0_i_55__0/O
                         net (fo=1, routed)           0.572     7.092    dut/GEN_VEDIC.u_mul/u1/product__0_carry__0_i_55__0_n_0
    SLICE_X27Y87         CARRY4 (Prop_carry4_DI[1]_CO[3])
                                                      0.302     7.394 r  dut/GEN_VEDIC.u_mul/u1/product__0_carry__0_i_29__0/CO[3]
                         net (fo=1, routed)           0.000     7.394    dut/GEN_VEDIC.u_mul/u1/product__0_carry__0_i_29__0_n_0
    SLICE_X27Y88         CARRY4 (Prop_carry4_CI_O[0])
                                                      0.139     7.533 r  dut/GEN_VEDIC.u_mul/u1/product__0_carry__1_i_37__0/O[0]
                         net (fo=3, routed)           0.592     8.125    dut/GEN_VEDIC.u_mul/u1/u1/p1_6[6]
    SLICE_X25Y87         LUT3 (Prop_lut3_I0_O)        0.155     8.280 r  dut/GEN_VEDIC.u_mul/u1/product__0_carry__1_i_14__0/O
                         net (fo=1, routed)           0.363     8.643    dut/GEN_VEDIC.u_mul/u1/product__0_carry__1_i_14__0_n_0
    SLICE_X26Y87         CARRY4 (Prop_carry4_DI[3]_CO[3])
                                                      0.234     8.877 r  dut/GEN_VEDIC.u_mul/u1/product__0_carry__1_i_9__0/CO[3]
                         net (fo=1, routed)           0.000     8.877    dut/GEN_VEDIC.u_mul/u1/product__0_carry__1_i_9__0_n_0
    SLICE_X26Y88         CARRY4 (Prop_carry4_CI_O[1])
                                                      0.212     9.089 r  dut/GEN_VEDIC.u_mul/u1/product__0_carry__2_i_9__0/O[1]
                         net (fo=3, routed)           0.723     9.813    dut/GEN_VEDIC.u_mul/u1/p1[13]
    SLICE_X20Y88         LUT3 (Prop_lut3_I0_O)        0.155     9.968 r  dut/GEN_VEDIC.u_mul/u1/product__0_carry__2_i_2/O
                         net (fo=1, routed)           0.430    10.398    dut/GEN_VEDIC.u_mul/u1/product__0_carry__2_i_2_n_0
    SLICE_X21Y88         CARRY4 (Prop_carry4_DI[2]_CO[3])
                                                      0.239    10.637 r  dut/GEN_VEDIC.u_mul/u1/product__0_carry__2/CO[3]
                         net (fo=1, routed)           0.000    10.637    dut/GEN_VEDIC.u_mul/u1/product__0_carry__2_n_0
    SLICE_X21Y89         CARRY4 (Prop_carry4_CI_O[0])
                                                      0.139    10.776 r  dut/GEN_VEDIC.u_mul/u1/product__0_carry__3/O[0]
                         net (fo=3, routed)           0.686    11.462    dut/GEN_VEDIC.u_mul/u1/p_0_in[16]
    SLICE_X8Y88          LUT3 (Prop_lut3_I0_O)        0.155    11.617 r  dut/GEN_VEDIC.u_mul/u1/product_out[43]_i_4/O
                         net (fo=1, routed)           0.430    12.047    dut/GEN_VEDIC.u_mul/u1/product_out[43]_i_4_n_0
    SLICE_X9Y88          CARRY4 (Prop_carry4_DI[1]_CO[3])
                                                      0.302    12.349 r  dut/GEN_VEDIC.u_mul/u1/product_out_reg[43]_i_1/CO[3]
                         net (fo=1, routed)           0.000    12.349    dut/GEN_VEDIC.u_mul/u1/product_out_reg[43]_i_1_n_0
    SLICE_X9Y89          CARRY4 (Prop_carry4_CI_O[3])
                                                      0.179    12.528 r  dut/GEN_VEDIC.u_mul/u1/product_out_reg[47]_i_1/O[3]
                         net (fo=1, routed)           0.000    12.528    product_comb[47]
    SLICE_X9Y89          FDRE                                         r  product_out_reg[47]/D
  -------------------------------------------------------------------    -------------------

                         (clock sys_clk rise edge)   10.000    10.000 r  
    AD23                                              0.000    10.000 r  clk (IN)
                         net (fo=0)                   0.000    10.000    clk
    AD23                 IBUF (Prop_ibuf_I_O)         0.796    10.796 r  clk_IBUF_inst/O
                         net (fo=1, routed)           1.741    12.537    clk_IBUF
    BUFGCTRL_X0Y0        BUFG (Prop_bufg_I_O)         0.113    12.650 r  clk_IBUF_BUFG_inst/O
                         net (fo=128, routed)         1.348    13.998    clk_IBUF_BUFG
    SLICE_X9Y89          FDRE                                         r  product_out_reg[47]/C
                         clock pessimism              0.254    14.253    
                         clock uncertainty           -0.035    14.217    
    SLICE_X9Y89          FDRE (Setup_fdre_C_D)        0.051    14.268    product_out_reg[47]
  -------------------------------------------------------------------
                         required time                         14.268    
                         arrival time                         -12.528    
  -------------------------------------------------------------------
                         slack                                  1.740    

Slack (MET) :             1.780ns  (required time - arrival time)
  Source:                 a_reg_reg[28]/C
                            (rising edge-triggered cell FDRE clocked by sys_clk  {rise@0.000ns fall@5.000ns period=10.000ns})
  Destination:            product_out_reg[44]/D
                            (rising edge-triggered cell FDRE clocked by sys_clk  {rise@0.000ns fall@5.000ns period=10.000ns})
  Path Group:             sys_clk
  Path Type:              Setup (Max at Slow Process Corner)
  Requirement:            10.000ns  (sys_clk rise@10.000ns - sys_clk rise@0.000ns)
  Data Path Delay:        8.149ns  (logic 2.673ns (32.800%)  route 5.476ns (67.200%))
  Logic Levels:           13  (CARRY4=8 LUT3=4 LUT4=1)
  Clock Path Skew:        -0.086ns (DCD - SCD + CPR)
    Destination Clock Delay (DCD):    3.998ns = ( 13.998 - 10.000 ) 
    Source Clock Delay      (SCD):    4.339ns
    Clock Pessimism Removal (CPR):    0.254ns
  Clock Uncertainty:      0.035ns  ((TSJ^2 + TIJ^2)^1/2 + DJ) / 2 + PE
    Total System Jitter     (TSJ):    0.071ns
    Total Input Jitter      (TIJ):    0.000ns
    Discrete Jitter          (DJ):    0.000ns
    Phase Error              (PE):    0.000ns

    Location             Delay type                Incr(ns)  Path(ns)    Netlist Resource(s)
  -------------------------------------------------------------------    -------------------
                         (clock sys_clk rise edge)    0.000     0.000 r  
    AD23                                              0.000     0.000 r  clk (IN)
                         net (fo=0)                   0.000     0.000    clk
    AD23                 IBUF (Prop_ibuf_I_O)         0.873     0.873 r  clk_IBUF_inst/O
                         net (fo=1, routed)           1.830     2.703    clk_IBUF
    BUFGCTRL_X0Y0        BUFG (Prop_bufg_I_O)         0.120     2.823 r  clk_IBUF_BUFG_inst/O
                         net (fo=128, routed)         1.516     4.339    clk_IBUF_BUFG
    SLICE_X5Y88          FDRE                                         r  a_reg_reg[28]/C
  -------------------------------------------------------------------    -------------------
    SLICE_X5Y88          FDRE (Prop_fdre_C_Q)         0.269     4.608 f  a_reg_reg[28]/Q
                         net (fo=69, routed)          1.399     6.007    dut/GEN_VEDIC.u_mul/u1/a_reg[12]
    SLICE_X26Y89         LUT4 (Prop_lut4_I0_O)        0.065     6.072 r  dut/GEN_VEDIC.u_mul/u1/product__0_carry__0_i_103__0/O
                         net (fo=3, routed)           0.281     6.352    dut/GEN_VEDIC.u_mul/u1/u1/u1/p0_7[2]
    SLICE_X27Y89         LUT3 (Prop_lut3_I2_O)        0.168     6.520 r  dut/GEN_VEDIC.u_mul/u1/product__0_carry__0_i_55__0/O
                         net (fo=1, routed)           0.572     7.092    dut/GEN_VEDIC.u_mul/u1/product__0_carry__0_i_55__0_n_0
    SLICE_X27Y87         CARRY4 (Prop_carry4_DI[1]_CO[3])
                                                      0.302     7.394 r  dut/GEN_VEDIC.u_mul/u1/product__0_carry__0_i_29__0/CO[3]
                         net (fo=1, routed)           0.000     7.394    dut/GEN_VEDIC.u_mul/u1/product__0_carry__0_i_29__0_n_0
    SLICE_X27Y88         CARRY4 (Prop_carry4_CI_O[0])
                                                      0.139     7.533 r  dut/GEN_VEDIC.u_mul/u1/product__0_carry__1_i_37__0/O[0]
                         net (fo=3, routed)           0.592     8.125    dut/GEN_VEDIC.u_mul/u1/u1/p1_6[6]
    SLICE_X25Y87         LUT3 (Prop_lut3_I0_O)        0.155     8.280 r  dut/GEN_VEDIC.u_mul/u1/product__0_carry__1_i_14__0/O
                         net (fo=1, routed)           0.363     8.643    dut/GEN_VEDIC.u_mul/u1/product__0_carry__1_i_14__0_n_0
    SLICE_X26Y87         CARRY4 (Prop_carry4_DI[3]_CO[3])
                                                      0.234     8.877 r  dut/GEN_VEDIC.u_mul/u1/product__0_carry__1_i_9__0/CO[3]
                         net (fo=1, routed)           0.000     8.877    dut/GEN_VEDIC.u_mul/u1/product__0_carry__1_i_9__0_n_0
    SLICE_X26Y88         CARRY4 (Prop_carry4_CI_O[1])
                                                      0.212     9.089 r  dut/GEN_VEDIC.u_mul/u1/product__0_carry__2_i_9__0/O[1]
                         net (fo=3, routed)           0.723     9.813    dut/GEN_VEDIC.u_mul/u1/p1[13]
    SLICE_X20Y88         LUT3 (Prop_lut3_I0_O)        0.155     9.968 r  dut/GEN_VEDIC.u_mul/u1/product__0_carry__2_i_2/O
                         net (fo=1, routed)           0.430    10.398    dut/GEN_VEDIC.u_mul/u1/product__0_carry__2_i_2_n_0
    SLICE_X21Y88         CARRY4 (Prop_carry4_DI[2]_CO[3])
                                                      0.239    10.637 r  dut/GEN_VEDIC.u_mul/u1/product__0_carry__2/CO[3]
                         net (fo=1, routed)           0.000    10.637    dut/GEN_VEDIC.u_mul/u1/product__0_carry__2_n_0
    SLICE_X21Y89         CARRY4 (Prop_carry4_CI_O[0])
                                                      0.139    10.776 r  dut/GEN_VEDIC.u_mul/u1/product__0_carry__3/O[0]
                         net (fo=3, routed)           0.686    11.462    dut/GEN_VEDIC.u_mul/u1/p_0_in[16]
    SLICE_X8Y88          LUT3 (Prop_lut3_I0_O)        0.155    11.617 r  dut/GEN_VEDIC.u_mul/u1/product_out[43]_i_4/O
                         net (fo=1, routed)           0.430    12.047    dut/GEN_VEDIC.u_mul/u1/product_out[43]_i_4_n_0
    SLICE_X9Y88          CARRY4 (Prop_carry4_DI[1]_CO[3])
                                                      0.302    12.349 r  dut/GEN_VEDIC.u_mul/u1/product_out_reg[43]_i_1/CO[3]
                         net (fo=1, routed)           0.000    12.349    dut/GEN_VEDIC.u_mul/u1/product_out_reg[43]_i_1_n_0
    SLICE_X9Y89          CARRY4 (Prop_carry4_CI_O[0])
                                                      0.139    12.488 r  dut/GEN_VEDIC.u_mul/u1/product_out_reg[47]_i_1/O[0]
                         net (fo=1, routed)           0.000    12.488    product_comb[44]
    SLICE_X9Y89          FDRE                                         r  product_out_reg[44]/D
  -------------------------------------------------------------------    -------------------

                         (clock sys_clk rise edge)   10.000    10.000 r  
    AD23                                              0.000    10.000 r  clk (IN)
                         net (fo=0)                   0.000    10.000    clk
    AD23                 IBUF (Prop_ibuf_I_O)         0.796    10.796 r  clk_IBUF_inst/O
                         net (fo=1, routed)           1.741    12.537    clk_IBUF
    BUFGCTRL_X0Y0        BUFG (Prop_bufg_I_O)         0.113    12.650 r  clk_IBUF_BUFG_inst/O
                         net (fo=128, routed)         1.348    13.998    clk_IBUF_BUFG
    SLICE_X9Y89          FDRE                                         r  product_out_reg[44]/C
                         clock pessimism              0.254    14.253    
                         clock uncertainty           -0.035    14.217    
    SLICE_X9Y89          FDRE (Setup_fdre_C_D)        0.051    14.268    product_out_reg[44]
  -------------------------------------------------------------------
                         required time                         14.268    
                         arrival time                         -12.488    
  -------------------------------------------------------------------
                         slack                                  1.780    

Slack (MET) :             1.783ns  (required time - arrival time)
  Source:                 a_reg_reg[28]/C
                            (rising edge-triggered cell FDRE clocked by sys_clk  {rise@0.000ns fall@5.000ns period=10.000ns})
  Destination:            product_out_reg[46]/D
                            (rising edge-triggered cell FDRE clocked by sys_clk  {rise@0.000ns fall@5.000ns period=10.000ns})
  Path Group:             sys_clk
  Path Type:              Setup (Max at Slow Process Corner)
  Requirement:            10.000ns  (sys_clk rise@10.000ns - sys_clk rise@0.000ns)
  Data Path Delay:        8.146ns  (logic 2.670ns (32.775%)  route 5.476ns (67.225%))
  Logic Levels:           13  (CARRY4=8 LUT3=4 LUT4=1)
  Clock Path Skew:        -0.086ns (DCD - SCD + CPR)
    Destination Clock Delay (DCD):    3.998ns = ( 13.998 - 10.000 ) 
    Source Clock Delay      (SCD):    4.339ns
    Clock Pessimism Removal (CPR):    0.254ns
  Clock Uncertainty:      0.035ns  ((TSJ^2 + TIJ^2)^1/2 + DJ) / 2 + PE
    Total System Jitter     (TSJ):    0.071ns
    Total Input Jitter      (TIJ):    0.000ns
    Discrete Jitter          (DJ):    0.000ns
    Phase Error              (PE):    0.000ns

    Location             Delay type                Incr(ns)  Path(ns)    Netlist Resource(s)
  -------------------------------------------------------------------    -------------------
                         (clock sys_clk rise edge)    0.000     0.000 r  
    AD23                                              0.000     0.000 r  clk (IN)
                         net (fo=0)                   0.000     0.000    clk
    AD23                 IBUF (Prop_ibuf_I_O)         0.873     0.873 r  clk_IBUF_inst/O
                         net (fo=1, routed)           1.830     2.703    clk_IBUF
    BUFGCTRL_X0Y0        BUFG (Prop_bufg_I_O)         0.120     2.823 r  clk_IBUF_BUFG_inst/O
                         net (fo=128, routed)         1.516     4.339    clk_IBUF_BUFG
    SLICE_X5Y88          FDRE                                         r  a_reg_reg[28]/C
  -------------------------------------------------------------------    -------------------
    SLICE_X5Y88          FDRE (Prop_fdre_C_Q)         0.269     4.608 f  a_reg_reg[28]/Q
                         net (fo=69, routed)          1.399     6.007    dut/GEN_VEDIC.u_mul/u1/a_reg[12]
    SLICE_X26Y89         LUT4 (Prop_lut4_I0_O)        0.065     6.072 r  dut/GEN_VEDIC.u_mul/u1/product__0_carry__0_i_103__0/O
                         net (fo=3, routed)           0.281     6.352    dut/GEN_VEDIC.u_mul/u1/u1/u1/p0_7[2]
    SLICE_X27Y89         LUT3 (Prop_lut3_I2_O)        0.168     6.520 r  dut/GEN_VEDIC.u_mul/u1/product__0_carry__0_i_55__0/O
                         net (fo=1, routed)           0.572     7.092    dut/GEN_VEDIC.u_mul/u1/product__0_carry__0_i_55__0_n_0
    SLICE_X27Y87         CARRY4 (Prop_carry4_DI[1]_CO[3])
                                                      0.302     7.394 r  dut/GEN_VEDIC.u_mul/u1/product__0_carry__0_i_29__0/CO[3]
                         net (fo=1, routed)           0.000     7.394    dut/GEN_VEDIC.u_mul/u1/product__0_carry__0_i_29__0_n_0
    SLICE_X27Y88         CARRY4 (Prop_carry4_CI_O[0])
                                                      0.139     7.533 r  dut/GEN_VEDIC.u_mul/u1/product__0_carry__1_i_37__0/O[0]
                         net (fo=3, routed)           0.592     8.125    dut/GEN_VEDIC.u_mul/u1/u1/p1_6[6]
    SLICE_X25Y87         LUT3 (Prop_lut3_I0_O)        0.155     8.280 r  dut/GEN_VEDIC.u_mul/u1/product__0_carry__1_i_14__0/O
                         net (fo=1, routed)           0.363     8.643    dut/GEN_VEDIC.u_mul/u1/product__0_carry__1_i_14__0_n_0
    SLICE_X26Y87         CARRY4 (Prop_carry4_DI[3]_CO[3])
                                                      0.234     8.877 r  dut/GEN_VEDIC.u_mul/u1/product__0_carry__1_i_9__0/CO[3]
                         net (fo=1, routed)           0.000     8.877    dut/GEN_VEDIC.u_mul/u1/product__0_carry__1_i_9__0_n_0
    SLICE_X26Y88         CARRY4 (Prop_carry4_CI_O[1])
                                                      0.212     9.089 r  dut/GEN_VEDIC.u_mul/u1/product__0_carry__2_i_9__0/O[1]
                         net (fo=3, routed)           0.723     9.813    dut/GEN_VEDIC.u_mul/u1/p1[13]
    SLICE_X20Y88         LUT3 (Prop_lut3_I0_O)        0.155     9.968 r  dut/GEN_VEDIC.u_mul/u1/product__0_carry__2_i_2/O
                         net (fo=1, routed)           0.430    10.398    dut/GEN_VEDIC.u_mul/u1/product__0_carry__2_i_2_n_0
    SLICE_X21Y88         CARRY4 (Prop_carry4_DI[2]_CO[3])
                                                      0.239    10.637 r  dut/GEN_VEDIC.u_mul/u1/product__0_carry__2/CO[3]
                         net (fo=1, routed)           0.000    10.637    dut/GEN_VEDIC.u_mul/u1/product__0_carry__2_n_0
    SLICE_X21Y89         CARRY4 (Prop_carry4_CI_O[0])
                                                      0.139    10.776 r  dut/GEN_VEDIC.u_mul/u1/product__0_carry__3/O[0]
                         net (fo=3, routed)           0.686    11.462    dut/GEN_VEDIC.u_mul/u1/p_0_in[16]
    SLICE_X8Y88          LUT3 (Prop_lut3_I0_O)        0.155    11.617 r  dut/GEN_VEDIC.u_mul/u1/product_out[43]_i_4/O
                         net (fo=1, routed)           0.430    12.047    dut/GEN_VEDIC.u_mul/u1/product_out[43]_i_4_n_0
    SLICE_X9Y88          CARRY4 (Prop_carry4_DI[1]_CO[3])
                                                      0.302    12.349 r  dut/GEN_VEDIC.u_mul/u1/product_out_reg[43]_i_1/CO[3]
                         net (fo=1, routed)           0.000    12.349    dut/GEN_VEDIC.u_mul/u1/product_out_reg[43]_i_1_n_0
    SLICE_X9Y89          CARRY4 (Prop_carry4_CI_O[2])
                                                      0.136    12.485 r  dut/GEN_VEDIC.u_mul/u1/product_out_reg[47]_i_1/O[2]
                         net (fo=1, routed)           0.000    12.485    product_comb[46]
    SLICE_X9Y89          FDRE                                         r  product_out_reg[46]/D
  -------------------------------------------------------------------    -------------------

                         (clock sys_clk rise edge)   10.000    10.000 r  
    AD23                                              0.000    10.000 r  clk (IN)
                         net (fo=0)                   0.000    10.000    clk
    AD23                 IBUF (Prop_ibuf_I_O)         0.796    10.796 r  clk_IBUF_inst/O
                         net (fo=1, routed)           1.741    12.537    clk_IBUF
    BUFGCTRL_X0Y0        BUFG (Prop_bufg_I_O)         0.113    12.650 r  clk_IBUF_BUFG_inst/O
                         net (fo=128, routed)         1.348    13.998    clk_IBUF_BUFG
    SLICE_X9Y89          FDRE                                         r  product_out_reg[46]/C
                         clock pessimism              0.254    14.253    
                         clock uncertainty           -0.035    14.217    
    SLICE_X9Y89          FDRE (Setup_fdre_C_D)        0.051    14.268    product_out_reg[46]
  -------------------------------------------------------------------
                         required time                         14.268    
                         arrival time                         -12.485    
  -------------------------------------------------------------------
                         slack                                  1.783    





Pulse Width Checks
--------------------------------------------------------------------------------------
Clock Name:         sys_clk
Waveform(ns):       { 0.000 5.000 }
Period(ns):         10.000
Sources:            { clk }

Check Type        Corner  Lib Pin  Reference Pin  Required(ns)  Actual(ns)  Slack(ns)  Location       Pin
Min Period        n/a     BUFG/I   n/a            1.600         10.000      8.400      BUFGCTRL_X0Y0  clk_IBUF_BUFG_inst/I
Min Period        n/a     FDRE/C   n/a            0.750         10.000      9.250      SLICE_X0Y84    product_out_reg[1]/C
Min Period        n/a     FDRE/C   n/a            0.700         10.000      9.300      SLICE_X0Y73    a_reg_reg[0]/C
Min Period        n/a     FDRE/C   n/a            0.700         10.000      9.300      SLICE_X2Y77    a_reg_reg[10]/C
Min Period        n/a     FDRE/C   n/a            0.700         10.000      9.300      SLICE_X2Y77    a_reg_reg[11]/C
Min Period        n/a     FDRE/C   n/a            0.700         10.000      9.300      SLICE_X0Y79    a_reg_reg[12]/C
Min Period        n/a     FDRE/C   n/a            0.700         10.000      9.300      SLICE_X0Y78    a_reg_reg[13]/C
Min Period        n/a     FDRE/C   n/a            0.700         10.000      9.300      SLICE_X0Y77    a_reg_reg[14]/C
Min Period        n/a     FDRE/C   n/a            0.700         10.000      9.300      SLICE_X0Y77    a_reg_reg[15]/C
Min Period        n/a     FDRE/C   n/a            0.700         10.000      9.300      SLICE_X21Y78   a_reg_reg[16]/C
Min Period        n/a     FDRE/C   n/a            0.700         10.000      9.300      SLICE_X22Y77   a_reg_reg[17]/C
Min Period        n/a     FDRE/C   n/a            0.700         10.000      9.300      SLICE_X7Y80    a_reg_reg[18]/C
Min Period        n/a     FDRE/C   n/a            0.700         10.000      9.300      SLICE_X20Y79   a_reg_reg[19]/C
Min Period        n/a     FDRE/C   n/a            0.700         10.000      9.300      SLICE_X0Y72    a_reg_reg[1]/C
Min Period        n/a     FDRE/C   n/a            0.700         10.000      9.300      SLICE_X16Y84   a_reg_reg[20]/C
Min Period        n/a     FDRE/C   n/a            0.700         10.000      9.300      SLICE_X4Y81    a_reg_reg[21]/C
Min Period        n/a     FDRE/C   n/a            0.700         10.000      9.300      SLICE_X18Y82   a_reg_reg[22]/C
Min Period        n/a     FDRE/C   n/a            0.700         10.000      9.300      SLICE_X2Y81    a_reg_reg[23]/C
Min Period        n/a     FDRE/C   n/a            0.700         10.000      9.300      SLICE_X16Y85   a_reg_reg[24]/C
Min Period        n/a     FDRE/C   n/a            0.700         10.000      9.300      SLICE_X8Y83    a_reg_reg[25]/C
Low Pulse Width   Slow    FDRE/C   n/a            0.400         5.000       4.600      SLICE_X0Y84    product_out_reg[1]/C
Low Pulse Width   Fast    FDRE/C   n/a            0.400         5.000       4.600      SLICE_X0Y84    product_out_reg[1]/C
Low Pulse Width   Slow    FDRE/C   n/a            0.350         5.000       4.650      SLICE_X0Y73    a_reg_reg[0]/C
Low Pulse Width   Fast    FDRE/C   n/a            0.350         5.000       4.650      SLICE_X0Y73    a_reg_reg[0]/C
Low Pulse Width   Slow    FDRE/C   n/a            0.350         5.000       4.650      SLICE_X2Y77    a_reg_reg[10]/C
Low Pulse Width   Fast    FDRE/C   n/a            0.350         5.000       4.650      SLICE_X2Y77    a_reg_reg[10]/C
Low Pulse Width   Slow    FDRE/C   n/a            0.350         5.000       4.650      SLICE_X2Y77    a_reg_reg[11]/C
Low Pulse Width   Fast    FDRE/C   n/a            0.350         5.000       4.650      SLICE_X2Y77    a_reg_reg[11]/C
Low Pulse Width   Slow    FDRE/C   n/a            0.350         5.000       4.650      SLICE_X0Y79    a_reg_reg[12]/C
Low Pulse Width   Fast    FDRE/C   n/a            0.350         5.000       4.650      SLICE_X0Y79    a_reg_reg[12]/C
Low Pulse Width   Slow    FDRE/C   n/a            0.350         5.000       4.650      SLICE_X0Y78    a_reg_reg[13]/C
Low Pulse Width   Fast    FDRE/C   n/a            0.350         5.000       4.650      SLICE_X0Y78    a_reg_reg[13]/C
Low Pulse Width   Slow    FDRE/C   n/a            0.350         5.000       4.650      SLICE_X0Y77    a_reg_reg[14]/C
Low Pulse Width   Fast    FDRE/C   n/a            0.350         5.000       4.650      SLICE_X0Y77    a_reg_reg[14]/C
Low Pulse Width   Slow    FDRE/C   n/a            0.350         5.000       4.650      SLICE_X0Y77    a_reg_reg[15]/C
Low Pulse Width   Fast    FDRE/C   n/a            0.350         5.000       4.650      SLICE_X0Y77    a_reg_reg[15]/C
Low Pulse Width   Slow    FDRE/C   n/a            0.350         5.000       4.650      SLICE_X21Y78   a_reg_reg[16]/C
Low Pulse Width   Fast    FDRE/C   n/a            0.350         5.000       4.650      SLICE_X21Y78   a_reg_reg[16]/C
Low Pulse Width   Slow    FDRE/C   n/a            0.350         5.000       4.650      SLICE_X22Y77   a_reg_reg[17]/C
Low Pulse Width   Fast    FDRE/C   n/a            0.350         5.000       4.650      SLICE_X22Y77   a_reg_reg[17]/C
High Pulse Width  Slow    FDRE/C   n/a            0.350         5.000       4.650      SLICE_X0Y73    a_reg_reg[0]/C
High Pulse Width  Fast    FDRE/C   n/a            0.350         5.000       4.650      SLICE_X0Y73    a_reg_reg[0]/C
High Pulse Width  Slow    FDRE/C   n/a            0.350         5.000       4.650      SLICE_X2Y77    a_reg_reg[10]/C
High Pulse Width  Fast    FDRE/C   n/a            0.350         5.000       4.650      SLICE_X2Y77    a_reg_reg[10]/C
High Pulse Width  Slow    FDRE/C   n/a            0.350         5.000       4.650      SLICE_X2Y77    a_reg_reg[11]/C
High Pulse Width  Fast    FDRE/C   n/a            0.350         5.000       4.650      SLICE_X2Y77    a_reg_reg[11]/C
High Pulse Width  Slow    FDRE/C   n/a            0.350         5.000       4.650      SLICE_X0Y79    a_reg_reg[12]/C
High Pulse Width  Fast    FDRE/C   n/a            0.350         5.000       4.650      SLICE_X0Y79    a_reg_reg[12]/C
High Pulse Width  Slow    FDRE/C   n/a            0.350         5.000       4.650      SLICE_X0Y78    a_reg_reg[13]/C
High Pulse Width  Fast    FDRE/C   n/a            0.350         5.000       4.650      SLICE_X0Y78    a_reg_reg[13]/C
High Pulse Width  Slow    FDRE/C   n/a            0.350         5.000       4.650      SLICE_X0Y77    a_reg_reg[14]/C
High Pulse Width  Fast    FDRE/C   n/a            0.350         5.000       4.650      SLICE_X0Y77    a_reg_reg[14]/C
High Pulse Width  Slow    FDRE/C   n/a            0.350         5.000       4.650      SLICE_X0Y77    a_reg_reg[15]/C
High Pulse Width  Fast    FDRE/C   n/a            0.350         5.000       4.650      SLICE_X0Y77    a_reg_reg[15]/C
High Pulse Width  Slow    FDRE/C   n/a            0.350         5.000       4.650      SLICE_X21Y78   a_reg_reg[16]/C
High Pulse Width  Fast    FDRE/C   n/a            0.350         5.000       4.650      SLICE_X21Y78   a_reg_reg[16]/C
High Pulse Width  Slow    FDRE/C   n/a            0.350         5.000       4.650      SLICE_X22Y77   a_reg_reg[17]/C
High Pulse Width  Fast    FDRE/C   n/a            0.350         5.000       4.650      SLICE_X22Y77   a_reg_reg[17]/C
High Pulse Width  Slow    FDRE/C   n/a            0.350         5.000       4.650      SLICE_X7Y80    a_reg_reg[18]/C
High Pulse Width  Fast    FDRE/C   n/a            0.350         5.000       4.650      SLICE_X7Y80    a_reg_reg[18]/C



