Copyright 1986-2022 Xilinx, Inc. All Rights Reserved. Copyright 2022-2025 Advanced Micro Devices, Inc. All Rights Reserved.
---------------------------------------------------------------------------------------------------------------------------------------------
| Tool Version : Vivado v.2025.2 (win64) Build 6299465 Fri Nov 14 19:35:11 GMT 2025
| Date         : Wed Sep 30 11:40:51 2026
| Host         : LAPTOP_Truong running 64-bit major release  (build 9200)
| Command      : report_timing_summary -delay_type max -max_paths 20 -file ./build/standalone/MULT_WALLACE_timing.rpt
| Design       : standalone_multiplier_top
| Device       : 7z030-ffg676
| Speed File   : -1  PRODUCTION 1.12 2019-11-22
| Design State : Routed
---------------------------------------------------------------------------------------------------------------------------------------------

Timing Summary Report

------------------------------------------------------------------------------------------------
| Timer Settings
| --------------
------------------------------------------------------------------------------------------------

  Enable Multi Corner Analysis               :  Yes
  Enable Pessimism Removal                   :  Yes
  Pessimism Removal Resolution               :  Nearest Common Node
  Enable Input Delay Default Clock           :  No
  Enable Preset / Clear Arcs                 :  No
  Disable Flight Delays                      :  No
  Ignore I/O Paths                           :  No
  Timing Early Launch at Borrowing Latches   :  No
  Borrow Time for Max Delay Exceptions       :  Yes
  Merge Timing Exceptions                    :  Yes
  Inter-SLR Compensation                     :  Conservative

  Corner  Analyze    Analyze    
  Name    Max Paths  Min Paths  
  ------  ---------  ---------  
  Slow    Yes        Yes        
  Fast    Yes        Yes        


------------------------------------------------------------------------------------------------
| Report Methodology
| ------------------
------------------------------------------------------------------------------------------------

Rule       Severity  Description                    Violations  
---------  --------  -----------------------------  ----------  
TIMING-18  Warning   Missing input or output delay  128         

Note: This report is based on the most recent report_methodology run and may not be up-to-date. Run report_methodology on the current design for the latest report.



check_timing report

Table of Contents
-----------------
1. checking no_clock (0)
2. checking constant_clock (0)
3. checking pulse_width_clock (0)
4. checking unconstrained_internal_endpoints (0)
5. checking no_input_delay (64)
6. checking no_output_delay (64)
7. checking multiple_clock (0)
8. checking generated_clocks (0)
9. checking loops (0)
10. checking partial_input_delay (0)
11. checking partial_output_delay (0)
12. checking latch_loops (0)

1. checking no_clock (0)
------------------------
 There are 0 register/latch pins with no clock.


2. checking constant_clock (0)
------------------------------
 There are 0 register/latch pins with constant_clock.


3. checking pulse_width_clock (0)
---------------------------------
 There are 0 register/latch pins which need pulse_width check


4. checking unconstrained_internal_endpoints (0)
------------------------------------------------
 There are 0 pins that are not constrained for maximum delay.

 There are 0 pins that are not constrained for maximum delay due to constant clock.


5. checking no_input_delay (64)
-------------------------------
 There are 64 input ports with no input delay specified. (HIGH)

 There are 0 input ports with no input delay but user has a false path constraint.


6. checking no_output_delay (64)
--------------------------------
 There are 64 ports with no output delay specified. (HIGH)

 There are 0 ports with no output delay but user has a false path constraint

 There are 0 ports with no output delay but with a timing clock defined on it or propagating through it


7. checking multiple_clock (0)
------------------------------
 There are 0 register/latch pins with multiple clocks.


8. checking generated_clocks (0)
--------------------------------
 There are 0 generated clocks that are not connected to a clock source.


9. checking loops (0)
---------------------
 There are 0 combinational loops in the design.


10. checking partial_input_delay (0)
------------------------------------
 There are 0 input ports with partial input delay specified.


11. checking partial_output_delay (0)
-------------------------------------
 There are 0 ports with partial output delay specified.


12. checking latch_loops (0)
----------------------------
 There are 0 combinational latch loops in the design through latch input



------------------------------------------------------------------------------------------------
| Design Timing Summary
| ---------------------
------------------------------------------------------------------------------------------------

    WNS(ns)      TNS(ns)  TNS Failing Endpoints  TNS Total Endpoints     WPWS(ns)     TPWS(ns)  TPWS Failing Endpoints  TPWS Total Endpoints  
    -------      -------  ---------------------  -------------------     --------     --------  ----------------------  --------------------  
      2.363        0.000                      0                   64        4.600        0.000                       0                   129  


All user specified timing constraints are met.


------------------------------------------------------------------------------------------------
| Clock Summary
| -------------
------------------------------------------------------------------------------------------------

Clock    Waveform(ns)       Period(ns)      Frequency(MHz)
-----    ------------       ----------      --------------
sys_clk  {0.000 5.000}      10.000          100.000         


------------------------------------------------------------------------------------------------
| Intra Clock Table
| -----------------
------------------------------------------------------------------------------------------------

Clock             WNS(ns)      TNS(ns)  TNS Failing Endpoints  TNS Total Endpoints     WPWS(ns)     TPWS(ns)  TPWS Failing Endpoints  TPWS Total Endpoints  
-----             -------      -------  ---------------------  -------------------     --------     --------  ----------------------  --------------------  
sys_clk             2.363        0.000                      0                   64        4.600        0.000                       0                   129  


------------------------------------------------------------------------------------------------
| Inter Clock Table
| -----------------
------------------------------------------------------------------------------------------------

From Clock    To Clock          WNS(ns)      TNS(ns)  TNS Failing Endpoints  TNS Total Endpoints  
----------    --------          -------      -------  ---------------------  -------------------  


------------------------------------------------------------------------------------------------
| Other Path Groups Table
| -----------------------
------------------------------------------------------------------------------------------------

Path Group    From Clock    To Clock          WNS(ns)      TNS(ns)  TNS Failing Endpoints  TNS Total Endpoints  
----------    ----------    --------          -------      -------  ---------------------  -------------------  


------------------------------------------------------------------------------------------------
| Timing Details
| --------------
------------------------------------------------------------------------------------------------


---------------------------------------------------------------------------------------------------
From Clock:  sys_clk
  To Clock:  sys_clk

Setup :            0  Failing Endpoints,  Worst Slack        2.363ns,  Total Violation        0.000ns
Hold  :           NA  Failing Endpoints,  Worst Slack           NA  ,  Total Violation           NA
PW    :            0  Failing Endpoints,  Worst Slack        4.600ns,  Total Violation        0.000ns
---------------------------------------------------------------------------------------------------


Max Delay Paths
--------------------------------------------------------------------------------------
Slack (MET) :             2.363ns  (required time - arrival time)
  Source:                 a_reg_reg[14]/C
                            (rising edge-triggered cell FDRE clocked by sys_clk  {rise@0.000ns fall@5.000ns period=10.000ns})
  Destination:            product_out_reg[62]/D
                            (rising edge-triggered cell FDRE clocked by sys_clk  {rise@0.000ns fall@5.000ns period=10.000ns})
  Path Group:             sys_clk
  Path Type:              Setup (Max at Slow Process Corner)
  Requirement:            10.000ns  (sys_clk rise@10.000ns - sys_clk rise@0.000ns)
  Data Path Delay:        7.624ns  (logic 2.128ns (27.912%)  route 5.496ns (72.088%))
  Logic Levels:           16  (CARRY4=9 LUT2=1 LUT3=2 LUT5=1 LUT6=3)
  Clock Path Skew:        -0.029ns (DCD - SCD + CPR)
    Destination Clock Delay (DCD):    4.054ns = ( 14.054 - 10.000 ) 
    Source Clock Delay      (SCD):    4.338ns
    Clock Pessimism Removal (CPR):    0.254ns
  Clock Uncertainty:      0.035ns  ((TSJ^2 + TIJ^2)^1/2 + DJ) / 2 + PE
    Total System Jitter     (TSJ):    0.071ns
    Total Input Jitter      (TIJ):    0.000ns
    Discrete Jitter          (DJ):    0.000ns
    Phase Error              (PE):    0.000ns

    Location             Delay type                Incr(ns)  Path(ns)    Netlist Resource(s)
  -------------------------------------------------------------------    -------------------
                         (clock sys_clk rise edge)    0.000     0.000 r  
    AD23                                              0.000     0.000 r  clk (IN)
                         net (fo=0)                   0.000     0.000    clk
    AD23                 IBUF (Prop_ibuf_I_O)         0.873     0.873 r  clk_IBUF_inst/O
                         net (fo=1, routed)           1.830     2.703    clk_IBUF
    BUFGCTRL_X0Y0        BUFG (Prop_bufg_I_O)         0.120     2.823 r  clk_IBUF_BUFG_inst/O
                         net (fo=128, routed)         1.515     4.338    clk_IBUF_BUFG
    SLICE_X2Y63          FDRE                                         r  a_reg_reg[14]/C
  -------------------------------------------------------------------    -------------------
    SLICE_X2Y63          FDRE (Prop_fdre_C_Q)         0.308     4.646 r  a_reg_reg[14]/Q
                         net (fo=65, routed)          1.532     6.177    dut/GEN_WALLACE.u_mul/a_reg[14]
    SLICE_X18Y50         LUT6 (Prop_lut6_I2_O)        0.053     6.230 r  dut/GEN_WALLACE.u_mul/product_out[32]_i_148/O
                         net (fo=2, routed)           0.459     6.689    dut/GEN_WALLACE.u_mul/l1[7]_35[26]
    SLICE_X18Y50         LUT3 (Prop_lut3_I2_O)        0.066     6.755 r  dut/GEN_WALLACE.u_mul/product_out[32]_i_79/O
                         net (fo=2, routed)           0.680     7.436    dut/GEN_WALLACE.u_mul/l2[5]_51[27]
    SLICE_X20Y52         LUT5 (Prop_lut5_I4_O)        0.180     7.616 r  dut/GEN_WALLACE.u_mul/product_out[32]_i_71/O
                         net (fo=3, routed)           0.757     8.373    dut/GEN_WALLACE.u_mul/l3[2]_7[27]
    SLICE_X14Y53         LUT6 (Prop_lut6_I3_O)        0.168     8.541 r  dut/GEN_WALLACE.u_mul/product_out[32]_i_54/O
                         net (fo=2, routed)           0.682     9.222    dut/GEN_WALLACE.u_mul/product_out[32]_i_54_n_0
    SLICE_X11Y53         LUT6 (Prop_lut6_I0_O)        0.053     9.275 r  dut/GEN_WALLACE.u_mul/product_out[32]_i_23/O
                         net (fo=3, routed)           0.542     9.817    dut/GEN_WALLACE.u_mul/l6[1]_25[28]
    SLICE_X9Y56          LUT3 (Prop_lut3_I2_O)        0.065     9.882 r  dut/GEN_WALLACE.u_mul/product_out[32]_i_14/O
                         net (fo=2, routed)           0.702    10.585    dut/GEN_WALLACE.u_mul/l7[1]_27[29]
    SLICE_X6Y57          LUT2 (Prop_lut2_I0_O)        0.181    10.766 r  dut/GEN_WALLACE.u_mul/product_out[32]_i_5/O
                         net (fo=1, routed)           0.142    10.908    dut/GEN_WALLACE.u_mul/final_a[29]
    SLICE_X7Y57          CARRY4 (Prop_carry4_DI[0]_CO[3])
                                                      0.435    11.343 r  dut/GEN_WALLACE.u_mul/product_out_reg[32]_i_1/CO[3]
                         net (fo=1, routed)           0.000    11.343    dut/GEN_WALLACE.u_mul/product_out_reg[32]_i_1_n_0
    SLICE_X7Y58          CARRY4 (Prop_carry4_CI_CO[3])
                                                      0.058    11.401 r  dut/GEN_WALLACE.u_mul/product_out_reg[36]_i_1/CO[3]
                         net (fo=1, routed)           0.000    11.401    dut/GEN_WALLACE.u_mul/product_out_reg[36]_i_1_n_0
    SLICE_X7Y59          CARRY4 (Prop_carry4_CI_CO[3])
                                                      0.058    11.459 r  dut/GEN_WALLACE.u_mul/product_out_reg[40]_i_1/CO[3]
                         net (fo=1, routed)           0.000    11.459    dut/GEN_WALLACE.u_mul/product_out_reg[40]_i_1_n_0
    SLICE_X7Y60          CARRY4 (Prop_carry4_CI_CO[3])
                                                      0.058    11.517 r  dut/GEN_WALLACE.u_mul/product_out_reg[44]_i_1/CO[3]
                         net (fo=1, routed)           0.000    11.517    dut/GEN_WALLACE.u_mul/product_out_reg[44]_i_1_n_0
    SLICE_X7Y61          CARRY4 (Prop_carry4_CI_CO[3])
                                                      0.058    11.575 r  dut/GEN_WALLACE.u_mul/product_out_reg[48]_i_1/CO[3]
                         net (fo=1, routed)           0.000    11.575    dut/GEN_WALLACE.u_mul/product_out_reg[48]_i_1_n_0
    SLICE_X7Y62          CARRY4 (Prop_carry4_CI_CO[3])
                                                      0.058    11.633 r  dut/GEN_WALLACE.u_mul/product_out_reg[52]_i_1/CO[3]
                         net (fo=1, routed)           0.000    11.633    dut/GEN_WALLACE.u_mul/product_out_reg[52]_i_1_n_0
    SLICE_X7Y63          CARRY4 (Prop_carry4_CI_CO[3])
                                                      0.058    11.691 r  dut/GEN_WALLACE.u_mul/product_out_reg[56]_i_1/CO[3]
                         net (fo=1, routed)           0.000    11.691    dut/GEN_WALLACE.u_mul/product_out_reg[56]_i_1_n_0
    SLICE_X7Y64          CARRY4 (Prop_carry4_CI_CO[3])
                                                      0.058    11.749 r  dut/GEN_WALLACE.u_mul/product_out_reg[60]_i_1/CO[3]
                         net (fo=1, routed)           0.000    11.749    dut/GEN_WALLACE.u_mul/product_out_reg[60]_i_1_n_0
    SLICE_X7Y65          CARRY4 (Prop_carry4_CI_O[1])
                                                      0.213    11.962 r  dut/GEN_WALLACE.u_mul/product_out_reg[63]_i_1/O[1]
                         net (fo=1, routed)           0.000    11.962    product_comb[62]
    SLICE_X7Y65          FDRE                                         r  product_out_reg[62]/D
  -------------------------------------------------------------------    -------------------

                         (clock sys_clk rise edge)   10.000    10.000 r  
    AD23                                              0.000    10.000 r  clk (IN)
                         net (fo=0)                   0.000    10.000    clk
    AD23                 IBUF (Prop_ibuf_I_O)         0.796    10.796 r  clk_IBUF_inst/O
                         net (fo=1, routed)           1.741    12.537    clk_IBUF
    BUFGCTRL_X0Y0        BUFG (Prop_bufg_I_O)         0.113    12.650 r  clk_IBUF_BUFG_inst/O
                         net (fo=128, routed)         1.404    14.054    clk_IBUF_BUFG
    SLICE_X7Y65          FDRE                                         r  product_out_reg[62]/C
                         clock pessimism              0.254    14.309    
                         clock uncertainty           -0.035    14.273    
    SLICE_X7Y65          FDRE (Setup_fdre_C_D)        0.051    14.324    product_out_reg[62]
  -------------------------------------------------------------------
                         required time                         14.324    
                         arrival time                         -11.962    
  -------------------------------------------------------------------
                         slack                                  2.363    

Slack (MET) :             2.422ns  (required time - arrival time)
  Source:                 a_reg_reg[14]/C
                            (rising edge-triggered cell FDRE clocked by sys_clk  {rise@0.000ns fall@5.000ns period=10.000ns})
  Destination:            product_out_reg[58]/D
                            (rising edge-triggered cell FDRE clocked by sys_clk  {rise@0.000ns fall@5.000ns period=10.000ns})
  Path Group:             sys_clk
  Path Type:              Setup (Max at Slow Process Corner)
  Requirement:            10.000ns  (sys_clk rise@10.000ns - sys_clk rise@0.000ns)
  Data Path Delay:        7.566ns  (logic 2.070ns (27.359%)  route 5.496ns (72.641%))
  Logic Levels:           15  (CARRY4=8 LUT2=1 LUT3=2 LUT5=1 LUT6=3)
  Clock Path Skew:        -0.028ns (DCD - SCD + CPR)
    Destination Clock Delay (DCD):    4.055ns = ( 14.055 - 10.000 ) 
    Source Clock Delay      (SCD):    4.338ns
    Clock Pessimism Removal (CPR):    0.254ns
  Clock Uncertainty:      0.035ns  ((TSJ^2 + TIJ^2)^1/2 + DJ) / 2 + PE
    Total System Jitter     (TSJ):    0.071ns
    Total Input Jitter      (TIJ):    0.000ns
    Discrete Jitter          (DJ):    0.000ns
    Phase Error              (PE):    0.000ns

    Location             Delay type                Incr(ns)  Path(ns)    Netlist Resource(s)
  -------------------------------------------------------------------    -------------------
                         (clock sys_clk rise edge)    0.000     0.000 r  
    AD23                                              0.000     0.000 r  clk (IN)
                         net (fo=0)                   0.000     0.000    clk
    AD23                 IBUF (Prop_ibuf_I_O)         0.873     0.873 r  clk_IBUF_inst/O
                         net (fo=1, routed)           1.830     2.703    clk_IBUF
    BUFGCTRL_X0Y0        BUFG (Prop_bufg_I_O)         0.120     2.823 r  clk_IBUF_BUFG_inst/O
                         net (fo=128, routed)         1.515     4.338    clk_IBUF_BUFG
    SLICE_X2Y63          FDRE                                         r  a_reg_reg[14]/C
  -------------------------------------------------------------------    -------------------
    SLICE_X2Y63          FDRE (Prop_fdre_C_Q)         0.308     4.646 r  a_reg_reg[14]/Q
                         net (fo=65, routed)          1.532     6.177    dut/GEN_WALLACE.u_mul/a_reg[14]
    SLICE_X18Y50         LUT6 (Prop_lut6_I2_O)        0.053     6.230 r  dut/GEN_WALLACE.u_mul/product_out[32]_i_148/O
                         net (fo=2, routed)           0.459     6.689    dut/GEN_WALLACE.u_mul/l1[7]_35[26]
    SLICE_X18Y50         LUT3 (Prop_lut3_I2_O)        0.066     6.755 r  dut/GEN_WALLACE.u_mul/product_out[32]_i_79/O
                         net (fo=2, routed)           0.680     7.436    dut/GEN_WALLACE.u_mul/l2[5]_51[27]
    SLICE_X20Y52         LUT5 (Prop_lut5_I4_O)        0.180     7.616 r  dut/GEN_WALLACE.u_mul/product_out[32]_i_71/O
                         net (fo=3, routed)           0.757     8.373    dut/GEN_WALLACE.u_mul/l3[2]_7[27]
    SLICE_X14Y53         LUT6 (Prop_lut6_I3_O)        0.168     8.541 r  dut/GEN_WALLACE.u_mul/product_out[32]_i_54/O
                         net (fo=2, routed)           0.682     9.222    dut/GEN_WALLACE.u_mul/product_out[32]_i_54_n_0
    SLICE_X11Y53         LUT6 (Prop_lut6_I0_O)        0.053     9.275 r  dut/GEN_WALLACE.u_mul/product_out[32]_i_23/O
                         net (fo=3, routed)           0.542     9.817    dut/GEN_WALLACE.u_mul/l6[1]_25[28]
    SLICE_X9Y56          LUT3 (Prop_lut3_I2_O)        0.065     9.882 r  dut/GEN_WALLACE.u_mul/product_out[32]_i_14/O
                         net (fo=2, routed)           0.702    10.585    dut/GEN_WALLACE.u_mul/l7[1]_27[29]
    SLICE_X6Y57          LUT2 (Prop_lut2_I0_O)        0.181    10.766 r  dut/GEN_WALLACE.u_mul/product_out[32]_i_5/O
                         net (fo=1, routed)           0.142    10.908    dut/GEN_WALLACE.u_mul/final_a[29]
    SLICE_X7Y57          CARRY4 (Prop_carry4_DI[0]_CO[3])
                                                      0.435    11.343 r  dut/GEN_WALLACE.u_mul/product_out_reg[32]_i_1/CO[3]
                         net (fo=1, routed)           0.000    11.343    dut/GEN_WALLACE.u_mul/product_out_reg[32]_i_1_n_0
    SLICE_X7Y58          CARRY4 (Prop_carry4_CI_CO[3])
                                                      0.058    11.401 r  dut/GEN_WALLACE.u_mul/product_out_reg[36]_i_1/CO[3]
                         net (fo=1, routed)           0.000    11.401    dut/GEN_WALLACE.u_mul/product_out_reg[36]_i_1_n_0
    SLICE_X7Y59          CARRY4 (Prop_carry4_CI_CO[3])
                                                      0.058    11.459 r  dut/GEN_WALLACE.u_mul/product_out_reg[40]_i_1/CO[3]
                         net (fo=1, routed)           0.000    11.459    dut/GEN_WALLACE.u_mul/product_out_reg[40]_i_1_n_0
    SLICE_X7Y60          CARRY4 (Prop_carry4_CI_CO[3])
                                                      0.058    11.517 r  dut/GEN_WALLACE.u_mul/product_out_reg[44]_i_1/CO[3]
                         net (fo=1, routed)           0.000    11.517    dut/GEN_WALLACE.u_mul/product_out_reg[44]_i_1_n_0
    SLICE_X7Y61          CARRY4 (Prop_carry4_CI_CO[3])
                                                      0.058    11.575 r  dut/GEN_WALLACE.u_mul/product_out_reg[48]_i_1/CO[3]
                         net (fo=1, routed)           0.000    11.575    dut/GEN_WALLACE.u_mul/product_out_reg[48]_i_1_n_0
    SLICE_X7Y62          CARRY4 (Prop_carry4_CI_CO[3])
                                                      0.058    11.633 r  dut/GEN_WALLACE.u_mul/product_out_reg[52]_i_1/CO[3]
                         net (fo=1, routed)           0.000    11.633    dut/GEN_WALLACE.u_mul/product_out_reg[52]_i_1_n_0
    SLICE_X7Y63          CARRY4 (Prop_carry4_CI_CO[3])
                                                      0.058    11.691 r  dut/GEN_WALLACE.u_mul/product_out_reg[56]_i_1/CO[3]
                         net (fo=1, routed)           0.000    11.691    dut/GEN_WALLACE.u_mul/product_out_reg[56]_i_1_n_0
    SLICE_X7Y64          CARRY4 (Prop_carry4_CI_O[1])
                                                      0.213    11.904 r  dut/GEN_WALLACE.u_mul/product_out_reg[60]_i_1/O[1]
                         net (fo=1, routed)           0.000    11.904    product_comb[58]
    SLICE_X7Y64          FDRE                                         r  product_out_reg[58]/D
  -------------------------------------------------------------------    -------------------

                         (clock sys_clk rise edge)   10.000    10.000 r  
    AD23                                              0.000    10.000 r  clk (IN)
                         net (fo=0)                   0.000    10.000    clk
    AD23                 IBUF (Prop_ibuf_I_O)         0.796    10.796 r  clk_IBUF_inst/O
                         net (fo=1, routed)           1.741    12.537    clk_IBUF
    BUFGCTRL_X0Y0        BUFG (Prop_bufg_I_O)         0.113    12.650 r  clk_IBUF_BUFG_inst/O
                         net (fo=128, routed)         1.405    14.055    clk_IBUF_BUFG
    SLICE_X7Y64          FDRE                                         r  product_out_reg[58]/C
                         clock pessimism              0.254    14.310    
                         clock uncertainty           -0.035    14.274    
    SLICE_X7Y64          FDRE (Setup_fdre_C_D)        0.051    14.325    product_out_reg[58]
  -------------------------------------------------------------------
                         required time                         14.325    
                         arrival time                         -11.904    
  -------------------------------------------------------------------
                         slack                                  2.422    

Slack (MET) :             2.437ns  (required time - arrival time)
  Source:                 a_reg_reg[14]/C
                            (rising edge-triggered cell FDRE clocked by sys_clk  {rise@0.000ns fall@5.000ns period=10.000ns})
  Destination:            product_out_reg[61]/D
                            (rising edge-triggered cell FDRE clocked by sys_clk  {rise@0.000ns fall@5.000ns period=10.000ns})
  Path Group:             sys_clk
  Path Type:              Setup (Max at Slow Process Corner)
  Requirement:            10.000ns  (sys_clk rise@10.000ns - sys_clk rise@0.000ns)
  Data Path Delay:        7.550ns  (logic 2.054ns (27.206%)  route 5.496ns (72.795%))
  Logic Levels:           16  (CARRY4=9 LUT2=1 LUT3=2 LUT5=1 LUT6=3)
  Clock Path Skew:        -0.029ns (DCD - SCD + CPR)
    Destination Clock Delay (DCD):    4.054ns = ( 14.054 - 10.000 ) 
    Source Clock Delay      (SCD):    4.338ns
    Clock Pessimism Removal (CPR):    0.254ns
  Clock Uncertainty:      0.035ns  ((TSJ^2 + TIJ^2)^1/2 + DJ) / 2 + PE
    Total System Jitter     (TSJ):    0.071ns
    Total Input Jitter      (TIJ):    0.000ns
    Discrete Jitter          (DJ):    0.000ns
    Phase Error              (PE):    0.000ns

    Location             Delay type                Incr(ns)  Path(ns)    Netlist Resource(s)
  -------------------------------------------------------------------    -------------------
                         (clock sys_clk rise edge)    0.000     0.000 r  
    AD23                                              0.000     0.000 r  clk (IN)
                         net (fo=0)                   0.000     0.000    clk
    AD23                 IBUF (Prop_ibuf_I_O)         0.873     0.873 r  clk_IBUF_inst/O
                         net (fo=1, routed)           1.830     2.703    clk_IBUF
    BUFGCTRL_X0Y0        BUFG (Prop_bufg_I_O)         0.120     2.823 r  clk_IBUF_BUFG_inst/O
                         net (fo=128, routed)         1.515     4.338    clk_IBUF_BUFG
    SLICE_X2Y63          FDRE                                         r  a_reg_reg[14]/C
  -------------------------------------------------------------------    -------------------
    SLICE_X2Y63          FDRE (Prop_fdre_C_Q)         0.308     4.646 r  a_reg_reg[14]/Q
                         net (fo=65, routed)          1.532     6.177    dut/GEN_WALLACE.u_mul/a_reg[14]
    SLICE_X18Y50         LUT6 (Prop_lut6_I2_O)        0.053     6.230 r  dut/GEN_WALLACE.u_mul/product_out[32]_i_148/O
                         net (fo=2, routed)           0.459     6.689    dut/GEN_WALLACE.u_mul/l1[7]_35[26]
    SLICE_X18Y50         LUT3 (Prop_lut3_I2_O)        0.066     6.755 r  dut/GEN_WALLACE.u_mul/product_out[32]_i_79/O
                         net (fo=2, routed)           0.680     7.436    dut/GEN_WALLACE.u_mul/l2[5]_51[27]
    SLICE_X20Y52         LUT5 (Prop_lut5_I4_O)        0.180     7.616 r  dut/GEN_WALLACE.u_mul/product_out[32]_i_71/O
                         net (fo=3, routed)           0.757     8.373    dut/GEN_WALLACE.u_mul/l3[2]_7[27]
    SLICE_X14Y53         LUT6 (Prop_lut6_I3_O)        0.168     8.541 r  dut/GEN_WALLACE.u_mul/product_out[32]_i_54/O
                         net (fo=2, routed)           0.682     9.222    dut/GEN_WALLACE.u_mul/product_out[32]_i_54_n_0
    SLICE_X11Y53         LUT6 (Prop_lut6_I0_O)        0.053     9.275 r  dut/GEN_WALLACE.u_mul/product_out[32]_i_23/O
                         net (fo=3, routed)           0.542     9.817    dut/GEN_WALLACE.u_mul/l6[1]_25[28]
    SLICE_X9Y56          LUT3 (Prop_lut3_I2_O)        0.065     9.882 r  dut/GEN_WALLACE.u_mul/product_out[32]_i_14/O
                         net (fo=2, routed)           0.702    10.585    dut/GEN_WALLACE.u_mul/l7[1]_27[29]
    SLICE_X6Y57          LUT2 (Prop_lut2_I0_O)        0.181    10.766 r  dut/GEN_WALLACE.u_mul/product_out[32]_i_5/O
                         net (fo=1, routed)           0.142    10.908    dut/GEN_WALLACE.u_mul/final_a[29]
    SLICE_X7Y57          CARRY4 (Prop_carry4_DI[0]_CO[3])
                                                      0.435    11.343 r  dut/GEN_WALLACE.u_mul/product_out_reg[32]_i_1/CO[3]
                         net (fo=1, routed)           0.000    11.343    dut/GEN_WALLACE.u_mul/product_out_reg[32]_i_1_n_0
    SLICE_X7Y58          CARRY4 (Prop_carry4_CI_CO[3])
                                                      0.058    11.401 r  dut/GEN_WALLACE.u_mul/product_out_reg[36]_i_1/CO[3]
                         net (fo=1, routed)           0.000    11.401    dut/GEN_WALLACE.u_mul/product_out_reg[36]_i_1_n_0
    SLICE_X7Y59          CARRY4 (Prop_carry4_CI_CO[3])
                                                      0.058    11.459 r  dut/GEN_WALLACE.u_mul/product_out_reg[40]_i_1/CO[3]
                         net (fo=1, routed)           0.000    11.459    dut/GEN_WALLACE.u_mul/product_out_reg[40]_i_1_n_0
    SLICE_X7Y60          CARRY4 (Prop_carry4_CI_CO[3])
                                                      0.058    11.517 r  dut/GEN_WALLACE.u_mul/product_out_reg[44]_i_1/CO[3]
                         net (fo=1, routed)           0.000    11.517    dut/GEN_WALLACE.u_mul/product_out_reg[44]_i_1_n_0
    SLICE_X7Y61          CARRY4 (Prop_carry4_CI_CO[3])
                                                      0.058    11.575 r  dut/GEN_WALLACE.u_mul/product_out_reg[48]_i_1/CO[3]
                         net (fo=1, routed)           0.000    11.575    dut/GEN_WALLACE.u_mul/product_out_reg[48]_i_1_n_0
    SLICE_X7Y62          CARRY4 (Prop_carry4_CI_CO[3])
                                                      0.058    11.633 r  dut/GEN_WALLACE.u_mul/product_out_reg[52]_i_1/CO[3]
                         net (fo=1, routed)           0.000    11.633    dut/GEN_WALLACE.u_mul/product_out_reg[52]_i_1_n_0
    SLICE_X7Y63          CARRY4 (Prop_carry4_CI_CO[3])
                                                      0.058    11.691 r  dut/GEN_WALLACE.u_mul/product_out_reg[56]_i_1/CO[3]
                         net (fo=1, routed)           0.000    11.691    dut/GEN_WALLACE.u_mul/product_out_reg[56]_i_1_n_0
    SLICE_X7Y64          CARRY4 (Prop_carry4_CI_CO[3])
                                                      0.058    11.749 r  dut/GEN_WALLACE.u_mul/product_out_reg[60]_i_1/CO[3]
                         net (fo=1, routed)           0.000    11.749    dut/GEN_WALLACE.u_mul/product_out_reg[60]_i_1_n_0
    SLICE_X7Y65          CARRY4 (Prop_carry4_CI_O[0])
                                                      0.139    11.888 r  dut/GEN_WALLACE.u_mul/product_out_reg[63]_i_1/O[0]
                         net (fo=1, routed)           0.000    11.888    product_comb[61]
    SLICE_X7Y65          FDRE                                         r  product_out_reg[61]/D
  -------------------------------------------------------------------    -------------------

                         (clock sys_clk rise edge)   10.000    10.000 r  
    AD23                                              0.000    10.000 r  clk (IN)
                         net (fo=0)                   0.000    10.000    clk
    AD23                 IBUF (Prop_ibuf_I_O)         0.796    10.796 r  clk_IBUF_inst/O
                         net (fo=1, routed)           1.741    12.537    clk_IBUF
    BUFGCTRL_X0Y0        BUFG (Prop_bufg_I_O)         0.113    12.650 r  clk_IBUF_BUFG_inst/O
                         net (fo=128, routed)         1.404    14.054    clk_IBUF_BUFG
    SLICE_X7Y65          FDRE                                         r  product_out_reg[61]/C
                         clock pessimism              0.254    14.309    
                         clock uncertainty           -0.035    14.273    
    SLICE_X7Y65          FDRE (Setup_fdre_C_D)        0.051    14.324    product_out_reg[61]
  -------------------------------------------------------------------
                         required time                         14.324    
                         arrival time                         -11.888    
  -------------------------------------------------------------------
                         slack                                  2.437    

Slack (MET) :             2.440ns  (required time - arrival time)
  Source:                 a_reg_reg[14]/C
                            (rising edge-triggered cell FDRE clocked by sys_clk  {rise@0.000ns fall@5.000ns period=10.000ns})
  Destination:            product_out_reg[63]/D
                            (rising edge-triggered cell FDRE clocked by sys_clk  {rise@0.000ns fall@5.000ns period=10.000ns})
  Path Group:             sys_clk
  Path Type:              Setup (Max at Slow Process Corner)
  Requirement:            10.000ns  (sys_clk rise@10.000ns - sys_clk rise@0.000ns)
  Data Path Delay:        7.547ns  (logic 2.051ns (27.177%)  route 5.496ns (72.823%))
  Logic Levels:           16  (CARRY4=9 LUT2=1 LUT3=2 LUT5=1 LUT6=3)
  Clock Path Skew:        -0.029ns (DCD - SCD + CPR)
    Destination Clock Delay (DCD):    4.054ns = ( 14.054 - 10.000 ) 
    Source Clock Delay      (SCD):    4.338ns
    Clock Pessimism Removal (CPR):    0.254ns
  Clock Uncertainty:      0.035ns  ((TSJ^2 + TIJ^2)^1/2 + DJ) / 2 + PE
    Total System Jitter     (TSJ):    0.071ns
    Total Input Jitter      (TIJ):    0.000ns
    Discrete Jitter          (DJ):    0.000ns
    Phase Error              (PE):    0.000ns

    Location             Delay type                Incr(ns)  Path(ns)    Netlist Resource(s)
  -------------------------------------------------------------------    -------------------
                         (clock sys_clk rise edge)    0.000     0.000 r  
    AD23                                              0.000     0.000 r  clk (IN)
                         net (fo=0)                   0.000     0.000    clk
    AD23                 IBUF (Prop_ibuf_I_O)         0.873     0.873 r  clk_IBUF_inst/O
                         net (fo=1, routed)           1.830     2.703    clk_IBUF
    BUFGCTRL_X0Y0        BUFG (Prop_bufg_I_O)         0.120     2.823 r  clk_IBUF_BUFG_inst/O
                         net (fo=128, routed)         1.515     4.338    clk_IBUF_BUFG
    SLICE_X2Y63          FDRE                                         r  a_reg_reg[14]/C
  -------------------------------------------------------------------    -------------------
    SLICE_X2Y63          FDRE (Prop_fdre_C_Q)         0.308     4.646 r  a_reg_reg[14]/Q
                         net (fo=65, routed)          1.532     6.177    dut/GEN_WALLACE.u_mul/a_reg[14]
    SLICE_X18Y50         LUT6 (Prop_lut6_I2_O)        0.053     6.230 r  dut/GEN_WALLACE.u_mul/product_out[32]_i_148/O
                         net (fo=2, routed)           0.459     6.689    dut/GEN_WALLACE.u_mul/l1[7]_35[26]
    SLICE_X18Y50         LUT3 (Prop_lut3_I2_O)        0.066     6.755 r  dut/GEN_WALLACE.u_mul/product_out[32]_i_79/O
                         net (fo=2, routed)           0.680     7.436    dut/GEN_WALLACE.u_mul/l2[5]_51[27]
    SLICE_X20Y52         LUT5 (Prop_lut5_I4_O)        0.180     7.616 r  dut/GEN_WALLACE.u_mul/product_out[32]_i_71/O
                         net (fo=3, routed)           0.757     8.373    dut/GEN_WALLACE.u_mul/l3[2]_7[27]
    SLICE_X14Y53         LUT6 (Prop_lut6_I3_O)        0.168     8.541 r  dut/GEN_WALLACE.u_mul/product_out[32]_i_54/O
                         net (fo=2, routed)           0.682     9.222    dut/GEN_WALLACE.u_mul/product_out[32]_i_54_n_0
    SLICE_X11Y53         LUT6 (Prop_lut6_I0_O)        0.053     9.275 r  dut/GEN_WALLACE.u_mul/product_out[32]_i_23/O
                         net (fo=3, routed)           0.542     9.817    dut/GEN_WALLACE.u_mul/l6[1]_25[28]
    SLICE_X9Y56          LUT3 (Prop_lut3_I2_O)        0.065     9.882 r  dut/GEN_WALLACE.u_mul/product_out[32]_i_14/O
                         net (fo=2, routed)           0.702    10.585    dut/GEN_WALLACE.u_mul/l7[1]_27[29]
    SLICE_X6Y57          LUT2 (Prop_lut2_I0_O)        0.181    10.766 r  dut/GEN_WALLACE.u_mul/product_out[32]_i_5/O
                         net (fo=1, routed)           0.142    10.908    dut/GEN_WALLACE.u_mul/final_a[29]
    SLICE_X7Y57          CARRY4 (Prop_carry4_DI[0]_CO[3])
                                                      0.435    11.343 r  dut/GEN_WALLACE.u_mul/product_out_reg[32]_i_1/CO[3]
                         net (fo=1, routed)           0.000    11.343    dut/GEN_WALLACE.u_mul/product_out_reg[32]_i_1_n_0
    SLICE_X7Y58          CARRY4 (Prop_carry4_CI_CO[3])
                                                      0.058    11.401 r  dut/GEN_WALLACE.u_mul/product_out_reg[36]_i_1/CO[3]
                         net (fo=1, routed)           0.000    11.401    dut/GEN_WALLACE.u_mul/product_out_reg[36]_i_1_n_0
    SLICE_X7Y59          CARRY4 (Prop_carry4_CI_CO[3])
                                                      0.058    11.459 r  dut/GEN_WALLACE.u_mul/product_out_reg[40]_i_1/CO[3]
                         net (fo=1, routed)           0.000    11.459    dut/GEN_WALLACE.u_mul/product_out_reg[40]_i_1_n_0
    SLICE_X7Y60          CARRY4 (Prop_carry4_CI_CO[3])
                                                      0.058    11.517 r  dut/GEN_WALLACE.u_mul/product_out_reg[44]_i_1/CO[3]
                         net (fo=1, routed)           0.000    11.517    dut/GEN_WALLACE.u_mul/product_out_reg[44]_i_1_n_0
    SLICE_X7Y61          CARRY4 (Prop_carry4_CI_CO[3])
                                                      0.058    11.575 r  dut/GEN_WALLACE.u_mul/product_out_reg[48]_i_1/CO[3]
                         net (fo=1, routed)           0.000    11.575    dut/GEN_WALLACE.u_mul/product_out_reg[48]_i_1_n_0
    SLICE_X7Y62          CARRY4 (Prop_carry4_CI_CO[3])
                                                      0.058    11.633 r  dut/GEN_WALLACE.u_mul/product_out_reg[52]_i_1/CO[3]
                         net (fo=1, routed)           0.000    11.633    dut/GEN_WALLACE.u_mul/product_out_reg[52]_i_1_n_0
    SLICE_X7Y63          CARRY4 (Prop_carry4_CI_CO[3])
                                                      0.058    11.691 r  dut/GEN_WALLACE.u_mul/product_out_reg[56]_i_1/CO[3]
                         net (fo=1, routed)           0.000    11.691    dut/GEN_WALLACE.u_mul/product_out_reg[56]_i_1_n_0
    SLICE_X7Y64          CARRY4 (Prop_carry4_CI_CO[3])
                                                      0.058    11.749 r  dut/GEN_WALLACE.u_mul/product_out_reg[60]_i_1/CO[3]
                         net (fo=1, routed)           0.000    11.749    dut/GEN_WALLACE.u_mul/product_out_reg[60]_i_1_n_0
    SLICE_X7Y65          CARRY4 (Prop_carry4_CI_O[2])
                                                      0.136    11.885 r  dut/GEN_WALLACE.u_mul/product_out_reg[63]_i_1/O[2]
                         net (fo=1, routed)           0.000    11.885    product_comb[63]
    SLICE_X7Y65          FDRE                                         r  product_out_reg[63]/D
  -------------------------------------------------------------------    -------------------

                         (clock sys_clk rise edge)   10.000    10.000 r  
    AD23                                              0.000    10.000 r  clk (IN)
                         net (fo=0)                   0.000    10.000    clk
    AD23                 IBUF (Prop_ibuf_I_O)         0.796    10.796 r  clk_IBUF_inst/O
                         net (fo=1, routed)           1.741    12.537    clk_IBUF
    BUFGCTRL_X0Y0        BUFG (Prop_bufg_I_O)         0.113    12.650 r  clk_IBUF_BUFG_inst/O
                         net (fo=128, routed)         1.404    14.054    clk_IBUF_BUFG
    SLICE_X7Y65          FDRE                                         r  product_out_reg[63]/C
                         clock pessimism              0.254    14.309    
                         clock uncertainty           -0.035    14.273    
    SLICE_X7Y65          FDRE (Setup_fdre_C_D)        0.051    14.324    product_out_reg[63]
  -------------------------------------------------------------------
                         required time                         14.324    
                         arrival time                         -11.885    
  -------------------------------------------------------------------
                         slack                                  2.440    

Slack (MET) :             2.456ns  (required time - arrival time)
  Source:                 a_reg_reg[14]/C
                            (rising edge-triggered cell FDRE clocked by sys_clk  {rise@0.000ns fall@5.000ns period=10.000ns})
  Destination:            product_out_reg[60]/D
                            (rising edge-triggered cell FDRE clocked by sys_clk  {rise@0.000ns fall@5.000ns period=10.000ns})
  Path Group:             sys_clk
  Path Type:              Setup (Max at Slow Process Corner)
  Requirement:            10.000ns  (sys_clk rise@10.000ns - sys_clk rise@0.000ns)
  Data Path Delay:        7.532ns  (logic 2.036ns (27.032%)  route 5.496ns (72.969%))
  Logic Levels:           15  (CARRY4=8 LUT2=1 LUT3=2 LUT5=1 LUT6=3)
  Clock Path Skew:        -0.028ns (DCD - SCD + CPR)
    Destination Clock Delay (DCD):    4.055ns = ( 14.055 - 10.000 ) 
    Source Clock Delay      (SCD):    4.338ns
    Clock Pessimism Removal (CPR):    0.254ns
  Clock Uncertainty:      0.035ns  ((TSJ^2 + TIJ^2)^1/2 + DJ) / 2 + PE
    Total System Jitter     (TSJ):    0.071ns
    Total Input Jitter      (TIJ):    0.000ns
    Discrete Jitter          (DJ):    0.000ns
    Phase Error              (PE):    0.000ns

    Location             Delay type                Incr(ns)  Path(ns)    Netlist Resource(s)
  -------------------------------------------------------------------    -------------------
                         (clock sys_clk rise edge)    0.000     0.000 r  
    AD23                                              0.000     0.000 r  clk (IN)
                         net (fo=0)                   0.000     0.000    clk
    AD23                 IBUF (Prop_ibuf_I_O)         0.873     0.873 r  clk_IBUF_inst/O
                         net (fo=1, routed)           1.830     2.703    clk_IBUF
    BUFGCTRL_X0Y0        BUFG (Prop_bufg_I_O)         0.120     2.823 r  clk_IBUF_BUFG_inst/O
                         net (fo=128, routed)         1.515     4.338    clk_IBUF_BUFG
    SLICE_X2Y63          FDRE                                         r  a_reg_reg[14]/C
  -------------------------------------------------------------------    -------------------
    SLICE_X2Y63          FDRE (Prop_fdre_C_Q)         0.308     4.646 r  a_reg_reg[14]/Q
                         net (fo=65, routed)          1.532     6.177    dut/GEN_WALLACE.u_mul/a_reg[14]
    SLICE_X18Y50         LUT6 (Prop_lut6_I2_O)        0.053     6.230 r  dut/GEN_WALLACE.u_mul/product_out[32]_i_148/O
                         net (fo=2, routed)           0.459     6.689    dut/GEN_WALLACE.u_mul/l1[7]_35[26]
    SLICE_X18Y50         LUT3 (Prop_lut3_I2_O)        0.066     6.755 r  dut/GEN_WALLACE.u_mul/product_out[32]_i_79/O
                         net (fo=2, routed)           0.680     7.436    dut/GEN_WALLACE.u_mul/l2[5]_51[27]
    SLICE_X20Y52         LUT5 (Prop_lut5_I4_O)        0.180     7.616 r  dut/GEN_WALLACE.u_mul/product_out[32]_i_71/O
                         net (fo=3, routed)           0.757     8.373    dut/GEN_WALLACE.u_mul/l3[2]_7[27]
    SLICE_X14Y53         LUT6 (Prop_lut6_I3_O)        0.168     8.541 r  dut/GEN_WALLACE.u_mul/product_out[32]_i_54/O
                         net (fo=2, routed)           0.682     9.222    dut/GEN_WALLACE.u_mul/product_out[32]_i_54_n_0
    SLICE_X11Y53         LUT6 (Prop_lut6_I0_O)        0.053     9.275 r  dut/GEN_WALLACE.u_mul/product_out[32]_i_23/O
                         net (fo=3, routed)           0.542     9.817    dut/GEN_WALLACE.u_mul/l6[1]_25[28]
    SLICE_X9Y56          LUT3 (Prop_lut3_I2_O)        0.065     9.882 r  dut/GEN_WALLACE.u_mul/product_out[32]_i_14/O
                         net (fo=2, routed)           0.702    10.585    dut/GEN_WALLACE.u_mul/l7[1]_27[29]
    SLICE_X6Y57          LUT2 (Prop_lut2_I0_O)        0.181    10.766 r  dut/GEN_WALLACE.u_mul/product_out[32]_i_5/O
                         net (fo=1, routed)           0.142    10.908    dut/GEN_WALLACE.u_mul/final_a[29]
    SLICE_X7Y57          CARRY4 (Prop_carry4_DI[0]_CO[3])
                                                      0.435    11.343 r  dut/GEN_WALLACE.u_mul/product_out_reg[32]_i_1/CO[3]
                         net (fo=1, routed)           0.000    11.343    dut/GEN_WALLACE.u_mul/product_out_reg[32]_i_1_n_0
    SLICE_X7Y58          CARRY4 (Prop_carry4_CI_CO[3])
                                                      0.058    11.401 r  dut/GEN_WALLACE.u_mul/product_out_reg[36]_i_1/CO[3]
                         net (fo=1, routed)           0.000    11.401    dut/GEN_WALLACE.u_mul/product_out_reg[36]_i_1_n_0
    SLICE_X7Y59          CARRY4 (Prop_carry4_CI_CO[3])
                                                      0.058    11.459 r  dut/GEN_WALLACE.u_mul/product_out_reg[40]_i_1/CO[3]
                         net (fo=1, routed)           0.000    11.459    dut/GEN_WALLACE.u_mul/product_out_reg[40]_i_1_n_0
    SLICE_X7Y60          CARRY4 (Prop_carry4_CI_CO[3])
                                                      0.058    11.517 r  dut/GEN_WALLACE.u_mul/product_out_reg[44]_i_1/CO[3]
                         net (fo=1, routed)           0.000    11.517    dut/GEN_WALLACE.u_mul/product_out_reg[44]_i_1_n_0
    SLICE_X7Y61          CARRY4 (Prop_carry4_CI_CO[3])
                                                      0.058    11.575 r  dut/GEN_WALLACE.u_mul/product_out_reg[48]_i_1/CO[3]
                         net (fo=1, routed)           0.000    11.575    dut/GEN_WALLACE.u_mul/product_out_reg[48]_i_1_n_0
    SLICE_X7Y62          CARRY4 (Prop_carry4_CI_CO[3])
                                                      0.058    11.633 r  dut/GEN_WALLACE.u_mul/product_out_reg[52]_i_1/CO[3]
                         net (fo=1, routed)           0.000    11.633    dut/GEN_WALLACE.u_mul/product_out_reg[52]_i_1_n_0
    SLICE_X7Y63          CARRY4 (Prop_carry4_CI_CO[3])
                                                      0.058    11.691 r  dut/GEN_WALLACE.u_mul/product_out_reg[56]_i_1/CO[3]
                         net (fo=1, routed)           0.000    11.691    dut/GEN_WALLACE.u_mul/product_out_reg[56]_i_1_n_0
    SLICE_X7Y64          CARRY4 (Prop_carry4_CI_O[3])
                                                      0.179    11.870 r  dut/GEN_WALLACE.u_mul/product_out_reg[60]_i_1/O[3]
                         net (fo=1, routed)           0.000    11.870    product_comb[60]
    SLICE_X7Y64          FDRE                                         r  product_out_reg[60]/D
  -------------------------------------------------------------------    -------------------

                         (clock sys_clk rise edge)   10.000    10.000 r  
    AD23                                              0.000    10.000 r  clk (IN)
                         net (fo=0)                   0.000    10.000    clk
    AD23                 IBUF (Prop_ibuf_I_O)         0.796    10.796 r  clk_IBUF_inst/O
                         net (fo=1, routed)           1.741    12.537    clk_IBUF
    BUFGCTRL_X0Y0        BUFG (Prop_bufg_I_O)         0.113    12.650 r  clk_IBUF_BUFG_inst/O
                         net (fo=128, routed)         1.405    14.055    clk_IBUF_BUFG
    SLICE_X7Y64          FDRE                                         r  product_out_reg[60]/C
                         clock pessimism              0.254    14.310    
                         clock uncertainty           -0.035    14.274    
    SLICE_X7Y64          FDRE (Setup_fdre_C_D)        0.051    14.325    product_out_reg[60]
  -------------------------------------------------------------------
                         required time                         14.325    
                         arrival time                         -11.870    
  -------------------------------------------------------------------
                         slack                                  2.456    

Slack (MET) :             2.480ns  (required time - arrival time)
  Source:                 a_reg_reg[14]/C
                            (rising edge-triggered cell FDRE clocked by sys_clk  {rise@0.000ns fall@5.000ns period=10.000ns})
  Destination:            product_out_reg[54]/D
                            (rising edge-triggered cell FDRE clocked by sys_clk  {rise@0.000ns fall@5.000ns period=10.000ns})
  Path Group:             sys_clk
  Path Type:              Setup (Max at Slow Process Corner)
  Requirement:            10.000ns  (sys_clk rise@10.000ns - sys_clk rise@0.000ns)
  Data Path Delay:        7.508ns  (logic 2.012ns (26.798%)  route 5.496ns (73.202%))
  Logic Levels:           14  (CARRY4=7 LUT2=1 LUT3=2 LUT5=1 LUT6=3)
  Clock Path Skew:        -0.028ns (DCD - SCD + CPR)
    Destination Clock Delay (DCD):    4.055ns = ( 14.055 - 10.000 ) 
    Source Clock Delay      (SCD):    4.338ns
    Clock Pessimism Removal (CPR):    0.254ns
  Clock Uncertainty:      0.035ns  ((TSJ^2 + TIJ^2)^1/2 + DJ) / 2 + PE
    Total System Jitter     (TSJ):    0.071ns
    Total Input Jitter      (TIJ):    0.000ns
    Discrete Jitter          (DJ):    0.000ns
    Phase Error              (PE):    0.000ns

    Location             Delay type                Incr(ns)  Path(ns)    Netlist Resource(s)
  -------------------------------------------------------------------    -------------------
                         (clock sys_clk rise edge)    0.000     0.000 r  
    AD23                                              0.000     0.000 r  clk (IN)
                         net (fo=0)                   0.000     0.000    clk
    AD23                 IBUF (Prop_ibuf_I_O)         0.873     0.873 r  clk_IBUF_inst/O
                         net (fo=1, routed)           1.830     2.703    clk_IBUF
    BUFGCTRL_X0Y0        BUFG (Prop_bufg_I_O)         0.120     2.823 r  clk_IBUF_BUFG_inst/O
                         net (fo=128, routed)         1.515     4.338    clk_IBUF_BUFG
    SLICE_X2Y63          FDRE                                         r  a_reg_reg[14]/C
  -------------------------------------------------------------------    -------------------
    SLICE_X2Y63          FDRE (Prop_fdre_C_Q)         0.308     4.646 r  a_reg_reg[14]/Q
                         net (fo=65, routed)          1.532     6.177    dut/GEN_WALLACE.u_mul/a_reg[14]
    SLICE_X18Y50         LUT6 (Prop_lut6_I2_O)        0.053     6.230 r  dut/GEN_WALLACE.u_mul/product_out[32]_i_148/O
                         net (fo=2, routed)           0.459     6.689    dut/GEN_WALLACE.u_mul/l1[7]_35[26]
    SLICE_X18Y50         LUT3 (Prop_lut3_I2_O)        0.066     6.755 r  dut/GEN_WALLACE.u_mul/product_out[32]_i_79/O
                         net (fo=2, routed)           0.680     7.436    dut/GEN_WALLACE.u_mul/l2[5]_51[27]
    SLICE_X20Y52         LUT5 (Prop_lut5_I4_O)        0.180     7.616 r  dut/GEN_WALLACE.u_mul/product_out[32]_i_71/O
                         net (fo=3, routed)           0.757     8.373    dut/GEN_WALLACE.u_mul/l3[2]_7[27]
    SLICE_X14Y53         LUT6 (Prop_lut6_I3_O)        0.168     8.541 r  dut/GEN_WALLACE.u_mul/product_out[32]_i_54/O
                         net (fo=2, routed)           0.682     9.222    dut/GEN_WALLACE.u_mul/product_out[32]_i_54_n_0
    SLICE_X11Y53         LUT6 (Prop_lut6_I0_O)        0.053     9.275 r  dut/GEN_WALLACE.u_mul/product_out[32]_i_23/O
                         net (fo=3, routed)           0.542     9.817    dut/GEN_WALLACE.u_mul/l6[1]_25[28]
    SLICE_X9Y56          LUT3 (Prop_lut3_I2_O)        0.065     9.882 r  dut/GEN_WALLACE.u_mul/product_out[32]_i_14/O
                         net (fo=2, routed)           0.702    10.585    dut/GEN_WALLACE.u_mul/l7[1]_27[29]
    SLICE_X6Y57          LUT2 (Prop_lut2_I0_O)        0.181    10.766 r  dut/GEN_WALLACE.u_mul/product_out[32]_i_5/O
                         net (fo=1, routed)           0.142    10.908    dut/GEN_WALLACE.u_mul/final_a[29]
    SLICE_X7Y57          CARRY4 (Prop_carry4_DI[0]_CO[3])
                                                      0.435    11.343 r  dut/GEN_WALLACE.u_mul/product_out_reg[32]_i_1/CO[3]
                         net (fo=1, routed)           0.000    11.343    dut/GEN_WALLACE.u_mul/product_out_reg[32]_i_1_n_0
    SLICE_X7Y58          CARRY4 (Prop_carry4_CI_CO[3])
                                                      0.058    11.401 r  dut/GEN_WALLACE.u_mul/product_out_reg[36]_i_1/CO[3]
                         net (fo=1, routed)           0.000    11.401    dut/GEN_WALLACE.u_mul/product_out_reg[36]_i_1_n_0
    SLICE_X7Y59          CARRY4 (Prop_carry4_CI_CO[3])
                                                      0.058    11.459 r  dut/GEN_WALLACE.u_mul/product_out_reg[40]_i_1/CO[3]
                         net (fo=1, routed)           0.000    11.459    dut/GEN_WALLACE.u_mul/product_out_reg[40]_i_1_n_0
    SLICE_X7Y60          CARRY4 (Prop_carry4_CI_CO[3])
                                                      0.058    11.517 r  dut/GEN_WALLACE.u_mul/product_out_reg[44]_i_1/CO[3]
                         net (fo=1, routed)           0.000    11.517    dut/GEN_WALLACE.u_mul/product_out_reg[44]_i_1_n_0
    SLICE_X7Y61          CARRY4 (Prop_carry4_CI_CO[3])
                                                      0.058    11.575 r  dut/GEN_WALLACE.u_mul/product_out_reg[48]_i_1/CO[3]
                         net (fo=1, routed)           0.000    11.575    dut/GEN_WALLACE.u_mul/product_out_reg[48]_i_1_n_0
    SLICE_X7Y62          CARRY4 (Prop_carry4_CI_CO[3])
                                                      0.058    11.633 r  dut/GEN_WALLACE.u_mul/product_out_reg[52]_i_1/CO[3]
                         net (fo=1, routed)           0.000    11.633    dut/GEN_WALLACE.u_mul/product_out_reg[52]_i_1_n_0
    SLICE_X7Y63          CARRY4 (Prop_carry4_CI_O[1])
                                                      0.213    11.846 r  dut/GEN_WALLACE.u_mul/product_out_reg[56]_i_1/O[1]
                         net (fo=1, routed)           0.000    11.846    product_comb[54]
    SLICE_X7Y63          FDRE                                         r  product_out_reg[54]/D
  -------------------------------------------------------------------    -------------------

                         (clock sys_clk rise edge)   10.000    10.000 r  
    AD23                                              0.000    10.000 r  clk (IN)
                         net (fo=0)                   0.000    10.000    clk
    AD23                 IBUF (Prop_ibuf_I_O)         0.796    10.796 r  clk_IBUF_inst/O
                         net (fo=1, routed)           1.741    12.537    clk_IBUF
    BUFGCTRL_X0Y0        BUFG (Prop_bufg_I_O)         0.113    12.650 r  clk_IBUF_BUFG_inst/O
                         net (fo=128, routed)         1.405    14.055    clk_IBUF_BUFG
    SLICE_X7Y63          FDRE                                         r  product_out_reg[54]/C
                         clock pessimism              0.254    14.310    
                         clock uncertainty           -0.035    14.274    
    SLICE_X7Y63          FDRE (Setup_fdre_C_D)        0.051    14.325    product_out_reg[54]
  -------------------------------------------------------------------
                         required time                         14.325    
                         arrival time                         -11.846    
  -------------------------------------------------------------------
                         slack                                  2.480    

Slack (MET) :             2.496ns  (required time - arrival time)
  Source:                 a_reg_reg[14]/C
                            (rising edge-triggered cell FDRE clocked by sys_clk  {rise@0.000ns fall@5.000ns period=10.000ns})
  Destination:            product_out_reg[57]/D
                            (rising edge-triggered cell FDRE clocked by sys_clk  {rise@0.000ns fall@5.000ns period=10.000ns})
  Path Group:             sys_clk
  Path Type:              Setup (Max at Slow Process Corner)
  Requirement:            10.000ns  (sys_clk rise@10.000ns - sys_clk rise@0.000ns)
  Data Path Delay:        7.492ns  (logic 1.996ns (26.642%)  route 5.496ns (73.358%))
  Logic Levels:           15  (CARRY4=8 LUT2=1 LUT3=2 LUT5=1 LUT6=3)
  Clock Path Skew:        -0.028ns (DCD - SCD + CPR)
    Destination Clock Delay (DCD):    4.055ns = ( 14.055 - 10.000 ) 
    Source Clock Delay      (SCD):    4.338ns
    Clock Pessimism Removal (CPR):    0.254ns
  Clock Uncertainty:      0.035ns  ((TSJ^2 + TIJ^2)^1/2 + DJ) / 2 + PE
    Total System Jitter     (TSJ):    0.071ns
    Total Input Jitter      (TIJ):    0.000ns
    Discrete Jitter          (DJ):    0.000ns
    Phase Error              (PE):    0.000ns

    Location             Delay type                Incr(ns)  Path(ns)    Netlist Resource(s)
  -------------------------------------------------------------------    -------------------
                         (clock sys_clk rise edge)    0.000     0.000 r  
    AD23                                              0.000     0.000 r  clk (IN)
                         net (fo=0)                   0.000     0.000    clk
    AD23                 IBUF (Prop_ibuf_I_O)         0.873     0.873 r  clk_IBUF_inst/O
                         net (fo=1, routed)           1.830     2.703    clk_IBUF
    BUFGCTRL_X0Y0        BUFG (Prop_bufg_I_O)         0.120     2.823 r  clk_IBUF_BUFG_inst/O
                         net (fo=128, routed)         1.515     4.338    clk_IBUF_BUFG
    SLICE_X2Y63          FDRE                                         r  a_reg_reg[14]/C
  -------------------------------------------------------------------    -------------------
    SLICE_X2Y63          FDRE (Prop_fdre_C_Q)         0.308     4.646 r  a_reg_reg[14]/Q
                         net (fo=65, routed)          1.532     6.177    dut/GEN_WALLACE.u_mul/a_reg[14]
    SLICE_X18Y50         LUT6 (Prop_lut6_I2_O)        0.053     6.230 r  dut/GEN_WALLACE.u_mul/product_out[32]_i_148/O
                         net (fo=2, routed)           0.459     6.689    dut/GEN_WALLACE.u_mul/l1[7]_35[26]
    SLICE_X18Y50         LUT3 (Prop_lut3_I2_O)        0.066     6.755 r  dut/GEN_WALLACE.u_mul/product_out[32]_i_79/O
                         net (fo=2, routed)           0.680     7.436    dut/GEN_WALLACE.u_mul/l2[5]_51[27]
    SLICE_X20Y52         LUT5 (Prop_lut5_I4_O)        0.180     7.616 r  dut/GEN_WALLACE.u_mul/product_out[32]_i_71/O
                         net (fo=3, routed)           0.757     8.373    dut/GEN_WALLACE.u_mul/l3[2]_7[27]
    SLICE_X14Y53         LUT6 (Prop_lut6_I3_O)        0.168     8.541 r  dut/GEN_WALLACE.u_mul/product_out[32]_i_54/O
                         net (fo=2, routed)           0.682     9.222    dut/GEN_WALLACE.u_mul/product_out[32]_i_54_n_0
    SLICE_X11Y53         LUT6 (Prop_lut6_I0_O)        0.053     9.275 r  dut/GEN_WALLACE.u_mul/product_out[32]_i_23/O
                         net (fo=3, routed)           0.542     9.817    dut/GEN_WALLACE.u_mul/l6[1]_25[28]
    SLICE_X9Y56          LUT3 (Prop_lut3_I2_O)        0.065     9.882 r  dut/GEN_WALLACE.u_mul/product_out[32]_i_14/O
                         net (fo=2, routed)           0.702    10.585    dut/GEN_WALLACE.u_mul/l7[1]_27[29]
    SLICE_X6Y57          LUT2 (Prop_lut2_I0_O)        0.181    10.766 r  dut/GEN_WALLACE.u_mul/product_out[32]_i_5/O
                         net (fo=1, routed)           0.142    10.908    dut/GEN_WALLACE.u_mul/final_a[29]
    SLICE_X7Y57          CARRY4 (Prop_carry4_DI[0]_CO[3])
                                                      0.435    11.343 r  dut/GEN_WALLACE.u_mul/product_out_reg[32]_i_1/CO[3]
                         net (fo=1, routed)           0.000    11.343    dut/GEN_WALLACE.u_mul/product_out_reg[32]_i_1_n_0
    SLICE_X7Y58          CARRY4 (Prop_carry4_CI_CO[3])
                                                      0.058    11.401 r  dut/GEN_WALLACE.u_mul/product_out_reg[36]_i_1/CO[3]
                         net (fo=1, routed)           0.000    11.401    dut/GEN_WALLACE.u_mul/product_out_reg[36]_i_1_n_0
    SLICE_X7Y59          CARRY4 (Prop_carry4_CI_CO[3])
                                                      0.058    11.459 r  dut/GEN_WALLACE.u_mul/product_out_reg[40]_i_1/CO[3]
                         net (fo=1, routed)           0.000    11.459    dut/GEN_WALLACE.u_mul/product_out_reg[40]_i_1_n_0
    SLICE_X7Y60          CARRY4 (Prop_carry4_CI_CO[3])
                                                      0.058    11.517 r  dut/GEN_WALLACE.u_mul/product_out_reg[44]_i_1/CO[3]
                         net (fo=1, routed)           0.000    11.517    dut/GEN_WALLACE.u_mul/product_out_reg[44]_i_1_n_0
    SLICE_X7Y61          CARRY4 (Prop_carry4_CI_CO[3])
                                                      0.058    11.575 r  dut/GEN_WALLACE.u_mul/product_out_reg[48]_i_1/CO[3]
                         net (fo=1, routed)           0.000    11.575    dut/GEN_WALLACE.u_mul/product_out_reg[48]_i_1_n_0
    SLICE_X7Y62          CARRY4 (Prop_carry4_CI_CO[3])
                                                      0.058    11.633 r  dut/GEN_WALLACE.u_mul/product_out_reg[52]_i_1/CO[3]
                         net (fo=1, routed)           0.000    11.633    dut/GEN_WALLACE.u_mul/product_out_reg[52]_i_1_n_0
    SLICE_X7Y63          CARRY4 (Prop_carry4_CI_CO[3])
                                                      0.058    11.691 r  dut/GEN_WALLACE.u_mul/product_out_reg[56]_i_1/CO[3]
                         net (fo=1, routed)           0.000    11.691    dut/GEN_WALLACE.u_mul/product_out_reg[56]_i_1_n_0
    SLICE_X7Y64          CARRY4 (Prop_carry4_CI_O[0])
                                                      0.139    11.830 r  dut/GEN_WALLACE.u_mul/product_out_reg[60]_i_1/O[0]
                         net (fo=1, routed)           0.000    11.830    product_comb[57]
    SLICE_X7Y64          FDRE                                         r  product_out_reg[57]/D
  -------------------------------------------------------------------    -------------------

                         (clock sys_clk rise edge)   10.000    10.000 r  
    AD23                                              0.000    10.000 r  clk (IN)
                         net (fo=0)                   0.000    10.000    clk
    AD23                 IBUF (Prop_ibuf_I_O)         0.796    10.796 r  clk_IBUF_inst/O
                         net (fo=1, routed)           1.741    12.537    clk_IBUF
    BUFGCTRL_X0Y0        BUFG (Prop_bufg_I_O)         0.113    12.650 r  clk_IBUF_BUFG_inst/O
                         net (fo=128, routed)         1.405    14.055    clk_IBUF_BUFG
    SLICE_X7Y64          FDRE                                         r  product_out_reg[57]/C
                         clock pessimism              0.254    14.310    
                         clock uncertainty           -0.035    14.274    
    SLICE_X7Y64          FDRE (Setup_fdre_C_D)        0.051    14.325    product_out_reg[57]
  -------------------------------------------------------------------
                         required time                         14.325    
                         arrival time                         -11.830    
  -------------------------------------------------------------------
                         slack                                  2.496    

Slack (MET) :             2.499ns  (required time - arrival time)
  Source:                 a_reg_reg[14]/C
                            (rising edge-triggered cell FDRE clocked by sys_clk  {rise@0.000ns fall@5.000ns period=10.000ns})
  Destination:            product_out_reg[59]/D
                            (rising edge-triggered cell FDRE clocked by sys_clk  {rise@0.000ns fall@5.000ns period=10.000ns})
  Path Group:             sys_clk
  Path Type:              Setup (Max at Slow Process Corner)
  Requirement:            10.000ns  (sys_clk rise@10.000ns - sys_clk rise@0.000ns)
  Data Path Delay:        7.489ns  (logic 1.993ns (26.613%)  route 5.496ns (73.387%))
  Logic Levels:           15  (CARRY4=8 LUT2=1 LUT3=2 LUT5=1 LUT6=3)
  Clock Path Skew:        -0.028ns (DCD - SCD + CPR)
    Destination Clock Delay (DCD):    4.055ns = ( 14.055 - 10.000 ) 
    Source Clock Delay      (SCD):    4.338ns
    Clock Pessimism Removal (CPR):    0.254ns
  Clock Uncertainty:      0.035ns  ((TSJ^2 + TIJ^2)^1/2 + DJ) / 2 + PE
    Total System Jitter     (TSJ):    0.071ns
    Total Input Jitter      (TIJ):    0.000ns
    Discrete Jitter          (DJ):    0.000ns
    Phase Error              (PE):    0.000ns

    Location             Delay type                Incr(ns)  Path(ns)    Netlist Resource(s)
  -------------------------------------------------------------------    -------------------
                         (clock sys_clk rise edge)    0.000     0.000 r  
    AD23                                              0.000     0.000 r  clk (IN)
                         net (fo=0)                   0.000     0.000    clk
    AD23                 IBUF (Prop_ibuf_I_O)         0.873     0.873 r  clk_IBUF_inst/O
                         net (fo=1, routed)           1.830     2.703    clk_IBUF
    BUFGCTRL_X0Y0        BUFG (Prop_bufg_I_O)         0.120     2.823 r  clk_IBUF_BUFG_inst/O
                         net (fo=128, routed)         1.515     4.338    clk_IBUF_BUFG
    SLICE_X2Y63          FDRE                                         r  a_reg_reg[14]/C
  -------------------------------------------------------------------    -------------------
    SLICE_X2Y63          FDRE (Prop_fdre_C_Q)         0.308     4.646 r  a_reg_reg[14]/Q
                         net (fo=65, routed)          1.532     6.177    dut/GEN_WALLACE.u_mul/a_reg[14]
    SLICE_X18Y50         LUT6 (Prop_lut6_I2_O)        0.053     6.230 r  dut/GEN_WALLACE.u_mul/product_out[32]_i_148/O
                         net (fo=2, routed)           0.459     6.689    dut/GEN_WALLACE.u_mul/l1[7]_35[26]
    SLICE_X18Y50         LUT3 (Prop_lut3_I2_O)        0.066     6.755 r  dut/GEN_WALLACE.u_mul/product_out[32]_i_79/O
                         net (fo=2, routed)           0.680     7.436    dut/GEN_WALLACE.u_mul/l2[5]_51[27]
    SLICE_X20Y52         LUT5 (Prop_lut5_I4_O)        0.180     7.616 r  dut/GEN_WALLACE.u_mul/product_out[32]_i_71/O
                         net (fo=3, routed)           0.757     8.373    dut/GEN_WALLACE.u_mul/l3[2]_7[27]
    SLICE_X14Y53         LUT6 (Prop_lut6_I3_O)        0.168     8.541 r  dut/GEN_WALLACE.u_mul/product_out[32]_i_54/O
                         net (fo=2, routed)           0.682     9.222    dut/GEN_WALLACE.u_mul/product_out[32]_i_54_n_0
    SLICE_X11Y53         LUT6 (Prop_lut6_I0_O)        0.053     9.275 r  dut/GEN_WALLACE.u_mul/product_out[32]_i_23/O
                         net (fo=3, routed)           0.542     9.817    dut/GEN_WALLACE.u_mul/l6[1]_25[28]
    SLICE_X9Y56          LUT3 (Prop_lut3_I2_O)        0.065     9.882 r  dut/GEN_WALLACE.u_mul/product_out[32]_i_14/O
                         net (fo=2, routed)           0.702    10.585    dut/GEN_WALLACE.u_mul/l7[1]_27[29]
    SLICE_X6Y57          LUT2 (Prop_lut2_I0_O)        0.181    10.766 r  dut/GEN_WALLACE.u_mul/product_out[32]_i_5/O
                         net (fo=1, routed)           0.142    10.908    dut/GEN_WALLACE.u_mul/final_a[29]
    SLICE_X7Y57          CARRY4 (Prop_carry4_DI[0]_CO[3])
                                                      0.435    11.343 r  dut/GEN_WALLACE.u_mul/product_out_reg[32]_i_1/CO[3]
                         net (fo=1, routed)           0.000    11.343    dut/GEN_WALLACE.u_mul/product_out_reg[32]_i_1_n_0
    SLICE_X7Y58          CARRY4 (Prop_carry4_CI_CO[3])
                                                      0.058    11.401 r  dut/GEN_WALLACE.u_mul/product_out_reg[36]_i_1/CO[3]
                         net (fo=1, routed)           0.000    11.401    dut/GEN_WALLACE.u_mul/product_out_reg[36]_i_1_n_0
    SLICE_X7Y59          CARRY4 (Prop_carry4_CI_CO[3])
                                                      0.058    11.459 r  dut/GEN_WALLACE.u_mul/product_out_reg[40]_i_1/CO[3]
                         net (fo=1, routed)           0.000    11.459    dut/GEN_WALLACE.u_mul/product_out_reg[40]_i_1_n_0
    SLICE_X7Y60          CARRY4 (Prop_carry4_CI_CO[3])
                                                      0.058    11.517 r  dut/GEN_WALLACE.u_mul/product_out_reg[44]_i_1/CO[3]
                         net (fo=1, routed)           0.000    11.517    dut/GEN_WALLACE.u_mul/product_out_reg[44]_i_1_n_0
    SLICE_X7Y61          CARRY4 (Prop_carry4_CI_CO[3])
                                                      0.058    11.575 r  dut/GEN_WALLACE.u_mul/product_out_reg[48]_i_1/CO[3]
                         net (fo=1, routed)           0.000    11.575    dut/GEN_WALLACE.u_mul/product_out_reg[48]_i_1_n_0
    SLICE_X7Y62          CARRY4 (Prop_carry4_CI_CO[3])
                                                      0.058    11.633 r  dut/GEN_WALLACE.u_mul/product_out_reg[52]_i_1/CO[3]
                         net (fo=1, routed)           0.000    11.633    dut/GEN_WALLACE.u_mul/product_out_reg[52]_i_1_n_0
    SLICE_X7Y63          CARRY4 (Prop_carry4_CI_CO[3])
                                                      0.058    11.691 r  dut/GEN_WALLACE.u_mul/product_out_reg[56]_i_1/CO[3]
                         net (fo=1, routed)           0.000    11.691    dut/GEN_WALLACE.u_mul/product_out_reg[56]_i_1_n_0
    SLICE_X7Y64          CARRY4 (Prop_carry4_CI_O[2])
                                                      0.136    11.827 r  dut/GEN_WALLACE.u_mul/product_out_reg[60]_i_1/O[2]
                         net (fo=1, routed)           0.000    11.827    product_comb[59]
    SLICE_X7Y64          FDRE                                         r  product_out_reg[59]/D
  -------------------------------------------------------------------    -------------------

                         (clock sys_clk rise edge)   10.000    10.000 r  
    AD23                                              0.000    10.000 r  clk (IN)
                         net (fo=0)                   0.000    10.000    clk
    AD23                 IBUF (Prop_ibuf_I_O)         0.796    10.796 r  clk_IBUF_inst/O
                         net (fo=1, routed)           1.741    12.537    clk_IBUF
    BUFGCTRL_X0Y0        BUFG (Prop_bufg_I_O)         0.113    12.650 r  clk_IBUF_BUFG_inst/O
                         net (fo=128, routed)         1.405    14.055    clk_IBUF_BUFG
    SLICE_X7Y64          FDRE                                         r  product_out_reg[59]/C
                         clock pessimism              0.254    14.310    
                         clock uncertainty           -0.035    14.274    
    SLICE_X7Y64          FDRE (Setup_fdre_C_D)        0.051    14.325    product_out_reg[59]
  -------------------------------------------------------------------
                         required time                         14.325    
                         arrival time                         -11.827    
  -------------------------------------------------------------------
                         slack                                  2.499    

Slack (MET) :             2.514ns  (required time - arrival time)
  Source:                 a_reg_reg[14]/C
                            (rising edge-triggered cell FDRE clocked by sys_clk  {rise@0.000ns fall@5.000ns period=10.000ns})
  Destination:            product_out_reg[56]/D
                            (rising edge-triggered cell FDRE clocked by sys_clk  {rise@0.000ns fall@5.000ns period=10.000ns})
  Path Group:             sys_clk
  Path Type:              Setup (Max at Slow Process Corner)
  Requirement:            10.000ns  (sys_clk rise@10.000ns - sys_clk rise@0.000ns)
  Data Path Delay:        7.474ns  (logic 1.978ns (26.465%)  route 5.496ns (73.535%))
  Logic Levels:           14  (CARRY4=7 LUT2=1 LUT3=2 LUT5=1 LUT6=3)
  Clock Path Skew:        -0.028ns (DCD - SCD + CPR)
    Destination Clock Delay (DCD):    4.055ns = ( 14.055 - 10.000 ) 
    Source Clock Delay      (SCD):    4.338ns
    Clock Pessimism Removal (CPR):    0.254ns
  Clock Uncertainty:      0.035ns  ((TSJ^2 + TIJ^2)^1/2 + DJ) / 2 + PE
    Total System Jitter     (TSJ):    0.071ns
    Total Input Jitter      (TIJ):    0.000ns
    Discrete Jitter          (DJ):    0.000ns
    Phase Error              (PE):    0.000ns

    Location             Delay type                Incr(ns)  Path(ns)    Netlist Resource(s)
  -------------------------------------------------------------------    -------------------
                         (clock sys_clk rise edge)    0.000     0.000 r  
    AD23                                              0.000     0.000 r  clk (IN)
                         net (fo=0)                   0.000     0.000    clk
    AD23                 IBUF (Prop_ibuf_I_O)         0.873     0.873 r  clk_IBUF_inst/O
                         net (fo=1, routed)           1.830     2.703    clk_IBUF
    BUFGCTRL_X0Y0        BUFG (Prop_bufg_I_O)         0.120     2.823 r  clk_IBUF_BUFG_inst/O
                         net (fo=128, routed)         1.515     4.338    clk_IBUF_BUFG
    SLICE_X2Y63          FDRE                                         r  a_reg_reg[14]/C
  -------------------------------------------------------------------    -------------------
    SLICE_X2Y63          FDRE (Prop_fdre_C_Q)         0.308     4.646 r  a_reg_reg[14]/Q
                         net (fo=65, routed)          1.532     6.177    dut/GEN_WALLACE.u_mul/a_reg[14]
    SLICE_X18Y50         LUT6 (Prop_lut6_I2_O)        0.053     6.230 r  dut/GEN_WALLACE.u_mul/product_out[32]_i_148/O
                         net (fo=2, routed)           0.459     6.689    dut/GEN_WALLACE.u_mul/l1[7]_35[26]
    SLICE_X18Y50         LUT3 (Prop_lut3_I2_O)        0.066     6.755 r  dut/GEN_WALLACE.u_mul/product_out[32]_i_79/O
                         net (fo=2, routed)           0.680     7.436    dut/GEN_WALLACE.u_mul/l2[5]_51[27]
    SLICE_X20Y52         LUT5 (Prop_lut5_I4_O)        0.180     7.616 r  dut/GEN_WALLACE.u_mul/product_out[32]_i_71/O
                         net (fo=3, routed)           0.757     8.373    dut/GEN_WALLACE.u_mul/l3[2]_7[27]
    SLICE_X14Y53         LUT6 (Prop_lut6_I3_O)        0.168     8.541 r  dut/GEN_WALLACE.u_mul/product_out[32]_i_54/O
                         net (fo=2, routed)           0.682     9.222    dut/GEN_WALLACE.u_mul/product_out[32]_i_54_n_0
    SLICE_X11Y53         LUT6 (Prop_lut6_I0_O)        0.053     9.275 r  dut/GEN_WALLACE.u_mul/product_out[32]_i_23/O
                         net (fo=3, routed)           0.542     9.817    dut/GEN_WALLACE.u_mul/l6[1]_25[28]
    SLICE_X9Y56          LUT3 (Prop_lut3_I2_O)        0.065     9.882 r  dut/GEN_WALLACE.u_mul/product_out[32]_i_14/O
                         net (fo=2, routed)           0.702    10.585    dut/GEN_WALLACE.u_mul/l7[1]_27[29]
    SLICE_X6Y57          LUT2 (Prop_lut2_I0_O)        0.181    10.766 r  dut/GEN_WALLACE.u_mul/product_out[32]_i_5/O
                         net (fo=1, routed)           0.142    10.908    dut/GEN_WALLACE.u_mul/final_a[29]
    SLICE_X7Y57          CARRY4 (Prop_carry4_DI[0]_CO[3])
                                                      0.435    11.343 r  dut/GEN_WALLACE.u_mul/product_out_reg[32]_i_1/CO[3]
                         net (fo=1, routed)           0.000    11.343    dut/GEN_WALLACE.u_mul/product_out_reg[32]_i_1_n_0
    SLICE_X7Y58          CARRY4 (Prop_carry4_CI_CO[3])
                                                      0.058    11.401 r  dut/GEN_WALLACE.u_mul/product_out_reg[36]_i_1/CO[3]
                         net (fo=1, routed)           0.000    11.401    dut/GEN_WALLACE.u_mul/product_out_reg[36]_i_1_n_0
    SLICE_X7Y59          CARRY4 (Prop_carry4_CI_CO[3])
                                                      0.058    11.459 r  dut/GEN_WALLACE.u_mul/product_out_reg[40]_i_1/CO[3]
                         net (fo=1, routed)           0.000    11.459    dut/GEN_WALLACE.u_mul/product_out_reg[40]_i_1_n_0
    SLICE_X7Y60          CARRY4 (Prop_carry4_CI_CO[3])
                                                      0.058    11.517 r  dut/GEN_WALLACE.u_mul/product_out_reg[44]_i_1/CO[3]
                         net (fo=1, routed)           0.000    11.517    dut/GEN_WALLACE.u_mul/product_out_reg[44]_i_1_n_0
    SLICE_X7Y61          CARRY4 (Prop_carry4_CI_CO[3])
                                                      0.058    11.575 r  dut/GEN_WALLACE.u_mul/product_out_reg[48]_i_1/CO[3]
                         net (fo=1, routed)           0.000    11.575    dut/GEN_WALLACE.u_mul/product_out_reg[48]_i_1_n_0
    SLICE_X7Y62          CARRY4 (Prop_carry4_CI_CO[3])
                                                      0.058    11.633 r  dut/GEN_WALLACE.u_mul/product_out_reg[52]_i_1/CO[3]
                         net (fo=1, routed)           0.000    11.633    dut/GEN_WALLACE.u_mul/product_out_reg[52]_i_1_n_0
    SLICE_X7Y63          CARRY4 (Prop_carry4_CI_O[3])
                                                      0.179    11.812 r  dut/GEN_WALLACE.u_mul/product_out_reg[56]_i_1/O[3]
                         net (fo=1, routed)           0.000    11.812    product_comb[56]
    SLICE_X7Y63          FDRE                                         r  product_out_reg[56]/D
  -------------------------------------------------------------------    -------------------

                         (clock sys_clk rise edge)   10.000    10.000 r  
    AD23                                              0.000    10.000 r  clk (IN)
                         net (fo=0)                   0.000    10.000    clk
    AD23                 IBUF (Prop_ibuf_I_O)         0.796    10.796 r  clk_IBUF_inst/O
                         net (fo=1, routed)           1.741    12.537    clk_IBUF
    BUFGCTRL_X0Y0        BUFG (Prop_bufg_I_O)         0.113    12.650 r  clk_IBUF_BUFG_inst/O
                         net (fo=128, routed)         1.405    14.055    clk_IBUF_BUFG
    SLICE_X7Y63          FDRE                                         r  product_out_reg[56]/C
                         clock pessimism              0.254    14.310    
                         clock uncertainty           -0.035    14.274    
    SLICE_X7Y63          FDRE (Setup_fdre_C_D)        0.051    14.325    product_out_reg[56]
  -------------------------------------------------------------------
                         required time                         14.325    
                         arrival time                         -11.812    
  -------------------------------------------------------------------
                         slack                                  2.514    

Slack (MET) :             2.539ns  (required time - arrival time)
  Source:                 a_reg_reg[14]/C
                            (rising edge-triggered cell FDRE clocked by sys_clk  {rise@0.000ns fall@5.000ns period=10.000ns})
  Destination:            product_out_reg[50]/D
                            (rising edge-triggered cell FDRE clocked by sys_clk  {rise@0.000ns fall@5.000ns period=10.000ns})
  Path Group:             sys_clk
  Path Type:              Setup (Max at Slow Process Corner)
  Requirement:            10.000ns  (sys_clk rise@10.000ns - sys_clk rise@0.000ns)
  Data Path Delay:        7.450ns  (logic 1.954ns (26.228%)  route 5.496ns (73.772%))
  Logic Levels:           13  (CARRY4=6 LUT2=1 LUT3=2 LUT5=1 LUT6=3)
  Clock Path Skew:        -0.027ns (DCD - SCD + CPR)
    Destination Clock Delay (DCD):    4.056ns = ( 14.056 - 10.000 ) 
    Source Clock Delay      (SCD):    4.338ns
    Clock Pessimism Removal (CPR):    0.254ns
  Clock Uncertainty:      0.035ns  ((TSJ^2 + TIJ^2)^1/2 + DJ) / 2 + PE
    Total System Jitter     (TSJ):    0.071ns
    Total Input Jitter      (TIJ):    0.000ns
    Discrete Jitter          (DJ):    0.000ns
    Phase Error              (PE):    0.000ns

    Location             Delay type                Incr(ns)  Path(ns)    Netlist Resource(s)
  -------------------------------------------------------------------    -------------------
                         (clock sys_clk rise edge)    0.000     0.000 r  
    AD23                                              0.000     0.000 r  clk (IN)
                         net (fo=0)                   0.000     0.000    clk
    AD23                 IBUF (Prop_ibuf_I_O)         0.873     0.873 r  clk_IBUF_inst/O
                         net (fo=1, routed)           1.830     2.703    clk_IBUF
    BUFGCTRL_X0Y0        BUFG (Prop_bufg_I_O)         0.120     2.823 r  clk_IBUF_BUFG_inst/O
                         net (fo=128, routed)         1.515     4.338    clk_IBUF_BUFG
    SLICE_X2Y63          FDRE                                         r  a_reg_reg[14]/C
  -------------------------------------------------------------------    -------------------
    SLICE_X2Y63          FDRE (Prop_fdre_C_Q)         0.308     4.646 r  a_reg_reg[14]/Q
                         net (fo=65, routed)          1.532     6.177    dut/GEN_WALLACE.u_mul/a_reg[14]
    SLICE_X18Y50         LUT6 (Prop_lut6_I2_O)        0.053     6.230 r  dut/GEN_WALLACE.u_mul/product_out[32]_i_148/O
                         net (fo=2, routed)           0.459     6.689    dut/GEN_WALLACE.u_mul/l1[7]_35[26]
    SLICE_X18Y50         LUT3 (Prop_lut3_I2_O)        0.066     6.755 r  dut/GEN_WALLACE.u_mul/product_out[32]_i_79/O
                         net (fo=2, routed)           0.680     7.436    dut/GEN_WALLACE.u_mul/l2[5]_51[27]
    SLICE_X20Y52         LUT5 (Prop_lut5_I4_O)        0.180     7.616 r  dut/GEN_WALLACE.u_mul/product_out[32]_i_71/O
                         net (fo=3, routed)           0.757     8.373    dut/GEN_WALLACE.u_mul/l3[2]_7[27]
    SLICE_X14Y53         LUT6 (Prop_lut6_I3_O)        0.168     8.541 r  dut/GEN_WALLACE.u_mul/product_out[32]_i_54/O
                         net (fo=2, routed)           0.682     9.222    dut/GEN_WALLACE.u_mul/product_out[32]_i_54_n_0
    SLICE_X11Y53         LUT6 (Prop_lut6_I0_O)        0.053     9.275 r  dut/GEN_WALLACE.u_mul/product_out[32]_i_23/O
                         net (fo=3, routed)           0.542     9.817    dut/GEN_WALLACE.u_mul/l6[1]_25[28]
    SLICE_X9Y56          LUT3 (Prop_lut3_I2_O)        0.065     9.882 r  dut/GEN_WALLACE.u_mul/product_out[32]_i_14/O
                         net (fo=2, routed)           0.702    10.585    dut/GEN_WALLACE.u_mul/l7[1]_27[29]
    SLICE_X6Y57          LUT2 (Prop_lut2_I0_O)        0.181    10.766 r  dut/GEN_WALLACE.u_mul/product_out[32]_i_5/O
                         net (fo=1, routed)           0.142    10.908    dut/GEN_WALLACE.u_mul/final_a[29]
    SLICE_X7Y57          CARRY4 (Prop_carry4_DI[0]_CO[3])
                                                      0.435    11.343 r  dut/GEN_WALLACE.u_mul/product_out_reg[32]_i_1/CO[3]
                         net (fo=1, routed)           0.000    11.343    dut/GEN_WALLACE.u_mul/product_out_reg[32]_i_1_n_0
    SLICE_X7Y58          CARRY4 (Prop_carry4_CI_CO[3])
                                                      0.058    11.401 r  dut/GEN_WALLACE.u_mul/product_out_reg[36]_i_1/CO[3]
                         net (fo=1, routed)           0.000    11.401    dut/GEN_WALLACE.u_mul/product_out_reg[36]_i_1_n_0
    SLICE_X7Y59          CARRY4 (Prop_carry4_CI_CO[3])
                                                      0.058    11.459 r  dut/GEN_WALLACE.u_mul/product_out_reg[40]_i_1/CO[3]
                         net (fo=1, routed)           0.000    11.459    dut/GEN_WALLACE.u_mul/product_out_reg[40]_i_1_n_0
    SLICE_X7Y60          CARRY4 (Prop_carry4_CI_CO[3])
                                                      0.058    11.517 r  dut/GEN_WALLACE.u_mul/product_out_reg[44]_i_1/CO[3]
                         net (fo=1, routed)           0.000    11.517    dut/GEN_WALLACE.u_mul/product_out_reg[44]_i_1_n_0
    SLICE_X7Y61          CARRY4 (Prop_carry4_CI_CO[3])
                                                      0.058    11.575 r  dut/GEN_WALLACE.u_mul/product_out_reg[48]_i_1/CO[3]
                         net (fo=1, routed)           0.000    11.575    dut/GEN_WALLACE.u_mul/product_out_reg[48]_i_1_n_0
    SLICE_X7Y62          CARRY4 (Prop_carry4_CI_O[1])
                                                      0.213    11.788 r  dut/GEN_WALLACE.u_mul/product_out_reg[52]_i_1/O[1]
                         net (fo=1, routed)           0.000    11.788    product_comb[50]
    SLICE_X7Y62          FDRE                                         r  product_out_reg[50]/D
  -------------------------------------------------------------------    -------------------

                         (clock sys_clk rise edge)   10.000    10.000 r  
    AD23                                              0.000    10.000 r  clk (IN)
                         net (fo=0)                   0.000    10.000    clk
    AD23                 IBUF (Prop_ibuf_I_O)         0.796    10.796 r  clk_IBUF_inst/O
                         net (fo=1, routed)           1.741    12.537    clk_IBUF
    BUFGCTRL_X0Y0        BUFG (Prop_bufg_I_O)         0.113    12.650 r  clk_IBUF_BUFG_inst/O
                         net (fo=128, routed)         1.406    14.056    clk_IBUF_BUFG
    SLICE_X7Y62          FDRE                                         r  product_out_reg[50]/C
                         clock pessimism              0.254    14.311    
                         clock uncertainty           -0.035    14.275    
    SLICE_X7Y62          FDRE (Setup_fdre_C_D)        0.051    14.326    product_out_reg[50]
  -------------------------------------------------------------------
                         required time                         14.326    
                         arrival time                         -11.788    
  -------------------------------------------------------------------
                         slack                                  2.539    

Slack (MET) :             2.554ns  (required time - arrival time)
  Source:                 a_reg_reg[14]/C
                            (rising edge-triggered cell FDRE clocked by sys_clk  {rise@0.000ns fall@5.000ns period=10.000ns})
  Destination:            product_out_reg[53]/D
                            (rising edge-triggered cell FDRE clocked by sys_clk  {rise@0.000ns fall@5.000ns period=10.000ns})
  Path Group:             sys_clk
  Path Type:              Setup (Max at Slow Process Corner)
  Requirement:            10.000ns  (sys_clk rise@10.000ns - sys_clk rise@0.000ns)
  Data Path Delay:        7.434ns  (logic 1.938ns (26.070%)  route 5.496ns (73.930%))
  Logic Levels:           14  (CARRY4=7 LUT2=1 LUT3=2 LUT5=1 LUT6=3)
  Clock Path Skew:        -0.028ns (DCD - SCD + CPR)
    Destination Clock Delay (DCD):    4.055ns = ( 14.055 - 10.000 ) 
    Source Clock Delay      (SCD):    4.338ns
    Clock Pessimism Removal (CPR):    0.254ns
  Clock Uncertainty:      0.035ns  ((TSJ^2 + TIJ^2)^1/2 + DJ) / 2 + PE
    Total System Jitter     (TSJ):    0.071ns
    Total Input Jitter      (TIJ):    0.000ns
    Discrete Jitter          (DJ):    0.000ns
    Phase Error              (PE):    0.000ns

    Location             Delay type                Incr(ns)  Path(ns)    Netlist Resource(s)
  -------------------------------------------------------------------    -------------------
                         (clock sys_clk rise edge)    0.000     0.000 r  
    AD23                                              0.000     0.000 r  clk (IN)
                         net (fo=0)                   0.000     0.000    clk
    AD23                 IBUF (Prop_ibuf_I_O)         0.873     0.873 r  clk_IBUF_inst/O
                         net (fo=1, routed)           1.830     2.703    clk_IBUF
    BUFGCTRL_X0Y0        BUFG (Prop_bufg_I_O)         0.120     2.823 r  clk_IBUF_BUFG_inst/O
                         net (fo=128, routed)         1.515     4.338    clk_IBUF_BUFG
    SLICE_X2Y63          FDRE                                         r  a_reg_reg[14]/C
  -------------------------------------------------------------------    -------------------
    SLICE_X2Y63          FDRE (Prop_fdre_C_Q)         0.308     4.646 r  a_reg_reg[14]/Q
                         net (fo=65, routed)          1.532     6.177    dut/GEN_WALLACE.u_mul/a_reg[14]
    SLICE_X18Y50         LUT6 (Prop_lut6_I2_O)        0.053     6.230 r  dut/GEN_WALLACE.u_mul/product_out[32]_i_148/O
                         net (fo=2, routed)           0.459     6.689    dut/GEN_WALLACE.u_mul/l1[7]_35[26]
    SLICE_X18Y50         LUT3 (Prop_lut3_I2_O)        0.066     6.755 r  dut/GEN_WALLACE.u_mul/product_out[32]_i_79/O
                         net (fo=2, routed)           0.680     7.436    dut/GEN_WALLACE.u_mul/l2[5]_51[27]
    SLICE_X20Y52         LUT5 (Prop_lut5_I4_O)        0.180     7.616 r  dut/GEN_WALLACE.u_mul/product_out[32]_i_71/O
                         net (fo=3, routed)           0.757     8.373    dut/GEN_WALLACE.u_mul/l3[2]_7[27]
    SLICE_X14Y53         LUT6 (Prop_lut6_I3_O)        0.168     8.541 r  dut/GEN_WALLACE.u_mul/product_out[32]_i_54/O
                         net (fo=2, routed)           0.682     9.222    dut/GEN_WALLACE.u_mul/product_out[32]_i_54_n_0
    SLICE_X11Y53         LUT6 (Prop_lut6_I0_O)        0.053     9.275 r  dut/GEN_WALLACE.u_mul/product_out[32]_i_23/O
                         net (fo=3, routed)           0.542     9.817    dut/GEN_WALLACE.u_mul/l6[1]_25[28]
    SLICE_X9Y56          LUT3 (Prop_lut3_I2_O)        0.065     9.882 r  dut/GEN_WALLACE.u_mul/product_out[32]_i_14/O
                         net (fo=2, routed)           0.702    10.585    dut/GEN_WALLACE.u_mul/l7[1]_27[29]
    SLICE_X6Y57          LUT2 (Prop_lut2_I0_O)        0.181    10.766 r  dut/GEN_WALLACE.u_mul/product_out[32]_i_5/O
                         net (fo=1, routed)           0.142    10.908    dut/GEN_WALLACE.u_mul/final_a[29]
    SLICE_X7Y57          CARRY4 (Prop_carry4_DI[0]_CO[3])
                                                      0.435    11.343 r  dut/GEN_WALLACE.u_mul/product_out_reg[32]_i_1/CO[3]
                         net (fo=1, routed)           0.000    11.343    dut/GEN_WALLACE.u_mul/product_out_reg[32]_i_1_n_0
    SLICE_X7Y58          CARRY4 (Prop_carry4_CI_CO[3])
                                                      0.058    11.401 r  dut/GEN_WALLACE.u_mul/product_out_reg[36]_i_1/CO[3]
                         net (fo=1, routed)           0.000    11.401    dut/GEN_WALLACE.u_mul/product_out_reg[36]_i_1_n_0
    SLICE_X7Y59          CARRY4 (Prop_carry4_CI_CO[3])
                                                      0.058    11.459 r  dut/GEN_WALLACE.u_mul/product_out_reg[40]_i_1/CO[3]
                         net (fo=1, routed)           0.000    11.459    dut/GEN_WALLACE.u_mul/product_out_reg[40]_i_1_n_0
    SLICE_X7Y60          CARRY4 (Prop_carry4_CI_CO[3])
                                                      0.058    11.517 r  dut/GEN_WALLACE.u_mul/product_out_reg[44]_i_1/CO[3]
                         net (fo=1, routed)           0.000    11.517    dut/GEN_WALLACE.u_mul/product_out_reg[44]_i_1_n_0
    SLICE_X7Y61          CARRY4 (Prop_carry4_CI_CO[3])
                                                      0.058    11.575 r  dut/GEN_WALLACE.u_mul/product_out_reg[48]_i_1/CO[3]
                         net (fo=1, routed)           0.000    11.575    dut/GEN_WALLACE.u_mul/product_out_reg[48]_i_1_n_0
    SLICE_X7Y62          CARRY4 (Prop_carry4_CI_CO[3])
                                                      0.058    11.633 r  dut/GEN_WALLACE.u_mul/product_out_reg[52]_i_1/CO[3]
                         net (fo=1, routed)           0.000    11.633    dut/GEN_WALLACE.u_mul/product_out_reg[52]_i_1_n_0
    SLICE_X7Y63          CARRY4 (Prop_carry4_CI_O[0])
                                                      0.139    11.772 r  dut/GEN_WALLACE.u_mul/product_out_reg[56]_i_1/O[0]
                         net (fo=1, routed)           0.000    11.772    product_comb[53]
    SLICE_X7Y63          FDRE                                         r  product_out_reg[53]/D
  -------------------------------------------------------------------    -------------------

                         (clock sys_clk rise edge)   10.000    10.000 r  
    AD23                                              0.000    10.000 r  clk (IN)
                         net (fo=0)                   0.000    10.000    clk
    AD23                 IBUF (Prop_ibuf_I_O)         0.796    10.796 r  clk_IBUF_inst/O
                         net (fo=1, routed)           1.741    12.537    clk_IBUF
    BUFGCTRL_X0Y0        BUFG (Prop_bufg_I_O)         0.113    12.650 r  clk_IBUF_BUFG_inst/O
                         net (fo=128, routed)         1.405    14.055    clk_IBUF_BUFG
    SLICE_X7Y63          FDRE                                         r  product_out_reg[53]/C
                         clock pessimism              0.254    14.310    
                         clock uncertainty           -0.035    14.274    
    SLICE_X7Y63          FDRE (Setup_fdre_C_D)        0.051    14.325    product_out_reg[53]
  -------------------------------------------------------------------
                         required time                         14.325    
                         arrival time                         -11.772    
  -------------------------------------------------------------------
                         slack                                  2.554    

Slack (MET) :             2.557ns  (required time - arrival time)
  Source:                 a_reg_reg[14]/C
                            (rising edge-triggered cell FDRE clocked by sys_clk  {rise@0.000ns fall@5.000ns period=10.000ns})
  Destination:            product_out_reg[55]/D
                            (rising edge-triggered cell FDRE clocked by sys_clk  {rise@0.000ns fall@5.000ns period=10.000ns})
  Path Group:             sys_clk
  Path Type:              Setup (Max at Slow Process Corner)
  Requirement:            10.000ns  (sys_clk rise@10.000ns - sys_clk rise@0.000ns)
  Data Path Delay:        7.431ns  (logic 1.935ns (26.040%)  route 5.496ns (73.960%))
  Logic Levels:           14  (CARRY4=7 LUT2=1 LUT3=2 LUT5=1 LUT6=3)
  Clock Path Skew:        -0.028ns (DCD - SCD + CPR)
    Destination Clock Delay (DCD):    4.055ns = ( 14.055 - 10.000 ) 
    Source Clock Delay      (SCD):    4.338ns
    Clock Pessimism Removal (CPR):    0.254ns
  Clock Uncertainty:      0.035ns  ((TSJ^2 + TIJ^2)^1/2 + DJ) / 2 + PE
    Total System Jitter     (TSJ):    0.071ns
    Total Input Jitter      (TIJ):    0.000ns
    Discrete Jitter          (DJ):    0.000ns
    Phase Error              (PE):    0.000ns

    Location             Delay type                Incr(ns)  Path(ns)    Netlist Resource(s)
  -------------------------------------------------------------------    -------------------
                         (clock sys_clk rise edge)    0.000     0.000 r  
    AD23                                              0.000     0.000 r  clk (IN)
                         net (fo=0)                   0.000     0.000    clk
    AD23                 IBUF (Prop_ibuf_I_O)         0.873     0.873 r  clk_IBUF_inst/O
                         net (fo=1, routed)           1.830     2.703    clk_IBUF
    BUFGCTRL_X0Y0        BUFG (Prop_bufg_I_O)         0.120     2.823 r  clk_IBUF_BUFG_inst/O
                         net (fo=128, routed)         1.515     4.338    clk_IBUF_BUFG
    SLICE_X2Y63          FDRE                                         r  a_reg_reg[14]/C
  -------------------------------------------------------------------    -------------------
    SLICE_X2Y63          FDRE (Prop_fdre_C_Q)         0.308     4.646 r  a_reg_reg[14]/Q
                         net (fo=65, routed)          1.532     6.177    dut/GEN_WALLACE.u_mul/a_reg[14]
    SLICE_X18Y50         LUT6 (Prop_lut6_I2_O)        0.053     6.230 r  dut/GEN_WALLACE.u_mul/product_out[32]_i_148/O
                         net (fo=2, routed)           0.459     6.689    dut/GEN_WALLACE.u_mul/l1[7]_35[26]
    SLICE_X18Y50         LUT3 (Prop_lut3_I2_O)        0.066     6.755 r  dut/GEN_WALLACE.u_mul/product_out[32]_i_79/O
                         net (fo=2, routed)           0.680     7.436    dut/GEN_WALLACE.u_mul/l2[5]_51[27]
    SLICE_X20Y52         LUT5 (Prop_lut5_I4_O)        0.180     7.616 r  dut/GEN_WALLACE.u_mul/product_out[32]_i_71/O
                         net (fo=3, routed)           0.757     8.373    dut/GEN_WALLACE.u_mul/l3[2]_7[27]
    SLICE_X14Y53         LUT6 (Prop_lut6_I3_O)        0.168     8.541 r  dut/GEN_WALLACE.u_mul/product_out[32]_i_54/O
                         net (fo=2, routed)           0.682     9.222    dut/GEN_WALLACE.u_mul/product_out[32]_i_54_n_0
    SLICE_X11Y53         LUT6 (Prop_lut6_I0_O)        0.053     9.275 r  dut/GEN_WALLACE.u_mul/product_out[32]_i_23/O
                         net (fo=3, routed)           0.542     9.817    dut/GEN_WALLACE.u_mul/l6[1]_25[28]
    SLICE_X9Y56          LUT3 (Prop_lut3_I2_O)        0.065     9.882 r  dut/GEN_WALLACE.u_mul/product_out[32]_i_14/O
                         net (fo=2, routed)           0.702    10.585    dut/GEN_WALLACE.u_mul/l7[1]_27[29]
    SLICE_X6Y57          LUT2 (Prop_lut2_I0_O)        0.181    10.766 r  dut/GEN_WALLACE.u_mul/product_out[32]_i_5/O
                         net (fo=1, routed)           0.142    10.908    dut/GEN_WALLACE.u_mul/final_a[29]
    SLICE_X7Y57          CARRY4 (Prop_carry4_DI[0]_CO[3])
                                                      0.435    11.343 r  dut/GEN_WALLACE.u_mul/product_out_reg[32]_i_1/CO[3]
                         net (fo=1, routed)           0.000    11.343    dut/GEN_WALLACE.u_mul/product_out_reg[32]_i_1_n_0
    SLICE_X7Y58          CARRY4 (Prop_carry4_CI_CO[3])
                                                      0.058    11.401 r  dut/GEN_WALLACE.u_mul/product_out_reg[36]_i_1/CO[3]
                         net (fo=1, routed)           0.000    11.401    dut/GEN_WALLACE.u_mul/product_out_reg[36]_i_1_n_0
    SLICE_X7Y59          CARRY4 (Prop_carry4_CI_CO[3])
                                                      0.058    11.459 r  dut/GEN_WALLACE.u_mul/product_out_reg[40]_i_1/CO[3]
                         net (fo=1, routed)           0.000    11.459    dut/GEN_WALLACE.u_mul/product_out_reg[40]_i_1_n_0
    SLICE_X7Y60          CARRY4 (Prop_carry4_CI_CO[3])
                                                      0.058    11.517 r  dut/GEN_WALLACE.u_mul/product_out_reg[44]_i_1/CO[3]
                         net (fo=1, routed)           0.000    11.517    dut/GEN_WALLACE.u_mul/product_out_reg[44]_i_1_n_0
    SLICE_X7Y61          CARRY4 (Prop_carry4_CI_CO[3])
                                                      0.058    11.575 r  dut/GEN_WALLACE.u_mul/product_out_reg[48]_i_1/CO[3]
                         net (fo=1, routed)           0.000    11.575    dut/GEN_WALLACE.u_mul/product_out_reg[48]_i_1_n_0
    SLICE_X7Y62          CARRY4 (Prop_carry4_CI_CO[3])
                                                      0.058    11.633 r  dut/GEN_WALLACE.u_mul/product_out_reg[52]_i_1/CO[3]
                         net (fo=1, routed)           0.000    11.633    dut/GEN_WALLACE.u_mul/product_out_reg[52]_i_1_n_0
    SLICE_X7Y63          CARRY4 (Prop_carry4_CI_O[2])
                                                      0.136    11.769 r  dut/GEN_WALLACE.u_mul/product_out_reg[56]_i_1/O[2]
                         net (fo=1, routed)           0.000    11.769    product_comb[55]
    SLICE_X7Y63          FDRE                                         r  product_out_reg[55]/D
  -------------------------------------------------------------------    -------------------

                         (clock sys_clk rise edge)   10.000    10.000 r  
    AD23                                              0.000    10.000 r  clk (IN)
                         net (fo=0)                   0.000    10.000    clk
    AD23                 IBUF (Prop_ibuf_I_O)         0.796    10.796 r  clk_IBUF_inst/O
                         net (fo=1, routed)           1.741    12.537    clk_IBUF
    BUFGCTRL_X0Y0        BUFG (Prop_bufg_I_O)         0.113    12.650 r  clk_IBUF_BUFG_inst/O
                         net (fo=128, routed)         1.405    14.055    clk_IBUF_BUFG
    SLICE_X7Y63          FDRE                                         r  product_out_reg[55]/C
                         clock pessimism              0.254    14.310    
                         clock uncertainty           -0.035    14.274    
    SLICE_X7Y63          FDRE (Setup_fdre_C_D)        0.051    14.325    product_out_reg[55]
  -------------------------------------------------------------------
                         required time                         14.325    
                         arrival time                         -11.769    
  -------------------------------------------------------------------
                         slack                                  2.557    

Slack (MET) :             2.573ns  (required time - arrival time)
  Source:                 a_reg_reg[14]/C
                            (rising edge-triggered cell FDRE clocked by sys_clk  {rise@0.000ns fall@5.000ns period=10.000ns})
  Destination:            product_out_reg[52]/D
                            (rising edge-triggered cell FDRE clocked by sys_clk  {rise@0.000ns fall@5.000ns period=10.000ns})
  Path Group:             sys_clk
  Path Type:              Setup (Max at Slow Process Corner)
  Requirement:            10.000ns  (sys_clk rise@10.000ns - sys_clk rise@0.000ns)
  Data Path Delay:        7.416ns  (logic 1.920ns (25.890%)  route 5.496ns (74.110%))
  Logic Levels:           13  (CARRY4=6 LUT2=1 LUT3=2 LUT5=1 LUT6=3)
  Clock Path Skew:        -0.027ns (DCD - SCD + CPR)
    Destination Clock Delay (DCD):    4.056ns = ( 14.056 - 10.000 ) 
    Source Clock Delay      (SCD):    4.338ns
    Clock Pessimism Removal (CPR):    0.254ns
  Clock Uncertainty:      0.035ns  ((TSJ^2 + TIJ^2)^1/2 + DJ) / 2 + PE
    Total System Jitter     (TSJ):    0.071ns
    Total Input Jitter      (TIJ):    0.000ns
    Discrete Jitter          (DJ):    0.000ns
    Phase Error              (PE):    0.000ns

    Location             Delay type                Incr(ns)  Path(ns)    Netlist Resource(s)
  -------------------------------------------------------------------    -------------------
                         (clock sys_clk rise edge)    0.000     0.000 r  
    AD23                                              0.000     0.000 r  clk (IN)
                         net (fo=0)                   0.000     0.000    clk
    AD23                 IBUF (Prop_ibuf_I_O)         0.873     0.873 r  clk_IBUF_inst/O
                         net (fo=1, routed)           1.830     2.703    clk_IBUF
    BUFGCTRL_X0Y0        BUFG (Prop_bufg_I_O)         0.120     2.823 r  clk_IBUF_BUFG_inst/O
                         net (fo=128, routed)         1.515     4.338    clk_IBUF_BUFG
    SLICE_X2Y63          FDRE                                         r  a_reg_reg[14]/C
  -------------------------------------------------------------------    -------------------
    SLICE_X2Y63          FDRE (Prop_fdre_C_Q)         0.308     4.646 r  a_reg_reg[14]/Q
                         net (fo=65, routed)          1.532     6.177    dut/GEN_WALLACE.u_mul/a_reg[14]
    SLICE_X18Y50         LUT6 (Prop_lut6_I2_O)        0.053     6.230 r  dut/GEN_WALLACE.u_mul/product_out[32]_i_148/O
                         net (fo=2, routed)           0.459     6.689    dut/GEN_WALLACE.u_mul/l1[7]_35[26]
    SLICE_X18Y50         LUT3 (Prop_lut3_I2_O)        0.066     6.755 r  dut/GEN_WALLACE.u_mul/product_out[32]_i_79/O
                         net (fo=2, routed)           0.680     7.436    dut/GEN_WALLACE.u_mul/l2[5]_51[27]
    SLICE_X20Y52         LUT5 (Prop_lut5_I4_O)        0.180     7.616 r  dut/GEN_WALLACE.u_mul/product_out[32]_i_71/O
                         net (fo=3, routed)           0.757     8.373    dut/GEN_WALLACE.u_mul/l3[2]_7[27]
    SLICE_X14Y53         LUT6 (Prop_lut6_I3_O)        0.168     8.541 r  dut/GEN_WALLACE.u_mul/product_out[32]_i_54/O
                         net (fo=2, routed)           0.682     9.222    dut/GEN_WALLACE.u_mul/product_out[32]_i_54_n_0
    SLICE_X11Y53         LUT6 (Prop_lut6_I0_O)        0.053     9.275 r  dut/GEN_WALLACE.u_mul/product_out[32]_i_23/O
                         net (fo=3, routed)           0.542     9.817    dut/GEN_WALLACE.u_mul/l6[1]_25[28]
    SLICE_X9Y56          LUT3 (Prop_lut3_I2_O)        0.065     9.882 r  dut/GEN_WALLACE.u_mul/product_out[32]_i_14/O
                         net (fo=2, routed)           0.702    10.585    dut/GEN_WALLACE.u_mul/l7[1]_27[29]
    SLICE_X6Y57          LUT2 (Prop_lut2_I0_O)        0.181    10.766 r  dut/GEN_WALLACE.u_mul/product_out[32]_i_5/O
                         net (fo=1, routed)           0.142    10.908    dut/GEN_WALLACE.u_mul/final_a[29]
    SLICE_X7Y57          CARRY4 (Prop_carry4_DI[0]_CO[3])
                                                      0.435    11.343 r  dut/GEN_WALLACE.u_mul/product_out_reg[32]_i_1/CO[3]
                         net (fo=1, routed)           0.000    11.343    dut/GEN_WALLACE.u_mul/product_out_reg[32]_i_1_n_0
    SLICE_X7Y58          CARRY4 (Prop_carry4_CI_CO[3])
                                                      0.058    11.401 r  dut/GEN_WALLACE.u_mul/product_out_reg[36]_i_1/CO[3]
                         net (fo=1, routed)           0.000    11.401    dut/GEN_WALLACE.u_mul/product_out_reg[36]_i_1_n_0
    SLICE_X7Y59          CARRY4 (Prop_carry4_CI_CO[3])
                                                      0.058    11.459 r  dut/GEN_WALLACE.u_mul/product_out_reg[40]_i_1/CO[3]
                         net (fo=1, routed)           0.000    11.459    dut/GEN_WALLACE.u_mul/product_out_reg[40]_i_1_n_0
    SLICE_X7Y60          CARRY4 (Prop_carry4_CI_CO[3])
                                                      0.058    11.517 r  dut/GEN_WALLACE.u_mul/product_out_reg[44]_i_1/CO[3]
                         net (fo=1, routed)           0.000    11.517    dut/GEN_WALLACE.u_mul/product_out_reg[44]_i_1_n_0
    SLICE_X7Y61          CARRY4 (Prop_carry4_CI_CO[3])
                                                      0.058    11.575 r  dut/GEN_WALLACE.u_mul/product_out_reg[48]_i_1/CO[3]
                         net (fo=1, routed)           0.000    11.575    dut/GEN_WALLACE.u_mul/product_out_reg[48]_i_1_n_0
    SLICE_X7Y62          CARRY4 (Prop_carry4_CI_O[3])
                                                      0.179    11.754 r  dut/GEN_WALLACE.u_mul/product_out_reg[52]_i_1/O[3]
                         net (fo=1, routed)           0.000    11.754    product_comb[52]
    SLICE_X7Y62          FDRE                                         r  product_out_reg[52]/D
  -------------------------------------------------------------------    -------------------

                         (clock sys_clk rise edge)   10.000    10.000 r  
    AD23                                              0.000    10.000 r  clk (IN)
                         net (fo=0)                   0.000    10.000    clk
    AD23                 IBUF (Prop_ibuf_I_O)         0.796    10.796 r  clk_IBUF_inst/O
                         net (fo=1, routed)           1.741    12.537    clk_IBUF
    BUFGCTRL_X0Y0        BUFG (Prop_bufg_I_O)         0.113    12.650 r  clk_IBUF_BUFG_inst/O
                         net (fo=128, routed)         1.406    14.056    clk_IBUF_BUFG
    SLICE_X7Y62          FDRE                                         r  product_out_reg[52]/C
                         clock pessimism              0.254    14.311    
                         clock uncertainty           -0.035    14.275    
    SLICE_X7Y62          FDRE (Setup_fdre_C_D)        0.051    14.326    product_out_reg[52]
  -------------------------------------------------------------------
                         required time                         14.326    
                         arrival time                         -11.754    
  -------------------------------------------------------------------
                         slack                                  2.573    

Slack (MET) :             2.598ns  (required time - arrival time)
  Source:                 a_reg_reg[14]/C
                            (rising edge-triggered cell FDRE clocked by sys_clk  {rise@0.000ns fall@5.000ns period=10.000ns})
  Destination:            product_out_reg[46]/D
                            (rising edge-triggered cell FDRE clocked by sys_clk  {rise@0.000ns fall@5.000ns period=10.000ns})
  Path Group:             sys_clk
  Path Type:              Setup (Max at Slow Process Corner)
  Requirement:            10.000ns  (sys_clk rise@10.000ns - sys_clk rise@0.000ns)
  Data Path Delay:        7.392ns  (logic 1.896ns (25.650%)  route 5.496ns (74.350%))
  Logic Levels:           12  (CARRY4=5 LUT2=1 LUT3=2 LUT5=1 LUT6=3)
  Clock Path Skew:        -0.026ns (DCD - SCD + CPR)
    Destination Clock Delay (DCD):    4.057ns = ( 14.057 - 10.000 ) 
    Source Clock Delay      (SCD):    4.338ns
    Clock Pessimism Removal (CPR):    0.254ns
  Clock Uncertainty:      0.035ns  ((TSJ^2 + TIJ^2)^1/2 + DJ) / 2 + PE
    Total System Jitter     (TSJ):    0.071ns
    Total Input Jitter      (TIJ):    0.000ns
    Discrete Jitter          (DJ):    0.000ns
    Phase Error              (PE):    0.000ns

    Location             Delay type                Incr(ns)  Path(ns)    Netlist Resource(s)
  -------------------------------------------------------------------    -------------------
                         (clock sys_clk rise edge)    0.000     0.000 r  
    AD23                                              0.000     0.000 r  clk (IN)
                         net (fo=0)                   0.000     0.000    clk
    AD23                 IBUF (Prop_ibuf_I_O)         0.873     0.873 r  clk_IBUF_inst/O
                         net (fo=1, routed)           1.830     2.703    clk_IBUF
    BUFGCTRL_X0Y0        BUFG (Prop_bufg_I_O)         0.120     2.823 r  clk_IBUF_BUFG_inst/O
                         net (fo=128, routed)         1.515     4.338    clk_IBUF_BUFG
    SLICE_X2Y63          FDRE                                         r  a_reg_reg[14]/C
  -------------------------------------------------------------------    -------------------
    SLICE_X2Y63          FDRE (Prop_fdre_C_Q)         0.308     4.646 r  a_reg_reg[14]/Q
                         net (fo=65, routed)          1.532     6.177    dut/GEN_WALLACE.u_mul/a_reg[14]
    SLICE_X18Y50         LUT6 (Prop_lut6_I2_O)        0.053     6.230 r  dut/GEN_WALLACE.u_mul/product_out[32]_i_148/O
                         net (fo=2, routed)           0.459     6.689    dut/GEN_WALLACE.u_mul/l1[7]_35[26]
    SLICE_X18Y50         LUT3 (Prop_lut3_I2_O)        0.066     6.755 r  dut/GEN_WALLACE.u_mul/product_out[32]_i_79/O
                         net (fo=2, routed)           0.680     7.436    dut/GEN_WALLACE.u_mul/l2[5]_51[27]
    SLICE_X20Y52         LUT5 (Prop_lut5_I4_O)        0.180     7.616 r  dut/GEN_WALLACE.u_mul/product_out[32]_i_71/O
                         net (fo=3, routed)           0.757     8.373    dut/GEN_WALLACE.u_mul/l3[2]_7[27]
    SLICE_X14Y53         LUT6 (Prop_lut6_I3_O)        0.168     8.541 r  dut/GEN_WALLACE.u_mul/product_out[32]_i_54/O
                         net (fo=2, routed)           0.682     9.222    dut/GEN_WALLACE.u_mul/product_out[32]_i_54_n_0
    SLICE_X11Y53         LUT6 (Prop_lut6_I0_O)        0.053     9.275 r  dut/GEN_WALLACE.u_mul/product_out[32]_i_23/O
                         net (fo=3, routed)           0.542     9.817    dut/GEN_WALLACE.u_mul/l6[1]_25[28]
    SLICE_X9Y56          LUT3 (Prop_lut3_I2_O)        0.065     9.882 r  dut/GEN_WALLACE.u_mul/product_out[32]_i_14/O
                         net (fo=2, routed)           0.702    10.585    dut/GEN_WALLACE.u_mul/l7[1]_27[29]
    SLICE_X6Y57          LUT2 (Prop_lut2_I0_O)        0.181    10.766 r  dut/GEN_WALLACE.u_mul/product_out[32]_i_5/O
                         net (fo=1, routed)           0.142    10.908    dut/GEN_WALLACE.u_mul/final_a[29]
    SLICE_X7Y57          CARRY4 (Prop_carry4_DI[0]_CO[3])
                                                      0.435    11.343 r  dut/GEN_WALLACE.u_mul/product_out_reg[32]_i_1/CO[3]
                         net (fo=1, routed)           0.000    11.343    dut/GEN_WALLACE.u_mul/product_out_reg[32]_i_1_n_0
    SLICE_X7Y58          CARRY4 (Prop_carry4_CI_CO[3])
                                                      0.058    11.401 r  dut/GEN_WALLACE.u_mul/product_out_reg[36]_i_1/CO[3]
                         net (fo=1, routed)           0.000    11.401    dut/GEN_WALLACE.u_mul/product_out_reg[36]_i_1_n_0
    SLICE_X7Y59          CARRY4 (Prop_carry4_CI_CO[3])
                                                      0.058    11.459 r  dut/GEN_WALLACE.u_mul/product_out_reg[40]_i_1/CO[3]
                         net (fo=1, routed)           0.000    11.459    dut/GEN_WALLACE.u_mul/product_out_reg[40]_i_1_n_0
    SLICE_X7Y60          CARRY4 (Prop_carry4_CI_CO[3])
                                                      0.058    11.517 r  dut/GEN_WALLACE.u_mul/product_out_reg[44]_i_1/CO[3]
                         net (fo=1, routed)           0.000    11.517    dut/GEN_WALLACE.u_mul/product_out_reg[44]_i_1_n_0
    SLICE_X7Y61          CARRY4 (Prop_carry4_CI_O[1])
                                                      0.213    11.730 r  dut/GEN_WALLACE.u_mul/product_out_reg[48]_i_1/O[1]
                         net (fo=1, routed)           0.000    11.730    product_comb[46]
    SLICE_X7Y61          FDRE                                         r  product_out_reg[46]/D
  -------------------------------------------------------------------    -------------------

                         (clock sys_clk rise edge)   10.000    10.000 r  
    AD23                                              0.000    10.000 r  clk (IN)
                         net (fo=0)                   0.000    10.000    clk
    AD23                 IBUF (Prop_ibuf_I_O)         0.796    10.796 r  clk_IBUF_inst/O
                         net (fo=1, routed)           1.741    12.537    clk_IBUF
    BUFGCTRL_X0Y0        BUFG (Prop_bufg_I_O)         0.113    12.650 r  clk_IBUF_BUFG_inst/O
                         net (fo=128, routed)         1.407    14.057    clk_IBUF_BUFG
    SLICE_X7Y61          FDRE                                         r  product_out_reg[46]/C
                         clock pessimism              0.254    14.312    
                         clock uncertainty           -0.035    14.276    
    SLICE_X7Y61          FDRE (Setup_fdre_C_D)        0.051    14.327    product_out_reg[46]
  -------------------------------------------------------------------
                         required time                         14.327    
                         arrival time                         -11.730    
  -------------------------------------------------------------------
                         slack                                  2.598    

Slack (MET) :             2.613ns  (required time - arrival time)
  Source:                 a_reg_reg[14]/C
                            (rising edge-triggered cell FDRE clocked by sys_clk  {rise@0.000ns fall@5.000ns period=10.000ns})
  Destination:            product_out_reg[49]/D
                            (rising edge-triggered cell FDRE clocked by sys_clk  {rise@0.000ns fall@5.000ns period=10.000ns})
  Path Group:             sys_clk
  Path Type:              Setup (Max at Slow Process Corner)
  Requirement:            10.000ns  (sys_clk rise@10.000ns - sys_clk rise@0.000ns)
  Data Path Delay:        7.376ns  (logic 1.880ns (25.488%)  route 5.496ns (74.512%))
  Logic Levels:           13  (CARRY4=6 LUT2=1 LUT3=2 LUT5=1 LUT6=3)
  Clock Path Skew:        -0.027ns (DCD - SCD + CPR)
    Destination Clock Delay (DCD):    4.056ns = ( 14.056 - 10.000 ) 
    Source Clock Delay      (SCD):    4.338ns
    Clock Pessimism Removal (CPR):    0.254ns
  Clock Uncertainty:      0.035ns  ((TSJ^2 + TIJ^2)^1/2 + DJ) / 2 + PE
    Total System Jitter     (TSJ):    0.071ns
    Total Input Jitter      (TIJ):    0.000ns
    Discrete Jitter          (DJ):    0.000ns
    Phase Error              (PE):    0.000ns

    Location             Delay type                Incr(ns)  Path(ns)    Netlist Resource(s)
  -------------------------------------------------------------------    -------------------
                         (clock sys_clk rise edge)    0.000     0.000 r  
    AD23                                              0.000     0.000 r  clk (IN)
                         net (fo=0)                   0.000     0.000    clk
    AD23                 IBUF (Prop_ibuf_I_O)         0.873     0.873 r  clk_IBUF_inst/O
                         net (fo=1, routed)           1.830     2.703    clk_IBUF
    BUFGCTRL_X0Y0        BUFG (Prop_bufg_I_O)         0.120     2.823 r  clk_IBUF_BUFG_inst/O
                         net (fo=128, routed)         1.515     4.338    clk_IBUF_BUFG
    SLICE_X2Y63          FDRE                                         r  a_reg_reg[14]/C
  -------------------------------------------------------------------    -------------------
    SLICE_X2Y63          FDRE (Prop_fdre_C_Q)         0.308     4.646 r  a_reg_reg[14]/Q
                         net (fo=65, routed)          1.532     6.177    dut/GEN_WALLACE.u_mul/a_reg[14]
    SLICE_X18Y50         LUT6 (Prop_lut6_I2_O)        0.053     6.230 r  dut/GEN_WALLACE.u_mul/product_out[32]_i_148/O
                         net (fo=2, routed)           0.459     6.689    dut/GEN_WALLACE.u_mul/l1[7]_35[26]
    SLICE_X18Y50         LUT3 (Prop_lut3_I2_O)        0.066     6.755 r  dut/GEN_WALLACE.u_mul/product_out[32]_i_79/O
                         net (fo=2, routed)           0.680     7.436    dut/GEN_WALLACE.u_mul/l2[5]_51[27]
    SLICE_X20Y52         LUT5 (Prop_lut5_I4_O)        0.180     7.616 r  dut/GEN_WALLACE.u_mul/product_out[32]_i_71/O
                         net (fo=3, routed)           0.757     8.373    dut/GEN_WALLACE.u_mul/l3[2]_7[27]
    SLICE_X14Y53         LUT6 (Prop_lut6_I3_O)        0.168     8.541 r  dut/GEN_WALLACE.u_mul/product_out[32]_i_54/O
                         net (fo=2, routed)           0.682     9.222    dut/GEN_WALLACE.u_mul/product_out[32]_i_54_n_0
    SLICE_X11Y53         LUT6 (Prop_lut6_I0_O)        0.053     9.275 r  dut/GEN_WALLACE.u_mul/product_out[32]_i_23/O
                         net (fo=3, routed)           0.542     9.817    dut/GEN_WALLACE.u_mul/l6[1]_25[28]
    SLICE_X9Y56          LUT3 (Prop_lut3_I2_O)        0.065     9.882 r  dut/GEN_WALLACE.u_mul/product_out[32]_i_14/O
                         net (fo=2, routed)           0.702    10.585    dut/GEN_WALLACE.u_mul/l7[1]_27[29]
    SLICE_X6Y57          LUT2 (Prop_lut2_I0_O)        0.181    10.766 r  dut/GEN_WALLACE.u_mul/product_out[32]_i_5/O
                         net (fo=1, routed)           0.142    10.908    dut/GEN_WALLACE.u_mul/final_a[29]
    SLICE_X7Y57          CARRY4 (Prop_carry4_DI[0]_CO[3])
                                                      0.435    11.343 r  dut/GEN_WALLACE.u_mul/product_out_reg[32]_i_1/CO[3]
                         net (fo=1, routed)           0.000    11.343    dut/GEN_WALLACE.u_mul/product_out_reg[32]_i_1_n_0
    SLICE_X7Y58          CARRY4 (Prop_carry4_CI_CO[3])
                                                      0.058    11.401 r  dut/GEN_WALLACE.u_mul/product_out_reg[36]_i_1/CO[3]
                         net (fo=1, routed)           0.000    11.401    dut/GEN_WALLACE.u_mul/product_out_reg[36]_i_1_n_0
    SLICE_X7Y59          CARRY4 (Prop_carry4_CI_CO[3])
                                                      0.058    11.459 r  dut/GEN_WALLACE.u_mul/product_out_reg[40]_i_1/CO[3]
                         net (fo=1, routed)           0.000    11.459    dut/GEN_WALLACE.u_mul/product_out_reg[40]_i_1_n_0
    SLICE_X7Y60          CARRY4 (Prop_carry4_CI_CO[3])
                                                      0.058    11.517 r  dut/GEN_WALLACE.u_mul/product_out_reg[44]_i_1/CO[3]
                         net (fo=1, routed)           0.000    11.517    dut/GEN_WALLACE.u_mul/product_out_reg[44]_i_1_n_0
    SLICE_X7Y61          CARRY4 (Prop_carry4_CI_CO[3])
                                                      0.058    11.575 r  dut/GEN_WALLACE.u_mul/product_out_reg[48]_i_1/CO[3]
                         net (fo=1, routed)           0.000    11.575    dut/GEN_WALLACE.u_mul/product_out_reg[48]_i_1_n_0
    SLICE_X7Y62          CARRY4 (Prop_carry4_CI_O[0])
                                                      0.139    11.714 r  dut/GEN_WALLACE.u_mul/product_out_reg[52]_i_1/O[0]
                         net (fo=1, routed)           0.000    11.714    product_comb[49]
    SLICE_X7Y62          FDRE                                         r  product_out_reg[49]/D
  -------------------------------------------------------------------    -------------------

                         (clock sys_clk rise edge)   10.000    10.000 r  
    AD23                                              0.000    10.000 r  clk (IN)
                         net (fo=0)                   0.000    10.000    clk
    AD23                 IBUF (Prop_ibuf_I_O)         0.796    10.796 r  clk_IBUF_inst/O
                         net (fo=1, routed)           1.741    12.537    clk_IBUF
    BUFGCTRL_X0Y0        BUFG (Prop_bufg_I_O)         0.113    12.650 r  clk_IBUF_BUFG_inst/O
                         net (fo=128, routed)         1.406    14.056    clk_IBUF_BUFG
    SLICE_X7Y62          FDRE                                         r  product_out_reg[49]/C
                         clock pessimism              0.254    14.311    
                         clock uncertainty           -0.035    14.275    
    SLICE_X7Y62          FDRE (Setup_fdre_C_D)        0.051    14.326    product_out_reg[49]
  -------------------------------------------------------------------
                         required time                         14.326    
                         arrival time                         -11.714    
  -------------------------------------------------------------------
                         slack                                  2.613    

Slack (MET) :             2.616ns  (required time - arrival time)
  Source:                 a_reg_reg[14]/C
                            (rising edge-triggered cell FDRE clocked by sys_clk  {rise@0.000ns fall@5.000ns period=10.000ns})
  Destination:            product_out_reg[51]/D
                            (rising edge-triggered cell FDRE clocked by sys_clk  {rise@0.000ns fall@5.000ns period=10.000ns})
  Path Group:             sys_clk
  Path Type:              Setup (Max at Slow Process Corner)
  Requirement:            10.000ns  (sys_clk rise@10.000ns - sys_clk rise@0.000ns)
  Data Path Delay:        7.373ns  (logic 1.877ns (25.458%)  route 5.496ns (74.542%))
  Logic Levels:           13  (CARRY4=6 LUT2=1 LUT3=2 LUT5=1 LUT6=3)
  Clock Path Skew:        -0.027ns (DCD - SCD + CPR)
    Destination Clock Delay (DCD):    4.056ns = ( 14.056 - 10.000 ) 
    Source Clock Delay      (SCD):    4.338ns
    Clock Pessimism Removal (CPR):    0.254ns
  Clock Uncertainty:      0.035ns  ((TSJ^2 + TIJ^2)^1/2 + DJ) / 2 + PE
    Total System Jitter     (TSJ):    0.071ns
    Total Input Jitter      (TIJ):    0.000ns
    Discrete Jitter          (DJ):    0.000ns
    Phase Error              (PE):    0.000ns

    Location             Delay type                Incr(ns)  Path(ns)    Netlist Resource(s)
  -------------------------------------------------------------------    -------------------
                         (clock sys_clk rise edge)    0.000     0.000 r  
    AD23                                              0.000     0.000 r  clk (IN)
                         net (fo=0)                   0.000     0.000    clk
    AD23                 IBUF (Prop_ibuf_I_O)         0.873     0.873 r  clk_IBUF_inst/O
                         net (fo=1, routed)           1.830     2.703    clk_IBUF
    BUFGCTRL_X0Y0        BUFG (Prop_bufg_I_O)         0.120     2.823 r  clk_IBUF_BUFG_inst/O
                         net (fo=128, routed)         1.515     4.338    clk_IBUF_BUFG
    SLICE_X2Y63          FDRE                                         r  a_reg_reg[14]/C
  -------------------------------------------------------------------    -------------------
    SLICE_X2Y63          FDRE (Prop_fdre_C_Q)         0.308     4.646 r  a_reg_reg[14]/Q
                         net (fo=65, routed)          1.532     6.177    dut/GEN_WALLACE.u_mul/a_reg[14]
    SLICE_X18Y50         LUT6 (Prop_lut6_I2_O)        0.053     6.230 r  dut/GEN_WALLACE.u_mul/product_out[32]_i_148/O
                         net (fo=2, routed)           0.459     6.689    dut/GEN_WALLACE.u_mul/l1[7]_35[26]
    SLICE_X18Y50         LUT3 (Prop_lut3_I2_O)        0.066     6.755 r  dut/GEN_WALLACE.u_mul/product_out[32]_i_79/O
                         net (fo=2, routed)           0.680     7.436    dut/GEN_WALLACE.u_mul/l2[5]_51[27]
    SLICE_X20Y52         LUT5 (Prop_lut5_I4_O)        0.180     7.616 r  dut/GEN_WALLACE.u_mul/product_out[32]_i_71/O
                         net (fo=3, routed)           0.757     8.373    dut/GEN_WALLACE.u_mul/l3[2]_7[27]
    SLICE_X14Y53         LUT6 (Prop_lut6_I3_O)        0.168     8.541 r  dut/GEN_WALLACE.u_mul/product_out[32]_i_54/O
                         net (fo=2, routed)           0.682     9.222    dut/GEN_WALLACE.u_mul/product_out[32]_i_54_n_0
    SLICE_X11Y53         LUT6 (Prop_lut6_I0_O)        0.053     9.275 r  dut/GEN_WALLACE.u_mul/product_out[32]_i_23/O
                         net (fo=3, routed)           0.542     9.817    dut/GEN_WALLACE.u_mul/l6[1]_25[28]
    SLICE_X9Y56          LUT3 (Prop_lut3_I2_O)        0.065     9.882 r  dut/GEN_WALLACE.u_mul/product_out[32]_i_14/O
                         net (fo=2, routed)           0.702    10.585    dut/GEN_WALLACE.u_mul/l7[1]_27[29]
    SLICE_X6Y57          LUT2 (Prop_lut2_I0_O)        0.181    10.766 r  dut/GEN_WALLACE.u_mul/product_out[32]_i_5/O
                         net (fo=1, routed)           0.142    10.908    dut/GEN_WALLACE.u_mul/final_a[29]
    SLICE_X7Y57          CARRY4 (Prop_carry4_DI[0]_CO[3])
                                                      0.435    11.343 r  dut/GEN_WALLACE.u_mul/product_out_reg[32]_i_1/CO[3]
                         net (fo=1, routed)           0.000    11.343    dut/GEN_WALLACE.u_mul/product_out_reg[32]_i_1_n_0
    SLICE_X7Y58          CARRY4 (Prop_carry4_CI_CO[3])
                                                      0.058    11.401 r  dut/GEN_WALLACE.u_mul/product_out_reg[36]_i_1/CO[3]
                         net (fo=1, routed)           0.000    11.401    dut/GEN_WALLACE.u_mul/product_out_reg[36]_i_1_n_0
    SLICE_X7Y59          CARRY4 (Prop_carry4_CI_CO[3])
                                                      0.058    11.459 r  dut/GEN_WALLACE.u_mul/product_out_reg[40]_i_1/CO[3]
                         net (fo=1, routed)           0.000    11.459    dut/GEN_WALLACE.u_mul/product_out_reg[40]_i_1_n_0
    SLICE_X7Y60          CARRY4 (Prop_carry4_CI_CO[3])
                                                      0.058    11.517 r  dut/GEN_WALLACE.u_mul/product_out_reg[44]_i_1/CO[3]
                         net (fo=1, routed)           0.000    11.517    dut/GEN_WALLACE.u_mul/product_out_reg[44]_i_1_n_0
    SLICE_X7Y61          CARRY4 (Prop_carry4_CI_CO[3])
                                                      0.058    11.575 r  dut/GEN_WALLACE.u_mul/product_out_reg[48]_i_1/CO[3]
                         net (fo=1, routed)           0.000    11.575    dut/GEN_WALLACE.u_mul/product_out_reg[48]_i_1_n_0
    SLICE_X7Y62          CARRY4 (Prop_carry4_CI_O[2])
                                                      0.136    11.711 r  dut/GEN_WALLACE.u_mul/product_out_reg[52]_i_1/O[2]
                         net (fo=1, routed)           0.000    11.711    product_comb[51]
    SLICE_X7Y62          FDRE                                         r  product_out_reg[51]/D
  -------------------------------------------------------------------    -------------------

                         (clock sys_clk rise edge)   10.000    10.000 r  
    AD23                                              0.000    10.000 r  clk (IN)
                         net (fo=0)                   0.000    10.000    clk
    AD23                 IBUF (Prop_ibuf_I_O)         0.796    10.796 r  clk_IBUF_inst/O
                         net (fo=1, routed)           1.741    12.537    clk_IBUF
    BUFGCTRL_X0Y0        BUFG (Prop_bufg_I_O)         0.113    12.650 r  clk_IBUF_BUFG_inst/O
                         net (fo=128, routed)         1.406    14.056    clk_IBUF_BUFG
    SLICE_X7Y62          FDRE                                         r  product_out_reg[51]/C
                         clock pessimism              0.254    14.311    
                         clock uncertainty           -0.035    14.275    
    SLICE_X7Y62          FDRE (Setup_fdre_C_D)        0.051    14.326    product_out_reg[51]
  -------------------------------------------------------------------
                         required time                         14.326    
                         arrival time                         -11.711    
  -------------------------------------------------------------------
                         slack                                  2.616    

Slack (MET) :             2.632ns  (required time - arrival time)
  Source:                 a_reg_reg[14]/C
                            (rising edge-triggered cell FDRE clocked by sys_clk  {rise@0.000ns fall@5.000ns period=10.000ns})
  Destination:            product_out_reg[48]/D
                            (rising edge-triggered cell FDRE clocked by sys_clk  {rise@0.000ns fall@5.000ns period=10.000ns})
  Path Group:             sys_clk
  Path Type:              Setup (Max at Slow Process Corner)
  Requirement:            10.000ns  (sys_clk rise@10.000ns - sys_clk rise@0.000ns)
  Data Path Delay:        7.358ns  (logic 1.862ns (25.306%)  route 5.496ns (74.694%))
  Logic Levels:           12  (CARRY4=5 LUT2=1 LUT3=2 LUT5=1 LUT6=3)
  Clock Path Skew:        -0.026ns (DCD - SCD + CPR)
    Destination Clock Delay (DCD):    4.057ns = ( 14.057 - 10.000 ) 
    Source Clock Delay      (SCD):    4.338ns
    Clock Pessimism Removal (CPR):    0.254ns
  Clock Uncertainty:      0.035ns  ((TSJ^2 + TIJ^2)^1/2 + DJ) / 2 + PE
    Total System Jitter     (TSJ):    0.071ns
    Total Input Jitter      (TIJ):    0.000ns
    Discrete Jitter          (DJ):    0.000ns
    Phase Error              (PE):    0.000ns

    Location             Delay type                Incr(ns)  Path(ns)    Netlist Resource(s)
  -------------------------------------------------------------------    -------------------
                         (clock sys_clk rise edge)    0.000     0.000 r  
    AD23                                              0.000     0.000 r  clk (IN)
                         net (fo=0)                   0.000     0.000    clk
    AD23                 IBUF (Prop_ibuf_I_O)         0.873     0.873 r  clk_IBUF_inst/O
                         net (fo=1, routed)           1.830     2.703    clk_IBUF
    BUFGCTRL_X0Y0        BUFG (Prop_bufg_I_O)         0.120     2.823 r  clk_IBUF_BUFG_inst/O
                         net (fo=128, routed)         1.515     4.338    clk_IBUF_BUFG
    SLICE_X2Y63          FDRE                                         r  a_reg_reg[14]/C
  -------------------------------------------------------------------    -------------------
    SLICE_X2Y63          FDRE (Prop_fdre_C_Q)         0.308     4.646 r  a_reg_reg[14]/Q
                         net (fo=65, routed)          1.532     6.177    dut/GEN_WALLACE.u_mul/a_reg[14]
    SLICE_X18Y50         LUT6 (Prop_lut6_I2_O)        0.053     6.230 r  dut/GEN_WALLACE.u_mul/product_out[32]_i_148/O
                         net (fo=2, routed)           0.459     6.689    dut/GEN_WALLACE.u_mul/l1[7]_35[26]
    SLICE_X18Y50         LUT3 (Prop_lut3_I2_O)        0.066     6.755 r  dut/GEN_WALLACE.u_mul/product_out[32]_i_79/O
                         net (fo=2, routed)           0.680     7.436    dut/GEN_WALLACE.u_mul/l2[5]_51[27]
    SLICE_X20Y52         LUT5 (Prop_lut5_I4_O)        0.180     7.616 r  dut/GEN_WALLACE.u_mul/product_out[32]_i_71/O
                         net (fo=3, routed)           0.757     8.373    dut/GEN_WALLACE.u_mul/l3[2]_7[27]
    SLICE_X14Y53         LUT6 (Prop_lut6_I3_O)        0.168     8.541 r  dut/GEN_WALLACE.u_mul/product_out[32]_i_54/O
                         net (fo=2, routed)           0.682     9.222    dut/GEN_WALLACE.u_mul/product_out[32]_i_54_n_0
    SLICE_X11Y53         LUT6 (Prop_lut6_I0_O)        0.053     9.275 r  dut/GEN_WALLACE.u_mul/product_out[32]_i_23/O
                         net (fo=3, routed)           0.542     9.817    dut/GEN_WALLACE.u_mul/l6[1]_25[28]
    SLICE_X9Y56          LUT3 (Prop_lut3_I2_O)        0.065     9.882 r  dut/GEN_WALLACE.u_mul/product_out[32]_i_14/O
                         net (fo=2, routed)           0.702    10.585    dut/GEN_WALLACE.u_mul/l7[1]_27[29]
    SLICE_X6Y57          LUT2 (Prop_lut2_I0_O)        0.181    10.766 r  dut/GEN_WALLACE.u_mul/product_out[32]_i_5/O
                         net (fo=1, routed)           0.142    10.908    dut/GEN_WALLACE.u_mul/final_a[29]
    SLICE_X7Y57          CARRY4 (Prop_carry4_DI[0]_CO[3])
                                                      0.435    11.343 r  dut/GEN_WALLACE.u_mul/product_out_reg[32]_i_1/CO[3]
                         net (fo=1, routed)           0.000    11.343    dut/GEN_WALLACE.u_mul/product_out_reg[32]_i_1_n_0
    SLICE_X7Y58          CARRY4 (Prop_carry4_CI_CO[3])
                                                      0.058    11.401 r  dut/GEN_WALLACE.u_mul/product_out_reg[36]_i_1/CO[3]
                         net (fo=1, routed)           0.000    11.401    dut/GEN_WALLACE.u_mul/product_out_reg[36]_i_1_n_0
    SLICE_X7Y59          CARRY4 (Prop_carry4_CI_CO[3])
                                                      0.058    11.459 r  dut/GEN_WALLACE.u_mul/product_out_reg[40]_i_1/CO[3]
                         net (fo=1, routed)           0.000    11.459    dut/GEN_WALLACE.u_mul/product_out_reg[40]_i_1_n_0
    SLICE_X7Y60          CARRY4 (Prop_carry4_CI_CO[3])
                                                      0.058    11.517 r  dut/GEN_WALLACE.u_mul/product_out_reg[44]_i_1/CO[3]
                         net (fo=1, routed)           0.000    11.517    dut/GEN_WALLACE.u_mul/product_out_reg[44]_i_1_n_0
    SLICE_X7Y61          CARRY4 (Prop_carry4_CI_O[3])
                                                      0.179    11.696 r  dut/GEN_WALLACE.u_mul/product_out_reg[48]_i_1/O[3]
                         net (fo=1, routed)           0.000    11.696    product_comb[48]
    SLICE_X7Y61          FDRE                                         r  product_out_reg[48]/D
  -------------------------------------------------------------------    -------------------

                         (clock sys_clk rise edge)   10.000    10.000 r  
    AD23                                              0.000    10.000 r  clk (IN)
                         net (fo=0)                   0.000    10.000    clk
    AD23                 IBUF (Prop_ibuf_I_O)         0.796    10.796 r  clk_IBUF_inst/O
                         net (fo=1, routed)           1.741    12.537    clk_IBUF
    BUFGCTRL_X0Y0        BUFG (Prop_bufg_I_O)         0.113    12.650 r  clk_IBUF_BUFG_inst/O
                         net (fo=128, routed)         1.407    14.057    clk_IBUF_BUFG
    SLICE_X7Y61          FDRE                                         r  product_out_reg[48]/C
                         clock pessimism              0.254    14.312    
                         clock uncertainty           -0.035    14.276    
    SLICE_X7Y61          FDRE (Setup_fdre_C_D)        0.051    14.327    product_out_reg[48]
  -------------------------------------------------------------------
                         required time                         14.327    
                         arrival time                         -11.696    
  -------------------------------------------------------------------
                         slack                                  2.632    

Slack (MET) :             2.657ns  (required time - arrival time)
  Source:                 a_reg_reg[14]/C
                            (rising edge-triggered cell FDRE clocked by sys_clk  {rise@0.000ns fall@5.000ns period=10.000ns})
  Destination:            product_out_reg[42]/D
                            (rising edge-triggered cell FDRE clocked by sys_clk  {rise@0.000ns fall@5.000ns period=10.000ns})
  Path Group:             sys_clk
  Path Type:              Setup (Max at Slow Process Corner)
  Requirement:            10.000ns  (sys_clk rise@10.000ns - sys_clk rise@0.000ns)
  Data Path Delay:        7.334ns  (logic 1.838ns (25.062%)  route 5.496ns (74.938%))
  Logic Levels:           11  (CARRY4=4 LUT2=1 LUT3=2 LUT5=1 LUT6=3)
  Clock Path Skew:        -0.025ns (DCD - SCD + CPR)
    Destination Clock Delay (DCD):    4.058ns = ( 14.058 - 10.000 ) 
    Source Clock Delay      (SCD):    4.338ns
    Clock Pessimism Removal (CPR):    0.254ns
  Clock Uncertainty:      0.035ns  ((TSJ^2 + TIJ^2)^1/2 + DJ) / 2 + PE
    Total System Jitter     (TSJ):    0.071ns
    Total Input Jitter      (TIJ):    0.000ns
    Discrete Jitter          (DJ):    0.000ns
    Phase Error              (PE):    0.000ns

    Location             Delay type                Incr(ns)  Path(ns)    Netlist Resource(s)
  -------------------------------------------------------------------    -------------------
                         (clock sys_clk rise edge)    0.000     0.000 r  
    AD23                                              0.000     0.000 r  clk (IN)
                         net (fo=0)                   0.000     0.000    clk
    AD23                 IBUF (Prop_ibuf_I_O)         0.873     0.873 r  clk_IBUF_inst/O
                         net (fo=1, routed)           1.830     2.703    clk_IBUF
    BUFGCTRL_X0Y0        BUFG (Prop_bufg_I_O)         0.120     2.823 r  clk_IBUF_BUFG_inst/O
                         net (fo=128, routed)         1.515     4.338    clk_IBUF_BUFG
    SLICE_X2Y63          FDRE                                         r  a_reg_reg[14]/C
  -------------------------------------------------------------------    -------------------
    SLICE_X2Y63          FDRE (Prop_fdre_C_Q)         0.308     4.646 r  a_reg_reg[14]/Q
                         net (fo=65, routed)          1.532     6.177    dut/GEN_WALLACE.u_mul/a_reg[14]
    SLICE_X18Y50         LUT6 (Prop_lut6_I2_O)        0.053     6.230 r  dut/GEN_WALLACE.u_mul/product_out[32]_i_148/O
                         net (fo=2, routed)           0.459     6.689    dut/GEN_WALLACE.u_mul/l1[7]_35[26]
    SLICE_X18Y50         LUT3 (Prop_lut3_I2_O)        0.066     6.755 r  dut/GEN_WALLACE.u_mul/product_out[32]_i_79/O
                         net (fo=2, routed)           0.680     7.436    dut/GEN_WALLACE.u_mul/l2[5]_51[27]
    SLICE_X20Y52         LUT5 (Prop_lut5_I4_O)        0.180     7.616 r  dut/GEN_WALLACE.u_mul/product_out[32]_i_71/O
                         net (fo=3, routed)           0.757     8.373    dut/GEN_WALLACE.u_mul/l3[2]_7[27]
    SLICE_X14Y53         LUT6 (Prop_lut6_I3_O)        0.168     8.541 r  dut/GEN_WALLACE.u_mul/product_out[32]_i_54/O
                         net (fo=2, routed)           0.682     9.222    dut/GEN_WALLACE.u_mul/product_out[32]_i_54_n_0
    SLICE_X11Y53         LUT6 (Prop_lut6_I0_O)        0.053     9.275 r  dut/GEN_WALLACE.u_mul/product_out[32]_i_23/O
                         net (fo=3, routed)           0.542     9.817    dut/GEN_WALLACE.u_mul/l6[1]_25[28]
    SLICE_X9Y56          LUT3 (Prop_lut3_I2_O)        0.065     9.882 r  dut/GEN_WALLACE.u_mul/product_out[32]_i_14/O
                         net (fo=2, routed)           0.702    10.585    dut/GEN_WALLACE.u_mul/l7[1]_27[29]
    SLICE_X6Y57          LUT2 (Prop_lut2_I0_O)        0.181    10.766 r  dut/GEN_WALLACE.u_mul/product_out[32]_i_5/O
                         net (fo=1, routed)           0.142    10.908    dut/GEN_WALLACE.u_mul/final_a[29]
    SLICE_X7Y57          CARRY4 (Prop_carry4_DI[0]_CO[3])
                                                      0.435    11.343 r  dut/GEN_WALLACE.u_mul/product_out_reg[32]_i_1/CO[3]
                         net (fo=1, routed)           0.000    11.343    dut/GEN_WALLACE.u_mul/product_out_reg[32]_i_1_n_0
    SLICE_X7Y58          CARRY4 (Prop_carry4_CI_CO[3])
                                                      0.058    11.401 r  dut/GEN_WALLACE.u_mul/product_out_reg[36]_i_1/CO[3]
                         net (fo=1, routed)           0.000    11.401    dut/GEN_WALLACE.u_mul/product_out_reg[36]_i_1_n_0
    SLICE_X7Y59          CARRY4 (Prop_carry4_CI_CO[3])
                                                      0.058    11.459 r  dut/GEN_WALLACE.u_mul/product_out_reg[40]_i_1/CO[3]
                         net (fo=1, routed)           0.000    11.459    dut/GEN_WALLACE.u_mul/product_out_reg[40]_i_1_n_0
    SLICE_X7Y60          CARRY4 (Prop_carry4_CI_O[1])
                                                      0.213    11.672 r  dut/GEN_WALLACE.u_mul/product_out_reg[44]_i_1/O[1]
                         net (fo=1, routed)           0.000    11.672    product_comb[42]
    SLICE_X7Y60          FDRE                                         r  product_out_reg[42]/D
  -------------------------------------------------------------------    -------------------

                         (clock sys_clk rise edge)   10.000    10.000 r  
    AD23                                              0.000    10.000 r  clk (IN)
                         net (fo=0)                   0.000    10.000    clk
    AD23                 IBUF (Prop_ibuf_I_O)         0.796    10.796 r  clk_IBUF_inst/O
                         net (fo=1, routed)           1.741    12.537    clk_IBUF
    BUFGCTRL_X0Y0        BUFG (Prop_bufg_I_O)         0.113    12.650 r  clk_IBUF_BUFG_inst/O
                         net (fo=128, routed)         1.408    14.058    clk_IBUF_BUFG
    SLICE_X7Y60          FDRE                                         r  product_out_reg[42]/C
                         clock pessimism              0.254    14.313    
                         clock uncertainty           -0.035    14.277    
    SLICE_X7Y60          FDRE (Setup_fdre_C_D)        0.051    14.328    product_out_reg[42]
  -------------------------------------------------------------------
                         required time                         14.328    
                         arrival time                         -11.672    
  -------------------------------------------------------------------
                         slack                                  2.657    

Slack (MET) :             2.672ns  (required time - arrival time)
  Source:                 a_reg_reg[14]/C
                            (rising edge-triggered cell FDRE clocked by sys_clk  {rise@0.000ns fall@5.000ns period=10.000ns})
  Destination:            product_out_reg[45]/D
                            (rising edge-triggered cell FDRE clocked by sys_clk  {rise@0.000ns fall@5.000ns period=10.000ns})
  Path Group:             sys_clk
  Path Type:              Setup (Max at Slow Process Corner)
  Requirement:            10.000ns  (sys_clk rise@10.000ns - sys_clk rise@0.000ns)
  Data Path Delay:        7.318ns  (logic 1.822ns (24.898%)  route 5.496ns (75.102%))
  Logic Levels:           12  (CARRY4=5 LUT2=1 LUT3=2 LUT5=1 LUT6=3)
  Clock Path Skew:        -0.026ns (DCD - SCD + CPR)
    Destination Clock Delay (DCD):    4.057ns = ( 14.057 - 10.000 ) 
    Source Clock Delay      (SCD):    4.338ns
    Clock Pessimism Removal (CPR):    0.254ns
  Clock Uncertainty:      0.035ns  ((TSJ^2 + TIJ^2)^1/2 + DJ) / 2 + PE
    Total System Jitter     (TSJ):    0.071ns
    Total Input Jitter      (TIJ):    0.000ns
    Discrete Jitter          (DJ):    0.000ns
    Phase Error              (PE):    0.000ns

    Location             Delay type                Incr(ns)  Path(ns)    Netlist Resource(s)
  -------------------------------------------------------------------    -------------------
                         (clock sys_clk rise edge)    0.000     0.000 r  
    AD23                                              0.000     0.000 r  clk (IN)
                         net (fo=0)                   0.000     0.000    clk
    AD23                 IBUF (Prop_ibuf_I_O)         0.873     0.873 r  clk_IBUF_inst/O
                         net (fo=1, routed)           1.830     2.703    clk_IBUF
    BUFGCTRL_X0Y0        BUFG (Prop_bufg_I_O)         0.120     2.823 r  clk_IBUF_BUFG_inst/O
                         net (fo=128, routed)         1.515     4.338    clk_IBUF_BUFG
    SLICE_X2Y63          FDRE                                         r  a_reg_reg[14]/C
  -------------------------------------------------------------------    -------------------
    SLICE_X2Y63          FDRE (Prop_fdre_C_Q)         0.308     4.646 r  a_reg_reg[14]/Q
                         net (fo=65, routed)          1.532     6.177    dut/GEN_WALLACE.u_mul/a_reg[14]
    SLICE_X18Y50         LUT6 (Prop_lut6_I2_O)        0.053     6.230 r  dut/GEN_WALLACE.u_mul/product_out[32]_i_148/O
                         net (fo=2, routed)           0.459     6.689    dut/GEN_WALLACE.u_mul/l1[7]_35[26]
    SLICE_X18Y50         LUT3 (Prop_lut3_I2_O)        0.066     6.755 r  dut/GEN_WALLACE.u_mul/product_out[32]_i_79/O
                         net (fo=2, routed)           0.680     7.436    dut/GEN_WALLACE.u_mul/l2[5]_51[27]
    SLICE_X20Y52         LUT5 (Prop_lut5_I4_O)        0.180     7.616 r  dut/GEN_WALLACE.u_mul/product_out[32]_i_71/O
                         net (fo=3, routed)           0.757     8.373    dut/GEN_WALLACE.u_mul/l3[2]_7[27]
    SLICE_X14Y53         LUT6 (Prop_lut6_I3_O)        0.168     8.541 r  dut/GEN_WALLACE.u_mul/product_out[32]_i_54/O
                         net (fo=2, routed)           0.682     9.222    dut/GEN_WALLACE.u_mul/product_out[32]_i_54_n_0
    SLICE_X11Y53         LUT6 (Prop_lut6_I0_O)        0.053     9.275 r  dut/GEN_WALLACE.u_mul/product_out[32]_i_23/O
                         net (fo=3, routed)           0.542     9.817    dut/GEN_WALLACE.u_mul/l6[1]_25[28]
    SLICE_X9Y56          LUT3 (Prop_lut3_I2_O)        0.065     9.882 r  dut/GEN_WALLACE.u_mul/product_out[32]_i_14/O
                         net (fo=2, routed)           0.702    10.585    dut/GEN_WALLACE.u_mul/l7[1]_27[29]
    SLICE_X6Y57          LUT2 (Prop_lut2_I0_O)        0.181    10.766 r  dut/GEN_WALLACE.u_mul/product_out[32]_i_5/O
                         net (fo=1, routed)           0.142    10.908    dut/GEN_WALLACE.u_mul/final_a[29]
    SLICE_X7Y57          CARRY4 (Prop_carry4_DI[0]_CO[3])
                                                      0.435    11.343 r  dut/GEN_WALLACE.u_mul/product_out_reg[32]_i_1/CO[3]
                         net (fo=1, routed)           0.000    11.343    dut/GEN_WALLACE.u_mul/product_out_reg[32]_i_1_n_0
    SLICE_X7Y58          CARRY4 (Prop_carry4_CI_CO[3])
                                                      0.058    11.401 r  dut/GEN_WALLACE.u_mul/product_out_reg[36]_i_1/CO[3]
                         net (fo=1, routed)           0.000    11.401    dut/GEN_WALLACE.u_mul/product_out_reg[36]_i_1_n_0
    SLICE_X7Y59          CARRY4 (Prop_carry4_CI_CO[3])
                                                      0.058    11.459 r  dut/GEN_WALLACE.u_mul/product_out_reg[40]_i_1/CO[3]
                         net (fo=1, routed)           0.000    11.459    dut/GEN_WALLACE.u_mul/product_out_reg[40]_i_1_n_0
    SLICE_X7Y60          CARRY4 (Prop_carry4_CI_CO[3])
                                                      0.058    11.517 r  dut/GEN_WALLACE.u_mul/product_out_reg[44]_i_1/CO[3]
                         net (fo=1, routed)           0.000    11.517    dut/GEN_WALLACE.u_mul/product_out_reg[44]_i_1_n_0
    SLICE_X7Y61          CARRY4 (Prop_carry4_CI_O[0])
                                                      0.139    11.656 r  dut/GEN_WALLACE.u_mul/product_out_reg[48]_i_1/O[0]
                         net (fo=1, routed)           0.000    11.656    product_comb[45]
    SLICE_X7Y61          FDRE                                         r  product_out_reg[45]/D
  -------------------------------------------------------------------    -------------------

                         (clock sys_clk rise edge)   10.000    10.000 r  
    AD23                                              0.000    10.000 r  clk (IN)
                         net (fo=0)                   0.000    10.000    clk
    AD23                 IBUF (Prop_ibuf_I_O)         0.796    10.796 r  clk_IBUF_inst/O
                         net (fo=1, routed)           1.741    12.537    clk_IBUF
    BUFGCTRL_X0Y0        BUFG (Prop_bufg_I_O)         0.113    12.650 r  clk_IBUF_BUFG_inst/O
                         net (fo=128, routed)         1.407    14.057    clk_IBUF_BUFG
    SLICE_X7Y61          FDRE                                         r  product_out_reg[45]/C
                         clock pessimism              0.254    14.312    
                         clock uncertainty           -0.035    14.276    
    SLICE_X7Y61          FDRE (Setup_fdre_C_D)        0.051    14.327    product_out_reg[45]
  -------------------------------------------------------------------
                         required time                         14.327    
                         arrival time                         -11.656    
  -------------------------------------------------------------------
                         slack                                  2.672    

Slack (MET) :             2.675ns  (required time - arrival time)
  Source:                 a_reg_reg[14]/C
                            (rising edge-triggered cell FDRE clocked by sys_clk  {rise@0.000ns fall@5.000ns period=10.000ns})
  Destination:            product_out_reg[47]/D
                            (rising edge-triggered cell FDRE clocked by sys_clk  {rise@0.000ns fall@5.000ns period=10.000ns})
  Path Group:             sys_clk
  Path Type:              Setup (Max at Slow Process Corner)
  Requirement:            10.000ns  (sys_clk rise@10.000ns - sys_clk rise@0.000ns)
  Data Path Delay:        7.315ns  (logic 1.819ns (24.867%)  route 5.496ns (75.133%))
  Logic Levels:           12  (CARRY4=5 LUT2=1 LUT3=2 LUT5=1 LUT6=3)
  Clock Path Skew:        -0.026ns (DCD - SCD + CPR)
    Destination Clock Delay (DCD):    4.057ns = ( 14.057 - 10.000 ) 
    Source Clock Delay      (SCD):    4.338ns
    Clock Pessimism Removal (CPR):    0.254ns
  Clock Uncertainty:      0.035ns  ((TSJ^2 + TIJ^2)^1/2 + DJ) / 2 + PE
    Total System Jitter     (TSJ):    0.071ns
    Total Input Jitter      (TIJ):    0.000ns
    Discrete Jitter          (DJ):    0.000ns
    Phase Error              (PE):    0.000ns

    Location             Delay type                Incr(ns)  Path(ns)    Netlist Resource(s)
  -------------------------------------------------------------------    -------------------
                         (clock sys_clk rise edge)    0.000     0.000 r  
    AD23                                              0.000     0.000 r  clk (IN)
                         net (fo=0)                   0.000     0.000    clk
    AD23                 IBUF (Prop_ibuf_I_O)         0.873     0.873 r  clk_IBUF_inst/O
                         net (fo=1, routed)           1.830     2.703    clk_IBUF
    BUFGCTRL_X0Y0        BUFG (Prop_bufg_I_O)         0.120     2.823 r  clk_IBUF_BUFG_inst/O
                         net (fo=128, routed)         1.515     4.338    clk_IBUF_BUFG
    SLICE_X2Y63          FDRE                                         r  a_reg_reg[14]/C
  -------------------------------------------------------------------    -------------------
    SLICE_X2Y63          FDRE (Prop_fdre_C_Q)         0.308     4.646 r  a_reg_reg[14]/Q
                         net (fo=65, routed)          1.532     6.177    dut/GEN_WALLACE.u_mul/a_reg[14]
    SLICE_X18Y50         LUT6 (Prop_lut6_I2_O)        0.053     6.230 r  dut/GEN_WALLACE.u_mul/product_out[32]_i_148/O
                         net (fo=2, routed)           0.459     6.689    dut/GEN_WALLACE.u_mul/l1[7]_35[26]
    SLICE_X18Y50         LUT3 (Prop_lut3_I2_O)        0.066     6.755 r  dut/GEN_WALLACE.u_mul/product_out[32]_i_79/O
                         net (fo=2, routed)           0.680     7.436    dut/GEN_WALLACE.u_mul/l2[5]_51[27]
    SLICE_X20Y52         LUT5 (Prop_lut5_I4_O)        0.180     7.616 r  dut/GEN_WALLACE.u_mul/product_out[32]_i_71/O
                         net (fo=3, routed)           0.757     8.373    dut/GEN_WALLACE.u_mul/l3[2]_7[27]
    SLICE_X14Y53         LUT6 (Prop_lut6_I3_O)        0.168     8.541 r  dut/GEN_WALLACE.u_mul/product_out[32]_i_54/O
                         net (fo=2, routed)           0.682     9.222    dut/GEN_WALLACE.u_mul/product_out[32]_i_54_n_0
    SLICE_X11Y53         LUT6 (Prop_lut6_I0_O)        0.053     9.275 r  dut/GEN_WALLACE.u_mul/product_out[32]_i_23/O
                         net (fo=3, routed)           0.542     9.817    dut/GEN_WALLACE.u_mul/l6[1]_25[28]
    SLICE_X9Y56          LUT3 (Prop_lut3_I2_O)        0.065     9.882 r  dut/GEN_WALLACE.u_mul/product_out[32]_i_14/O
                         net (fo=2, routed)           0.702    10.585    dut/GEN_WALLACE.u_mul/l7[1]_27[29]
    SLICE_X6Y57          LUT2 (Prop_lut2_I0_O)        0.181    10.766 r  dut/GEN_WALLACE.u_mul/product_out[32]_i_5/O
                         net (fo=1, routed)           0.142    10.908    dut/GEN_WALLACE.u_mul/final_a[29]
    SLICE_X7Y57          CARRY4 (Prop_carry4_DI[0]_CO[3])
                                                      0.435    11.343 r  dut/GEN_WALLACE.u_mul/product_out_reg[32]_i_1/CO[3]
                         net (fo=1, routed)           0.000    11.343    dut/GEN_WALLACE.u_mul/product_out_reg[32]_i_1_n_0
    SLICE_X7Y58          CARRY4 (Prop_carry4_CI_CO[3])
                                                      0.058    11.401 r  dut/GEN_WALLACE.u_mul/product_out_reg[36]_i_1/CO[3]
                         net (fo=1, routed)           0.000    11.401    dut/GEN_WALLACE.u_mul/product_out_reg[36]_i_1_n_0
    SLICE_X7Y59          CARRY4 (Prop_carry4_CI_CO[3])
                                                      0.058    11.459 r  dut/GEN_WALLACE.u_mul/product_out_reg[40]_i_1/CO[3]
                         net (fo=1, routed)           0.000    11.459    dut/GEN_WALLACE.u_mul/product_out_reg[40]_i_1_n_0
    SLICE_X7Y60          CARRY4 (Prop_carry4_CI_CO[3])
                                                      0.058    11.517 r  dut/GEN_WALLACE.u_mul/product_out_reg[44]_i_1/CO[3]
                         net (fo=1, routed)           0.000    11.517    dut/GEN_WALLACE.u_mul/product_out_reg[44]_i_1_n_0
    SLICE_X7Y61          CARRY4 (Prop_carry4_CI_O[2])
                                                      0.136    11.653 r  dut/GEN_WALLACE.u_mul/product_out_reg[48]_i_1/O[2]
                         net (fo=1, routed)           0.000    11.653    product_comb[47]
    SLICE_X7Y61          FDRE                                         r  product_out_reg[47]/D
  -------------------------------------------------------------------    -------------------

                         (clock sys_clk rise edge)   10.000    10.000 r  
    AD23                                              0.000    10.000 r  clk (IN)
                         net (fo=0)                   0.000    10.000    clk
    AD23                 IBUF (Prop_ibuf_I_O)         0.796    10.796 r  clk_IBUF_inst/O
                         net (fo=1, routed)           1.741    12.537    clk_IBUF
    BUFGCTRL_X0Y0        BUFG (Prop_bufg_I_O)         0.113    12.650 r  clk_IBUF_BUFG_inst/O
                         net (fo=128, routed)         1.407    14.057    clk_IBUF_BUFG
    SLICE_X7Y61          FDRE                                         r  product_out_reg[47]/C
                         clock pessimism              0.254    14.312    
                         clock uncertainty           -0.035    14.276    
    SLICE_X7Y61          FDRE (Setup_fdre_C_D)        0.051    14.327    product_out_reg[47]
  -------------------------------------------------------------------
                         required time                         14.327    
                         arrival time                         -11.653    
  -------------------------------------------------------------------
                         slack                                  2.675    





Pulse Width Checks
--------------------------------------------------------------------------------------
Clock Name:         sys_clk
Waveform(ns):       { 0.000 5.000 }
Period(ns):         10.000
Sources:            { clk }

Check Type        Corner  Lib Pin  Reference Pin  Required(ns)  Actual(ns)  Slack(ns)  Location       Pin
Min Period        n/a     BUFG/I   n/a            1.600         10.000      8.400      BUFGCTRL_X0Y0  clk_IBUF_BUFG_inst/I
Min Period        n/a     FDRE/C   n/a            0.750         10.000      9.250      SLICE_X1Y58    a_reg_reg[8]/C
Min Period        n/a     FDRE/C   n/a            0.750         10.000      9.250      SLICE_X1Y58    product_out_reg[1]/C
Min Period        n/a     FDRE/C   n/a            0.700         10.000      9.300      SLICE_X0Y50    a_reg_reg[0]/C
Min Period        n/a     FDRE/C   n/a            0.700         10.000      9.300      SLICE_X1Y60    a_reg_reg[10]/C
Min Period        n/a     FDRE/C   n/a            0.700         10.000      9.300      SLICE_X3Y60    a_reg_reg[11]/C
Min Period        n/a     FDRE/C   n/a            0.700         10.000      9.300      SLICE_X12Y62   a_reg_reg[12]/C
Min Period        n/a     FDRE/C   n/a            0.700         10.000      9.300      SLICE_X2Y60    a_reg_reg[13]/C
Min Period        n/a     FDRE/C   n/a            0.700         10.000      9.300      SLICE_X2Y63    a_reg_reg[14]/C
Min Period        n/a     FDRE/C   n/a            0.700         10.000      9.300      SLICE_X1Y63    a_reg_reg[15]/C
Min Period        n/a     FDRE/C   n/a            0.700         10.000      9.300      SLICE_X2Y66    a_reg_reg[16]/C
Min Period        n/a     FDRE/C   n/a            0.700         10.000      9.300      SLICE_X2Y66    a_reg_reg[17]/C
Min Period        n/a     FDRE/C   n/a            0.700         10.000      9.300      SLICE_X6Y63    a_reg_reg[18]/C
Min Period        n/a     FDRE/C   n/a            0.700         10.000      9.300      SLICE_X12Y68   a_reg_reg[19]/C
Min Period        n/a     FDRE/C   n/a            0.700         10.000      9.300      SLICE_X0Y51    a_reg_reg[1]/C
Min Period        n/a     FDRE/C   n/a            0.700         10.000      9.300      SLICE_X1Y68    a_reg_reg[20]/C
Min Period        n/a     FDRE/C   n/a            0.700         10.000      9.300      SLICE_X10Y68   a_reg_reg[21]/C
Min Period        n/a     FDRE/C   n/a            0.700         10.000      9.300      SLICE_X0Y71    a_reg_reg[22]/C
Min Period        n/a     FDRE/C   n/a            0.700         10.000      9.300      SLICE_X3Y72    a_reg_reg[23]/C
Min Period        n/a     FDRE/C   n/a            0.700         10.000      9.300      SLICE_X6Y70    a_reg_reg[24]/C
Low Pulse Width   Slow    FDRE/C   n/a            0.400         5.000       4.600      SLICE_X1Y58    a_reg_reg[8]/C
Low Pulse Width   Fast    FDRE/C   n/a            0.400         5.000       4.600      SLICE_X1Y58    a_reg_reg[8]/C
Low Pulse Width   Slow    FDRE/C   n/a            0.400         5.000       4.600      SLICE_X1Y58    product_out_reg[1]/C
Low Pulse Width   Fast    FDRE/C   n/a            0.400         5.000       4.600      SLICE_X1Y58    product_out_reg[1]/C
Low Pulse Width   Slow    FDRE/C   n/a            0.350         5.000       4.650      SLICE_X0Y50    a_reg_reg[0]/C
Low Pulse Width   Fast    FDRE/C   n/a            0.350         5.000       4.650      SLICE_X0Y50    a_reg_reg[0]/C
Low Pulse Width   Slow    FDRE/C   n/a            0.350         5.000       4.650      SLICE_X1Y60    a_reg_reg[10]/C
Low Pulse Width   Fast    FDRE/C   n/a            0.350         5.000       4.650      SLICE_X1Y60    a_reg_reg[10]/C
Low Pulse Width   Slow    FDRE/C   n/a            0.350         5.000       4.650      SLICE_X3Y60    a_reg_reg[11]/C
Low Pulse Width   Fast    FDRE/C   n/a            0.350         5.000       4.650      SLICE_X3Y60    a_reg_reg[11]/C
Low Pulse Width   Slow    FDRE/C   n/a            0.350         5.000       4.650      SLICE_X12Y62   a_reg_reg[12]/C
Low Pulse Width   Fast    FDRE/C   n/a            0.350         5.000       4.650      SLICE_X12Y62   a_reg_reg[12]/C
Low Pulse Width   Slow    FDRE/C   n/a            0.350         5.000       4.650      SLICE_X2Y60    a_reg_reg[13]/C
Low Pulse Width   Fast    FDRE/C   n/a            0.350         5.000       4.650      SLICE_X2Y60    a_reg_reg[13]/C
Low Pulse Width   Slow    FDRE/C   n/a            0.350         5.000       4.650      SLICE_X2Y63    a_reg_reg[14]/C
Low Pulse Width   Fast    FDRE/C   n/a            0.350         5.000       4.650      SLICE_X2Y63    a_reg_reg[14]/C
Low Pulse Width   Slow    FDRE/C   n/a            0.350         5.000       4.650      SLICE_X1Y63    a_reg_reg[15]/C
Low Pulse Width   Fast    FDRE/C   n/a            0.350         5.000       4.650      SLICE_X1Y63    a_reg_reg[15]/C
Low Pulse Width   Slow    FDRE/C   n/a            0.350         5.000       4.650      SLICE_X2Y66    a_reg_reg[16]/C
Low Pulse Width   Fast    FDRE/C   n/a            0.350         5.000       4.650      SLICE_X2Y66    a_reg_reg[16]/C
High Pulse Width  Slow    FDRE/C   n/a            0.350         5.000       4.650      SLICE_X0Y50    a_reg_reg[0]/C
High Pulse Width  Fast    FDRE/C   n/a            0.350         5.000       4.650      SLICE_X0Y50    a_reg_reg[0]/C
High Pulse Width  Slow    FDRE/C   n/a            0.350         5.000       4.650      SLICE_X1Y60    a_reg_reg[10]/C
High Pulse Width  Fast    FDRE/C   n/a            0.350         5.000       4.650      SLICE_X1Y60    a_reg_reg[10]/C
High Pulse Width  Slow    FDRE/C   n/a            0.350         5.000       4.650      SLICE_X3Y60    a_reg_reg[11]/C
High Pulse Width  Fast    FDRE/C   n/a            0.350         5.000       4.650      SLICE_X3Y60    a_reg_reg[11]/C
High Pulse Width  Slow    FDRE/C   n/a            0.350         5.000       4.650      SLICE_X12Y62   a_reg_reg[12]/C
High Pulse Width  Fast    FDRE/C   n/a            0.350         5.000       4.650      SLICE_X12Y62   a_reg_reg[12]/C
High Pulse Width  Slow    FDRE/C   n/a            0.350         5.000       4.650      SLICE_X2Y60    a_reg_reg[13]/C
High Pulse Width  Fast    FDRE/C   n/a            0.350         5.000       4.650      SLICE_X2Y60    a_reg_reg[13]/C
High Pulse Width  Slow    FDRE/C   n/a            0.350         5.000       4.650      SLICE_X2Y63    a_reg_reg[14]/C
High Pulse Width  Fast    FDRE/C   n/a            0.350         5.000       4.650      SLICE_X2Y63    a_reg_reg[14]/C
High Pulse Width  Slow    FDRE/C   n/a            0.350         5.000       4.650      SLICE_X1Y63    a_reg_reg[15]/C
High Pulse Width  Fast    FDRE/C   n/a            0.350         5.000       4.650      SLICE_X1Y63    a_reg_reg[15]/C
High Pulse Width  Slow    FDRE/C   n/a            0.350         5.000       4.650      SLICE_X2Y66    a_reg_reg[16]/C
High Pulse Width  Fast    FDRE/C   n/a            0.350         5.000       4.650      SLICE_X2Y66    a_reg_reg[16]/C
High Pulse Width  Slow    FDRE/C   n/a            0.350         5.000       4.650      SLICE_X2Y66    a_reg_reg[17]/C
High Pulse Width  Fast    FDRE/C   n/a            0.350         5.000       4.650      SLICE_X2Y66    a_reg_reg[17]/C
High Pulse Width  Slow    FDRE/C   n/a            0.350         5.000       4.650      SLICE_X6Y63    a_reg_reg[18]/C
High Pulse Width  Fast    FDRE/C   n/a            0.350         5.000       4.650      SLICE_X6Y63    a_reg_reg[18]/C



