Copyright 1986-2022 Xilinx, Inc. All Rights Reserved. Copyright 2022-2025 Advanced Micro Devices, Inc. All Rights Reserved.
---------------------------------------------------------------------------------------------------------------------------------------------
| Tool Version : Vivado v.2025.2 (win64) Build 6299465 Fri Nov 14 19:35:11 GMT 2025
| Date         : Sun Aug  9 14:55:19 2026
| Host         : LAPTOP_Truong running 64-bit major release  (build 9200)
| Command      : report_timing_summary -delay_type max -max_paths 20 -file ./results_9config_mem1/KSA_ARRAY_timing.rpt
| Design       : cpu_top
| Device       : 7z030-ffg676
| Speed File   : -1  PRODUCTION 1.12 2019-11-22
| Design State : Routed
---------------------------------------------------------------------------------------------------------------------------------------------

Timing Summary Report

------------------------------------------------------------------------------------------------
| Timer Settings
| --------------
------------------------------------------------------------------------------------------------

  Enable Multi Corner Analysis               :  Yes
  Enable Pessimism Removal                   :  Yes
  Pessimism Removal Resolution               :  Nearest Common Node
  Enable Input Delay Default Clock           :  No
  Enable Preset / Clear Arcs                 :  No
  Disable Flight Delays                      :  No
  Ignore I/O Paths                           :  No
  Timing Early Launch at Borrowing Latches   :  No
  Borrow Time for Max Delay Exceptions       :  Yes
  Merge Timing Exceptions                    :  Yes
  Inter-SLR Compensation                     :  Conservative

  Corner  Analyze    Analyze    
  Name    Max Paths  Min Paths  
  ------  ---------  ---------  
  Slow    Yes        Yes        
  Fast    Yes        Yes        


------------------------------------------------------------------------------------------------
| Report Methodology
| ------------------
------------------------------------------------------------------------------------------------

Rule       Severity  Description                                 Violations  
---------  --------  ------------------------------------------  ----------  
SYNTH-6    Warning   Timing of a RAM block might be sub-optimal  4           
TIMING-18  Warning   Missing input or output delay               101         
SYNTH-6    Warning   Timing of a RAM block might be sub-optimal  4           
TIMING-18  Warning   Missing input or output delay               101         
SYNTH-6    Warning   Timing of a RAM block might be sub-optimal  4           
TIMING-18  Warning   Missing input or output delay               101         
SYNTH-6    Warning   Timing of a RAM block might be sub-optimal  4           
TIMING-18  Warning   Missing input or output delay               101         
SYNTH-6    Warning   Timing of a RAM block might be sub-optimal  4           
TIMING-18  Warning   Missing input or output delay               101         
SYNTH-6    Warning   Timing of a RAM block might be sub-optimal  4           
TIMING-18  Warning   Missing input or output delay               101         

Note: This report is based on the most recent report_methodology run and may not be up-to-date. Run report_methodology on the current design for the latest report.



check_timing report

Table of Contents
-----------------
1. checking no_clock (0)
2. checking constant_clock (0)
3. checking pulse_width_clock (0)
4. checking unconstrained_internal_endpoints (0)
5. checking no_input_delay (1)
6. checking no_output_delay (101)
7. checking multiple_clock (0)
8. checking generated_clocks (0)
9. checking loops (0)
10. checking partial_input_delay (0)
11. checking partial_output_delay (0)
12. checking latch_loops (0)

1. checking no_clock (0)
------------------------
 There are 0 register/latch pins with no clock.


2. checking constant_clock (0)
------------------------------
 There are 0 register/latch pins with constant_clock.


3. checking pulse_width_clock (0)
---------------------------------
 There are 0 register/latch pins which need pulse_width check


4. checking unconstrained_internal_endpoints (0)
------------------------------------------------
 There are 0 pins that are not constrained for maximum delay.

 There are 0 pins that are not constrained for maximum delay due to constant clock.


5. checking no_input_delay (1)
------------------------------
 There are 0 input ports with no input delay specified.

 There is 1 input port with no input delay but user has a false path constraint. (MEDIUM)


6. checking no_output_delay (101)
---------------------------------
 There are 101 ports with no output delay specified. (HIGH)

 There are 0 ports with no output delay but user has a false path constraint

 There are 0 ports with no output delay but with a timing clock defined on it or propagating through it


7. checking multiple_clock (0)
------------------------------
 There are 0 register/latch pins with multiple clocks.


8. checking generated_clocks (0)
--------------------------------
 There are 0 generated clocks that are not connected to a clock source.


9. checking loops (0)
---------------------
 There are 0 combinational loops in the design.


10. checking partial_input_delay (0)
------------------------------------
 There are 0 input ports with partial input delay specified.


11. checking partial_output_delay (0)
-------------------------------------
 There are 0 ports with partial output delay specified.


12. checking latch_loops (0)
----------------------------
 There are 0 combinational latch loops in the design through latch input



------------------------------------------------------------------------------------------------
| Design Timing Summary
| ---------------------
------------------------------------------------------------------------------------------------

    WNS(ns)      TNS(ns)  TNS Failing Endpoints  TNS Total Endpoints     WPWS(ns)     TPWS(ns)  TPWS Failing Endpoints  TPWS Total Endpoints  
    -------      -------  ---------------------  -------------------     --------     --------  ----------------------  --------------------  
      2.196        0.000                      0                 1212       14.090        0.000                       0                   351  


All user specified timing constraints are met.


------------------------------------------------------------------------------------------------
| Clock Summary
| -------------
------------------------------------------------------------------------------------------------

Clock    Waveform(ns)       Period(ns)      Frequency(MHz)
-----    ------------       ----------      --------------
sys_clk  {0.000 15.000}     30.000          33.333          


------------------------------------------------------------------------------------------------
| Intra Clock Table
| -----------------
------------------------------------------------------------------------------------------------

Clock             WNS(ns)      TNS(ns)  TNS Failing Endpoints  TNS Total Endpoints     WPWS(ns)     TPWS(ns)  TPWS Failing Endpoints  TPWS Total Endpoints  
-----             -------      -------  ---------------------  -------------------     --------     --------  ----------------------  --------------------  
sys_clk             2.196        0.000                      0                 1212       14.090        0.000                       0                   351  


------------------------------------------------------------------------------------------------
| Inter Clock Table
| -----------------
------------------------------------------------------------------------------------------------

From Clock    To Clock          WNS(ns)      TNS(ns)  TNS Failing Endpoints  TNS Total Endpoints  
----------    --------          -------      -------  ---------------------  -------------------  


------------------------------------------------------------------------------------------------
| Other Path Groups Table
| -----------------------
------------------------------------------------------------------------------------------------

Path Group    From Clock    To Clock          WNS(ns)      TNS(ns)  TNS Failing Endpoints  TNS Total Endpoints  
----------    ----------    --------          -------      -------  ---------------------  -------------------  


------------------------------------------------------------------------------------------------
| Timing Details
| --------------
------------------------------------------------------------------------------------------------


---------------------------------------------------------------------------------------------------
From Clock:  sys_clk
  To Clock:  sys_clk

Setup :            0  Failing Endpoints,  Worst Slack        2.196ns,  Total Violation        0.000ns
Hold  :           NA  Failing Endpoints,  Worst Slack           NA  ,  Total Violation           NA
PW    :            0  Failing Endpoints,  Worst Slack       14.090ns,  Total Violation        0.000ns
---------------------------------------------------------------------------------------------------


Max Delay Paths
--------------------------------------------------------------------------------------
Slack (MET) :             2.196ns  (required time - arrival time)
  Source:                 GEN_BRAM.u_core/ir_reg[17]/C
                            (rising edge-triggered cell FDCE clocked by sys_clk  {rise@0.000ns fall@15.000ns period=30.000ns})
  Destination:            GEN_BRAM.u_core/reg_file/registers_reg_r1_0_31_30_31__0/DP/I
                            (rising edge-triggered cell RAMD32 clocked by sys_clk  {rise@0.000ns fall@15.000ns period=30.000ns})
  Path Group:             sys_clk
  Path Type:              Setup (Max at Slow Process Corner)
  Requirement:            30.000ns  (sys_clk rise@30.000ns - sys_clk rise@0.000ns)
  Data Path Delay:        27.567ns  (logic 4.105ns (14.891%)  route 23.462ns (85.109%))
  Logic Levels:           57  (CARRY4=1 LUT2=1 LUT3=14 LUT4=2 LUT5=15 LUT6=23 RAMD32=1)
  Clock Path Skew:        -0.023ns (DCD - SCD + CPR)
    Destination Clock Delay (DCD):    4.183ns = ( 34.183 - 30.000 ) 
    Source Clock Delay      (SCD):    4.470ns
    Clock Pessimism Removal (CPR):    0.263ns
  Clock Uncertainty:      0.035ns  ((TSJ^2 + TIJ^2)^1/2 + DJ) / 2 + PE
    Total System Jitter     (TSJ):    0.071ns
    Total Input Jitter      (TIJ):    0.000ns
    Discrete Jitter          (DJ):    0.000ns
    Phase Error              (PE):    0.000ns

    Location             Delay type                Incr(ns)  Path(ns)    Netlist Resource(s)
  -------------------------------------------------------------------    -------------------
                         (clock sys_clk rise edge)    0.000     0.000 r  
    AD23                                              0.000     0.000 r  clk (IN)
                         net (fo=0)                   0.000     0.000    clk
    AD23                 IBUF (Prop_ibuf_I_O)         0.873     0.873 r  clk_IBUF_inst/O
                         net (fo=1, routed)           1.830     2.703    clk_IBUF
    BUFGCTRL_X0Y0        BUFG (Prop_bufg_I_O)         0.120     2.823 r  clk_IBUF_BUFG_inst/O
                         net (fo=350, routed)         1.647     4.470    GEN_BRAM.u_core/clk_IBUF_BUFG
    SLICE_X13Y17         FDCE                                         r  GEN_BRAM.u_core/ir_reg[17]/C
  -------------------------------------------------------------------    -------------------
    SLICE_X13Y17         FDCE (Prop_fdce_C_Q)         0.269     4.739 r  GEN_BRAM.u_core/ir_reg[17]/Q
                         net (fo=97, routed)          0.894     5.633    GEN_BRAM.u_core/reg_file/registers_reg_r1_0_31_30_31__0/DPRA2
    SLICE_X14Y20         RAMD32 (Prop_ramd32_RADR2_O)
                                                      0.063     5.696 r  GEN_BRAM.u_core/reg_file/registers_reg_r1_0_31_30_31__0/DP/O
                         net (fo=11, routed)          0.758     6.454    GEN_BRAM.u_core/alu_mux_a/dataR10[31]
    SLICE_X11Y23         LUT4 (Prop_lut4_I1_O)        0.164     6.618 f  GEN_BRAM.u_core/alu_mux_a/u_adder_i_1/O
                         net (fo=96, routed)          0.579     7.196    GEN_BRAM.u_core/alu/u_mul/u_mul/GEN_ARRAY.u_mul/u_csa_row0/GEN_CSA_FA[1].u_fa/result[31]_INST_0_i_35_n_0
    SLICE_X10Y16         LUT4 (Prop_lut4_I0_O)        0.053     7.249 r  GEN_BRAM.u_core/alu/u_mul/u_mul/GEN_ARRAY.u_mul/u_csa_row0/GEN_CSA_FA[1].u_fa/result[2]_INST_0_i_3/O
                         net (fo=149, routed)         1.003     8.253    GEN_BRAM.u_core/alu/u_mul/u_mul/GEN_ARRAY.u_mul/u_csa_row0/GEN_CSA_FA[1].u_fa/result[2]_INST_0_i_3_n_0
    SLICE_X12Y14         LUT6 (Prop_lut6_I1_O)        0.053     8.306 r  GEN_BRAM.u_core/alu/u_mul/u_mul/GEN_ARRAY.u_mul/u_csa_row0/GEN_CSA_FA[1].u_fa/result[6]_INST_0_i_52/O
                         net (fo=2, routed)           0.330     8.636    GEN_BRAM.u_core/alu/u_mul/u_mul/GEN_ARRAY.u_mul/u_csa_row0/GEN_CSA_FA[1].u_fa/pp[2]_91[6]
    SLICE_X12Y14         LUT6 (Prop_lut6_I5_O)        0.053     8.689 r  GEN_BRAM.u_core/alu/u_mul/u_mul/GEN_ARRAY.u_mul/u_csa_row0/GEN_CSA_FA[1].u_fa/result[6]_INST_0_i_35/O
                         net (fo=3, routed)           0.479     9.168    GEN_BRAM.u_core/alu/u_mul/u_mul/GEN_ARRAY.u_mul/u_csa_row0/GEN_CSA_FA[1].u_fa/stage_sum[0]_28[6]
    SLICE_X12Y14         LUT3 (Prop_lut3_I1_O)        0.053     9.221 r  GEN_BRAM.u_core/alu/u_mul/u_mul/GEN_ARRAY.u_mul/u_csa_row0/GEN_CSA_FA[1].u_fa/result[8]_INST_0_i_67/O
                         net (fo=2, routed)           0.492     9.713    GEN_BRAM.u_core/alu/u_mul/u_mul/GEN_ARRAY.u_mul/u_csa_row0/GEN_CSA_FA[1].u_fa/stage_carry[1]_43[7]
    SLICE_X11Y14         LUT5 (Prop_lut5_I3_O)        0.053     9.766 r  GEN_BRAM.u_core/alu/u_mul/u_mul/GEN_ARRAY.u_mul/u_csa_row0/GEN_CSA_FA[1].u_fa/result[8]_INST_0_i_44/O
                         net (fo=3, routed)           0.306    10.072    GEN_BRAM.u_core/alu/u_mul/u_mul/GEN_ARRAY.u_mul/u_csa_row0/GEN_CSA_FA[1].u_fa/stage_carry[2]_0[8]
    SLICE_X10Y14         LUT3 (Prop_lut3_I0_O)        0.053    10.125 r  GEN_BRAM.u_core/alu/u_mul/u_mul/GEN_ARRAY.u_mul/u_csa_row0/GEN_CSA_FA[1].u_fa/result[10]_INST_0_i_52/O
                         net (fo=2, routed)           0.436    10.561    GEN_BRAM.u_core/alu/u_mul/u_mul/GEN_ARRAY.u_mul/u_csa_row0/GEN_CSA_FA[1].u_fa/stage_carry[3]_44[9]
    SLICE_X9Y14          LUT5 (Prop_lut5_I3_O)        0.053    10.614 r  GEN_BRAM.u_core/alu/u_mul/u_mul/GEN_ARRAY.u_mul/u_csa_row0/GEN_CSA_FA[1].u_fa/result[10]_INST_0_i_34/O
                         net (fo=3, routed)           0.435    11.048    GEN_BRAM.u_core/alu/u_mul/u_mul/GEN_ARRAY.u_mul/u_csa_row0/GEN_CSA_FA[1].u_fa/stage_carry[4]_2[10]
    SLICE_X7Y14          LUT3 (Prop_lut3_I0_O)        0.053    11.101 r  GEN_BRAM.u_core/alu/u_mul/u_mul/GEN_ARRAY.u_mul/u_csa_row0/GEN_CSA_FA[1].u_fa/result[12]_INST_0_i_69/O
                         net (fo=2, routed)           0.204    11.305    GEN_BRAM.u_core/alu/u_mul/u_mul/GEN_ARRAY.u_mul/u_csa_row0/GEN_CSA_FA[1].u_fa/stage_carry[5]_45[11]
    SLICE_X7Y14          LUT5 (Prop_lut5_I3_O)        0.053    11.358 r  GEN_BRAM.u_core/alu/u_mul/u_mul/GEN_ARRAY.u_mul/u_csa_row0/GEN_CSA_FA[1].u_fa/result[12]_INST_0_i_45/O
                         net (fo=3, routed)           0.687    12.045    GEN_BRAM.u_core/alu/u_mul/u_mul/GEN_ARRAY.u_mul/u_csa_row0/GEN_CSA_FA[1].u_fa/stage_carry[6]_4[12]
    SLICE_X8Y12          LUT3 (Prop_lut3_I0_O)        0.053    12.098 r  GEN_BRAM.u_core/alu/u_mul/u_mul/GEN_ARRAY.u_mul/u_csa_row0/GEN_CSA_FA[1].u_fa/result[14]_INST_0_i_52/O
                         net (fo=2, routed)           0.617    12.714    GEN_BRAM.u_core/alu/u_mul/u_mul/GEN_ARRAY.u_mul/u_csa_row0/GEN_CSA_FA[1].u_fa/stage_carry[7]_46[13]
    SLICE_X7Y11          LUT5 (Prop_lut5_I3_O)        0.053    12.767 r  GEN_BRAM.u_core/alu/u_mul/u_mul/GEN_ARRAY.u_mul/u_csa_row0/GEN_CSA_FA[1].u_fa/result[14]_INST_0_i_34/O
                         net (fo=3, routed)           0.325    13.093    GEN_BRAM.u_core/alu/u_mul/u_mul/GEN_ARRAY.u_mul/u_csa_row0/GEN_CSA_FA[1].u_fa/stage_carry[8]_6[14]
    SLICE_X7Y11          LUT3 (Prop_lut3_I0_O)        0.053    13.146 r  GEN_BRAM.u_core/alu/u_mul/u_mul/GEN_ARRAY.u_mul/u_csa_row0/GEN_CSA_FA[1].u_fa/result[16]_INST_0_i_67/O
                         net (fo=2, routed)           0.368    13.514    GEN_BRAM.u_core/alu/u_mul/u_mul/GEN_ARRAY.u_mul/u_csa_row0/GEN_CSA_FA[1].u_fa/stage_carry[9]_47[15]
    SLICE_X6Y11          LUT5 (Prop_lut5_I3_O)        0.053    13.567 r  GEN_BRAM.u_core/alu/u_mul/u_mul/GEN_ARRAY.u_mul/u_csa_row0/GEN_CSA_FA[1].u_fa/result[16]_INST_0_i_44/O
                         net (fo=3, routed)           0.347    13.914    GEN_BRAM.u_core/alu/u_mul/u_mul/GEN_ARRAY.u_mul/u_csa_row0/GEN_CSA_FA[1].u_fa/stage_carry[10]_8[16]
    SLICE_X3Y11          LUT3 (Prop_lut3_I0_O)        0.053    13.967 r  GEN_BRAM.u_core/alu/u_mul/u_mul/GEN_ARRAY.u_mul/u_csa_row0/GEN_CSA_FA[1].u_fa/result[18]_INST_0_i_52/O
                         net (fo=2, routed)           0.423    14.390    GEN_BRAM.u_core/alu/u_mul/u_mul/GEN_ARRAY.u_mul/u_csa_row0/GEN_CSA_FA[1].u_fa/stage_carry[11]_48[17]
    SLICE_X3Y13          LUT5 (Prop_lut5_I3_O)        0.053    14.443 r  GEN_BRAM.u_core/alu/u_mul/u_mul/GEN_ARRAY.u_mul/u_csa_row0/GEN_CSA_FA[1].u_fa/result[18]_INST_0_i_34/O
                         net (fo=3, routed)           0.533    14.976    GEN_BRAM.u_core/alu/u_mul/u_mul/GEN_ARRAY.u_mul/u_csa_row0/GEN_CSA_FA[1].u_fa/stage_carry[12]_10[18]
    SLICE_X7Y10          LUT3 (Prop_lut3_I0_O)        0.053    15.029 r  GEN_BRAM.u_core/alu/u_mul/u_mul/GEN_ARRAY.u_mul/u_csa_row0/GEN_CSA_FA[1].u_fa/result[20]_INST_0_i_67/O
                         net (fo=2, routed)           0.502    15.530    GEN_BRAM.u_core/alu/u_mul/u_mul/GEN_ARRAY.u_mul/u_csa_row0/GEN_CSA_FA[1].u_fa/stage_carry[13]_49[19]
    SLICE_X9Y10          LUT5 (Prop_lut5_I3_O)        0.053    15.583 r  GEN_BRAM.u_core/alu/u_mul/u_mul/GEN_ARRAY.u_mul/u_csa_row0/GEN_CSA_FA[1].u_fa/result[20]_INST_0_i_44/O
                         net (fo=3, routed)           0.384    15.967    GEN_BRAM.u_core/alu/u_mul/u_mul/GEN_ARRAY.u_mul/u_csa_row0/GEN_CSA_FA[1].u_fa/stage_carry[14]_12[20]
    SLICE_X8Y10          LUT3 (Prop_lut3_I0_O)        0.053    16.020 r  GEN_BRAM.u_core/alu/u_mul/u_mul/GEN_ARRAY.u_mul/u_csa_row0/GEN_CSA_FA[1].u_fa/result[22]_INST_0_i_52/O
                         net (fo=2, routed)           0.376    16.396    GEN_BRAM.u_core/alu/u_mul/u_mul/GEN_ARRAY.u_mul/u_csa_row0/GEN_CSA_FA[1].u_fa/stage_carry[15]_50[21]
    SLICE_X7Y10          LUT5 (Prop_lut5_I3_O)        0.053    16.449 r  GEN_BRAM.u_core/alu/u_mul/u_mul/GEN_ARRAY.u_mul/u_csa_row0/GEN_CSA_FA[1].u_fa/result[22]_INST_0_i_34/O
                         net (fo=3, routed)           0.481    16.929    GEN_BRAM.u_core/alu/u_mul/u_mul/GEN_ARRAY.u_mul/u_csa_row0/GEN_CSA_FA[1].u_fa/stage_carry[16]_14[22]
    SLICE_X6Y9           LUT3 (Prop_lut3_I0_O)        0.053    16.982 r  GEN_BRAM.u_core/alu/u_mul/u_mul/GEN_ARRAY.u_mul/u_csa_row0/GEN_CSA_FA[1].u_fa/result[24]_INST_0_i_67/O
                         net (fo=2, routed)           0.340    17.323    GEN_BRAM.u_core/alu/u_mul/u_mul/GEN_ARRAY.u_mul/u_csa_row0/GEN_CSA_FA[1].u_fa/stage_carry[17]_51[23]
    SLICE_X3Y9           LUT5 (Prop_lut5_I3_O)        0.053    17.376 r  GEN_BRAM.u_core/alu/u_mul/u_mul/GEN_ARRAY.u_mul/u_csa_row0/GEN_CSA_FA[1].u_fa/result[24]_INST_0_i_40/O
                         net (fo=3, routed)           0.433    17.809    GEN_BRAM.u_core/alu/u_mul/u_mul/GEN_ARRAY.u_mul/u_csa_row0/GEN_CSA_FA[1].u_fa/stage_sum[18]_34[23]
    SLICE_X5Y8           LUT3 (Prop_lut3_I1_O)        0.053    17.862 r  GEN_BRAM.u_core/alu/u_mul/u_mul/GEN_ARRAY.u_mul/u_csa_row0/GEN_CSA_FA[1].u_fa/result[24]_INST_0_i_47/O
                         net (fo=2, routed)           0.308    18.169    GEN_BRAM.u_core/alu/u_mul/u_mul/GEN_ARRAY.u_mul/u_csa_row0/GEN_CSA_FA[1].u_fa/stage_carry[19]_52[24]
    SLICE_X5Y8           LUT5 (Prop_lut5_I3_O)        0.053    18.222 r  GEN_BRAM.u_core/alu/u_mul/u_mul/GEN_ARRAY.u_mul/u_csa_row0/GEN_CSA_FA[1].u_fa/result[24]_INST_0_i_26/O
                         net (fo=2, routed)           0.582    18.805    GEN_BRAM.u_core/alu/u_mul/u_mul/GEN_ARRAY.u_mul/u_csa_row0/GEN_CSA_FA[1].u_fa/stage_sum[20]_33[24]
    SLICE_X8Y9           LUT3 (Prop_lut3_I1_O)        0.053    18.858 r  GEN_BRAM.u_core/alu/u_mul/u_mul/GEN_ARRAY.u_mul/u_csa_row0/GEN_CSA_FA[1].u_fa/result[26]_INST_0_i_32/O
                         net (fo=2, routed)           0.466    19.324    GEN_BRAM.u_core/alu/u_mul/u_mul/GEN_ARRAY.u_mul/u_csa_row0/GEN_CSA_FA[1].u_fa/stage_carry[21]_53[25]
    SLICE_X8Y9           LUT5 (Prop_lut5_I3_O)        0.053    19.377 r  GEN_BRAM.u_core/alu/u_mul/u_mul/GEN_ARRAY.u_mul/u_csa_row0/GEN_CSA_FA[1].u_fa/result[26]_INST_0_i_16/O
                         net (fo=2, routed)           0.479    19.855    GEN_BRAM.u_core/alu/u_mul/u_mul/GEN_ARRAY.u_mul/u_csa_row0/GEN_CSA_FA[1].u_fa/stage_carry[22]_20[26]
    SLICE_X8Y8           LUT3 (Prop_lut3_I0_O)        0.053    19.908 r  GEN_BRAM.u_core/alu/u_mul/u_mul/GEN_ARRAY.u_mul/u_csa_row0/GEN_CSA_FA[1].u_fa/result[28]_INST_0_i_42/O
                         net (fo=2, routed)           0.426    20.334    GEN_BRAM.u_core/alu/u_mul/u_mul/GEN_ARRAY.u_mul/u_csa_row0/GEN_CSA_FA[1].u_fa/stage_carry[23]_54[27]
    SLICE_X8Y7           LUT5 (Prop_lut5_I3_O)        0.053    20.387 r  GEN_BRAM.u_core/alu/u_mul/u_mul/GEN_ARRAY.u_mul/u_csa_row0/GEN_CSA_FA[1].u_fa/result[28]_INST_0_i_25/O
                         net (fo=2, routed)           0.407    20.794    GEN_BRAM.u_core/alu/u_mul/u_mul/GEN_ARRAY.u_mul/u_csa_row0/GEN_CSA_FA[1].u_fa/stage_carry[24]_22[28]
    SLICE_X11Y7          LUT3 (Prop_lut3_I0_O)        0.053    20.847 r  GEN_BRAM.u_core/alu/u_mul/u_mul/GEN_ARRAY.u_mul/u_csa_row0/GEN_CSA_FA[1].u_fa/result[28]_INST_0_i_8/O
                         net (fo=2, routed)           0.598    21.445    GEN_BRAM.u_core/alu/u_mul/u_mul/GEN_ARRAY.u_mul/u_csa_row0/GEN_CSA_FA[1].u_fa/stage_sum[25]_25[28]
    SLICE_X16Y10         LUT6 (Prop_lut6_I5_O)        0.053    21.498 r  GEN_BRAM.u_core/alu/u_mul/u_mul/GEN_ARRAY.u_mul/u_csa_row0/GEN_CSA_FA[1].u_fa/result[30]_INST_0_i_9/O
                         net (fo=2, routed)           0.424    21.922    GEN_BRAM.u_core/alu/u_mul/u_mul/GEN_ARRAY.u_mul/u_csa_row0/GEN_CSA_FA[1].u_fa/stage_carry[26]_24[29]
    SLICE_X16Y11         LUT6 (Prop_lut6_I4_O)        0.053    21.975 f  GEN_BRAM.u_core/alu/u_mul/u_mul/GEN_ARRAY.u_mul/u_csa_row0/GEN_CSA_FA[1].u_fa/result[30]_INST_0_i_4/O
                         net (fo=2, routed)           0.441    22.416    GEN_BRAM.u_core/alu/u_mul/u_mul/GEN_ARRAY.u_mul/u_csa_row0/GEN_CSA_FA[1].u_fa/stage_sum[27]_27[29]
    SLICE_X15Y11         LUT3 (Prop_lut3_I2_O)        0.056    22.472 f  GEN_BRAM.u_core/alu/u_mul/u_mul/GEN_ARRAY.u_mul/u_csa_row0/GEN_CSA_FA[1].u_fa/result[30]_INST_0_i_1/O
                         net (fo=5, routed)           0.738    23.210    GEN_BRAM.u_core/alu/u_mul/u_mul/GEN_ARRAY.u_mul/u_csa_row0/GEN_CSA_FA[1].u_fa/stage_carry[28]_26[30]
    SLICE_X15Y11         LUT5 (Prop_lut5_I1_O)        0.181    23.391 f  GEN_BRAM.u_core/alu/u_mul/u_mul/GEN_ARRAY.u_mul/u_csa_row0/GEN_CSA_FA[1].u_fa/result[1]_INST_0_i_6/O
                         net (fo=2, routed)           0.407    23.797    GEN_BRAM.u_core/alu/u_mul/u_mul/GEN_ARRAY.u_mul/u_csa_row0/GEN_CSA_FA[1].u_fa/u_final_cpa/GEN_FINAL_FA[32].u_fa/c2
    SLICE_X15Y12         LUT5 (Prop_lut5_I2_O)        0.180    23.977 f  GEN_BRAM.u_core/alu/u_mul/u_mul/GEN_ARRAY.u_mul/u_csa_row0/GEN_CSA_FA[1].u_fa/result[2]_INST_0_i_9/O
                         net (fo=2, routed)           0.448    24.426    GEN_BRAM.u_core/alu/u_mul/u_mul/GEN_ARRAY.u_mul/u_csa_row0/GEN_CSA_FA[1].u_fa/u_final_cpa/GEN_FINAL_FA[33].u_fa/c2
    SLICE_X15Y12         LUT5 (Prop_lut5_I2_O)        0.187    24.613 f  GEN_BRAM.u_core/alu/u_mul/u_mul/GEN_ARRAY.u_mul/u_csa_row0/GEN_CSA_FA[1].u_fa/result[4]_INST_0_i_14/O
                         net (fo=3, routed)           0.263    24.876    GEN_BRAM.u_core/alu/u_mul/u_mul/GEN_ARRAY.u_mul/u_csa_row0/GEN_CSA_FA[1].u_fa/u_final_cpa/c_35
    SLICE_X16Y12         LUT6 (Prop_lut6_I4_O)        0.169    25.045 f  GEN_BRAM.u_core/alu/u_mul/u_mul/GEN_ARRAY.u_mul/u_csa_row0/GEN_CSA_FA[1].u_fa/result[6]_INST_0_i_12/O
                         net (fo=3, routed)           0.326    25.371    GEN_BRAM.u_core/alu/u_mul/u_mul/GEN_ARRAY.u_mul/u_csa_row0/GEN_CSA_FA[1].u_fa/u_final_cpa/c_37
    SLICE_X16Y13         LUT6 (Prop_lut6_I4_O)        0.053    25.424 f  GEN_BRAM.u_core/alu/u_mul/u_mul/GEN_ARRAY.u_mul/u_csa_row0/GEN_CSA_FA[1].u_fa/result[8]_INST_0_i_13/O
                         net (fo=3, routed)           0.322    25.746    GEN_BRAM.u_core/alu/u_mul/u_mul/GEN_ARRAY.u_mul/u_csa_row0/GEN_CSA_FA[1].u_fa/u_final_cpa/c_39
    SLICE_X16Y14         LUT6 (Prop_lut6_I4_O)        0.053    25.799 f  GEN_BRAM.u_core/alu/u_mul/u_mul/GEN_ARRAY.u_mul/u_csa_row0/GEN_CSA_FA[1].u_fa/result[10]_INST_0_i_12/O
                         net (fo=3, routed)           0.153    25.953    GEN_BRAM.u_core/alu/u_mul/u_mul/GEN_ARRAY.u_mul/u_csa_row0/GEN_CSA_FA[1].u_fa/u_final_cpa/c_41
    SLICE_X16Y14         LUT6 (Prop_lut6_I4_O)        0.053    26.006 f  GEN_BRAM.u_core/alu/u_mul/u_mul/GEN_ARRAY.u_mul/u_csa_row0/GEN_CSA_FA[1].u_fa/result[12]_INST_0_i_13/O
                         net (fo=3, routed)           0.249    26.254    GEN_BRAM.u_core/alu/u_mul/u_mul/GEN_ARRAY.u_mul/u_csa_row0/GEN_CSA_FA[1].u_fa/u_final_cpa/c_43
    SLICE_X16Y15         LUT6 (Prop_lut6_I4_O)        0.053    26.307 f  GEN_BRAM.u_core/alu/u_mul/u_mul/GEN_ARRAY.u_mul/u_csa_row0/GEN_CSA_FA[1].u_fa/result[14]_INST_0_i_12/O
                         net (fo=3, routed)           0.298    26.606    GEN_BRAM.u_core/alu/u_mul/u_mul/GEN_ARRAY.u_mul/u_csa_row0/GEN_CSA_FA[1].u_fa/u_final_cpa/c_45
    SLICE_X17Y15         LUT6 (Prop_lut6_I4_O)        0.053    26.659 f  GEN_BRAM.u_core/alu/u_mul/u_mul/GEN_ARRAY.u_mul/u_csa_row0/GEN_CSA_FA[1].u_fa/result[16]_INST_0_i_13/O
                         net (fo=3, routed)           0.309    26.968    GEN_BRAM.u_core/alu/u_mul/u_mul/GEN_ARRAY.u_mul/u_csa_row0/GEN_CSA_FA[1].u_fa/u_final_cpa/c_47
    SLICE_X17Y16         LUT6 (Prop_lut6_I4_O)        0.053    27.021 f  GEN_BRAM.u_core/alu/u_mul/u_mul/GEN_ARRAY.u_mul/u_csa_row0/GEN_CSA_FA[1].u_fa/result[18]_INST_0_i_12/O
                         net (fo=3, routed)           0.138    27.159    GEN_BRAM.u_core/alu/u_mul/u_mul/GEN_ARRAY.u_mul/u_csa_row0/GEN_CSA_FA[1].u_fa/u_final_cpa/c_49
    SLICE_X17Y16         LUT6 (Prop_lut6_I4_O)        0.053    27.212 f  GEN_BRAM.u_core/alu/u_mul/u_mul/GEN_ARRAY.u_mul/u_csa_row0/GEN_CSA_FA[1].u_fa/result[20]_INST_0_i_13/O
                         net (fo=3, routed)           0.244    27.456    GEN_BRAM.u_core/alu/u_mul/u_mul/GEN_ARRAY.u_mul/u_csa_row0/GEN_CSA_FA[1].u_fa/u_final_cpa/c_51
    SLICE_X17Y17         LUT6 (Prop_lut6_I4_O)        0.053    27.509 f  GEN_BRAM.u_core/alu/u_mul/u_mul/GEN_ARRAY.u_mul/u_csa_row0/GEN_CSA_FA[1].u_fa/result[22]_INST_0_i_12/O
                         net (fo=3, routed)           0.138    27.647    GEN_BRAM.u_core/alu/u_mul/u_mul/GEN_ARRAY.u_mul/u_csa_row0/GEN_CSA_FA[1].u_fa/u_final_cpa/c_53
    SLICE_X17Y17         LUT6 (Prop_lut6_I4_O)        0.053    27.700 f  GEN_BRAM.u_core/alu/u_mul/u_mul/GEN_ARRAY.u_mul/u_csa_row0/GEN_CSA_FA[1].u_fa/result[24]_INST_0_i_13/O
                         net (fo=3, routed)           0.366    28.066    GEN_BRAM.u_core/alu/u_mul/u_mul/GEN_ARRAY.u_mul/u_csa_row0/GEN_CSA_FA[1].u_fa/u_final_cpa/c_55
    SLICE_X17Y18         LUT6 (Prop_lut6_I4_O)        0.053    28.119 f  GEN_BRAM.u_core/alu/u_mul/u_mul/GEN_ARRAY.u_mul/u_csa_row0/GEN_CSA_FA[1].u_fa/result[26]_INST_0_i_12/O
                         net (fo=3, routed)           0.317    28.436    GEN_BRAM.u_core/alu/u_mul/u_mul/GEN_ARRAY.u_mul/u_csa_row0/GEN_CSA_FA[1].u_fa/u_final_cpa/c_57
    SLICE_X17Y18         LUT6 (Prop_lut6_I4_O)        0.053    28.489 f  GEN_BRAM.u_core/alu/u_mul/u_mul/GEN_ARRAY.u_mul/u_csa_row0/GEN_CSA_FA[1].u_fa/result[28]_INST_0_i_13/O
                         net (fo=3, routed)           0.367    28.856    GEN_BRAM.u_core/alu/u_mul/u_mul/GEN_ARRAY.u_mul/u_csa_row0/GEN_CSA_FA[1].u_fa/u_final_cpa/c_59
    SLICE_X17Y19         LUT6 (Prop_lut6_I4_O)        0.053    28.909 f  GEN_BRAM.u_core/alu/u_mul/u_mul/GEN_ARRAY.u_mul/u_csa_row0/GEN_CSA_FA[1].u_fa/result[31]_INST_0_i_13/O
                         net (fo=3, routed)           0.343    29.252    GEN_BRAM.u_core/alu/u_mul/u_mul/GEN_ARRAY.u_mul/u_csa_row0/GEN_CSA_FA[1].u_fa/u_final_cpa/c_61
    SLICE_X17Y20         LUT6 (Prop_lut6_I4_O)        0.053    29.305 f  GEN_BRAM.u_core/alu/u_mul/u_mul/GEN_ARRAY.u_mul/u_csa_row0/GEN_CSA_FA[1].u_fa/result[31]_INST_0_i_4/O
                         net (fo=2, routed)           0.313    29.618    GEN_BRAM.u_core/alu/u_mul/u_mul/GEN_ARRAY.u_mul/u_csa_row0/GEN_CSA_FA[1].u_fa/u_final_cpa/GEN_FINAL_FA[62].u_fa/c2
    SLICE_X15Y19         LUT2 (Prop_lut2_I0_O)        0.053    29.671 r  GEN_BRAM.u_core/alu/u_mul/u_mul/GEN_ARRAY.u_mul/u_csa_row0/GEN_CSA_FA[1].u_fa/result[31]_INST_0_i_14/O
                         net (fo=1, routed)           0.000    29.671    GEN_BRAM.u_core/alu/u_mul/u_mul/GEN_ARRAY.u_mul/u_csa_row0/GEN_CSA_FA[1].u_fa/p_0_in[63]
    SLICE_X15Y19         CARRY4 (Prop_carry4_S[2]_O[2])
                                                      0.140    29.811 r  GEN_BRAM.u_core/alu/u_mul/u_mul/GEN_ARRAY.u_mul/u_csa_row0/GEN_CSA_FA[1].u_fa/result[31]_INST_0_i_6/O[2]
                         net (fo=1, routed)           0.334    30.145    GEN_BRAM.u_core/alu/u_mul/u_mul/GEN_ARRAY.u_mul/u_csa_row0/GEN_CSA_FA[1].u_fa/signed_product0[63]
    SLICE_X15Y20         LUT6 (Prop_lut6_I5_O)        0.152    30.297 r  GEN_BRAM.u_core/alu/u_mul/u_mul/GEN_ARRAY.u_mul/u_csa_row0/GEN_CSA_FA[1].u_fa/result[31]_INST_0/O
                         net (fo=1, routed)           0.131    30.429    GEN_BRAM.u_core/reg_file/result[27]
    SLICE_X15Y20         LUT6 (Prop_lut6_I2_O)        0.053    30.482 r  GEN_BRAM.u_core/reg_file/debug_alu_out_OBUF[31]_inst_i_7/O
                         net (fo=1, routed)           0.194    30.675    GEN_BRAM.u_core/reg_file/debug_alu_out_OBUF[31]_inst_i_7_n_0
    SLICE_X15Y20         LUT6 (Prop_lut6_I5_O)        0.053    30.728 r  GEN_BRAM.u_core/reg_file/debug_alu_out_OBUF[31]_inst_i_1/O
                         net (fo=3, routed)           0.340    31.068    GEN_BRAM.u_core/wb_mux/debug_alu_out_OBUF[31]
    SLICE_X14Y19         LUT6 (Prop_lut6_I0_O)        0.053    31.121 r  GEN_BRAM.u_core/wb_mux/registers_reg_r1_0_31_30_31__0_i_3/O
                         net (fo=1, routed)           0.456    31.577    GEN_BRAM.u_core/divider/wb_exec[31]
    SLICE_X14Y19         LUT6 (Prop_lut6_I5_O)        0.053    31.630 r  GEN_BRAM.u_core/divider/registers_reg_r1_0_31_30_31__0_i_1/O
                         net (fo=4, routed)           0.407    32.037    GEN_BRAM.u_core/reg_file/registers_reg_r1_0_31_30_31__0/D
    SLICE_X14Y20         RAMD32                                       r  GEN_BRAM.u_core/reg_file/registers_reg_r1_0_31_30_31__0/DP/I
  -------------------------------------------------------------------    -------------------

                         (clock sys_clk rise edge)   30.000    30.000 r  
    AD23                                              0.000    30.000 r  clk (IN)
                         net (fo=0)                   0.000    30.000    clk
    AD23                 IBUF (Prop_ibuf_I_O)         0.796    30.796 r  clk_IBUF_inst/O
                         net (fo=1, routed)           1.741    32.537    clk_IBUF
    BUFGCTRL_X0Y0        BUFG (Prop_bufg_I_O)         0.113    32.650 r  clk_IBUF_BUFG_inst/O
                         net (fo=350, routed)         1.533    34.183    GEN_BRAM.u_core/reg_file/registers_reg_r1_0_31_30_31__0/WCLK
    SLICE_X14Y20         RAMD32                                       r  GEN_BRAM.u_core/reg_file/registers_reg_r1_0_31_30_31__0/DP/CLK
                         clock pessimism              0.263    34.447    
                         clock uncertainty           -0.035    34.411    
    SLICE_X14Y20         RAMD32 (Setup_ramd32_CLK_I)
                                                     -0.178    34.233    GEN_BRAM.u_core/reg_file/registers_reg_r1_0_31_30_31__0/DP
  -------------------------------------------------------------------
                         required time                         34.233    
                         arrival time                         -32.037    
  -------------------------------------------------------------------
                         slack                                  2.196    

Slack (MET) :             2.208ns  (required time - arrival time)
  Source:                 GEN_BRAM.u_core/ir_reg[17]/C
                            (rising edge-triggered cell FDCE clocked by sys_clk  {rise@0.000ns fall@15.000ns period=30.000ns})
  Destination:            GEN_BRAM.u_core/reg_file/registers_reg_r2_0_31_30_31__0/DP/I
                            (rising edge-triggered cell RAMD32 clocked by sys_clk  {rise@0.000ns fall@15.000ns period=30.000ns})
  Path Group:             sys_clk
  Path Type:              Setup (Max at Slow Process Corner)
  Requirement:            30.000ns  (sys_clk rise@30.000ns - sys_clk rise@0.000ns)
  Data Path Delay:        27.567ns  (logic 4.105ns (14.891%)  route 23.462ns (85.109%))
  Logic Levels:           57  (CARRY4=1 LUT2=1 LUT3=14 LUT4=2 LUT5=15 LUT6=23 RAMD32=1)
  Clock Path Skew:        -0.023ns (DCD - SCD + CPR)
    Destination Clock Delay (DCD):    4.183ns = ( 34.183 - 30.000 ) 
    Source Clock Delay      (SCD):    4.470ns
    Clock Pessimism Removal (CPR):    0.263ns
  Clock Uncertainty:      0.035ns  ((TSJ^2 + TIJ^2)^1/2 + DJ) / 2 + PE
    Total System Jitter     (TSJ):    0.071ns
    Total Input Jitter      (TIJ):    0.000ns
    Discrete Jitter          (DJ):    0.000ns
    Phase Error              (PE):    0.000ns

    Location             Delay type                Incr(ns)  Path(ns)    Netlist Resource(s)
  -------------------------------------------------------------------    -------------------
                         (clock sys_clk rise edge)    0.000     0.000 r  
    AD23                                              0.000     0.000 r  clk (IN)
                         net (fo=0)                   0.000     0.000    clk
    AD23                 IBUF (Prop_ibuf_I_O)         0.873     0.873 r  clk_IBUF_inst/O
                         net (fo=1, routed)           1.830     2.703    clk_IBUF
    BUFGCTRL_X0Y0        BUFG (Prop_bufg_I_O)         0.120     2.823 r  clk_IBUF_BUFG_inst/O
                         net (fo=350, routed)         1.647     4.470    GEN_BRAM.u_core/clk_IBUF_BUFG
    SLICE_X13Y17         FDCE                                         r  GEN_BRAM.u_core/ir_reg[17]/C
  -------------------------------------------------------------------    -------------------
    SLICE_X13Y17         FDCE (Prop_fdce_C_Q)         0.269     4.739 r  GEN_BRAM.u_core/ir_reg[17]/Q
                         net (fo=97, routed)          0.894     5.633    GEN_BRAM.u_core/reg_file/registers_reg_r1_0_31_30_31__0/DPRA2
    SLICE_X14Y20         RAMD32 (Prop_ramd32_RADR2_O)
                                                      0.063     5.696 r  GEN_BRAM.u_core/reg_file/registers_reg_r1_0_31_30_31__0/DP/O
                         net (fo=11, routed)          0.758     6.454    GEN_BRAM.u_core/alu_mux_a/dataR10[31]
    SLICE_X11Y23         LUT4 (Prop_lut4_I1_O)        0.164     6.618 f  GEN_BRAM.u_core/alu_mux_a/u_adder_i_1/O
                         net (fo=96, routed)          0.579     7.196    GEN_BRAM.u_core/alu/u_mul/u_mul/GEN_ARRAY.u_mul/u_csa_row0/GEN_CSA_FA[1].u_fa/result[31]_INST_0_i_35_n_0
    SLICE_X10Y16         LUT4 (Prop_lut4_I0_O)        0.053     7.249 r  GEN_BRAM.u_core/alu/u_mul/u_mul/GEN_ARRAY.u_mul/u_csa_row0/GEN_CSA_FA[1].u_fa/result[2]_INST_0_i_3/O
                         net (fo=149, routed)         1.003     8.253    GEN_BRAM.u_core/alu/u_mul/u_mul/GEN_ARRAY.u_mul/u_csa_row0/GEN_CSA_FA[1].u_fa/result[2]_INST_0_i_3_n_0
    SLICE_X12Y14         LUT6 (Prop_lut6_I1_O)        0.053     8.306 r  GEN_BRAM.u_core/alu/u_mul/u_mul/GEN_ARRAY.u_mul/u_csa_row0/GEN_CSA_FA[1].u_fa/result[6]_INST_0_i_52/O
                         net (fo=2, routed)           0.330     8.636    GEN_BRAM.u_core/alu/u_mul/u_mul/GEN_ARRAY.u_mul/u_csa_row0/GEN_CSA_FA[1].u_fa/pp[2]_91[6]
    SLICE_X12Y14         LUT6 (Prop_lut6_I5_O)        0.053     8.689 r  GEN_BRAM.u_core/alu/u_mul/u_mul/GEN_ARRAY.u_mul/u_csa_row0/GEN_CSA_FA[1].u_fa/result[6]_INST_0_i_35/O
                         net (fo=3, routed)           0.479     9.168    GEN_BRAM.u_core/alu/u_mul/u_mul/GEN_ARRAY.u_mul/u_csa_row0/GEN_CSA_FA[1].u_fa/stage_sum[0]_28[6]
    SLICE_X12Y14         LUT3 (Prop_lut3_I1_O)        0.053     9.221 r  GEN_BRAM.u_core/alu/u_mul/u_mul/GEN_ARRAY.u_mul/u_csa_row0/GEN_CSA_FA[1].u_fa/result[8]_INST_0_i_67/O
                         net (fo=2, routed)           0.492     9.713    GEN_BRAM.u_core/alu/u_mul/u_mul/GEN_ARRAY.u_mul/u_csa_row0/GEN_CSA_FA[1].u_fa/stage_carry[1]_43[7]
    SLICE_X11Y14         LUT5 (Prop_lut5_I3_O)        0.053     9.766 r  GEN_BRAM.u_core/alu/u_mul/u_mul/GEN_ARRAY.u_mul/u_csa_row0/GEN_CSA_FA[1].u_fa/result[8]_INST_0_i_44/O
                         net (fo=3, routed)           0.306    10.072    GEN_BRAM.u_core/alu/u_mul/u_mul/GEN_ARRAY.u_mul/u_csa_row0/GEN_CSA_FA[1].u_fa/stage_carry[2]_0[8]
    SLICE_X10Y14         LUT3 (Prop_lut3_I0_O)        0.053    10.125 r  GEN_BRAM.u_core/alu/u_mul/u_mul/GEN_ARRAY.u_mul/u_csa_row0/GEN_CSA_FA[1].u_fa/result[10]_INST_0_i_52/O
                         net (fo=2, routed)           0.436    10.561    GEN_BRAM.u_core/alu/u_mul/u_mul/GEN_ARRAY.u_mul/u_csa_row0/GEN_CSA_FA[1].u_fa/stage_carry[3]_44[9]
    SLICE_X9Y14          LUT5 (Prop_lut5_I3_O)        0.053    10.614 r  GEN_BRAM.u_core/alu/u_mul/u_mul/GEN_ARRAY.u_mul/u_csa_row0/GEN_CSA_FA[1].u_fa/result[10]_INST_0_i_34/O
                         net (fo=3, routed)           0.435    11.048    GEN_BRAM.u_core/alu/u_mul/u_mul/GEN_ARRAY.u_mul/u_csa_row0/GEN_CSA_FA[1].u_fa/stage_carry[4]_2[10]
    SLICE_X7Y14          LUT3 (Prop_lut3_I0_O)        0.053    11.101 r  GEN_BRAM.u_core/alu/u_mul/u_mul/GEN_ARRAY.u_mul/u_csa_row0/GEN_CSA_FA[1].u_fa/result[12]_INST_0_i_69/O
                         net (fo=2, routed)           0.204    11.305    GEN_BRAM.u_core/alu/u_mul/u_mul/GEN_ARRAY.u_mul/u_csa_row0/GEN_CSA_FA[1].u_fa/stage_carry[5]_45[11]
    SLICE_X7Y14          LUT5 (Prop_lut5_I3_O)        0.053    11.358 r  GEN_BRAM.u_core/alu/u_mul/u_mul/GEN_ARRAY.u_mul/u_csa_row0/GEN_CSA_FA[1].u_fa/result[12]_INST_0_i_45/O
                         net (fo=3, routed)           0.687    12.045    GEN_BRAM.u_core/alu/u_mul/u_mul/GEN_ARRAY.u_mul/u_csa_row0/GEN_CSA_FA[1].u_fa/stage_carry[6]_4[12]
    SLICE_X8Y12          LUT3 (Prop_lut3_I0_O)        0.053    12.098 r  GEN_BRAM.u_core/alu/u_mul/u_mul/GEN_ARRAY.u_mul/u_csa_row0/GEN_CSA_FA[1].u_fa/result[14]_INST_0_i_52/O
                         net (fo=2, routed)           0.617    12.714    GEN_BRAM.u_core/alu/u_mul/u_mul/GEN_ARRAY.u_mul/u_csa_row0/GEN_CSA_FA[1].u_fa/stage_carry[7]_46[13]
    SLICE_X7Y11          LUT5 (Prop_lut5_I3_O)        0.053    12.767 r  GEN_BRAM.u_core/alu/u_mul/u_mul/GEN_ARRAY.u_mul/u_csa_row0/GEN_CSA_FA[1].u_fa/result[14]_INST_0_i_34/O
                         net (fo=3, routed)           0.325    13.093    GEN_BRAM.u_core/alu/u_mul/u_mul/GEN_ARRAY.u_mul/u_csa_row0/GEN_CSA_FA[1].u_fa/stage_carry[8]_6[14]
    SLICE_X7Y11          LUT3 (Prop_lut3_I0_O)        0.053    13.146 r  GEN_BRAM.u_core/alu/u_mul/u_mul/GEN_ARRAY.u_mul/u_csa_row0/GEN_CSA_FA[1].u_fa/result[16]_INST_0_i_67/O
                         net (fo=2, routed)           0.368    13.514    GEN_BRAM.u_core/alu/u_mul/u_mul/GEN_ARRAY.u_mul/u_csa_row0/GEN_CSA_FA[1].u_fa/stage_carry[9]_47[15]
    SLICE_X6Y11          LUT5 (Prop_lut5_I3_O)        0.053    13.567 r  GEN_BRAM.u_core/alu/u_mul/u_mul/GEN_ARRAY.u_mul/u_csa_row0/GEN_CSA_FA[1].u_fa/result[16]_INST_0_i_44/O
                         net (fo=3, routed)           0.347    13.914    GEN_BRAM.u_core/alu/u_mul/u_mul/GEN_ARRAY.u_mul/u_csa_row0/GEN_CSA_FA[1].u_fa/stage_carry[10]_8[16]
    SLICE_X3Y11          LUT3 (Prop_lut3_I0_O)        0.053    13.967 r  GEN_BRAM.u_core/alu/u_mul/u_mul/GEN_ARRAY.u_mul/u_csa_row0/GEN_CSA_FA[1].u_fa/result[18]_INST_0_i_52/O
                         net (fo=2, routed)           0.423    14.390    GEN_BRAM.u_core/alu/u_mul/u_mul/GEN_ARRAY.u_mul/u_csa_row0/GEN_CSA_FA[1].u_fa/stage_carry[11]_48[17]
    SLICE_X3Y13          LUT5 (Prop_lut5_I3_O)        0.053    14.443 r  GEN_BRAM.u_core/alu/u_mul/u_mul/GEN_ARRAY.u_mul/u_csa_row0/GEN_CSA_FA[1].u_fa/result[18]_INST_0_i_34/O
                         net (fo=3, routed)           0.533    14.976    GEN_BRAM.u_core/alu/u_mul/u_mul/GEN_ARRAY.u_mul/u_csa_row0/GEN_CSA_FA[1].u_fa/stage_carry[12]_10[18]
    SLICE_X7Y10          LUT3 (Prop_lut3_I0_O)        0.053    15.029 r  GEN_BRAM.u_core/alu/u_mul/u_mul/GEN_ARRAY.u_mul/u_csa_row0/GEN_CSA_FA[1].u_fa/result[20]_INST_0_i_67/O
                         net (fo=2, routed)           0.502    15.530    GEN_BRAM.u_core/alu/u_mul/u_mul/GEN_ARRAY.u_mul/u_csa_row0/GEN_CSA_FA[1].u_fa/stage_carry[13]_49[19]
    SLICE_X9Y10          LUT5 (Prop_lut5_I3_O)        0.053    15.583 r  GEN_BRAM.u_core/alu/u_mul/u_mul/GEN_ARRAY.u_mul/u_csa_row0/GEN_CSA_FA[1].u_fa/result[20]_INST_0_i_44/O
                         net (fo=3, routed)           0.384    15.967    GEN_BRAM.u_core/alu/u_mul/u_mul/GEN_ARRAY.u_mul/u_csa_row0/GEN_CSA_FA[1].u_fa/stage_carry[14]_12[20]
    SLICE_X8Y10          LUT3 (Prop_lut3_I0_O)        0.053    16.020 r  GEN_BRAM.u_core/alu/u_mul/u_mul/GEN_ARRAY.u_mul/u_csa_row0/GEN_CSA_FA[1].u_fa/result[22]_INST_0_i_52/O
                         net (fo=2, routed)           0.376    16.396    GEN_BRAM.u_core/alu/u_mul/u_mul/GEN_ARRAY.u_mul/u_csa_row0/GEN_CSA_FA[1].u_fa/stage_carry[15]_50[21]
    SLICE_X7Y10          LUT5 (Prop_lut5_I3_O)        0.053    16.449 r  GEN_BRAM.u_core/alu/u_mul/u_mul/GEN_ARRAY.u_mul/u_csa_row0/GEN_CSA_FA[1].u_fa/result[22]_INST_0_i_34/O
                         net (fo=3, routed)           0.481    16.929    GEN_BRAM.u_core/alu/u_mul/u_mul/GEN_ARRAY.u_mul/u_csa_row0/GEN_CSA_FA[1].u_fa/stage_carry[16]_14[22]
    SLICE_X6Y9           LUT3 (Prop_lut3_I0_O)        0.053    16.982 r  GEN_BRAM.u_core/alu/u_mul/u_mul/GEN_ARRAY.u_mul/u_csa_row0/GEN_CSA_FA[1].u_fa/result[24]_INST_0_i_67/O
                         net (fo=2, routed)           0.340    17.323    GEN_BRAM.u_core/alu/u_mul/u_mul/GEN_ARRAY.u_mul/u_csa_row0/GEN_CSA_FA[1].u_fa/stage_carry[17]_51[23]
    SLICE_X3Y9           LUT5 (Prop_lut5_I3_O)        0.053    17.376 r  GEN_BRAM.u_core/alu/u_mul/u_mul/GEN_ARRAY.u_mul/u_csa_row0/GEN_CSA_FA[1].u_fa/result[24]_INST_0_i_40/O
                         net (fo=3, routed)           0.433    17.809    GEN_BRAM.u_core/alu/u_mul/u_mul/GEN_ARRAY.u_mul/u_csa_row0/GEN_CSA_FA[1].u_fa/stage_sum[18]_34[23]
    SLICE_X5Y8           LUT3 (Prop_lut3_I1_O)        0.053    17.862 r  GEN_BRAM.u_core/alu/u_mul/u_mul/GEN_ARRAY.u_mul/u_csa_row0/GEN_CSA_FA[1].u_fa/result[24]_INST_0_i_47/O
                         net (fo=2, routed)           0.308    18.169    GEN_BRAM.u_core/alu/u_mul/u_mul/GEN_ARRAY.u_mul/u_csa_row0/GEN_CSA_FA[1].u_fa/stage_carry[19]_52[24]
    SLICE_X5Y8           LUT5 (Prop_lut5_I3_O)        0.053    18.222 r  GEN_BRAM.u_core/alu/u_mul/u_mul/GEN_ARRAY.u_mul/u_csa_row0/GEN_CSA_FA[1].u_fa/result[24]_INST_0_i_26/O
                         net (fo=2, routed)           0.582    18.805    GEN_BRAM.u_core/alu/u_mul/u_mul/GEN_ARRAY.u_mul/u_csa_row0/GEN_CSA_FA[1].u_fa/stage_sum[20]_33[24]
    SLICE_X8Y9           LUT3 (Prop_lut3_I1_O)        0.053    18.858 r  GEN_BRAM.u_core/alu/u_mul/u_mul/GEN_ARRAY.u_mul/u_csa_row0/GEN_CSA_FA[1].u_fa/result[26]_INST_0_i_32/O
                         net (fo=2, routed)           0.466    19.324    GEN_BRAM.u_core/alu/u_mul/u_mul/GEN_ARRAY.u_mul/u_csa_row0/GEN_CSA_FA[1].u_fa/stage_carry[21]_53[25]
    SLICE_X8Y9           LUT5 (Prop_lut5_I3_O)        0.053    19.377 r  GEN_BRAM.u_core/alu/u_mul/u_mul/GEN_ARRAY.u_mul/u_csa_row0/GEN_CSA_FA[1].u_fa/result[26]_INST_0_i_16/O
                         net (fo=2, routed)           0.479    19.855    GEN_BRAM.u_core/alu/u_mul/u_mul/GEN_ARRAY.u_mul/u_csa_row0/GEN_CSA_FA[1].u_fa/stage_carry[22]_20[26]
    SLICE_X8Y8           LUT3 (Prop_lut3_I0_O)        0.053    19.908 r  GEN_BRAM.u_core/alu/u_mul/u_mul/GEN_ARRAY.u_mul/u_csa_row0/GEN_CSA_FA[1].u_fa/result[28]_INST_0_i_42/O
                         net (fo=2, routed)           0.426    20.334    GEN_BRAM.u_core/alu/u_mul/u_mul/GEN_ARRAY.u_mul/u_csa_row0/GEN_CSA_FA[1].u_fa/stage_carry[23]_54[27]
    SLICE_X8Y7           LUT5 (Prop_lut5_I3_O)        0.053    20.387 r  GEN_BRAM.u_core/alu/u_mul/u_mul/GEN_ARRAY.u_mul/u_csa_row0/GEN_CSA_FA[1].u_fa/result[28]_INST_0_i_25/O
                         net (fo=2, routed)           0.407    20.794    GEN_BRAM.u_core/alu/u_mul/u_mul/GEN_ARRAY.u_mul/u_csa_row0/GEN_CSA_FA[1].u_fa/stage_carry[24]_22[28]
    SLICE_X11Y7          LUT3 (Prop_lut3_I0_O)        0.053    20.847 r  GEN_BRAM.u_core/alu/u_mul/u_mul/GEN_ARRAY.u_mul/u_csa_row0/GEN_CSA_FA[1].u_fa/result[28]_INST_0_i_8/O
                         net (fo=2, routed)           0.598    21.445    GEN_BRAM.u_core/alu/u_mul/u_mul/GEN_ARRAY.u_mul/u_csa_row0/GEN_CSA_FA[1].u_fa/stage_sum[25]_25[28]
    SLICE_X16Y10         LUT6 (Prop_lut6_I5_O)        0.053    21.498 r  GEN_BRAM.u_core/alu/u_mul/u_mul/GEN_ARRAY.u_mul/u_csa_row0/GEN_CSA_FA[1].u_fa/result[30]_INST_0_i_9/O
                         net (fo=2, routed)           0.424    21.922    GEN_BRAM.u_core/alu/u_mul/u_mul/GEN_ARRAY.u_mul/u_csa_row0/GEN_CSA_FA[1].u_fa/stage_carry[26]_24[29]
    SLICE_X16Y11         LUT6 (Prop_lut6_I4_O)        0.053    21.975 f  GEN_BRAM.u_core/alu/u_mul/u_mul/GEN_ARRAY.u_mul/u_csa_row0/GEN_CSA_FA[1].u_fa/result[30]_INST_0_i_4/O
                         net (fo=2, routed)           0.441    22.416    GEN_BRAM.u_core/alu/u_mul/u_mul/GEN_ARRAY.u_mul/u_csa_row0/GEN_CSA_FA[1].u_fa/stage_sum[27]_27[29]
    SLICE_X15Y11         LUT3 (Prop_lut3_I2_O)        0.056    22.472 f  GEN_BRAM.u_core/alu/u_mul/u_mul/GEN_ARRAY.u_mul/u_csa_row0/GEN_CSA_FA[1].u_fa/result[30]_INST_0_i_1/O
                         net (fo=5, routed)           0.738    23.210    GEN_BRAM.u_core/alu/u_mul/u_mul/GEN_ARRAY.u_mul/u_csa_row0/GEN_CSA_FA[1].u_fa/stage_carry[28]_26[30]
    SLICE_X15Y11         LUT5 (Prop_lut5_I1_O)        0.181    23.391 f  GEN_BRAM.u_core/alu/u_mul/u_mul/GEN_ARRAY.u_mul/u_csa_row0/GEN_CSA_FA[1].u_fa/result[1]_INST_0_i_6/O
                         net (fo=2, routed)           0.407    23.797    GEN_BRAM.u_core/alu/u_mul/u_mul/GEN_ARRAY.u_mul/u_csa_row0/GEN_CSA_FA[1].u_fa/u_final_cpa/GEN_FINAL_FA[32].u_fa/c2
    SLICE_X15Y12         LUT5 (Prop_lut5_I2_O)        0.180    23.977 f  GEN_BRAM.u_core/alu/u_mul/u_mul/GEN_ARRAY.u_mul/u_csa_row0/GEN_CSA_FA[1].u_fa/result[2]_INST_0_i_9/O
                         net (fo=2, routed)           0.448    24.426    GEN_BRAM.u_core/alu/u_mul/u_mul/GEN_ARRAY.u_mul/u_csa_row0/GEN_CSA_FA[1].u_fa/u_final_cpa/GEN_FINAL_FA[33].u_fa/c2
    SLICE_X15Y12         LUT5 (Prop_lut5_I2_O)        0.187    24.613 f  GEN_BRAM.u_core/alu/u_mul/u_mul/GEN_ARRAY.u_mul/u_csa_row0/GEN_CSA_FA[1].u_fa/result[4]_INST_0_i_14/O
                         net (fo=3, routed)           0.263    24.876    GEN_BRAM.u_core/alu/u_mul/u_mul/GEN_ARRAY.u_mul/u_csa_row0/GEN_CSA_FA[1].u_fa/u_final_cpa/c_35
    SLICE_X16Y12         LUT6 (Prop_lut6_I4_O)        0.169    25.045 f  GEN_BRAM.u_core/alu/u_mul/u_mul/GEN_ARRAY.u_mul/u_csa_row0/GEN_CSA_FA[1].u_fa/result[6]_INST_0_i_12/O
                         net (fo=3, routed)           0.326    25.371    GEN_BRAM.u_core/alu/u_mul/u_mul/GEN_ARRAY.u_mul/u_csa_row0/GEN_CSA_FA[1].u_fa/u_final_cpa/c_37
    SLICE_X16Y13         LUT6 (Prop_lut6_I4_O)        0.053    25.424 f  GEN_BRAM.u_core/alu/u_mul/u_mul/GEN_ARRAY.u_mul/u_csa_row0/GEN_CSA_FA[1].u_fa/result[8]_INST_0_i_13/O
                         net (fo=3, routed)           0.322    25.746    GEN_BRAM.u_core/alu/u_mul/u_mul/GEN_ARRAY.u_mul/u_csa_row0/GEN_CSA_FA[1].u_fa/u_final_cpa/c_39
    SLICE_X16Y14         LUT6 (Prop_lut6_I4_O)        0.053    25.799 f  GEN_BRAM.u_core/alu/u_mul/u_mul/GEN_ARRAY.u_mul/u_csa_row0/GEN_CSA_FA[1].u_fa/result[10]_INST_0_i_12/O
                         net (fo=3, routed)           0.153    25.953    GEN_BRAM.u_core/alu/u_mul/u_mul/GEN_ARRAY.u_mul/u_csa_row0/GEN_CSA_FA[1].u_fa/u_final_cpa/c_41
    SLICE_X16Y14         LUT6 (Prop_lut6_I4_O)        0.053    26.006 f  GEN_BRAM.u_core/alu/u_mul/u_mul/GEN_ARRAY.u_mul/u_csa_row0/GEN_CSA_FA[1].u_fa/result[12]_INST_0_i_13/O
                         net (fo=3, routed)           0.249    26.254    GEN_BRAM.u_core/alu/u_mul/u_mul/GEN_ARRAY.u_mul/u_csa_row0/GEN_CSA_FA[1].u_fa/u_final_cpa/c_43
    SLICE_X16Y15         LUT6 (Prop_lut6_I4_O)        0.053    26.307 f  GEN_BRAM.u_core/alu/u_mul/u_mul/GEN_ARRAY.u_mul/u_csa_row0/GEN_CSA_FA[1].u_fa/result[14]_INST_0_i_12/O
                         net (fo=3, routed)           0.298    26.606    GEN_BRAM.u_core/alu/u_mul/u_mul/GEN_ARRAY.u_mul/u_csa_row0/GEN_CSA_FA[1].u_fa/u_final_cpa/c_45
    SLICE_X17Y15         LUT6 (Prop_lut6_I4_O)        0.053    26.659 f  GEN_BRAM.u_core/alu/u_mul/u_mul/GEN_ARRAY.u_mul/u_csa_row0/GEN_CSA_FA[1].u_fa/result[16]_INST_0_i_13/O
                         net (fo=3, routed)           0.309    26.968    GEN_BRAM.u_core/alu/u_mul/u_mul/GEN_ARRAY.u_mul/u_csa_row0/GEN_CSA_FA[1].u_fa/u_final_cpa/c_47
    SLICE_X17Y16         LUT6 (Prop_lut6_I4_O)        0.053    27.021 f  GEN_BRAM.u_core/alu/u_mul/u_mul/GEN_ARRAY.u_mul/u_csa_row0/GEN_CSA_FA[1].u_fa/result[18]_INST_0_i_12/O
                         net (fo=3, routed)           0.138    27.159    GEN_BRAM.u_core/alu/u_mul/u_mul/GEN_ARRAY.u_mul/u_csa_row0/GEN_CSA_FA[1].u_fa/u_final_cpa/c_49
    SLICE_X17Y16         LUT6 (Prop_lut6_I4_O)        0.053    27.212 f  GEN_BRAM.u_core/alu/u_mul/u_mul/GEN_ARRAY.u_mul/u_csa_row0/GEN_CSA_FA[1].u_fa/result[20]_INST_0_i_13/O
                         net (fo=3, routed)           0.244    27.456    GEN_BRAM.u_core/alu/u_mul/u_mul/GEN_ARRAY.u_mul/u_csa_row0/GEN_CSA_FA[1].u_fa/u_final_cpa/c_51
    SLICE_X17Y17         LUT6 (Prop_lut6_I4_O)        0.053    27.509 f  GEN_BRAM.u_core/alu/u_mul/u_mul/GEN_ARRAY.u_mul/u_csa_row0/GEN_CSA_FA[1].u_fa/result[22]_INST_0_i_12/O
                         net (fo=3, routed)           0.138    27.647    GEN_BRAM.u_core/alu/u_mul/u_mul/GEN_ARRAY.u_mul/u_csa_row0/GEN_CSA_FA[1].u_fa/u_final_cpa/c_53
    SLICE_X17Y17         LUT6 (Prop_lut6_I4_O)        0.053    27.700 f  GEN_BRAM.u_core/alu/u_mul/u_mul/GEN_ARRAY.u_mul/u_csa_row0/GEN_CSA_FA[1].u_fa/result[24]_INST_0_i_13/O
                         net (fo=3, routed)           0.366    28.066    GEN_BRAM.u_core/alu/u_mul/u_mul/GEN_ARRAY.u_mul/u_csa_row0/GEN_CSA_FA[1].u_fa/u_final_cpa/c_55
    SLICE_X17Y18         LUT6 (Prop_lut6_I4_O)        0.053    28.119 f  GEN_BRAM.u_core/alu/u_mul/u_mul/GEN_ARRAY.u_mul/u_csa_row0/GEN_CSA_FA[1].u_fa/result[26]_INST_0_i_12/O
                         net (fo=3, routed)           0.317    28.436    GEN_BRAM.u_core/alu/u_mul/u_mul/GEN_ARRAY.u_mul/u_csa_row0/GEN_CSA_FA[1].u_fa/u_final_cpa/c_57
    SLICE_X17Y18         LUT6 (Prop_lut6_I4_O)        0.053    28.489 f  GEN_BRAM.u_core/alu/u_mul/u_mul/GEN_ARRAY.u_mul/u_csa_row0/GEN_CSA_FA[1].u_fa/result[28]_INST_0_i_13/O
                         net (fo=3, routed)           0.367    28.856    GEN_BRAM.u_core/alu/u_mul/u_mul/GEN_ARRAY.u_mul/u_csa_row0/GEN_CSA_FA[1].u_fa/u_final_cpa/c_59
    SLICE_X17Y19         LUT6 (Prop_lut6_I4_O)        0.053    28.909 f  GEN_BRAM.u_core/alu/u_mul/u_mul/GEN_ARRAY.u_mul/u_csa_row0/GEN_CSA_FA[1].u_fa/result[31]_INST_0_i_13/O
                         net (fo=3, routed)           0.343    29.252    GEN_BRAM.u_core/alu/u_mul/u_mul/GEN_ARRAY.u_mul/u_csa_row0/GEN_CSA_FA[1].u_fa/u_final_cpa/c_61
    SLICE_X17Y20         LUT6 (Prop_lut6_I4_O)        0.053    29.305 f  GEN_BRAM.u_core/alu/u_mul/u_mul/GEN_ARRAY.u_mul/u_csa_row0/GEN_CSA_FA[1].u_fa/result[31]_INST_0_i_4/O
                         net (fo=2, routed)           0.313    29.618    GEN_BRAM.u_core/alu/u_mul/u_mul/GEN_ARRAY.u_mul/u_csa_row0/GEN_CSA_FA[1].u_fa/u_final_cpa/GEN_FINAL_FA[62].u_fa/c2
    SLICE_X15Y19         LUT2 (Prop_lut2_I0_O)        0.053    29.671 r  GEN_BRAM.u_core/alu/u_mul/u_mul/GEN_ARRAY.u_mul/u_csa_row0/GEN_CSA_FA[1].u_fa/result[31]_INST_0_i_14/O
                         net (fo=1, routed)           0.000    29.671    GEN_BRAM.u_core/alu/u_mul/u_mul/GEN_ARRAY.u_mul/u_csa_row0/GEN_CSA_FA[1].u_fa/p_0_in[63]
    SLICE_X15Y19         CARRY4 (Prop_carry4_S[2]_O[2])
                                                      0.140    29.811 r  GEN_BRAM.u_core/alu/u_mul/u_mul/GEN_ARRAY.u_mul/u_csa_row0/GEN_CSA_FA[1].u_fa/result[31]_INST_0_i_6/O[2]
                         net (fo=1, routed)           0.334    30.145    GEN_BRAM.u_core/alu/u_mul/u_mul/GEN_ARRAY.u_mul/u_csa_row0/GEN_CSA_FA[1].u_fa/signed_product0[63]
    SLICE_X15Y20         LUT6 (Prop_lut6_I5_O)        0.152    30.297 r  GEN_BRAM.u_core/alu/u_mul/u_mul/GEN_ARRAY.u_mul/u_csa_row0/GEN_CSA_FA[1].u_fa/result[31]_INST_0/O
                         net (fo=1, routed)           0.131    30.429    GEN_BRAM.u_core/reg_file/result[27]
    SLICE_X15Y20         LUT6 (Prop_lut6_I2_O)        0.053    30.482 r  GEN_BRAM.u_core/reg_file/debug_alu_out_OBUF[31]_inst_i_7/O
                         net (fo=1, routed)           0.194    30.675    GEN_BRAM.u_core/reg_file/debug_alu_out_OBUF[31]_inst_i_7_n_0
    SLICE_X15Y20         LUT6 (Prop_lut6_I5_O)        0.053    30.728 r  GEN_BRAM.u_core/reg_file/debug_alu_out_OBUF[31]_inst_i_1/O
                         net (fo=3, routed)           0.340    31.068    GEN_BRAM.u_core/wb_mux/debug_alu_out_OBUF[31]
    SLICE_X14Y19         LUT6 (Prop_lut6_I0_O)        0.053    31.121 r  GEN_BRAM.u_core/wb_mux/registers_reg_r1_0_31_30_31__0_i_3/O
                         net (fo=1, routed)           0.456    31.577    GEN_BRAM.u_core/divider/wb_exec[31]
    SLICE_X14Y19         LUT6 (Prop_lut6_I5_O)        0.053    31.630 r  GEN_BRAM.u_core/divider/registers_reg_r1_0_31_30_31__0_i_1/O
                         net (fo=4, routed)           0.407    32.037    GEN_BRAM.u_core/reg_file/registers_reg_r2_0_31_30_31__0/D
    SLICE_X14Y20         RAMD32                                       r  GEN_BRAM.u_core/reg_file/registers_reg_r2_0_31_30_31__0/DP/I
  -------------------------------------------------------------------    -------------------

                         (clock sys_clk rise edge)   30.000    30.000 r  
    AD23                                              0.000    30.000 r  clk (IN)
                         net (fo=0)                   0.000    30.000    clk
    AD23                 IBUF (Prop_ibuf_I_O)         0.796    30.796 r  clk_IBUF_inst/O
                         net (fo=1, routed)           1.741    32.537    clk_IBUF
    BUFGCTRL_X0Y0        BUFG (Prop_bufg_I_O)         0.113    32.650 r  clk_IBUF_BUFG_inst/O
                         net (fo=350, routed)         1.533    34.183    GEN_BRAM.u_core/reg_file/registers_reg_r2_0_31_30_31__0/WCLK
    SLICE_X14Y20         RAMD32                                       r  GEN_BRAM.u_core/reg_file/registers_reg_r2_0_31_30_31__0/DP/CLK
                         clock pessimism              0.263    34.447    
                         clock uncertainty           -0.035    34.411    
    SLICE_X14Y20         RAMD32 (Setup_ramd32_CLK_I)
                                                     -0.166    34.245    GEN_BRAM.u_core/reg_file/registers_reg_r2_0_31_30_31__0/DP
  -------------------------------------------------------------------
                         required time                         34.245    
                         arrival time                         -32.037    
  -------------------------------------------------------------------
                         slack                                  2.208    

Slack (MET) :             2.323ns  (required time - arrival time)
  Source:                 GEN_BRAM.u_core/ir_reg[17]/C
                            (rising edge-triggered cell FDCE clocked by sys_clk  {rise@0.000ns fall@15.000ns period=30.000ns})
  Destination:            GEN_BRAM.u_core/reg_file/registers_reg_r1_0_31_30_31__0/SP/I
                            (rising edge-triggered cell RAMD32 clocked by sys_clk  {rise@0.000ns fall@15.000ns period=30.000ns})
  Path Group:             sys_clk
  Path Type:              Setup (Max at Slow Process Corner)
  Requirement:            30.000ns  (sys_clk rise@30.000ns - sys_clk rise@0.000ns)
  Data Path Delay:        27.567ns  (logic 4.105ns (14.891%)  route 23.462ns (85.109%))
  Logic Levels:           57  (CARRY4=1 LUT2=1 LUT3=14 LUT4=2 LUT5=15 LUT6=23 RAMD32=1)
  Clock Path Skew:        -0.023ns (DCD - SCD + CPR)
    Destination Clock Delay (DCD):    4.183ns = ( 34.183 - 30.000 ) 
    Source Clock Delay      (SCD):    4.470ns
    Clock Pessimism Removal (CPR):    0.263ns
  Clock Uncertainty:      0.035ns  ((TSJ^2 + TIJ^2)^1/2 + DJ) / 2 + PE
    Total System Jitter     (TSJ):    0.071ns
    Total Input Jitter      (TIJ):    0.000ns
    Discrete Jitter          (DJ):    0.000ns
    Phase Error              (PE):    0.000ns

    Location             Delay type                Incr(ns)  Path(ns)    Netlist Resource(s)
  -------------------------------------------------------------------    -------------------
                         (clock sys_clk rise edge)    0.000     0.000 r  
    AD23                                              0.000     0.000 r  clk (IN)
                         net (fo=0)                   0.000     0.000    clk
    AD23                 IBUF (Prop_ibuf_I_O)         0.873     0.873 r  clk_IBUF_inst/O
                         net (fo=1, routed)           1.830     2.703    clk_IBUF
    BUFGCTRL_X0Y0        BUFG (Prop_bufg_I_O)         0.120     2.823 r  clk_IBUF_BUFG_inst/O
                         net (fo=350, routed)         1.647     4.470    GEN_BRAM.u_core/clk_IBUF_BUFG
    SLICE_X13Y17         FDCE                                         r  GEN_BRAM.u_core/ir_reg[17]/C
  -------------------------------------------------------------------    -------------------
    SLICE_X13Y17         FDCE (Prop_fdce_C_Q)         0.269     4.739 r  GEN_BRAM.u_core/ir_reg[17]/Q
                         net (fo=97, routed)          0.894     5.633    GEN_BRAM.u_core/reg_file/registers_reg_r1_0_31_30_31__0/DPRA2
    SLICE_X14Y20         RAMD32 (Prop_ramd32_RADR2_O)
                                                      0.063     5.696 r  GEN_BRAM.u_core/reg_file/registers_reg_r1_0_31_30_31__0/DP/O
                         net (fo=11, routed)          0.758     6.454    GEN_BRAM.u_core/alu_mux_a/dataR10[31]
    SLICE_X11Y23         LUT4 (Prop_lut4_I1_O)        0.164     6.618 f  GEN_BRAM.u_core/alu_mux_a/u_adder_i_1/O
                         net (fo=96, routed)          0.579     7.196    GEN_BRAM.u_core/alu/u_mul/u_mul/GEN_ARRAY.u_mul/u_csa_row0/GEN_CSA_FA[1].u_fa/result[31]_INST_0_i_35_n_0
    SLICE_X10Y16         LUT4 (Prop_lut4_I0_O)        0.053     7.249 r  GEN_BRAM.u_core/alu/u_mul/u_mul/GEN_ARRAY.u_mul/u_csa_row0/GEN_CSA_FA[1].u_fa/result[2]_INST_0_i_3/O
                         net (fo=149, routed)         1.003     8.253    GEN_BRAM.u_core/alu/u_mul/u_mul/GEN_ARRAY.u_mul/u_csa_row0/GEN_CSA_FA[1].u_fa/result[2]_INST_0_i_3_n_0
    SLICE_X12Y14         LUT6 (Prop_lut6_I1_O)        0.053     8.306 r  GEN_BRAM.u_core/alu/u_mul/u_mul/GEN_ARRAY.u_mul/u_csa_row0/GEN_CSA_FA[1].u_fa/result[6]_INST_0_i_52/O
                         net (fo=2, routed)           0.330     8.636    GEN_BRAM.u_core/alu/u_mul/u_mul/GEN_ARRAY.u_mul/u_csa_row0/GEN_CSA_FA[1].u_fa/pp[2]_91[6]
    SLICE_X12Y14         LUT6 (Prop_lut6_I5_O)        0.053     8.689 r  GEN_BRAM.u_core/alu/u_mul/u_mul/GEN_ARRAY.u_mul/u_csa_row0/GEN_CSA_FA[1].u_fa/result[6]_INST_0_i_35/O
                         net (fo=3, routed)           0.479     9.168    GEN_BRAM.u_core/alu/u_mul/u_mul/GEN_ARRAY.u_mul/u_csa_row0/GEN_CSA_FA[1].u_fa/stage_sum[0]_28[6]
    SLICE_X12Y14         LUT3 (Prop_lut3_I1_O)        0.053     9.221 r  GEN_BRAM.u_core/alu/u_mul/u_mul/GEN_ARRAY.u_mul/u_csa_row0/GEN_CSA_FA[1].u_fa/result[8]_INST_0_i_67/O
                         net (fo=2, routed)           0.492     9.713    GEN_BRAM.u_core/alu/u_mul/u_mul/GEN_ARRAY.u_mul/u_csa_row0/GEN_CSA_FA[1].u_fa/stage_carry[1]_43[7]
    SLICE_X11Y14         LUT5 (Prop_lut5_I3_O)        0.053     9.766 r  GEN_BRAM.u_core/alu/u_mul/u_mul/GEN_ARRAY.u_mul/u_csa_row0/GEN_CSA_FA[1].u_fa/result[8]_INST_0_i_44/O
                         net (fo=3, routed)           0.306    10.072    GEN_BRAM.u_core/alu/u_mul/u_mul/GEN_ARRAY.u_mul/u_csa_row0/GEN_CSA_FA[1].u_fa/stage_carry[2]_0[8]
    SLICE_X10Y14         LUT3 (Prop_lut3_I0_O)        0.053    10.125 r  GEN_BRAM.u_core/alu/u_mul/u_mul/GEN_ARRAY.u_mul/u_csa_row0/GEN_CSA_FA[1].u_fa/result[10]_INST_0_i_52/O
                         net (fo=2, routed)           0.436    10.561    GEN_BRAM.u_core/alu/u_mul/u_mul/GEN_ARRAY.u_mul/u_csa_row0/GEN_CSA_FA[1].u_fa/stage_carry[3]_44[9]
    SLICE_X9Y14          LUT5 (Prop_lut5_I3_O)        0.053    10.614 r  GEN_BRAM.u_core/alu/u_mul/u_mul/GEN_ARRAY.u_mul/u_csa_row0/GEN_CSA_FA[1].u_fa/result[10]_INST_0_i_34/O
                         net (fo=3, routed)           0.435    11.048    GEN_BRAM.u_core/alu/u_mul/u_mul/GEN_ARRAY.u_mul/u_csa_row0/GEN_CSA_FA[1].u_fa/stage_carry[4]_2[10]
    SLICE_X7Y14          LUT3 (Prop_lut3_I0_O)        0.053    11.101 r  GEN_BRAM.u_core/alu/u_mul/u_mul/GEN_ARRAY.u_mul/u_csa_row0/GEN_CSA_FA[1].u_fa/result[12]_INST_0_i_69/O
                         net (fo=2, routed)           0.204    11.305    GEN_BRAM.u_core/alu/u_mul/u_mul/GEN_ARRAY.u_mul/u_csa_row0/GEN_CSA_FA[1].u_fa/stage_carry[5]_45[11]
    SLICE_X7Y14          LUT5 (Prop_lut5_I3_O)        0.053    11.358 r  GEN_BRAM.u_core/alu/u_mul/u_mul/GEN_ARRAY.u_mul/u_csa_row0/GEN_CSA_FA[1].u_fa/result[12]_INST_0_i_45/O
                         net (fo=3, routed)           0.687    12.045    GEN_BRAM.u_core/alu/u_mul/u_mul/GEN_ARRAY.u_mul/u_csa_row0/GEN_CSA_FA[1].u_fa/stage_carry[6]_4[12]
    SLICE_X8Y12          LUT3 (Prop_lut3_I0_O)        0.053    12.098 r  GEN_BRAM.u_core/alu/u_mul/u_mul/GEN_ARRAY.u_mul/u_csa_row0/GEN_CSA_FA[1].u_fa/result[14]_INST_0_i_52/O
                         net (fo=2, routed)           0.617    12.714    GEN_BRAM.u_core/alu/u_mul/u_mul/GEN_ARRAY.u_mul/u_csa_row0/GEN_CSA_FA[1].u_fa/stage_carry[7]_46[13]
    SLICE_X7Y11          LUT5 (Prop_lut5_I3_O)        0.053    12.767 r  GEN_BRAM.u_core/alu/u_mul/u_mul/GEN_ARRAY.u_mul/u_csa_row0/GEN_CSA_FA[1].u_fa/result[14]_INST_0_i_34/O
                         net (fo=3, routed)           0.325    13.093    GEN_BRAM.u_core/alu/u_mul/u_mul/GEN_ARRAY.u_mul/u_csa_row0/GEN_CSA_FA[1].u_fa/stage_carry[8]_6[14]
    SLICE_X7Y11          LUT3 (Prop_lut3_I0_O)        0.053    13.146 r  GEN_BRAM.u_core/alu/u_mul/u_mul/GEN_ARRAY.u_mul/u_csa_row0/GEN_CSA_FA[1].u_fa/result[16]_INST_0_i_67/O
                         net (fo=2, routed)           0.368    13.514    GEN_BRAM.u_core/alu/u_mul/u_mul/GEN_ARRAY.u_mul/u_csa_row0/GEN_CSA_FA[1].u_fa/stage_carry[9]_47[15]
    SLICE_X6Y11          LUT5 (Prop_lut5_I3_O)        0.053    13.567 r  GEN_BRAM.u_core/alu/u_mul/u_mul/GEN_ARRAY.u_mul/u_csa_row0/GEN_CSA_FA[1].u_fa/result[16]_INST_0_i_44/O
                         net (fo=3, routed)           0.347    13.914    GEN_BRAM.u_core/alu/u_mul/u_mul/GEN_ARRAY.u_mul/u_csa_row0/GEN_CSA_FA[1].u_fa/stage_carry[10]_8[16]
    SLICE_X3Y11          LUT3 (Prop_lut3_I0_O)        0.053    13.967 r  GEN_BRAM.u_core/alu/u_mul/u_mul/GEN_ARRAY.u_mul/u_csa_row0/GEN_CSA_FA[1].u_fa/result[18]_INST_0_i_52/O
                         net (fo=2, routed)           0.423    14.390    GEN_BRAM.u_core/alu/u_mul/u_mul/GEN_ARRAY.u_mul/u_csa_row0/GEN_CSA_FA[1].u_fa/stage_carry[11]_48[17]
    SLICE_X3Y13          LUT5 (Prop_lut5_I3_O)        0.053    14.443 r  GEN_BRAM.u_core/alu/u_mul/u_mul/GEN_ARRAY.u_mul/u_csa_row0/GEN_CSA_FA[1].u_fa/result[18]_INST_0_i_34/O
                         net (fo=3, routed)           0.533    14.976    GEN_BRAM.u_core/alu/u_mul/u_mul/GEN_ARRAY.u_mul/u_csa_row0/GEN_CSA_FA[1].u_fa/stage_carry[12]_10[18]
    SLICE_X7Y10          LUT3 (Prop_lut3_I0_O)        0.053    15.029 r  GEN_BRAM.u_core/alu/u_mul/u_mul/GEN_ARRAY.u_mul/u_csa_row0/GEN_CSA_FA[1].u_fa/result[20]_INST_0_i_67/O
                         net (fo=2, routed)           0.502    15.530    GEN_BRAM.u_core/alu/u_mul/u_mul/GEN_ARRAY.u_mul/u_csa_row0/GEN_CSA_FA[1].u_fa/stage_carry[13]_49[19]
    SLICE_X9Y10          LUT5 (Prop_lut5_I3_O)        0.053    15.583 r  GEN_BRAM.u_core/alu/u_mul/u_mul/GEN_ARRAY.u_mul/u_csa_row0/GEN_CSA_FA[1].u_fa/result[20]_INST_0_i_44/O
                         net (fo=3, routed)           0.384    15.967    GEN_BRAM.u_core/alu/u_mul/u_mul/GEN_ARRAY.u_mul/u_csa_row0/GEN_CSA_FA[1].u_fa/stage_carry[14]_12[20]
    SLICE_X8Y10          LUT3 (Prop_lut3_I0_O)        0.053    16.020 r  GEN_BRAM.u_core/alu/u_mul/u_mul/GEN_ARRAY.u_mul/u_csa_row0/GEN_CSA_FA[1].u_fa/result[22]_INST_0_i_52/O
                         net (fo=2, routed)           0.376    16.396    GEN_BRAM.u_core/alu/u_mul/u_mul/GEN_ARRAY.u_mul/u_csa_row0/GEN_CSA_FA[1].u_fa/stage_carry[15]_50[21]
    SLICE_X7Y10          LUT5 (Prop_lut5_I3_O)        0.053    16.449 r  GEN_BRAM.u_core/alu/u_mul/u_mul/GEN_ARRAY.u_mul/u_csa_row0/GEN_CSA_FA[1].u_fa/result[22]_INST_0_i_34/O
                         net (fo=3, routed)           0.481    16.929    GEN_BRAM.u_core/alu/u_mul/u_mul/GEN_ARRAY.u_mul/u_csa_row0/GEN_CSA_FA[1].u_fa/stage_carry[16]_14[22]
    SLICE_X6Y9           LUT3 (Prop_lut3_I0_O)        0.053    16.982 r  GEN_BRAM.u_core/alu/u_mul/u_mul/GEN_ARRAY.u_mul/u_csa_row0/GEN_CSA_FA[1].u_fa/result[24]_INST_0_i_67/O
                         net (fo=2, routed)           0.340    17.323    GEN_BRAM.u_core/alu/u_mul/u_mul/GEN_ARRAY.u_mul/u_csa_row0/GEN_CSA_FA[1].u_fa/stage_carry[17]_51[23]
    SLICE_X3Y9           LUT5 (Prop_lut5_I3_O)        0.053    17.376 r  GEN_BRAM.u_core/alu/u_mul/u_mul/GEN_ARRAY.u_mul/u_csa_row0/GEN_CSA_FA[1].u_fa/result[24]_INST_0_i_40/O
                         net (fo=3, routed)           0.433    17.809    GEN_BRAM.u_core/alu/u_mul/u_mul/GEN_ARRAY.u_mul/u_csa_row0/GEN_CSA_FA[1].u_fa/stage_sum[18]_34[23]
    SLICE_X5Y8           LUT3 (Prop_lut3_I1_O)        0.053    17.862 r  GEN_BRAM.u_core/alu/u_mul/u_mul/GEN_ARRAY.u_mul/u_csa_row0/GEN_CSA_FA[1].u_fa/result[24]_INST_0_i_47/O
                         net (fo=2, routed)           0.308    18.169    GEN_BRAM.u_core/alu/u_mul/u_mul/GEN_ARRAY.u_mul/u_csa_row0/GEN_CSA_FA[1].u_fa/stage_carry[19]_52[24]
    SLICE_X5Y8           LUT5 (Prop_lut5_I3_O)        0.053    18.222 r  GEN_BRAM.u_core/alu/u_mul/u_mul/GEN_ARRAY.u_mul/u_csa_row0/GEN_CSA_FA[1].u_fa/result[24]_INST_0_i_26/O
                         net (fo=2, routed)           0.582    18.805    GEN_BRAM.u_core/alu/u_mul/u_mul/GEN_ARRAY.u_mul/u_csa_row0/GEN_CSA_FA[1].u_fa/stage_sum[20]_33[24]
    SLICE_X8Y9           LUT3 (Prop_lut3_I1_O)        0.053    18.858 r  GEN_BRAM.u_core/alu/u_mul/u_mul/GEN_ARRAY.u_mul/u_csa_row0/GEN_CSA_FA[1].u_fa/result[26]_INST_0_i_32/O
                         net (fo=2, routed)           0.466    19.324    GEN_BRAM.u_core/alu/u_mul/u_mul/GEN_ARRAY.u_mul/u_csa_row0/GEN_CSA_FA[1].u_fa/stage_carry[21]_53[25]
    SLICE_X8Y9           LUT5 (Prop_lut5_I3_O)        0.053    19.377 r  GEN_BRAM.u_core/alu/u_mul/u_mul/GEN_ARRAY.u_mul/u_csa_row0/GEN_CSA_FA[1].u_fa/result[26]_INST_0_i_16/O
                         net (fo=2, routed)           0.479    19.855    GEN_BRAM.u_core/alu/u_mul/u_mul/GEN_ARRAY.u_mul/u_csa_row0/GEN_CSA_FA[1].u_fa/stage_carry[22]_20[26]
    SLICE_X8Y8           LUT3 (Prop_lut3_I0_O)        0.053    19.908 r  GEN_BRAM.u_core/alu/u_mul/u_mul/GEN_ARRAY.u_mul/u_csa_row0/GEN_CSA_FA[1].u_fa/result[28]_INST_0_i_42/O
                         net (fo=2, routed)           0.426    20.334    GEN_BRAM.u_core/alu/u_mul/u_mul/GEN_ARRAY.u_mul/u_csa_row0/GEN_CSA_FA[1].u_fa/stage_carry[23]_54[27]
    SLICE_X8Y7           LUT5 (Prop_lut5_I3_O)        0.053    20.387 r  GEN_BRAM.u_core/alu/u_mul/u_mul/GEN_ARRAY.u_mul/u_csa_row0/GEN_CSA_FA[1].u_fa/result[28]_INST_0_i_25/O
                         net (fo=2, routed)           0.407    20.794    GEN_BRAM.u_core/alu/u_mul/u_mul/GEN_ARRAY.u_mul/u_csa_row0/GEN_CSA_FA[1].u_fa/stage_carry[24]_22[28]
    SLICE_X11Y7          LUT3 (Prop_lut3_I0_O)        0.053    20.847 r  GEN_BRAM.u_core/alu/u_mul/u_mul/GEN_ARRAY.u_mul/u_csa_row0/GEN_CSA_FA[1].u_fa/result[28]_INST_0_i_8/O
                         net (fo=2, routed)           0.598    21.445    GEN_BRAM.u_core/alu/u_mul/u_mul/GEN_ARRAY.u_mul/u_csa_row0/GEN_CSA_FA[1].u_fa/stage_sum[25]_25[28]
    SLICE_X16Y10         LUT6 (Prop_lut6_I5_O)        0.053    21.498 r  GEN_BRAM.u_core/alu/u_mul/u_mul/GEN_ARRAY.u_mul/u_csa_row0/GEN_CSA_FA[1].u_fa/result[30]_INST_0_i_9/O
                         net (fo=2, routed)           0.424    21.922    GEN_BRAM.u_core/alu/u_mul/u_mul/GEN_ARRAY.u_mul/u_csa_row0/GEN_CSA_FA[1].u_fa/stage_carry[26]_24[29]
    SLICE_X16Y11         LUT6 (Prop_lut6_I4_O)        0.053    21.975 f  GEN_BRAM.u_core/alu/u_mul/u_mul/GEN_ARRAY.u_mul/u_csa_row0/GEN_CSA_FA[1].u_fa/result[30]_INST_0_i_4/O
                         net (fo=2, routed)           0.441    22.416    GEN_BRAM.u_core/alu/u_mul/u_mul/GEN_ARRAY.u_mul/u_csa_row0/GEN_CSA_FA[1].u_fa/stage_sum[27]_27[29]
    SLICE_X15Y11         LUT3 (Prop_lut3_I2_O)        0.056    22.472 f  GEN_BRAM.u_core/alu/u_mul/u_mul/GEN_ARRAY.u_mul/u_csa_row0/GEN_CSA_FA[1].u_fa/result[30]_INST_0_i_1/O
                         net (fo=5, routed)           0.738    23.210    GEN_BRAM.u_core/alu/u_mul/u_mul/GEN_ARRAY.u_mul/u_csa_row0/GEN_CSA_FA[1].u_fa/stage_carry[28]_26[30]
    SLICE_X15Y11         LUT5 (Prop_lut5_I1_O)        0.181    23.391 f  GEN_BRAM.u_core/alu/u_mul/u_mul/GEN_ARRAY.u_mul/u_csa_row0/GEN_CSA_FA[1].u_fa/result[1]_INST_0_i_6/O
                         net (fo=2, routed)           0.407    23.797    GEN_BRAM.u_core/alu/u_mul/u_mul/GEN_ARRAY.u_mul/u_csa_row0/GEN_CSA_FA[1].u_fa/u_final_cpa/GEN_FINAL_FA[32].u_fa/c2
    SLICE_X15Y12         LUT5 (Prop_lut5_I2_O)        0.180    23.977 f  GEN_BRAM.u_core/alu/u_mul/u_mul/GEN_ARRAY.u_mul/u_csa_row0/GEN_CSA_FA[1].u_fa/result[2]_INST_0_i_9/O
                         net (fo=2, routed)           0.448    24.426    GEN_BRAM.u_core/alu/u_mul/u_mul/GEN_ARRAY.u_mul/u_csa_row0/GEN_CSA_FA[1].u_fa/u_final_cpa/GEN_FINAL_FA[33].u_fa/c2
    SLICE_X15Y12         LUT5 (Prop_lut5_I2_O)        0.187    24.613 f  GEN_BRAM.u_core/alu/u_mul/u_mul/GEN_ARRAY.u_mul/u_csa_row0/GEN_CSA_FA[1].u_fa/result[4]_INST_0_i_14/O
                         net (fo=3, routed)           0.263    24.876    GEN_BRAM.u_core/alu/u_mul/u_mul/GEN_ARRAY.u_mul/u_csa_row0/GEN_CSA_FA[1].u_fa/u_final_cpa/c_35
    SLICE_X16Y12         LUT6 (Prop_lut6_I4_O)        0.169    25.045 f  GEN_BRAM.u_core/alu/u_mul/u_mul/GEN_ARRAY.u_mul/u_csa_row0/GEN_CSA_FA[1].u_fa/result[6]_INST_0_i_12/O
                         net (fo=3, routed)           0.326    25.371    GEN_BRAM.u_core/alu/u_mul/u_mul/GEN_ARRAY.u_mul/u_csa_row0/GEN_CSA_FA[1].u_fa/u_final_cpa/c_37
    SLICE_X16Y13         LUT6 (Prop_lut6_I4_O)        0.053    25.424 f  GEN_BRAM.u_core/alu/u_mul/u_mul/GEN_ARRAY.u_mul/u_csa_row0/GEN_CSA_FA[1].u_fa/result[8]_INST_0_i_13/O
                         net (fo=3, routed)           0.322    25.746    GEN_BRAM.u_core/alu/u_mul/u_mul/GEN_ARRAY.u_mul/u_csa_row0/GEN_CSA_FA[1].u_fa/u_final_cpa/c_39
    SLICE_X16Y14         LUT6 (Prop_lut6_I4_O)        0.053    25.799 f  GEN_BRAM.u_core/alu/u_mul/u_mul/GEN_ARRAY.u_mul/u_csa_row0/GEN_CSA_FA[1].u_fa/result[10]_INST_0_i_12/O
                         net (fo=3, routed)           0.153    25.953    GEN_BRAM.u_core/alu/u_mul/u_mul/GEN_ARRAY.u_mul/u_csa_row0/GEN_CSA_FA[1].u_fa/u_final_cpa/c_41
    SLICE_X16Y14         LUT6 (Prop_lut6_I4_O)        0.053    26.006 f  GEN_BRAM.u_core/alu/u_mul/u_mul/GEN_ARRAY.u_mul/u_csa_row0/GEN_CSA_FA[1].u_fa/result[12]_INST_0_i_13/O
                         net (fo=3, routed)           0.249    26.254    GEN_BRAM.u_core/alu/u_mul/u_mul/GEN_ARRAY.u_mul/u_csa_row0/GEN_CSA_FA[1].u_fa/u_final_cpa/c_43
    SLICE_X16Y15         LUT6 (Prop_lut6_I4_O)        0.053    26.307 f  GEN_BRAM.u_core/alu/u_mul/u_mul/GEN_ARRAY.u_mul/u_csa_row0/GEN_CSA_FA[1].u_fa/result[14]_INST_0_i_12/O
                         net (fo=3, routed)           0.298    26.606    GEN_BRAM.u_core/alu/u_mul/u_mul/GEN_ARRAY.u_mul/u_csa_row0/GEN_CSA_FA[1].u_fa/u_final_cpa/c_45
    SLICE_X17Y15         LUT6 (Prop_lut6_I4_O)        0.053    26.659 f  GEN_BRAM.u_core/alu/u_mul/u_mul/GEN_ARRAY.u_mul/u_csa_row0/GEN_CSA_FA[1].u_fa/result[16]_INST_0_i_13/O
                         net (fo=3, routed)           0.309    26.968    GEN_BRAM.u_core/alu/u_mul/u_mul/GEN_ARRAY.u_mul/u_csa_row0/GEN_CSA_FA[1].u_fa/u_final_cpa/c_47
    SLICE_X17Y16         LUT6 (Prop_lut6_I4_O)        0.053    27.021 f  GEN_BRAM.u_core/alu/u_mul/u_mul/GEN_ARRAY.u_mul/u_csa_row0/GEN_CSA_FA[1].u_fa/result[18]_INST_0_i_12/O
                         net (fo=3, routed)           0.138    27.159    GEN_BRAM.u_core/alu/u_mul/u_mul/GEN_ARRAY.u_mul/u_csa_row0/GEN_CSA_FA[1].u_fa/u_final_cpa/c_49
    SLICE_X17Y16         LUT6 (Prop_lut6_I4_O)        0.053    27.212 f  GEN_BRAM.u_core/alu/u_mul/u_mul/GEN_ARRAY.u_mul/u_csa_row0/GEN_CSA_FA[1].u_fa/result[20]_INST_0_i_13/O
                         net (fo=3, routed)           0.244    27.456    GEN_BRAM.u_core/alu/u_mul/u_mul/GEN_ARRAY.u_mul/u_csa_row0/GEN_CSA_FA[1].u_fa/u_final_cpa/c_51
    SLICE_X17Y17         LUT6 (Prop_lut6_I4_O)        0.053    27.509 f  GEN_BRAM.u_core/alu/u_mul/u_mul/GEN_ARRAY.u_mul/u_csa_row0/GEN_CSA_FA[1].u_fa/result[22]_INST_0_i_12/O
                         net (fo=3, routed)           0.138    27.647    GEN_BRAM.u_core/alu/u_mul/u_mul/GEN_ARRAY.u_mul/u_csa_row0/GEN_CSA_FA[1].u_fa/u_final_cpa/c_53
    SLICE_X17Y17         LUT6 (Prop_lut6_I4_O)        0.053    27.700 f  GEN_BRAM.u_core/alu/u_mul/u_mul/GEN_ARRAY.u_mul/u_csa_row0/GEN_CSA_FA[1].u_fa/result[24]_INST_0_i_13/O
                         net (fo=3, routed)           0.366    28.066    GEN_BRAM.u_core/alu/u_mul/u_mul/GEN_ARRAY.u_mul/u_csa_row0/GEN_CSA_FA[1].u_fa/u_final_cpa/c_55
    SLICE_X17Y18         LUT6 (Prop_lut6_I4_O)        0.053    28.119 f  GEN_BRAM.u_core/alu/u_mul/u_mul/GEN_ARRAY.u_mul/u_csa_row0/GEN_CSA_FA[1].u_fa/result[26]_INST_0_i_12/O
                         net (fo=3, routed)           0.317    28.436    GEN_BRAM.u_core/alu/u_mul/u_mul/GEN_ARRAY.u_mul/u_csa_row0/GEN_CSA_FA[1].u_fa/u_final_cpa/c_57
    SLICE_X17Y18         LUT6 (Prop_lut6_I4_O)        0.053    28.489 f  GEN_BRAM.u_core/alu/u_mul/u_mul/GEN_ARRAY.u_mul/u_csa_row0/GEN_CSA_FA[1].u_fa/result[28]_INST_0_i_13/O
                         net (fo=3, routed)           0.367    28.856    GEN_BRAM.u_core/alu/u_mul/u_mul/GEN_ARRAY.u_mul/u_csa_row0/GEN_CSA_FA[1].u_fa/u_final_cpa/c_59
    SLICE_X17Y19         LUT6 (Prop_lut6_I4_O)        0.053    28.909 f  GEN_BRAM.u_core/alu/u_mul/u_mul/GEN_ARRAY.u_mul/u_csa_row0/GEN_CSA_FA[1].u_fa/result[31]_INST_0_i_13/O
                         net (fo=3, routed)           0.343    29.252    GEN_BRAM.u_core/alu/u_mul/u_mul/GEN_ARRAY.u_mul/u_csa_row0/GEN_CSA_FA[1].u_fa/u_final_cpa/c_61
    SLICE_X17Y20         LUT6 (Prop_lut6_I4_O)        0.053    29.305 f  GEN_BRAM.u_core/alu/u_mul/u_mul/GEN_ARRAY.u_mul/u_csa_row0/GEN_CSA_FA[1].u_fa/result[31]_INST_0_i_4/O
                         net (fo=2, routed)           0.313    29.618    GEN_BRAM.u_core/alu/u_mul/u_mul/GEN_ARRAY.u_mul/u_csa_row0/GEN_CSA_FA[1].u_fa/u_final_cpa/GEN_FINAL_FA[62].u_fa/c2
    SLICE_X15Y19         LUT2 (Prop_lut2_I0_O)        0.053    29.671 r  GEN_BRAM.u_core/alu/u_mul/u_mul/GEN_ARRAY.u_mul/u_csa_row0/GEN_CSA_FA[1].u_fa/result[31]_INST_0_i_14/O
                         net (fo=1, routed)           0.000    29.671    GEN_BRAM.u_core/alu/u_mul/u_mul/GEN_ARRAY.u_mul/u_csa_row0/GEN_CSA_FA[1].u_fa/p_0_in[63]
    SLICE_X15Y19         CARRY4 (Prop_carry4_S[2]_O[2])
                                                      0.140    29.811 r  GEN_BRAM.u_core/alu/u_mul/u_mul/GEN_ARRAY.u_mul/u_csa_row0/GEN_CSA_FA[1].u_fa/result[31]_INST_0_i_6/O[2]
                         net (fo=1, routed)           0.334    30.145    GEN_BRAM.u_core/alu/u_mul/u_mul/GEN_ARRAY.u_mul/u_csa_row0/GEN_CSA_FA[1].u_fa/signed_product0[63]
    SLICE_X15Y20         LUT6 (Prop_lut6_I5_O)        0.152    30.297 r  GEN_BRAM.u_core/alu/u_mul/u_mul/GEN_ARRAY.u_mul/u_csa_row0/GEN_CSA_FA[1].u_fa/result[31]_INST_0/O
                         net (fo=1, routed)           0.131    30.429    GEN_BRAM.u_core/reg_file/result[27]
    SLICE_X15Y20         LUT6 (Prop_lut6_I2_O)        0.053    30.482 r  GEN_BRAM.u_core/reg_file/debug_alu_out_OBUF[31]_inst_i_7/O
                         net (fo=1, routed)           0.194    30.675    GEN_BRAM.u_core/reg_file/debug_alu_out_OBUF[31]_inst_i_7_n_0
    SLICE_X15Y20         LUT6 (Prop_lut6_I5_O)        0.053    30.728 r  GEN_BRAM.u_core/reg_file/debug_alu_out_OBUF[31]_inst_i_1/O
                         net (fo=3, routed)           0.340    31.068    GEN_BRAM.u_core/wb_mux/debug_alu_out_OBUF[31]
    SLICE_X14Y19         LUT6 (Prop_lut6_I0_O)        0.053    31.121 r  GEN_BRAM.u_core/wb_mux/registers_reg_r1_0_31_30_31__0_i_3/O
                         net (fo=1, routed)           0.456    31.577    GEN_BRAM.u_core/divider/wb_exec[31]
    SLICE_X14Y19         LUT6 (Prop_lut6_I5_O)        0.053    31.630 r  GEN_BRAM.u_core/divider/registers_reg_r1_0_31_30_31__0_i_1/O
                         net (fo=4, routed)           0.407    32.037    GEN_BRAM.u_core/reg_file/registers_reg_r1_0_31_30_31__0/D
    SLICE_X14Y20         RAMD32                                       r  GEN_BRAM.u_core/reg_file/registers_reg_r1_0_31_30_31__0/SP/I
  -------------------------------------------------------------------    -------------------

                         (clock sys_clk rise edge)   30.000    30.000 r  
    AD23                                              0.000    30.000 r  clk (IN)
                         net (fo=0)                   0.000    30.000    clk
    AD23                 IBUF (Prop_ibuf_I_O)         0.796    30.796 r  clk_IBUF_inst/O
                         net (fo=1, routed)           1.741    32.537    clk_IBUF
    BUFGCTRL_X0Y0        BUFG (Prop_bufg_I_O)         0.113    32.650 r  clk_IBUF_BUFG_inst/O
                         net (fo=350, routed)         1.533    34.183    GEN_BRAM.u_core/reg_file/registers_reg_r1_0_31_30_31__0/WCLK
    SLICE_X14Y20         RAMD32                                       r  GEN_BRAM.u_core/reg_file/registers_reg_r1_0_31_30_31__0/SP/CLK
                         clock pessimism              0.263    34.447    
                         clock uncertainty           -0.035    34.411    
    SLICE_X14Y20         RAMD32 (Setup_ramd32_CLK_I)
                                                     -0.051    34.360    GEN_BRAM.u_core/reg_file/registers_reg_r1_0_31_30_31__0/SP
  -------------------------------------------------------------------
                         required time                         34.360    
                         arrival time                         -32.037    
  -------------------------------------------------------------------
                         slack                                  2.323    

Slack (MET) :             2.368ns  (required time - arrival time)
  Source:                 GEN_BRAM.u_core/ir_reg[17]/C
                            (rising edge-triggered cell FDCE clocked by sys_clk  {rise@0.000ns fall@15.000ns period=30.000ns})
  Destination:            GEN_BRAM.u_core/reg_file/registers_reg_r2_0_31_30_31__0/SP/I
                            (rising edge-triggered cell RAMD32 clocked by sys_clk  {rise@0.000ns fall@15.000ns period=30.000ns})
  Path Group:             sys_clk
  Path Type:              Setup (Max at Slow Process Corner)
  Requirement:            30.000ns  (sys_clk rise@30.000ns - sys_clk rise@0.000ns)
  Data Path Delay:        27.414ns  (logic 4.105ns (14.974%)  route 23.309ns (85.026%))
  Logic Levels:           57  (CARRY4=1 LUT2=1 LUT3=14 LUT4=2 LUT5=15 LUT6=23 RAMD32=1)
  Clock Path Skew:        -0.023ns (DCD - SCD + CPR)
    Destination Clock Delay (DCD):    4.183ns = ( 34.183 - 30.000 ) 
    Source Clock Delay      (SCD):    4.470ns
    Clock Pessimism Removal (CPR):    0.263ns
  Clock Uncertainty:      0.035ns  ((TSJ^2 + TIJ^2)^1/2 + DJ) / 2 + PE
    Total System Jitter     (TSJ):    0.071ns
    Total Input Jitter      (TIJ):    0.000ns
    Discrete Jitter          (DJ):    0.000ns
    Phase Error              (PE):    0.000ns

    Location             Delay type                Incr(ns)  Path(ns)    Netlist Resource(s)
  -------------------------------------------------------------------    -------------------
                         (clock sys_clk rise edge)    0.000     0.000 r  
    AD23                                              0.000     0.000 r  clk (IN)
                         net (fo=0)                   0.000     0.000    clk
    AD23                 IBUF (Prop_ibuf_I_O)         0.873     0.873 r  clk_IBUF_inst/O
                         net (fo=1, routed)           1.830     2.703    clk_IBUF
    BUFGCTRL_X0Y0        BUFG (Prop_bufg_I_O)         0.120     2.823 r  clk_IBUF_BUFG_inst/O
                         net (fo=350, routed)         1.647     4.470    GEN_BRAM.u_core/clk_IBUF_BUFG
    SLICE_X13Y17         FDCE                                         r  GEN_BRAM.u_core/ir_reg[17]/C
  -------------------------------------------------------------------    -------------------
    SLICE_X13Y17         FDCE (Prop_fdce_C_Q)         0.269     4.739 r  GEN_BRAM.u_core/ir_reg[17]/Q
                         net (fo=97, routed)          0.894     5.633    GEN_BRAM.u_core/reg_file/registers_reg_r1_0_31_30_31__0/DPRA2
    SLICE_X14Y20         RAMD32 (Prop_ramd32_RADR2_O)
                                                      0.063     5.696 r  GEN_BRAM.u_core/reg_file/registers_reg_r1_0_31_30_31__0/DP/O
                         net (fo=11, routed)          0.758     6.454    GEN_BRAM.u_core/alu_mux_a/dataR10[31]
    SLICE_X11Y23         LUT4 (Prop_lut4_I1_O)        0.164     6.618 f  GEN_BRAM.u_core/alu_mux_a/u_adder_i_1/O
                         net (fo=96, routed)          0.579     7.196    GEN_BRAM.u_core/alu/u_mul/u_mul/GEN_ARRAY.u_mul/u_csa_row0/GEN_CSA_FA[1].u_fa/result[31]_INST_0_i_35_n_0
    SLICE_X10Y16         LUT4 (Prop_lut4_I0_O)        0.053     7.249 r  GEN_BRAM.u_core/alu/u_mul/u_mul/GEN_ARRAY.u_mul/u_csa_row0/GEN_CSA_FA[1].u_fa/result[2]_INST_0_i_3/O
                         net (fo=149, routed)         1.003     8.253    GEN_BRAM.u_core/alu/u_mul/u_mul/GEN_ARRAY.u_mul/u_csa_row0/GEN_CSA_FA[1].u_fa/result[2]_INST_0_i_3_n_0
    SLICE_X12Y14         LUT6 (Prop_lut6_I1_O)        0.053     8.306 r  GEN_BRAM.u_core/alu/u_mul/u_mul/GEN_ARRAY.u_mul/u_csa_row0/GEN_CSA_FA[1].u_fa/result[6]_INST_0_i_52/O
                         net (fo=2, routed)           0.330     8.636    GEN_BRAM.u_core/alu/u_mul/u_mul/GEN_ARRAY.u_mul/u_csa_row0/GEN_CSA_FA[1].u_fa/pp[2]_91[6]
    SLICE_X12Y14         LUT6 (Prop_lut6_I5_O)        0.053     8.689 r  GEN_BRAM.u_core/alu/u_mul/u_mul/GEN_ARRAY.u_mul/u_csa_row0/GEN_CSA_FA[1].u_fa/result[6]_INST_0_i_35/O
                         net (fo=3, routed)           0.479     9.168    GEN_BRAM.u_core/alu/u_mul/u_mul/GEN_ARRAY.u_mul/u_csa_row0/GEN_CSA_FA[1].u_fa/stage_sum[0]_28[6]
    SLICE_X12Y14         LUT3 (Prop_lut3_I1_O)        0.053     9.221 r  GEN_BRAM.u_core/alu/u_mul/u_mul/GEN_ARRAY.u_mul/u_csa_row0/GEN_CSA_FA[1].u_fa/result[8]_INST_0_i_67/O
                         net (fo=2, routed)           0.492     9.713    GEN_BRAM.u_core/alu/u_mul/u_mul/GEN_ARRAY.u_mul/u_csa_row0/GEN_CSA_FA[1].u_fa/stage_carry[1]_43[7]
    SLICE_X11Y14         LUT5 (Prop_lut5_I3_O)        0.053     9.766 r  GEN_BRAM.u_core/alu/u_mul/u_mul/GEN_ARRAY.u_mul/u_csa_row0/GEN_CSA_FA[1].u_fa/result[8]_INST_0_i_44/O
                         net (fo=3, routed)           0.306    10.072    GEN_BRAM.u_core/alu/u_mul/u_mul/GEN_ARRAY.u_mul/u_csa_row0/GEN_CSA_FA[1].u_fa/stage_carry[2]_0[8]
    SLICE_X10Y14         LUT3 (Prop_lut3_I0_O)        0.053    10.125 r  GEN_BRAM.u_core/alu/u_mul/u_mul/GEN_ARRAY.u_mul/u_csa_row0/GEN_CSA_FA[1].u_fa/result[10]_INST_0_i_52/O
                         net (fo=2, routed)           0.436    10.561    GEN_BRAM.u_core/alu/u_mul/u_mul/GEN_ARRAY.u_mul/u_csa_row0/GEN_CSA_FA[1].u_fa/stage_carry[3]_44[9]
    SLICE_X9Y14          LUT5 (Prop_lut5_I3_O)        0.053    10.614 r  GEN_BRAM.u_core/alu/u_mul/u_mul/GEN_ARRAY.u_mul/u_csa_row0/GEN_CSA_FA[1].u_fa/result[10]_INST_0_i_34/O
                         net (fo=3, routed)           0.435    11.048    GEN_BRAM.u_core/alu/u_mul/u_mul/GEN_ARRAY.u_mul/u_csa_row0/GEN_CSA_FA[1].u_fa/stage_carry[4]_2[10]
    SLICE_X7Y14          LUT3 (Prop_lut3_I0_O)        0.053    11.101 r  GEN_BRAM.u_core/alu/u_mul/u_mul/GEN_ARRAY.u_mul/u_csa_row0/GEN_CSA_FA[1].u_fa/result[12]_INST_0_i_69/O
                         net (fo=2, routed)           0.204    11.305    GEN_BRAM.u_core/alu/u_mul/u_mul/GEN_ARRAY.u_mul/u_csa_row0/GEN_CSA_FA[1].u_fa/stage_carry[5]_45[11]
    SLICE_X7Y14          LUT5 (Prop_lut5_I3_O)        0.053    11.358 r  GEN_BRAM.u_core/alu/u_mul/u_mul/GEN_ARRAY.u_mul/u_csa_row0/GEN_CSA_FA[1].u_fa/result[12]_INST_0_i_45/O
                         net (fo=3, routed)           0.687    12.045    GEN_BRAM.u_core/alu/u_mul/u_mul/GEN_ARRAY.u_mul/u_csa_row0/GEN_CSA_FA[1].u_fa/stage_carry[6]_4[12]
    SLICE_X8Y12          LUT3 (Prop_lut3_I0_O)        0.053    12.098 r  GEN_BRAM.u_core/alu/u_mul/u_mul/GEN_ARRAY.u_mul/u_csa_row0/GEN_CSA_FA[1].u_fa/result[14]_INST_0_i_52/O
                         net (fo=2, routed)           0.617    12.714    GEN_BRAM.u_core/alu/u_mul/u_mul/GEN_ARRAY.u_mul/u_csa_row0/GEN_CSA_FA[1].u_fa/stage_carry[7]_46[13]
    SLICE_X7Y11          LUT5 (Prop_lut5_I3_O)        0.053    12.767 r  GEN_BRAM.u_core/alu/u_mul/u_mul/GEN_ARRAY.u_mul/u_csa_row0/GEN_CSA_FA[1].u_fa/result[14]_INST_0_i_34/O
                         net (fo=3, routed)           0.325    13.093    GEN_BRAM.u_core/alu/u_mul/u_mul/GEN_ARRAY.u_mul/u_csa_row0/GEN_CSA_FA[1].u_fa/stage_carry[8]_6[14]
    SLICE_X7Y11          LUT3 (Prop_lut3_I0_O)        0.053    13.146 r  GEN_BRAM.u_core/alu/u_mul/u_mul/GEN_ARRAY.u_mul/u_csa_row0/GEN_CSA_FA[1].u_fa/result[16]_INST_0_i_67/O
                         net (fo=2, routed)           0.368    13.514    GEN_BRAM.u_core/alu/u_mul/u_mul/GEN_ARRAY.u_mul/u_csa_row0/GEN_CSA_FA[1].u_fa/stage_carry[9]_47[15]
    SLICE_X6Y11          LUT5 (Prop_lut5_I3_O)        0.053    13.567 r  GEN_BRAM.u_core/alu/u_mul/u_mul/GEN_ARRAY.u_mul/u_csa_row0/GEN_CSA_FA[1].u_fa/result[16]_INST_0_i_44/O
                         net (fo=3, routed)           0.347    13.914    GEN_BRAM.u_core/alu/u_mul/u_mul/GEN_ARRAY.u_mul/u_csa_row0/GEN_CSA_FA[1].u_fa/stage_carry[10]_8[16]
    SLICE_X3Y11          LUT3 (Prop_lut3_I0_O)        0.053    13.967 r  GEN_BRAM.u_core/alu/u_mul/u_mul/GEN_ARRAY.u_mul/u_csa_row0/GEN_CSA_FA[1].u_fa/result[18]_INST_0_i_52/O
                         net (fo=2, routed)           0.423    14.390    GEN_BRAM.u_core/alu/u_mul/u_mul/GEN_ARRAY.u_mul/u_csa_row0/GEN_CSA_FA[1].u_fa/stage_carry[11]_48[17]
    SLICE_X3Y13          LUT5 (Prop_lut5_I3_O)        0.053    14.443 r  GEN_BRAM.u_core/alu/u_mul/u_mul/GEN_ARRAY.u_mul/u_csa_row0/GEN_CSA_FA[1].u_fa/result[18]_INST_0_i_34/O
                         net (fo=3, routed)           0.533    14.976    GEN_BRAM.u_core/alu/u_mul/u_mul/GEN_ARRAY.u_mul/u_csa_row0/GEN_CSA_FA[1].u_fa/stage_carry[12]_10[18]
    SLICE_X7Y10          LUT3 (Prop_lut3_I0_O)        0.053    15.029 r  GEN_BRAM.u_core/alu/u_mul/u_mul/GEN_ARRAY.u_mul/u_csa_row0/GEN_CSA_FA[1].u_fa/result[20]_INST_0_i_67/O
                         net (fo=2, routed)           0.502    15.530    GEN_BRAM.u_core/alu/u_mul/u_mul/GEN_ARRAY.u_mul/u_csa_row0/GEN_CSA_FA[1].u_fa/stage_carry[13]_49[19]
    SLICE_X9Y10          LUT5 (Prop_lut5_I3_O)        0.053    15.583 r  GEN_BRAM.u_core/alu/u_mul/u_mul/GEN_ARRAY.u_mul/u_csa_row0/GEN_CSA_FA[1].u_fa/result[20]_INST_0_i_44/O
                         net (fo=3, routed)           0.384    15.967    GEN_BRAM.u_core/alu/u_mul/u_mul/GEN_ARRAY.u_mul/u_csa_row0/GEN_CSA_FA[1].u_fa/stage_carry[14]_12[20]
    SLICE_X8Y10          LUT3 (Prop_lut3_I0_O)        0.053    16.020 r  GEN_BRAM.u_core/alu/u_mul/u_mul/GEN_ARRAY.u_mul/u_csa_row0/GEN_CSA_FA[1].u_fa/result[22]_INST_0_i_52/O
                         net (fo=2, routed)           0.376    16.396    GEN_BRAM.u_core/alu/u_mul/u_mul/GEN_ARRAY.u_mul/u_csa_row0/GEN_CSA_FA[1].u_fa/stage_carry[15]_50[21]
    SLICE_X7Y10          LUT5 (Prop_lut5_I3_O)        0.053    16.449 r  GEN_BRAM.u_core/alu/u_mul/u_mul/GEN_ARRAY.u_mul/u_csa_row0/GEN_CSA_FA[1].u_fa/result[22]_INST_0_i_34/O
                         net (fo=3, routed)           0.481    16.929    GEN_BRAM.u_core/alu/u_mul/u_mul/GEN_ARRAY.u_mul/u_csa_row0/GEN_CSA_FA[1].u_fa/stage_carry[16]_14[22]
    SLICE_X6Y9           LUT3 (Prop_lut3_I0_O)        0.053    16.982 r  GEN_BRAM.u_core/alu/u_mul/u_mul/GEN_ARRAY.u_mul/u_csa_row0/GEN_CSA_FA[1].u_fa/result[24]_INST_0_i_67/O
                         net (fo=2, routed)           0.340    17.323    GEN_BRAM.u_core/alu/u_mul/u_mul/GEN_ARRAY.u_mul/u_csa_row0/GEN_CSA_FA[1].u_fa/stage_carry[17]_51[23]
    SLICE_X3Y9           LUT5 (Prop_lut5_I3_O)        0.053    17.376 r  GEN_BRAM.u_core/alu/u_mul/u_mul/GEN_ARRAY.u_mul/u_csa_row0/GEN_CSA_FA[1].u_fa/result[24]_INST_0_i_40/O
                         net (fo=3, routed)           0.433    17.809    GEN_BRAM.u_core/alu/u_mul/u_mul/GEN_ARRAY.u_mul/u_csa_row0/GEN_CSA_FA[1].u_fa/stage_sum[18]_34[23]
    SLICE_X5Y8           LUT3 (Prop_lut3_I1_O)        0.053    17.862 r  GEN_BRAM.u_core/alu/u_mul/u_mul/GEN_ARRAY.u_mul/u_csa_row0/GEN_CSA_FA[1].u_fa/result[24]_INST_0_i_47/O
                         net (fo=2, routed)           0.308    18.169    GEN_BRAM.u_core/alu/u_mul/u_mul/GEN_ARRAY.u_mul/u_csa_row0/GEN_CSA_FA[1].u_fa/stage_carry[19]_52[24]
    SLICE_X5Y8           LUT5 (Prop_lut5_I3_O)        0.053    18.222 r  GEN_BRAM.u_core/alu/u_mul/u_mul/GEN_ARRAY.u_mul/u_csa_row0/GEN_CSA_FA[1].u_fa/result[24]_INST_0_i_26/O
                         net (fo=2, routed)           0.582    18.805    GEN_BRAM.u_core/alu/u_mul/u_mul/GEN_ARRAY.u_mul/u_csa_row0/GEN_CSA_FA[1].u_fa/stage_sum[20]_33[24]
    SLICE_X8Y9           LUT3 (Prop_lut3_I1_O)        0.053    18.858 r  GEN_BRAM.u_core/alu/u_mul/u_mul/GEN_ARRAY.u_mul/u_csa_row0/GEN_CSA_FA[1].u_fa/result[26]_INST_0_i_32/O
                         net (fo=2, routed)           0.466    19.324    GEN_BRAM.u_core/alu/u_mul/u_mul/GEN_ARRAY.u_mul/u_csa_row0/GEN_CSA_FA[1].u_fa/stage_carry[21]_53[25]
    SLICE_X8Y9           LUT5 (Prop_lut5_I3_O)        0.053    19.377 r  GEN_BRAM.u_core/alu/u_mul/u_mul/GEN_ARRAY.u_mul/u_csa_row0/GEN_CSA_FA[1].u_fa/result[26]_INST_0_i_16/O
                         net (fo=2, routed)           0.479    19.855    GEN_BRAM.u_core/alu/u_mul/u_mul/GEN_ARRAY.u_mul/u_csa_row0/GEN_CSA_FA[1].u_fa/stage_carry[22]_20[26]
    SLICE_X8Y8           LUT3 (Prop_lut3_I0_O)        0.053    19.908 r  GEN_BRAM.u_core/alu/u_mul/u_mul/GEN_ARRAY.u_mul/u_csa_row0/GEN_CSA_FA[1].u_fa/result[28]_INST_0_i_42/O
                         net (fo=2, routed)           0.426    20.334    GEN_BRAM.u_core/alu/u_mul/u_mul/GEN_ARRAY.u_mul/u_csa_row0/GEN_CSA_FA[1].u_fa/stage_carry[23]_54[27]
    SLICE_X8Y7           LUT5 (Prop_lut5_I3_O)        0.053    20.387 r  GEN_BRAM.u_core/alu/u_mul/u_mul/GEN_ARRAY.u_mul/u_csa_row0/GEN_CSA_FA[1].u_fa/result[28]_INST_0_i_25/O
                         net (fo=2, routed)           0.407    20.794    GEN_BRAM.u_core/alu/u_mul/u_mul/GEN_ARRAY.u_mul/u_csa_row0/GEN_CSA_FA[1].u_fa/stage_carry[24]_22[28]
    SLICE_X11Y7          LUT3 (Prop_lut3_I0_O)        0.053    20.847 r  GEN_BRAM.u_core/alu/u_mul/u_mul/GEN_ARRAY.u_mul/u_csa_row0/GEN_CSA_FA[1].u_fa/result[28]_INST_0_i_8/O
                         net (fo=2, routed)           0.598    21.445    GEN_BRAM.u_core/alu/u_mul/u_mul/GEN_ARRAY.u_mul/u_csa_row0/GEN_CSA_FA[1].u_fa/stage_sum[25]_25[28]
    SLICE_X16Y10         LUT6 (Prop_lut6_I5_O)        0.053    21.498 r  GEN_BRAM.u_core/alu/u_mul/u_mul/GEN_ARRAY.u_mul/u_csa_row0/GEN_CSA_FA[1].u_fa/result[30]_INST_0_i_9/O
                         net (fo=2, routed)           0.424    21.922    GEN_BRAM.u_core/alu/u_mul/u_mul/GEN_ARRAY.u_mul/u_csa_row0/GEN_CSA_FA[1].u_fa/stage_carry[26]_24[29]
    SLICE_X16Y11         LUT6 (Prop_lut6_I4_O)        0.053    21.975 f  GEN_BRAM.u_core/alu/u_mul/u_mul/GEN_ARRAY.u_mul/u_csa_row0/GEN_CSA_FA[1].u_fa/result[30]_INST_0_i_4/O
                         net (fo=2, routed)           0.441    22.416    GEN_BRAM.u_core/alu/u_mul/u_mul/GEN_ARRAY.u_mul/u_csa_row0/GEN_CSA_FA[1].u_fa/stage_sum[27]_27[29]
    SLICE_X15Y11         LUT3 (Prop_lut3_I2_O)        0.056    22.472 f  GEN_BRAM.u_core/alu/u_mul/u_mul/GEN_ARRAY.u_mul/u_csa_row0/GEN_CSA_FA[1].u_fa/result[30]_INST_0_i_1/O
                         net (fo=5, routed)           0.738    23.210    GEN_BRAM.u_core/alu/u_mul/u_mul/GEN_ARRAY.u_mul/u_csa_row0/GEN_CSA_FA[1].u_fa/stage_carry[28]_26[30]
    SLICE_X15Y11         LUT5 (Prop_lut5_I1_O)        0.181    23.391 f  GEN_BRAM.u_core/alu/u_mul/u_mul/GEN_ARRAY.u_mul/u_csa_row0/GEN_CSA_FA[1].u_fa/result[1]_INST_0_i_6/O
                         net (fo=2, routed)           0.407    23.797    GEN_BRAM.u_core/alu/u_mul/u_mul/GEN_ARRAY.u_mul/u_csa_row0/GEN_CSA_FA[1].u_fa/u_final_cpa/GEN_FINAL_FA[32].u_fa/c2
    SLICE_X15Y12         LUT5 (Prop_lut5_I2_O)        0.180    23.977 f  GEN_BRAM.u_core/alu/u_mul/u_mul/GEN_ARRAY.u_mul/u_csa_row0/GEN_CSA_FA[1].u_fa/result[2]_INST_0_i_9/O
                         net (fo=2, routed)           0.448    24.426    GEN_BRAM.u_core/alu/u_mul/u_mul/GEN_ARRAY.u_mul/u_csa_row0/GEN_CSA_FA[1].u_fa/u_final_cpa/GEN_FINAL_FA[33].u_fa/c2
    SLICE_X15Y12         LUT5 (Prop_lut5_I2_O)        0.187    24.613 f  GEN_BRAM.u_core/alu/u_mul/u_mul/GEN_ARRAY.u_mul/u_csa_row0/GEN_CSA_FA[1].u_fa/result[4]_INST_0_i_14/O
                         net (fo=3, routed)           0.263    24.876    GEN_BRAM.u_core/alu/u_mul/u_mul/GEN_ARRAY.u_mul/u_csa_row0/GEN_CSA_FA[1].u_fa/u_final_cpa/c_35
    SLICE_X16Y12         LUT6 (Prop_lut6_I4_O)        0.169    25.045 f  GEN_BRAM.u_core/alu/u_mul/u_mul/GEN_ARRAY.u_mul/u_csa_row0/GEN_CSA_FA[1].u_fa/result[6]_INST_0_i_12/O
                         net (fo=3, routed)           0.326    25.371    GEN_BRAM.u_core/alu/u_mul/u_mul/GEN_ARRAY.u_mul/u_csa_row0/GEN_CSA_FA[1].u_fa/u_final_cpa/c_37
    SLICE_X16Y13         LUT6 (Prop_lut6_I4_O)        0.053    25.424 f  GEN_BRAM.u_core/alu/u_mul/u_mul/GEN_ARRAY.u_mul/u_csa_row0/GEN_CSA_FA[1].u_fa/result[8]_INST_0_i_13/O
                         net (fo=3, routed)           0.322    25.746    GEN_BRAM.u_core/alu/u_mul/u_mul/GEN_ARRAY.u_mul/u_csa_row0/GEN_CSA_FA[1].u_fa/u_final_cpa/c_39
    SLICE_X16Y14         LUT6 (Prop_lut6_I4_O)        0.053    25.799 f  GEN_BRAM.u_core/alu/u_mul/u_mul/GEN_ARRAY.u_mul/u_csa_row0/GEN_CSA_FA[1].u_fa/result[10]_INST_0_i_12/O
                         net (fo=3, routed)           0.153    25.953    GEN_BRAM.u_core/alu/u_mul/u_mul/GEN_ARRAY.u_mul/u_csa_row0/GEN_CSA_FA[1].u_fa/u_final_cpa/c_41
    SLICE_X16Y14         LUT6 (Prop_lut6_I4_O)        0.053    26.006 f  GEN_BRAM.u_core/alu/u_mul/u_mul/GEN_ARRAY.u_mul/u_csa_row0/GEN_CSA_FA[1].u_fa/result[12]_INST_0_i_13/O
                         net (fo=3, routed)           0.249    26.254    GEN_BRAM.u_core/alu/u_mul/u_mul/GEN_ARRAY.u_mul/u_csa_row0/GEN_CSA_FA[1].u_fa/u_final_cpa/c_43
    SLICE_X16Y15         LUT6 (Prop_lut6_I4_O)        0.053    26.307 f  GEN_BRAM.u_core/alu/u_mul/u_mul/GEN_ARRAY.u_mul/u_csa_row0/GEN_CSA_FA[1].u_fa/result[14]_INST_0_i_12/O
                         net (fo=3, routed)           0.298    26.606    GEN_BRAM.u_core/alu/u_mul/u_mul/GEN_ARRAY.u_mul/u_csa_row0/GEN_CSA_FA[1].u_fa/u_final_cpa/c_45
    SLICE_X17Y15         LUT6 (Prop_lut6_I4_O)        0.053    26.659 f  GEN_BRAM.u_core/alu/u_mul/u_mul/GEN_ARRAY.u_mul/u_csa_row0/GEN_CSA_FA[1].u_fa/result[16]_INST_0_i_13/O
                         net (fo=3, routed)           0.309    26.968    GEN_BRAM.u_core/alu/u_mul/u_mul/GEN_ARRAY.u_mul/u_csa_row0/GEN_CSA_FA[1].u_fa/u_final_cpa/c_47
    SLICE_X17Y16         LUT6 (Prop_lut6_I4_O)        0.053    27.021 f  GEN_BRAM.u_core/alu/u_mul/u_mul/GEN_ARRAY.u_mul/u_csa_row0/GEN_CSA_FA[1].u_fa/result[18]_INST_0_i_12/O
                         net (fo=3, routed)           0.138    27.159    GEN_BRAM.u_core/alu/u_mul/u_mul/GEN_ARRAY.u_mul/u_csa_row0/GEN_CSA_FA[1].u_fa/u_final_cpa/c_49
    SLICE_X17Y16         LUT6 (Prop_lut6_I4_O)        0.053    27.212 f  GEN_BRAM.u_core/alu/u_mul/u_mul/GEN_ARRAY.u_mul/u_csa_row0/GEN_CSA_FA[1].u_fa/result[20]_INST_0_i_13/O
                         net (fo=3, routed)           0.244    27.456    GEN_BRAM.u_core/alu/u_mul/u_mul/GEN_ARRAY.u_mul/u_csa_row0/GEN_CSA_FA[1].u_fa/u_final_cpa/c_51
    SLICE_X17Y17         LUT6 (Prop_lut6_I4_O)        0.053    27.509 f  GEN_BRAM.u_core/alu/u_mul/u_mul/GEN_ARRAY.u_mul/u_csa_row0/GEN_CSA_FA[1].u_fa/result[22]_INST_0_i_12/O
                         net (fo=3, routed)           0.138    27.647    GEN_BRAM.u_core/alu/u_mul/u_mul/GEN_ARRAY.u_mul/u_csa_row0/GEN_CSA_FA[1].u_fa/u_final_cpa/c_53
    SLICE_X17Y17         LUT6 (Prop_lut6_I4_O)        0.053    27.700 f  GEN_BRAM.u_core/alu/u_mul/u_mul/GEN_ARRAY.u_mul/u_csa_row0/GEN_CSA_FA[1].u_fa/result[24]_INST_0_i_13/O
                         net (fo=3, routed)           0.366    28.066    GEN_BRAM.u_core/alu/u_mul/u_mul/GEN_ARRAY.u_mul/u_csa_row0/GEN_CSA_FA[1].u_fa/u_final_cpa/c_55
    SLICE_X17Y18         LUT6 (Prop_lut6_I4_O)        0.053    28.119 f  GEN_BRAM.u_core/alu/u_mul/u_mul/GEN_ARRAY.u_mul/u_csa_row0/GEN_CSA_FA[1].u_fa/result[26]_INST_0_i_12/O
                         net (fo=3, routed)           0.317    28.436    GEN_BRAM.u_core/alu/u_mul/u_mul/GEN_ARRAY.u_mul/u_csa_row0/GEN_CSA_FA[1].u_fa/u_final_cpa/c_57
    SLICE_X17Y18         LUT6 (Prop_lut6_I4_O)        0.053    28.489 f  GEN_BRAM.u_core/alu/u_mul/u_mul/GEN_ARRAY.u_mul/u_csa_row0/GEN_CSA_FA[1].u_fa/result[28]_INST_0_i_13/O
                         net (fo=3, routed)           0.367    28.856    GEN_BRAM.u_core/alu/u_mul/u_mul/GEN_ARRAY.u_mul/u_csa_row0/GEN_CSA_FA[1].u_fa/u_final_cpa/c_59
    SLICE_X17Y19         LUT6 (Prop_lut6_I4_O)        0.053    28.909 f  GEN_BRAM.u_core/alu/u_mul/u_mul/GEN_ARRAY.u_mul/u_csa_row0/GEN_CSA_FA[1].u_fa/result[31]_INST_0_i_13/O
                         net (fo=3, routed)           0.343    29.252    GEN_BRAM.u_core/alu/u_mul/u_mul/GEN_ARRAY.u_mul/u_csa_row0/GEN_CSA_FA[1].u_fa/u_final_cpa/c_61
    SLICE_X17Y20         LUT6 (Prop_lut6_I4_O)        0.053    29.305 f  GEN_BRAM.u_core/alu/u_mul/u_mul/GEN_ARRAY.u_mul/u_csa_row0/GEN_CSA_FA[1].u_fa/result[31]_INST_0_i_4/O
                         net (fo=2, routed)           0.313    29.618    GEN_BRAM.u_core/alu/u_mul/u_mul/GEN_ARRAY.u_mul/u_csa_row0/GEN_CSA_FA[1].u_fa/u_final_cpa/GEN_FINAL_FA[62].u_fa/c2
    SLICE_X15Y19         LUT2 (Prop_lut2_I0_O)        0.053    29.671 r  GEN_BRAM.u_core/alu/u_mul/u_mul/GEN_ARRAY.u_mul/u_csa_row0/GEN_CSA_FA[1].u_fa/result[31]_INST_0_i_14/O
                         net (fo=1, routed)           0.000    29.671    GEN_BRAM.u_core/alu/u_mul/u_mul/GEN_ARRAY.u_mul/u_csa_row0/GEN_CSA_FA[1].u_fa/p_0_in[63]
    SLICE_X15Y19         CARRY4 (Prop_carry4_S[2]_O[2])
                                                      0.140    29.811 r  GEN_BRAM.u_core/alu/u_mul/u_mul/GEN_ARRAY.u_mul/u_csa_row0/GEN_CSA_FA[1].u_fa/result[31]_INST_0_i_6/O[2]
                         net (fo=1, routed)           0.334    30.145    GEN_BRAM.u_core/alu/u_mul/u_mul/GEN_ARRAY.u_mul/u_csa_row0/GEN_CSA_FA[1].u_fa/signed_product0[63]
    SLICE_X15Y20         LUT6 (Prop_lut6_I5_O)        0.152    30.297 r  GEN_BRAM.u_core/alu/u_mul/u_mul/GEN_ARRAY.u_mul/u_csa_row0/GEN_CSA_FA[1].u_fa/result[31]_INST_0/O
                         net (fo=1, routed)           0.131    30.429    GEN_BRAM.u_core/reg_file/result[27]
    SLICE_X15Y20         LUT6 (Prop_lut6_I2_O)        0.053    30.482 r  GEN_BRAM.u_core/reg_file/debug_alu_out_OBUF[31]_inst_i_7/O
                         net (fo=1, routed)           0.194    30.675    GEN_BRAM.u_core/reg_file/debug_alu_out_OBUF[31]_inst_i_7_n_0
    SLICE_X15Y20         LUT6 (Prop_lut6_I5_O)        0.053    30.728 r  GEN_BRAM.u_core/reg_file/debug_alu_out_OBUF[31]_inst_i_1/O
                         net (fo=3, routed)           0.340    31.068    GEN_BRAM.u_core/wb_mux/debug_alu_out_OBUF[31]
    SLICE_X14Y19         LUT6 (Prop_lut6_I0_O)        0.053    31.121 r  GEN_BRAM.u_core/wb_mux/registers_reg_r1_0_31_30_31__0_i_3/O
                         net (fo=1, routed)           0.456    31.577    GEN_BRAM.u_core/divider/wb_exec[31]
    SLICE_X14Y19         LUT6 (Prop_lut6_I5_O)        0.053    31.630 r  GEN_BRAM.u_core/divider/registers_reg_r1_0_31_30_31__0_i_1/O
                         net (fo=4, routed)           0.254    31.884    GEN_BRAM.u_core/reg_file/registers_reg_r2_0_31_30_31__0/D
    SLICE_X14Y20         RAMD32                                       r  GEN_BRAM.u_core/reg_file/registers_reg_r2_0_31_30_31__0/SP/I
  -------------------------------------------------------------------    -------------------

                         (clock sys_clk rise edge)   30.000    30.000 r  
    AD23                                              0.000    30.000 r  clk (IN)
                         net (fo=0)                   0.000    30.000    clk
    AD23                 IBUF (Prop_ibuf_I_O)         0.796    30.796 r  clk_IBUF_inst/O
                         net (fo=1, routed)           1.741    32.537    clk_IBUF
    BUFGCTRL_X0Y0        BUFG (Prop_bufg_I_O)         0.113    32.650 r  clk_IBUF_BUFG_inst/O
                         net (fo=350, routed)         1.533    34.183    GEN_BRAM.u_core/reg_file/registers_reg_r2_0_31_30_31__0/WCLK
    SLICE_X14Y20         RAMD32                                       r  GEN_BRAM.u_core/reg_file/registers_reg_r2_0_31_30_31__0/SP/CLK
                         clock pessimism              0.263    34.447    
                         clock uncertainty           -0.035    34.411    
    SLICE_X14Y20         RAMD32 (Setup_ramd32_CLK_I)
                                                     -0.159    34.252    GEN_BRAM.u_core/reg_file/registers_reg_r2_0_31_30_31__0/SP
  -------------------------------------------------------------------
                         required time                         34.252    
                         arrival time                         -31.884    
  -------------------------------------------------------------------
                         slack                                  2.368    

Slack (MET) :             2.426ns  (required time - arrival time)
  Source:                 GEN_BRAM.u_core/ir_reg[17]/C
                            (rising edge-triggered cell FDCE clocked by sys_clk  {rise@0.000ns fall@15.000ns period=30.000ns})
  Destination:            GEN_BRAM.u_core/reg_file/registers_reg_r2_0_31_30_31/DP/I
                            (rising edge-triggered cell RAMD32 clocked by sys_clk  {rise@0.000ns fall@15.000ns period=30.000ns})
  Path Group:             sys_clk
  Path Type:              Setup (Max at Slow Process Corner)
  Requirement:            30.000ns  (sys_clk rise@30.000ns - sys_clk rise@0.000ns)
  Data Path Delay:        27.190ns  (logic 4.183ns (15.385%)  route 23.007ns (84.615%))
  Logic Levels:           56  (CARRY4=1 LUT3=14 LUT4=2 LUT5=16 LUT6=22 RAMD32=1)
  Clock Path Skew:        -0.023ns (DCD - SCD + CPR)
    Destination Clock Delay (DCD):    4.183ns = ( 34.183 - 30.000 ) 
    Source Clock Delay      (SCD):    4.470ns
    Clock Pessimism Removal (CPR):    0.263ns
  Clock Uncertainty:      0.035ns  ((TSJ^2 + TIJ^2)^1/2 + DJ) / 2 + PE
    Total System Jitter     (TSJ):    0.071ns
    Total Input Jitter      (TIJ):    0.000ns
    Discrete Jitter          (DJ):    0.000ns
    Phase Error              (PE):    0.000ns

    Location             Delay type                Incr(ns)  Path(ns)    Netlist Resource(s)
  -------------------------------------------------------------------    -------------------
                         (clock sys_clk rise edge)    0.000     0.000 r  
    AD23                                              0.000     0.000 r  clk (IN)
                         net (fo=0)                   0.000     0.000    clk
    AD23                 IBUF (Prop_ibuf_I_O)         0.873     0.873 r  clk_IBUF_inst/O
                         net (fo=1, routed)           1.830     2.703    clk_IBUF
    BUFGCTRL_X0Y0        BUFG (Prop_bufg_I_O)         0.120     2.823 r  clk_IBUF_BUFG_inst/O
                         net (fo=350, routed)         1.647     4.470    GEN_BRAM.u_core/clk_IBUF_BUFG
    SLICE_X13Y17         FDCE                                         r  GEN_BRAM.u_core/ir_reg[17]/C
  -------------------------------------------------------------------    -------------------
    SLICE_X13Y17         FDCE (Prop_fdce_C_Q)         0.269     4.739 r  GEN_BRAM.u_core/ir_reg[17]/Q
                         net (fo=97, routed)          0.894     5.633    GEN_BRAM.u_core/reg_file/registers_reg_r1_0_31_30_31__0/DPRA2
    SLICE_X14Y20         RAMD32 (Prop_ramd32_RADR2_O)
                                                      0.063     5.696 r  GEN_BRAM.u_core/reg_file/registers_reg_r1_0_31_30_31__0/DP/O
                         net (fo=11, routed)          0.758     6.454    GEN_BRAM.u_core/alu_mux_a/dataR10[31]
    SLICE_X11Y23         LUT4 (Prop_lut4_I1_O)        0.164     6.618 f  GEN_BRAM.u_core/alu_mux_a/u_adder_i_1/O
                         net (fo=96, routed)          0.579     7.196    GEN_BRAM.u_core/alu/u_mul/u_mul/GEN_ARRAY.u_mul/u_csa_row0/GEN_CSA_FA[1].u_fa/result[31]_INST_0_i_35_n_0
    SLICE_X10Y16         LUT4 (Prop_lut4_I0_O)        0.053     7.249 r  GEN_BRAM.u_core/alu/u_mul/u_mul/GEN_ARRAY.u_mul/u_csa_row0/GEN_CSA_FA[1].u_fa/result[2]_INST_0_i_3/O
                         net (fo=149, routed)         1.003     8.253    GEN_BRAM.u_core/alu/u_mul/u_mul/GEN_ARRAY.u_mul/u_csa_row0/GEN_CSA_FA[1].u_fa/result[2]_INST_0_i_3_n_0
    SLICE_X12Y14         LUT6 (Prop_lut6_I1_O)        0.053     8.306 r  GEN_BRAM.u_core/alu/u_mul/u_mul/GEN_ARRAY.u_mul/u_csa_row0/GEN_CSA_FA[1].u_fa/result[6]_INST_0_i_52/O
                         net (fo=2, routed)           0.330     8.636    GEN_BRAM.u_core/alu/u_mul/u_mul/GEN_ARRAY.u_mul/u_csa_row0/GEN_CSA_FA[1].u_fa/pp[2]_91[6]
    SLICE_X12Y14         LUT6 (Prop_lut6_I5_O)        0.053     8.689 r  GEN_BRAM.u_core/alu/u_mul/u_mul/GEN_ARRAY.u_mul/u_csa_row0/GEN_CSA_FA[1].u_fa/result[6]_INST_0_i_35/O
                         net (fo=3, routed)           0.479     9.168    GEN_BRAM.u_core/alu/u_mul/u_mul/GEN_ARRAY.u_mul/u_csa_row0/GEN_CSA_FA[1].u_fa/stage_sum[0]_28[6]
    SLICE_X12Y14         LUT3 (Prop_lut3_I1_O)        0.053     9.221 r  GEN_BRAM.u_core/alu/u_mul/u_mul/GEN_ARRAY.u_mul/u_csa_row0/GEN_CSA_FA[1].u_fa/result[8]_INST_0_i_67/O
                         net (fo=2, routed)           0.492     9.713    GEN_BRAM.u_core/alu/u_mul/u_mul/GEN_ARRAY.u_mul/u_csa_row0/GEN_CSA_FA[1].u_fa/stage_carry[1]_43[7]
    SLICE_X11Y14         LUT5 (Prop_lut5_I3_O)        0.053     9.766 r  GEN_BRAM.u_core/alu/u_mul/u_mul/GEN_ARRAY.u_mul/u_csa_row0/GEN_CSA_FA[1].u_fa/result[8]_INST_0_i_44/O
                         net (fo=3, routed)           0.306    10.072    GEN_BRAM.u_core/alu/u_mul/u_mul/GEN_ARRAY.u_mul/u_csa_row0/GEN_CSA_FA[1].u_fa/stage_carry[2]_0[8]
    SLICE_X10Y14         LUT3 (Prop_lut3_I0_O)        0.053    10.125 r  GEN_BRAM.u_core/alu/u_mul/u_mul/GEN_ARRAY.u_mul/u_csa_row0/GEN_CSA_FA[1].u_fa/result[10]_INST_0_i_52/O
                         net (fo=2, routed)           0.436    10.561    GEN_BRAM.u_core/alu/u_mul/u_mul/GEN_ARRAY.u_mul/u_csa_row0/GEN_CSA_FA[1].u_fa/stage_carry[3]_44[9]
    SLICE_X9Y14          LUT5 (Prop_lut5_I3_O)        0.053    10.614 r  GEN_BRAM.u_core/alu/u_mul/u_mul/GEN_ARRAY.u_mul/u_csa_row0/GEN_CSA_FA[1].u_fa/result[10]_INST_0_i_34/O
                         net (fo=3, routed)           0.435    11.048    GEN_BRAM.u_core/alu/u_mul/u_mul/GEN_ARRAY.u_mul/u_csa_row0/GEN_CSA_FA[1].u_fa/stage_carry[4]_2[10]
    SLICE_X7Y14          LUT3 (Prop_lut3_I0_O)        0.053    11.101 r  GEN_BRAM.u_core/alu/u_mul/u_mul/GEN_ARRAY.u_mul/u_csa_row0/GEN_CSA_FA[1].u_fa/result[12]_INST_0_i_69/O
                         net (fo=2, routed)           0.204    11.305    GEN_BRAM.u_core/alu/u_mul/u_mul/GEN_ARRAY.u_mul/u_csa_row0/GEN_CSA_FA[1].u_fa/stage_carry[5]_45[11]
    SLICE_X7Y14          LUT5 (Prop_lut5_I3_O)        0.053    11.358 r  GEN_BRAM.u_core/alu/u_mul/u_mul/GEN_ARRAY.u_mul/u_csa_row0/GEN_CSA_FA[1].u_fa/result[12]_INST_0_i_45/O
                         net (fo=3, routed)           0.687    12.045    GEN_BRAM.u_core/alu/u_mul/u_mul/GEN_ARRAY.u_mul/u_csa_row0/GEN_CSA_FA[1].u_fa/stage_carry[6]_4[12]
    SLICE_X8Y12          LUT3 (Prop_lut3_I0_O)        0.053    12.098 r  GEN_BRAM.u_core/alu/u_mul/u_mul/GEN_ARRAY.u_mul/u_csa_row0/GEN_CSA_FA[1].u_fa/result[14]_INST_0_i_52/O
                         net (fo=2, routed)           0.617    12.714    GEN_BRAM.u_core/alu/u_mul/u_mul/GEN_ARRAY.u_mul/u_csa_row0/GEN_CSA_FA[1].u_fa/stage_carry[7]_46[13]
    SLICE_X7Y11          LUT5 (Prop_lut5_I3_O)        0.053    12.767 r  GEN_BRAM.u_core/alu/u_mul/u_mul/GEN_ARRAY.u_mul/u_csa_row0/GEN_CSA_FA[1].u_fa/result[14]_INST_0_i_34/O
                         net (fo=3, routed)           0.325    13.093    GEN_BRAM.u_core/alu/u_mul/u_mul/GEN_ARRAY.u_mul/u_csa_row0/GEN_CSA_FA[1].u_fa/stage_carry[8]_6[14]
    SLICE_X7Y11          LUT3 (Prop_lut3_I0_O)        0.053    13.146 r  GEN_BRAM.u_core/alu/u_mul/u_mul/GEN_ARRAY.u_mul/u_csa_row0/GEN_CSA_FA[1].u_fa/result[16]_INST_0_i_67/O
                         net (fo=2, routed)           0.368    13.514    GEN_BRAM.u_core/alu/u_mul/u_mul/GEN_ARRAY.u_mul/u_csa_row0/GEN_CSA_FA[1].u_fa/stage_carry[9]_47[15]
    SLICE_X6Y11          LUT5 (Prop_lut5_I3_O)        0.053    13.567 r  GEN_BRAM.u_core/alu/u_mul/u_mul/GEN_ARRAY.u_mul/u_csa_row0/GEN_CSA_FA[1].u_fa/result[16]_INST_0_i_44/O
                         net (fo=3, routed)           0.347    13.914    GEN_BRAM.u_core/alu/u_mul/u_mul/GEN_ARRAY.u_mul/u_csa_row0/GEN_CSA_FA[1].u_fa/stage_carry[10]_8[16]
    SLICE_X3Y11          LUT3 (Prop_lut3_I0_O)        0.053    13.967 r  GEN_BRAM.u_core/alu/u_mul/u_mul/GEN_ARRAY.u_mul/u_csa_row0/GEN_CSA_FA[1].u_fa/result[18]_INST_0_i_52/O
                         net (fo=2, routed)           0.423    14.390    GEN_BRAM.u_core/alu/u_mul/u_mul/GEN_ARRAY.u_mul/u_csa_row0/GEN_CSA_FA[1].u_fa/stage_carry[11]_48[17]
    SLICE_X3Y13          LUT5 (Prop_lut5_I3_O)        0.053    14.443 r  GEN_BRAM.u_core/alu/u_mul/u_mul/GEN_ARRAY.u_mul/u_csa_row0/GEN_CSA_FA[1].u_fa/result[18]_INST_0_i_34/O
                         net (fo=3, routed)           0.533    14.976    GEN_BRAM.u_core/alu/u_mul/u_mul/GEN_ARRAY.u_mul/u_csa_row0/GEN_CSA_FA[1].u_fa/stage_carry[12]_10[18]
    SLICE_X7Y10          LUT3 (Prop_lut3_I0_O)        0.053    15.029 r  GEN_BRAM.u_core/alu/u_mul/u_mul/GEN_ARRAY.u_mul/u_csa_row0/GEN_CSA_FA[1].u_fa/result[20]_INST_0_i_67/O
                         net (fo=2, routed)           0.502    15.530    GEN_BRAM.u_core/alu/u_mul/u_mul/GEN_ARRAY.u_mul/u_csa_row0/GEN_CSA_FA[1].u_fa/stage_carry[13]_49[19]
    SLICE_X9Y10          LUT5 (Prop_lut5_I3_O)        0.053    15.583 r  GEN_BRAM.u_core/alu/u_mul/u_mul/GEN_ARRAY.u_mul/u_csa_row0/GEN_CSA_FA[1].u_fa/result[20]_INST_0_i_44/O
                         net (fo=3, routed)           0.384    15.967    GEN_BRAM.u_core/alu/u_mul/u_mul/GEN_ARRAY.u_mul/u_csa_row0/GEN_CSA_FA[1].u_fa/stage_carry[14]_12[20]
    SLICE_X8Y10          LUT3 (Prop_lut3_I0_O)        0.053    16.020 r  GEN_BRAM.u_core/alu/u_mul/u_mul/GEN_ARRAY.u_mul/u_csa_row0/GEN_CSA_FA[1].u_fa/result[22]_INST_0_i_52/O
                         net (fo=2, routed)           0.376    16.396    GEN_BRAM.u_core/alu/u_mul/u_mul/GEN_ARRAY.u_mul/u_csa_row0/GEN_CSA_FA[1].u_fa/stage_carry[15]_50[21]
    SLICE_X7Y10          LUT5 (Prop_lut5_I3_O)        0.053    16.449 r  GEN_BRAM.u_core/alu/u_mul/u_mul/GEN_ARRAY.u_mul/u_csa_row0/GEN_CSA_FA[1].u_fa/result[22]_INST_0_i_34/O
                         net (fo=3, routed)           0.481    16.929    GEN_BRAM.u_core/alu/u_mul/u_mul/GEN_ARRAY.u_mul/u_csa_row0/GEN_CSA_FA[1].u_fa/stage_carry[16]_14[22]
    SLICE_X6Y9           LUT3 (Prop_lut3_I0_O)        0.053    16.982 r  GEN_BRAM.u_core/alu/u_mul/u_mul/GEN_ARRAY.u_mul/u_csa_row0/GEN_CSA_FA[1].u_fa/result[24]_INST_0_i_67/O
                         net (fo=2, routed)           0.340    17.323    GEN_BRAM.u_core/alu/u_mul/u_mul/GEN_ARRAY.u_mul/u_csa_row0/GEN_CSA_FA[1].u_fa/stage_carry[17]_51[23]
    SLICE_X3Y9           LUT5 (Prop_lut5_I3_O)        0.053    17.376 r  GEN_BRAM.u_core/alu/u_mul/u_mul/GEN_ARRAY.u_mul/u_csa_row0/GEN_CSA_FA[1].u_fa/result[24]_INST_0_i_40/O
                         net (fo=3, routed)           0.433    17.809    GEN_BRAM.u_core/alu/u_mul/u_mul/GEN_ARRAY.u_mul/u_csa_row0/GEN_CSA_FA[1].u_fa/stage_sum[18]_34[23]
    SLICE_X5Y8           LUT3 (Prop_lut3_I1_O)        0.053    17.862 r  GEN_BRAM.u_core/alu/u_mul/u_mul/GEN_ARRAY.u_mul/u_csa_row0/GEN_CSA_FA[1].u_fa/result[24]_INST_0_i_47/O
                         net (fo=2, routed)           0.308    18.169    GEN_BRAM.u_core/alu/u_mul/u_mul/GEN_ARRAY.u_mul/u_csa_row0/GEN_CSA_FA[1].u_fa/stage_carry[19]_52[24]
    SLICE_X5Y8           LUT5 (Prop_lut5_I3_O)        0.053    18.222 r  GEN_BRAM.u_core/alu/u_mul/u_mul/GEN_ARRAY.u_mul/u_csa_row0/GEN_CSA_FA[1].u_fa/result[24]_INST_0_i_26/O
                         net (fo=2, routed)           0.582    18.805    GEN_BRAM.u_core/alu/u_mul/u_mul/GEN_ARRAY.u_mul/u_csa_row0/GEN_CSA_FA[1].u_fa/stage_sum[20]_33[24]
    SLICE_X8Y9           LUT3 (Prop_lut3_I1_O)        0.053    18.858 r  GEN_BRAM.u_core/alu/u_mul/u_mul/GEN_ARRAY.u_mul/u_csa_row0/GEN_CSA_FA[1].u_fa/result[26]_INST_0_i_32/O
                         net (fo=2, routed)           0.466    19.324    GEN_BRAM.u_core/alu/u_mul/u_mul/GEN_ARRAY.u_mul/u_csa_row0/GEN_CSA_FA[1].u_fa/stage_carry[21]_53[25]
    SLICE_X8Y9           LUT5 (Prop_lut5_I3_O)        0.053    19.377 r  GEN_BRAM.u_core/alu/u_mul/u_mul/GEN_ARRAY.u_mul/u_csa_row0/GEN_CSA_FA[1].u_fa/result[26]_INST_0_i_16/O
                         net (fo=2, routed)           0.479    19.855    GEN_BRAM.u_core/alu/u_mul/u_mul/GEN_ARRAY.u_mul/u_csa_row0/GEN_CSA_FA[1].u_fa/stage_carry[22]_20[26]
    SLICE_X8Y8           LUT3 (Prop_lut3_I0_O)        0.053    19.908 r  GEN_BRAM.u_core/alu/u_mul/u_mul/GEN_ARRAY.u_mul/u_csa_row0/GEN_CSA_FA[1].u_fa/result[28]_INST_0_i_42/O
                         net (fo=2, routed)           0.426    20.334    GEN_BRAM.u_core/alu/u_mul/u_mul/GEN_ARRAY.u_mul/u_csa_row0/GEN_CSA_FA[1].u_fa/stage_carry[23]_54[27]
    SLICE_X8Y7           LUT5 (Prop_lut5_I3_O)        0.053    20.387 r  GEN_BRAM.u_core/alu/u_mul/u_mul/GEN_ARRAY.u_mul/u_csa_row0/GEN_CSA_FA[1].u_fa/result[28]_INST_0_i_25/O
                         net (fo=2, routed)           0.407    20.794    GEN_BRAM.u_core/alu/u_mul/u_mul/GEN_ARRAY.u_mul/u_csa_row0/GEN_CSA_FA[1].u_fa/stage_carry[24]_22[28]
    SLICE_X11Y7          LUT3 (Prop_lut3_I0_O)        0.053    20.847 r  GEN_BRAM.u_core/alu/u_mul/u_mul/GEN_ARRAY.u_mul/u_csa_row0/GEN_CSA_FA[1].u_fa/result[28]_INST_0_i_8/O
                         net (fo=2, routed)           0.598    21.445    GEN_BRAM.u_core/alu/u_mul/u_mul/GEN_ARRAY.u_mul/u_csa_row0/GEN_CSA_FA[1].u_fa/stage_sum[25]_25[28]
    SLICE_X16Y10         LUT6 (Prop_lut6_I5_O)        0.053    21.498 r  GEN_BRAM.u_core/alu/u_mul/u_mul/GEN_ARRAY.u_mul/u_csa_row0/GEN_CSA_FA[1].u_fa/result[30]_INST_0_i_9/O
                         net (fo=2, routed)           0.424    21.922    GEN_BRAM.u_core/alu/u_mul/u_mul/GEN_ARRAY.u_mul/u_csa_row0/GEN_CSA_FA[1].u_fa/stage_carry[26]_24[29]
    SLICE_X16Y11         LUT6 (Prop_lut6_I4_O)        0.053    21.975 r  GEN_BRAM.u_core/alu/u_mul/u_mul/GEN_ARRAY.u_mul/u_csa_row0/GEN_CSA_FA[1].u_fa/result[30]_INST_0_i_4/O
                         net (fo=2, routed)           0.441    22.416    GEN_BRAM.u_core/alu/u_mul/u_mul/GEN_ARRAY.u_mul/u_csa_row0/GEN_CSA_FA[1].u_fa/stage_sum[27]_27[29]
    SLICE_X15Y11         LUT3 (Prop_lut3_I2_O)        0.056    22.472 r  GEN_BRAM.u_core/alu/u_mul/u_mul/GEN_ARRAY.u_mul/u_csa_row0/GEN_CSA_FA[1].u_fa/result[30]_INST_0_i_1/O
                         net (fo=5, routed)           0.738    23.210    GEN_BRAM.u_core/alu/u_mul/u_mul/GEN_ARRAY.u_mul/u_csa_row0/GEN_CSA_FA[1].u_fa/stage_carry[28]_26[30]
    SLICE_X15Y11         LUT5 (Prop_lut5_I1_O)        0.181    23.391 r  GEN_BRAM.u_core/alu/u_mul/u_mul/GEN_ARRAY.u_mul/u_csa_row0/GEN_CSA_FA[1].u_fa/result[1]_INST_0_i_6/O
                         net (fo=2, routed)           0.407    23.797    GEN_BRAM.u_core/alu/u_mul/u_mul/GEN_ARRAY.u_mul/u_csa_row0/GEN_CSA_FA[1].u_fa/u_final_cpa/GEN_FINAL_FA[32].u_fa/c2
    SLICE_X15Y12         LUT5 (Prop_lut5_I2_O)        0.180    23.977 r  GEN_BRAM.u_core/alu/u_mul/u_mul/GEN_ARRAY.u_mul/u_csa_row0/GEN_CSA_FA[1].u_fa/result[2]_INST_0_i_9/O
                         net (fo=2, routed)           0.448    24.426    GEN_BRAM.u_core/alu/u_mul/u_mul/GEN_ARRAY.u_mul/u_csa_row0/GEN_CSA_FA[1].u_fa/u_final_cpa/GEN_FINAL_FA[33].u_fa/c2
    SLICE_X15Y12         LUT5 (Prop_lut5_I2_O)        0.187    24.613 r  GEN_BRAM.u_core/alu/u_mul/u_mul/GEN_ARRAY.u_mul/u_csa_row0/GEN_CSA_FA[1].u_fa/result[4]_INST_0_i_14/O
                         net (fo=3, routed)           0.263    24.876    GEN_BRAM.u_core/alu/u_mul/u_mul/GEN_ARRAY.u_mul/u_csa_row0/GEN_CSA_FA[1].u_fa/u_final_cpa/c_35
    SLICE_X16Y12         LUT6 (Prop_lut6_I4_O)        0.169    25.045 r  GEN_BRAM.u_core/alu/u_mul/u_mul/GEN_ARRAY.u_mul/u_csa_row0/GEN_CSA_FA[1].u_fa/result[6]_INST_0_i_12/O
                         net (fo=3, routed)           0.326    25.371    GEN_BRAM.u_core/alu/u_mul/u_mul/GEN_ARRAY.u_mul/u_csa_row0/GEN_CSA_FA[1].u_fa/u_final_cpa/c_37
    SLICE_X16Y13         LUT6 (Prop_lut6_I4_O)        0.053    25.424 r  GEN_BRAM.u_core/alu/u_mul/u_mul/GEN_ARRAY.u_mul/u_csa_row0/GEN_CSA_FA[1].u_fa/result[8]_INST_0_i_13/O
                         net (fo=3, routed)           0.322    25.746    GEN_BRAM.u_core/alu/u_mul/u_mul/GEN_ARRAY.u_mul/u_csa_row0/GEN_CSA_FA[1].u_fa/u_final_cpa/c_39
    SLICE_X16Y14         LUT6 (Prop_lut6_I4_O)        0.053    25.799 r  GEN_BRAM.u_core/alu/u_mul/u_mul/GEN_ARRAY.u_mul/u_csa_row0/GEN_CSA_FA[1].u_fa/result[10]_INST_0_i_12/O
                         net (fo=3, routed)           0.153    25.953    GEN_BRAM.u_core/alu/u_mul/u_mul/GEN_ARRAY.u_mul/u_csa_row0/GEN_CSA_FA[1].u_fa/u_final_cpa/c_41
    SLICE_X16Y14         LUT6 (Prop_lut6_I4_O)        0.053    26.006 r  GEN_BRAM.u_core/alu/u_mul/u_mul/GEN_ARRAY.u_mul/u_csa_row0/GEN_CSA_FA[1].u_fa/result[12]_INST_0_i_13/O
                         net (fo=3, routed)           0.249    26.254    GEN_BRAM.u_core/alu/u_mul/u_mul/GEN_ARRAY.u_mul/u_csa_row0/GEN_CSA_FA[1].u_fa/u_final_cpa/c_43
    SLICE_X16Y15         LUT6 (Prop_lut6_I4_O)        0.053    26.307 r  GEN_BRAM.u_core/alu/u_mul/u_mul/GEN_ARRAY.u_mul/u_csa_row0/GEN_CSA_FA[1].u_fa/result[14]_INST_0_i_12/O
                         net (fo=3, routed)           0.298    26.606    GEN_BRAM.u_core/alu/u_mul/u_mul/GEN_ARRAY.u_mul/u_csa_row0/GEN_CSA_FA[1].u_fa/u_final_cpa/c_45
    SLICE_X17Y15         LUT6 (Prop_lut6_I4_O)        0.053    26.659 r  GEN_BRAM.u_core/alu/u_mul/u_mul/GEN_ARRAY.u_mul/u_csa_row0/GEN_CSA_FA[1].u_fa/result[16]_INST_0_i_13/O
                         net (fo=3, routed)           0.309    26.968    GEN_BRAM.u_core/alu/u_mul/u_mul/GEN_ARRAY.u_mul/u_csa_row0/GEN_CSA_FA[1].u_fa/u_final_cpa/c_47
    SLICE_X17Y16         LUT6 (Prop_lut6_I4_O)        0.053    27.021 r  GEN_BRAM.u_core/alu/u_mul/u_mul/GEN_ARRAY.u_mul/u_csa_row0/GEN_CSA_FA[1].u_fa/result[18]_INST_0_i_12/O
                         net (fo=3, routed)           0.138    27.159    GEN_BRAM.u_core/alu/u_mul/u_mul/GEN_ARRAY.u_mul/u_csa_row0/GEN_CSA_FA[1].u_fa/u_final_cpa/c_49
    SLICE_X17Y16         LUT6 (Prop_lut6_I4_O)        0.053    27.212 r  GEN_BRAM.u_core/alu/u_mul/u_mul/GEN_ARRAY.u_mul/u_csa_row0/GEN_CSA_FA[1].u_fa/result[20]_INST_0_i_13/O
                         net (fo=3, routed)           0.244    27.456    GEN_BRAM.u_core/alu/u_mul/u_mul/GEN_ARRAY.u_mul/u_csa_row0/GEN_CSA_FA[1].u_fa/u_final_cpa/c_51
    SLICE_X17Y17         LUT6 (Prop_lut6_I4_O)        0.053    27.509 r  GEN_BRAM.u_core/alu/u_mul/u_mul/GEN_ARRAY.u_mul/u_csa_row0/GEN_CSA_FA[1].u_fa/result[22]_INST_0_i_12/O
                         net (fo=3, routed)           0.138    27.647    GEN_BRAM.u_core/alu/u_mul/u_mul/GEN_ARRAY.u_mul/u_csa_row0/GEN_CSA_FA[1].u_fa/u_final_cpa/c_53
    SLICE_X17Y17         LUT6 (Prop_lut6_I4_O)        0.053    27.700 r  GEN_BRAM.u_core/alu/u_mul/u_mul/GEN_ARRAY.u_mul/u_csa_row0/GEN_CSA_FA[1].u_fa/result[24]_INST_0_i_13/O
                         net (fo=3, routed)           0.366    28.066    GEN_BRAM.u_core/alu/u_mul/u_mul/GEN_ARRAY.u_mul/u_csa_row0/GEN_CSA_FA[1].u_fa/u_final_cpa/c_55
    SLICE_X17Y18         LUT6 (Prop_lut6_I4_O)        0.053    28.119 r  GEN_BRAM.u_core/alu/u_mul/u_mul/GEN_ARRAY.u_mul/u_csa_row0/GEN_CSA_FA[1].u_fa/result[26]_INST_0_i_12/O
                         net (fo=3, routed)           0.317    28.436    GEN_BRAM.u_core/alu/u_mul/u_mul/GEN_ARRAY.u_mul/u_csa_row0/GEN_CSA_FA[1].u_fa/u_final_cpa/c_57
    SLICE_X17Y18         LUT6 (Prop_lut6_I4_O)        0.053    28.489 r  GEN_BRAM.u_core/alu/u_mul/u_mul/GEN_ARRAY.u_mul/u_csa_row0/GEN_CSA_FA[1].u_fa/result[28]_INST_0_i_13/O
                         net (fo=3, routed)           0.367    28.856    GEN_BRAM.u_core/alu/u_mul/u_mul/GEN_ARRAY.u_mul/u_csa_row0/GEN_CSA_FA[1].u_fa/u_final_cpa/c_59
    SLICE_X17Y19         LUT6 (Prop_lut6_I4_O)        0.053    28.909 r  GEN_BRAM.u_core/alu/u_mul/u_mul/GEN_ARRAY.u_mul/u_csa_row0/GEN_CSA_FA[1].u_fa/result[31]_INST_0_i_13/O
                         net (fo=3, routed)           0.259    29.168    GEN_BRAM.u_core/alu/u_mul/u_mul/GEN_ARRAY.u_mul/u_csa_row0/GEN_CSA_FA[1].u_fa/u_final_cpa/c_61
    SLICE_X15Y19         LUT5 (Prop_lut5_I4_O)        0.053    29.221 r  GEN_BRAM.u_core/alu/u_mul/u_mul/GEN_ARRAY.u_mul/u_csa_row0/GEN_CSA_FA[1].u_fa/result[29]_INST_0_i_2/O
                         net (fo=2, routed)           0.000    29.221    GEN_BRAM.u_core/alu/u_mul/u_mul/GEN_ARRAY.u_mul/u_csa_row0/GEN_CSA_FA[1].u_fa/p_0_in[61]
    SLICE_X15Y19         CARRY4 (Prop_carry4_S[0]_O[1])
                                                      0.271    29.492 r  GEN_BRAM.u_core/alu/u_mul/u_mul/GEN_ARRAY.u_mul/u_csa_row0/GEN_CSA_FA[1].u_fa/result[31]_INST_0_i_6/O[1]
                         net (fo=1, routed)           0.282    29.774    GEN_BRAM.u_core/alu/u_mul/u_mul/GEN_ARRAY.u_mul/u_csa_row0/GEN_CSA_FA[1].u_fa/signed_product0[62]
    SLICE_X14Y19         LUT6 (Prop_lut6_I5_O)        0.152    29.926 r  GEN_BRAM.u_core/alu/u_mul/u_mul/GEN_ARRAY.u_mul/u_csa_row0/GEN_CSA_FA[1].u_fa/result[30]_INST_0/O
                         net (fo=1, routed)           0.401    30.327    GEN_BRAM.u_core/reg_file/result[26]
    SLICE_X14Y21         LUT6 (Prop_lut6_I2_O)        0.053    30.380 r  GEN_BRAM.u_core/reg_file/debug_alu_out_OBUF[30]_inst_i_4/O
                         net (fo=1, routed)           0.212    30.592    GEN_BRAM.u_core/reg_file/debug_alu_out_OBUF[30]_inst_i_4_n_0
    SLICE_X14Y21         LUT6 (Prop_lut6_I5_O)        0.053    30.645 r  GEN_BRAM.u_core/reg_file/debug_alu_out_OBUF[30]_inst_i_1/O
                         net (fo=3, routed)           0.354    31.000    GEN_BRAM.u_core/wb_mux/debug_alu_out_OBUF[30]
    SLICE_X13Y19         LUT6 (Prop_lut6_I0_O)        0.053    31.053 r  GEN_BRAM.u_core/wb_mux/registers_reg_r1_0_31_30_31_i_3/O
                         net (fo=1, routed)           0.131    31.184    GEN_BRAM.u_core/divider/wb_exec[30]
    SLICE_X13Y19         LUT6 (Prop_lut6_I5_O)        0.053    31.237 r  GEN_BRAM.u_core/divider/registers_reg_r1_0_31_30_31_i_1/O
                         net (fo=4, routed)           0.422    31.659    GEN_BRAM.u_core/reg_file/registers_reg_r2_0_31_30_31/D
    SLICE_X14Y20         RAMD32                                       r  GEN_BRAM.u_core/reg_file/registers_reg_r2_0_31_30_31/DP/I
  -------------------------------------------------------------------    -------------------

                         (clock sys_clk rise edge)   30.000    30.000 r  
    AD23                                              0.000    30.000 r  clk (IN)
                         net (fo=0)                   0.000    30.000    clk
    AD23                 IBUF (Prop_ibuf_I_O)         0.796    30.796 r  clk_IBUF_inst/O
                         net (fo=1, routed)           1.741    32.537    clk_IBUF
    BUFGCTRL_X0Y0        BUFG (Prop_bufg_I_O)         0.113    32.650 r  clk_IBUF_BUFG_inst/O
                         net (fo=350, routed)         1.533    34.183    GEN_BRAM.u_core/reg_file/registers_reg_r2_0_31_30_31/WCLK
    SLICE_X14Y20         RAMD32                                       r  GEN_BRAM.u_core/reg_file/registers_reg_r2_0_31_30_31/DP/CLK
                         clock pessimism              0.263    34.447    
                         clock uncertainty           -0.035    34.411    
    SLICE_X14Y20         RAMD32 (Setup_ramd32_CLK_I)
                                                     -0.326    34.085    GEN_BRAM.u_core/reg_file/registers_reg_r2_0_31_30_31/DP
  -------------------------------------------------------------------
                         required time                         34.085    
                         arrival time                         -31.659    
  -------------------------------------------------------------------
                         slack                                  2.426    

Slack (MET) :             2.615ns  (required time - arrival time)
  Source:                 GEN_BRAM.u_core/ir_reg[17]/C
                            (rising edge-triggered cell FDCE clocked by sys_clk  {rise@0.000ns fall@15.000ns period=30.000ns})
  Destination:            GEN_BRAM.u_core/reg_file/registers_reg_r1_0_31_30_31/DP/I
                            (rising edge-triggered cell RAMD32 clocked by sys_clk  {rise@0.000ns fall@15.000ns period=30.000ns})
  Path Group:             sys_clk
  Path Type:              Setup (Max at Slow Process Corner)
  Requirement:            30.000ns  (sys_clk rise@30.000ns - sys_clk rise@0.000ns)
  Data Path Delay:        27.153ns  (logic 4.183ns (15.405%)  route 22.970ns (84.595%))
  Logic Levels:           56  (CARRY4=1 LUT3=14 LUT4=2 LUT5=16 LUT6=22 RAMD32=1)
  Clock Path Skew:        -0.023ns (DCD - SCD + CPR)
    Destination Clock Delay (DCD):    4.183ns = ( 34.183 - 30.000 ) 
    Source Clock Delay      (SCD):    4.470ns
    Clock Pessimism Removal (CPR):    0.263ns
  Clock Uncertainty:      0.035ns  ((TSJ^2 + TIJ^2)^1/2 + DJ) / 2 + PE
    Total System Jitter     (TSJ):    0.071ns
    Total Input Jitter      (TIJ):    0.000ns
    Discrete Jitter          (DJ):    0.000ns
    Phase Error              (PE):    0.000ns

    Location             Delay type                Incr(ns)  Path(ns)    Netlist Resource(s)
  -------------------------------------------------------------------    -------------------
                         (clock sys_clk rise edge)    0.000     0.000 r  
    AD23                                              0.000     0.000 r  clk (IN)
                         net (fo=0)                   0.000     0.000    clk
    AD23                 IBUF (Prop_ibuf_I_O)         0.873     0.873 r  clk_IBUF_inst/O
                         net (fo=1, routed)           1.830     2.703    clk_IBUF
    BUFGCTRL_X0Y0        BUFG (Prop_bufg_I_O)         0.120     2.823 r  clk_IBUF_BUFG_inst/O
                         net (fo=350, routed)         1.647     4.470    GEN_BRAM.u_core/clk_IBUF_BUFG
    SLICE_X13Y17         FDCE                                         r  GEN_BRAM.u_core/ir_reg[17]/C
  -------------------------------------------------------------------    -------------------
    SLICE_X13Y17         FDCE (Prop_fdce_C_Q)         0.269     4.739 r  GEN_BRAM.u_core/ir_reg[17]/Q
                         net (fo=97, routed)          0.894     5.633    GEN_BRAM.u_core/reg_file/registers_reg_r1_0_31_30_31__0/DPRA2
    SLICE_X14Y20         RAMD32 (Prop_ramd32_RADR2_O)
                                                      0.063     5.696 r  GEN_BRAM.u_core/reg_file/registers_reg_r1_0_31_30_31__0/DP/O
                         net (fo=11, routed)          0.758     6.454    GEN_BRAM.u_core/alu_mux_a/dataR10[31]
    SLICE_X11Y23         LUT4 (Prop_lut4_I1_O)        0.164     6.618 f  GEN_BRAM.u_core/alu_mux_a/u_adder_i_1/O
                         net (fo=96, routed)          0.579     7.196    GEN_BRAM.u_core/alu/u_mul/u_mul/GEN_ARRAY.u_mul/u_csa_row0/GEN_CSA_FA[1].u_fa/result[31]_INST_0_i_35_n_0
    SLICE_X10Y16         LUT4 (Prop_lut4_I0_O)        0.053     7.249 r  GEN_BRAM.u_core/alu/u_mul/u_mul/GEN_ARRAY.u_mul/u_csa_row0/GEN_CSA_FA[1].u_fa/result[2]_INST_0_i_3/O
                         net (fo=149, routed)         1.003     8.253    GEN_BRAM.u_core/alu/u_mul/u_mul/GEN_ARRAY.u_mul/u_csa_row0/GEN_CSA_FA[1].u_fa/result[2]_INST_0_i_3_n_0
    SLICE_X12Y14         LUT6 (Prop_lut6_I1_O)        0.053     8.306 r  GEN_BRAM.u_core/alu/u_mul/u_mul/GEN_ARRAY.u_mul/u_csa_row0/GEN_CSA_FA[1].u_fa/result[6]_INST_0_i_52/O
                         net (fo=2, routed)           0.330     8.636    GEN_BRAM.u_core/alu/u_mul/u_mul/GEN_ARRAY.u_mul/u_csa_row0/GEN_CSA_FA[1].u_fa/pp[2]_91[6]
    SLICE_X12Y14         LUT6 (Prop_lut6_I5_O)        0.053     8.689 r  GEN_BRAM.u_core/alu/u_mul/u_mul/GEN_ARRAY.u_mul/u_csa_row0/GEN_CSA_FA[1].u_fa/result[6]_INST_0_i_35/O
                         net (fo=3, routed)           0.479     9.168    GEN_BRAM.u_core/alu/u_mul/u_mul/GEN_ARRAY.u_mul/u_csa_row0/GEN_CSA_FA[1].u_fa/stage_sum[0]_28[6]
    SLICE_X12Y14         LUT3 (Prop_lut3_I1_O)        0.053     9.221 r  GEN_BRAM.u_core/alu/u_mul/u_mul/GEN_ARRAY.u_mul/u_csa_row0/GEN_CSA_FA[1].u_fa/result[8]_INST_0_i_67/O
                         net (fo=2, routed)           0.492     9.713    GEN_BRAM.u_core/alu/u_mul/u_mul/GEN_ARRAY.u_mul/u_csa_row0/GEN_CSA_FA[1].u_fa/stage_carry[1]_43[7]
    SLICE_X11Y14         LUT5 (Prop_lut5_I3_O)        0.053     9.766 r  GEN_BRAM.u_core/alu/u_mul/u_mul/GEN_ARRAY.u_mul/u_csa_row0/GEN_CSA_FA[1].u_fa/result[8]_INST_0_i_44/O
                         net (fo=3, routed)           0.306    10.072    GEN_BRAM.u_core/alu/u_mul/u_mul/GEN_ARRAY.u_mul/u_csa_row0/GEN_CSA_FA[1].u_fa/stage_carry[2]_0[8]
    SLICE_X10Y14         LUT3 (Prop_lut3_I0_O)        0.053    10.125 r  GEN_BRAM.u_core/alu/u_mul/u_mul/GEN_ARRAY.u_mul/u_csa_row0/GEN_CSA_FA[1].u_fa/result[10]_INST_0_i_52/O
                         net (fo=2, routed)           0.436    10.561    GEN_BRAM.u_core/alu/u_mul/u_mul/GEN_ARRAY.u_mul/u_csa_row0/GEN_CSA_FA[1].u_fa/stage_carry[3]_44[9]
    SLICE_X9Y14          LUT5 (Prop_lut5_I3_O)        0.053    10.614 r  GEN_BRAM.u_core/alu/u_mul/u_mul/GEN_ARRAY.u_mul/u_csa_row0/GEN_CSA_FA[1].u_fa/result[10]_INST_0_i_34/O
                         net (fo=3, routed)           0.435    11.048    GEN_BRAM.u_core/alu/u_mul/u_mul/GEN_ARRAY.u_mul/u_csa_row0/GEN_CSA_FA[1].u_fa/stage_carry[4]_2[10]
    SLICE_X7Y14          LUT3 (Prop_lut3_I0_O)        0.053    11.101 r  GEN_BRAM.u_core/alu/u_mul/u_mul/GEN_ARRAY.u_mul/u_csa_row0/GEN_CSA_FA[1].u_fa/result[12]_INST_0_i_69/O
                         net (fo=2, routed)           0.204    11.305    GEN_BRAM.u_core/alu/u_mul/u_mul/GEN_ARRAY.u_mul/u_csa_row0/GEN_CSA_FA[1].u_fa/stage_carry[5]_45[11]
    SLICE_X7Y14          LUT5 (Prop_lut5_I3_O)        0.053    11.358 r  GEN_BRAM.u_core/alu/u_mul/u_mul/GEN_ARRAY.u_mul/u_csa_row0/GEN_CSA_FA[1].u_fa/result[12]_INST_0_i_45/O
                         net (fo=3, routed)           0.687    12.045    GEN_BRAM.u_core/alu/u_mul/u_mul/GEN_ARRAY.u_mul/u_csa_row0/GEN_CSA_FA[1].u_fa/stage_carry[6]_4[12]
    SLICE_X8Y12          LUT3 (Prop_lut3_I0_O)        0.053    12.098 r  GEN_BRAM.u_core/alu/u_mul/u_mul/GEN_ARRAY.u_mul/u_csa_row0/GEN_CSA_FA[1].u_fa/result[14]_INST_0_i_52/O
                         net (fo=2, routed)           0.617    12.714    GEN_BRAM.u_core/alu/u_mul/u_mul/GEN_ARRAY.u_mul/u_csa_row0/GEN_CSA_FA[1].u_fa/stage_carry[7]_46[13]
    SLICE_X7Y11          LUT5 (Prop_lut5_I3_O)        0.053    12.767 r  GEN_BRAM.u_core/alu/u_mul/u_mul/GEN_ARRAY.u_mul/u_csa_row0/GEN_CSA_FA[1].u_fa/result[14]_INST_0_i_34/O
                         net (fo=3, routed)           0.325    13.093    GEN_BRAM.u_core/alu/u_mul/u_mul/GEN_ARRAY.u_mul/u_csa_row0/GEN_CSA_FA[1].u_fa/stage_carry[8]_6[14]
    SLICE_X7Y11          LUT3 (Prop_lut3_I0_O)        0.053    13.146 r  GEN_BRAM.u_core/alu/u_mul/u_mul/GEN_ARRAY.u_mul/u_csa_row0/GEN_CSA_FA[1].u_fa/result[16]_INST_0_i_67/O
                         net (fo=2, routed)           0.368    13.514    GEN_BRAM.u_core/alu/u_mul/u_mul/GEN_ARRAY.u_mul/u_csa_row0/GEN_CSA_FA[1].u_fa/stage_carry[9]_47[15]
    SLICE_X6Y11          LUT5 (Prop_lut5_I3_O)        0.053    13.567 r  GEN_BRAM.u_core/alu/u_mul/u_mul/GEN_ARRAY.u_mul/u_csa_row0/GEN_CSA_FA[1].u_fa/result[16]_INST_0_i_44/O
                         net (fo=3, routed)           0.347    13.914    GEN_BRAM.u_core/alu/u_mul/u_mul/GEN_ARRAY.u_mul/u_csa_row0/GEN_CSA_FA[1].u_fa/stage_carry[10]_8[16]
    SLICE_X3Y11          LUT3 (Prop_lut3_I0_O)        0.053    13.967 r  GEN_BRAM.u_core/alu/u_mul/u_mul/GEN_ARRAY.u_mul/u_csa_row0/GEN_CSA_FA[1].u_fa/result[18]_INST_0_i_52/O
                         net (fo=2, routed)           0.423    14.390    GEN_BRAM.u_core/alu/u_mul/u_mul/GEN_ARRAY.u_mul/u_csa_row0/GEN_CSA_FA[1].u_fa/stage_carry[11]_48[17]
    SLICE_X3Y13          LUT5 (Prop_lut5_I3_O)        0.053    14.443 r  GEN_BRAM.u_core/alu/u_mul/u_mul/GEN_ARRAY.u_mul/u_csa_row0/GEN_CSA_FA[1].u_fa/result[18]_INST_0_i_34/O
                         net (fo=3, routed)           0.533    14.976    GEN_BRAM.u_core/alu/u_mul/u_mul/GEN_ARRAY.u_mul/u_csa_row0/GEN_CSA_FA[1].u_fa/stage_carry[12]_10[18]
    SLICE_X7Y10          LUT3 (Prop_lut3_I0_O)        0.053    15.029 r  GEN_BRAM.u_core/alu/u_mul/u_mul/GEN_ARRAY.u_mul/u_csa_row0/GEN_CSA_FA[1].u_fa/result[20]_INST_0_i_67/O
                         net (fo=2, routed)           0.502    15.530    GEN_BRAM.u_core/alu/u_mul/u_mul/GEN_ARRAY.u_mul/u_csa_row0/GEN_CSA_FA[1].u_fa/stage_carry[13]_49[19]
    SLICE_X9Y10          LUT5 (Prop_lut5_I3_O)        0.053    15.583 r  GEN_BRAM.u_core/alu/u_mul/u_mul/GEN_ARRAY.u_mul/u_csa_row0/GEN_CSA_FA[1].u_fa/result[20]_INST_0_i_44/O
                         net (fo=3, routed)           0.384    15.967    GEN_BRAM.u_core/alu/u_mul/u_mul/GEN_ARRAY.u_mul/u_csa_row0/GEN_CSA_FA[1].u_fa/stage_carry[14]_12[20]
    SLICE_X8Y10          LUT3 (Prop_lut3_I0_O)        0.053    16.020 r  GEN_BRAM.u_core/alu/u_mul/u_mul/GEN_ARRAY.u_mul/u_csa_row0/GEN_CSA_FA[1].u_fa/result[22]_INST_0_i_52/O
                         net (fo=2, routed)           0.376    16.396    GEN_BRAM.u_core/alu/u_mul/u_mul/GEN_ARRAY.u_mul/u_csa_row0/GEN_CSA_FA[1].u_fa/stage_carry[15]_50[21]
    SLICE_X7Y10          LUT5 (Prop_lut5_I3_O)        0.053    16.449 r  GEN_BRAM.u_core/alu/u_mul/u_mul/GEN_ARRAY.u_mul/u_csa_row0/GEN_CSA_FA[1].u_fa/result[22]_INST_0_i_34/O
                         net (fo=3, routed)           0.481    16.929    GEN_BRAM.u_core/alu/u_mul/u_mul/GEN_ARRAY.u_mul/u_csa_row0/GEN_CSA_FA[1].u_fa/stage_carry[16]_14[22]
    SLICE_X6Y9           LUT3 (Prop_lut3_I0_O)        0.053    16.982 r  GEN_BRAM.u_core/alu/u_mul/u_mul/GEN_ARRAY.u_mul/u_csa_row0/GEN_CSA_FA[1].u_fa/result[24]_INST_0_i_67/O
                         net (fo=2, routed)           0.340    17.323    GEN_BRAM.u_core/alu/u_mul/u_mul/GEN_ARRAY.u_mul/u_csa_row0/GEN_CSA_FA[1].u_fa/stage_carry[17]_51[23]
    SLICE_X3Y9           LUT5 (Prop_lut5_I3_O)        0.053    17.376 r  GEN_BRAM.u_core/alu/u_mul/u_mul/GEN_ARRAY.u_mul/u_csa_row0/GEN_CSA_FA[1].u_fa/result[24]_INST_0_i_40/O
                         net (fo=3, routed)           0.433    17.809    GEN_BRAM.u_core/alu/u_mul/u_mul/GEN_ARRAY.u_mul/u_csa_row0/GEN_CSA_FA[1].u_fa/stage_sum[18]_34[23]
    SLICE_X5Y8           LUT3 (Prop_lut3_I1_O)        0.053    17.862 r  GEN_BRAM.u_core/alu/u_mul/u_mul/GEN_ARRAY.u_mul/u_csa_row0/GEN_CSA_FA[1].u_fa/result[24]_INST_0_i_47/O
                         net (fo=2, routed)           0.308    18.169    GEN_BRAM.u_core/alu/u_mul/u_mul/GEN_ARRAY.u_mul/u_csa_row0/GEN_CSA_FA[1].u_fa/stage_carry[19]_52[24]
    SLICE_X5Y8           LUT5 (Prop_lut5_I3_O)        0.053    18.222 r  GEN_BRAM.u_core/alu/u_mul/u_mul/GEN_ARRAY.u_mul/u_csa_row0/GEN_CSA_FA[1].u_fa/result[24]_INST_0_i_26/O
                         net (fo=2, routed)           0.582    18.805    GEN_BRAM.u_core/alu/u_mul/u_mul/GEN_ARRAY.u_mul/u_csa_row0/GEN_CSA_FA[1].u_fa/stage_sum[20]_33[24]
    SLICE_X8Y9           LUT3 (Prop_lut3_I1_O)        0.053    18.858 r  GEN_BRAM.u_core/alu/u_mul/u_mul/GEN_ARRAY.u_mul/u_csa_row0/GEN_CSA_FA[1].u_fa/result[26]_INST_0_i_32/O
                         net (fo=2, routed)           0.466    19.324    GEN_BRAM.u_core/alu/u_mul/u_mul/GEN_ARRAY.u_mul/u_csa_row0/GEN_CSA_FA[1].u_fa/stage_carry[21]_53[25]
    SLICE_X8Y9           LUT5 (Prop_lut5_I3_O)        0.053    19.377 r  GEN_BRAM.u_core/alu/u_mul/u_mul/GEN_ARRAY.u_mul/u_csa_row0/GEN_CSA_FA[1].u_fa/result[26]_INST_0_i_16/O
                         net (fo=2, routed)           0.479    19.855    GEN_BRAM.u_core/alu/u_mul/u_mul/GEN_ARRAY.u_mul/u_csa_row0/GEN_CSA_FA[1].u_fa/stage_carry[22]_20[26]
    SLICE_X8Y8           LUT3 (Prop_lut3_I0_O)        0.053    19.908 r  GEN_BRAM.u_core/alu/u_mul/u_mul/GEN_ARRAY.u_mul/u_csa_row0/GEN_CSA_FA[1].u_fa/result[28]_INST_0_i_42/O
                         net (fo=2, routed)           0.426    20.334    GEN_BRAM.u_core/alu/u_mul/u_mul/GEN_ARRAY.u_mul/u_csa_row0/GEN_CSA_FA[1].u_fa/stage_carry[23]_54[27]
    SLICE_X8Y7           LUT5 (Prop_lut5_I3_O)        0.053    20.387 r  GEN_BRAM.u_core/alu/u_mul/u_mul/GEN_ARRAY.u_mul/u_csa_row0/GEN_CSA_FA[1].u_fa/result[28]_INST_0_i_25/O
                         net (fo=2, routed)           0.407    20.794    GEN_BRAM.u_core/alu/u_mul/u_mul/GEN_ARRAY.u_mul/u_csa_row0/GEN_CSA_FA[1].u_fa/stage_carry[24]_22[28]
    SLICE_X11Y7          LUT3 (Prop_lut3_I0_O)        0.053    20.847 r  GEN_BRAM.u_core/alu/u_mul/u_mul/GEN_ARRAY.u_mul/u_csa_row0/GEN_CSA_FA[1].u_fa/result[28]_INST_0_i_8/O
                         net (fo=2, routed)           0.598    21.445    GEN_BRAM.u_core/alu/u_mul/u_mul/GEN_ARRAY.u_mul/u_csa_row0/GEN_CSA_FA[1].u_fa/stage_sum[25]_25[28]
    SLICE_X16Y10         LUT6 (Prop_lut6_I5_O)        0.053    21.498 r  GEN_BRAM.u_core/alu/u_mul/u_mul/GEN_ARRAY.u_mul/u_csa_row0/GEN_CSA_FA[1].u_fa/result[30]_INST_0_i_9/O
                         net (fo=2, routed)           0.424    21.922    GEN_BRAM.u_core/alu/u_mul/u_mul/GEN_ARRAY.u_mul/u_csa_row0/GEN_CSA_FA[1].u_fa/stage_carry[26]_24[29]
    SLICE_X16Y11         LUT6 (Prop_lut6_I4_O)        0.053    21.975 r  GEN_BRAM.u_core/alu/u_mul/u_mul/GEN_ARRAY.u_mul/u_csa_row0/GEN_CSA_FA[1].u_fa/result[30]_INST_0_i_4/O
                         net (fo=2, routed)           0.441    22.416    GEN_BRAM.u_core/alu/u_mul/u_mul/GEN_ARRAY.u_mul/u_csa_row0/GEN_CSA_FA[1].u_fa/stage_sum[27]_27[29]
    SLICE_X15Y11         LUT3 (Prop_lut3_I2_O)        0.056    22.472 r  GEN_BRAM.u_core/alu/u_mul/u_mul/GEN_ARRAY.u_mul/u_csa_row0/GEN_CSA_FA[1].u_fa/result[30]_INST_0_i_1/O
                         net (fo=5, routed)           0.738    23.210    GEN_BRAM.u_core/alu/u_mul/u_mul/GEN_ARRAY.u_mul/u_csa_row0/GEN_CSA_FA[1].u_fa/stage_carry[28]_26[30]
    SLICE_X15Y11         LUT5 (Prop_lut5_I1_O)        0.181    23.391 r  GEN_BRAM.u_core/alu/u_mul/u_mul/GEN_ARRAY.u_mul/u_csa_row0/GEN_CSA_FA[1].u_fa/result[1]_INST_0_i_6/O
                         net (fo=2, routed)           0.407    23.797    GEN_BRAM.u_core/alu/u_mul/u_mul/GEN_ARRAY.u_mul/u_csa_row0/GEN_CSA_FA[1].u_fa/u_final_cpa/GEN_FINAL_FA[32].u_fa/c2
    SLICE_X15Y12         LUT5 (Prop_lut5_I2_O)        0.180    23.977 r  GEN_BRAM.u_core/alu/u_mul/u_mul/GEN_ARRAY.u_mul/u_csa_row0/GEN_CSA_FA[1].u_fa/result[2]_INST_0_i_9/O
                         net (fo=2, routed)           0.448    24.426    GEN_BRAM.u_core/alu/u_mul/u_mul/GEN_ARRAY.u_mul/u_csa_row0/GEN_CSA_FA[1].u_fa/u_final_cpa/GEN_FINAL_FA[33].u_fa/c2
    SLICE_X15Y12         LUT5 (Prop_lut5_I2_O)        0.187    24.613 r  GEN_BRAM.u_core/alu/u_mul/u_mul/GEN_ARRAY.u_mul/u_csa_row0/GEN_CSA_FA[1].u_fa/result[4]_INST_0_i_14/O
                         net (fo=3, routed)           0.263    24.876    GEN_BRAM.u_core/alu/u_mul/u_mul/GEN_ARRAY.u_mul/u_csa_row0/GEN_CSA_FA[1].u_fa/u_final_cpa/c_35
    SLICE_X16Y12         LUT6 (Prop_lut6_I4_O)        0.169    25.045 r  GEN_BRAM.u_core/alu/u_mul/u_mul/GEN_ARRAY.u_mul/u_csa_row0/GEN_CSA_FA[1].u_fa/result[6]_INST_0_i_12/O
                         net (fo=3, routed)           0.326    25.371    GEN_BRAM.u_core/alu/u_mul/u_mul/GEN_ARRAY.u_mul/u_csa_row0/GEN_CSA_FA[1].u_fa/u_final_cpa/c_37
    SLICE_X16Y13         LUT6 (Prop_lut6_I4_O)        0.053    25.424 r  GEN_BRAM.u_core/alu/u_mul/u_mul/GEN_ARRAY.u_mul/u_csa_row0/GEN_CSA_FA[1].u_fa/result[8]_INST_0_i_13/O
                         net (fo=3, routed)           0.322    25.746    GEN_BRAM.u_core/alu/u_mul/u_mul/GEN_ARRAY.u_mul/u_csa_row0/GEN_CSA_FA[1].u_fa/u_final_cpa/c_39
    SLICE_X16Y14         LUT6 (Prop_lut6_I4_O)        0.053    25.799 r  GEN_BRAM.u_core/alu/u_mul/u_mul/GEN_ARRAY.u_mul/u_csa_row0/GEN_CSA_FA[1].u_fa/result[10]_INST_0_i_12/O
                         net (fo=3, routed)           0.153    25.953    GEN_BRAM.u_core/alu/u_mul/u_mul/GEN_ARRAY.u_mul/u_csa_row0/GEN_CSA_FA[1].u_fa/u_final_cpa/c_41
    SLICE_X16Y14         LUT6 (Prop_lut6_I4_O)        0.053    26.006 r  GEN_BRAM.u_core/alu/u_mul/u_mul/GEN_ARRAY.u_mul/u_csa_row0/GEN_CSA_FA[1].u_fa/result[12]_INST_0_i_13/O
                         net (fo=3, routed)           0.249    26.254    GEN_BRAM.u_core/alu/u_mul/u_mul/GEN_ARRAY.u_mul/u_csa_row0/GEN_CSA_FA[1].u_fa/u_final_cpa/c_43
    SLICE_X16Y15         LUT6 (Prop_lut6_I4_O)        0.053    26.307 r  GEN_BRAM.u_core/alu/u_mul/u_mul/GEN_ARRAY.u_mul/u_csa_row0/GEN_CSA_FA[1].u_fa/result[14]_INST_0_i_12/O
                         net (fo=3, routed)           0.298    26.606    GEN_BRAM.u_core/alu/u_mul/u_mul/GEN_ARRAY.u_mul/u_csa_row0/GEN_CSA_FA[1].u_fa/u_final_cpa/c_45
    SLICE_X17Y15         LUT6 (Prop_lut6_I4_O)        0.053    26.659 r  GEN_BRAM.u_core/alu/u_mul/u_mul/GEN_ARRAY.u_mul/u_csa_row0/GEN_CSA_FA[1].u_fa/result[16]_INST_0_i_13/O
                         net (fo=3, routed)           0.309    26.968    GEN_BRAM.u_core/alu/u_mul/u_mul/GEN_ARRAY.u_mul/u_csa_row0/GEN_CSA_FA[1].u_fa/u_final_cpa/c_47
    SLICE_X17Y16         LUT6 (Prop_lut6_I4_O)        0.053    27.021 r  GEN_BRAM.u_core/alu/u_mul/u_mul/GEN_ARRAY.u_mul/u_csa_row0/GEN_CSA_FA[1].u_fa/result[18]_INST_0_i_12/O
                         net (fo=3, routed)           0.138    27.159    GEN_BRAM.u_core/alu/u_mul/u_mul/GEN_ARRAY.u_mul/u_csa_row0/GEN_CSA_FA[1].u_fa/u_final_cpa/c_49
    SLICE_X17Y16         LUT6 (Prop_lut6_I4_O)        0.053    27.212 r  GEN_BRAM.u_core/alu/u_mul/u_mul/GEN_ARRAY.u_mul/u_csa_row0/GEN_CSA_FA[1].u_fa/result[20]_INST_0_i_13/O
                         net (fo=3, routed)           0.244    27.456    GEN_BRAM.u_core/alu/u_mul/u_mul/GEN_ARRAY.u_mul/u_csa_row0/GEN_CSA_FA[1].u_fa/u_final_cpa/c_51
    SLICE_X17Y17         LUT6 (Prop_lut6_I4_O)        0.053    27.509 r  GEN_BRAM.u_core/alu/u_mul/u_mul/GEN_ARRAY.u_mul/u_csa_row0/GEN_CSA_FA[1].u_fa/result[22]_INST_0_i_12/O
                         net (fo=3, routed)           0.138    27.647    GEN_BRAM.u_core/alu/u_mul/u_mul/GEN_ARRAY.u_mul/u_csa_row0/GEN_CSA_FA[1].u_fa/u_final_cpa/c_53
    SLICE_X17Y17         LUT6 (Prop_lut6_I4_O)        0.053    27.700 r  GEN_BRAM.u_core/alu/u_mul/u_mul/GEN_ARRAY.u_mul/u_csa_row0/GEN_CSA_FA[1].u_fa/result[24]_INST_0_i_13/O
                         net (fo=3, routed)           0.366    28.066    GEN_BRAM.u_core/alu/u_mul/u_mul/GEN_ARRAY.u_mul/u_csa_row0/GEN_CSA_FA[1].u_fa/u_final_cpa/c_55
    SLICE_X17Y18         LUT6 (Prop_lut6_I4_O)        0.053    28.119 r  GEN_BRAM.u_core/alu/u_mul/u_mul/GEN_ARRAY.u_mul/u_csa_row0/GEN_CSA_FA[1].u_fa/result[26]_INST_0_i_12/O
                         net (fo=3, routed)           0.317    28.436    GEN_BRAM.u_core/alu/u_mul/u_mul/GEN_ARRAY.u_mul/u_csa_row0/GEN_CSA_FA[1].u_fa/u_final_cpa/c_57
    SLICE_X17Y18         LUT6 (Prop_lut6_I4_O)        0.053    28.489 r  GEN_BRAM.u_core/alu/u_mul/u_mul/GEN_ARRAY.u_mul/u_csa_row0/GEN_CSA_FA[1].u_fa/result[28]_INST_0_i_13/O
                         net (fo=3, routed)           0.367    28.856    GEN_BRAM.u_core/alu/u_mul/u_mul/GEN_ARRAY.u_mul/u_csa_row0/GEN_CSA_FA[1].u_fa/u_final_cpa/c_59
    SLICE_X17Y19         LUT6 (Prop_lut6_I4_O)        0.053    28.909 r  GEN_BRAM.u_core/alu/u_mul/u_mul/GEN_ARRAY.u_mul/u_csa_row0/GEN_CSA_FA[1].u_fa/result[31]_INST_0_i_13/O
                         net (fo=3, routed)           0.259    29.168    GEN_BRAM.u_core/alu/u_mul/u_mul/GEN_ARRAY.u_mul/u_csa_row0/GEN_CSA_FA[1].u_fa/u_final_cpa/c_61
    SLICE_X15Y19         LUT5 (Prop_lut5_I4_O)        0.053    29.221 r  GEN_BRAM.u_core/alu/u_mul/u_mul/GEN_ARRAY.u_mul/u_csa_row0/GEN_CSA_FA[1].u_fa/result[29]_INST_0_i_2/O
                         net (fo=2, routed)           0.000    29.221    GEN_BRAM.u_core/alu/u_mul/u_mul/GEN_ARRAY.u_mul/u_csa_row0/GEN_CSA_FA[1].u_fa/p_0_in[61]
    SLICE_X15Y19         CARRY4 (Prop_carry4_S[0]_O[1])
                                                      0.271    29.492 r  GEN_BRAM.u_core/alu/u_mul/u_mul/GEN_ARRAY.u_mul/u_csa_row0/GEN_CSA_FA[1].u_fa/result[31]_INST_0_i_6/O[1]
                         net (fo=1, routed)           0.282    29.774    GEN_BRAM.u_core/alu/u_mul/u_mul/GEN_ARRAY.u_mul/u_csa_row0/GEN_CSA_FA[1].u_fa/signed_product0[62]
    SLICE_X14Y19         LUT6 (Prop_lut6_I5_O)        0.152    29.926 r  GEN_BRAM.u_core/alu/u_mul/u_mul/GEN_ARRAY.u_mul/u_csa_row0/GEN_CSA_FA[1].u_fa/result[30]_INST_0/O
                         net (fo=1, routed)           0.401    30.327    GEN_BRAM.u_core/reg_file/result[26]
    SLICE_X14Y21         LUT6 (Prop_lut6_I2_O)        0.053    30.380 r  GEN_BRAM.u_core/reg_file/debug_alu_out_OBUF[30]_inst_i_4/O
                         net (fo=1, routed)           0.212    30.592    GEN_BRAM.u_core/reg_file/debug_alu_out_OBUF[30]_inst_i_4_n_0
    SLICE_X14Y21         LUT6 (Prop_lut6_I5_O)        0.053    30.645 r  GEN_BRAM.u_core/reg_file/debug_alu_out_OBUF[30]_inst_i_1/O
                         net (fo=3, routed)           0.354    31.000    GEN_BRAM.u_core/wb_mux/debug_alu_out_OBUF[30]
    SLICE_X13Y19         LUT6 (Prop_lut6_I0_O)        0.053    31.053 r  GEN_BRAM.u_core/wb_mux/registers_reg_r1_0_31_30_31_i_3/O
                         net (fo=1, routed)           0.131    31.184    GEN_BRAM.u_core/divider/wb_exec[30]
    SLICE_X13Y19         LUT6 (Prop_lut6_I5_O)        0.053    31.237 r  GEN_BRAM.u_core/divider/registers_reg_r1_0_31_30_31_i_1/O
                         net (fo=4, routed)           0.385    31.622    GEN_BRAM.u_core/reg_file/registers_reg_r1_0_31_30_31/D
    SLICE_X14Y20         RAMD32                                       r  GEN_BRAM.u_core/reg_file/registers_reg_r1_0_31_30_31/DP/I
  -------------------------------------------------------------------    -------------------

                         (clock sys_clk rise edge)   30.000    30.000 r  
    AD23                                              0.000    30.000 r  clk (IN)
                         net (fo=0)                   0.000    30.000    clk
    AD23                 IBUF (Prop_ibuf_I_O)         0.796    30.796 r  clk_IBUF_inst/O
                         net (fo=1, routed)           1.741    32.537    clk_IBUF
    BUFGCTRL_X0Y0        BUFG (Prop_bufg_I_O)         0.113    32.650 r  clk_IBUF_BUFG_inst/O
                         net (fo=350, routed)         1.533    34.183    GEN_BRAM.u_core/reg_file/registers_reg_r1_0_31_30_31/WCLK
    SLICE_X14Y20         RAMD32                                       r  GEN_BRAM.u_core/reg_file/registers_reg_r1_0_31_30_31/DP/CLK
                         clock pessimism              0.263    34.447    
                         clock uncertainty           -0.035    34.411    
    SLICE_X14Y20         RAMD32 (Setup_ramd32_CLK_I)
                                                     -0.174    34.237    GEN_BRAM.u_core/reg_file/registers_reg_r1_0_31_30_31/DP
  -------------------------------------------------------------------
                         required time                         34.237    
                         arrival time                         -31.622    
  -------------------------------------------------------------------
                         slack                                  2.615    

Slack (MET) :             2.623ns  (required time - arrival time)
  Source:                 GEN_BRAM.u_core/ir_reg[17]/C
                            (rising edge-triggered cell FDCE clocked by sys_clk  {rise@0.000ns fall@15.000ns period=30.000ns})
  Destination:            GEN_BRAM.u_core/reg_file/registers_reg_r2_0_31_30_31/SP/I
                            (rising edge-triggered cell RAMD32 clocked by sys_clk  {rise@0.000ns fall@15.000ns period=30.000ns})
  Path Group:             sys_clk
  Path Type:              Setup (Max at Slow Process Corner)
  Requirement:            30.000ns  (sys_clk rise@30.000ns - sys_clk rise@0.000ns)
  Data Path Delay:        27.190ns  (logic 4.183ns (15.385%)  route 23.007ns (84.615%))
  Logic Levels:           56  (CARRY4=1 LUT3=14 LUT4=2 LUT5=16 LUT6=22 RAMD32=1)
  Clock Path Skew:        -0.023ns (DCD - SCD + CPR)
    Destination Clock Delay (DCD):    4.183ns = ( 34.183 - 30.000 ) 
    Source Clock Delay      (SCD):    4.470ns
    Clock Pessimism Removal (CPR):    0.263ns
  Clock Uncertainty:      0.035ns  ((TSJ^2 + TIJ^2)^1/2 + DJ) / 2 + PE
    Total System Jitter     (TSJ):    0.071ns
    Total Input Jitter      (TIJ):    0.000ns
    Discrete Jitter          (DJ):    0.000ns
    Phase Error              (PE):    0.000ns

    Location             Delay type                Incr(ns)  Path(ns)    Netlist Resource(s)
  -------------------------------------------------------------------    -------------------
                         (clock sys_clk rise edge)    0.000     0.000 r  
    AD23                                              0.000     0.000 r  clk (IN)
                         net (fo=0)                   0.000     0.000    clk
    AD23                 IBUF (Prop_ibuf_I_O)         0.873     0.873 r  clk_IBUF_inst/O
                         net (fo=1, routed)           1.830     2.703    clk_IBUF
    BUFGCTRL_X0Y0        BUFG (Prop_bufg_I_O)         0.120     2.823 r  clk_IBUF_BUFG_inst/O
                         net (fo=350, routed)         1.647     4.470    GEN_BRAM.u_core/clk_IBUF_BUFG
    SLICE_X13Y17         FDCE                                         r  GEN_BRAM.u_core/ir_reg[17]/C
  -------------------------------------------------------------------    -------------------
    SLICE_X13Y17         FDCE (Prop_fdce_C_Q)         0.269     4.739 r  GEN_BRAM.u_core/ir_reg[17]/Q
                         net (fo=97, routed)          0.894     5.633    GEN_BRAM.u_core/reg_file/registers_reg_r1_0_31_30_31__0/DPRA2
    SLICE_X14Y20         RAMD32 (Prop_ramd32_RADR2_O)
                                                      0.063     5.696 r  GEN_BRAM.u_core/reg_file/registers_reg_r1_0_31_30_31__0/DP/O
                         net (fo=11, routed)          0.758     6.454    GEN_BRAM.u_core/alu_mux_a/dataR10[31]
    SLICE_X11Y23         LUT4 (Prop_lut4_I1_O)        0.164     6.618 f  GEN_BRAM.u_core/alu_mux_a/u_adder_i_1/O
                         net (fo=96, routed)          0.579     7.196    GEN_BRAM.u_core/alu/u_mul/u_mul/GEN_ARRAY.u_mul/u_csa_row0/GEN_CSA_FA[1].u_fa/result[31]_INST_0_i_35_n_0
    SLICE_X10Y16         LUT4 (Prop_lut4_I0_O)        0.053     7.249 r  GEN_BRAM.u_core/alu/u_mul/u_mul/GEN_ARRAY.u_mul/u_csa_row0/GEN_CSA_FA[1].u_fa/result[2]_INST_0_i_3/O
                         net (fo=149, routed)         1.003     8.253    GEN_BRAM.u_core/alu/u_mul/u_mul/GEN_ARRAY.u_mul/u_csa_row0/GEN_CSA_FA[1].u_fa/result[2]_INST_0_i_3_n_0
    SLICE_X12Y14         LUT6 (Prop_lut6_I1_O)        0.053     8.306 r  GEN_BRAM.u_core/alu/u_mul/u_mul/GEN_ARRAY.u_mul/u_csa_row0/GEN_CSA_FA[1].u_fa/result[6]_INST_0_i_52/O
                         net (fo=2, routed)           0.330     8.636    GEN_BRAM.u_core/alu/u_mul/u_mul/GEN_ARRAY.u_mul/u_csa_row0/GEN_CSA_FA[1].u_fa/pp[2]_91[6]
    SLICE_X12Y14         LUT6 (Prop_lut6_I5_O)        0.053     8.689 r  GEN_BRAM.u_core/alu/u_mul/u_mul/GEN_ARRAY.u_mul/u_csa_row0/GEN_CSA_FA[1].u_fa/result[6]_INST_0_i_35/O
                         net (fo=3, routed)           0.479     9.168    GEN_BRAM.u_core/alu/u_mul/u_mul/GEN_ARRAY.u_mul/u_csa_row0/GEN_CSA_FA[1].u_fa/stage_sum[0]_28[6]
    SLICE_X12Y14         LUT3 (Prop_lut3_I1_O)        0.053     9.221 r  GEN_BRAM.u_core/alu/u_mul/u_mul/GEN_ARRAY.u_mul/u_csa_row0/GEN_CSA_FA[1].u_fa/result[8]_INST_0_i_67/O
                         net (fo=2, routed)           0.492     9.713    GEN_BRAM.u_core/alu/u_mul/u_mul/GEN_ARRAY.u_mul/u_csa_row0/GEN_CSA_FA[1].u_fa/stage_carry[1]_43[7]
    SLICE_X11Y14         LUT5 (Prop_lut5_I3_O)        0.053     9.766 r  GEN_BRAM.u_core/alu/u_mul/u_mul/GEN_ARRAY.u_mul/u_csa_row0/GEN_CSA_FA[1].u_fa/result[8]_INST_0_i_44/O
                         net (fo=3, routed)           0.306    10.072    GEN_BRAM.u_core/alu/u_mul/u_mul/GEN_ARRAY.u_mul/u_csa_row0/GEN_CSA_FA[1].u_fa/stage_carry[2]_0[8]
    SLICE_X10Y14         LUT3 (Prop_lut3_I0_O)        0.053    10.125 r  GEN_BRAM.u_core/alu/u_mul/u_mul/GEN_ARRAY.u_mul/u_csa_row0/GEN_CSA_FA[1].u_fa/result[10]_INST_0_i_52/O
                         net (fo=2, routed)           0.436    10.561    GEN_BRAM.u_core/alu/u_mul/u_mul/GEN_ARRAY.u_mul/u_csa_row0/GEN_CSA_FA[1].u_fa/stage_carry[3]_44[9]
    SLICE_X9Y14          LUT5 (Prop_lut5_I3_O)        0.053    10.614 r  GEN_BRAM.u_core/alu/u_mul/u_mul/GEN_ARRAY.u_mul/u_csa_row0/GEN_CSA_FA[1].u_fa/result[10]_INST_0_i_34/O
                         net (fo=3, routed)           0.435    11.048    GEN_BRAM.u_core/alu/u_mul/u_mul/GEN_ARRAY.u_mul/u_csa_row0/GEN_CSA_FA[1].u_fa/stage_carry[4]_2[10]
    SLICE_X7Y14          LUT3 (Prop_lut3_I0_O)        0.053    11.101 r  GEN_BRAM.u_core/alu/u_mul/u_mul/GEN_ARRAY.u_mul/u_csa_row0/GEN_CSA_FA[1].u_fa/result[12]_INST_0_i_69/O
                         net (fo=2, routed)           0.204    11.305    GEN_BRAM.u_core/alu/u_mul/u_mul/GEN_ARRAY.u_mul/u_csa_row0/GEN_CSA_FA[1].u_fa/stage_carry[5]_45[11]
    SLICE_X7Y14          LUT5 (Prop_lut5_I3_O)        0.053    11.358 r  GEN_BRAM.u_core/alu/u_mul/u_mul/GEN_ARRAY.u_mul/u_csa_row0/GEN_CSA_FA[1].u_fa/result[12]_INST_0_i_45/O
                         net (fo=3, routed)           0.687    12.045    GEN_BRAM.u_core/alu/u_mul/u_mul/GEN_ARRAY.u_mul/u_csa_row0/GEN_CSA_FA[1].u_fa/stage_carry[6]_4[12]
    SLICE_X8Y12          LUT3 (Prop_lut3_I0_O)        0.053    12.098 r  GEN_BRAM.u_core/alu/u_mul/u_mul/GEN_ARRAY.u_mul/u_csa_row0/GEN_CSA_FA[1].u_fa/result[14]_INST_0_i_52/O
                         net (fo=2, routed)           0.617    12.714    GEN_BRAM.u_core/alu/u_mul/u_mul/GEN_ARRAY.u_mul/u_csa_row0/GEN_CSA_FA[1].u_fa/stage_carry[7]_46[13]
    SLICE_X7Y11          LUT5 (Prop_lut5_I3_O)        0.053    12.767 r  GEN_BRAM.u_core/alu/u_mul/u_mul/GEN_ARRAY.u_mul/u_csa_row0/GEN_CSA_FA[1].u_fa/result[14]_INST_0_i_34/O
                         net (fo=3, routed)           0.325    13.093    GEN_BRAM.u_core/alu/u_mul/u_mul/GEN_ARRAY.u_mul/u_csa_row0/GEN_CSA_FA[1].u_fa/stage_carry[8]_6[14]
    SLICE_X7Y11          LUT3 (Prop_lut3_I0_O)        0.053    13.146 r  GEN_BRAM.u_core/alu/u_mul/u_mul/GEN_ARRAY.u_mul/u_csa_row0/GEN_CSA_FA[1].u_fa/result[16]_INST_0_i_67/O
                         net (fo=2, routed)           0.368    13.514    GEN_BRAM.u_core/alu/u_mul/u_mul/GEN_ARRAY.u_mul/u_csa_row0/GEN_CSA_FA[1].u_fa/stage_carry[9]_47[15]
    SLICE_X6Y11          LUT5 (Prop_lut5_I3_O)        0.053    13.567 r  GEN_BRAM.u_core/alu/u_mul/u_mul/GEN_ARRAY.u_mul/u_csa_row0/GEN_CSA_FA[1].u_fa/result[16]_INST_0_i_44/O
                         net (fo=3, routed)           0.347    13.914    GEN_BRAM.u_core/alu/u_mul/u_mul/GEN_ARRAY.u_mul/u_csa_row0/GEN_CSA_FA[1].u_fa/stage_carry[10]_8[16]
    SLICE_X3Y11          LUT3 (Prop_lut3_I0_O)        0.053    13.967 r  GEN_BRAM.u_core/alu/u_mul/u_mul/GEN_ARRAY.u_mul/u_csa_row0/GEN_CSA_FA[1].u_fa/result[18]_INST_0_i_52/O
                         net (fo=2, routed)           0.423    14.390    GEN_BRAM.u_core/alu/u_mul/u_mul/GEN_ARRAY.u_mul/u_csa_row0/GEN_CSA_FA[1].u_fa/stage_carry[11]_48[17]
    SLICE_X3Y13          LUT5 (Prop_lut5_I3_O)        0.053    14.443 r  GEN_BRAM.u_core/alu/u_mul/u_mul/GEN_ARRAY.u_mul/u_csa_row0/GEN_CSA_FA[1].u_fa/result[18]_INST_0_i_34/O
                         net (fo=3, routed)           0.533    14.976    GEN_BRAM.u_core/alu/u_mul/u_mul/GEN_ARRAY.u_mul/u_csa_row0/GEN_CSA_FA[1].u_fa/stage_carry[12]_10[18]
    SLICE_X7Y10          LUT3 (Prop_lut3_I0_O)        0.053    15.029 r  GEN_BRAM.u_core/alu/u_mul/u_mul/GEN_ARRAY.u_mul/u_csa_row0/GEN_CSA_FA[1].u_fa/result[20]_INST_0_i_67/O
                         net (fo=2, routed)           0.502    15.530    GEN_BRAM.u_core/alu/u_mul/u_mul/GEN_ARRAY.u_mul/u_csa_row0/GEN_CSA_FA[1].u_fa/stage_carry[13]_49[19]
    SLICE_X9Y10          LUT5 (Prop_lut5_I3_O)        0.053    15.583 r  GEN_BRAM.u_core/alu/u_mul/u_mul/GEN_ARRAY.u_mul/u_csa_row0/GEN_CSA_FA[1].u_fa/result[20]_INST_0_i_44/O
                         net (fo=3, routed)           0.384    15.967    GEN_BRAM.u_core/alu/u_mul/u_mul/GEN_ARRAY.u_mul/u_csa_row0/GEN_CSA_FA[1].u_fa/stage_carry[14]_12[20]
    SLICE_X8Y10          LUT3 (Prop_lut3_I0_O)        0.053    16.020 r  GEN_BRAM.u_core/alu/u_mul/u_mul/GEN_ARRAY.u_mul/u_csa_row0/GEN_CSA_FA[1].u_fa/result[22]_INST_0_i_52/O
                         net (fo=2, routed)           0.376    16.396    GEN_BRAM.u_core/alu/u_mul/u_mul/GEN_ARRAY.u_mul/u_csa_row0/GEN_CSA_FA[1].u_fa/stage_carry[15]_50[21]
    SLICE_X7Y10          LUT5 (Prop_lut5_I3_O)        0.053    16.449 r  GEN_BRAM.u_core/alu/u_mul/u_mul/GEN_ARRAY.u_mul/u_csa_row0/GEN_CSA_FA[1].u_fa/result[22]_INST_0_i_34/O
                         net (fo=3, routed)           0.481    16.929    GEN_BRAM.u_core/alu/u_mul/u_mul/GEN_ARRAY.u_mul/u_csa_row0/GEN_CSA_FA[1].u_fa/stage_carry[16]_14[22]
    SLICE_X6Y9           LUT3 (Prop_lut3_I0_O)        0.053    16.982 r  GEN_BRAM.u_core/alu/u_mul/u_mul/GEN_ARRAY.u_mul/u_csa_row0/GEN_CSA_FA[1].u_fa/result[24]_INST_0_i_67/O
                         net (fo=2, routed)           0.340    17.323    GEN_BRAM.u_core/alu/u_mul/u_mul/GEN_ARRAY.u_mul/u_csa_row0/GEN_CSA_FA[1].u_fa/stage_carry[17]_51[23]
    SLICE_X3Y9           LUT5 (Prop_lut5_I3_O)        0.053    17.376 r  GEN_BRAM.u_core/alu/u_mul/u_mul/GEN_ARRAY.u_mul/u_csa_row0/GEN_CSA_FA[1].u_fa/result[24]_INST_0_i_40/O
                         net (fo=3, routed)           0.433    17.809    GEN_BRAM.u_core/alu/u_mul/u_mul/GEN_ARRAY.u_mul/u_csa_row0/GEN_CSA_FA[1].u_fa/stage_sum[18]_34[23]
    SLICE_X5Y8           LUT3 (Prop_lut3_I1_O)        0.053    17.862 r  GEN_BRAM.u_core/alu/u_mul/u_mul/GEN_ARRAY.u_mul/u_csa_row0/GEN_CSA_FA[1].u_fa/result[24]_INST_0_i_47/O
                         net (fo=2, routed)           0.308    18.169    GEN_BRAM.u_core/alu/u_mul/u_mul/GEN_ARRAY.u_mul/u_csa_row0/GEN_CSA_FA[1].u_fa/stage_carry[19]_52[24]
    SLICE_X5Y8           LUT5 (Prop_lut5_I3_O)        0.053    18.222 r  GEN_BRAM.u_core/alu/u_mul/u_mul/GEN_ARRAY.u_mul/u_csa_row0/GEN_CSA_FA[1].u_fa/result[24]_INST_0_i_26/O
                         net (fo=2, routed)           0.582    18.805    GEN_BRAM.u_core/alu/u_mul/u_mul/GEN_ARRAY.u_mul/u_csa_row0/GEN_CSA_FA[1].u_fa/stage_sum[20]_33[24]
    SLICE_X8Y9           LUT3 (Prop_lut3_I1_O)        0.053    18.858 r  GEN_BRAM.u_core/alu/u_mul/u_mul/GEN_ARRAY.u_mul/u_csa_row0/GEN_CSA_FA[1].u_fa/result[26]_INST_0_i_32/O
                         net (fo=2, routed)           0.466    19.324    GEN_BRAM.u_core/alu/u_mul/u_mul/GEN_ARRAY.u_mul/u_csa_row0/GEN_CSA_FA[1].u_fa/stage_carry[21]_53[25]
    SLICE_X8Y9           LUT5 (Prop_lut5_I3_O)        0.053    19.377 r  GEN_BRAM.u_core/alu/u_mul/u_mul/GEN_ARRAY.u_mul/u_csa_row0/GEN_CSA_FA[1].u_fa/result[26]_INST_0_i_16/O
                         net (fo=2, routed)           0.479    19.855    GEN_BRAM.u_core/alu/u_mul/u_mul/GEN_ARRAY.u_mul/u_csa_row0/GEN_CSA_FA[1].u_fa/stage_carry[22]_20[26]
    SLICE_X8Y8           LUT3 (Prop_lut3_I0_O)        0.053    19.908 r  GEN_BRAM.u_core/alu/u_mul/u_mul/GEN_ARRAY.u_mul/u_csa_row0/GEN_CSA_FA[1].u_fa/result[28]_INST_0_i_42/O
                         net (fo=2, routed)           0.426    20.334    GEN_BRAM.u_core/alu/u_mul/u_mul/GEN_ARRAY.u_mul/u_csa_row0/GEN_CSA_FA[1].u_fa/stage_carry[23]_54[27]
    SLICE_X8Y7           LUT5 (Prop_lut5_I3_O)        0.053    20.387 r  GEN_BRAM.u_core/alu/u_mul/u_mul/GEN_ARRAY.u_mul/u_csa_row0/GEN_CSA_FA[1].u_fa/result[28]_INST_0_i_25/O
                         net (fo=2, routed)           0.407    20.794    GEN_BRAM.u_core/alu/u_mul/u_mul/GEN_ARRAY.u_mul/u_csa_row0/GEN_CSA_FA[1].u_fa/stage_carry[24]_22[28]
    SLICE_X11Y7          LUT3 (Prop_lut3_I0_O)        0.053    20.847 r  GEN_BRAM.u_core/alu/u_mul/u_mul/GEN_ARRAY.u_mul/u_csa_row0/GEN_CSA_FA[1].u_fa/result[28]_INST_0_i_8/O
                         net (fo=2, routed)           0.598    21.445    GEN_BRAM.u_core/alu/u_mul/u_mul/GEN_ARRAY.u_mul/u_csa_row0/GEN_CSA_FA[1].u_fa/stage_sum[25]_25[28]
    SLICE_X16Y10         LUT6 (Prop_lut6_I5_O)        0.053    21.498 r  GEN_BRAM.u_core/alu/u_mul/u_mul/GEN_ARRAY.u_mul/u_csa_row0/GEN_CSA_FA[1].u_fa/result[30]_INST_0_i_9/O
                         net (fo=2, routed)           0.424    21.922    GEN_BRAM.u_core/alu/u_mul/u_mul/GEN_ARRAY.u_mul/u_csa_row0/GEN_CSA_FA[1].u_fa/stage_carry[26]_24[29]
    SLICE_X16Y11         LUT6 (Prop_lut6_I4_O)        0.053    21.975 r  GEN_BRAM.u_core/alu/u_mul/u_mul/GEN_ARRAY.u_mul/u_csa_row0/GEN_CSA_FA[1].u_fa/result[30]_INST_0_i_4/O
                         net (fo=2, routed)           0.441    22.416    GEN_BRAM.u_core/alu/u_mul/u_mul/GEN_ARRAY.u_mul/u_csa_row0/GEN_CSA_FA[1].u_fa/stage_sum[27]_27[29]
    SLICE_X15Y11         LUT3 (Prop_lut3_I2_O)        0.056    22.472 r  GEN_BRAM.u_core/alu/u_mul/u_mul/GEN_ARRAY.u_mul/u_csa_row0/GEN_CSA_FA[1].u_fa/result[30]_INST_0_i_1/O
                         net (fo=5, routed)           0.738    23.210    GEN_BRAM.u_core/alu/u_mul/u_mul/GEN_ARRAY.u_mul/u_csa_row0/GEN_CSA_FA[1].u_fa/stage_carry[28]_26[30]
    SLICE_X15Y11         LUT5 (Prop_lut5_I1_O)        0.181    23.391 r  GEN_BRAM.u_core/alu/u_mul/u_mul/GEN_ARRAY.u_mul/u_csa_row0/GEN_CSA_FA[1].u_fa/result[1]_INST_0_i_6/O
                         net (fo=2, routed)           0.407    23.797    GEN_BRAM.u_core/alu/u_mul/u_mul/GEN_ARRAY.u_mul/u_csa_row0/GEN_CSA_FA[1].u_fa/u_final_cpa/GEN_FINAL_FA[32].u_fa/c2
    SLICE_X15Y12         LUT5 (Prop_lut5_I2_O)        0.180    23.977 r  GEN_BRAM.u_core/alu/u_mul/u_mul/GEN_ARRAY.u_mul/u_csa_row0/GEN_CSA_FA[1].u_fa/result[2]_INST_0_i_9/O
                         net (fo=2, routed)           0.448    24.426    GEN_BRAM.u_core/alu/u_mul/u_mul/GEN_ARRAY.u_mul/u_csa_row0/GEN_CSA_FA[1].u_fa/u_final_cpa/GEN_FINAL_FA[33].u_fa/c2
    SLICE_X15Y12         LUT5 (Prop_lut5_I2_O)        0.187    24.613 r  GEN_BRAM.u_core/alu/u_mul/u_mul/GEN_ARRAY.u_mul/u_csa_row0/GEN_CSA_FA[1].u_fa/result[4]_INST_0_i_14/O
                         net (fo=3, routed)           0.263    24.876    GEN_BRAM.u_core/alu/u_mul/u_mul/GEN_ARRAY.u_mul/u_csa_row0/GEN_CSA_FA[1].u_fa/u_final_cpa/c_35
    SLICE_X16Y12         LUT6 (Prop_lut6_I4_O)        0.169    25.045 r  GEN_BRAM.u_core/alu/u_mul/u_mul/GEN_ARRAY.u_mul/u_csa_row0/GEN_CSA_FA[1].u_fa/result[6]_INST_0_i_12/O
                         net (fo=3, routed)           0.326    25.371    GEN_BRAM.u_core/alu/u_mul/u_mul/GEN_ARRAY.u_mul/u_csa_row0/GEN_CSA_FA[1].u_fa/u_final_cpa/c_37
    SLICE_X16Y13         LUT6 (Prop_lut6_I4_O)        0.053    25.424 r  GEN_BRAM.u_core/alu/u_mul/u_mul/GEN_ARRAY.u_mul/u_csa_row0/GEN_CSA_FA[1].u_fa/result[8]_INST_0_i_13/O
                         net (fo=3, routed)           0.322    25.746    GEN_BRAM.u_core/alu/u_mul/u_mul/GEN_ARRAY.u_mul/u_csa_row0/GEN_CSA_FA[1].u_fa/u_final_cpa/c_39
    SLICE_X16Y14         LUT6 (Prop_lut6_I4_O)        0.053    25.799 r  GEN_BRAM.u_core/alu/u_mul/u_mul/GEN_ARRAY.u_mul/u_csa_row0/GEN_CSA_FA[1].u_fa/result[10]_INST_0_i_12/O
                         net (fo=3, routed)           0.153    25.953    GEN_BRAM.u_core/alu/u_mul/u_mul/GEN_ARRAY.u_mul/u_csa_row0/GEN_CSA_FA[1].u_fa/u_final_cpa/c_41
    SLICE_X16Y14         LUT6 (Prop_lut6_I4_O)        0.053    26.006 r  GEN_BRAM.u_core/alu/u_mul/u_mul/GEN_ARRAY.u_mul/u_csa_row0/GEN_CSA_FA[1].u_fa/result[12]_INST_0_i_13/O
                         net (fo=3, routed)           0.249    26.254    GEN_BRAM.u_core/alu/u_mul/u_mul/GEN_ARRAY.u_mul/u_csa_row0/GEN_CSA_FA[1].u_fa/u_final_cpa/c_43
    SLICE_X16Y15         LUT6 (Prop_lut6_I4_O)        0.053    26.307 r  GEN_BRAM.u_core/alu/u_mul/u_mul/GEN_ARRAY.u_mul/u_csa_row0/GEN_CSA_FA[1].u_fa/result[14]_INST_0_i_12/O
                         net (fo=3, routed)           0.298    26.606    GEN_BRAM.u_core/alu/u_mul/u_mul/GEN_ARRAY.u_mul/u_csa_row0/GEN_CSA_FA[1].u_fa/u_final_cpa/c_45
    SLICE_X17Y15         LUT6 (Prop_lut6_I4_O)        0.053    26.659 r  GEN_BRAM.u_core/alu/u_mul/u_mul/GEN_ARRAY.u_mul/u_csa_row0/GEN_CSA_FA[1].u_fa/result[16]_INST_0_i_13/O
                         net (fo=3, routed)           0.309    26.968    GEN_BRAM.u_core/alu/u_mul/u_mul/GEN_ARRAY.u_mul/u_csa_row0/GEN_CSA_FA[1].u_fa/u_final_cpa/c_47
    SLICE_X17Y16         LUT6 (Prop_lut6_I4_O)        0.053    27.021 r  GEN_BRAM.u_core/alu/u_mul/u_mul/GEN_ARRAY.u_mul/u_csa_row0/GEN_CSA_FA[1].u_fa/result[18]_INST_0_i_12/O
                         net (fo=3, routed)           0.138    27.159    GEN_BRAM.u_core/alu/u_mul/u_mul/GEN_ARRAY.u_mul/u_csa_row0/GEN_CSA_FA[1].u_fa/u_final_cpa/c_49
    SLICE_X17Y16         LUT6 (Prop_lut6_I4_O)        0.053    27.212 r  GEN_BRAM.u_core/alu/u_mul/u_mul/GEN_ARRAY.u_mul/u_csa_row0/GEN_CSA_FA[1].u_fa/result[20]_INST_0_i_13/O
                         net (fo=3, routed)           0.244    27.456    GEN_BRAM.u_core/alu/u_mul/u_mul/GEN_ARRAY.u_mul/u_csa_row0/GEN_CSA_FA[1].u_fa/u_final_cpa/c_51
    SLICE_X17Y17         LUT6 (Prop_lut6_I4_O)        0.053    27.509 r  GEN_BRAM.u_core/alu/u_mul/u_mul/GEN_ARRAY.u_mul/u_csa_row0/GEN_CSA_FA[1].u_fa/result[22]_INST_0_i_12/O
                         net (fo=3, routed)           0.138    27.647    GEN_BRAM.u_core/alu/u_mul/u_mul/GEN_ARRAY.u_mul/u_csa_row0/GEN_CSA_FA[1].u_fa/u_final_cpa/c_53
    SLICE_X17Y17         LUT6 (Prop_lut6_I4_O)        0.053    27.700 r  GEN_BRAM.u_core/alu/u_mul/u_mul/GEN_ARRAY.u_mul/u_csa_row0/GEN_CSA_FA[1].u_fa/result[24]_INST_0_i_13/O
                         net (fo=3, routed)           0.366    28.066    GEN_BRAM.u_core/alu/u_mul/u_mul/GEN_ARRAY.u_mul/u_csa_row0/GEN_CSA_FA[1].u_fa/u_final_cpa/c_55
    SLICE_X17Y18         LUT6 (Prop_lut6_I4_O)        0.053    28.119 r  GEN_BRAM.u_core/alu/u_mul/u_mul/GEN_ARRAY.u_mul/u_csa_row0/GEN_CSA_FA[1].u_fa/result[26]_INST_0_i_12/O
                         net (fo=3, routed)           0.317    28.436    GEN_BRAM.u_core/alu/u_mul/u_mul/GEN_ARRAY.u_mul/u_csa_row0/GEN_CSA_FA[1].u_fa/u_final_cpa/c_57
    SLICE_X17Y18         LUT6 (Prop_lut6_I4_O)        0.053    28.489 r  GEN_BRAM.u_core/alu/u_mul/u_mul/GEN_ARRAY.u_mul/u_csa_row0/GEN_CSA_FA[1].u_fa/result[28]_INST_0_i_13/O
                         net (fo=3, routed)           0.367    28.856    GEN_BRAM.u_core/alu/u_mul/u_mul/GEN_ARRAY.u_mul/u_csa_row0/GEN_CSA_FA[1].u_fa/u_final_cpa/c_59
    SLICE_X17Y19         LUT6 (Prop_lut6_I4_O)        0.053    28.909 r  GEN_BRAM.u_core/alu/u_mul/u_mul/GEN_ARRAY.u_mul/u_csa_row0/GEN_CSA_FA[1].u_fa/result[31]_INST_0_i_13/O
                         net (fo=3, routed)           0.259    29.168    GEN_BRAM.u_core/alu/u_mul/u_mul/GEN_ARRAY.u_mul/u_csa_row0/GEN_CSA_FA[1].u_fa/u_final_cpa/c_61
    SLICE_X15Y19         LUT5 (Prop_lut5_I4_O)        0.053    29.221 r  GEN_BRAM.u_core/alu/u_mul/u_mul/GEN_ARRAY.u_mul/u_csa_row0/GEN_CSA_FA[1].u_fa/result[29]_INST_0_i_2/O
                         net (fo=2, routed)           0.000    29.221    GEN_BRAM.u_core/alu/u_mul/u_mul/GEN_ARRAY.u_mul/u_csa_row0/GEN_CSA_FA[1].u_fa/p_0_in[61]
    SLICE_X15Y19         CARRY4 (Prop_carry4_S[0]_O[1])
                                                      0.271    29.492 r  GEN_BRAM.u_core/alu/u_mul/u_mul/GEN_ARRAY.u_mul/u_csa_row0/GEN_CSA_FA[1].u_fa/result[31]_INST_0_i_6/O[1]
                         net (fo=1, routed)           0.282    29.774    GEN_BRAM.u_core/alu/u_mul/u_mul/GEN_ARRAY.u_mul/u_csa_row0/GEN_CSA_FA[1].u_fa/signed_product0[62]
    SLICE_X14Y19         LUT6 (Prop_lut6_I5_O)        0.152    29.926 r  GEN_BRAM.u_core/alu/u_mul/u_mul/GEN_ARRAY.u_mul/u_csa_row0/GEN_CSA_FA[1].u_fa/result[30]_INST_0/O
                         net (fo=1, routed)           0.401    30.327    GEN_BRAM.u_core/reg_file/result[26]
    SLICE_X14Y21         LUT6 (Prop_lut6_I2_O)        0.053    30.380 r  GEN_BRAM.u_core/reg_file/debug_alu_out_OBUF[30]_inst_i_4/O
                         net (fo=1, routed)           0.212    30.592    GEN_BRAM.u_core/reg_file/debug_alu_out_OBUF[30]_inst_i_4_n_0
    SLICE_X14Y21         LUT6 (Prop_lut6_I5_O)        0.053    30.645 r  GEN_BRAM.u_core/reg_file/debug_alu_out_OBUF[30]_inst_i_1/O
                         net (fo=3, routed)           0.354    31.000    GEN_BRAM.u_core/wb_mux/debug_alu_out_OBUF[30]
    SLICE_X13Y19         LUT6 (Prop_lut6_I0_O)        0.053    31.053 r  GEN_BRAM.u_core/wb_mux/registers_reg_r1_0_31_30_31_i_3/O
                         net (fo=1, routed)           0.131    31.184    GEN_BRAM.u_core/divider/wb_exec[30]
    SLICE_X13Y19         LUT6 (Prop_lut6_I5_O)        0.053    31.237 r  GEN_BRAM.u_core/divider/registers_reg_r1_0_31_30_31_i_1/O
                         net (fo=4, routed)           0.422    31.659    GEN_BRAM.u_core/reg_file/registers_reg_r2_0_31_30_31/D
    SLICE_X14Y20         RAMD32                                       r  GEN_BRAM.u_core/reg_file/registers_reg_r2_0_31_30_31/SP/I
  -------------------------------------------------------------------    -------------------

                         (clock sys_clk rise edge)   30.000    30.000 r  
    AD23                                              0.000    30.000 r  clk (IN)
                         net (fo=0)                   0.000    30.000    clk
    AD23                 IBUF (Prop_ibuf_I_O)         0.796    30.796 r  clk_IBUF_inst/O
                         net (fo=1, routed)           1.741    32.537    clk_IBUF
    BUFGCTRL_X0Y0        BUFG (Prop_bufg_I_O)         0.113    32.650 r  clk_IBUF_BUFG_inst/O
                         net (fo=350, routed)         1.533    34.183    GEN_BRAM.u_core/reg_file/registers_reg_r2_0_31_30_31/WCLK
    SLICE_X14Y20         RAMD32                                       r  GEN_BRAM.u_core/reg_file/registers_reg_r2_0_31_30_31/SP/CLK
                         clock pessimism              0.263    34.447    
                         clock uncertainty           -0.035    34.411    
    SLICE_X14Y20         RAMD32 (Setup_ramd32_CLK_I)
                                                     -0.129    34.282    GEN_BRAM.u_core/reg_file/registers_reg_r2_0_31_30_31/SP
  -------------------------------------------------------------------
                         required time                         34.282    
                         arrival time                         -31.659    
  -------------------------------------------------------------------
                         slack                                  2.623    

Slack (MET) :             2.639ns  (required time - arrival time)
  Source:                 GEN_BRAM.u_core/ir_reg[17]/C
                            (rising edge-triggered cell FDCE clocked by sys_clk  {rise@0.000ns fall@15.000ns period=30.000ns})
  Destination:            GEN_BRAM.u_core/reg_file/registers_reg_r2_0_31_24_29/RAMC_D1/I
                            (rising edge-triggered cell RAMD32 clocked by sys_clk  {rise@0.000ns fall@15.000ns period=30.000ns})
  Path Group:             sys_clk
  Path Type:              Setup (Max at Slow Process Corner)
  Requirement:            30.000ns  (sys_clk rise@30.000ns - sys_clk rise@0.000ns)
  Data Path Delay:        27.122ns  (logic 4.062ns (14.977%)  route 23.060ns (85.024%))
  Logic Levels:           56  (CARRY4=1 LUT3=14 LUT4=2 LUT5=17 LUT6=21 RAMD32=1)
  Clock Path Skew:        -0.029ns (DCD - SCD + CPR)
    Destination Clock Delay (DCD):    4.184ns = ( 34.184 - 30.000 ) 
    Source Clock Delay      (SCD):    4.470ns
    Clock Pessimism Removal (CPR):    0.256ns
  Clock Uncertainty:      0.035ns  ((TSJ^2 + TIJ^2)^1/2 + DJ) / 2 + PE
    Total System Jitter     (TSJ):    0.071ns
    Total Input Jitter      (TIJ):    0.000ns
    Discrete Jitter          (DJ):    0.000ns
    Phase Error              (PE):    0.000ns

    Location             Delay type                Incr(ns)  Path(ns)    Netlist Resource(s)
  -------------------------------------------------------------------    -------------------
                         (clock sys_clk rise edge)    0.000     0.000 r  
    AD23                                              0.000     0.000 r  clk (IN)
                         net (fo=0)                   0.000     0.000    clk
    AD23                 IBUF (Prop_ibuf_I_O)         0.873     0.873 r  clk_IBUF_inst/O
                         net (fo=1, routed)           1.830     2.703    clk_IBUF
    BUFGCTRL_X0Y0        BUFG (Prop_bufg_I_O)         0.120     2.823 r  clk_IBUF_BUFG_inst/O
                         net (fo=350, routed)         1.647     4.470    GEN_BRAM.u_core/clk_IBUF_BUFG
    SLICE_X13Y17         FDCE                                         r  GEN_BRAM.u_core/ir_reg[17]/C
  -------------------------------------------------------------------    -------------------
    SLICE_X13Y17         FDCE (Prop_fdce_C_Q)         0.269     4.739 r  GEN_BRAM.u_core/ir_reg[17]/Q
                         net (fo=97, routed)          0.894     5.633    GEN_BRAM.u_core/reg_file/registers_reg_r1_0_31_30_31__0/DPRA2
    SLICE_X14Y20         RAMD32 (Prop_ramd32_RADR2_O)
                                                      0.063     5.696 r  GEN_BRAM.u_core/reg_file/registers_reg_r1_0_31_30_31__0/DP/O
                         net (fo=11, routed)          0.758     6.454    GEN_BRAM.u_core/alu_mux_a/dataR10[31]
    SLICE_X11Y23         LUT4 (Prop_lut4_I1_O)        0.164     6.618 f  GEN_BRAM.u_core/alu_mux_a/u_adder_i_1/O
                         net (fo=96, routed)          0.579     7.196    GEN_BRAM.u_core/alu/u_mul/u_mul/GEN_ARRAY.u_mul/u_csa_row0/GEN_CSA_FA[1].u_fa/result[31]_INST_0_i_35_n_0
    SLICE_X10Y16         LUT4 (Prop_lut4_I0_O)        0.053     7.249 r  GEN_BRAM.u_core/alu/u_mul/u_mul/GEN_ARRAY.u_mul/u_csa_row0/GEN_CSA_FA[1].u_fa/result[2]_INST_0_i_3/O
                         net (fo=149, routed)         1.003     8.253    GEN_BRAM.u_core/alu/u_mul/u_mul/GEN_ARRAY.u_mul/u_csa_row0/GEN_CSA_FA[1].u_fa/result[2]_INST_0_i_3_n_0
    SLICE_X12Y14         LUT6 (Prop_lut6_I1_O)        0.053     8.306 r  GEN_BRAM.u_core/alu/u_mul/u_mul/GEN_ARRAY.u_mul/u_csa_row0/GEN_CSA_FA[1].u_fa/result[6]_INST_0_i_52/O
                         net (fo=2, routed)           0.330     8.636    GEN_BRAM.u_core/alu/u_mul/u_mul/GEN_ARRAY.u_mul/u_csa_row0/GEN_CSA_FA[1].u_fa/pp[2]_91[6]
    SLICE_X12Y14         LUT6 (Prop_lut6_I5_O)        0.053     8.689 r  GEN_BRAM.u_core/alu/u_mul/u_mul/GEN_ARRAY.u_mul/u_csa_row0/GEN_CSA_FA[1].u_fa/result[6]_INST_0_i_35/O
                         net (fo=3, routed)           0.479     9.168    GEN_BRAM.u_core/alu/u_mul/u_mul/GEN_ARRAY.u_mul/u_csa_row0/GEN_CSA_FA[1].u_fa/stage_sum[0]_28[6]
    SLICE_X12Y14         LUT3 (Prop_lut3_I1_O)        0.053     9.221 r  GEN_BRAM.u_core/alu/u_mul/u_mul/GEN_ARRAY.u_mul/u_csa_row0/GEN_CSA_FA[1].u_fa/result[8]_INST_0_i_67/O
                         net (fo=2, routed)           0.492     9.713    GEN_BRAM.u_core/alu/u_mul/u_mul/GEN_ARRAY.u_mul/u_csa_row0/GEN_CSA_FA[1].u_fa/stage_carry[1]_43[7]
    SLICE_X11Y14         LUT5 (Prop_lut5_I3_O)        0.053     9.766 r  GEN_BRAM.u_core/alu/u_mul/u_mul/GEN_ARRAY.u_mul/u_csa_row0/GEN_CSA_FA[1].u_fa/result[8]_INST_0_i_44/O
                         net (fo=3, routed)           0.306    10.072    GEN_BRAM.u_core/alu/u_mul/u_mul/GEN_ARRAY.u_mul/u_csa_row0/GEN_CSA_FA[1].u_fa/stage_carry[2]_0[8]
    SLICE_X10Y14         LUT3 (Prop_lut3_I0_O)        0.053    10.125 r  GEN_BRAM.u_core/alu/u_mul/u_mul/GEN_ARRAY.u_mul/u_csa_row0/GEN_CSA_FA[1].u_fa/result[10]_INST_0_i_52/O
                         net (fo=2, routed)           0.436    10.561    GEN_BRAM.u_core/alu/u_mul/u_mul/GEN_ARRAY.u_mul/u_csa_row0/GEN_CSA_FA[1].u_fa/stage_carry[3]_44[9]
    SLICE_X9Y14          LUT5 (Prop_lut5_I3_O)        0.053    10.614 r  GEN_BRAM.u_core/alu/u_mul/u_mul/GEN_ARRAY.u_mul/u_csa_row0/GEN_CSA_FA[1].u_fa/result[10]_INST_0_i_34/O
                         net (fo=3, routed)           0.435    11.048    GEN_BRAM.u_core/alu/u_mul/u_mul/GEN_ARRAY.u_mul/u_csa_row0/GEN_CSA_FA[1].u_fa/stage_carry[4]_2[10]
    SLICE_X7Y14          LUT3 (Prop_lut3_I0_O)        0.053    11.101 r  GEN_BRAM.u_core/alu/u_mul/u_mul/GEN_ARRAY.u_mul/u_csa_row0/GEN_CSA_FA[1].u_fa/result[12]_INST_0_i_69/O
                         net (fo=2, routed)           0.204    11.305    GEN_BRAM.u_core/alu/u_mul/u_mul/GEN_ARRAY.u_mul/u_csa_row0/GEN_CSA_FA[1].u_fa/stage_carry[5]_45[11]
    SLICE_X7Y14          LUT5 (Prop_lut5_I3_O)        0.053    11.358 r  GEN_BRAM.u_core/alu/u_mul/u_mul/GEN_ARRAY.u_mul/u_csa_row0/GEN_CSA_FA[1].u_fa/result[12]_INST_0_i_45/O
                         net (fo=3, routed)           0.687    12.045    GEN_BRAM.u_core/alu/u_mul/u_mul/GEN_ARRAY.u_mul/u_csa_row0/GEN_CSA_FA[1].u_fa/stage_carry[6]_4[12]
    SLICE_X8Y12          LUT3 (Prop_lut3_I0_O)        0.053    12.098 r  GEN_BRAM.u_core/alu/u_mul/u_mul/GEN_ARRAY.u_mul/u_csa_row0/GEN_CSA_FA[1].u_fa/result[14]_INST_0_i_52/O
                         net (fo=2, routed)           0.617    12.714    GEN_BRAM.u_core/alu/u_mul/u_mul/GEN_ARRAY.u_mul/u_csa_row0/GEN_CSA_FA[1].u_fa/stage_carry[7]_46[13]
    SLICE_X7Y11          LUT5 (Prop_lut5_I3_O)        0.053    12.767 r  GEN_BRAM.u_core/alu/u_mul/u_mul/GEN_ARRAY.u_mul/u_csa_row0/GEN_CSA_FA[1].u_fa/result[14]_INST_0_i_34/O
                         net (fo=3, routed)           0.325    13.093    GEN_BRAM.u_core/alu/u_mul/u_mul/GEN_ARRAY.u_mul/u_csa_row0/GEN_CSA_FA[1].u_fa/stage_carry[8]_6[14]
    SLICE_X7Y11          LUT3 (Prop_lut3_I0_O)        0.053    13.146 r  GEN_BRAM.u_core/alu/u_mul/u_mul/GEN_ARRAY.u_mul/u_csa_row0/GEN_CSA_FA[1].u_fa/result[16]_INST_0_i_67/O
                         net (fo=2, routed)           0.368    13.514    GEN_BRAM.u_core/alu/u_mul/u_mul/GEN_ARRAY.u_mul/u_csa_row0/GEN_CSA_FA[1].u_fa/stage_carry[9]_47[15]
    SLICE_X6Y11          LUT5 (Prop_lut5_I3_O)        0.053    13.567 r  GEN_BRAM.u_core/alu/u_mul/u_mul/GEN_ARRAY.u_mul/u_csa_row0/GEN_CSA_FA[1].u_fa/result[16]_INST_0_i_44/O
                         net (fo=3, routed)           0.347    13.914    GEN_BRAM.u_core/alu/u_mul/u_mul/GEN_ARRAY.u_mul/u_csa_row0/GEN_CSA_FA[1].u_fa/stage_carry[10]_8[16]
    SLICE_X3Y11          LUT3 (Prop_lut3_I0_O)        0.053    13.967 r  GEN_BRAM.u_core/alu/u_mul/u_mul/GEN_ARRAY.u_mul/u_csa_row0/GEN_CSA_FA[1].u_fa/result[18]_INST_0_i_52/O
                         net (fo=2, routed)           0.423    14.390    GEN_BRAM.u_core/alu/u_mul/u_mul/GEN_ARRAY.u_mul/u_csa_row0/GEN_CSA_FA[1].u_fa/stage_carry[11]_48[17]
    SLICE_X3Y13          LUT5 (Prop_lut5_I3_O)        0.053    14.443 r  GEN_BRAM.u_core/alu/u_mul/u_mul/GEN_ARRAY.u_mul/u_csa_row0/GEN_CSA_FA[1].u_fa/result[18]_INST_0_i_34/O
                         net (fo=3, routed)           0.533    14.976    GEN_BRAM.u_core/alu/u_mul/u_mul/GEN_ARRAY.u_mul/u_csa_row0/GEN_CSA_FA[1].u_fa/stage_carry[12]_10[18]
    SLICE_X7Y10          LUT3 (Prop_lut3_I0_O)        0.053    15.029 r  GEN_BRAM.u_core/alu/u_mul/u_mul/GEN_ARRAY.u_mul/u_csa_row0/GEN_CSA_FA[1].u_fa/result[20]_INST_0_i_67/O
                         net (fo=2, routed)           0.502    15.530    GEN_BRAM.u_core/alu/u_mul/u_mul/GEN_ARRAY.u_mul/u_csa_row0/GEN_CSA_FA[1].u_fa/stage_carry[13]_49[19]
    SLICE_X9Y10          LUT5 (Prop_lut5_I3_O)        0.053    15.583 r  GEN_BRAM.u_core/alu/u_mul/u_mul/GEN_ARRAY.u_mul/u_csa_row0/GEN_CSA_FA[1].u_fa/result[20]_INST_0_i_44/O
                         net (fo=3, routed)           0.384    15.967    GEN_BRAM.u_core/alu/u_mul/u_mul/GEN_ARRAY.u_mul/u_csa_row0/GEN_CSA_FA[1].u_fa/stage_carry[14]_12[20]
    SLICE_X8Y10          LUT3 (Prop_lut3_I0_O)        0.053    16.020 r  GEN_BRAM.u_core/alu/u_mul/u_mul/GEN_ARRAY.u_mul/u_csa_row0/GEN_CSA_FA[1].u_fa/result[22]_INST_0_i_52/O
                         net (fo=2, routed)           0.376    16.396    GEN_BRAM.u_core/alu/u_mul/u_mul/GEN_ARRAY.u_mul/u_csa_row0/GEN_CSA_FA[1].u_fa/stage_carry[15]_50[21]
    SLICE_X7Y10          LUT5 (Prop_lut5_I3_O)        0.053    16.449 r  GEN_BRAM.u_core/alu/u_mul/u_mul/GEN_ARRAY.u_mul/u_csa_row0/GEN_CSA_FA[1].u_fa/result[22]_INST_0_i_34/O
                         net (fo=3, routed)           0.481    16.929    GEN_BRAM.u_core/alu/u_mul/u_mul/GEN_ARRAY.u_mul/u_csa_row0/GEN_CSA_FA[1].u_fa/stage_carry[16]_14[22]
    SLICE_X6Y9           LUT3 (Prop_lut3_I0_O)        0.053    16.982 r  GEN_BRAM.u_core/alu/u_mul/u_mul/GEN_ARRAY.u_mul/u_csa_row0/GEN_CSA_FA[1].u_fa/result[24]_INST_0_i_67/O
                         net (fo=2, routed)           0.340    17.323    GEN_BRAM.u_core/alu/u_mul/u_mul/GEN_ARRAY.u_mul/u_csa_row0/GEN_CSA_FA[1].u_fa/stage_carry[17]_51[23]
    SLICE_X3Y9           LUT5 (Prop_lut5_I3_O)        0.053    17.376 r  GEN_BRAM.u_core/alu/u_mul/u_mul/GEN_ARRAY.u_mul/u_csa_row0/GEN_CSA_FA[1].u_fa/result[24]_INST_0_i_40/O
                         net (fo=3, routed)           0.433    17.809    GEN_BRAM.u_core/alu/u_mul/u_mul/GEN_ARRAY.u_mul/u_csa_row0/GEN_CSA_FA[1].u_fa/stage_sum[18]_34[23]
    SLICE_X5Y8           LUT3 (Prop_lut3_I1_O)        0.053    17.862 r  GEN_BRAM.u_core/alu/u_mul/u_mul/GEN_ARRAY.u_mul/u_csa_row0/GEN_CSA_FA[1].u_fa/result[24]_INST_0_i_47/O
                         net (fo=2, routed)           0.308    18.169    GEN_BRAM.u_core/alu/u_mul/u_mul/GEN_ARRAY.u_mul/u_csa_row0/GEN_CSA_FA[1].u_fa/stage_carry[19]_52[24]
    SLICE_X5Y8           LUT5 (Prop_lut5_I3_O)        0.053    18.222 r  GEN_BRAM.u_core/alu/u_mul/u_mul/GEN_ARRAY.u_mul/u_csa_row0/GEN_CSA_FA[1].u_fa/result[24]_INST_0_i_26/O
                         net (fo=2, routed)           0.582    18.805    GEN_BRAM.u_core/alu/u_mul/u_mul/GEN_ARRAY.u_mul/u_csa_row0/GEN_CSA_FA[1].u_fa/stage_sum[20]_33[24]
    SLICE_X8Y9           LUT3 (Prop_lut3_I1_O)        0.053    18.858 r  GEN_BRAM.u_core/alu/u_mul/u_mul/GEN_ARRAY.u_mul/u_csa_row0/GEN_CSA_FA[1].u_fa/result[26]_INST_0_i_32/O
                         net (fo=2, routed)           0.466    19.324    GEN_BRAM.u_core/alu/u_mul/u_mul/GEN_ARRAY.u_mul/u_csa_row0/GEN_CSA_FA[1].u_fa/stage_carry[21]_53[25]
    SLICE_X8Y9           LUT5 (Prop_lut5_I3_O)        0.053    19.377 r  GEN_BRAM.u_core/alu/u_mul/u_mul/GEN_ARRAY.u_mul/u_csa_row0/GEN_CSA_FA[1].u_fa/result[26]_INST_0_i_16/O
                         net (fo=2, routed)           0.479    19.855    GEN_BRAM.u_core/alu/u_mul/u_mul/GEN_ARRAY.u_mul/u_csa_row0/GEN_CSA_FA[1].u_fa/stage_carry[22]_20[26]
    SLICE_X8Y8           LUT3 (Prop_lut3_I0_O)        0.053    19.908 r  GEN_BRAM.u_core/alu/u_mul/u_mul/GEN_ARRAY.u_mul/u_csa_row0/GEN_CSA_FA[1].u_fa/result[28]_INST_0_i_42/O
                         net (fo=2, routed)           0.426    20.334    GEN_BRAM.u_core/alu/u_mul/u_mul/GEN_ARRAY.u_mul/u_csa_row0/GEN_CSA_FA[1].u_fa/stage_carry[23]_54[27]
    SLICE_X8Y7           LUT5 (Prop_lut5_I3_O)        0.053    20.387 r  GEN_BRAM.u_core/alu/u_mul/u_mul/GEN_ARRAY.u_mul/u_csa_row0/GEN_CSA_FA[1].u_fa/result[28]_INST_0_i_25/O
                         net (fo=2, routed)           0.407    20.794    GEN_BRAM.u_core/alu/u_mul/u_mul/GEN_ARRAY.u_mul/u_csa_row0/GEN_CSA_FA[1].u_fa/stage_carry[24]_22[28]
    SLICE_X11Y7          LUT3 (Prop_lut3_I0_O)        0.053    20.847 r  GEN_BRAM.u_core/alu/u_mul/u_mul/GEN_ARRAY.u_mul/u_csa_row0/GEN_CSA_FA[1].u_fa/result[28]_INST_0_i_8/O
                         net (fo=2, routed)           0.598    21.445    GEN_BRAM.u_core/alu/u_mul/u_mul/GEN_ARRAY.u_mul/u_csa_row0/GEN_CSA_FA[1].u_fa/stage_sum[25]_25[28]
    SLICE_X16Y10         LUT6 (Prop_lut6_I5_O)        0.053    21.498 r  GEN_BRAM.u_core/alu/u_mul/u_mul/GEN_ARRAY.u_mul/u_csa_row0/GEN_CSA_FA[1].u_fa/result[30]_INST_0_i_9/O
                         net (fo=2, routed)           0.424    21.922    GEN_BRAM.u_core/alu/u_mul/u_mul/GEN_ARRAY.u_mul/u_csa_row0/GEN_CSA_FA[1].u_fa/stage_carry[26]_24[29]
    SLICE_X16Y11         LUT6 (Prop_lut6_I4_O)        0.053    21.975 r  GEN_BRAM.u_core/alu/u_mul/u_mul/GEN_ARRAY.u_mul/u_csa_row0/GEN_CSA_FA[1].u_fa/result[30]_INST_0_i_4/O
                         net (fo=2, routed)           0.441    22.416    GEN_BRAM.u_core/alu/u_mul/u_mul/GEN_ARRAY.u_mul/u_csa_row0/GEN_CSA_FA[1].u_fa/stage_sum[27]_27[29]
    SLICE_X15Y11         LUT3 (Prop_lut3_I2_O)        0.056    22.472 r  GEN_BRAM.u_core/alu/u_mul/u_mul/GEN_ARRAY.u_mul/u_csa_row0/GEN_CSA_FA[1].u_fa/result[30]_INST_0_i_1/O
                         net (fo=5, routed)           0.738    23.210    GEN_BRAM.u_core/alu/u_mul/u_mul/GEN_ARRAY.u_mul/u_csa_row0/GEN_CSA_FA[1].u_fa/stage_carry[28]_26[30]
    SLICE_X15Y11         LUT5 (Prop_lut5_I1_O)        0.181    23.391 r  GEN_BRAM.u_core/alu/u_mul/u_mul/GEN_ARRAY.u_mul/u_csa_row0/GEN_CSA_FA[1].u_fa/result[1]_INST_0_i_6/O
                         net (fo=2, routed)           0.407    23.797    GEN_BRAM.u_core/alu/u_mul/u_mul/GEN_ARRAY.u_mul/u_csa_row0/GEN_CSA_FA[1].u_fa/u_final_cpa/GEN_FINAL_FA[32].u_fa/c2
    SLICE_X15Y12         LUT5 (Prop_lut5_I2_O)        0.180    23.977 r  GEN_BRAM.u_core/alu/u_mul/u_mul/GEN_ARRAY.u_mul/u_csa_row0/GEN_CSA_FA[1].u_fa/result[2]_INST_0_i_9/O
                         net (fo=2, routed)           0.448    24.426    GEN_BRAM.u_core/alu/u_mul/u_mul/GEN_ARRAY.u_mul/u_csa_row0/GEN_CSA_FA[1].u_fa/u_final_cpa/GEN_FINAL_FA[33].u_fa/c2
    SLICE_X15Y12         LUT5 (Prop_lut5_I2_O)        0.187    24.613 r  GEN_BRAM.u_core/alu/u_mul/u_mul/GEN_ARRAY.u_mul/u_csa_row0/GEN_CSA_FA[1].u_fa/result[4]_INST_0_i_14/O
                         net (fo=3, routed)           0.263    24.876    GEN_BRAM.u_core/alu/u_mul/u_mul/GEN_ARRAY.u_mul/u_csa_row0/GEN_CSA_FA[1].u_fa/u_final_cpa/c_35
    SLICE_X16Y12         LUT6 (Prop_lut6_I4_O)        0.169    25.045 r  GEN_BRAM.u_core/alu/u_mul/u_mul/GEN_ARRAY.u_mul/u_csa_row0/GEN_CSA_FA[1].u_fa/result[6]_INST_0_i_12/O
                         net (fo=3, routed)           0.326    25.371    GEN_BRAM.u_core/alu/u_mul/u_mul/GEN_ARRAY.u_mul/u_csa_row0/GEN_CSA_FA[1].u_fa/u_final_cpa/c_37
    SLICE_X16Y13         LUT6 (Prop_lut6_I4_O)        0.053    25.424 r  GEN_BRAM.u_core/alu/u_mul/u_mul/GEN_ARRAY.u_mul/u_csa_row0/GEN_CSA_FA[1].u_fa/result[8]_INST_0_i_13/O
                         net (fo=3, routed)           0.322    25.746    GEN_BRAM.u_core/alu/u_mul/u_mul/GEN_ARRAY.u_mul/u_csa_row0/GEN_CSA_FA[1].u_fa/u_final_cpa/c_39
    SLICE_X16Y14         LUT6 (Prop_lut6_I4_O)        0.053    25.799 r  GEN_BRAM.u_core/alu/u_mul/u_mul/GEN_ARRAY.u_mul/u_csa_row0/GEN_CSA_FA[1].u_fa/result[10]_INST_0_i_12/O
                         net (fo=3, routed)           0.153    25.953    GEN_BRAM.u_core/alu/u_mul/u_mul/GEN_ARRAY.u_mul/u_csa_row0/GEN_CSA_FA[1].u_fa/u_final_cpa/c_41
    SLICE_X16Y14         LUT6 (Prop_lut6_I4_O)        0.053    26.006 r  GEN_BRAM.u_core/alu/u_mul/u_mul/GEN_ARRAY.u_mul/u_csa_row0/GEN_CSA_FA[1].u_fa/result[12]_INST_0_i_13/O
                         net (fo=3, routed)           0.249    26.254    GEN_BRAM.u_core/alu/u_mul/u_mul/GEN_ARRAY.u_mul/u_csa_row0/GEN_CSA_FA[1].u_fa/u_final_cpa/c_43
    SLICE_X16Y15         LUT6 (Prop_lut6_I4_O)        0.053    26.307 r  GEN_BRAM.u_core/alu/u_mul/u_mul/GEN_ARRAY.u_mul/u_csa_row0/GEN_CSA_FA[1].u_fa/result[14]_INST_0_i_12/O
                         net (fo=3, routed)           0.298    26.606    GEN_BRAM.u_core/alu/u_mul/u_mul/GEN_ARRAY.u_mul/u_csa_row0/GEN_CSA_FA[1].u_fa/u_final_cpa/c_45
    SLICE_X17Y15         LUT6 (Prop_lut6_I4_O)        0.053    26.659 r  GEN_BRAM.u_core/alu/u_mul/u_mul/GEN_ARRAY.u_mul/u_csa_row0/GEN_CSA_FA[1].u_fa/result[16]_INST_0_i_13/O
                         net (fo=3, routed)           0.309    26.968    GEN_BRAM.u_core/alu/u_mul/u_mul/GEN_ARRAY.u_mul/u_csa_row0/GEN_CSA_FA[1].u_fa/u_final_cpa/c_47
    SLICE_X17Y16         LUT6 (Prop_lut6_I4_O)        0.053    27.021 r  GEN_BRAM.u_core/alu/u_mul/u_mul/GEN_ARRAY.u_mul/u_csa_row0/GEN_CSA_FA[1].u_fa/result[18]_INST_0_i_12/O
                         net (fo=3, routed)           0.138    27.159    GEN_BRAM.u_core/alu/u_mul/u_mul/GEN_ARRAY.u_mul/u_csa_row0/GEN_CSA_FA[1].u_fa/u_final_cpa/c_49
    SLICE_X17Y16         LUT6 (Prop_lut6_I4_O)        0.053    27.212 r  GEN_BRAM.u_core/alu/u_mul/u_mul/GEN_ARRAY.u_mul/u_csa_row0/GEN_CSA_FA[1].u_fa/result[20]_INST_0_i_13/O
                         net (fo=3, routed)           0.244    27.456    GEN_BRAM.u_core/alu/u_mul/u_mul/GEN_ARRAY.u_mul/u_csa_row0/GEN_CSA_FA[1].u_fa/u_final_cpa/c_51
    SLICE_X17Y17         LUT6 (Prop_lut6_I4_O)        0.053    27.509 r  GEN_BRAM.u_core/alu/u_mul/u_mul/GEN_ARRAY.u_mul/u_csa_row0/GEN_CSA_FA[1].u_fa/result[22]_INST_0_i_12/O
                         net (fo=3, routed)           0.138    27.647    GEN_BRAM.u_core/alu/u_mul/u_mul/GEN_ARRAY.u_mul/u_csa_row0/GEN_CSA_FA[1].u_fa/u_final_cpa/c_53
    SLICE_X17Y17         LUT6 (Prop_lut6_I4_O)        0.053    27.700 r  GEN_BRAM.u_core/alu/u_mul/u_mul/GEN_ARRAY.u_mul/u_csa_row0/GEN_CSA_FA[1].u_fa/result[24]_INST_0_i_13/O
                         net (fo=3, routed)           0.366    28.066    GEN_BRAM.u_core/alu/u_mul/u_mul/GEN_ARRAY.u_mul/u_csa_row0/GEN_CSA_FA[1].u_fa/u_final_cpa/c_55
    SLICE_X17Y18         LUT6 (Prop_lut6_I4_O)        0.053    28.119 r  GEN_BRAM.u_core/alu/u_mul/u_mul/GEN_ARRAY.u_mul/u_csa_row0/GEN_CSA_FA[1].u_fa/result[26]_INST_0_i_12/O
                         net (fo=3, routed)           0.317    28.436    GEN_BRAM.u_core/alu/u_mul/u_mul/GEN_ARRAY.u_mul/u_csa_row0/GEN_CSA_FA[1].u_fa/u_final_cpa/c_57
    SLICE_X17Y18         LUT6 (Prop_lut6_I4_O)        0.053    28.489 r  GEN_BRAM.u_core/alu/u_mul/u_mul/GEN_ARRAY.u_mul/u_csa_row0/GEN_CSA_FA[1].u_fa/result[28]_INST_0_i_13/O
                         net (fo=3, routed)           0.367    28.856    GEN_BRAM.u_core/alu/u_mul/u_mul/GEN_ARRAY.u_mul/u_csa_row0/GEN_CSA_FA[1].u_fa/u_final_cpa/c_59
    SLICE_X17Y19         LUT6 (Prop_lut6_I4_O)        0.053    28.909 r  GEN_BRAM.u_core/alu/u_mul/u_mul/GEN_ARRAY.u_mul/u_csa_row0/GEN_CSA_FA[1].u_fa/result[31]_INST_0_i_13/O
                         net (fo=3, routed)           0.259    29.168    GEN_BRAM.u_core/alu/u_mul/u_mul/GEN_ARRAY.u_mul/u_csa_row0/GEN_CSA_FA[1].u_fa/u_final_cpa/c_61
    SLICE_X15Y19         LUT5 (Prop_lut5_I4_O)        0.053    29.221 r  GEN_BRAM.u_core/alu/u_mul/u_mul/GEN_ARRAY.u_mul/u_csa_row0/GEN_CSA_FA[1].u_fa/result[29]_INST_0_i_2/O
                         net (fo=2, routed)           0.000    29.221    GEN_BRAM.u_core/alu/u_mul/u_mul/GEN_ARRAY.u_mul/u_csa_row0/GEN_CSA_FA[1].u_fa/p_0_in[61]
    SLICE_X15Y19         CARRY4 (Prop_carry4_S[0]_O[0])
                                                      0.147    29.368 r  GEN_BRAM.u_core/alu/u_mul/u_mul/GEN_ARRAY.u_mul/u_csa_row0/GEN_CSA_FA[1].u_fa/result[31]_INST_0_i_6/O[0]
                         net (fo=1, routed)           0.293    29.662    GEN_BRAM.u_core/alu/u_mul/u_mul/GEN_ARRAY.u_mul/u_csa_row0/GEN_CSA_FA[1].u_fa/signed_product0[61]
    SLICE_X13Y19         LUT5 (Prop_lut5_I4_O)        0.155    29.817 r  GEN_BRAM.u_core/alu/u_mul/u_mul/GEN_ARRAY.u_mul/u_csa_row0/GEN_CSA_FA[1].u_fa/result[29]_INST_0/O
                         net (fo=1, routed)           0.298    30.115    GEN_BRAM.u_core/reg_file/result[25]
    SLICE_X13Y19         LUT6 (Prop_lut6_I2_O)        0.053    30.168 r  GEN_BRAM.u_core/reg_file/debug_alu_out_OBUF[29]_inst_i_4/O
                         net (fo=1, routed)           0.393    30.561    GEN_BRAM.u_core/reg_file/debug_alu_out_OBUF[29]_inst_i_4_n_0
    SLICE_X13Y20         LUT6 (Prop_lut6_I5_O)        0.053    30.614 r  GEN_BRAM.u_core/reg_file/debug_alu_out_OBUF[29]_inst_i_1/O
                         net (fo=3, routed)           0.336    30.950    GEN_BRAM.u_core/wb_mux/debug_alu_out_OBUF[29]
    SLICE_X16Y20         LUT6 (Prop_lut6_I0_O)        0.053    31.003 r  GEN_BRAM.u_core/wb_mux/registers_reg_r1_0_31_24_29_i_16/O
                         net (fo=1, routed)           0.138    31.141    GEN_BRAM.u_core/divider/wb_exec[29]
    SLICE_X16Y20         LUT6 (Prop_lut6_I5_O)        0.053    31.194 r  GEN_BRAM.u_core/divider/registers_reg_r1_0_31_24_29_i_5/O
                         net (fo=2, routed)           0.398    31.592    GEN_BRAM.u_core/reg_file/registers_reg_r2_0_31_24_29/DIC1
    SLICE_X16Y19         RAMD32                                       r  GEN_BRAM.u_core/reg_file/registers_reg_r2_0_31_24_29/RAMC_D1/I
  -------------------------------------------------------------------    -------------------

                         (clock sys_clk rise edge)   30.000    30.000 r  
    AD23                                              0.000    30.000 r  clk (IN)
                         net (fo=0)                   0.000    30.000    clk
    AD23                 IBUF (Prop_ibuf_I_O)         0.796    30.796 r  clk_IBUF_inst/O
                         net (fo=1, routed)           1.741    32.537    clk_IBUF
    BUFGCTRL_X0Y0        BUFG (Prop_bufg_I_O)         0.113    32.650 r  clk_IBUF_BUFG_inst/O
                         net (fo=350, routed)         1.534    34.184    GEN_BRAM.u_core/reg_file/registers_reg_r2_0_31_24_29/WCLK
    SLICE_X16Y19         RAMD32                                       r  GEN_BRAM.u_core/reg_file/registers_reg_r2_0_31_24_29/RAMC_D1/CLK
                         clock pessimism              0.256    34.441    
                         clock uncertainty           -0.035    34.405    
    SLICE_X16Y19         RAMD32 (Setup_ramd32_CLK_I)
                                                     -0.174    34.231    GEN_BRAM.u_core/reg_file/registers_reg_r2_0_31_24_29/RAMC_D1
  -------------------------------------------------------------------
                         required time                         34.231    
                         arrival time                         -31.592    
  -------------------------------------------------------------------
                         slack                                  2.639    

Slack (MET) :             2.651ns  (required time - arrival time)
  Source:                 GEN_BRAM.u_core/ir_reg[17]/C
                            (rising edge-triggered cell FDCE clocked by sys_clk  {rise@0.000ns fall@15.000ns period=30.000ns})
  Destination:            GEN_BRAM.u_core/reg_file/registers_reg_r1_0_31_30_31/SP/I
                            (rising edge-triggered cell RAMD32 clocked by sys_clk  {rise@0.000ns fall@15.000ns period=30.000ns})
  Path Group:             sys_clk
  Path Type:              Setup (Max at Slow Process Corner)
  Requirement:            30.000ns  (sys_clk rise@30.000ns - sys_clk rise@0.000ns)
  Data Path Delay:        27.153ns  (logic 4.183ns (15.405%)  route 22.970ns (84.595%))
  Logic Levels:           56  (CARRY4=1 LUT3=14 LUT4=2 LUT5=16 LUT6=22 RAMD32=1)
  Clock Path Skew:        -0.023ns (DCD - SCD + CPR)
    Destination Clock Delay (DCD):    4.183ns = ( 34.183 - 30.000 ) 
    Source Clock Delay      (SCD):    4.470ns
    Clock Pessimism Removal (CPR):    0.263ns
  Clock Uncertainty:      0.035ns  ((TSJ^2 + TIJ^2)^1/2 + DJ) / 2 + PE
    Total System Jitter     (TSJ):    0.071ns
    Total Input Jitter      (TIJ):    0.000ns
    Discrete Jitter          (DJ):    0.000ns
    Phase Error              (PE):    0.000ns

    Location             Delay type                Incr(ns)  Path(ns)    Netlist Resource(s)
  -------------------------------------------------------------------    -------------------
                         (clock sys_clk rise edge)    0.000     0.000 r  
    AD23                                              0.000     0.000 r  clk (IN)
                         net (fo=0)                   0.000     0.000    clk
    AD23                 IBUF (Prop_ibuf_I_O)         0.873     0.873 r  clk_IBUF_inst/O
                         net (fo=1, routed)           1.830     2.703    clk_IBUF
    BUFGCTRL_X0Y0        BUFG (Prop_bufg_I_O)         0.120     2.823 r  clk_IBUF_BUFG_inst/O
                         net (fo=350, routed)         1.647     4.470    GEN_BRAM.u_core/clk_IBUF_BUFG
    SLICE_X13Y17         FDCE                                         r  GEN_BRAM.u_core/ir_reg[17]/C
  -------------------------------------------------------------------    -------------------
    SLICE_X13Y17         FDCE (Prop_fdce_C_Q)         0.269     4.739 r  GEN_BRAM.u_core/ir_reg[17]/Q
                         net (fo=97, routed)          0.894     5.633    GEN_BRAM.u_core/reg_file/registers_reg_r1_0_31_30_31__0/DPRA2
    SLICE_X14Y20         RAMD32 (Prop_ramd32_RADR2_O)
                                                      0.063     5.696 r  GEN_BRAM.u_core/reg_file/registers_reg_r1_0_31_30_31__0/DP/O
                         net (fo=11, routed)          0.758     6.454    GEN_BRAM.u_core/alu_mux_a/dataR10[31]
    SLICE_X11Y23         LUT4 (Prop_lut4_I1_O)        0.164     6.618 f  GEN_BRAM.u_core/alu_mux_a/u_adder_i_1/O
                         net (fo=96, routed)          0.579     7.196    GEN_BRAM.u_core/alu/u_mul/u_mul/GEN_ARRAY.u_mul/u_csa_row0/GEN_CSA_FA[1].u_fa/result[31]_INST_0_i_35_n_0
    SLICE_X10Y16         LUT4 (Prop_lut4_I0_O)        0.053     7.249 r  GEN_BRAM.u_core/alu/u_mul/u_mul/GEN_ARRAY.u_mul/u_csa_row0/GEN_CSA_FA[1].u_fa/result[2]_INST_0_i_3/O
                         net (fo=149, routed)         1.003     8.253    GEN_BRAM.u_core/alu/u_mul/u_mul/GEN_ARRAY.u_mul/u_csa_row0/GEN_CSA_FA[1].u_fa/result[2]_INST_0_i_3_n_0
    SLICE_X12Y14         LUT6 (Prop_lut6_I1_O)        0.053     8.306 r  GEN_BRAM.u_core/alu/u_mul/u_mul/GEN_ARRAY.u_mul/u_csa_row0/GEN_CSA_FA[1].u_fa/result[6]_INST_0_i_52/O
                         net (fo=2, routed)           0.330     8.636    GEN_BRAM.u_core/alu/u_mul/u_mul/GEN_ARRAY.u_mul/u_csa_row0/GEN_CSA_FA[1].u_fa/pp[2]_91[6]
    SLICE_X12Y14         LUT6 (Prop_lut6_I5_O)        0.053     8.689 r  GEN_BRAM.u_core/alu/u_mul/u_mul/GEN_ARRAY.u_mul/u_csa_row0/GEN_CSA_FA[1].u_fa/result[6]_INST_0_i_35/O
                         net (fo=3, routed)           0.479     9.168    GEN_BRAM.u_core/alu/u_mul/u_mul/GEN_ARRAY.u_mul/u_csa_row0/GEN_CSA_FA[1].u_fa/stage_sum[0]_28[6]
    SLICE_X12Y14         LUT3 (Prop_lut3_I1_O)        0.053     9.221 r  GEN_BRAM.u_core/alu/u_mul/u_mul/GEN_ARRAY.u_mul/u_csa_row0/GEN_CSA_FA[1].u_fa/result[8]_INST_0_i_67/O
                         net (fo=2, routed)           0.492     9.713    GEN_BRAM.u_core/alu/u_mul/u_mul/GEN_ARRAY.u_mul/u_csa_row0/GEN_CSA_FA[1].u_fa/stage_carry[1]_43[7]
    SLICE_X11Y14         LUT5 (Prop_lut5_I3_O)        0.053     9.766 r  GEN_BRAM.u_core/alu/u_mul/u_mul/GEN_ARRAY.u_mul/u_csa_row0/GEN_CSA_FA[1].u_fa/result[8]_INST_0_i_44/O
                         net (fo=3, routed)           0.306    10.072    GEN_BRAM.u_core/alu/u_mul/u_mul/GEN_ARRAY.u_mul/u_csa_row0/GEN_CSA_FA[1].u_fa/stage_carry[2]_0[8]
    SLICE_X10Y14         LUT3 (Prop_lut3_I0_O)        0.053    10.125 r  GEN_BRAM.u_core/alu/u_mul/u_mul/GEN_ARRAY.u_mul/u_csa_row0/GEN_CSA_FA[1].u_fa/result[10]_INST_0_i_52/O
                         net (fo=2, routed)           0.436    10.561    GEN_BRAM.u_core/alu/u_mul/u_mul/GEN_ARRAY.u_mul/u_csa_row0/GEN_CSA_FA[1].u_fa/stage_carry[3]_44[9]
    SLICE_X9Y14          LUT5 (Prop_lut5_I3_O)        0.053    10.614 r  GEN_BRAM.u_core/alu/u_mul/u_mul/GEN_ARRAY.u_mul/u_csa_row0/GEN_CSA_FA[1].u_fa/result[10]_INST_0_i_34/O
                         net (fo=3, routed)           0.435    11.048    GEN_BRAM.u_core/alu/u_mul/u_mul/GEN_ARRAY.u_mul/u_csa_row0/GEN_CSA_FA[1].u_fa/stage_carry[4]_2[10]
    SLICE_X7Y14          LUT3 (Prop_lut3_I0_O)        0.053    11.101 r  GEN_BRAM.u_core/alu/u_mul/u_mul/GEN_ARRAY.u_mul/u_csa_row0/GEN_CSA_FA[1].u_fa/result[12]_INST_0_i_69/O
                         net (fo=2, routed)           0.204    11.305    GEN_BRAM.u_core/alu/u_mul/u_mul/GEN_ARRAY.u_mul/u_csa_row0/GEN_CSA_FA[1].u_fa/stage_carry[5]_45[11]
    SLICE_X7Y14          LUT5 (Prop_lut5_I3_O)        0.053    11.358 r  GEN_BRAM.u_core/alu/u_mul/u_mul/GEN_ARRAY.u_mul/u_csa_row0/GEN_CSA_FA[1].u_fa/result[12]_INST_0_i_45/O
                         net (fo=3, routed)           0.687    12.045    GEN_BRAM.u_core/alu/u_mul/u_mul/GEN_ARRAY.u_mul/u_csa_row0/GEN_CSA_FA[1].u_fa/stage_carry[6]_4[12]
    SLICE_X8Y12          LUT3 (Prop_lut3_I0_O)        0.053    12.098 r  GEN_BRAM.u_core/alu/u_mul/u_mul/GEN_ARRAY.u_mul/u_csa_row0/GEN_CSA_FA[1].u_fa/result[14]_INST_0_i_52/O
                         net (fo=2, routed)           0.617    12.714    GEN_BRAM.u_core/alu/u_mul/u_mul/GEN_ARRAY.u_mul/u_csa_row0/GEN_CSA_FA[1].u_fa/stage_carry[7]_46[13]
    SLICE_X7Y11          LUT5 (Prop_lut5_I3_O)        0.053    12.767 r  GEN_BRAM.u_core/alu/u_mul/u_mul/GEN_ARRAY.u_mul/u_csa_row0/GEN_CSA_FA[1].u_fa/result[14]_INST_0_i_34/O
                         net (fo=3, routed)           0.325    13.093    GEN_BRAM.u_core/alu/u_mul/u_mul/GEN_ARRAY.u_mul/u_csa_row0/GEN_CSA_FA[1].u_fa/stage_carry[8]_6[14]
    SLICE_X7Y11          LUT3 (Prop_lut3_I0_O)        0.053    13.146 r  GEN_BRAM.u_core/alu/u_mul/u_mul/GEN_ARRAY.u_mul/u_csa_row0/GEN_CSA_FA[1].u_fa/result[16]_INST_0_i_67/O
                         net (fo=2, routed)           0.368    13.514    GEN_BRAM.u_core/alu/u_mul/u_mul/GEN_ARRAY.u_mul/u_csa_row0/GEN_CSA_FA[1].u_fa/stage_carry[9]_47[15]
    SLICE_X6Y11          LUT5 (Prop_lut5_I3_O)        0.053    13.567 r  GEN_BRAM.u_core/alu/u_mul/u_mul/GEN_ARRAY.u_mul/u_csa_row0/GEN_CSA_FA[1].u_fa/result[16]_INST_0_i_44/O
                         net (fo=3, routed)           0.347    13.914    GEN_BRAM.u_core/alu/u_mul/u_mul/GEN_ARRAY.u_mul/u_csa_row0/GEN_CSA_FA[1].u_fa/stage_carry[10]_8[16]
    SLICE_X3Y11          LUT3 (Prop_lut3_I0_O)        0.053    13.967 r  GEN_BRAM.u_core/alu/u_mul/u_mul/GEN_ARRAY.u_mul/u_csa_row0/GEN_CSA_FA[1].u_fa/result[18]_INST_0_i_52/O
                         net (fo=2, routed)           0.423    14.390    GEN_BRAM.u_core/alu/u_mul/u_mul/GEN_ARRAY.u_mul/u_csa_row0/GEN_CSA_FA[1].u_fa/stage_carry[11]_48[17]
    SLICE_X3Y13          LUT5 (Prop_lut5_I3_O)        0.053    14.443 r  GEN_BRAM.u_core/alu/u_mul/u_mul/GEN_ARRAY.u_mul/u_csa_row0/GEN_CSA_FA[1].u_fa/result[18]_INST_0_i_34/O
                         net (fo=3, routed)           0.533    14.976    GEN_BRAM.u_core/alu/u_mul/u_mul/GEN_ARRAY.u_mul/u_csa_row0/GEN_CSA_FA[1].u_fa/stage_carry[12]_10[18]
    SLICE_X7Y10          LUT3 (Prop_lut3_I0_O)        0.053    15.029 r  GEN_BRAM.u_core/alu/u_mul/u_mul/GEN_ARRAY.u_mul/u_csa_row0/GEN_CSA_FA[1].u_fa/result[20]_INST_0_i_67/O
                         net (fo=2, routed)           0.502    15.530    GEN_BRAM.u_core/alu/u_mul/u_mul/GEN_ARRAY.u_mul/u_csa_row0/GEN_CSA_FA[1].u_fa/stage_carry[13]_49[19]
    SLICE_X9Y10          LUT5 (Prop_lut5_I3_O)        0.053    15.583 r  GEN_BRAM.u_core/alu/u_mul/u_mul/GEN_ARRAY.u_mul/u_csa_row0/GEN_CSA_FA[1].u_fa/result[20]_INST_0_i_44/O
                         net (fo=3, routed)           0.384    15.967    GEN_BRAM.u_core/alu/u_mul/u_mul/GEN_ARRAY.u_mul/u_csa_row0/GEN_CSA_FA[1].u_fa/stage_carry[14]_12[20]
    SLICE_X8Y10          LUT3 (Prop_lut3_I0_O)        0.053    16.020 r  GEN_BRAM.u_core/alu/u_mul/u_mul/GEN_ARRAY.u_mul/u_csa_row0/GEN_CSA_FA[1].u_fa/result[22]_INST_0_i_52/O
                         net (fo=2, routed)           0.376    16.396    GEN_BRAM.u_core/alu/u_mul/u_mul/GEN_ARRAY.u_mul/u_csa_row0/GEN_CSA_FA[1].u_fa/stage_carry[15]_50[21]
    SLICE_X7Y10          LUT5 (Prop_lut5_I3_O)        0.053    16.449 r  GEN_BRAM.u_core/alu/u_mul/u_mul/GEN_ARRAY.u_mul/u_csa_row0/GEN_CSA_FA[1].u_fa/result[22]_INST_0_i_34/O
                         net (fo=3, routed)           0.481    16.929    GEN_BRAM.u_core/alu/u_mul/u_mul/GEN_ARRAY.u_mul/u_csa_row0/GEN_CSA_FA[1].u_fa/stage_carry[16]_14[22]
    SLICE_X6Y9           LUT3 (Prop_lut3_I0_O)        0.053    16.982 r  GEN_BRAM.u_core/alu/u_mul/u_mul/GEN_ARRAY.u_mul/u_csa_row0/GEN_CSA_FA[1].u_fa/result[24]_INST_0_i_67/O
                         net (fo=2, routed)           0.340    17.323    GEN_BRAM.u_core/alu/u_mul/u_mul/GEN_ARRAY.u_mul/u_csa_row0/GEN_CSA_FA[1].u_fa/stage_carry[17]_51[23]
    SLICE_X3Y9           LUT5 (Prop_lut5_I3_O)        0.053    17.376 r  GEN_BRAM.u_core/alu/u_mul/u_mul/GEN_ARRAY.u_mul/u_csa_row0/GEN_CSA_FA[1].u_fa/result[24]_INST_0_i_40/O
                         net (fo=3, routed)           0.433    17.809    GEN_BRAM.u_core/alu/u_mul/u_mul/GEN_ARRAY.u_mul/u_csa_row0/GEN_CSA_FA[1].u_fa/stage_sum[18]_34[23]
    SLICE_X5Y8           LUT3 (Prop_lut3_I1_O)        0.053    17.862 r  GEN_BRAM.u_core/alu/u_mul/u_mul/GEN_ARRAY.u_mul/u_csa_row0/GEN_CSA_FA[1].u_fa/result[24]_INST_0_i_47/O
                         net (fo=2, routed)           0.308    18.169    GEN_BRAM.u_core/alu/u_mul/u_mul/GEN_ARRAY.u_mul/u_csa_row0/GEN_CSA_FA[1].u_fa/stage_carry[19]_52[24]
    SLICE_X5Y8           LUT5 (Prop_lut5_I3_O)        0.053    18.222 r  GEN_BRAM.u_core/alu/u_mul/u_mul/GEN_ARRAY.u_mul/u_csa_row0/GEN_CSA_FA[1].u_fa/result[24]_INST_0_i_26/O
                         net (fo=2, routed)           0.582    18.805    GEN_BRAM.u_core/alu/u_mul/u_mul/GEN_ARRAY.u_mul/u_csa_row0/GEN_CSA_FA[1].u_fa/stage_sum[20]_33[24]
    SLICE_X8Y9           LUT3 (Prop_lut3_I1_O)        0.053    18.858 r  GEN_BRAM.u_core/alu/u_mul/u_mul/GEN_ARRAY.u_mul/u_csa_row0/GEN_CSA_FA[1].u_fa/result[26]_INST_0_i_32/O
                         net (fo=2, routed)           0.466    19.324    GEN_BRAM.u_core/alu/u_mul/u_mul/GEN_ARRAY.u_mul/u_csa_row0/GEN_CSA_FA[1].u_fa/stage_carry[21]_53[25]
    SLICE_X8Y9           LUT5 (Prop_lut5_I3_O)        0.053    19.377 r  GEN_BRAM.u_core/alu/u_mul/u_mul/GEN_ARRAY.u_mul/u_csa_row0/GEN_CSA_FA[1].u_fa/result[26]_INST_0_i_16/O
                         net (fo=2, routed)           0.479    19.855    GEN_BRAM.u_core/alu/u_mul/u_mul/GEN_ARRAY.u_mul/u_csa_row0/GEN_CSA_FA[1].u_fa/stage_carry[22]_20[26]
    SLICE_X8Y8           LUT3 (Prop_lut3_I0_O)        0.053    19.908 r  GEN_BRAM.u_core/alu/u_mul/u_mul/GEN_ARRAY.u_mul/u_csa_row0/GEN_CSA_FA[1].u_fa/result[28]_INST_0_i_42/O
                         net (fo=2, routed)           0.426    20.334    GEN_BRAM.u_core/alu/u_mul/u_mul/GEN_ARRAY.u_mul/u_csa_row0/GEN_CSA_FA[1].u_fa/stage_carry[23]_54[27]
    SLICE_X8Y7           LUT5 (Prop_lut5_I3_O)        0.053    20.387 r  GEN_BRAM.u_core/alu/u_mul/u_mul/GEN_ARRAY.u_mul/u_csa_row0/GEN_CSA_FA[1].u_fa/result[28]_INST_0_i_25/O
                         net (fo=2, routed)           0.407    20.794    GEN_BRAM.u_core/alu/u_mul/u_mul/GEN_ARRAY.u_mul/u_csa_row0/GEN_CSA_FA[1].u_fa/stage_carry[24]_22[28]
    SLICE_X11Y7          LUT3 (Prop_lut3_I0_O)        0.053    20.847 r  GEN_BRAM.u_core/alu/u_mul/u_mul/GEN_ARRAY.u_mul/u_csa_row0/GEN_CSA_FA[1].u_fa/result[28]_INST_0_i_8/O
                         net (fo=2, routed)           0.598    21.445    GEN_BRAM.u_core/alu/u_mul/u_mul/GEN_ARRAY.u_mul/u_csa_row0/GEN_CSA_FA[1].u_fa/stage_sum[25]_25[28]
    SLICE_X16Y10         LUT6 (Prop_lut6_I5_O)        0.053    21.498 r  GEN_BRAM.u_core/alu/u_mul/u_mul/GEN_ARRAY.u_mul/u_csa_row0/GEN_CSA_FA[1].u_fa/result[30]_INST_0_i_9/O
                         net (fo=2, routed)           0.424    21.922    GEN_BRAM.u_core/alu/u_mul/u_mul/GEN_ARRAY.u_mul/u_csa_row0/GEN_CSA_FA[1].u_fa/stage_carry[26]_24[29]
    SLICE_X16Y11         LUT6 (Prop_lut6_I4_O)        0.053    21.975 r  GEN_BRAM.u_core/alu/u_mul/u_mul/GEN_ARRAY.u_mul/u_csa_row0/GEN_CSA_FA[1].u_fa/result[30]_INST_0_i_4/O
                         net (fo=2, routed)           0.441    22.416    GEN_BRAM.u_core/alu/u_mul/u_mul/GEN_ARRAY.u_mul/u_csa_row0/GEN_CSA_FA[1].u_fa/stage_sum[27]_27[29]
    SLICE_X15Y11         LUT3 (Prop_lut3_I2_O)        0.056    22.472 r  GEN_BRAM.u_core/alu/u_mul/u_mul/GEN_ARRAY.u_mul/u_csa_row0/GEN_CSA_FA[1].u_fa/result[30]_INST_0_i_1/O
                         net (fo=5, routed)           0.738    23.210    GEN_BRAM.u_core/alu/u_mul/u_mul/GEN_ARRAY.u_mul/u_csa_row0/GEN_CSA_FA[1].u_fa/stage_carry[28]_26[30]
    SLICE_X15Y11         LUT5 (Prop_lut5_I1_O)        0.181    23.391 r  GEN_BRAM.u_core/alu/u_mul/u_mul/GEN_ARRAY.u_mul/u_csa_row0/GEN_CSA_FA[1].u_fa/result[1]_INST_0_i_6/O
                         net (fo=2, routed)           0.407    23.797    GEN_BRAM.u_core/alu/u_mul/u_mul/GEN_ARRAY.u_mul/u_csa_row0/GEN_CSA_FA[1].u_fa/u_final_cpa/GEN_FINAL_FA[32].u_fa/c2
    SLICE_X15Y12         LUT5 (Prop_lut5_I2_O)        0.180    23.977 r  GEN_BRAM.u_core/alu/u_mul/u_mul/GEN_ARRAY.u_mul/u_csa_row0/GEN_CSA_FA[1].u_fa/result[2]_INST_0_i_9/O
                         net (fo=2, routed)           0.448    24.426    GEN_BRAM.u_core/alu/u_mul/u_mul/GEN_ARRAY.u_mul/u_csa_row0/GEN_CSA_FA[1].u_fa/u_final_cpa/GEN_FINAL_FA[33].u_fa/c2
    SLICE_X15Y12         LUT5 (Prop_lut5_I2_O)        0.187    24.613 r  GEN_BRAM.u_core/alu/u_mul/u_mul/GEN_ARRAY.u_mul/u_csa_row0/GEN_CSA_FA[1].u_fa/result[4]_INST_0_i_14/O
                         net (fo=3, routed)           0.263    24.876    GEN_BRAM.u_core/alu/u_mul/u_mul/GEN_ARRAY.u_mul/u_csa_row0/GEN_CSA_FA[1].u_fa/u_final_cpa/c_35
    SLICE_X16Y12         LUT6 (Prop_lut6_I4_O)        0.169    25.045 r  GEN_BRAM.u_core/alu/u_mul/u_mul/GEN_ARRAY.u_mul/u_csa_row0/GEN_CSA_FA[1].u_fa/result[6]_INST_0_i_12/O
                         net (fo=3, routed)           0.326    25.371    GEN_BRAM.u_core/alu/u_mul/u_mul/GEN_ARRAY.u_mul/u_csa_row0/GEN_CSA_FA[1].u_fa/u_final_cpa/c_37
    SLICE_X16Y13         LUT6 (Prop_lut6_I4_O)        0.053    25.424 r  GEN_BRAM.u_core/alu/u_mul/u_mul/GEN_ARRAY.u_mul/u_csa_row0/GEN_CSA_FA[1].u_fa/result[8]_INST_0_i_13/O
                         net (fo=3, routed)           0.322    25.746    GEN_BRAM.u_core/alu/u_mul/u_mul/GEN_ARRAY.u_mul/u_csa_row0/GEN_CSA_FA[1].u_fa/u_final_cpa/c_39
    SLICE_X16Y14         LUT6 (Prop_lut6_I4_O)        0.053    25.799 r  GEN_BRAM.u_core/alu/u_mul/u_mul/GEN_ARRAY.u_mul/u_csa_row0/GEN_CSA_FA[1].u_fa/result[10]_INST_0_i_12/O
                         net (fo=3, routed)           0.153    25.953    GEN_BRAM.u_core/alu/u_mul/u_mul/GEN_ARRAY.u_mul/u_csa_row0/GEN_CSA_FA[1].u_fa/u_final_cpa/c_41
    SLICE_X16Y14         LUT6 (Prop_lut6_I4_O)        0.053    26.006 r  GEN_BRAM.u_core/alu/u_mul/u_mul/GEN_ARRAY.u_mul/u_csa_row0/GEN_CSA_FA[1].u_fa/result[12]_INST_0_i_13/O
                         net (fo=3, routed)           0.249    26.254    GEN_BRAM.u_core/alu/u_mul/u_mul/GEN_ARRAY.u_mul/u_csa_row0/GEN_CSA_FA[1].u_fa/u_final_cpa/c_43
    SLICE_X16Y15         LUT6 (Prop_lut6_I4_O)        0.053    26.307 r  GEN_BRAM.u_core/alu/u_mul/u_mul/GEN_ARRAY.u_mul/u_csa_row0/GEN_CSA_FA[1].u_fa/result[14]_INST_0_i_12/O
                         net (fo=3, routed)           0.298    26.606    GEN_BRAM.u_core/alu/u_mul/u_mul/GEN_ARRAY.u_mul/u_csa_row0/GEN_CSA_FA[1].u_fa/u_final_cpa/c_45
    SLICE_X17Y15         LUT6 (Prop_lut6_I4_O)        0.053    26.659 r  GEN_BRAM.u_core/alu/u_mul/u_mul/GEN_ARRAY.u_mul/u_csa_row0/GEN_CSA_FA[1].u_fa/result[16]_INST_0_i_13/O
                         net (fo=3, routed)           0.309    26.968    GEN_BRAM.u_core/alu/u_mul/u_mul/GEN_ARRAY.u_mul/u_csa_row0/GEN_CSA_FA[1].u_fa/u_final_cpa/c_47
    SLICE_X17Y16         LUT6 (Prop_lut6_I4_O)        0.053    27.021 r  GEN_BRAM.u_core/alu/u_mul/u_mul/GEN_ARRAY.u_mul/u_csa_row0/GEN_CSA_FA[1].u_fa/result[18]_INST_0_i_12/O
                         net (fo=3, routed)           0.138    27.159    GEN_BRAM.u_core/alu/u_mul/u_mul/GEN_ARRAY.u_mul/u_csa_row0/GEN_CSA_FA[1].u_fa/u_final_cpa/c_49
    SLICE_X17Y16         LUT6 (Prop_lut6_I4_O)        0.053    27.212 r  GEN_BRAM.u_core/alu/u_mul/u_mul/GEN_ARRAY.u_mul/u_csa_row0/GEN_CSA_FA[1].u_fa/result[20]_INST_0_i_13/O
                         net (fo=3, routed)           0.244    27.456    GEN_BRAM.u_core/alu/u_mul/u_mul/GEN_ARRAY.u_mul/u_csa_row0/GEN_CSA_FA[1].u_fa/u_final_cpa/c_51
    SLICE_X17Y17         LUT6 (Prop_lut6_I4_O)        0.053    27.509 r  GEN_BRAM.u_core/alu/u_mul/u_mul/GEN_ARRAY.u_mul/u_csa_row0/GEN_CSA_FA[1].u_fa/result[22]_INST_0_i_12/O
                         net (fo=3, routed)           0.138    27.647    GEN_BRAM.u_core/alu/u_mul/u_mul/GEN_ARRAY.u_mul/u_csa_row0/GEN_CSA_FA[1].u_fa/u_final_cpa/c_53
    SLICE_X17Y17         LUT6 (Prop_lut6_I4_O)        0.053    27.700 r  GEN_BRAM.u_core/alu/u_mul/u_mul/GEN_ARRAY.u_mul/u_csa_row0/GEN_CSA_FA[1].u_fa/result[24]_INST_0_i_13/O
                         net (fo=3, routed)           0.366    28.066    GEN_BRAM.u_core/alu/u_mul/u_mul/GEN_ARRAY.u_mul/u_csa_row0/GEN_CSA_FA[1].u_fa/u_final_cpa/c_55
    SLICE_X17Y18         LUT6 (Prop_lut6_I4_O)        0.053    28.119 r  GEN_BRAM.u_core/alu/u_mul/u_mul/GEN_ARRAY.u_mul/u_csa_row0/GEN_CSA_FA[1].u_fa/result[26]_INST_0_i_12/O
                         net (fo=3, routed)           0.317    28.436    GEN_BRAM.u_core/alu/u_mul/u_mul/GEN_ARRAY.u_mul/u_csa_row0/GEN_CSA_FA[1].u_fa/u_final_cpa/c_57
    SLICE_X17Y18         LUT6 (Prop_lut6_I4_O)        0.053    28.489 r  GEN_BRAM.u_core/alu/u_mul/u_mul/GEN_ARRAY.u_mul/u_csa_row0/GEN_CSA_FA[1].u_fa/result[28]_INST_0_i_13/O
                         net (fo=3, routed)           0.367    28.856    GEN_BRAM.u_core/alu/u_mul/u_mul/GEN_ARRAY.u_mul/u_csa_row0/GEN_CSA_FA[1].u_fa/u_final_cpa/c_59
    SLICE_X17Y19         LUT6 (Prop_lut6_I4_O)        0.053    28.909 r  GEN_BRAM.u_core/alu/u_mul/u_mul/GEN_ARRAY.u_mul/u_csa_row0/GEN_CSA_FA[1].u_fa/result[31]_INST_0_i_13/O
                         net (fo=3, routed)           0.259    29.168    GEN_BRAM.u_core/alu/u_mul/u_mul/GEN_ARRAY.u_mul/u_csa_row0/GEN_CSA_FA[1].u_fa/u_final_cpa/c_61
    SLICE_X15Y19         LUT5 (Prop_lut5_I4_O)        0.053    29.221 r  GEN_BRAM.u_core/alu/u_mul/u_mul/GEN_ARRAY.u_mul/u_csa_row0/GEN_CSA_FA[1].u_fa/result[29]_INST_0_i_2/O
                         net (fo=2, routed)           0.000    29.221    GEN_BRAM.u_core/alu/u_mul/u_mul/GEN_ARRAY.u_mul/u_csa_row0/GEN_CSA_FA[1].u_fa/p_0_in[61]
    SLICE_X15Y19         CARRY4 (Prop_carry4_S[0]_O[1])
                                                      0.271    29.492 r  GEN_BRAM.u_core/alu/u_mul/u_mul/GEN_ARRAY.u_mul/u_csa_row0/GEN_CSA_FA[1].u_fa/result[31]_INST_0_i_6/O[1]
                         net (fo=1, routed)           0.282    29.774    GEN_BRAM.u_core/alu/u_mul/u_mul/GEN_ARRAY.u_mul/u_csa_row0/GEN_CSA_FA[1].u_fa/signed_product0[62]
    SLICE_X14Y19         LUT6 (Prop_lut6_I5_O)        0.152    29.926 r  GEN_BRAM.u_core/alu/u_mul/u_mul/GEN_ARRAY.u_mul/u_csa_row0/GEN_CSA_FA[1].u_fa/result[30]_INST_0/O
                         net (fo=1, routed)           0.401    30.327    GEN_BRAM.u_core/reg_file/result[26]
    SLICE_X14Y21         LUT6 (Prop_lut6_I2_O)        0.053    30.380 r  GEN_BRAM.u_core/reg_file/debug_alu_out_OBUF[30]_inst_i_4/O
                         net (fo=1, routed)           0.212    30.592    GEN_BRAM.u_core/reg_file/debug_alu_out_OBUF[30]_inst_i_4_n_0
    SLICE_X14Y21         LUT6 (Prop_lut6_I5_O)        0.053    30.645 r  GEN_BRAM.u_core/reg_file/debug_alu_out_OBUF[30]_inst_i_1/O
                         net (fo=3, routed)           0.354    31.000    GEN_BRAM.u_core/wb_mux/debug_alu_out_OBUF[30]
    SLICE_X13Y19         LUT6 (Prop_lut6_I0_O)        0.053    31.053 r  GEN_BRAM.u_core/wb_mux/registers_reg_r1_0_31_30_31_i_3/O
                         net (fo=1, routed)           0.131    31.184    GEN_BRAM.u_core/divider/wb_exec[30]
    SLICE_X13Y19         LUT6 (Prop_lut6_I5_O)        0.053    31.237 r  GEN_BRAM.u_core/divider/registers_reg_r1_0_31_30_31_i_1/O
                         net (fo=4, routed)           0.385    31.622    GEN_BRAM.u_core/reg_file/registers_reg_r1_0_31_30_31/D
    SLICE_X14Y20         RAMD32                                       r  GEN_BRAM.u_core/reg_file/registers_reg_r1_0_31_30_31/SP/I
  -------------------------------------------------------------------    -------------------

                         (clock sys_clk rise edge)   30.000    30.000 r  
    AD23                                              0.000    30.000 r  clk (IN)
                         net (fo=0)                   0.000    30.000    clk
    AD23                 IBUF (Prop_ibuf_I_O)         0.796    30.796 r  clk_IBUF_inst/O
                         net (fo=1, routed)           1.741    32.537    clk_IBUF
    BUFGCTRL_X0Y0        BUFG (Prop_bufg_I_O)         0.113    32.650 r  clk_IBUF_BUFG_inst/O
                         net (fo=350, routed)         1.533    34.183    GEN_BRAM.u_core/reg_file/registers_reg_r1_0_31_30_31/WCLK
    SLICE_X14Y20         RAMD32                                       r  GEN_BRAM.u_core/reg_file/registers_reg_r1_0_31_30_31/SP/CLK
                         clock pessimism              0.263    34.447    
                         clock uncertainty           -0.035    34.411    
    SLICE_X14Y20         RAMD32 (Setup_ramd32_CLK_I)
                                                     -0.138    34.273    GEN_BRAM.u_core/reg_file/registers_reg_r1_0_31_30_31/SP
  -------------------------------------------------------------------
                         required time                         34.273    
                         arrival time                         -31.622    
  -------------------------------------------------------------------
                         slack                                  2.651    

Slack (MET) :             2.681ns  (required time - arrival time)
  Source:                 GEN_BRAM.u_core/ir_reg[17]/C
                            (rising edge-triggered cell FDCE clocked by sys_clk  {rise@0.000ns fall@15.000ns period=30.000ns})
  Destination:            GEN_BRAM.u_core/reg_file/registers_reg_r1_0_31_24_29/RAMC_D1/I
                            (rising edge-triggered cell RAMD32 clocked by sys_clk  {rise@0.000ns fall@15.000ns period=30.000ns})
  Path Group:             sys_clk
  Path Type:              Setup (Max at Slow Process Corner)
  Requirement:            30.000ns  (sys_clk rise@30.000ns - sys_clk rise@0.000ns)
  Data Path Delay:        27.082ns  (logic 4.062ns (14.999%)  route 23.020ns (85.001%))
  Logic Levels:           56  (CARRY4=1 LUT3=14 LUT4=2 LUT5=17 LUT6=21 RAMD32=1)
  Clock Path Skew:        -0.028ns (DCD - SCD + CPR)
    Destination Clock Delay (DCD):    4.185ns = ( 34.185 - 30.000 ) 
    Source Clock Delay      (SCD):    4.470ns
    Clock Pessimism Removal (CPR):    0.256ns
  Clock Uncertainty:      0.035ns  ((TSJ^2 + TIJ^2)^1/2 + DJ) / 2 + PE
    Total System Jitter     (TSJ):    0.071ns
    Total Input Jitter      (TIJ):    0.000ns
    Discrete Jitter          (DJ):    0.000ns
    Phase Error              (PE):    0.000ns

    Location             Delay type                Incr(ns)  Path(ns)    Netlist Resource(s)
  -------------------------------------------------------------------    -------------------
                         (clock sys_clk rise edge)    0.000     0.000 r  
    AD23                                              0.000     0.000 r  clk (IN)
                         net (fo=0)                   0.000     0.000    clk
    AD23                 IBUF (Prop_ibuf_I_O)         0.873     0.873 r  clk_IBUF_inst/O
                         net (fo=1, routed)           1.830     2.703    clk_IBUF
    BUFGCTRL_X0Y0        BUFG (Prop_bufg_I_O)         0.120     2.823 r  clk_IBUF_BUFG_inst/O
                         net (fo=350, routed)         1.647     4.470    GEN_BRAM.u_core/clk_IBUF_BUFG
    SLICE_X13Y17         FDCE                                         r  GEN_BRAM.u_core/ir_reg[17]/C
  -------------------------------------------------------------------    -------------------
    SLICE_X13Y17         FDCE (Prop_fdce_C_Q)         0.269     4.739 r  GEN_BRAM.u_core/ir_reg[17]/Q
                         net (fo=97, routed)          0.894     5.633    GEN_BRAM.u_core/reg_file/registers_reg_r1_0_31_30_31__0/DPRA2
    SLICE_X14Y20         RAMD32 (Prop_ramd32_RADR2_O)
                                                      0.063     5.696 r  GEN_BRAM.u_core/reg_file/registers_reg_r1_0_31_30_31__0/DP/O
                         net (fo=11, routed)          0.758     6.454    GEN_BRAM.u_core/alu_mux_a/dataR10[31]
    SLICE_X11Y23         LUT4 (Prop_lut4_I1_O)        0.164     6.618 f  GEN_BRAM.u_core/alu_mux_a/u_adder_i_1/O
                         net (fo=96, routed)          0.579     7.196    GEN_BRAM.u_core/alu/u_mul/u_mul/GEN_ARRAY.u_mul/u_csa_row0/GEN_CSA_FA[1].u_fa/result[31]_INST_0_i_35_n_0
    SLICE_X10Y16         LUT4 (Prop_lut4_I0_O)        0.053     7.249 r  GEN_BRAM.u_core/alu/u_mul/u_mul/GEN_ARRAY.u_mul/u_csa_row0/GEN_CSA_FA[1].u_fa/result[2]_INST_0_i_3/O
                         net (fo=149, routed)         1.003     8.253    GEN_BRAM.u_core/alu/u_mul/u_mul/GEN_ARRAY.u_mul/u_csa_row0/GEN_CSA_FA[1].u_fa/result[2]_INST_0_i_3_n_0
    SLICE_X12Y14         LUT6 (Prop_lut6_I1_O)        0.053     8.306 r  GEN_BRAM.u_core/alu/u_mul/u_mul/GEN_ARRAY.u_mul/u_csa_row0/GEN_CSA_FA[1].u_fa/result[6]_INST_0_i_52/O
                         net (fo=2, routed)           0.330     8.636    GEN_BRAM.u_core/alu/u_mul/u_mul/GEN_ARRAY.u_mul/u_csa_row0/GEN_CSA_FA[1].u_fa/pp[2]_91[6]
    SLICE_X12Y14         LUT6 (Prop_lut6_I5_O)        0.053     8.689 r  GEN_BRAM.u_core/alu/u_mul/u_mul/GEN_ARRAY.u_mul/u_csa_row0/GEN_CSA_FA[1].u_fa/result[6]_INST_0_i_35/O
                         net (fo=3, routed)           0.479     9.168    GEN_BRAM.u_core/alu/u_mul/u_mul/GEN_ARRAY.u_mul/u_csa_row0/GEN_CSA_FA[1].u_fa/stage_sum[0]_28[6]
    SLICE_X12Y14         LUT3 (Prop_lut3_I1_O)        0.053     9.221 r  GEN_BRAM.u_core/alu/u_mul/u_mul/GEN_ARRAY.u_mul/u_csa_row0/GEN_CSA_FA[1].u_fa/result[8]_INST_0_i_67/O
                         net (fo=2, routed)           0.492     9.713    GEN_BRAM.u_core/alu/u_mul/u_mul/GEN_ARRAY.u_mul/u_csa_row0/GEN_CSA_FA[1].u_fa/stage_carry[1]_43[7]
    SLICE_X11Y14         LUT5 (Prop_lut5_I3_O)        0.053     9.766 r  GEN_BRAM.u_core/alu/u_mul/u_mul/GEN_ARRAY.u_mul/u_csa_row0/GEN_CSA_FA[1].u_fa/result[8]_INST_0_i_44/O
                         net (fo=3, routed)           0.306    10.072    GEN_BRAM.u_core/alu/u_mul/u_mul/GEN_ARRAY.u_mul/u_csa_row0/GEN_CSA_FA[1].u_fa/stage_carry[2]_0[8]
    SLICE_X10Y14         LUT3 (Prop_lut3_I0_O)        0.053    10.125 r  GEN_BRAM.u_core/alu/u_mul/u_mul/GEN_ARRAY.u_mul/u_csa_row0/GEN_CSA_FA[1].u_fa/result[10]_INST_0_i_52/O
                         net (fo=2, routed)           0.436    10.561    GEN_BRAM.u_core/alu/u_mul/u_mul/GEN_ARRAY.u_mul/u_csa_row0/GEN_CSA_FA[1].u_fa/stage_carry[3]_44[9]
    SLICE_X9Y14          LUT5 (Prop_lut5_I3_O)        0.053    10.614 r  GEN_BRAM.u_core/alu/u_mul/u_mul/GEN_ARRAY.u_mul/u_csa_row0/GEN_CSA_FA[1].u_fa/result[10]_INST_0_i_34/O
                         net (fo=3, routed)           0.435    11.048    GEN_BRAM.u_core/alu/u_mul/u_mul/GEN_ARRAY.u_mul/u_csa_row0/GEN_CSA_FA[1].u_fa/stage_carry[4]_2[10]
    SLICE_X7Y14          LUT3 (Prop_lut3_I0_O)        0.053    11.101 r  GEN_BRAM.u_core/alu/u_mul/u_mul/GEN_ARRAY.u_mul/u_csa_row0/GEN_CSA_FA[1].u_fa/result[12]_INST_0_i_69/O
                         net (fo=2, routed)           0.204    11.305    GEN_BRAM.u_core/alu/u_mul/u_mul/GEN_ARRAY.u_mul/u_csa_row0/GEN_CSA_FA[1].u_fa/stage_carry[5]_45[11]
    SLICE_X7Y14          LUT5 (Prop_lut5_I3_O)        0.053    11.358 r  GEN_BRAM.u_core/alu/u_mul/u_mul/GEN_ARRAY.u_mul/u_csa_row0/GEN_CSA_FA[1].u_fa/result[12]_INST_0_i_45/O
                         net (fo=3, routed)           0.687    12.045    GEN_BRAM.u_core/alu/u_mul/u_mul/GEN_ARRAY.u_mul/u_csa_row0/GEN_CSA_FA[1].u_fa/stage_carry[6]_4[12]
    SLICE_X8Y12          LUT3 (Prop_lut3_I0_O)        0.053    12.098 r  GEN_BRAM.u_core/alu/u_mul/u_mul/GEN_ARRAY.u_mul/u_csa_row0/GEN_CSA_FA[1].u_fa/result[14]_INST_0_i_52/O
                         net (fo=2, routed)           0.617    12.714    GEN_BRAM.u_core/alu/u_mul/u_mul/GEN_ARRAY.u_mul/u_csa_row0/GEN_CSA_FA[1].u_fa/stage_carry[7]_46[13]
    SLICE_X7Y11          LUT5 (Prop_lut5_I3_O)        0.053    12.767 r  GEN_BRAM.u_core/alu/u_mul/u_mul/GEN_ARRAY.u_mul/u_csa_row0/GEN_CSA_FA[1].u_fa/result[14]_INST_0_i_34/O
                         net (fo=3, routed)           0.325    13.093    GEN_BRAM.u_core/alu/u_mul/u_mul/GEN_ARRAY.u_mul/u_csa_row0/GEN_CSA_FA[1].u_fa/stage_carry[8]_6[14]
    SLICE_X7Y11          LUT3 (Prop_lut3_I0_O)        0.053    13.146 r  GEN_BRAM.u_core/alu/u_mul/u_mul/GEN_ARRAY.u_mul/u_csa_row0/GEN_CSA_FA[1].u_fa/result[16]_INST_0_i_67/O
                         net (fo=2, routed)           0.368    13.514    GEN_BRAM.u_core/alu/u_mul/u_mul/GEN_ARRAY.u_mul/u_csa_row0/GEN_CSA_FA[1].u_fa/stage_carry[9]_47[15]
    SLICE_X6Y11          LUT5 (Prop_lut5_I3_O)        0.053    13.567 r  GEN_BRAM.u_core/alu/u_mul/u_mul/GEN_ARRAY.u_mul/u_csa_row0/GEN_CSA_FA[1].u_fa/result[16]_INST_0_i_44/O
                         net (fo=3, routed)           0.347    13.914    GEN_BRAM.u_core/alu/u_mul/u_mul/GEN_ARRAY.u_mul/u_csa_row0/GEN_CSA_FA[1].u_fa/stage_carry[10]_8[16]
    SLICE_X3Y11          LUT3 (Prop_lut3_I0_O)        0.053    13.967 r  GEN_BRAM.u_core/alu/u_mul/u_mul/GEN_ARRAY.u_mul/u_csa_row0/GEN_CSA_FA[1].u_fa/result[18]_INST_0_i_52/O
                         net (fo=2, routed)           0.423    14.390    GEN_BRAM.u_core/alu/u_mul/u_mul/GEN_ARRAY.u_mul/u_csa_row0/GEN_CSA_FA[1].u_fa/stage_carry[11]_48[17]
    SLICE_X3Y13          LUT5 (Prop_lut5_I3_O)        0.053    14.443 r  GEN_BRAM.u_core/alu/u_mul/u_mul/GEN_ARRAY.u_mul/u_csa_row0/GEN_CSA_FA[1].u_fa/result[18]_INST_0_i_34/O
                         net (fo=3, routed)           0.533    14.976    GEN_BRAM.u_core/alu/u_mul/u_mul/GEN_ARRAY.u_mul/u_csa_row0/GEN_CSA_FA[1].u_fa/stage_carry[12]_10[18]
    SLICE_X7Y10          LUT3 (Prop_lut3_I0_O)        0.053    15.029 r  GEN_BRAM.u_core/alu/u_mul/u_mul/GEN_ARRAY.u_mul/u_csa_row0/GEN_CSA_FA[1].u_fa/result[20]_INST_0_i_67/O
                         net (fo=2, routed)           0.502    15.530    GEN_BRAM.u_core/alu/u_mul/u_mul/GEN_ARRAY.u_mul/u_csa_row0/GEN_CSA_FA[1].u_fa/stage_carry[13]_49[19]
    SLICE_X9Y10          LUT5 (Prop_lut5_I3_O)        0.053    15.583 r  GEN_BRAM.u_core/alu/u_mul/u_mul/GEN_ARRAY.u_mul/u_csa_row0/GEN_CSA_FA[1].u_fa/result[20]_INST_0_i_44/O
                         net (fo=3, routed)           0.384    15.967    GEN_BRAM.u_core/alu/u_mul/u_mul/GEN_ARRAY.u_mul/u_csa_row0/GEN_CSA_FA[1].u_fa/stage_carry[14]_12[20]
    SLICE_X8Y10          LUT3 (Prop_lut3_I0_O)        0.053    16.020 r  GEN_BRAM.u_core/alu/u_mul/u_mul/GEN_ARRAY.u_mul/u_csa_row0/GEN_CSA_FA[1].u_fa/result[22]_INST_0_i_52/O
                         net (fo=2, routed)           0.376    16.396    GEN_BRAM.u_core/alu/u_mul/u_mul/GEN_ARRAY.u_mul/u_csa_row0/GEN_CSA_FA[1].u_fa/stage_carry[15]_50[21]
    SLICE_X7Y10          LUT5 (Prop_lut5_I3_O)        0.053    16.449 r  GEN_BRAM.u_core/alu/u_mul/u_mul/GEN_ARRAY.u_mul/u_csa_row0/GEN_CSA_FA[1].u_fa/result[22]_INST_0_i_34/O
                         net (fo=3, routed)           0.481    16.929    GEN_BRAM.u_core/alu/u_mul/u_mul/GEN_ARRAY.u_mul/u_csa_row0/GEN_CSA_FA[1].u_fa/stage_carry[16]_14[22]
    SLICE_X6Y9           LUT3 (Prop_lut3_I0_O)        0.053    16.982 r  GEN_BRAM.u_core/alu/u_mul/u_mul/GEN_ARRAY.u_mul/u_csa_row0/GEN_CSA_FA[1].u_fa/result[24]_INST_0_i_67/O
                         net (fo=2, routed)           0.340    17.323    GEN_BRAM.u_core/alu/u_mul/u_mul/GEN_ARRAY.u_mul/u_csa_row0/GEN_CSA_FA[1].u_fa/stage_carry[17]_51[23]
    SLICE_X3Y9           LUT5 (Prop_lut5_I3_O)        0.053    17.376 r  GEN_BRAM.u_core/alu/u_mul/u_mul/GEN_ARRAY.u_mul/u_csa_row0/GEN_CSA_FA[1].u_fa/result[24]_INST_0_i_40/O
                         net (fo=3, routed)           0.433    17.809    GEN_BRAM.u_core/alu/u_mul/u_mul/GEN_ARRAY.u_mul/u_csa_row0/GEN_CSA_FA[1].u_fa/stage_sum[18]_34[23]
    SLICE_X5Y8           LUT3 (Prop_lut3_I1_O)        0.053    17.862 r  GEN_BRAM.u_core/alu/u_mul/u_mul/GEN_ARRAY.u_mul/u_csa_row0/GEN_CSA_FA[1].u_fa/result[24]_INST_0_i_47/O
                         net (fo=2, routed)           0.308    18.169    GEN_BRAM.u_core/alu/u_mul/u_mul/GEN_ARRAY.u_mul/u_csa_row0/GEN_CSA_FA[1].u_fa/stage_carry[19]_52[24]
    SLICE_X5Y8           LUT5 (Prop_lut5_I3_O)        0.053    18.222 r  GEN_BRAM.u_core/alu/u_mul/u_mul/GEN_ARRAY.u_mul/u_csa_row0/GEN_CSA_FA[1].u_fa/result[24]_INST_0_i_26/O
                         net (fo=2, routed)           0.582    18.805    GEN_BRAM.u_core/alu/u_mul/u_mul/GEN_ARRAY.u_mul/u_csa_row0/GEN_CSA_FA[1].u_fa/stage_sum[20]_33[24]
    SLICE_X8Y9           LUT3 (Prop_lut3_I1_O)        0.053    18.858 r  GEN_BRAM.u_core/alu/u_mul/u_mul/GEN_ARRAY.u_mul/u_csa_row0/GEN_CSA_FA[1].u_fa/result[26]_INST_0_i_32/O
                         net (fo=2, routed)           0.466    19.324    GEN_BRAM.u_core/alu/u_mul/u_mul/GEN_ARRAY.u_mul/u_csa_row0/GEN_CSA_FA[1].u_fa/stage_carry[21]_53[25]
    SLICE_X8Y9           LUT5 (Prop_lut5_I3_O)        0.053    19.377 r  GEN_BRAM.u_core/alu/u_mul/u_mul/GEN_ARRAY.u_mul/u_csa_row0/GEN_CSA_FA[1].u_fa/result[26]_INST_0_i_16/O
                         net (fo=2, routed)           0.479    19.855    GEN_BRAM.u_core/alu/u_mul/u_mul/GEN_ARRAY.u_mul/u_csa_row0/GEN_CSA_FA[1].u_fa/stage_carry[22]_20[26]
    SLICE_X8Y8           LUT3 (Prop_lut3_I0_O)        0.053    19.908 r  GEN_BRAM.u_core/alu/u_mul/u_mul/GEN_ARRAY.u_mul/u_csa_row0/GEN_CSA_FA[1].u_fa/result[28]_INST_0_i_42/O
                         net (fo=2, routed)           0.426    20.334    GEN_BRAM.u_core/alu/u_mul/u_mul/GEN_ARRAY.u_mul/u_csa_row0/GEN_CSA_FA[1].u_fa/stage_carry[23]_54[27]
    SLICE_X8Y7           LUT5 (Prop_lut5_I3_O)        0.053    20.387 r  GEN_BRAM.u_core/alu/u_mul/u_mul/GEN_ARRAY.u_mul/u_csa_row0/GEN_CSA_FA[1].u_fa/result[28]_INST_0_i_25/O
                         net (fo=2, routed)           0.407    20.794    GEN_BRAM.u_core/alu/u_mul/u_mul/GEN_ARRAY.u_mul/u_csa_row0/GEN_CSA_FA[1].u_fa/stage_carry[24]_22[28]
    SLICE_X11Y7          LUT3 (Prop_lut3_I0_O)        0.053    20.847 r  GEN_BRAM.u_core/alu/u_mul/u_mul/GEN_ARRAY.u_mul/u_csa_row0/GEN_CSA_FA[1].u_fa/result[28]_INST_0_i_8/O
                         net (fo=2, routed)           0.598    21.445    GEN_BRAM.u_core/alu/u_mul/u_mul/GEN_ARRAY.u_mul/u_csa_row0/GEN_CSA_FA[1].u_fa/stage_sum[25]_25[28]
    SLICE_X16Y10         LUT6 (Prop_lut6_I5_O)        0.053    21.498 r  GEN_BRAM.u_core/alu/u_mul/u_mul/GEN_ARRAY.u_mul/u_csa_row0/GEN_CSA_FA[1].u_fa/result[30]_INST_0_i_9/O
                         net (fo=2, routed)           0.424    21.922    GEN_BRAM.u_core/alu/u_mul/u_mul/GEN_ARRAY.u_mul/u_csa_row0/GEN_CSA_FA[1].u_fa/stage_carry[26]_24[29]
    SLICE_X16Y11         LUT6 (Prop_lut6_I4_O)        0.053    21.975 r  GEN_BRAM.u_core/alu/u_mul/u_mul/GEN_ARRAY.u_mul/u_csa_row0/GEN_CSA_FA[1].u_fa/result[30]_INST_0_i_4/O
                         net (fo=2, routed)           0.441    22.416    GEN_BRAM.u_core/alu/u_mul/u_mul/GEN_ARRAY.u_mul/u_csa_row0/GEN_CSA_FA[1].u_fa/stage_sum[27]_27[29]
    SLICE_X15Y11         LUT3 (Prop_lut3_I2_O)        0.056    22.472 r  GEN_BRAM.u_core/alu/u_mul/u_mul/GEN_ARRAY.u_mul/u_csa_row0/GEN_CSA_FA[1].u_fa/result[30]_INST_0_i_1/O
                         net (fo=5, routed)           0.738    23.210    GEN_BRAM.u_core/alu/u_mul/u_mul/GEN_ARRAY.u_mul/u_csa_row0/GEN_CSA_FA[1].u_fa/stage_carry[28]_26[30]
    SLICE_X15Y11         LUT5 (Prop_lut5_I1_O)        0.181    23.391 r  GEN_BRAM.u_core/alu/u_mul/u_mul/GEN_ARRAY.u_mul/u_csa_row0/GEN_CSA_FA[1].u_fa/result[1]_INST_0_i_6/O
                         net (fo=2, routed)           0.407    23.797    GEN_BRAM.u_core/alu/u_mul/u_mul/GEN_ARRAY.u_mul/u_csa_row0/GEN_CSA_FA[1].u_fa/u_final_cpa/GEN_FINAL_FA[32].u_fa/c2
    SLICE_X15Y12         LUT5 (Prop_lut5_I2_O)        0.180    23.977 r  GEN_BRAM.u_core/alu/u_mul/u_mul/GEN_ARRAY.u_mul/u_csa_row0/GEN_CSA_FA[1].u_fa/result[2]_INST_0_i_9/O
                         net (fo=2, routed)           0.448    24.426    GEN_BRAM.u_core/alu/u_mul/u_mul/GEN_ARRAY.u_mul/u_csa_row0/GEN_CSA_FA[1].u_fa/u_final_cpa/GEN_FINAL_FA[33].u_fa/c2
    SLICE_X15Y12         LUT5 (Prop_lut5_I2_O)        0.187    24.613 r  GEN_BRAM.u_core/alu/u_mul/u_mul/GEN_ARRAY.u_mul/u_csa_row0/GEN_CSA_FA[1].u_fa/result[4]_INST_0_i_14/O
                         net (fo=3, routed)           0.263    24.876    GEN_BRAM.u_core/alu/u_mul/u_mul/GEN_ARRAY.u_mul/u_csa_row0/GEN_CSA_FA[1].u_fa/u_final_cpa/c_35
    SLICE_X16Y12         LUT6 (Prop_lut6_I4_O)        0.169    25.045 r  GEN_BRAM.u_core/alu/u_mul/u_mul/GEN_ARRAY.u_mul/u_csa_row0/GEN_CSA_FA[1].u_fa/result[6]_INST_0_i_12/O
                         net (fo=3, routed)           0.326    25.371    GEN_BRAM.u_core/alu/u_mul/u_mul/GEN_ARRAY.u_mul/u_csa_row0/GEN_CSA_FA[1].u_fa/u_final_cpa/c_37
    SLICE_X16Y13         LUT6 (Prop_lut6_I4_O)        0.053    25.424 r  GEN_BRAM.u_core/alu/u_mul/u_mul/GEN_ARRAY.u_mul/u_csa_row0/GEN_CSA_FA[1].u_fa/result[8]_INST_0_i_13/O
                         net (fo=3, routed)           0.322    25.746    GEN_BRAM.u_core/alu/u_mul/u_mul/GEN_ARRAY.u_mul/u_csa_row0/GEN_CSA_FA[1].u_fa/u_final_cpa/c_39
    SLICE_X16Y14         LUT6 (Prop_lut6_I4_O)        0.053    25.799 r  GEN_BRAM.u_core/alu/u_mul/u_mul/GEN_ARRAY.u_mul/u_csa_row0/GEN_CSA_FA[1].u_fa/result[10]_INST_0_i_12/O
                         net (fo=3, routed)           0.153    25.953    GEN_BRAM.u_core/alu/u_mul/u_mul/GEN_ARRAY.u_mul/u_csa_row0/GEN_CSA_FA[1].u_fa/u_final_cpa/c_41
    SLICE_X16Y14         LUT6 (Prop_lut6_I4_O)        0.053    26.006 r  GEN_BRAM.u_core/alu/u_mul/u_mul/GEN_ARRAY.u_mul/u_csa_row0/GEN_CSA_FA[1].u_fa/result[12]_INST_0_i_13/O
                         net (fo=3, routed)           0.249    26.254    GEN_BRAM.u_core/alu/u_mul/u_mul/GEN_ARRAY.u_mul/u_csa_row0/GEN_CSA_FA[1].u_fa/u_final_cpa/c_43
    SLICE_X16Y15         LUT6 (Prop_lut6_I4_O)        0.053    26.307 r  GEN_BRAM.u_core/alu/u_mul/u_mul/GEN_ARRAY.u_mul/u_csa_row0/GEN_CSA_FA[1].u_fa/result[14]_INST_0_i_12/O
                         net (fo=3, routed)           0.298    26.606    GEN_BRAM.u_core/alu/u_mul/u_mul/GEN_ARRAY.u_mul/u_csa_row0/GEN_CSA_FA[1].u_fa/u_final_cpa/c_45
    SLICE_X17Y15         LUT6 (Prop_lut6_I4_O)        0.053    26.659 r  GEN_BRAM.u_core/alu/u_mul/u_mul/GEN_ARRAY.u_mul/u_csa_row0/GEN_CSA_FA[1].u_fa/result[16]_INST_0_i_13/O
                         net (fo=3, routed)           0.309    26.968    GEN_BRAM.u_core/alu/u_mul/u_mul/GEN_ARRAY.u_mul/u_csa_row0/GEN_CSA_FA[1].u_fa/u_final_cpa/c_47
    SLICE_X17Y16         LUT6 (Prop_lut6_I4_O)        0.053    27.021 r  GEN_BRAM.u_core/alu/u_mul/u_mul/GEN_ARRAY.u_mul/u_csa_row0/GEN_CSA_FA[1].u_fa/result[18]_INST_0_i_12/O
                         net (fo=3, routed)           0.138    27.159    GEN_BRAM.u_core/alu/u_mul/u_mul/GEN_ARRAY.u_mul/u_csa_row0/GEN_CSA_FA[1].u_fa/u_final_cpa/c_49
    SLICE_X17Y16         LUT6 (Prop_lut6_I4_O)        0.053    27.212 r  GEN_BRAM.u_core/alu/u_mul/u_mul/GEN_ARRAY.u_mul/u_csa_row0/GEN_CSA_FA[1].u_fa/result[20]_INST_0_i_13/O
                         net (fo=3, routed)           0.244    27.456    GEN_BRAM.u_core/alu/u_mul/u_mul/GEN_ARRAY.u_mul/u_csa_row0/GEN_CSA_FA[1].u_fa/u_final_cpa/c_51
    SLICE_X17Y17         LUT6 (Prop_lut6_I4_O)        0.053    27.509 r  GEN_BRAM.u_core/alu/u_mul/u_mul/GEN_ARRAY.u_mul/u_csa_row0/GEN_CSA_FA[1].u_fa/result[22]_INST_0_i_12/O
                         net (fo=3, routed)           0.138    27.647    GEN_BRAM.u_core/alu/u_mul/u_mul/GEN_ARRAY.u_mul/u_csa_row0/GEN_CSA_FA[1].u_fa/u_final_cpa/c_53
    SLICE_X17Y17         LUT6 (Prop_lut6_I4_O)        0.053    27.700 r  GEN_BRAM.u_core/alu/u_mul/u_mul/GEN_ARRAY.u_mul/u_csa_row0/GEN_CSA_FA[1].u_fa/result[24]_INST_0_i_13/O
                         net (fo=3, routed)           0.366    28.066    GEN_BRAM.u_core/alu/u_mul/u_mul/GEN_ARRAY.u_mul/u_csa_row0/GEN_CSA_FA[1].u_fa/u_final_cpa/c_55
    SLICE_X17Y18         LUT6 (Prop_lut6_I4_O)        0.053    28.119 r  GEN_BRAM.u_core/alu/u_mul/u_mul/GEN_ARRAY.u_mul/u_csa_row0/GEN_CSA_FA[1].u_fa/result[26]_INST_0_i_12/O
                         net (fo=3, routed)           0.317    28.436    GEN_BRAM.u_core/alu/u_mul/u_mul/GEN_ARRAY.u_mul/u_csa_row0/GEN_CSA_FA[1].u_fa/u_final_cpa/c_57
    SLICE_X17Y18         LUT6 (Prop_lut6_I4_O)        0.053    28.489 r  GEN_BRAM.u_core/alu/u_mul/u_mul/GEN_ARRAY.u_mul/u_csa_row0/GEN_CSA_FA[1].u_fa/result[28]_INST_0_i_13/O
                         net (fo=3, routed)           0.367    28.856    GEN_BRAM.u_core/alu/u_mul/u_mul/GEN_ARRAY.u_mul/u_csa_row0/GEN_CSA_FA[1].u_fa/u_final_cpa/c_59
    SLICE_X17Y19         LUT6 (Prop_lut6_I4_O)        0.053    28.909 r  GEN_BRAM.u_core/alu/u_mul/u_mul/GEN_ARRAY.u_mul/u_csa_row0/GEN_CSA_FA[1].u_fa/result[31]_INST_0_i_13/O
                         net (fo=3, routed)           0.259    29.168    GEN_BRAM.u_core/alu/u_mul/u_mul/GEN_ARRAY.u_mul/u_csa_row0/GEN_CSA_FA[1].u_fa/u_final_cpa/c_61
    SLICE_X15Y19         LUT5 (Prop_lut5_I4_O)        0.053    29.221 r  GEN_BRAM.u_core/alu/u_mul/u_mul/GEN_ARRAY.u_mul/u_csa_row0/GEN_CSA_FA[1].u_fa/result[29]_INST_0_i_2/O
                         net (fo=2, routed)           0.000    29.221    GEN_BRAM.u_core/alu/u_mul/u_mul/GEN_ARRAY.u_mul/u_csa_row0/GEN_CSA_FA[1].u_fa/p_0_in[61]
    SLICE_X15Y19         CARRY4 (Prop_carry4_S[0]_O[0])
                                                      0.147    29.368 r  GEN_BRAM.u_core/alu/u_mul/u_mul/GEN_ARRAY.u_mul/u_csa_row0/GEN_CSA_FA[1].u_fa/result[31]_INST_0_i_6/O[0]
                         net (fo=1, routed)           0.293    29.662    GEN_BRAM.u_core/alu/u_mul/u_mul/GEN_ARRAY.u_mul/u_csa_row0/GEN_CSA_FA[1].u_fa/signed_product0[61]
    SLICE_X13Y19         LUT5 (Prop_lut5_I4_O)        0.155    29.817 r  GEN_BRAM.u_core/alu/u_mul/u_mul/GEN_ARRAY.u_mul/u_csa_row0/GEN_CSA_FA[1].u_fa/result[29]_INST_0/O
                         net (fo=1, routed)           0.298    30.115    GEN_BRAM.u_core/reg_file/result[25]
    SLICE_X13Y19         LUT6 (Prop_lut6_I2_O)        0.053    30.168 r  GEN_BRAM.u_core/reg_file/debug_alu_out_OBUF[29]_inst_i_4/O
                         net (fo=1, routed)           0.393    30.561    GEN_BRAM.u_core/reg_file/debug_alu_out_OBUF[29]_inst_i_4_n_0
    SLICE_X13Y20         LUT6 (Prop_lut6_I5_O)        0.053    30.614 r  GEN_BRAM.u_core/reg_file/debug_alu_out_OBUF[29]_inst_i_1/O
                         net (fo=3, routed)           0.336    30.950    GEN_BRAM.u_core/wb_mux/debug_alu_out_OBUF[29]
    SLICE_X16Y20         LUT6 (Prop_lut6_I0_O)        0.053    31.003 r  GEN_BRAM.u_core/wb_mux/registers_reg_r1_0_31_24_29_i_16/O
                         net (fo=1, routed)           0.138    31.141    GEN_BRAM.u_core/divider/wb_exec[29]
    SLICE_X16Y20         LUT6 (Prop_lut6_I5_O)        0.053    31.194 r  GEN_BRAM.u_core/divider/registers_reg_r1_0_31_24_29_i_5/O
                         net (fo=2, routed)           0.358    31.552    GEN_BRAM.u_core/reg_file/registers_reg_r1_0_31_24_29/DIC1
    SLICE_X16Y18         RAMD32                                       r  GEN_BRAM.u_core/reg_file/registers_reg_r1_0_31_24_29/RAMC_D1/I
  -------------------------------------------------------------------    -------------------

                         (clock sys_clk rise edge)   30.000    30.000 r  
    AD23                                              0.000    30.000 r  clk (IN)
                         net (fo=0)                   0.000    30.000    clk
    AD23                 IBUF (Prop_ibuf_I_O)         0.796    30.796 r  clk_IBUF_inst/O
                         net (fo=1, routed)           1.741    32.537    clk_IBUF
    BUFGCTRL_X0Y0        BUFG (Prop_bufg_I_O)         0.113    32.650 r  clk_IBUF_BUFG_inst/O
                         net (fo=350, routed)         1.535    34.185    GEN_BRAM.u_core/reg_file/registers_reg_r1_0_31_24_29/WCLK
    SLICE_X16Y18         RAMD32                                       r  GEN_BRAM.u_core/reg_file/registers_reg_r1_0_31_24_29/RAMC_D1/CLK
                         clock pessimism              0.256    34.442    
                         clock uncertainty           -0.035    34.406    
    SLICE_X16Y18         RAMD32 (Setup_ramd32_CLK_I)
                                                     -0.174    34.232    GEN_BRAM.u_core/reg_file/registers_reg_r1_0_31_24_29/RAMC_D1
  -------------------------------------------------------------------
                         required time                         34.232    
                         arrival time                         -31.552    
  -------------------------------------------------------------------
                         slack                                  2.681    

Slack (MET) :             2.760ns  (required time - arrival time)
  Source:                 GEN_BRAM.u_core/ir_reg[17]/C
                            (rising edge-triggered cell FDCE clocked by sys_clk  {rise@0.000ns fall@15.000ns period=30.000ns})
  Destination:            GEN_BRAM.u_core/reg_file/registers_reg_r1_0_31_24_29/RAMC/I
                            (rising edge-triggered cell RAMD32 clocked by sys_clk  {rise@0.000ns fall@15.000ns period=30.000ns})
  Path Group:             sys_clk
  Path Type:              Setup (Max at Slow Process Corner)
  Requirement:            30.000ns  (sys_clk rise@30.000ns - sys_clk rise@0.000ns)
  Data Path Delay:        27.044ns  (logic 4.062ns (15.020%)  route 22.982ns (84.980%))
  Logic Levels:           55  (CARRY4=1 LUT3=14 LUT4=2 LUT5=16 LUT6=21 RAMD32=1)
  Clock Path Skew:        -0.028ns (DCD - SCD + CPR)
    Destination Clock Delay (DCD):    4.185ns = ( 34.185 - 30.000 ) 
    Source Clock Delay      (SCD):    4.470ns
    Clock Pessimism Removal (CPR):    0.256ns
  Clock Uncertainty:      0.035ns  ((TSJ^2 + TIJ^2)^1/2 + DJ) / 2 + PE
    Total System Jitter     (TSJ):    0.071ns
    Total Input Jitter      (TIJ):    0.000ns
    Discrete Jitter          (DJ):    0.000ns
    Phase Error              (PE):    0.000ns

    Location             Delay type                Incr(ns)  Path(ns)    Netlist Resource(s)
  -------------------------------------------------------------------    -------------------
                         (clock sys_clk rise edge)    0.000     0.000 r  
    AD23                                              0.000     0.000 r  clk (IN)
                         net (fo=0)                   0.000     0.000    clk
    AD23                 IBUF (Prop_ibuf_I_O)         0.873     0.873 r  clk_IBUF_inst/O
                         net (fo=1, routed)           1.830     2.703    clk_IBUF
    BUFGCTRL_X0Y0        BUFG (Prop_bufg_I_O)         0.120     2.823 r  clk_IBUF_BUFG_inst/O
                         net (fo=350, routed)         1.647     4.470    GEN_BRAM.u_core/clk_IBUF_BUFG
    SLICE_X13Y17         FDCE                                         r  GEN_BRAM.u_core/ir_reg[17]/C
  -------------------------------------------------------------------    -------------------
    SLICE_X13Y17         FDCE (Prop_fdce_C_Q)         0.269     4.739 r  GEN_BRAM.u_core/ir_reg[17]/Q
                         net (fo=97, routed)          0.894     5.633    GEN_BRAM.u_core/reg_file/registers_reg_r1_0_31_30_31__0/DPRA2
    SLICE_X14Y20         RAMD32 (Prop_ramd32_RADR2_O)
                                                      0.063     5.696 r  GEN_BRAM.u_core/reg_file/registers_reg_r1_0_31_30_31__0/DP/O
                         net (fo=11, routed)          0.758     6.454    GEN_BRAM.u_core/alu_mux_a/dataR10[31]
    SLICE_X11Y23         LUT4 (Prop_lut4_I1_O)        0.164     6.618 f  GEN_BRAM.u_core/alu_mux_a/u_adder_i_1/O
                         net (fo=96, routed)          0.579     7.196    GEN_BRAM.u_core/alu/u_mul/u_mul/GEN_ARRAY.u_mul/u_csa_row0/GEN_CSA_FA[1].u_fa/result[31]_INST_0_i_35_n_0
    SLICE_X10Y16         LUT4 (Prop_lut4_I0_O)        0.053     7.249 r  GEN_BRAM.u_core/alu/u_mul/u_mul/GEN_ARRAY.u_mul/u_csa_row0/GEN_CSA_FA[1].u_fa/result[2]_INST_0_i_3/O
                         net (fo=149, routed)         1.003     8.253    GEN_BRAM.u_core/alu/u_mul/u_mul/GEN_ARRAY.u_mul/u_csa_row0/GEN_CSA_FA[1].u_fa/result[2]_INST_0_i_3_n_0
    SLICE_X12Y14         LUT6 (Prop_lut6_I1_O)        0.053     8.306 r  GEN_BRAM.u_core/alu/u_mul/u_mul/GEN_ARRAY.u_mul/u_csa_row0/GEN_CSA_FA[1].u_fa/result[6]_INST_0_i_52/O
                         net (fo=2, routed)           0.330     8.636    GEN_BRAM.u_core/alu/u_mul/u_mul/GEN_ARRAY.u_mul/u_csa_row0/GEN_CSA_FA[1].u_fa/pp[2]_91[6]
    SLICE_X12Y14         LUT6 (Prop_lut6_I5_O)        0.053     8.689 r  GEN_BRAM.u_core/alu/u_mul/u_mul/GEN_ARRAY.u_mul/u_csa_row0/GEN_CSA_FA[1].u_fa/result[6]_INST_0_i_35/O
                         net (fo=3, routed)           0.479     9.168    GEN_BRAM.u_core/alu/u_mul/u_mul/GEN_ARRAY.u_mul/u_csa_row0/GEN_CSA_FA[1].u_fa/stage_sum[0]_28[6]
    SLICE_X12Y14         LUT3 (Prop_lut3_I1_O)        0.053     9.221 r  GEN_BRAM.u_core/alu/u_mul/u_mul/GEN_ARRAY.u_mul/u_csa_row0/GEN_CSA_FA[1].u_fa/result[8]_INST_0_i_67/O
                         net (fo=2, routed)           0.492     9.713    GEN_BRAM.u_core/alu/u_mul/u_mul/GEN_ARRAY.u_mul/u_csa_row0/GEN_CSA_FA[1].u_fa/stage_carry[1]_43[7]
    SLICE_X11Y14         LUT5 (Prop_lut5_I3_O)        0.053     9.766 r  GEN_BRAM.u_core/alu/u_mul/u_mul/GEN_ARRAY.u_mul/u_csa_row0/GEN_CSA_FA[1].u_fa/result[8]_INST_0_i_44/O
                         net (fo=3, routed)           0.306    10.072    GEN_BRAM.u_core/alu/u_mul/u_mul/GEN_ARRAY.u_mul/u_csa_row0/GEN_CSA_FA[1].u_fa/stage_carry[2]_0[8]
    SLICE_X10Y14         LUT3 (Prop_lut3_I0_O)        0.053    10.125 r  GEN_BRAM.u_core/alu/u_mul/u_mul/GEN_ARRAY.u_mul/u_csa_row0/GEN_CSA_FA[1].u_fa/result[10]_INST_0_i_52/O
                         net (fo=2, routed)           0.436    10.561    GEN_BRAM.u_core/alu/u_mul/u_mul/GEN_ARRAY.u_mul/u_csa_row0/GEN_CSA_FA[1].u_fa/stage_carry[3]_44[9]
    SLICE_X9Y14          LUT5 (Prop_lut5_I3_O)        0.053    10.614 r  GEN_BRAM.u_core/alu/u_mul/u_mul/GEN_ARRAY.u_mul/u_csa_row0/GEN_CSA_FA[1].u_fa/result[10]_INST_0_i_34/O
                         net (fo=3, routed)           0.435    11.048    GEN_BRAM.u_core/alu/u_mul/u_mul/GEN_ARRAY.u_mul/u_csa_row0/GEN_CSA_FA[1].u_fa/stage_carry[4]_2[10]
    SLICE_X7Y14          LUT3 (Prop_lut3_I0_O)        0.053    11.101 r  GEN_BRAM.u_core/alu/u_mul/u_mul/GEN_ARRAY.u_mul/u_csa_row0/GEN_CSA_FA[1].u_fa/result[12]_INST_0_i_69/O
                         net (fo=2, routed)           0.204    11.305    GEN_BRAM.u_core/alu/u_mul/u_mul/GEN_ARRAY.u_mul/u_csa_row0/GEN_CSA_FA[1].u_fa/stage_carry[5]_45[11]
    SLICE_X7Y14          LUT5 (Prop_lut5_I3_O)        0.053    11.358 r  GEN_BRAM.u_core/alu/u_mul/u_mul/GEN_ARRAY.u_mul/u_csa_row0/GEN_CSA_FA[1].u_fa/result[12]_INST_0_i_45/O
                         net (fo=3, routed)           0.687    12.045    GEN_BRAM.u_core/alu/u_mul/u_mul/GEN_ARRAY.u_mul/u_csa_row0/GEN_CSA_FA[1].u_fa/stage_carry[6]_4[12]
    SLICE_X8Y12          LUT3 (Prop_lut3_I0_O)        0.053    12.098 r  GEN_BRAM.u_core/alu/u_mul/u_mul/GEN_ARRAY.u_mul/u_csa_row0/GEN_CSA_FA[1].u_fa/result[14]_INST_0_i_52/O
                         net (fo=2, routed)           0.617    12.714    GEN_BRAM.u_core/alu/u_mul/u_mul/GEN_ARRAY.u_mul/u_csa_row0/GEN_CSA_FA[1].u_fa/stage_carry[7]_46[13]
    SLICE_X7Y11          LUT5 (Prop_lut5_I3_O)        0.053    12.767 r  GEN_BRAM.u_core/alu/u_mul/u_mul/GEN_ARRAY.u_mul/u_csa_row0/GEN_CSA_FA[1].u_fa/result[14]_INST_0_i_34/O
                         net (fo=3, routed)           0.325    13.093    GEN_BRAM.u_core/alu/u_mul/u_mul/GEN_ARRAY.u_mul/u_csa_row0/GEN_CSA_FA[1].u_fa/stage_carry[8]_6[14]
    SLICE_X7Y11          LUT3 (Prop_lut3_I0_O)        0.053    13.146 r  GEN_BRAM.u_core/alu/u_mul/u_mul/GEN_ARRAY.u_mul/u_csa_row0/GEN_CSA_FA[1].u_fa/result[16]_INST_0_i_67/O
                         net (fo=2, routed)           0.368    13.514    GEN_BRAM.u_core/alu/u_mul/u_mul/GEN_ARRAY.u_mul/u_csa_row0/GEN_CSA_FA[1].u_fa/stage_carry[9]_47[15]
    SLICE_X6Y11          LUT5 (Prop_lut5_I3_O)        0.053    13.567 r  GEN_BRAM.u_core/alu/u_mul/u_mul/GEN_ARRAY.u_mul/u_csa_row0/GEN_CSA_FA[1].u_fa/result[16]_INST_0_i_44/O
                         net (fo=3, routed)           0.347    13.914    GEN_BRAM.u_core/alu/u_mul/u_mul/GEN_ARRAY.u_mul/u_csa_row0/GEN_CSA_FA[1].u_fa/stage_carry[10]_8[16]
    SLICE_X3Y11          LUT3 (Prop_lut3_I0_O)        0.053    13.967 r  GEN_BRAM.u_core/alu/u_mul/u_mul/GEN_ARRAY.u_mul/u_csa_row0/GEN_CSA_FA[1].u_fa/result[18]_INST_0_i_52/O
                         net (fo=2, routed)           0.423    14.390    GEN_BRAM.u_core/alu/u_mul/u_mul/GEN_ARRAY.u_mul/u_csa_row0/GEN_CSA_FA[1].u_fa/stage_carry[11]_48[17]
    SLICE_X3Y13          LUT5 (Prop_lut5_I3_O)        0.053    14.443 r  GEN_BRAM.u_core/alu/u_mul/u_mul/GEN_ARRAY.u_mul/u_csa_row0/GEN_CSA_FA[1].u_fa/result[18]_INST_0_i_34/O
                         net (fo=3, routed)           0.533    14.976    GEN_BRAM.u_core/alu/u_mul/u_mul/GEN_ARRAY.u_mul/u_csa_row0/GEN_CSA_FA[1].u_fa/stage_carry[12]_10[18]
    SLICE_X7Y10          LUT3 (Prop_lut3_I0_O)        0.053    15.029 r  GEN_BRAM.u_core/alu/u_mul/u_mul/GEN_ARRAY.u_mul/u_csa_row0/GEN_CSA_FA[1].u_fa/result[20]_INST_0_i_67/O
                         net (fo=2, routed)           0.502    15.530    GEN_BRAM.u_core/alu/u_mul/u_mul/GEN_ARRAY.u_mul/u_csa_row0/GEN_CSA_FA[1].u_fa/stage_carry[13]_49[19]
    SLICE_X9Y10          LUT5 (Prop_lut5_I3_O)        0.053    15.583 r  GEN_BRAM.u_core/alu/u_mul/u_mul/GEN_ARRAY.u_mul/u_csa_row0/GEN_CSA_FA[1].u_fa/result[20]_INST_0_i_44/O
                         net (fo=3, routed)           0.384    15.967    GEN_BRAM.u_core/alu/u_mul/u_mul/GEN_ARRAY.u_mul/u_csa_row0/GEN_CSA_FA[1].u_fa/stage_carry[14]_12[20]
    SLICE_X8Y10          LUT3 (Prop_lut3_I0_O)        0.053    16.020 r  GEN_BRAM.u_core/alu/u_mul/u_mul/GEN_ARRAY.u_mul/u_csa_row0/GEN_CSA_FA[1].u_fa/result[22]_INST_0_i_52/O
                         net (fo=2, routed)           0.376    16.396    GEN_BRAM.u_core/alu/u_mul/u_mul/GEN_ARRAY.u_mul/u_csa_row0/GEN_CSA_FA[1].u_fa/stage_carry[15]_50[21]
    SLICE_X7Y10          LUT5 (Prop_lut5_I3_O)        0.053    16.449 r  GEN_BRAM.u_core/alu/u_mul/u_mul/GEN_ARRAY.u_mul/u_csa_row0/GEN_CSA_FA[1].u_fa/result[22]_INST_0_i_34/O
                         net (fo=3, routed)           0.481    16.929    GEN_BRAM.u_core/alu/u_mul/u_mul/GEN_ARRAY.u_mul/u_csa_row0/GEN_CSA_FA[1].u_fa/stage_carry[16]_14[22]
    SLICE_X6Y9           LUT3 (Prop_lut3_I0_O)        0.053    16.982 r  GEN_BRAM.u_core/alu/u_mul/u_mul/GEN_ARRAY.u_mul/u_csa_row0/GEN_CSA_FA[1].u_fa/result[24]_INST_0_i_67/O
                         net (fo=2, routed)           0.340    17.323    GEN_BRAM.u_core/alu/u_mul/u_mul/GEN_ARRAY.u_mul/u_csa_row0/GEN_CSA_FA[1].u_fa/stage_carry[17]_51[23]
    SLICE_X3Y9           LUT5 (Prop_lut5_I3_O)        0.053    17.376 r  GEN_BRAM.u_core/alu/u_mul/u_mul/GEN_ARRAY.u_mul/u_csa_row0/GEN_CSA_FA[1].u_fa/result[24]_INST_0_i_40/O
                         net (fo=3, routed)           0.433    17.809    GEN_BRAM.u_core/alu/u_mul/u_mul/GEN_ARRAY.u_mul/u_csa_row0/GEN_CSA_FA[1].u_fa/stage_sum[18]_34[23]
    SLICE_X5Y8           LUT3 (Prop_lut3_I1_O)        0.053    17.862 r  GEN_BRAM.u_core/alu/u_mul/u_mul/GEN_ARRAY.u_mul/u_csa_row0/GEN_CSA_FA[1].u_fa/result[24]_INST_0_i_47/O
                         net (fo=2, routed)           0.308    18.169    GEN_BRAM.u_core/alu/u_mul/u_mul/GEN_ARRAY.u_mul/u_csa_row0/GEN_CSA_FA[1].u_fa/stage_carry[19]_52[24]
    SLICE_X5Y8           LUT5 (Prop_lut5_I3_O)        0.053    18.222 r  GEN_BRAM.u_core/alu/u_mul/u_mul/GEN_ARRAY.u_mul/u_csa_row0/GEN_CSA_FA[1].u_fa/result[24]_INST_0_i_26/O
                         net (fo=2, routed)           0.582    18.805    GEN_BRAM.u_core/alu/u_mul/u_mul/GEN_ARRAY.u_mul/u_csa_row0/GEN_CSA_FA[1].u_fa/stage_sum[20]_33[24]
    SLICE_X8Y9           LUT3 (Prop_lut3_I1_O)        0.053    18.858 r  GEN_BRAM.u_core/alu/u_mul/u_mul/GEN_ARRAY.u_mul/u_csa_row0/GEN_CSA_FA[1].u_fa/result[26]_INST_0_i_32/O
                         net (fo=2, routed)           0.466    19.324    GEN_BRAM.u_core/alu/u_mul/u_mul/GEN_ARRAY.u_mul/u_csa_row0/GEN_CSA_FA[1].u_fa/stage_carry[21]_53[25]
    SLICE_X8Y9           LUT5 (Prop_lut5_I3_O)        0.053    19.377 r  GEN_BRAM.u_core/alu/u_mul/u_mul/GEN_ARRAY.u_mul/u_csa_row0/GEN_CSA_FA[1].u_fa/result[26]_INST_0_i_16/O
                         net (fo=2, routed)           0.479    19.855    GEN_BRAM.u_core/alu/u_mul/u_mul/GEN_ARRAY.u_mul/u_csa_row0/GEN_CSA_FA[1].u_fa/stage_carry[22]_20[26]
    SLICE_X8Y8           LUT3 (Prop_lut3_I0_O)        0.053    19.908 r  GEN_BRAM.u_core/alu/u_mul/u_mul/GEN_ARRAY.u_mul/u_csa_row0/GEN_CSA_FA[1].u_fa/result[28]_INST_0_i_42/O
                         net (fo=2, routed)           0.426    20.334    GEN_BRAM.u_core/alu/u_mul/u_mul/GEN_ARRAY.u_mul/u_csa_row0/GEN_CSA_FA[1].u_fa/stage_carry[23]_54[27]
    SLICE_X8Y7           LUT5 (Prop_lut5_I3_O)        0.053    20.387 r  GEN_BRAM.u_core/alu/u_mul/u_mul/GEN_ARRAY.u_mul/u_csa_row0/GEN_CSA_FA[1].u_fa/result[28]_INST_0_i_25/O
                         net (fo=2, routed)           0.407    20.794    GEN_BRAM.u_core/alu/u_mul/u_mul/GEN_ARRAY.u_mul/u_csa_row0/GEN_CSA_FA[1].u_fa/stage_carry[24]_22[28]
    SLICE_X11Y7          LUT3 (Prop_lut3_I0_O)        0.053    20.847 r  GEN_BRAM.u_core/alu/u_mul/u_mul/GEN_ARRAY.u_mul/u_csa_row0/GEN_CSA_FA[1].u_fa/result[28]_INST_0_i_8/O
                         net (fo=2, routed)           0.598    21.445    GEN_BRAM.u_core/alu/u_mul/u_mul/GEN_ARRAY.u_mul/u_csa_row0/GEN_CSA_FA[1].u_fa/stage_sum[25]_25[28]
    SLICE_X16Y10         LUT6 (Prop_lut6_I5_O)        0.053    21.498 r  GEN_BRAM.u_core/alu/u_mul/u_mul/GEN_ARRAY.u_mul/u_csa_row0/GEN_CSA_FA[1].u_fa/result[30]_INST_0_i_9/O
                         net (fo=2, routed)           0.424    21.922    GEN_BRAM.u_core/alu/u_mul/u_mul/GEN_ARRAY.u_mul/u_csa_row0/GEN_CSA_FA[1].u_fa/stage_carry[26]_24[29]
    SLICE_X16Y11         LUT6 (Prop_lut6_I4_O)        0.053    21.975 r  GEN_BRAM.u_core/alu/u_mul/u_mul/GEN_ARRAY.u_mul/u_csa_row0/GEN_CSA_FA[1].u_fa/result[30]_INST_0_i_4/O
                         net (fo=2, routed)           0.441    22.416    GEN_BRAM.u_core/alu/u_mul/u_mul/GEN_ARRAY.u_mul/u_csa_row0/GEN_CSA_FA[1].u_fa/stage_sum[27]_27[29]
    SLICE_X15Y11         LUT3 (Prop_lut3_I2_O)        0.056    22.472 r  GEN_BRAM.u_core/alu/u_mul/u_mul/GEN_ARRAY.u_mul/u_csa_row0/GEN_CSA_FA[1].u_fa/result[30]_INST_0_i_1/O
                         net (fo=5, routed)           0.738    23.210    GEN_BRAM.u_core/alu/u_mul/u_mul/GEN_ARRAY.u_mul/u_csa_row0/GEN_CSA_FA[1].u_fa/stage_carry[28]_26[30]
    SLICE_X15Y11         LUT5 (Prop_lut5_I1_O)        0.181    23.391 r  GEN_BRAM.u_core/alu/u_mul/u_mul/GEN_ARRAY.u_mul/u_csa_row0/GEN_CSA_FA[1].u_fa/result[1]_INST_0_i_6/O
                         net (fo=2, routed)           0.407    23.797    GEN_BRAM.u_core/alu/u_mul/u_mul/GEN_ARRAY.u_mul/u_csa_row0/GEN_CSA_FA[1].u_fa/u_final_cpa/GEN_FINAL_FA[32].u_fa/c2
    SLICE_X15Y12         LUT5 (Prop_lut5_I2_O)        0.180    23.977 r  GEN_BRAM.u_core/alu/u_mul/u_mul/GEN_ARRAY.u_mul/u_csa_row0/GEN_CSA_FA[1].u_fa/result[2]_INST_0_i_9/O
                         net (fo=2, routed)           0.448    24.426    GEN_BRAM.u_core/alu/u_mul/u_mul/GEN_ARRAY.u_mul/u_csa_row0/GEN_CSA_FA[1].u_fa/u_final_cpa/GEN_FINAL_FA[33].u_fa/c2
    SLICE_X15Y12         LUT5 (Prop_lut5_I2_O)        0.187    24.613 r  GEN_BRAM.u_core/alu/u_mul/u_mul/GEN_ARRAY.u_mul/u_csa_row0/GEN_CSA_FA[1].u_fa/result[4]_INST_0_i_14/O
                         net (fo=3, routed)           0.263    24.876    GEN_BRAM.u_core/alu/u_mul/u_mul/GEN_ARRAY.u_mul/u_csa_row0/GEN_CSA_FA[1].u_fa/u_final_cpa/c_35
    SLICE_X16Y12         LUT6 (Prop_lut6_I4_O)        0.169    25.045 r  GEN_BRAM.u_core/alu/u_mul/u_mul/GEN_ARRAY.u_mul/u_csa_row0/GEN_CSA_FA[1].u_fa/result[6]_INST_0_i_12/O
                         net (fo=3, routed)           0.326    25.371    GEN_BRAM.u_core/alu/u_mul/u_mul/GEN_ARRAY.u_mul/u_csa_row0/GEN_CSA_FA[1].u_fa/u_final_cpa/c_37
    SLICE_X16Y13         LUT6 (Prop_lut6_I4_O)        0.053    25.424 r  GEN_BRAM.u_core/alu/u_mul/u_mul/GEN_ARRAY.u_mul/u_csa_row0/GEN_CSA_FA[1].u_fa/result[8]_INST_0_i_13/O
                         net (fo=3, routed)           0.322    25.746    GEN_BRAM.u_core/alu/u_mul/u_mul/GEN_ARRAY.u_mul/u_csa_row0/GEN_CSA_FA[1].u_fa/u_final_cpa/c_39
    SLICE_X16Y14         LUT6 (Prop_lut6_I4_O)        0.053    25.799 r  GEN_BRAM.u_core/alu/u_mul/u_mul/GEN_ARRAY.u_mul/u_csa_row0/GEN_CSA_FA[1].u_fa/result[10]_INST_0_i_12/O
                         net (fo=3, routed)           0.153    25.953    GEN_BRAM.u_core/alu/u_mul/u_mul/GEN_ARRAY.u_mul/u_csa_row0/GEN_CSA_FA[1].u_fa/u_final_cpa/c_41
    SLICE_X16Y14         LUT6 (Prop_lut6_I4_O)        0.053    26.006 r  GEN_BRAM.u_core/alu/u_mul/u_mul/GEN_ARRAY.u_mul/u_csa_row0/GEN_CSA_FA[1].u_fa/result[12]_INST_0_i_13/O
                         net (fo=3, routed)           0.249    26.254    GEN_BRAM.u_core/alu/u_mul/u_mul/GEN_ARRAY.u_mul/u_csa_row0/GEN_CSA_FA[1].u_fa/u_final_cpa/c_43
    SLICE_X16Y15         LUT6 (Prop_lut6_I4_O)        0.053    26.307 r  GEN_BRAM.u_core/alu/u_mul/u_mul/GEN_ARRAY.u_mul/u_csa_row0/GEN_CSA_FA[1].u_fa/result[14]_INST_0_i_12/O
                         net (fo=3, routed)           0.298    26.606    GEN_BRAM.u_core/alu/u_mul/u_mul/GEN_ARRAY.u_mul/u_csa_row0/GEN_CSA_FA[1].u_fa/u_final_cpa/c_45
    SLICE_X17Y15         LUT6 (Prop_lut6_I4_O)        0.053    26.659 r  GEN_BRAM.u_core/alu/u_mul/u_mul/GEN_ARRAY.u_mul/u_csa_row0/GEN_CSA_FA[1].u_fa/result[16]_INST_0_i_13/O
                         net (fo=3, routed)           0.309    26.968    GEN_BRAM.u_core/alu/u_mul/u_mul/GEN_ARRAY.u_mul/u_csa_row0/GEN_CSA_FA[1].u_fa/u_final_cpa/c_47
    SLICE_X17Y16         LUT6 (Prop_lut6_I4_O)        0.053    27.021 r  GEN_BRAM.u_core/alu/u_mul/u_mul/GEN_ARRAY.u_mul/u_csa_row0/GEN_CSA_FA[1].u_fa/result[18]_INST_0_i_12/O
                         net (fo=3, routed)           0.138    27.159    GEN_BRAM.u_core/alu/u_mul/u_mul/GEN_ARRAY.u_mul/u_csa_row0/GEN_CSA_FA[1].u_fa/u_final_cpa/c_49
    SLICE_X17Y16         LUT6 (Prop_lut6_I4_O)        0.053    27.212 r  GEN_BRAM.u_core/alu/u_mul/u_mul/GEN_ARRAY.u_mul/u_csa_row0/GEN_CSA_FA[1].u_fa/result[20]_INST_0_i_13/O
                         net (fo=3, routed)           0.244    27.456    GEN_BRAM.u_core/alu/u_mul/u_mul/GEN_ARRAY.u_mul/u_csa_row0/GEN_CSA_FA[1].u_fa/u_final_cpa/c_51
    SLICE_X17Y17         LUT6 (Prop_lut6_I4_O)        0.053    27.509 r  GEN_BRAM.u_core/alu/u_mul/u_mul/GEN_ARRAY.u_mul/u_csa_row0/GEN_CSA_FA[1].u_fa/result[22]_INST_0_i_12/O
                         net (fo=3, routed)           0.138    27.647    GEN_BRAM.u_core/alu/u_mul/u_mul/GEN_ARRAY.u_mul/u_csa_row0/GEN_CSA_FA[1].u_fa/u_final_cpa/c_53
    SLICE_X17Y17         LUT6 (Prop_lut6_I4_O)        0.053    27.700 r  GEN_BRAM.u_core/alu/u_mul/u_mul/GEN_ARRAY.u_mul/u_csa_row0/GEN_CSA_FA[1].u_fa/result[24]_INST_0_i_13/O
                         net (fo=3, routed)           0.366    28.066    GEN_BRAM.u_core/alu/u_mul/u_mul/GEN_ARRAY.u_mul/u_csa_row0/GEN_CSA_FA[1].u_fa/u_final_cpa/c_55
    SLICE_X17Y18         LUT6 (Prop_lut6_I4_O)        0.053    28.119 r  GEN_BRAM.u_core/alu/u_mul/u_mul/GEN_ARRAY.u_mul/u_csa_row0/GEN_CSA_FA[1].u_fa/result[26]_INST_0_i_12/O
                         net (fo=3, routed)           0.317    28.436    GEN_BRAM.u_core/alu/u_mul/u_mul/GEN_ARRAY.u_mul/u_csa_row0/GEN_CSA_FA[1].u_fa/u_final_cpa/c_57
    SLICE_X17Y18         LUT6 (Prop_lut6_I4_O)        0.053    28.489 r  GEN_BRAM.u_core/alu/u_mul/u_mul/GEN_ARRAY.u_mul/u_csa_row0/GEN_CSA_FA[1].u_fa/result[28]_INST_0_i_13/O
                         net (fo=3, routed)           0.360    28.849    GEN_BRAM.u_core/alu/u_mul/u_mul/GEN_ARRAY.u_mul/u_csa_row0/GEN_CSA_FA[1].u_fa/u_final_cpa/c_59
    SLICE_X15Y18         LUT5 (Prop_lut5_I4_O)        0.053    28.902 r  GEN_BRAM.u_core/alu/u_mul/u_mul/GEN_ARRAY.u_mul/u_csa_row0/GEN_CSA_FA[1].u_fa/result[27]_INST_0_i_2/O
                         net (fo=2, routed)           0.000    28.902    GEN_BRAM.u_core/alu/u_mul/u_mul/GEN_ARRAY.u_mul/u_csa_row0/GEN_CSA_FA[1].u_fa/p_0_in[59]
    SLICE_X15Y18         CARRY4 (Prop_carry4_S[2]_O[3])
                                                      0.213    29.115 r  GEN_BRAM.u_core/alu/u_mul/u_mul/GEN_ARRAY.u_mul/u_csa_row0/GEN_CSA_FA[1].u_fa/result[28]_INST_0_i_4/O[3]
                         net (fo=1, routed)           0.343    29.458    GEN_BRAM.u_core/alu/u_mul/u_mul/GEN_ARRAY.u_mul/u_csa_row0/GEN_CSA_FA[1].u_fa/signed_product0[60]
    SLICE_X12Y19         LUT6 (Prop_lut6_I5_O)        0.142    29.600 r  GEN_BRAM.u_core/alu/u_mul/u_mul/GEN_ARRAY.u_mul/u_csa_row0/GEN_CSA_FA[1].u_fa/result[28]_INST_0/O
                         net (fo=1, routed)           0.211    29.811    GEN_BRAM.u_core/reg_file/result[24]
    SLICE_X12Y19         LUT6 (Prop_lut6_I2_O)        0.053    29.864 r  GEN_BRAM.u_core/reg_file/debug_alu_out_OBUF[28]_inst_i_4/O
                         net (fo=1, routed)           0.233    30.097    GEN_BRAM.u_core/reg_file/debug_alu_out_OBUF[28]_inst_i_4_n_0
    SLICE_X13Y20         LUT6 (Prop_lut6_I5_O)        0.053    30.150 r  GEN_BRAM.u_core/reg_file/debug_alu_out_OBUF[28]_inst_i_1/O
                         net (fo=3, routed)           0.360    30.510    GEN_BRAM.u_core/wb_mux/debug_alu_out_OBUF[28]
    SLICE_X16Y20         LUT6 (Prop_lut6_I0_O)        0.053    30.563 r  GEN_BRAM.u_core/wb_mux/registers_reg_r1_0_31_24_29_i_18/O
                         net (fo=1, routed)           0.428    30.991    GEN_BRAM.u_core/divider/wb_exec[28]
    SLICE_X16Y20         LUT6 (Prop_lut6_I5_O)        0.053    31.044 r  GEN_BRAM.u_core/divider/registers_reg_r1_0_31_24_29_i_6/O
                         net (fo=2, routed)           0.470    31.514    GEN_BRAM.u_core/reg_file/registers_reg_r1_0_31_24_29/DIC0
    SLICE_X16Y18         RAMD32                                       r  GEN_BRAM.u_core/reg_file/registers_reg_r1_0_31_24_29/RAMC/I
  -------------------------------------------------------------------    -------------------

                         (clock sys_clk rise edge)   30.000    30.000 r  
    AD23                                              0.000    30.000 r  clk (IN)
                         net (fo=0)                   0.000    30.000    clk
    AD23                 IBUF (Prop_ibuf_I_O)         0.796    30.796 r  clk_IBUF_inst/O
                         net (fo=1, routed)           1.741    32.537    clk_IBUF
    BUFGCTRL_X0Y0        BUFG (Prop_bufg_I_O)         0.113    32.650 r  clk_IBUF_BUFG_inst/O
                         net (fo=350, routed)         1.535    34.185    GEN_BRAM.u_core/reg_file/registers_reg_r1_0_31_24_29/WCLK
    SLICE_X16Y18         RAMD32                                       r  GEN_BRAM.u_core/reg_file/registers_reg_r1_0_31_24_29/RAMC/CLK
                         clock pessimism              0.256    34.442    
                         clock uncertainty           -0.035    34.406    
    SLICE_X16Y18         RAMD32 (Setup_ramd32_CLK_I)
                                                     -0.132    34.274    GEN_BRAM.u_core/reg_file/registers_reg_r1_0_31_24_29/RAMC
  -------------------------------------------------------------------
                         required time                         34.274    
                         arrival time                         -31.514    
  -------------------------------------------------------------------
                         slack                                  2.760    

Slack (MET) :             2.975ns  (required time - arrival time)
  Source:                 GEN_BRAM.u_core/ir_reg[17]/C
                            (rising edge-triggered cell FDCE clocked by sys_clk  {rise@0.000ns fall@15.000ns period=30.000ns})
  Destination:            GEN_BRAM.u_core/reg_file/registers_reg_r2_0_31_24_29/RAMC/I
                            (rising edge-triggered cell RAMD32 clocked by sys_clk  {rise@0.000ns fall@15.000ns period=30.000ns})
  Path Group:             sys_clk
  Path Type:              Setup (Max at Slow Process Corner)
  Requirement:            30.000ns  (sys_clk rise@30.000ns - sys_clk rise@0.000ns)
  Data Path Delay:        26.828ns  (logic 4.062ns (15.141%)  route 22.766ns (84.859%))
  Logic Levels:           55  (CARRY4=1 LUT3=14 LUT4=2 LUT5=16 LUT6=21 RAMD32=1)
  Clock Path Skew:        -0.029ns (DCD - SCD + CPR)
    Destination Clock Delay (DCD):    4.184ns = ( 34.184 - 30.000 ) 
    Source Clock Delay      (SCD):    4.470ns
    Clock Pessimism Removal (CPR):    0.256ns
  Clock Uncertainty:      0.035ns  ((TSJ^2 + TIJ^2)^1/2 + DJ) / 2 + PE
    Total System Jitter     (TSJ):    0.071ns
    Total Input Jitter      (TIJ):    0.000ns
    Discrete Jitter          (DJ):    0.000ns
    Phase Error              (PE):    0.000ns

    Location             Delay type                Incr(ns)  Path(ns)    Netlist Resource(s)
  -------------------------------------------------------------------    -------------------
                         (clock sys_clk rise edge)    0.000     0.000 r  
    AD23                                              0.000     0.000 r  clk (IN)
                         net (fo=0)                   0.000     0.000    clk
    AD23                 IBUF (Prop_ibuf_I_O)         0.873     0.873 r  clk_IBUF_inst/O
                         net (fo=1, routed)           1.830     2.703    clk_IBUF
    BUFGCTRL_X0Y0        BUFG (Prop_bufg_I_O)         0.120     2.823 r  clk_IBUF_BUFG_inst/O
                         net (fo=350, routed)         1.647     4.470    GEN_BRAM.u_core/clk_IBUF_BUFG
    SLICE_X13Y17         FDCE                                         r  GEN_BRAM.u_core/ir_reg[17]/C
  -------------------------------------------------------------------    -------------------
    SLICE_X13Y17         FDCE (Prop_fdce_C_Q)         0.269     4.739 r  GEN_BRAM.u_core/ir_reg[17]/Q
                         net (fo=97, routed)          0.894     5.633    GEN_BRAM.u_core/reg_file/registers_reg_r1_0_31_30_31__0/DPRA2
    SLICE_X14Y20         RAMD32 (Prop_ramd32_RADR2_O)
                                                      0.063     5.696 r  GEN_BRAM.u_core/reg_file/registers_reg_r1_0_31_30_31__0/DP/O
                         net (fo=11, routed)          0.758     6.454    GEN_BRAM.u_core/alu_mux_a/dataR10[31]
    SLICE_X11Y23         LUT4 (Prop_lut4_I1_O)        0.164     6.618 f  GEN_BRAM.u_core/alu_mux_a/u_adder_i_1/O
                         net (fo=96, routed)          0.579     7.196    GEN_BRAM.u_core/alu/u_mul/u_mul/GEN_ARRAY.u_mul/u_csa_row0/GEN_CSA_FA[1].u_fa/result[31]_INST_0_i_35_n_0
    SLICE_X10Y16         LUT4 (Prop_lut4_I0_O)        0.053     7.249 r  GEN_BRAM.u_core/alu/u_mul/u_mul/GEN_ARRAY.u_mul/u_csa_row0/GEN_CSA_FA[1].u_fa/result[2]_INST_0_i_3/O
                         net (fo=149, routed)         1.003     8.253    GEN_BRAM.u_core/alu/u_mul/u_mul/GEN_ARRAY.u_mul/u_csa_row0/GEN_CSA_FA[1].u_fa/result[2]_INST_0_i_3_n_0
    SLICE_X12Y14         LUT6 (Prop_lut6_I1_O)        0.053     8.306 r  GEN_BRAM.u_core/alu/u_mul/u_mul/GEN_ARRAY.u_mul/u_csa_row0/GEN_CSA_FA[1].u_fa/result[6]_INST_0_i_52/O
                         net (fo=2, routed)           0.330     8.636    GEN_BRAM.u_core/alu/u_mul/u_mul/GEN_ARRAY.u_mul/u_csa_row0/GEN_CSA_FA[1].u_fa/pp[2]_91[6]
    SLICE_X12Y14         LUT6 (Prop_lut6_I5_O)        0.053     8.689 r  GEN_BRAM.u_core/alu/u_mul/u_mul/GEN_ARRAY.u_mul/u_csa_row0/GEN_CSA_FA[1].u_fa/result[6]_INST_0_i_35/O
                         net (fo=3, routed)           0.479     9.168    GEN_BRAM.u_core/alu/u_mul/u_mul/GEN_ARRAY.u_mul/u_csa_row0/GEN_CSA_FA[1].u_fa/stage_sum[0]_28[6]
    SLICE_X12Y14         LUT3 (Prop_lut3_I1_O)        0.053     9.221 r  GEN_BRAM.u_core/alu/u_mul/u_mul/GEN_ARRAY.u_mul/u_csa_row0/GEN_CSA_FA[1].u_fa/result[8]_INST_0_i_67/O
                         net (fo=2, routed)           0.492     9.713    GEN_BRAM.u_core/alu/u_mul/u_mul/GEN_ARRAY.u_mul/u_csa_row0/GEN_CSA_FA[1].u_fa/stage_carry[1]_43[7]
    SLICE_X11Y14         LUT5 (Prop_lut5_I3_O)        0.053     9.766 r  GEN_BRAM.u_core/alu/u_mul/u_mul/GEN_ARRAY.u_mul/u_csa_row0/GEN_CSA_FA[1].u_fa/result[8]_INST_0_i_44/O
                         net (fo=3, routed)           0.306    10.072    GEN_BRAM.u_core/alu/u_mul/u_mul/GEN_ARRAY.u_mul/u_csa_row0/GEN_CSA_FA[1].u_fa/stage_carry[2]_0[8]
    SLICE_X10Y14         LUT3 (Prop_lut3_I0_O)        0.053    10.125 r  GEN_BRAM.u_core/alu/u_mul/u_mul/GEN_ARRAY.u_mul/u_csa_row0/GEN_CSA_FA[1].u_fa/result[10]_INST_0_i_52/O
                         net (fo=2, routed)           0.436    10.561    GEN_BRAM.u_core/alu/u_mul/u_mul/GEN_ARRAY.u_mul/u_csa_row0/GEN_CSA_FA[1].u_fa/stage_carry[3]_44[9]
    SLICE_X9Y14          LUT5 (Prop_lut5_I3_O)        0.053    10.614 r  GEN_BRAM.u_core/alu/u_mul/u_mul/GEN_ARRAY.u_mul/u_csa_row0/GEN_CSA_FA[1].u_fa/result[10]_INST_0_i_34/O
                         net (fo=3, routed)           0.435    11.048    GEN_BRAM.u_core/alu/u_mul/u_mul/GEN_ARRAY.u_mul/u_csa_row0/GEN_CSA_FA[1].u_fa/stage_carry[4]_2[10]
    SLICE_X7Y14          LUT3 (Prop_lut3_I0_O)        0.053    11.101 r  GEN_BRAM.u_core/alu/u_mul/u_mul/GEN_ARRAY.u_mul/u_csa_row0/GEN_CSA_FA[1].u_fa/result[12]_INST_0_i_69/O
                         net (fo=2, routed)           0.204    11.305    GEN_BRAM.u_core/alu/u_mul/u_mul/GEN_ARRAY.u_mul/u_csa_row0/GEN_CSA_FA[1].u_fa/stage_carry[5]_45[11]
    SLICE_X7Y14          LUT5 (Prop_lut5_I3_O)        0.053    11.358 r  GEN_BRAM.u_core/alu/u_mul/u_mul/GEN_ARRAY.u_mul/u_csa_row0/GEN_CSA_FA[1].u_fa/result[12]_INST_0_i_45/O
                         net (fo=3, routed)           0.687    12.045    GEN_BRAM.u_core/alu/u_mul/u_mul/GEN_ARRAY.u_mul/u_csa_row0/GEN_CSA_FA[1].u_fa/stage_carry[6]_4[12]
    SLICE_X8Y12          LUT3 (Prop_lut3_I0_O)        0.053    12.098 r  GEN_BRAM.u_core/alu/u_mul/u_mul/GEN_ARRAY.u_mul/u_csa_row0/GEN_CSA_FA[1].u_fa/result[14]_INST_0_i_52/O
                         net (fo=2, routed)           0.617    12.714    GEN_BRAM.u_core/alu/u_mul/u_mul/GEN_ARRAY.u_mul/u_csa_row0/GEN_CSA_FA[1].u_fa/stage_carry[7]_46[13]
    SLICE_X7Y11          LUT5 (Prop_lut5_I3_O)        0.053    12.767 r  GEN_BRAM.u_core/alu/u_mul/u_mul/GEN_ARRAY.u_mul/u_csa_row0/GEN_CSA_FA[1].u_fa/result[14]_INST_0_i_34/O
                         net (fo=3, routed)           0.325    13.093    GEN_BRAM.u_core/alu/u_mul/u_mul/GEN_ARRAY.u_mul/u_csa_row0/GEN_CSA_FA[1].u_fa/stage_carry[8]_6[14]
    SLICE_X7Y11          LUT3 (Prop_lut3_I0_O)        0.053    13.146 r  GEN_BRAM.u_core/alu/u_mul/u_mul/GEN_ARRAY.u_mul/u_csa_row0/GEN_CSA_FA[1].u_fa/result[16]_INST_0_i_67/O
                         net (fo=2, routed)           0.368    13.514    GEN_BRAM.u_core/alu/u_mul/u_mul/GEN_ARRAY.u_mul/u_csa_row0/GEN_CSA_FA[1].u_fa/stage_carry[9]_47[15]
    SLICE_X6Y11          LUT5 (Prop_lut5_I3_O)        0.053    13.567 r  GEN_BRAM.u_core/alu/u_mul/u_mul/GEN_ARRAY.u_mul/u_csa_row0/GEN_CSA_FA[1].u_fa/result[16]_INST_0_i_44/O
                         net (fo=3, routed)           0.347    13.914    GEN_BRAM.u_core/alu/u_mul/u_mul/GEN_ARRAY.u_mul/u_csa_row0/GEN_CSA_FA[1].u_fa/stage_carry[10]_8[16]
    SLICE_X3Y11          LUT3 (Prop_lut3_I0_O)        0.053    13.967 r  GEN_BRAM.u_core/alu/u_mul/u_mul/GEN_ARRAY.u_mul/u_csa_row0/GEN_CSA_FA[1].u_fa/result[18]_INST_0_i_52/O
                         net (fo=2, routed)           0.423    14.390    GEN_BRAM.u_core/alu/u_mul/u_mul/GEN_ARRAY.u_mul/u_csa_row0/GEN_CSA_FA[1].u_fa/stage_carry[11]_48[17]
    SLICE_X3Y13          LUT5 (Prop_lut5_I3_O)        0.053    14.443 r  GEN_BRAM.u_core/alu/u_mul/u_mul/GEN_ARRAY.u_mul/u_csa_row0/GEN_CSA_FA[1].u_fa/result[18]_INST_0_i_34/O
                         net (fo=3, routed)           0.533    14.976    GEN_BRAM.u_core/alu/u_mul/u_mul/GEN_ARRAY.u_mul/u_csa_row0/GEN_CSA_FA[1].u_fa/stage_carry[12]_10[18]
    SLICE_X7Y10          LUT3 (Prop_lut3_I0_O)        0.053    15.029 r  GEN_BRAM.u_core/alu/u_mul/u_mul/GEN_ARRAY.u_mul/u_csa_row0/GEN_CSA_FA[1].u_fa/result[20]_INST_0_i_67/O
                         net (fo=2, routed)           0.502    15.530    GEN_BRAM.u_core/alu/u_mul/u_mul/GEN_ARRAY.u_mul/u_csa_row0/GEN_CSA_FA[1].u_fa/stage_carry[13]_49[19]
    SLICE_X9Y10          LUT5 (Prop_lut5_I3_O)        0.053    15.583 r  GEN_BRAM.u_core/alu/u_mul/u_mul/GEN_ARRAY.u_mul/u_csa_row0/GEN_CSA_FA[1].u_fa/result[20]_INST_0_i_44/O
                         net (fo=3, routed)           0.384    15.967    GEN_BRAM.u_core/alu/u_mul/u_mul/GEN_ARRAY.u_mul/u_csa_row0/GEN_CSA_FA[1].u_fa/stage_carry[14]_12[20]
    SLICE_X8Y10          LUT3 (Prop_lut3_I0_O)        0.053    16.020 r  GEN_BRAM.u_core/alu/u_mul/u_mul/GEN_ARRAY.u_mul/u_csa_row0/GEN_CSA_FA[1].u_fa/result[22]_INST_0_i_52/O
                         net (fo=2, routed)           0.376    16.396    GEN_BRAM.u_core/alu/u_mul/u_mul/GEN_ARRAY.u_mul/u_csa_row0/GEN_CSA_FA[1].u_fa/stage_carry[15]_50[21]
    SLICE_X7Y10          LUT5 (Prop_lut5_I3_O)        0.053    16.449 r  GEN_BRAM.u_core/alu/u_mul/u_mul/GEN_ARRAY.u_mul/u_csa_row0/GEN_CSA_FA[1].u_fa/result[22]_INST_0_i_34/O
                         net (fo=3, routed)           0.481    16.929    GEN_BRAM.u_core/alu/u_mul/u_mul/GEN_ARRAY.u_mul/u_csa_row0/GEN_CSA_FA[1].u_fa/stage_carry[16]_14[22]
    SLICE_X6Y9           LUT3 (Prop_lut3_I0_O)        0.053    16.982 r  GEN_BRAM.u_core/alu/u_mul/u_mul/GEN_ARRAY.u_mul/u_csa_row0/GEN_CSA_FA[1].u_fa/result[24]_INST_0_i_67/O
                         net (fo=2, routed)           0.340    17.323    GEN_BRAM.u_core/alu/u_mul/u_mul/GEN_ARRAY.u_mul/u_csa_row0/GEN_CSA_FA[1].u_fa/stage_carry[17]_51[23]
    SLICE_X3Y9           LUT5 (Prop_lut5_I3_O)        0.053    17.376 r  GEN_BRAM.u_core/alu/u_mul/u_mul/GEN_ARRAY.u_mul/u_csa_row0/GEN_CSA_FA[1].u_fa/result[24]_INST_0_i_40/O
                         net (fo=3, routed)           0.433    17.809    GEN_BRAM.u_core/alu/u_mul/u_mul/GEN_ARRAY.u_mul/u_csa_row0/GEN_CSA_FA[1].u_fa/stage_sum[18]_34[23]
    SLICE_X5Y8           LUT3 (Prop_lut3_I1_O)        0.053    17.862 r  GEN_BRAM.u_core/alu/u_mul/u_mul/GEN_ARRAY.u_mul/u_csa_row0/GEN_CSA_FA[1].u_fa/result[24]_INST_0_i_47/O
                         net (fo=2, routed)           0.308    18.169    GEN_BRAM.u_core/alu/u_mul/u_mul/GEN_ARRAY.u_mul/u_csa_row0/GEN_CSA_FA[1].u_fa/stage_carry[19]_52[24]
    SLICE_X5Y8           LUT5 (Prop_lut5_I3_O)        0.053    18.222 r  GEN_BRAM.u_core/alu/u_mul/u_mul/GEN_ARRAY.u_mul/u_csa_row0/GEN_CSA_FA[1].u_fa/result[24]_INST_0_i_26/O
                         net (fo=2, routed)           0.582    18.805    GEN_BRAM.u_core/alu/u_mul/u_mul/GEN_ARRAY.u_mul/u_csa_row0/GEN_CSA_FA[1].u_fa/stage_sum[20]_33[24]
    SLICE_X8Y9           LUT3 (Prop_lut3_I1_O)        0.053    18.858 r  GEN_BRAM.u_core/alu/u_mul/u_mul/GEN_ARRAY.u_mul/u_csa_row0/GEN_CSA_FA[1].u_fa/result[26]_INST_0_i_32/O
                         net (fo=2, routed)           0.466    19.324    GEN_BRAM.u_core/alu/u_mul/u_mul/GEN_ARRAY.u_mul/u_csa_row0/GEN_CSA_FA[1].u_fa/stage_carry[21]_53[25]
    SLICE_X8Y9           LUT5 (Prop_lut5_I3_O)        0.053    19.377 r  GEN_BRAM.u_core/alu/u_mul/u_mul/GEN_ARRAY.u_mul/u_csa_row0/GEN_CSA_FA[1].u_fa/result[26]_INST_0_i_16/O
                         net (fo=2, routed)           0.479    19.855    GEN_BRAM.u_core/alu/u_mul/u_mul/GEN_ARRAY.u_mul/u_csa_row0/GEN_CSA_FA[1].u_fa/stage_carry[22]_20[26]
    SLICE_X8Y8           LUT3 (Prop_lut3_I0_O)        0.053    19.908 r  GEN_BRAM.u_core/alu/u_mul/u_mul/GEN_ARRAY.u_mul/u_csa_row0/GEN_CSA_FA[1].u_fa/result[28]_INST_0_i_42/O
                         net (fo=2, routed)           0.426    20.334    GEN_BRAM.u_core/alu/u_mul/u_mul/GEN_ARRAY.u_mul/u_csa_row0/GEN_CSA_FA[1].u_fa/stage_carry[23]_54[27]
    SLICE_X8Y7           LUT5 (Prop_lut5_I3_O)        0.053    20.387 r  GEN_BRAM.u_core/alu/u_mul/u_mul/GEN_ARRAY.u_mul/u_csa_row0/GEN_CSA_FA[1].u_fa/result[28]_INST_0_i_25/O
                         net (fo=2, routed)           0.407    20.794    GEN_BRAM.u_core/alu/u_mul/u_mul/GEN_ARRAY.u_mul/u_csa_row0/GEN_CSA_FA[1].u_fa/stage_carry[24]_22[28]
    SLICE_X11Y7          LUT3 (Prop_lut3_I0_O)        0.053    20.847 r  GEN_BRAM.u_core/alu/u_mul/u_mul/GEN_ARRAY.u_mul/u_csa_row0/GEN_CSA_FA[1].u_fa/result[28]_INST_0_i_8/O
                         net (fo=2, routed)           0.598    21.445    GEN_BRAM.u_core/alu/u_mul/u_mul/GEN_ARRAY.u_mul/u_csa_row0/GEN_CSA_FA[1].u_fa/stage_sum[25]_25[28]
    SLICE_X16Y10         LUT6 (Prop_lut6_I5_O)        0.053    21.498 r  GEN_BRAM.u_core/alu/u_mul/u_mul/GEN_ARRAY.u_mul/u_csa_row0/GEN_CSA_FA[1].u_fa/result[30]_INST_0_i_9/O
                         net (fo=2, routed)           0.424    21.922    GEN_BRAM.u_core/alu/u_mul/u_mul/GEN_ARRAY.u_mul/u_csa_row0/GEN_CSA_FA[1].u_fa/stage_carry[26]_24[29]
    SLICE_X16Y11         LUT6 (Prop_lut6_I4_O)        0.053    21.975 r  GEN_BRAM.u_core/alu/u_mul/u_mul/GEN_ARRAY.u_mul/u_csa_row0/GEN_CSA_FA[1].u_fa/result[30]_INST_0_i_4/O
                         net (fo=2, routed)           0.441    22.416    GEN_BRAM.u_core/alu/u_mul/u_mul/GEN_ARRAY.u_mul/u_csa_row0/GEN_CSA_FA[1].u_fa/stage_sum[27]_27[29]
    SLICE_X15Y11         LUT3 (Prop_lut3_I2_O)        0.056    22.472 r  GEN_BRAM.u_core/alu/u_mul/u_mul/GEN_ARRAY.u_mul/u_csa_row0/GEN_CSA_FA[1].u_fa/result[30]_INST_0_i_1/O
                         net (fo=5, routed)           0.738    23.210    GEN_BRAM.u_core/alu/u_mul/u_mul/GEN_ARRAY.u_mul/u_csa_row0/GEN_CSA_FA[1].u_fa/stage_carry[28]_26[30]
    SLICE_X15Y11         LUT5 (Prop_lut5_I1_O)        0.181    23.391 r  GEN_BRAM.u_core/alu/u_mul/u_mul/GEN_ARRAY.u_mul/u_csa_row0/GEN_CSA_FA[1].u_fa/result[1]_INST_0_i_6/O
                         net (fo=2, routed)           0.407    23.797    GEN_BRAM.u_core/alu/u_mul/u_mul/GEN_ARRAY.u_mul/u_csa_row0/GEN_CSA_FA[1].u_fa/u_final_cpa/GEN_FINAL_FA[32].u_fa/c2
    SLICE_X15Y12         LUT5 (Prop_lut5_I2_O)        0.180    23.977 r  GEN_BRAM.u_core/alu/u_mul/u_mul/GEN_ARRAY.u_mul/u_csa_row0/GEN_CSA_FA[1].u_fa/result[2]_INST_0_i_9/O
                         net (fo=2, routed)           0.448    24.426    GEN_BRAM.u_core/alu/u_mul/u_mul/GEN_ARRAY.u_mul/u_csa_row0/GEN_CSA_FA[1].u_fa/u_final_cpa/GEN_FINAL_FA[33].u_fa/c2
    SLICE_X15Y12         LUT5 (Prop_lut5_I2_O)        0.187    24.613 r  GEN_BRAM.u_core/alu/u_mul/u_mul/GEN_ARRAY.u_mul/u_csa_row0/GEN_CSA_FA[1].u_fa/result[4]_INST_0_i_14/O
                         net (fo=3, routed)           0.263    24.876    GEN_BRAM.u_core/alu/u_mul/u_mul/GEN_ARRAY.u_mul/u_csa_row0/GEN_CSA_FA[1].u_fa/u_final_cpa/c_35
    SLICE_X16Y12         LUT6 (Prop_lut6_I4_O)        0.169    25.045 r  GEN_BRAM.u_core/alu/u_mul/u_mul/GEN_ARRAY.u_mul/u_csa_row0/GEN_CSA_FA[1].u_fa/result[6]_INST_0_i_12/O
                         net (fo=3, routed)           0.326    25.371    GEN_BRAM.u_core/alu/u_mul/u_mul/GEN_ARRAY.u_mul/u_csa_row0/GEN_CSA_FA[1].u_fa/u_final_cpa/c_37
    SLICE_X16Y13         LUT6 (Prop_lut6_I4_O)        0.053    25.424 r  GEN_BRAM.u_core/alu/u_mul/u_mul/GEN_ARRAY.u_mul/u_csa_row0/GEN_CSA_FA[1].u_fa/result[8]_INST_0_i_13/O
                         net (fo=3, routed)           0.322    25.746    GEN_BRAM.u_core/alu/u_mul/u_mul/GEN_ARRAY.u_mul/u_csa_row0/GEN_CSA_FA[1].u_fa/u_final_cpa/c_39
    SLICE_X16Y14         LUT6 (Prop_lut6_I4_O)        0.053    25.799 r  GEN_BRAM.u_core/alu/u_mul/u_mul/GEN_ARRAY.u_mul/u_csa_row0/GEN_CSA_FA[1].u_fa/result[10]_INST_0_i_12/O
                         net (fo=3, routed)           0.153    25.953    GEN_BRAM.u_core/alu/u_mul/u_mul/GEN_ARRAY.u_mul/u_csa_row0/GEN_CSA_FA[1].u_fa/u_final_cpa/c_41
    SLICE_X16Y14         LUT6 (Prop_lut6_I4_O)        0.053    26.006 r  GEN_BRAM.u_core/alu/u_mul/u_mul/GEN_ARRAY.u_mul/u_csa_row0/GEN_CSA_FA[1].u_fa/result[12]_INST_0_i_13/O
                         net (fo=3, routed)           0.249    26.254    GEN_BRAM.u_core/alu/u_mul/u_mul/GEN_ARRAY.u_mul/u_csa_row0/GEN_CSA_FA[1].u_fa/u_final_cpa/c_43
    SLICE_X16Y15         LUT6 (Prop_lut6_I4_O)        0.053    26.307 r  GEN_BRAM.u_core/alu/u_mul/u_mul/GEN_ARRAY.u_mul/u_csa_row0/GEN_CSA_FA[1].u_fa/result[14]_INST_0_i_12/O
                         net (fo=3, routed)           0.298    26.606    GEN_BRAM.u_core/alu/u_mul/u_mul/GEN_ARRAY.u_mul/u_csa_row0/GEN_CSA_FA[1].u_fa/u_final_cpa/c_45
    SLICE_X17Y15         LUT6 (Prop_lut6_I4_O)        0.053    26.659 r  GEN_BRAM.u_core/alu/u_mul/u_mul/GEN_ARRAY.u_mul/u_csa_row0/GEN_CSA_FA[1].u_fa/result[16]_INST_0_i_13/O
                         net (fo=3, routed)           0.309    26.968    GEN_BRAM.u_core/alu/u_mul/u_mul/GEN_ARRAY.u_mul/u_csa_row0/GEN_CSA_FA[1].u_fa/u_final_cpa/c_47
    SLICE_X17Y16         LUT6 (Prop_lut6_I4_O)        0.053    27.021 r  GEN_BRAM.u_core/alu/u_mul/u_mul/GEN_ARRAY.u_mul/u_csa_row0/GEN_CSA_FA[1].u_fa/result[18]_INST_0_i_12/O
                         net (fo=3, routed)           0.138    27.159    GEN_BRAM.u_core/alu/u_mul/u_mul/GEN_ARRAY.u_mul/u_csa_row0/GEN_CSA_FA[1].u_fa/u_final_cpa/c_49
    SLICE_X17Y16         LUT6 (Prop_lut6_I4_O)        0.053    27.212 r  GEN_BRAM.u_core/alu/u_mul/u_mul/GEN_ARRAY.u_mul/u_csa_row0/GEN_CSA_FA[1].u_fa/result[20]_INST_0_i_13/O
                         net (fo=3, routed)           0.244    27.456    GEN_BRAM.u_core/alu/u_mul/u_mul/GEN_ARRAY.u_mul/u_csa_row0/GEN_CSA_FA[1].u_fa/u_final_cpa/c_51
    SLICE_X17Y17         LUT6 (Prop_lut6_I4_O)        0.053    27.509 r  GEN_BRAM.u_core/alu/u_mul/u_mul/GEN_ARRAY.u_mul/u_csa_row0/GEN_CSA_FA[1].u_fa/result[22]_INST_0_i_12/O
                         net (fo=3, routed)           0.138    27.647    GEN_BRAM.u_core/alu/u_mul/u_mul/GEN_ARRAY.u_mul/u_csa_row0/GEN_CSA_FA[1].u_fa/u_final_cpa/c_53
    SLICE_X17Y17         LUT6 (Prop_lut6_I4_O)        0.053    27.700 r  GEN_BRAM.u_core/alu/u_mul/u_mul/GEN_ARRAY.u_mul/u_csa_row0/GEN_CSA_FA[1].u_fa/result[24]_INST_0_i_13/O
                         net (fo=3, routed)           0.366    28.066    GEN_BRAM.u_core/alu/u_mul/u_mul/GEN_ARRAY.u_mul/u_csa_row0/GEN_CSA_FA[1].u_fa/u_final_cpa/c_55
    SLICE_X17Y18         LUT6 (Prop_lut6_I4_O)        0.053    28.119 r  GEN_BRAM.u_core/alu/u_mul/u_mul/GEN_ARRAY.u_mul/u_csa_row0/GEN_CSA_FA[1].u_fa/result[26]_INST_0_i_12/O
                         net (fo=3, routed)           0.317    28.436    GEN_BRAM.u_core/alu/u_mul/u_mul/GEN_ARRAY.u_mul/u_csa_row0/GEN_CSA_FA[1].u_fa/u_final_cpa/c_57
    SLICE_X17Y18         LUT6 (Prop_lut6_I4_O)        0.053    28.489 r  GEN_BRAM.u_core/alu/u_mul/u_mul/GEN_ARRAY.u_mul/u_csa_row0/GEN_CSA_FA[1].u_fa/result[28]_INST_0_i_13/O
                         net (fo=3, routed)           0.360    28.849    GEN_BRAM.u_core/alu/u_mul/u_mul/GEN_ARRAY.u_mul/u_csa_row0/GEN_CSA_FA[1].u_fa/u_final_cpa/c_59
    SLICE_X15Y18         LUT5 (Prop_lut5_I4_O)        0.053    28.902 r  GEN_BRAM.u_core/alu/u_mul/u_mul/GEN_ARRAY.u_mul/u_csa_row0/GEN_CSA_FA[1].u_fa/result[27]_INST_0_i_2/O
                         net (fo=2, routed)           0.000    28.902    GEN_BRAM.u_core/alu/u_mul/u_mul/GEN_ARRAY.u_mul/u_csa_row0/GEN_CSA_FA[1].u_fa/p_0_in[59]
    SLICE_X15Y18         CARRY4 (Prop_carry4_S[2]_O[3])
                                                      0.213    29.115 r  GEN_BRAM.u_core/alu/u_mul/u_mul/GEN_ARRAY.u_mul/u_csa_row0/GEN_CSA_FA[1].u_fa/result[28]_INST_0_i_4/O[3]
                         net (fo=1, routed)           0.343    29.458    GEN_BRAM.u_core/alu/u_mul/u_mul/GEN_ARRAY.u_mul/u_csa_row0/GEN_CSA_FA[1].u_fa/signed_product0[60]
    SLICE_X12Y19         LUT6 (Prop_lut6_I5_O)        0.142    29.600 r  GEN_BRAM.u_core/alu/u_mul/u_mul/GEN_ARRAY.u_mul/u_csa_row0/GEN_CSA_FA[1].u_fa/result[28]_INST_0/O
                         net (fo=1, routed)           0.211    29.811    GEN_BRAM.u_core/reg_file/result[24]
    SLICE_X12Y19         LUT6 (Prop_lut6_I2_O)        0.053    29.864 r  GEN_BRAM.u_core/reg_file/debug_alu_out_OBUF[28]_inst_i_4/O
                         net (fo=1, routed)           0.233    30.097    GEN_BRAM.u_core/reg_file/debug_alu_out_OBUF[28]_inst_i_4_n_0
    SLICE_X13Y20         LUT6 (Prop_lut6_I5_O)        0.053    30.150 r  GEN_BRAM.u_core/reg_file/debug_alu_out_OBUF[28]_inst_i_1/O
                         net (fo=3, routed)           0.360    30.510    GEN_BRAM.u_core/wb_mux/debug_alu_out_OBUF[28]
    SLICE_X16Y20         LUT6 (Prop_lut6_I0_O)        0.053    30.563 r  GEN_BRAM.u_core/wb_mux/registers_reg_r1_0_31_24_29_i_18/O
                         net (fo=1, routed)           0.428    30.991    GEN_BRAM.u_core/divider/wb_exec[28]
    SLICE_X16Y20         LUT6 (Prop_lut6_I5_O)        0.053    31.044 r  GEN_BRAM.u_core/divider/registers_reg_r1_0_31_24_29_i_6/O
                         net (fo=2, routed)           0.254    31.298    GEN_BRAM.u_core/reg_file/registers_reg_r2_0_31_24_29/DIC0
    SLICE_X16Y19         RAMD32                                       r  GEN_BRAM.u_core/reg_file/registers_reg_r2_0_31_24_29/RAMC/I
  -------------------------------------------------------------------    -------------------

                         (clock sys_clk rise edge)   30.000    30.000 r  
    AD23                                              0.000    30.000 r  clk (IN)
                         net (fo=0)                   0.000    30.000    clk
    AD23                 IBUF (Prop_ibuf_I_O)         0.796    30.796 r  clk_IBUF_inst/O
                         net (fo=1, routed)           1.741    32.537    clk_IBUF
    BUFGCTRL_X0Y0        BUFG (Prop_bufg_I_O)         0.113    32.650 r  clk_IBUF_BUFG_inst/O
                         net (fo=350, routed)         1.534    34.184    GEN_BRAM.u_core/reg_file/registers_reg_r2_0_31_24_29/WCLK
    SLICE_X16Y19         RAMD32                                       r  GEN_BRAM.u_core/reg_file/registers_reg_r2_0_31_24_29/RAMC/CLK
                         clock pessimism              0.256    34.441    
                         clock uncertainty           -0.035    34.405    
    SLICE_X16Y19         RAMD32 (Setup_ramd32_CLK_I)
                                                     -0.132    34.273    GEN_BRAM.u_core/reg_file/registers_reg_r2_0_31_24_29/RAMC
  -------------------------------------------------------------------
                         required time                         34.273    
                         arrival time                         -31.298    
  -------------------------------------------------------------------
                         slack                                  2.975    

Slack (MET) :             2.995ns  (required time - arrival time)
  Source:                 GEN_BRAM.u_core/ir_reg[17]/C
                            (rising edge-triggered cell FDCE clocked by sys_clk  {rise@0.000ns fall@15.000ns period=30.000ns})
  Destination:            GEN_BRAM.u_core/reg_file/registers_reg_r1_0_31_24_29/RAMB/I
                            (rising edge-triggered cell RAMD32 clocked by sys_clk  {rise@0.000ns fall@15.000ns period=30.000ns})
  Path Group:             sys_clk
  Path Type:              Setup (Max at Slow Process Corner)
  Requirement:            30.000ns  (sys_clk rise@30.000ns - sys_clk rise@0.000ns)
  Data Path Delay:        26.813ns  (logic 4.077ns (15.206%)  route 22.736ns (84.794%))
  Logic Levels:           54  (CARRY4=1 LUT3=14 LUT4=2 LUT5=16 LUT6=20 RAMD32=1)
  Clock Path Skew:        -0.028ns (DCD - SCD + CPR)
    Destination Clock Delay (DCD):    4.185ns = ( 34.185 - 30.000 ) 
    Source Clock Delay      (SCD):    4.470ns
    Clock Pessimism Removal (CPR):    0.256ns
  Clock Uncertainty:      0.035ns  ((TSJ^2 + TIJ^2)^1/2 + DJ) / 2 + PE
    Total System Jitter     (TSJ):    0.071ns
    Total Input Jitter      (TIJ):    0.000ns
    Discrete Jitter          (DJ):    0.000ns
    Phase Error              (PE):    0.000ns

    Location             Delay type                Incr(ns)  Path(ns)    Netlist Resource(s)
  -------------------------------------------------------------------    -------------------
                         (clock sys_clk rise edge)    0.000     0.000 r  
    AD23                                              0.000     0.000 r  clk (IN)
                         net (fo=0)                   0.000     0.000    clk
    AD23                 IBUF (Prop_ibuf_I_O)         0.873     0.873 r  clk_IBUF_inst/O
                         net (fo=1, routed)           1.830     2.703    clk_IBUF
    BUFGCTRL_X0Y0        BUFG (Prop_bufg_I_O)         0.120     2.823 r  clk_IBUF_BUFG_inst/O
                         net (fo=350, routed)         1.647     4.470    GEN_BRAM.u_core/clk_IBUF_BUFG
    SLICE_X13Y17         FDCE                                         r  GEN_BRAM.u_core/ir_reg[17]/C
  -------------------------------------------------------------------    -------------------
    SLICE_X13Y17         FDCE (Prop_fdce_C_Q)         0.269     4.739 r  GEN_BRAM.u_core/ir_reg[17]/Q
                         net (fo=97, routed)          0.894     5.633    GEN_BRAM.u_core/reg_file/registers_reg_r1_0_31_30_31__0/DPRA2
    SLICE_X14Y20         RAMD32 (Prop_ramd32_RADR2_O)
                                                      0.063     5.696 r  GEN_BRAM.u_core/reg_file/registers_reg_r1_0_31_30_31__0/DP/O
                         net (fo=11, routed)          0.758     6.454    GEN_BRAM.u_core/alu_mux_a/dataR10[31]
    SLICE_X11Y23         LUT4 (Prop_lut4_I1_O)        0.164     6.618 f  GEN_BRAM.u_core/alu_mux_a/u_adder_i_1/O
                         net (fo=96, routed)          0.579     7.196    GEN_BRAM.u_core/alu/u_mul/u_mul/GEN_ARRAY.u_mul/u_csa_row0/GEN_CSA_FA[1].u_fa/result[31]_INST_0_i_35_n_0
    SLICE_X10Y16         LUT4 (Prop_lut4_I0_O)        0.053     7.249 r  GEN_BRAM.u_core/alu/u_mul/u_mul/GEN_ARRAY.u_mul/u_csa_row0/GEN_CSA_FA[1].u_fa/result[2]_INST_0_i_3/O
                         net (fo=149, routed)         1.003     8.253    GEN_BRAM.u_core/alu/u_mul/u_mul/GEN_ARRAY.u_mul/u_csa_row0/GEN_CSA_FA[1].u_fa/result[2]_INST_0_i_3_n_0
    SLICE_X12Y14         LUT6 (Prop_lut6_I1_O)        0.053     8.306 r  GEN_BRAM.u_core/alu/u_mul/u_mul/GEN_ARRAY.u_mul/u_csa_row0/GEN_CSA_FA[1].u_fa/result[6]_INST_0_i_52/O
                         net (fo=2, routed)           0.330     8.636    GEN_BRAM.u_core/alu/u_mul/u_mul/GEN_ARRAY.u_mul/u_csa_row0/GEN_CSA_FA[1].u_fa/pp[2]_91[6]
    SLICE_X12Y14         LUT6 (Prop_lut6_I5_O)        0.053     8.689 r  GEN_BRAM.u_core/alu/u_mul/u_mul/GEN_ARRAY.u_mul/u_csa_row0/GEN_CSA_FA[1].u_fa/result[6]_INST_0_i_35/O
                         net (fo=3, routed)           0.479     9.168    GEN_BRAM.u_core/alu/u_mul/u_mul/GEN_ARRAY.u_mul/u_csa_row0/GEN_CSA_FA[1].u_fa/stage_sum[0]_28[6]
    SLICE_X12Y14         LUT3 (Prop_lut3_I1_O)        0.053     9.221 r  GEN_BRAM.u_core/alu/u_mul/u_mul/GEN_ARRAY.u_mul/u_csa_row0/GEN_CSA_FA[1].u_fa/result[8]_INST_0_i_67/O
                         net (fo=2, routed)           0.492     9.713    GEN_BRAM.u_core/alu/u_mul/u_mul/GEN_ARRAY.u_mul/u_csa_row0/GEN_CSA_FA[1].u_fa/stage_carry[1]_43[7]
    SLICE_X11Y14         LUT5 (Prop_lut5_I3_O)        0.053     9.766 r  GEN_BRAM.u_core/alu/u_mul/u_mul/GEN_ARRAY.u_mul/u_csa_row0/GEN_CSA_FA[1].u_fa/result[8]_INST_0_i_44/O
                         net (fo=3, routed)           0.306    10.072    GEN_BRAM.u_core/alu/u_mul/u_mul/GEN_ARRAY.u_mul/u_csa_row0/GEN_CSA_FA[1].u_fa/stage_carry[2]_0[8]
    SLICE_X10Y14         LUT3 (Prop_lut3_I0_O)        0.053    10.125 r  GEN_BRAM.u_core/alu/u_mul/u_mul/GEN_ARRAY.u_mul/u_csa_row0/GEN_CSA_FA[1].u_fa/result[10]_INST_0_i_52/O
                         net (fo=2, routed)           0.436    10.561    GEN_BRAM.u_core/alu/u_mul/u_mul/GEN_ARRAY.u_mul/u_csa_row0/GEN_CSA_FA[1].u_fa/stage_carry[3]_44[9]
    SLICE_X9Y14          LUT5 (Prop_lut5_I3_O)        0.053    10.614 r  GEN_BRAM.u_core/alu/u_mul/u_mul/GEN_ARRAY.u_mul/u_csa_row0/GEN_CSA_FA[1].u_fa/result[10]_INST_0_i_34/O
                         net (fo=3, routed)           0.435    11.048    GEN_BRAM.u_core/alu/u_mul/u_mul/GEN_ARRAY.u_mul/u_csa_row0/GEN_CSA_FA[1].u_fa/stage_carry[4]_2[10]
    SLICE_X7Y14          LUT3 (Prop_lut3_I0_O)        0.053    11.101 r  GEN_BRAM.u_core/alu/u_mul/u_mul/GEN_ARRAY.u_mul/u_csa_row0/GEN_CSA_FA[1].u_fa/result[12]_INST_0_i_69/O
                         net (fo=2, routed)           0.204    11.305    GEN_BRAM.u_core/alu/u_mul/u_mul/GEN_ARRAY.u_mul/u_csa_row0/GEN_CSA_FA[1].u_fa/stage_carry[5]_45[11]
    SLICE_X7Y14          LUT5 (Prop_lut5_I3_O)        0.053    11.358 r  GEN_BRAM.u_core/alu/u_mul/u_mul/GEN_ARRAY.u_mul/u_csa_row0/GEN_CSA_FA[1].u_fa/result[12]_INST_0_i_45/O
                         net (fo=3, routed)           0.687    12.045    GEN_BRAM.u_core/alu/u_mul/u_mul/GEN_ARRAY.u_mul/u_csa_row0/GEN_CSA_FA[1].u_fa/stage_carry[6]_4[12]
    SLICE_X8Y12          LUT3 (Prop_lut3_I0_O)        0.053    12.098 r  GEN_BRAM.u_core/alu/u_mul/u_mul/GEN_ARRAY.u_mul/u_csa_row0/GEN_CSA_FA[1].u_fa/result[14]_INST_0_i_52/O
                         net (fo=2, routed)           0.617    12.714    GEN_BRAM.u_core/alu/u_mul/u_mul/GEN_ARRAY.u_mul/u_csa_row0/GEN_CSA_FA[1].u_fa/stage_carry[7]_46[13]
    SLICE_X7Y11          LUT5 (Prop_lut5_I3_O)        0.053    12.767 r  GEN_BRAM.u_core/alu/u_mul/u_mul/GEN_ARRAY.u_mul/u_csa_row0/GEN_CSA_FA[1].u_fa/result[14]_INST_0_i_34/O
                         net (fo=3, routed)           0.325    13.093    GEN_BRAM.u_core/alu/u_mul/u_mul/GEN_ARRAY.u_mul/u_csa_row0/GEN_CSA_FA[1].u_fa/stage_carry[8]_6[14]
    SLICE_X7Y11          LUT3 (Prop_lut3_I0_O)        0.053    13.146 r  GEN_BRAM.u_core/alu/u_mul/u_mul/GEN_ARRAY.u_mul/u_csa_row0/GEN_CSA_FA[1].u_fa/result[16]_INST_0_i_67/O
                         net (fo=2, routed)           0.368    13.514    GEN_BRAM.u_core/alu/u_mul/u_mul/GEN_ARRAY.u_mul/u_csa_row0/GEN_CSA_FA[1].u_fa/stage_carry[9]_47[15]
    SLICE_X6Y11          LUT5 (Prop_lut5_I3_O)        0.053    13.567 r  GEN_BRAM.u_core/alu/u_mul/u_mul/GEN_ARRAY.u_mul/u_csa_row0/GEN_CSA_FA[1].u_fa/result[16]_INST_0_i_44/O
                         net (fo=3, routed)           0.347    13.914    GEN_BRAM.u_core/alu/u_mul/u_mul/GEN_ARRAY.u_mul/u_csa_row0/GEN_CSA_FA[1].u_fa/stage_carry[10]_8[16]
    SLICE_X3Y11          LUT3 (Prop_lut3_I0_O)        0.053    13.967 r  GEN_BRAM.u_core/alu/u_mul/u_mul/GEN_ARRAY.u_mul/u_csa_row0/GEN_CSA_FA[1].u_fa/result[18]_INST_0_i_52/O
                         net (fo=2, routed)           0.423    14.390    GEN_BRAM.u_core/alu/u_mul/u_mul/GEN_ARRAY.u_mul/u_csa_row0/GEN_CSA_FA[1].u_fa/stage_carry[11]_48[17]
    SLICE_X3Y13          LUT5 (Prop_lut5_I3_O)        0.053    14.443 r  GEN_BRAM.u_core/alu/u_mul/u_mul/GEN_ARRAY.u_mul/u_csa_row0/GEN_CSA_FA[1].u_fa/result[18]_INST_0_i_34/O
                         net (fo=3, routed)           0.533    14.976    GEN_BRAM.u_core/alu/u_mul/u_mul/GEN_ARRAY.u_mul/u_csa_row0/GEN_CSA_FA[1].u_fa/stage_carry[12]_10[18]
    SLICE_X7Y10          LUT3 (Prop_lut3_I0_O)        0.053    15.029 r  GEN_BRAM.u_core/alu/u_mul/u_mul/GEN_ARRAY.u_mul/u_csa_row0/GEN_CSA_FA[1].u_fa/result[20]_INST_0_i_67/O
                         net (fo=2, routed)           0.502    15.530    GEN_BRAM.u_core/alu/u_mul/u_mul/GEN_ARRAY.u_mul/u_csa_row0/GEN_CSA_FA[1].u_fa/stage_carry[13]_49[19]
    SLICE_X9Y10          LUT5 (Prop_lut5_I3_O)        0.053    15.583 r  GEN_BRAM.u_core/alu/u_mul/u_mul/GEN_ARRAY.u_mul/u_csa_row0/GEN_CSA_FA[1].u_fa/result[20]_INST_0_i_44/O
                         net (fo=3, routed)           0.384    15.967    GEN_BRAM.u_core/alu/u_mul/u_mul/GEN_ARRAY.u_mul/u_csa_row0/GEN_CSA_FA[1].u_fa/stage_carry[14]_12[20]
    SLICE_X8Y10          LUT3 (Prop_lut3_I0_O)        0.053    16.020 r  GEN_BRAM.u_core/alu/u_mul/u_mul/GEN_ARRAY.u_mul/u_csa_row0/GEN_CSA_FA[1].u_fa/result[22]_INST_0_i_52/O
                         net (fo=2, routed)           0.376    16.396    GEN_BRAM.u_core/alu/u_mul/u_mul/GEN_ARRAY.u_mul/u_csa_row0/GEN_CSA_FA[1].u_fa/stage_carry[15]_50[21]
    SLICE_X7Y10          LUT5 (Prop_lut5_I3_O)        0.053    16.449 r  GEN_BRAM.u_core/alu/u_mul/u_mul/GEN_ARRAY.u_mul/u_csa_row0/GEN_CSA_FA[1].u_fa/result[22]_INST_0_i_34/O
                         net (fo=3, routed)           0.481    16.929    GEN_BRAM.u_core/alu/u_mul/u_mul/GEN_ARRAY.u_mul/u_csa_row0/GEN_CSA_FA[1].u_fa/stage_carry[16]_14[22]
    SLICE_X6Y9           LUT3 (Prop_lut3_I0_O)        0.053    16.982 r  GEN_BRAM.u_core/alu/u_mul/u_mul/GEN_ARRAY.u_mul/u_csa_row0/GEN_CSA_FA[1].u_fa/result[24]_INST_0_i_67/O
                         net (fo=2, routed)           0.340    17.323    GEN_BRAM.u_core/alu/u_mul/u_mul/GEN_ARRAY.u_mul/u_csa_row0/GEN_CSA_FA[1].u_fa/stage_carry[17]_51[23]
    SLICE_X3Y9           LUT5 (Prop_lut5_I3_O)        0.053    17.376 r  GEN_BRAM.u_core/alu/u_mul/u_mul/GEN_ARRAY.u_mul/u_csa_row0/GEN_CSA_FA[1].u_fa/result[24]_INST_0_i_40/O
                         net (fo=3, routed)           0.433    17.809    GEN_BRAM.u_core/alu/u_mul/u_mul/GEN_ARRAY.u_mul/u_csa_row0/GEN_CSA_FA[1].u_fa/stage_sum[18]_34[23]
    SLICE_X5Y8           LUT3 (Prop_lut3_I1_O)        0.053    17.862 r  GEN_BRAM.u_core/alu/u_mul/u_mul/GEN_ARRAY.u_mul/u_csa_row0/GEN_CSA_FA[1].u_fa/result[24]_INST_0_i_47/O
                         net (fo=2, routed)           0.308    18.169    GEN_BRAM.u_core/alu/u_mul/u_mul/GEN_ARRAY.u_mul/u_csa_row0/GEN_CSA_FA[1].u_fa/stage_carry[19]_52[24]
    SLICE_X5Y8           LUT5 (Prop_lut5_I3_O)        0.053    18.222 r  GEN_BRAM.u_core/alu/u_mul/u_mul/GEN_ARRAY.u_mul/u_csa_row0/GEN_CSA_FA[1].u_fa/result[24]_INST_0_i_26/O
                         net (fo=2, routed)           0.582    18.805    GEN_BRAM.u_core/alu/u_mul/u_mul/GEN_ARRAY.u_mul/u_csa_row0/GEN_CSA_FA[1].u_fa/stage_sum[20]_33[24]
    SLICE_X8Y9           LUT3 (Prop_lut3_I1_O)        0.053    18.858 r  GEN_BRAM.u_core/alu/u_mul/u_mul/GEN_ARRAY.u_mul/u_csa_row0/GEN_CSA_FA[1].u_fa/result[26]_INST_0_i_32/O
                         net (fo=2, routed)           0.466    19.324    GEN_BRAM.u_core/alu/u_mul/u_mul/GEN_ARRAY.u_mul/u_csa_row0/GEN_CSA_FA[1].u_fa/stage_carry[21]_53[25]
    SLICE_X8Y9           LUT5 (Prop_lut5_I3_O)        0.053    19.377 r  GEN_BRAM.u_core/alu/u_mul/u_mul/GEN_ARRAY.u_mul/u_csa_row0/GEN_CSA_FA[1].u_fa/result[26]_INST_0_i_16/O
                         net (fo=2, routed)           0.479    19.855    GEN_BRAM.u_core/alu/u_mul/u_mul/GEN_ARRAY.u_mul/u_csa_row0/GEN_CSA_FA[1].u_fa/stage_carry[22]_20[26]
    SLICE_X8Y8           LUT3 (Prop_lut3_I0_O)        0.053    19.908 r  GEN_BRAM.u_core/alu/u_mul/u_mul/GEN_ARRAY.u_mul/u_csa_row0/GEN_CSA_FA[1].u_fa/result[28]_INST_0_i_42/O
                         net (fo=2, routed)           0.426    20.334    GEN_BRAM.u_core/alu/u_mul/u_mul/GEN_ARRAY.u_mul/u_csa_row0/GEN_CSA_FA[1].u_fa/stage_carry[23]_54[27]
    SLICE_X8Y7           LUT5 (Prop_lut5_I3_O)        0.053    20.387 r  GEN_BRAM.u_core/alu/u_mul/u_mul/GEN_ARRAY.u_mul/u_csa_row0/GEN_CSA_FA[1].u_fa/result[28]_INST_0_i_25/O
                         net (fo=2, routed)           0.407    20.794    GEN_BRAM.u_core/alu/u_mul/u_mul/GEN_ARRAY.u_mul/u_csa_row0/GEN_CSA_FA[1].u_fa/stage_carry[24]_22[28]
    SLICE_X11Y7          LUT3 (Prop_lut3_I0_O)        0.053    20.847 r  GEN_BRAM.u_core/alu/u_mul/u_mul/GEN_ARRAY.u_mul/u_csa_row0/GEN_CSA_FA[1].u_fa/result[28]_INST_0_i_8/O
                         net (fo=2, routed)           0.598    21.445    GEN_BRAM.u_core/alu/u_mul/u_mul/GEN_ARRAY.u_mul/u_csa_row0/GEN_CSA_FA[1].u_fa/stage_sum[25]_25[28]
    SLICE_X16Y10         LUT6 (Prop_lut6_I5_O)        0.053    21.498 r  GEN_BRAM.u_core/alu/u_mul/u_mul/GEN_ARRAY.u_mul/u_csa_row0/GEN_CSA_FA[1].u_fa/result[30]_INST_0_i_9/O
                         net (fo=2, routed)           0.424    21.922    GEN_BRAM.u_core/alu/u_mul/u_mul/GEN_ARRAY.u_mul/u_csa_row0/GEN_CSA_FA[1].u_fa/stage_carry[26]_24[29]
    SLICE_X16Y11         LUT6 (Prop_lut6_I4_O)        0.053    21.975 r  GEN_BRAM.u_core/alu/u_mul/u_mul/GEN_ARRAY.u_mul/u_csa_row0/GEN_CSA_FA[1].u_fa/result[30]_INST_0_i_4/O
                         net (fo=2, routed)           0.441    22.416    GEN_BRAM.u_core/alu/u_mul/u_mul/GEN_ARRAY.u_mul/u_csa_row0/GEN_CSA_FA[1].u_fa/stage_sum[27]_27[29]
    SLICE_X15Y11         LUT3 (Prop_lut3_I2_O)        0.056    22.472 r  GEN_BRAM.u_core/alu/u_mul/u_mul/GEN_ARRAY.u_mul/u_csa_row0/GEN_CSA_FA[1].u_fa/result[30]_INST_0_i_1/O
                         net (fo=5, routed)           0.738    23.210    GEN_BRAM.u_core/alu/u_mul/u_mul/GEN_ARRAY.u_mul/u_csa_row0/GEN_CSA_FA[1].u_fa/stage_carry[28]_26[30]
    SLICE_X15Y11         LUT5 (Prop_lut5_I1_O)        0.181    23.391 r  GEN_BRAM.u_core/alu/u_mul/u_mul/GEN_ARRAY.u_mul/u_csa_row0/GEN_CSA_FA[1].u_fa/result[1]_INST_0_i_6/O
                         net (fo=2, routed)           0.407    23.797    GEN_BRAM.u_core/alu/u_mul/u_mul/GEN_ARRAY.u_mul/u_csa_row0/GEN_CSA_FA[1].u_fa/u_final_cpa/GEN_FINAL_FA[32].u_fa/c2
    SLICE_X15Y12         LUT5 (Prop_lut5_I2_O)        0.180    23.977 r  GEN_BRAM.u_core/alu/u_mul/u_mul/GEN_ARRAY.u_mul/u_csa_row0/GEN_CSA_FA[1].u_fa/result[2]_INST_0_i_9/O
                         net (fo=2, routed)           0.448    24.426    GEN_BRAM.u_core/alu/u_mul/u_mul/GEN_ARRAY.u_mul/u_csa_row0/GEN_CSA_FA[1].u_fa/u_final_cpa/GEN_FINAL_FA[33].u_fa/c2
    SLICE_X15Y12         LUT5 (Prop_lut5_I2_O)        0.187    24.613 r  GEN_BRAM.u_core/alu/u_mul/u_mul/GEN_ARRAY.u_mul/u_csa_row0/GEN_CSA_FA[1].u_fa/result[4]_INST_0_i_14/O
                         net (fo=3, routed)           0.263    24.876    GEN_BRAM.u_core/alu/u_mul/u_mul/GEN_ARRAY.u_mul/u_csa_row0/GEN_CSA_FA[1].u_fa/u_final_cpa/c_35
    SLICE_X16Y12         LUT6 (Prop_lut6_I4_O)        0.169    25.045 r  GEN_BRAM.u_core/alu/u_mul/u_mul/GEN_ARRAY.u_mul/u_csa_row0/GEN_CSA_FA[1].u_fa/result[6]_INST_0_i_12/O
                         net (fo=3, routed)           0.326    25.371    GEN_BRAM.u_core/alu/u_mul/u_mul/GEN_ARRAY.u_mul/u_csa_row0/GEN_CSA_FA[1].u_fa/u_final_cpa/c_37
    SLICE_X16Y13         LUT6 (Prop_lut6_I4_O)        0.053    25.424 r  GEN_BRAM.u_core/alu/u_mul/u_mul/GEN_ARRAY.u_mul/u_csa_row0/GEN_CSA_FA[1].u_fa/result[8]_INST_0_i_13/O
                         net (fo=3, routed)           0.322    25.746    GEN_BRAM.u_core/alu/u_mul/u_mul/GEN_ARRAY.u_mul/u_csa_row0/GEN_CSA_FA[1].u_fa/u_final_cpa/c_39
    SLICE_X16Y14         LUT6 (Prop_lut6_I4_O)        0.053    25.799 r  GEN_BRAM.u_core/alu/u_mul/u_mul/GEN_ARRAY.u_mul/u_csa_row0/GEN_CSA_FA[1].u_fa/result[10]_INST_0_i_12/O
                         net (fo=3, routed)           0.153    25.953    GEN_BRAM.u_core/alu/u_mul/u_mul/GEN_ARRAY.u_mul/u_csa_row0/GEN_CSA_FA[1].u_fa/u_final_cpa/c_41
    SLICE_X16Y14         LUT6 (Prop_lut6_I4_O)        0.053    26.006 r  GEN_BRAM.u_core/alu/u_mul/u_mul/GEN_ARRAY.u_mul/u_csa_row0/GEN_CSA_FA[1].u_fa/result[12]_INST_0_i_13/O
                         net (fo=3, routed)           0.249    26.254    GEN_BRAM.u_core/alu/u_mul/u_mul/GEN_ARRAY.u_mul/u_csa_row0/GEN_CSA_FA[1].u_fa/u_final_cpa/c_43
    SLICE_X16Y15         LUT6 (Prop_lut6_I4_O)        0.053    26.307 r  GEN_BRAM.u_core/alu/u_mul/u_mul/GEN_ARRAY.u_mul/u_csa_row0/GEN_CSA_FA[1].u_fa/result[14]_INST_0_i_12/O
                         net (fo=3, routed)           0.298    26.606    GEN_BRAM.u_core/alu/u_mul/u_mul/GEN_ARRAY.u_mul/u_csa_row0/GEN_CSA_FA[1].u_fa/u_final_cpa/c_45
    SLICE_X17Y15         LUT6 (Prop_lut6_I4_O)        0.053    26.659 r  GEN_BRAM.u_core/alu/u_mul/u_mul/GEN_ARRAY.u_mul/u_csa_row0/GEN_CSA_FA[1].u_fa/result[16]_INST_0_i_13/O
                         net (fo=3, routed)           0.309    26.968    GEN_BRAM.u_core/alu/u_mul/u_mul/GEN_ARRAY.u_mul/u_csa_row0/GEN_CSA_FA[1].u_fa/u_final_cpa/c_47
    SLICE_X17Y16         LUT6 (Prop_lut6_I4_O)        0.053    27.021 r  GEN_BRAM.u_core/alu/u_mul/u_mul/GEN_ARRAY.u_mul/u_csa_row0/GEN_CSA_FA[1].u_fa/result[18]_INST_0_i_12/O
                         net (fo=3, routed)           0.138    27.159    GEN_BRAM.u_core/alu/u_mul/u_mul/GEN_ARRAY.u_mul/u_csa_row0/GEN_CSA_FA[1].u_fa/u_final_cpa/c_49
    SLICE_X17Y16         LUT6 (Prop_lut6_I4_O)        0.053    27.212 r  GEN_BRAM.u_core/alu/u_mul/u_mul/GEN_ARRAY.u_mul/u_csa_row0/GEN_CSA_FA[1].u_fa/result[20]_INST_0_i_13/O
                         net (fo=3, routed)           0.244    27.456    GEN_BRAM.u_core/alu/u_mul/u_mul/GEN_ARRAY.u_mul/u_csa_row0/GEN_CSA_FA[1].u_fa/u_final_cpa/c_51
    SLICE_X17Y17         LUT6 (Prop_lut6_I4_O)        0.053    27.509 r  GEN_BRAM.u_core/alu/u_mul/u_mul/GEN_ARRAY.u_mul/u_csa_row0/GEN_CSA_FA[1].u_fa/result[22]_INST_0_i_12/O
                         net (fo=3, routed)           0.138    27.647    GEN_BRAM.u_core/alu/u_mul/u_mul/GEN_ARRAY.u_mul/u_csa_row0/GEN_CSA_FA[1].u_fa/u_final_cpa/c_53
    SLICE_X17Y17         LUT6 (Prop_lut6_I4_O)        0.053    27.700 r  GEN_BRAM.u_core/alu/u_mul/u_mul/GEN_ARRAY.u_mul/u_csa_row0/GEN_CSA_FA[1].u_fa/result[24]_INST_0_i_13/O
                         net (fo=3, routed)           0.366    28.066    GEN_BRAM.u_core/alu/u_mul/u_mul/GEN_ARRAY.u_mul/u_csa_row0/GEN_CSA_FA[1].u_fa/u_final_cpa/c_55
    SLICE_X17Y18         LUT6 (Prop_lut6_I4_O)        0.053    28.119 r  GEN_BRAM.u_core/alu/u_mul/u_mul/GEN_ARRAY.u_mul/u_csa_row0/GEN_CSA_FA[1].u_fa/result[26]_INST_0_i_12/O
                         net (fo=3, routed)           0.374    28.493    GEN_BRAM.u_core/alu/u_mul/u_mul/GEN_ARRAY.u_mul/u_csa_row0/GEN_CSA_FA[1].u_fa/u_final_cpa/c_57
    SLICE_X15Y18         LUT5 (Prop_lut5_I4_O)        0.053    28.546 r  GEN_BRAM.u_core/alu/u_mul/u_mul/GEN_ARRAY.u_mul/u_csa_row0/GEN_CSA_FA[1].u_fa/result[25]_INST_0_i_2/O
                         net (fo=2, routed)           0.000    28.546    GEN_BRAM.u_core/alu/u_mul/u_mul/GEN_ARRAY.u_mul/u_csa_row0/GEN_CSA_FA[1].u_fa/p_0_in[57]
    SLICE_X15Y18         CARRY4 (Prop_carry4_S[0]_O[1])
                                                      0.271    28.817 r  GEN_BRAM.u_core/alu/u_mul/u_mul/GEN_ARRAY.u_mul/u_csa_row0/GEN_CSA_FA[1].u_fa/result[28]_INST_0_i_4/O[1]
                         net (fo=1, routed)           0.280    29.097    GEN_BRAM.u_core/alu/u_mul/u_mul/GEN_ARRAY.u_mul/u_csa_row0/GEN_CSA_FA[1].u_fa/signed_product0[58]
    SLICE_X14Y18         LUT6 (Prop_lut6_I5_O)        0.152    29.249 r  GEN_BRAM.u_core/alu/u_mul/u_mul/GEN_ARRAY.u_mul/u_csa_row0/GEN_CSA_FA[1].u_fa/result[26]_INST_0/O
                         net (fo=1, routed)           0.372    29.621    GEN_BRAM.u_core/reg_file/result[22]
    SLICE_X18Y19         LUT6 (Prop_lut6_I2_O)        0.053    29.674 r  GEN_BRAM.u_core/reg_file/debug_alu_out_OBUF[26]_inst_i_4/O
                         net (fo=1, routed)           0.319    29.993    GEN_BRAM.u_core/reg_file/debug_alu_out_OBUF[26]_inst_i_4_n_0
    SLICE_X18Y19         LUT6 (Prop_lut6_I5_O)        0.053    30.046 r  GEN_BRAM.u_core/reg_file/debug_alu_out_OBUF[26]_inst_i_1/O
                         net (fo=3, routed)           0.468    30.513    GEN_BRAM.u_core/wb_mux/debug_alu_out_OBUF[26]
    SLICE_X18Y19         LUT6 (Prop_lut6_I0_O)        0.053    30.566 r  GEN_BRAM.u_core/wb_mux/registers_reg_r1_0_31_24_29_i_14/O
                         net (fo=1, routed)           0.294    30.860    GEN_BRAM.u_core/divider/wb_exec[26]
    SLICE_X17Y19         LUT6 (Prop_lut6_I5_O)        0.053    30.913 r  GEN_BRAM.u_core/divider/registers_reg_r1_0_31_24_29_i_4/O
                         net (fo=2, routed)           0.369    31.282    GEN_BRAM.u_core/reg_file/registers_reg_r1_0_31_24_29/DIB0
    SLICE_X16Y18         RAMD32                                       r  GEN_BRAM.u_core/reg_file/registers_reg_r1_0_31_24_29/RAMB/I
  -------------------------------------------------------------------    -------------------

                         (clock sys_clk rise edge)   30.000    30.000 r  
    AD23                                              0.000    30.000 r  clk (IN)
                         net (fo=0)                   0.000    30.000    clk
    AD23                 IBUF (Prop_ibuf_I_O)         0.796    30.796 r  clk_IBUF_inst/O
                         net (fo=1, routed)           1.741    32.537    clk_IBUF
    BUFGCTRL_X0Y0        BUFG (Prop_bufg_I_O)         0.113    32.650 r  clk_IBUF_BUFG_inst/O
                         net (fo=350, routed)         1.535    34.185    GEN_BRAM.u_core/reg_file/registers_reg_r1_0_31_24_29/WCLK
    SLICE_X16Y18         RAMD32                                       r  GEN_BRAM.u_core/reg_file/registers_reg_r1_0_31_24_29/RAMB/CLK
                         clock pessimism              0.256    34.442    
                         clock uncertainty           -0.035    34.406    
    SLICE_X16Y18         RAMD32 (Setup_ramd32_CLK_I)
                                                     -0.129    34.277    GEN_BRAM.u_core/reg_file/registers_reg_r1_0_31_24_29/RAMB
  -------------------------------------------------------------------
                         required time                         34.277    
                         arrival time                         -31.282    
  -------------------------------------------------------------------
                         slack                                  2.995    

Slack (MET) :             3.117ns  (required time - arrival time)
  Source:                 GEN_BRAM.u_core/ir_reg[17]/C
                            (rising edge-triggered cell FDCE clocked by sys_clk  {rise@0.000ns fall@15.000ns period=30.000ns})
  Destination:            GEN_BRAM.u_core/reg_file/registers_reg_r2_0_31_24_29/RAMB/I
                            (rising edge-triggered cell RAMD32 clocked by sys_clk  {rise@0.000ns fall@15.000ns period=30.000ns})
  Path Group:             sys_clk
  Path Type:              Setup (Max at Slow Process Corner)
  Requirement:            30.000ns  (sys_clk rise@30.000ns - sys_clk rise@0.000ns)
  Data Path Delay:        26.690ns  (logic 4.077ns (15.275%)  route 22.613ns (84.725%))
  Logic Levels:           54  (CARRY4=1 LUT3=14 LUT4=2 LUT5=16 LUT6=20 RAMD32=1)
  Clock Path Skew:        -0.029ns (DCD - SCD + CPR)
    Destination Clock Delay (DCD):    4.184ns = ( 34.184 - 30.000 ) 
    Source Clock Delay      (SCD):    4.470ns
    Clock Pessimism Removal (CPR):    0.256ns
  Clock Uncertainty:      0.035ns  ((TSJ^2 + TIJ^2)^1/2 + DJ) / 2 + PE
    Total System Jitter     (TSJ):    0.071ns
    Total Input Jitter      (TIJ):    0.000ns
    Discrete Jitter          (DJ):    0.000ns
    Phase Error              (PE):    0.000ns

    Location             Delay type                Incr(ns)  Path(ns)    Netlist Resource(s)
  -------------------------------------------------------------------    -------------------
                         (clock sys_clk rise edge)    0.000     0.000 r  
    AD23                                              0.000     0.000 r  clk (IN)
                         net (fo=0)                   0.000     0.000    clk
    AD23                 IBUF (Prop_ibuf_I_O)         0.873     0.873 r  clk_IBUF_inst/O
                         net (fo=1, routed)           1.830     2.703    clk_IBUF
    BUFGCTRL_X0Y0        BUFG (Prop_bufg_I_O)         0.120     2.823 r  clk_IBUF_BUFG_inst/O
                         net (fo=350, routed)         1.647     4.470    GEN_BRAM.u_core/clk_IBUF_BUFG
    SLICE_X13Y17         FDCE                                         r  GEN_BRAM.u_core/ir_reg[17]/C
  -------------------------------------------------------------------    -------------------
    SLICE_X13Y17         FDCE (Prop_fdce_C_Q)         0.269     4.739 r  GEN_BRAM.u_core/ir_reg[17]/Q
                         net (fo=97, routed)          0.894     5.633    GEN_BRAM.u_core/reg_file/registers_reg_r1_0_31_30_31__0/DPRA2
    SLICE_X14Y20         RAMD32 (Prop_ramd32_RADR2_O)
                                                      0.063     5.696 r  GEN_BRAM.u_core/reg_file/registers_reg_r1_0_31_30_31__0/DP/O
                         net (fo=11, routed)          0.758     6.454    GEN_BRAM.u_core/alu_mux_a/dataR10[31]
    SLICE_X11Y23         LUT4 (Prop_lut4_I1_O)        0.164     6.618 f  GEN_BRAM.u_core/alu_mux_a/u_adder_i_1/O
                         net (fo=96, routed)          0.579     7.196    GEN_BRAM.u_core/alu/u_mul/u_mul/GEN_ARRAY.u_mul/u_csa_row0/GEN_CSA_FA[1].u_fa/result[31]_INST_0_i_35_n_0
    SLICE_X10Y16         LUT4 (Prop_lut4_I0_O)        0.053     7.249 r  GEN_BRAM.u_core/alu/u_mul/u_mul/GEN_ARRAY.u_mul/u_csa_row0/GEN_CSA_FA[1].u_fa/result[2]_INST_0_i_3/O
                         net (fo=149, routed)         1.003     8.253    GEN_BRAM.u_core/alu/u_mul/u_mul/GEN_ARRAY.u_mul/u_csa_row0/GEN_CSA_FA[1].u_fa/result[2]_INST_0_i_3_n_0
    SLICE_X12Y14         LUT6 (Prop_lut6_I1_O)        0.053     8.306 r  GEN_BRAM.u_core/alu/u_mul/u_mul/GEN_ARRAY.u_mul/u_csa_row0/GEN_CSA_FA[1].u_fa/result[6]_INST_0_i_52/O
                         net (fo=2, routed)           0.330     8.636    GEN_BRAM.u_core/alu/u_mul/u_mul/GEN_ARRAY.u_mul/u_csa_row0/GEN_CSA_FA[1].u_fa/pp[2]_91[6]
    SLICE_X12Y14         LUT6 (Prop_lut6_I5_O)        0.053     8.689 r  GEN_BRAM.u_core/alu/u_mul/u_mul/GEN_ARRAY.u_mul/u_csa_row0/GEN_CSA_FA[1].u_fa/result[6]_INST_0_i_35/O
                         net (fo=3, routed)           0.479     9.168    GEN_BRAM.u_core/alu/u_mul/u_mul/GEN_ARRAY.u_mul/u_csa_row0/GEN_CSA_FA[1].u_fa/stage_sum[0]_28[6]
    SLICE_X12Y14         LUT3 (Prop_lut3_I1_O)        0.053     9.221 r  GEN_BRAM.u_core/alu/u_mul/u_mul/GEN_ARRAY.u_mul/u_csa_row0/GEN_CSA_FA[1].u_fa/result[8]_INST_0_i_67/O
                         net (fo=2, routed)           0.492     9.713    GEN_BRAM.u_core/alu/u_mul/u_mul/GEN_ARRAY.u_mul/u_csa_row0/GEN_CSA_FA[1].u_fa/stage_carry[1]_43[7]
    SLICE_X11Y14         LUT5 (Prop_lut5_I3_O)        0.053     9.766 r  GEN_BRAM.u_core/alu/u_mul/u_mul/GEN_ARRAY.u_mul/u_csa_row0/GEN_CSA_FA[1].u_fa/result[8]_INST_0_i_44/O
                         net (fo=3, routed)           0.306    10.072    GEN_BRAM.u_core/alu/u_mul/u_mul/GEN_ARRAY.u_mul/u_csa_row0/GEN_CSA_FA[1].u_fa/stage_carry[2]_0[8]
    SLICE_X10Y14         LUT3 (Prop_lut3_I0_O)        0.053    10.125 r  GEN_BRAM.u_core/alu/u_mul/u_mul/GEN_ARRAY.u_mul/u_csa_row0/GEN_CSA_FA[1].u_fa/result[10]_INST_0_i_52/O
                         net (fo=2, routed)           0.436    10.561    GEN_BRAM.u_core/alu/u_mul/u_mul/GEN_ARRAY.u_mul/u_csa_row0/GEN_CSA_FA[1].u_fa/stage_carry[3]_44[9]
    SLICE_X9Y14          LUT5 (Prop_lut5_I3_O)        0.053    10.614 r  GEN_BRAM.u_core/alu/u_mul/u_mul/GEN_ARRAY.u_mul/u_csa_row0/GEN_CSA_FA[1].u_fa/result[10]_INST_0_i_34/O
                         net (fo=3, routed)           0.435    11.048    GEN_BRAM.u_core/alu/u_mul/u_mul/GEN_ARRAY.u_mul/u_csa_row0/GEN_CSA_FA[1].u_fa/stage_carry[4]_2[10]
    SLICE_X7Y14          LUT3 (Prop_lut3_I0_O)        0.053    11.101 r  GEN_BRAM.u_core/alu/u_mul/u_mul/GEN_ARRAY.u_mul/u_csa_row0/GEN_CSA_FA[1].u_fa/result[12]_INST_0_i_69/O
                         net (fo=2, routed)           0.204    11.305    GEN_BRAM.u_core/alu/u_mul/u_mul/GEN_ARRAY.u_mul/u_csa_row0/GEN_CSA_FA[1].u_fa/stage_carry[5]_45[11]
    SLICE_X7Y14          LUT5 (Prop_lut5_I3_O)        0.053    11.358 r  GEN_BRAM.u_core/alu/u_mul/u_mul/GEN_ARRAY.u_mul/u_csa_row0/GEN_CSA_FA[1].u_fa/result[12]_INST_0_i_45/O
                         net (fo=3, routed)           0.687    12.045    GEN_BRAM.u_core/alu/u_mul/u_mul/GEN_ARRAY.u_mul/u_csa_row0/GEN_CSA_FA[1].u_fa/stage_carry[6]_4[12]
    SLICE_X8Y12          LUT3 (Prop_lut3_I0_O)        0.053    12.098 r  GEN_BRAM.u_core/alu/u_mul/u_mul/GEN_ARRAY.u_mul/u_csa_row0/GEN_CSA_FA[1].u_fa/result[14]_INST_0_i_52/O
                         net (fo=2, routed)           0.617    12.714    GEN_BRAM.u_core/alu/u_mul/u_mul/GEN_ARRAY.u_mul/u_csa_row0/GEN_CSA_FA[1].u_fa/stage_carry[7]_46[13]
    SLICE_X7Y11          LUT5 (Prop_lut5_I3_O)        0.053    12.767 r  GEN_BRAM.u_core/alu/u_mul/u_mul/GEN_ARRAY.u_mul/u_csa_row0/GEN_CSA_FA[1].u_fa/result[14]_INST_0_i_34/O
                         net (fo=3, routed)           0.325    13.093    GEN_BRAM.u_core/alu/u_mul/u_mul/GEN_ARRAY.u_mul/u_csa_row0/GEN_CSA_FA[1].u_fa/stage_carry[8]_6[14]
    SLICE_X7Y11          LUT3 (Prop_lut3_I0_O)        0.053    13.146 r  GEN_BRAM.u_core/alu/u_mul/u_mul/GEN_ARRAY.u_mul/u_csa_row0/GEN_CSA_FA[1].u_fa/result[16]_INST_0_i_67/O
                         net (fo=2, routed)           0.368    13.514    GEN_BRAM.u_core/alu/u_mul/u_mul/GEN_ARRAY.u_mul/u_csa_row0/GEN_CSA_FA[1].u_fa/stage_carry[9]_47[15]
    SLICE_X6Y11          LUT5 (Prop_lut5_I3_O)        0.053    13.567 r  GEN_BRAM.u_core/alu/u_mul/u_mul/GEN_ARRAY.u_mul/u_csa_row0/GEN_CSA_FA[1].u_fa/result[16]_INST_0_i_44/O
                         net (fo=3, routed)           0.347    13.914    GEN_BRAM.u_core/alu/u_mul/u_mul/GEN_ARRAY.u_mul/u_csa_row0/GEN_CSA_FA[1].u_fa/stage_carry[10]_8[16]
    SLICE_X3Y11          LUT3 (Prop_lut3_I0_O)        0.053    13.967 r  GEN_BRAM.u_core/alu/u_mul/u_mul/GEN_ARRAY.u_mul/u_csa_row0/GEN_CSA_FA[1].u_fa/result[18]_INST_0_i_52/O
                         net (fo=2, routed)           0.423    14.390    GEN_BRAM.u_core/alu/u_mul/u_mul/GEN_ARRAY.u_mul/u_csa_row0/GEN_CSA_FA[1].u_fa/stage_carry[11]_48[17]
    SLICE_X3Y13          LUT5 (Prop_lut5_I3_O)        0.053    14.443 r  GEN_BRAM.u_core/alu/u_mul/u_mul/GEN_ARRAY.u_mul/u_csa_row0/GEN_CSA_FA[1].u_fa/result[18]_INST_0_i_34/O
                         net (fo=3, routed)           0.533    14.976    GEN_BRAM.u_core/alu/u_mul/u_mul/GEN_ARRAY.u_mul/u_csa_row0/GEN_CSA_FA[1].u_fa/stage_carry[12]_10[18]
    SLICE_X7Y10          LUT3 (Prop_lut3_I0_O)        0.053    15.029 r  GEN_BRAM.u_core/alu/u_mul/u_mul/GEN_ARRAY.u_mul/u_csa_row0/GEN_CSA_FA[1].u_fa/result[20]_INST_0_i_67/O
                         net (fo=2, routed)           0.502    15.530    GEN_BRAM.u_core/alu/u_mul/u_mul/GEN_ARRAY.u_mul/u_csa_row0/GEN_CSA_FA[1].u_fa/stage_carry[13]_49[19]
    SLICE_X9Y10          LUT5 (Prop_lut5_I3_O)        0.053    15.583 r  GEN_BRAM.u_core/alu/u_mul/u_mul/GEN_ARRAY.u_mul/u_csa_row0/GEN_CSA_FA[1].u_fa/result[20]_INST_0_i_44/O
                         net (fo=3, routed)           0.384    15.967    GEN_BRAM.u_core/alu/u_mul/u_mul/GEN_ARRAY.u_mul/u_csa_row0/GEN_CSA_FA[1].u_fa/stage_carry[14]_12[20]
    SLICE_X8Y10          LUT3 (Prop_lut3_I0_O)        0.053    16.020 r  GEN_BRAM.u_core/alu/u_mul/u_mul/GEN_ARRAY.u_mul/u_csa_row0/GEN_CSA_FA[1].u_fa/result[22]_INST_0_i_52/O
                         net (fo=2, routed)           0.376    16.396    GEN_BRAM.u_core/alu/u_mul/u_mul/GEN_ARRAY.u_mul/u_csa_row0/GEN_CSA_FA[1].u_fa/stage_carry[15]_50[21]
    SLICE_X7Y10          LUT5 (Prop_lut5_I3_O)        0.053    16.449 r  GEN_BRAM.u_core/alu/u_mul/u_mul/GEN_ARRAY.u_mul/u_csa_row0/GEN_CSA_FA[1].u_fa/result[22]_INST_0_i_34/O
                         net (fo=3, routed)           0.481    16.929    GEN_BRAM.u_core/alu/u_mul/u_mul/GEN_ARRAY.u_mul/u_csa_row0/GEN_CSA_FA[1].u_fa/stage_carry[16]_14[22]
    SLICE_X6Y9           LUT3 (Prop_lut3_I0_O)        0.053    16.982 r  GEN_BRAM.u_core/alu/u_mul/u_mul/GEN_ARRAY.u_mul/u_csa_row0/GEN_CSA_FA[1].u_fa/result[24]_INST_0_i_67/O
                         net (fo=2, routed)           0.340    17.323    GEN_BRAM.u_core/alu/u_mul/u_mul/GEN_ARRAY.u_mul/u_csa_row0/GEN_CSA_FA[1].u_fa/stage_carry[17]_51[23]
    SLICE_X3Y9           LUT5 (Prop_lut5_I3_O)        0.053    17.376 r  GEN_BRAM.u_core/alu/u_mul/u_mul/GEN_ARRAY.u_mul/u_csa_row0/GEN_CSA_FA[1].u_fa/result[24]_INST_0_i_40/O
                         net (fo=3, routed)           0.433    17.809    GEN_BRAM.u_core/alu/u_mul/u_mul/GEN_ARRAY.u_mul/u_csa_row0/GEN_CSA_FA[1].u_fa/stage_sum[18]_34[23]
    SLICE_X5Y8           LUT3 (Prop_lut3_I1_O)        0.053    17.862 r  GEN_BRAM.u_core/alu/u_mul/u_mul/GEN_ARRAY.u_mul/u_csa_row0/GEN_CSA_FA[1].u_fa/result[24]_INST_0_i_47/O
                         net (fo=2, routed)           0.308    18.169    GEN_BRAM.u_core/alu/u_mul/u_mul/GEN_ARRAY.u_mul/u_csa_row0/GEN_CSA_FA[1].u_fa/stage_carry[19]_52[24]
    SLICE_X5Y8           LUT5 (Prop_lut5_I3_O)        0.053    18.222 r  GEN_BRAM.u_core/alu/u_mul/u_mul/GEN_ARRAY.u_mul/u_csa_row0/GEN_CSA_FA[1].u_fa/result[24]_INST_0_i_26/O
                         net (fo=2, routed)           0.582    18.805    GEN_BRAM.u_core/alu/u_mul/u_mul/GEN_ARRAY.u_mul/u_csa_row0/GEN_CSA_FA[1].u_fa/stage_sum[20]_33[24]
    SLICE_X8Y9           LUT3 (Prop_lut3_I1_O)        0.053    18.858 r  GEN_BRAM.u_core/alu/u_mul/u_mul/GEN_ARRAY.u_mul/u_csa_row0/GEN_CSA_FA[1].u_fa/result[26]_INST_0_i_32/O
                         net (fo=2, routed)           0.466    19.324    GEN_BRAM.u_core/alu/u_mul/u_mul/GEN_ARRAY.u_mul/u_csa_row0/GEN_CSA_FA[1].u_fa/stage_carry[21]_53[25]
    SLICE_X8Y9           LUT5 (Prop_lut5_I3_O)        0.053    19.377 r  GEN_BRAM.u_core/alu/u_mul/u_mul/GEN_ARRAY.u_mul/u_csa_row0/GEN_CSA_FA[1].u_fa/result[26]_INST_0_i_16/O
                         net (fo=2, routed)           0.479    19.855    GEN_BRAM.u_core/alu/u_mul/u_mul/GEN_ARRAY.u_mul/u_csa_row0/GEN_CSA_FA[1].u_fa/stage_carry[22]_20[26]
    SLICE_X8Y8           LUT3 (Prop_lut3_I0_O)        0.053    19.908 r  GEN_BRAM.u_core/alu/u_mul/u_mul/GEN_ARRAY.u_mul/u_csa_row0/GEN_CSA_FA[1].u_fa/result[28]_INST_0_i_42/O
                         net (fo=2, routed)           0.426    20.334    GEN_BRAM.u_core/alu/u_mul/u_mul/GEN_ARRAY.u_mul/u_csa_row0/GEN_CSA_FA[1].u_fa/stage_carry[23]_54[27]
    SLICE_X8Y7           LUT5 (Prop_lut5_I3_O)        0.053    20.387 r  GEN_BRAM.u_core/alu/u_mul/u_mul/GEN_ARRAY.u_mul/u_csa_row0/GEN_CSA_FA[1].u_fa/result[28]_INST_0_i_25/O
                         net (fo=2, routed)           0.407    20.794    GEN_BRAM.u_core/alu/u_mul/u_mul/GEN_ARRAY.u_mul/u_csa_row0/GEN_CSA_FA[1].u_fa/stage_carry[24]_22[28]
    SLICE_X11Y7          LUT3 (Prop_lut3_I0_O)        0.053    20.847 r  GEN_BRAM.u_core/alu/u_mul/u_mul/GEN_ARRAY.u_mul/u_csa_row0/GEN_CSA_FA[1].u_fa/result[28]_INST_0_i_8/O
                         net (fo=2, routed)           0.598    21.445    GEN_BRAM.u_core/alu/u_mul/u_mul/GEN_ARRAY.u_mul/u_csa_row0/GEN_CSA_FA[1].u_fa/stage_sum[25]_25[28]
    SLICE_X16Y10         LUT6 (Prop_lut6_I5_O)        0.053    21.498 r  GEN_BRAM.u_core/alu/u_mul/u_mul/GEN_ARRAY.u_mul/u_csa_row0/GEN_CSA_FA[1].u_fa/result[30]_INST_0_i_9/O
                         net (fo=2, routed)           0.424    21.922    GEN_BRAM.u_core/alu/u_mul/u_mul/GEN_ARRAY.u_mul/u_csa_row0/GEN_CSA_FA[1].u_fa/stage_carry[26]_24[29]
    SLICE_X16Y11         LUT6 (Prop_lut6_I4_O)        0.053    21.975 r  GEN_BRAM.u_core/alu/u_mul/u_mul/GEN_ARRAY.u_mul/u_csa_row0/GEN_CSA_FA[1].u_fa/result[30]_INST_0_i_4/O
                         net (fo=2, routed)           0.441    22.416    GEN_BRAM.u_core/alu/u_mul/u_mul/GEN_ARRAY.u_mul/u_csa_row0/GEN_CSA_FA[1].u_fa/stage_sum[27]_27[29]
    SLICE_X15Y11         LUT3 (Prop_lut3_I2_O)        0.056    22.472 r  GEN_BRAM.u_core/alu/u_mul/u_mul/GEN_ARRAY.u_mul/u_csa_row0/GEN_CSA_FA[1].u_fa/result[30]_INST_0_i_1/O
                         net (fo=5, routed)           0.738    23.210    GEN_BRAM.u_core/alu/u_mul/u_mul/GEN_ARRAY.u_mul/u_csa_row0/GEN_CSA_FA[1].u_fa/stage_carry[28]_26[30]
    SLICE_X15Y11         LUT5 (Prop_lut5_I1_O)        0.181    23.391 r  GEN_BRAM.u_core/alu/u_mul/u_mul/GEN_ARRAY.u_mul/u_csa_row0/GEN_CSA_FA[1].u_fa/result[1]_INST_0_i_6/O
                         net (fo=2, routed)           0.407    23.797    GEN_BRAM.u_core/alu/u_mul/u_mul/GEN_ARRAY.u_mul/u_csa_row0/GEN_CSA_FA[1].u_fa/u_final_cpa/GEN_FINAL_FA[32].u_fa/c2
    SLICE_X15Y12         LUT5 (Prop_lut5_I2_O)        0.180    23.977 r  GEN_BRAM.u_core/alu/u_mul/u_mul/GEN_ARRAY.u_mul/u_csa_row0/GEN_CSA_FA[1].u_fa/result[2]_INST_0_i_9/O
                         net (fo=2, routed)           0.448    24.426    GEN_BRAM.u_core/alu/u_mul/u_mul/GEN_ARRAY.u_mul/u_csa_row0/GEN_CSA_FA[1].u_fa/u_final_cpa/GEN_FINAL_FA[33].u_fa/c2
    SLICE_X15Y12         LUT5 (Prop_lut5_I2_O)        0.187    24.613 r  GEN_BRAM.u_core/alu/u_mul/u_mul/GEN_ARRAY.u_mul/u_csa_row0/GEN_CSA_FA[1].u_fa/result[4]_INST_0_i_14/O
                         net (fo=3, routed)           0.263    24.876    GEN_BRAM.u_core/alu/u_mul/u_mul/GEN_ARRAY.u_mul/u_csa_row0/GEN_CSA_FA[1].u_fa/u_final_cpa/c_35
    SLICE_X16Y12         LUT6 (Prop_lut6_I4_O)        0.169    25.045 r  GEN_BRAM.u_core/alu/u_mul/u_mul/GEN_ARRAY.u_mul/u_csa_row0/GEN_CSA_FA[1].u_fa/result[6]_INST_0_i_12/O
                         net (fo=3, routed)           0.326    25.371    GEN_BRAM.u_core/alu/u_mul/u_mul/GEN_ARRAY.u_mul/u_csa_row0/GEN_CSA_FA[1].u_fa/u_final_cpa/c_37
    SLICE_X16Y13         LUT6 (Prop_lut6_I4_O)        0.053    25.424 r  GEN_BRAM.u_core/alu/u_mul/u_mul/GEN_ARRAY.u_mul/u_csa_row0/GEN_CSA_FA[1].u_fa/result[8]_INST_0_i_13/O
                         net (fo=3, routed)           0.322    25.746    GEN_BRAM.u_core/alu/u_mul/u_mul/GEN_ARRAY.u_mul/u_csa_row0/GEN_CSA_FA[1].u_fa/u_final_cpa/c_39
    SLICE_X16Y14         LUT6 (Prop_lut6_I4_O)        0.053    25.799 r  GEN_BRAM.u_core/alu/u_mul/u_mul/GEN_ARRAY.u_mul/u_csa_row0/GEN_CSA_FA[1].u_fa/result[10]_INST_0_i_12/O
                         net (fo=3, routed)           0.153    25.953    GEN_BRAM.u_core/alu/u_mul/u_mul/GEN_ARRAY.u_mul/u_csa_row0/GEN_CSA_FA[1].u_fa/u_final_cpa/c_41
    SLICE_X16Y14         LUT6 (Prop_lut6_I4_O)        0.053    26.006 r  GEN_BRAM.u_core/alu/u_mul/u_mul/GEN_ARRAY.u_mul/u_csa_row0/GEN_CSA_FA[1].u_fa/result[12]_INST_0_i_13/O
                         net (fo=3, routed)           0.249    26.254    GEN_BRAM.u_core/alu/u_mul/u_mul/GEN_ARRAY.u_mul/u_csa_row0/GEN_CSA_FA[1].u_fa/u_final_cpa/c_43
    SLICE_X16Y15         LUT6 (Prop_lut6_I4_O)        0.053    26.307 r  GEN_BRAM.u_core/alu/u_mul/u_mul/GEN_ARRAY.u_mul/u_csa_row0/GEN_CSA_FA[1].u_fa/result[14]_INST_0_i_12/O
                         net (fo=3, routed)           0.298    26.606    GEN_BRAM.u_core/alu/u_mul/u_mul/GEN_ARRAY.u_mul/u_csa_row0/GEN_CSA_FA[1].u_fa/u_final_cpa/c_45
    SLICE_X17Y15         LUT6 (Prop_lut6_I4_O)        0.053    26.659 r  GEN_BRAM.u_core/alu/u_mul/u_mul/GEN_ARRAY.u_mul/u_csa_row0/GEN_CSA_FA[1].u_fa/result[16]_INST_0_i_13/O
                         net (fo=3, routed)           0.309    26.968    GEN_BRAM.u_core/alu/u_mul/u_mul/GEN_ARRAY.u_mul/u_csa_row0/GEN_CSA_FA[1].u_fa/u_final_cpa/c_47
    SLICE_X17Y16         LUT6 (Prop_lut6_I4_O)        0.053    27.021 r  GEN_BRAM.u_core/alu/u_mul/u_mul/GEN_ARRAY.u_mul/u_csa_row0/GEN_CSA_FA[1].u_fa/result[18]_INST_0_i_12/O
                         net (fo=3, routed)           0.138    27.159    GEN_BRAM.u_core/alu/u_mul/u_mul/GEN_ARRAY.u_mul/u_csa_row0/GEN_CSA_FA[1].u_fa/u_final_cpa/c_49
    SLICE_X17Y16         LUT6 (Prop_lut6_I4_O)        0.053    27.212 r  GEN_BRAM.u_core/alu/u_mul/u_mul/GEN_ARRAY.u_mul/u_csa_row0/GEN_CSA_FA[1].u_fa/result[20]_INST_0_i_13/O
                         net (fo=3, routed)           0.244    27.456    GEN_BRAM.u_core/alu/u_mul/u_mul/GEN_ARRAY.u_mul/u_csa_row0/GEN_CSA_FA[1].u_fa/u_final_cpa/c_51
    SLICE_X17Y17         LUT6 (Prop_lut6_I4_O)        0.053    27.509 r  GEN_BRAM.u_core/alu/u_mul/u_mul/GEN_ARRAY.u_mul/u_csa_row0/GEN_CSA_FA[1].u_fa/result[22]_INST_0_i_12/O
                         net (fo=3, routed)           0.138    27.647    GEN_BRAM.u_core/alu/u_mul/u_mul/GEN_ARRAY.u_mul/u_csa_row0/GEN_CSA_FA[1].u_fa/u_final_cpa/c_53
    SLICE_X17Y17         LUT6 (Prop_lut6_I4_O)        0.053    27.700 r  GEN_BRAM.u_core/alu/u_mul/u_mul/GEN_ARRAY.u_mul/u_csa_row0/GEN_CSA_FA[1].u_fa/result[24]_INST_0_i_13/O
                         net (fo=3, routed)           0.366    28.066    GEN_BRAM.u_core/alu/u_mul/u_mul/GEN_ARRAY.u_mul/u_csa_row0/GEN_CSA_FA[1].u_fa/u_final_cpa/c_55
    SLICE_X17Y18         LUT6 (Prop_lut6_I4_O)        0.053    28.119 r  GEN_BRAM.u_core/alu/u_mul/u_mul/GEN_ARRAY.u_mul/u_csa_row0/GEN_CSA_FA[1].u_fa/result[26]_INST_0_i_12/O
                         net (fo=3, routed)           0.374    28.493    GEN_BRAM.u_core/alu/u_mul/u_mul/GEN_ARRAY.u_mul/u_csa_row0/GEN_CSA_FA[1].u_fa/u_final_cpa/c_57
    SLICE_X15Y18         LUT5 (Prop_lut5_I4_O)        0.053    28.546 r  GEN_BRAM.u_core/alu/u_mul/u_mul/GEN_ARRAY.u_mul/u_csa_row0/GEN_CSA_FA[1].u_fa/result[25]_INST_0_i_2/O
                         net (fo=2, routed)           0.000    28.546    GEN_BRAM.u_core/alu/u_mul/u_mul/GEN_ARRAY.u_mul/u_csa_row0/GEN_CSA_FA[1].u_fa/p_0_in[57]
    SLICE_X15Y18         CARRY4 (Prop_carry4_S[0]_O[1])
                                                      0.271    28.817 r  GEN_BRAM.u_core/alu/u_mul/u_mul/GEN_ARRAY.u_mul/u_csa_row0/GEN_CSA_FA[1].u_fa/result[28]_INST_0_i_4/O[1]
                         net (fo=1, routed)           0.280    29.097    GEN_BRAM.u_core/alu/u_mul/u_mul/GEN_ARRAY.u_mul/u_csa_row0/GEN_CSA_FA[1].u_fa/signed_product0[58]
    SLICE_X14Y18         LUT6 (Prop_lut6_I5_O)        0.152    29.249 r  GEN_BRAM.u_core/alu/u_mul/u_mul/GEN_ARRAY.u_mul/u_csa_row0/GEN_CSA_FA[1].u_fa/result[26]_INST_0/O
                         net (fo=1, routed)           0.372    29.621    GEN_BRAM.u_core/reg_file/result[22]
    SLICE_X18Y19         LUT6 (Prop_lut6_I2_O)        0.053    29.674 r  GEN_BRAM.u_core/reg_file/debug_alu_out_OBUF[26]_inst_i_4/O
                         net (fo=1, routed)           0.319    29.993    GEN_BRAM.u_core/reg_file/debug_alu_out_OBUF[26]_inst_i_4_n_0
    SLICE_X18Y19         LUT6 (Prop_lut6_I5_O)        0.053    30.046 r  GEN_BRAM.u_core/reg_file/debug_alu_out_OBUF[26]_inst_i_1/O
                         net (fo=3, routed)           0.468    30.513    GEN_BRAM.u_core/wb_mux/debug_alu_out_OBUF[26]
    SLICE_X18Y19         LUT6 (Prop_lut6_I0_O)        0.053    30.566 r  GEN_BRAM.u_core/wb_mux/registers_reg_r1_0_31_24_29_i_14/O
                         net (fo=1, routed)           0.294    30.860    GEN_BRAM.u_core/divider/wb_exec[26]
    SLICE_X17Y19         LUT6 (Prop_lut6_I5_O)        0.053    30.913 r  GEN_BRAM.u_core/divider/registers_reg_r1_0_31_24_29_i_4/O
                         net (fo=2, routed)           0.247    31.160    GEN_BRAM.u_core/reg_file/registers_reg_r2_0_31_24_29/DIB0
    SLICE_X16Y19         RAMD32                                       r  GEN_BRAM.u_core/reg_file/registers_reg_r2_0_31_24_29/RAMB/I
  -------------------------------------------------------------------    -------------------

                         (clock sys_clk rise edge)   30.000    30.000 r  
    AD23                                              0.000    30.000 r  clk (IN)
                         net (fo=0)                   0.000    30.000    clk
    AD23                 IBUF (Prop_ibuf_I_O)         0.796    30.796 r  clk_IBUF_inst/O
                         net (fo=1, routed)           1.741    32.537    clk_IBUF
    BUFGCTRL_X0Y0        BUFG (Prop_bufg_I_O)         0.113    32.650 r  clk_IBUF_BUFG_inst/O
                         net (fo=350, routed)         1.534    34.184    GEN_BRAM.u_core/reg_file/registers_reg_r2_0_31_24_29/WCLK
    SLICE_X16Y19         RAMD32                                       r  GEN_BRAM.u_core/reg_file/registers_reg_r2_0_31_24_29/RAMB/CLK
                         clock pessimism              0.256    34.441    
                         clock uncertainty           -0.035    34.405    
    SLICE_X16Y19         RAMD32 (Setup_ramd32_CLK_I)
                                                     -0.129    34.276    GEN_BRAM.u_core/reg_file/registers_reg_r2_0_31_24_29/RAMB
  -------------------------------------------------------------------
                         required time                         34.276    
                         arrival time                         -31.160    
  -------------------------------------------------------------------
                         slack                                  3.117    

Slack (MET) :             3.122ns  (required time - arrival time)
  Source:                 GEN_BRAM.u_core/ir_reg[17]/C
                            (rising edge-triggered cell FDCE clocked by sys_clk  {rise@0.000ns fall@15.000ns period=30.000ns})
  Destination:            GEN_BRAM.u_core/reg_file/registers_reg_r1_0_31_24_29/RAMB_D1/I
                            (rising edge-triggered cell RAMD32 clocked by sys_clk  {rise@0.000ns fall@15.000ns period=30.000ns})
  Path Group:             sys_clk
  Path Type:              Setup (Max at Slow Process Corner)
  Requirement:            30.000ns  (sys_clk rise@30.000ns - sys_clk rise@0.000ns)
  Data Path Delay:        26.656ns  (logic 3.999ns (15.003%)  route 22.657ns (84.998%))
  Logic Levels:           55  (CARRY4=1 LUT3=14 LUT4=2 LUT5=17 LUT6=20 RAMD32=1)
  Clock Path Skew:        -0.028ns (DCD - SCD + CPR)
    Destination Clock Delay (DCD):    4.185ns = ( 34.185 - 30.000 ) 
    Source Clock Delay      (SCD):    4.470ns
    Clock Pessimism Removal (CPR):    0.256ns
  Clock Uncertainty:      0.035ns  ((TSJ^2 + TIJ^2)^1/2 + DJ) / 2 + PE
    Total System Jitter     (TSJ):    0.071ns
    Total Input Jitter      (TIJ):    0.000ns
    Discrete Jitter          (DJ):    0.000ns
    Phase Error              (PE):    0.000ns

    Location             Delay type                Incr(ns)  Path(ns)    Netlist Resource(s)
  -------------------------------------------------------------------    -------------------
                         (clock sys_clk rise edge)    0.000     0.000 r  
    AD23                                              0.000     0.000 r  clk (IN)
                         net (fo=0)                   0.000     0.000    clk
    AD23                 IBUF (Prop_ibuf_I_O)         0.873     0.873 r  clk_IBUF_inst/O
                         net (fo=1, routed)           1.830     2.703    clk_IBUF
    BUFGCTRL_X0Y0        BUFG (Prop_bufg_I_O)         0.120     2.823 r  clk_IBUF_BUFG_inst/O
                         net (fo=350, routed)         1.647     4.470    GEN_BRAM.u_core/clk_IBUF_BUFG
    SLICE_X13Y17         FDCE                                         r  GEN_BRAM.u_core/ir_reg[17]/C
  -------------------------------------------------------------------    -------------------
    SLICE_X13Y17         FDCE (Prop_fdce_C_Q)         0.269     4.739 r  GEN_BRAM.u_core/ir_reg[17]/Q
                         net (fo=97, routed)          0.894     5.633    GEN_BRAM.u_core/reg_file/registers_reg_r1_0_31_30_31__0/DPRA2
    SLICE_X14Y20         RAMD32 (Prop_ramd32_RADR2_O)
                                                      0.063     5.696 r  GEN_BRAM.u_core/reg_file/registers_reg_r1_0_31_30_31__0/DP/O
                         net (fo=11, routed)          0.758     6.454    GEN_BRAM.u_core/alu_mux_a/dataR10[31]
    SLICE_X11Y23         LUT4 (Prop_lut4_I1_O)        0.164     6.618 f  GEN_BRAM.u_core/alu_mux_a/u_adder_i_1/O
                         net (fo=96, routed)          0.579     7.196    GEN_BRAM.u_core/alu/u_mul/u_mul/GEN_ARRAY.u_mul/u_csa_row0/GEN_CSA_FA[1].u_fa/result[31]_INST_0_i_35_n_0
    SLICE_X10Y16         LUT4 (Prop_lut4_I0_O)        0.053     7.249 r  GEN_BRAM.u_core/alu/u_mul/u_mul/GEN_ARRAY.u_mul/u_csa_row0/GEN_CSA_FA[1].u_fa/result[2]_INST_0_i_3/O
                         net (fo=149, routed)         1.003     8.253    GEN_BRAM.u_core/alu/u_mul/u_mul/GEN_ARRAY.u_mul/u_csa_row0/GEN_CSA_FA[1].u_fa/result[2]_INST_0_i_3_n_0
    SLICE_X12Y14         LUT6 (Prop_lut6_I1_O)        0.053     8.306 r  GEN_BRAM.u_core/alu/u_mul/u_mul/GEN_ARRAY.u_mul/u_csa_row0/GEN_CSA_FA[1].u_fa/result[6]_INST_0_i_52/O
                         net (fo=2, routed)           0.330     8.636    GEN_BRAM.u_core/alu/u_mul/u_mul/GEN_ARRAY.u_mul/u_csa_row0/GEN_CSA_FA[1].u_fa/pp[2]_91[6]
    SLICE_X12Y14         LUT6 (Prop_lut6_I5_O)        0.053     8.689 r  GEN_BRAM.u_core/alu/u_mul/u_mul/GEN_ARRAY.u_mul/u_csa_row0/GEN_CSA_FA[1].u_fa/result[6]_INST_0_i_35/O
                         net (fo=3, routed)           0.479     9.168    GEN_BRAM.u_core/alu/u_mul/u_mul/GEN_ARRAY.u_mul/u_csa_row0/GEN_CSA_FA[1].u_fa/stage_sum[0]_28[6]
    SLICE_X12Y14         LUT3 (Prop_lut3_I1_O)        0.053     9.221 r  GEN_BRAM.u_core/alu/u_mul/u_mul/GEN_ARRAY.u_mul/u_csa_row0/GEN_CSA_FA[1].u_fa/result[8]_INST_0_i_67/O
                         net (fo=2, routed)           0.492     9.713    GEN_BRAM.u_core/alu/u_mul/u_mul/GEN_ARRAY.u_mul/u_csa_row0/GEN_CSA_FA[1].u_fa/stage_carry[1]_43[7]
    SLICE_X11Y14         LUT5 (Prop_lut5_I3_O)        0.053     9.766 r  GEN_BRAM.u_core/alu/u_mul/u_mul/GEN_ARRAY.u_mul/u_csa_row0/GEN_CSA_FA[1].u_fa/result[8]_INST_0_i_44/O
                         net (fo=3, routed)           0.306    10.072    GEN_BRAM.u_core/alu/u_mul/u_mul/GEN_ARRAY.u_mul/u_csa_row0/GEN_CSA_FA[1].u_fa/stage_carry[2]_0[8]
    SLICE_X10Y14         LUT3 (Prop_lut3_I0_O)        0.053    10.125 r  GEN_BRAM.u_core/alu/u_mul/u_mul/GEN_ARRAY.u_mul/u_csa_row0/GEN_CSA_FA[1].u_fa/result[10]_INST_0_i_52/O
                         net (fo=2, routed)           0.436    10.561    GEN_BRAM.u_core/alu/u_mul/u_mul/GEN_ARRAY.u_mul/u_csa_row0/GEN_CSA_FA[1].u_fa/stage_carry[3]_44[9]
    SLICE_X9Y14          LUT5 (Prop_lut5_I3_O)        0.053    10.614 r  GEN_BRAM.u_core/alu/u_mul/u_mul/GEN_ARRAY.u_mul/u_csa_row0/GEN_CSA_FA[1].u_fa/result[10]_INST_0_i_34/O
                         net (fo=3, routed)           0.435    11.048    GEN_BRAM.u_core/alu/u_mul/u_mul/GEN_ARRAY.u_mul/u_csa_row0/GEN_CSA_FA[1].u_fa/stage_carry[4]_2[10]
    SLICE_X7Y14          LUT3 (Prop_lut3_I0_O)        0.053    11.101 r  GEN_BRAM.u_core/alu/u_mul/u_mul/GEN_ARRAY.u_mul/u_csa_row0/GEN_CSA_FA[1].u_fa/result[12]_INST_0_i_69/O
                         net (fo=2, routed)           0.204    11.305    GEN_BRAM.u_core/alu/u_mul/u_mul/GEN_ARRAY.u_mul/u_csa_row0/GEN_CSA_FA[1].u_fa/stage_carry[5]_45[11]
    SLICE_X7Y14          LUT5 (Prop_lut5_I3_O)        0.053    11.358 r  GEN_BRAM.u_core/alu/u_mul/u_mul/GEN_ARRAY.u_mul/u_csa_row0/GEN_CSA_FA[1].u_fa/result[12]_INST_0_i_45/O
                         net (fo=3, routed)           0.687    12.045    GEN_BRAM.u_core/alu/u_mul/u_mul/GEN_ARRAY.u_mul/u_csa_row0/GEN_CSA_FA[1].u_fa/stage_carry[6]_4[12]
    SLICE_X8Y12          LUT3 (Prop_lut3_I0_O)        0.053    12.098 r  GEN_BRAM.u_core/alu/u_mul/u_mul/GEN_ARRAY.u_mul/u_csa_row0/GEN_CSA_FA[1].u_fa/result[14]_INST_0_i_52/O
                         net (fo=2, routed)           0.617    12.714    GEN_BRAM.u_core/alu/u_mul/u_mul/GEN_ARRAY.u_mul/u_csa_row0/GEN_CSA_FA[1].u_fa/stage_carry[7]_46[13]
    SLICE_X7Y11          LUT5 (Prop_lut5_I3_O)        0.053    12.767 r  GEN_BRAM.u_core/alu/u_mul/u_mul/GEN_ARRAY.u_mul/u_csa_row0/GEN_CSA_FA[1].u_fa/result[14]_INST_0_i_34/O
                         net (fo=3, routed)           0.325    13.093    GEN_BRAM.u_core/alu/u_mul/u_mul/GEN_ARRAY.u_mul/u_csa_row0/GEN_CSA_FA[1].u_fa/stage_carry[8]_6[14]
    SLICE_X7Y11          LUT3 (Prop_lut3_I0_O)        0.053    13.146 r  GEN_BRAM.u_core/alu/u_mul/u_mul/GEN_ARRAY.u_mul/u_csa_row0/GEN_CSA_FA[1].u_fa/result[16]_INST_0_i_67/O
                         net (fo=2, routed)           0.368    13.514    GEN_BRAM.u_core/alu/u_mul/u_mul/GEN_ARRAY.u_mul/u_csa_row0/GEN_CSA_FA[1].u_fa/stage_carry[9]_47[15]
    SLICE_X6Y11          LUT5 (Prop_lut5_I3_O)        0.053    13.567 r  GEN_BRAM.u_core/alu/u_mul/u_mul/GEN_ARRAY.u_mul/u_csa_row0/GEN_CSA_FA[1].u_fa/result[16]_INST_0_i_44/O
                         net (fo=3, routed)           0.347    13.914    GEN_BRAM.u_core/alu/u_mul/u_mul/GEN_ARRAY.u_mul/u_csa_row0/GEN_CSA_FA[1].u_fa/stage_carry[10]_8[16]
    SLICE_X3Y11          LUT3 (Prop_lut3_I0_O)        0.053    13.967 r  GEN_BRAM.u_core/alu/u_mul/u_mul/GEN_ARRAY.u_mul/u_csa_row0/GEN_CSA_FA[1].u_fa/result[18]_INST_0_i_52/O
                         net (fo=2, routed)           0.423    14.390    GEN_BRAM.u_core/alu/u_mul/u_mul/GEN_ARRAY.u_mul/u_csa_row0/GEN_CSA_FA[1].u_fa/stage_carry[11]_48[17]
    SLICE_X3Y13          LUT5 (Prop_lut5_I3_O)        0.053    14.443 r  GEN_BRAM.u_core/alu/u_mul/u_mul/GEN_ARRAY.u_mul/u_csa_row0/GEN_CSA_FA[1].u_fa/result[18]_INST_0_i_34/O
                         net (fo=3, routed)           0.533    14.976    GEN_BRAM.u_core/alu/u_mul/u_mul/GEN_ARRAY.u_mul/u_csa_row0/GEN_CSA_FA[1].u_fa/stage_carry[12]_10[18]
    SLICE_X7Y10          LUT3 (Prop_lut3_I0_O)        0.053    15.029 r  GEN_BRAM.u_core/alu/u_mul/u_mul/GEN_ARRAY.u_mul/u_csa_row0/GEN_CSA_FA[1].u_fa/result[20]_INST_0_i_67/O
                         net (fo=2, routed)           0.502    15.530    GEN_BRAM.u_core/alu/u_mul/u_mul/GEN_ARRAY.u_mul/u_csa_row0/GEN_CSA_FA[1].u_fa/stage_carry[13]_49[19]
    SLICE_X9Y10          LUT5 (Prop_lut5_I3_O)        0.053    15.583 r  GEN_BRAM.u_core/alu/u_mul/u_mul/GEN_ARRAY.u_mul/u_csa_row0/GEN_CSA_FA[1].u_fa/result[20]_INST_0_i_44/O
                         net (fo=3, routed)           0.384    15.967    GEN_BRAM.u_core/alu/u_mul/u_mul/GEN_ARRAY.u_mul/u_csa_row0/GEN_CSA_FA[1].u_fa/stage_carry[14]_12[20]
    SLICE_X8Y10          LUT3 (Prop_lut3_I0_O)        0.053    16.020 r  GEN_BRAM.u_core/alu/u_mul/u_mul/GEN_ARRAY.u_mul/u_csa_row0/GEN_CSA_FA[1].u_fa/result[22]_INST_0_i_52/O
                         net (fo=2, routed)           0.376    16.396    GEN_BRAM.u_core/alu/u_mul/u_mul/GEN_ARRAY.u_mul/u_csa_row0/GEN_CSA_FA[1].u_fa/stage_carry[15]_50[21]
    SLICE_X7Y10          LUT5 (Prop_lut5_I3_O)        0.053    16.449 r  GEN_BRAM.u_core/alu/u_mul/u_mul/GEN_ARRAY.u_mul/u_csa_row0/GEN_CSA_FA[1].u_fa/result[22]_INST_0_i_34/O
                         net (fo=3, routed)           0.481    16.929    GEN_BRAM.u_core/alu/u_mul/u_mul/GEN_ARRAY.u_mul/u_csa_row0/GEN_CSA_FA[1].u_fa/stage_carry[16]_14[22]
    SLICE_X6Y9           LUT3 (Prop_lut3_I0_O)        0.053    16.982 r  GEN_BRAM.u_core/alu/u_mul/u_mul/GEN_ARRAY.u_mul/u_csa_row0/GEN_CSA_FA[1].u_fa/result[24]_INST_0_i_67/O
                         net (fo=2, routed)           0.340    17.323    GEN_BRAM.u_core/alu/u_mul/u_mul/GEN_ARRAY.u_mul/u_csa_row0/GEN_CSA_FA[1].u_fa/stage_carry[17]_51[23]
    SLICE_X3Y9           LUT5 (Prop_lut5_I3_O)        0.053    17.376 r  GEN_BRAM.u_core/alu/u_mul/u_mul/GEN_ARRAY.u_mul/u_csa_row0/GEN_CSA_FA[1].u_fa/result[24]_INST_0_i_40/O
                         net (fo=3, routed)           0.433    17.809    GEN_BRAM.u_core/alu/u_mul/u_mul/GEN_ARRAY.u_mul/u_csa_row0/GEN_CSA_FA[1].u_fa/stage_sum[18]_34[23]
    SLICE_X5Y8           LUT3 (Prop_lut3_I1_O)        0.053    17.862 r  GEN_BRAM.u_core/alu/u_mul/u_mul/GEN_ARRAY.u_mul/u_csa_row0/GEN_CSA_FA[1].u_fa/result[24]_INST_0_i_47/O
                         net (fo=2, routed)           0.308    18.169    GEN_BRAM.u_core/alu/u_mul/u_mul/GEN_ARRAY.u_mul/u_csa_row0/GEN_CSA_FA[1].u_fa/stage_carry[19]_52[24]
    SLICE_X5Y8           LUT5 (Prop_lut5_I3_O)        0.053    18.222 r  GEN_BRAM.u_core/alu/u_mul/u_mul/GEN_ARRAY.u_mul/u_csa_row0/GEN_CSA_FA[1].u_fa/result[24]_INST_0_i_26/O
                         net (fo=2, routed)           0.582    18.805    GEN_BRAM.u_core/alu/u_mul/u_mul/GEN_ARRAY.u_mul/u_csa_row0/GEN_CSA_FA[1].u_fa/stage_sum[20]_33[24]
    SLICE_X8Y9           LUT3 (Prop_lut3_I1_O)        0.053    18.858 r  GEN_BRAM.u_core/alu/u_mul/u_mul/GEN_ARRAY.u_mul/u_csa_row0/GEN_CSA_FA[1].u_fa/result[26]_INST_0_i_32/O
                         net (fo=2, routed)           0.466    19.324    GEN_BRAM.u_core/alu/u_mul/u_mul/GEN_ARRAY.u_mul/u_csa_row0/GEN_CSA_FA[1].u_fa/stage_carry[21]_53[25]
    SLICE_X8Y9           LUT5 (Prop_lut5_I3_O)        0.053    19.377 r  GEN_BRAM.u_core/alu/u_mul/u_mul/GEN_ARRAY.u_mul/u_csa_row0/GEN_CSA_FA[1].u_fa/result[26]_INST_0_i_16/O
                         net (fo=2, routed)           0.479    19.855    GEN_BRAM.u_core/alu/u_mul/u_mul/GEN_ARRAY.u_mul/u_csa_row0/GEN_CSA_FA[1].u_fa/stage_carry[22]_20[26]
    SLICE_X8Y8           LUT3 (Prop_lut3_I0_O)        0.053    19.908 r  GEN_BRAM.u_core/alu/u_mul/u_mul/GEN_ARRAY.u_mul/u_csa_row0/GEN_CSA_FA[1].u_fa/result[28]_INST_0_i_42/O
                         net (fo=2, routed)           0.426    20.334    GEN_BRAM.u_core/alu/u_mul/u_mul/GEN_ARRAY.u_mul/u_csa_row0/GEN_CSA_FA[1].u_fa/stage_carry[23]_54[27]
    SLICE_X8Y7           LUT5 (Prop_lut5_I3_O)        0.053    20.387 r  GEN_BRAM.u_core/alu/u_mul/u_mul/GEN_ARRAY.u_mul/u_csa_row0/GEN_CSA_FA[1].u_fa/result[28]_INST_0_i_25/O
                         net (fo=2, routed)           0.407    20.794    GEN_BRAM.u_core/alu/u_mul/u_mul/GEN_ARRAY.u_mul/u_csa_row0/GEN_CSA_FA[1].u_fa/stage_carry[24]_22[28]
    SLICE_X11Y7          LUT3 (Prop_lut3_I0_O)        0.053    20.847 r  GEN_BRAM.u_core/alu/u_mul/u_mul/GEN_ARRAY.u_mul/u_csa_row0/GEN_CSA_FA[1].u_fa/result[28]_INST_0_i_8/O
                         net (fo=2, routed)           0.598    21.445    GEN_BRAM.u_core/alu/u_mul/u_mul/GEN_ARRAY.u_mul/u_csa_row0/GEN_CSA_FA[1].u_fa/stage_sum[25]_25[28]
    SLICE_X16Y10         LUT6 (Prop_lut6_I5_O)        0.053    21.498 r  GEN_BRAM.u_core/alu/u_mul/u_mul/GEN_ARRAY.u_mul/u_csa_row0/GEN_CSA_FA[1].u_fa/result[30]_INST_0_i_9/O
                         net (fo=2, routed)           0.424    21.922    GEN_BRAM.u_core/alu/u_mul/u_mul/GEN_ARRAY.u_mul/u_csa_row0/GEN_CSA_FA[1].u_fa/stage_carry[26]_24[29]
    SLICE_X16Y11         LUT6 (Prop_lut6_I4_O)        0.053    21.975 r  GEN_BRAM.u_core/alu/u_mul/u_mul/GEN_ARRAY.u_mul/u_csa_row0/GEN_CSA_FA[1].u_fa/result[30]_INST_0_i_4/O
                         net (fo=2, routed)           0.441    22.416    GEN_BRAM.u_core/alu/u_mul/u_mul/GEN_ARRAY.u_mul/u_csa_row0/GEN_CSA_FA[1].u_fa/stage_sum[27]_27[29]
    SLICE_X15Y11         LUT3 (Prop_lut3_I2_O)        0.056    22.472 r  GEN_BRAM.u_core/alu/u_mul/u_mul/GEN_ARRAY.u_mul/u_csa_row0/GEN_CSA_FA[1].u_fa/result[30]_INST_0_i_1/O
                         net (fo=5, routed)           0.738    23.210    GEN_BRAM.u_core/alu/u_mul/u_mul/GEN_ARRAY.u_mul/u_csa_row0/GEN_CSA_FA[1].u_fa/stage_carry[28]_26[30]
    SLICE_X15Y11         LUT5 (Prop_lut5_I1_O)        0.181    23.391 r  GEN_BRAM.u_core/alu/u_mul/u_mul/GEN_ARRAY.u_mul/u_csa_row0/GEN_CSA_FA[1].u_fa/result[1]_INST_0_i_6/O
                         net (fo=2, routed)           0.407    23.797    GEN_BRAM.u_core/alu/u_mul/u_mul/GEN_ARRAY.u_mul/u_csa_row0/GEN_CSA_FA[1].u_fa/u_final_cpa/GEN_FINAL_FA[32].u_fa/c2
    SLICE_X15Y12         LUT5 (Prop_lut5_I2_O)        0.180    23.977 r  GEN_BRAM.u_core/alu/u_mul/u_mul/GEN_ARRAY.u_mul/u_csa_row0/GEN_CSA_FA[1].u_fa/result[2]_INST_0_i_9/O
                         net (fo=2, routed)           0.448    24.426    GEN_BRAM.u_core/alu/u_mul/u_mul/GEN_ARRAY.u_mul/u_csa_row0/GEN_CSA_FA[1].u_fa/u_final_cpa/GEN_FINAL_FA[33].u_fa/c2
    SLICE_X15Y12         LUT5 (Prop_lut5_I2_O)        0.187    24.613 r  GEN_BRAM.u_core/alu/u_mul/u_mul/GEN_ARRAY.u_mul/u_csa_row0/GEN_CSA_FA[1].u_fa/result[4]_INST_0_i_14/O
                         net (fo=3, routed)           0.263    24.876    GEN_BRAM.u_core/alu/u_mul/u_mul/GEN_ARRAY.u_mul/u_csa_row0/GEN_CSA_FA[1].u_fa/u_final_cpa/c_35
    SLICE_X16Y12         LUT6 (Prop_lut6_I4_O)        0.169    25.045 r  GEN_BRAM.u_core/alu/u_mul/u_mul/GEN_ARRAY.u_mul/u_csa_row0/GEN_CSA_FA[1].u_fa/result[6]_INST_0_i_12/O
                         net (fo=3, routed)           0.326    25.371    GEN_BRAM.u_core/alu/u_mul/u_mul/GEN_ARRAY.u_mul/u_csa_row0/GEN_CSA_FA[1].u_fa/u_final_cpa/c_37
    SLICE_X16Y13         LUT6 (Prop_lut6_I4_O)        0.053    25.424 r  GEN_BRAM.u_core/alu/u_mul/u_mul/GEN_ARRAY.u_mul/u_csa_row0/GEN_CSA_FA[1].u_fa/result[8]_INST_0_i_13/O
                         net (fo=3, routed)           0.322    25.746    GEN_BRAM.u_core/alu/u_mul/u_mul/GEN_ARRAY.u_mul/u_csa_row0/GEN_CSA_FA[1].u_fa/u_final_cpa/c_39
    SLICE_X16Y14         LUT6 (Prop_lut6_I4_O)        0.053    25.799 r  GEN_BRAM.u_core/alu/u_mul/u_mul/GEN_ARRAY.u_mul/u_csa_row0/GEN_CSA_FA[1].u_fa/result[10]_INST_0_i_12/O
                         net (fo=3, routed)           0.153    25.953    GEN_BRAM.u_core/alu/u_mul/u_mul/GEN_ARRAY.u_mul/u_csa_row0/GEN_CSA_FA[1].u_fa/u_final_cpa/c_41
    SLICE_X16Y14         LUT6 (Prop_lut6_I4_O)        0.053    26.006 r  GEN_BRAM.u_core/alu/u_mul/u_mul/GEN_ARRAY.u_mul/u_csa_row0/GEN_CSA_FA[1].u_fa/result[12]_INST_0_i_13/O
                         net (fo=3, routed)           0.249    26.254    GEN_BRAM.u_core/alu/u_mul/u_mul/GEN_ARRAY.u_mul/u_csa_row0/GEN_CSA_FA[1].u_fa/u_final_cpa/c_43
    SLICE_X16Y15         LUT6 (Prop_lut6_I4_O)        0.053    26.307 r  GEN_BRAM.u_core/alu/u_mul/u_mul/GEN_ARRAY.u_mul/u_csa_row0/GEN_CSA_FA[1].u_fa/result[14]_INST_0_i_12/O
                         net (fo=3, routed)           0.298    26.606    GEN_BRAM.u_core/alu/u_mul/u_mul/GEN_ARRAY.u_mul/u_csa_row0/GEN_CSA_FA[1].u_fa/u_final_cpa/c_45
    SLICE_X17Y15         LUT6 (Prop_lut6_I4_O)        0.053    26.659 r  GEN_BRAM.u_core/alu/u_mul/u_mul/GEN_ARRAY.u_mul/u_csa_row0/GEN_CSA_FA[1].u_fa/result[16]_INST_0_i_13/O
                         net (fo=3, routed)           0.309    26.968    GEN_BRAM.u_core/alu/u_mul/u_mul/GEN_ARRAY.u_mul/u_csa_row0/GEN_CSA_FA[1].u_fa/u_final_cpa/c_47
    SLICE_X17Y16         LUT6 (Prop_lut6_I4_O)        0.053    27.021 r  GEN_BRAM.u_core/alu/u_mul/u_mul/GEN_ARRAY.u_mul/u_csa_row0/GEN_CSA_FA[1].u_fa/result[18]_INST_0_i_12/O
                         net (fo=3, routed)           0.138    27.159    GEN_BRAM.u_core/alu/u_mul/u_mul/GEN_ARRAY.u_mul/u_csa_row0/GEN_CSA_FA[1].u_fa/u_final_cpa/c_49
    SLICE_X17Y16         LUT6 (Prop_lut6_I4_O)        0.053    27.212 r  GEN_BRAM.u_core/alu/u_mul/u_mul/GEN_ARRAY.u_mul/u_csa_row0/GEN_CSA_FA[1].u_fa/result[20]_INST_0_i_13/O
                         net (fo=3, routed)           0.244    27.456    GEN_BRAM.u_core/alu/u_mul/u_mul/GEN_ARRAY.u_mul/u_csa_row0/GEN_CSA_FA[1].u_fa/u_final_cpa/c_51
    SLICE_X17Y17         LUT6 (Prop_lut6_I4_O)        0.053    27.509 r  GEN_BRAM.u_core/alu/u_mul/u_mul/GEN_ARRAY.u_mul/u_csa_row0/GEN_CSA_FA[1].u_fa/result[22]_INST_0_i_12/O
                         net (fo=3, routed)           0.138    27.647    GEN_BRAM.u_core/alu/u_mul/u_mul/GEN_ARRAY.u_mul/u_csa_row0/GEN_CSA_FA[1].u_fa/u_final_cpa/c_53
    SLICE_X17Y17         LUT6 (Prop_lut6_I4_O)        0.053    27.700 r  GEN_BRAM.u_core/alu/u_mul/u_mul/GEN_ARRAY.u_mul/u_csa_row0/GEN_CSA_FA[1].u_fa/result[24]_INST_0_i_13/O
                         net (fo=3, routed)           0.366    28.066    GEN_BRAM.u_core/alu/u_mul/u_mul/GEN_ARRAY.u_mul/u_csa_row0/GEN_CSA_FA[1].u_fa/u_final_cpa/c_55
    SLICE_X17Y18         LUT6 (Prop_lut6_I4_O)        0.053    28.119 r  GEN_BRAM.u_core/alu/u_mul/u_mul/GEN_ARRAY.u_mul/u_csa_row0/GEN_CSA_FA[1].u_fa/result[26]_INST_0_i_12/O
                         net (fo=3, routed)           0.317    28.436    GEN_BRAM.u_core/alu/u_mul/u_mul/GEN_ARRAY.u_mul/u_csa_row0/GEN_CSA_FA[1].u_fa/u_final_cpa/c_57
    SLICE_X17Y18         LUT6 (Prop_lut6_I4_O)        0.053    28.489 r  GEN_BRAM.u_core/alu/u_mul/u_mul/GEN_ARRAY.u_mul/u_csa_row0/GEN_CSA_FA[1].u_fa/result[28]_INST_0_i_13/O
                         net (fo=3, routed)           0.360    28.849    GEN_BRAM.u_core/alu/u_mul/u_mul/GEN_ARRAY.u_mul/u_csa_row0/GEN_CSA_FA[1].u_fa/u_final_cpa/c_59
    SLICE_X15Y18         LUT5 (Prop_lut5_I4_O)        0.053    28.902 r  GEN_BRAM.u_core/alu/u_mul/u_mul/GEN_ARRAY.u_mul/u_csa_row0/GEN_CSA_FA[1].u_fa/result[27]_INST_0_i_2/O
                         net (fo=2, routed)           0.000    28.902    GEN_BRAM.u_core/alu/u_mul/u_mul/GEN_ARRAY.u_mul/u_csa_row0/GEN_CSA_FA[1].u_fa/p_0_in[59]
    SLICE_X15Y18         CARRY4 (Prop_carry4_S[2]_O[2])
                                                      0.140    29.042 r  GEN_BRAM.u_core/alu/u_mul/u_mul/GEN_ARRAY.u_mul/u_csa_row0/GEN_CSA_FA[1].u_fa/result[28]_INST_0_i_4/O[2]
                         net (fo=1, routed)           0.551    29.593    GEN_BRAM.u_core/alu/u_mul/u_mul/GEN_ARRAY.u_mul/u_csa_row0/GEN_CSA_FA[1].u_fa/signed_product0[59]
    SLICE_X15Y21         LUT5 (Prop_lut5_I4_O)        0.152    29.745 r  GEN_BRAM.u_core/alu/u_mul/u_mul/GEN_ARRAY.u_mul/u_csa_row0/GEN_CSA_FA[1].u_fa/result[27]_INST_0/O
                         net (fo=1, routed)           0.194    29.939    GEN_BRAM.u_core/reg_file/result[23]
    SLICE_X15Y21         LUT6 (Prop_lut6_I2_O)        0.053    29.992 r  GEN_BRAM.u_core/reg_file/debug_alu_out_OBUF[27]_inst_i_4/O
                         net (fo=1, routed)           0.128    30.120    GEN_BRAM.u_core/reg_file/debug_alu_out_OBUF[27]_inst_i_4_n_0
    SLICE_X15Y21         LUT6 (Prop_lut6_I5_O)        0.053    30.173 r  GEN_BRAM.u_core/reg_file/debug_alu_out_OBUF[27]_inst_i_1/O
                         net (fo=3, routed)           0.283    30.457    GEN_BRAM.u_core/wb_mux/debug_alu_out_OBUF[27]
    SLICE_X17Y20         LUT6 (Prop_lut6_I0_O)        0.053    30.510 r  GEN_BRAM.u_core/wb_mux/registers_reg_r1_0_31_24_29_i_12/O
                         net (fo=1, routed)           0.298    30.808    GEN_BRAM.u_core/divider/wb_exec[27]
    SLICE_X17Y20         LUT6 (Prop_lut6_I5_O)        0.053    30.861 r  GEN_BRAM.u_core/divider/registers_reg_r1_0_31_24_29_i_3/O
                         net (fo=2, routed)           0.265    31.125    GEN_BRAM.u_core/reg_file/registers_reg_r1_0_31_24_29/DIB1
    SLICE_X16Y18         RAMD32                                       r  GEN_BRAM.u_core/reg_file/registers_reg_r1_0_31_24_29/RAMB_D1/I
  -------------------------------------------------------------------    -------------------

                         (clock sys_clk rise edge)   30.000    30.000 r  
    AD23                                              0.000    30.000 r  clk (IN)
                         net (fo=0)                   0.000    30.000    clk
    AD23                 IBUF (Prop_ibuf_I_O)         0.796    30.796 r  clk_IBUF_inst/O
                         net (fo=1, routed)           1.741    32.537    clk_IBUF
    BUFGCTRL_X0Y0        BUFG (Prop_bufg_I_O)         0.113    32.650 r  clk_IBUF_BUFG_inst/O
                         net (fo=350, routed)         1.535    34.185    GEN_BRAM.u_core/reg_file/registers_reg_r1_0_31_24_29/WCLK
    SLICE_X16Y18         RAMD32                                       r  GEN_BRAM.u_core/reg_file/registers_reg_r1_0_31_24_29/RAMB_D1/CLK
                         clock pessimism              0.256    34.442    
                         clock uncertainty           -0.035    34.406    
    SLICE_X16Y18         RAMD32 (Setup_ramd32_CLK_I)
                                                     -0.159    34.247    GEN_BRAM.u_core/reg_file/registers_reg_r1_0_31_24_29/RAMB_D1
  -------------------------------------------------------------------
                         required time                         34.247    
                         arrival time                         -31.125    
  -------------------------------------------------------------------
                         slack                                  3.122    

Slack (MET) :             3.133ns  (required time - arrival time)
  Source:                 GEN_BRAM.u_core/ir_reg[17]/C
                            (rising edge-triggered cell FDCE clocked by sys_clk  {rise@0.000ns fall@15.000ns period=30.000ns})
  Destination:            GEN_BRAM.u_core/reg_file/registers_reg_r2_0_31_24_29/RAMB_D1/I
                            (rising edge-triggered cell RAMD32 clocked by sys_clk  {rise@0.000ns fall@15.000ns period=30.000ns})
  Path Group:             sys_clk
  Path Type:              Setup (Max at Slow Process Corner)
  Requirement:            30.000ns  (sys_clk rise@30.000ns - sys_clk rise@0.000ns)
  Data Path Delay:        26.644ns  (logic 3.999ns (15.009%)  route 22.645ns (84.991%))
  Logic Levels:           55  (CARRY4=1 LUT3=14 LUT4=2 LUT5=17 LUT6=20 RAMD32=1)
  Clock Path Skew:        -0.029ns (DCD - SCD + CPR)
    Destination Clock Delay (DCD):    4.184ns = ( 34.184 - 30.000 ) 
    Source Clock Delay      (SCD):    4.470ns
    Clock Pessimism Removal (CPR):    0.256ns
  Clock Uncertainty:      0.035ns  ((TSJ^2 + TIJ^2)^1/2 + DJ) / 2 + PE
    Total System Jitter     (TSJ):    0.071ns
    Total Input Jitter      (TIJ):    0.000ns
    Discrete Jitter          (DJ):    0.000ns
    Phase Error              (PE):    0.000ns

    Location             Delay type                Incr(ns)  Path(ns)    Netlist Resource(s)
  -------------------------------------------------------------------    -------------------
                         (clock sys_clk rise edge)    0.000     0.000 r  
    AD23                                              0.000     0.000 r  clk (IN)
                         net (fo=0)                   0.000     0.000    clk
    AD23                 IBUF (Prop_ibuf_I_O)         0.873     0.873 r  clk_IBUF_inst/O
                         net (fo=1, routed)           1.830     2.703    clk_IBUF
    BUFGCTRL_X0Y0        BUFG (Prop_bufg_I_O)         0.120     2.823 r  clk_IBUF_BUFG_inst/O
                         net (fo=350, routed)         1.647     4.470    GEN_BRAM.u_core/clk_IBUF_BUFG
    SLICE_X13Y17         FDCE                                         r  GEN_BRAM.u_core/ir_reg[17]/C
  -------------------------------------------------------------------    -------------------
    SLICE_X13Y17         FDCE (Prop_fdce_C_Q)         0.269     4.739 r  GEN_BRAM.u_core/ir_reg[17]/Q
                         net (fo=97, routed)          0.894     5.633    GEN_BRAM.u_core/reg_file/registers_reg_r1_0_31_30_31__0/DPRA2
    SLICE_X14Y20         RAMD32 (Prop_ramd32_RADR2_O)
                                                      0.063     5.696 r  GEN_BRAM.u_core/reg_file/registers_reg_r1_0_31_30_31__0/DP/O
                         net (fo=11, routed)          0.758     6.454    GEN_BRAM.u_core/alu_mux_a/dataR10[31]
    SLICE_X11Y23         LUT4 (Prop_lut4_I1_O)        0.164     6.618 f  GEN_BRAM.u_core/alu_mux_a/u_adder_i_1/O
                         net (fo=96, routed)          0.579     7.196    GEN_BRAM.u_core/alu/u_mul/u_mul/GEN_ARRAY.u_mul/u_csa_row0/GEN_CSA_FA[1].u_fa/result[31]_INST_0_i_35_n_0
    SLICE_X10Y16         LUT4 (Prop_lut4_I0_O)        0.053     7.249 r  GEN_BRAM.u_core/alu/u_mul/u_mul/GEN_ARRAY.u_mul/u_csa_row0/GEN_CSA_FA[1].u_fa/result[2]_INST_0_i_3/O
                         net (fo=149, routed)         1.003     8.253    GEN_BRAM.u_core/alu/u_mul/u_mul/GEN_ARRAY.u_mul/u_csa_row0/GEN_CSA_FA[1].u_fa/result[2]_INST_0_i_3_n_0
    SLICE_X12Y14         LUT6 (Prop_lut6_I1_O)        0.053     8.306 r  GEN_BRAM.u_core/alu/u_mul/u_mul/GEN_ARRAY.u_mul/u_csa_row0/GEN_CSA_FA[1].u_fa/result[6]_INST_0_i_52/O
                         net (fo=2, routed)           0.330     8.636    GEN_BRAM.u_core/alu/u_mul/u_mul/GEN_ARRAY.u_mul/u_csa_row0/GEN_CSA_FA[1].u_fa/pp[2]_91[6]
    SLICE_X12Y14         LUT6 (Prop_lut6_I5_O)        0.053     8.689 r  GEN_BRAM.u_core/alu/u_mul/u_mul/GEN_ARRAY.u_mul/u_csa_row0/GEN_CSA_FA[1].u_fa/result[6]_INST_0_i_35/O
                         net (fo=3, routed)           0.479     9.168    GEN_BRAM.u_core/alu/u_mul/u_mul/GEN_ARRAY.u_mul/u_csa_row0/GEN_CSA_FA[1].u_fa/stage_sum[0]_28[6]
    SLICE_X12Y14         LUT3 (Prop_lut3_I1_O)        0.053     9.221 r  GEN_BRAM.u_core/alu/u_mul/u_mul/GEN_ARRAY.u_mul/u_csa_row0/GEN_CSA_FA[1].u_fa/result[8]_INST_0_i_67/O
                         net (fo=2, routed)           0.492     9.713    GEN_BRAM.u_core/alu/u_mul/u_mul/GEN_ARRAY.u_mul/u_csa_row0/GEN_CSA_FA[1].u_fa/stage_carry[1]_43[7]
    SLICE_X11Y14         LUT5 (Prop_lut5_I3_O)        0.053     9.766 r  GEN_BRAM.u_core/alu/u_mul/u_mul/GEN_ARRAY.u_mul/u_csa_row0/GEN_CSA_FA[1].u_fa/result[8]_INST_0_i_44/O
                         net (fo=3, routed)           0.306    10.072    GEN_BRAM.u_core/alu/u_mul/u_mul/GEN_ARRAY.u_mul/u_csa_row0/GEN_CSA_FA[1].u_fa/stage_carry[2]_0[8]
    SLICE_X10Y14         LUT3 (Prop_lut3_I0_O)        0.053    10.125 r  GEN_BRAM.u_core/alu/u_mul/u_mul/GEN_ARRAY.u_mul/u_csa_row0/GEN_CSA_FA[1].u_fa/result[10]_INST_0_i_52/O
                         net (fo=2, routed)           0.436    10.561    GEN_BRAM.u_core/alu/u_mul/u_mul/GEN_ARRAY.u_mul/u_csa_row0/GEN_CSA_FA[1].u_fa/stage_carry[3]_44[9]
    SLICE_X9Y14          LUT5 (Prop_lut5_I3_O)        0.053    10.614 r  GEN_BRAM.u_core/alu/u_mul/u_mul/GEN_ARRAY.u_mul/u_csa_row0/GEN_CSA_FA[1].u_fa/result[10]_INST_0_i_34/O
                         net (fo=3, routed)           0.435    11.048    GEN_BRAM.u_core/alu/u_mul/u_mul/GEN_ARRAY.u_mul/u_csa_row0/GEN_CSA_FA[1].u_fa/stage_carry[4]_2[10]
    SLICE_X7Y14          LUT3 (Prop_lut3_I0_O)        0.053    11.101 r  GEN_BRAM.u_core/alu/u_mul/u_mul/GEN_ARRAY.u_mul/u_csa_row0/GEN_CSA_FA[1].u_fa/result[12]_INST_0_i_69/O
                         net (fo=2, routed)           0.204    11.305    GEN_BRAM.u_core/alu/u_mul/u_mul/GEN_ARRAY.u_mul/u_csa_row0/GEN_CSA_FA[1].u_fa/stage_carry[5]_45[11]
    SLICE_X7Y14          LUT5 (Prop_lut5_I3_O)        0.053    11.358 r  GEN_BRAM.u_core/alu/u_mul/u_mul/GEN_ARRAY.u_mul/u_csa_row0/GEN_CSA_FA[1].u_fa/result[12]_INST_0_i_45/O
                         net (fo=3, routed)           0.687    12.045    GEN_BRAM.u_core/alu/u_mul/u_mul/GEN_ARRAY.u_mul/u_csa_row0/GEN_CSA_FA[1].u_fa/stage_carry[6]_4[12]
    SLICE_X8Y12          LUT3 (Prop_lut3_I0_O)        0.053    12.098 r  GEN_BRAM.u_core/alu/u_mul/u_mul/GEN_ARRAY.u_mul/u_csa_row0/GEN_CSA_FA[1].u_fa/result[14]_INST_0_i_52/O
                         net (fo=2, routed)           0.617    12.714    GEN_BRAM.u_core/alu/u_mul/u_mul/GEN_ARRAY.u_mul/u_csa_row0/GEN_CSA_FA[1].u_fa/stage_carry[7]_46[13]
    SLICE_X7Y11          LUT5 (Prop_lut5_I3_O)        0.053    12.767 r  GEN_BRAM.u_core/alu/u_mul/u_mul/GEN_ARRAY.u_mul/u_csa_row0/GEN_CSA_FA[1].u_fa/result[14]_INST_0_i_34/O
                         net (fo=3, routed)           0.325    13.093    GEN_BRAM.u_core/alu/u_mul/u_mul/GEN_ARRAY.u_mul/u_csa_row0/GEN_CSA_FA[1].u_fa/stage_carry[8]_6[14]
    SLICE_X7Y11          LUT3 (Prop_lut3_I0_O)        0.053    13.146 r  GEN_BRAM.u_core/alu/u_mul/u_mul/GEN_ARRAY.u_mul/u_csa_row0/GEN_CSA_FA[1].u_fa/result[16]_INST_0_i_67/O
                         net (fo=2, routed)           0.368    13.514    GEN_BRAM.u_core/alu/u_mul/u_mul/GEN_ARRAY.u_mul/u_csa_row0/GEN_CSA_FA[1].u_fa/stage_carry[9]_47[15]
    SLICE_X6Y11          LUT5 (Prop_lut5_I3_O)        0.053    13.567 r  GEN_BRAM.u_core/alu/u_mul/u_mul/GEN_ARRAY.u_mul/u_csa_row0/GEN_CSA_FA[1].u_fa/result[16]_INST_0_i_44/O
                         net (fo=3, routed)           0.347    13.914    GEN_BRAM.u_core/alu/u_mul/u_mul/GEN_ARRAY.u_mul/u_csa_row0/GEN_CSA_FA[1].u_fa/stage_carry[10]_8[16]
    SLICE_X3Y11          LUT3 (Prop_lut3_I0_O)        0.053    13.967 r  GEN_BRAM.u_core/alu/u_mul/u_mul/GEN_ARRAY.u_mul/u_csa_row0/GEN_CSA_FA[1].u_fa/result[18]_INST_0_i_52/O
                         net (fo=2, routed)           0.423    14.390    GEN_BRAM.u_core/alu/u_mul/u_mul/GEN_ARRAY.u_mul/u_csa_row0/GEN_CSA_FA[1].u_fa/stage_carry[11]_48[17]
    SLICE_X3Y13          LUT5 (Prop_lut5_I3_O)        0.053    14.443 r  GEN_BRAM.u_core/alu/u_mul/u_mul/GEN_ARRAY.u_mul/u_csa_row0/GEN_CSA_FA[1].u_fa/result[18]_INST_0_i_34/O
                         net (fo=3, routed)           0.533    14.976    GEN_BRAM.u_core/alu/u_mul/u_mul/GEN_ARRAY.u_mul/u_csa_row0/GEN_CSA_FA[1].u_fa/stage_carry[12]_10[18]
    SLICE_X7Y10          LUT3 (Prop_lut3_I0_O)        0.053    15.029 r  GEN_BRAM.u_core/alu/u_mul/u_mul/GEN_ARRAY.u_mul/u_csa_row0/GEN_CSA_FA[1].u_fa/result[20]_INST_0_i_67/O
                         net (fo=2, routed)           0.502    15.530    GEN_BRAM.u_core/alu/u_mul/u_mul/GEN_ARRAY.u_mul/u_csa_row0/GEN_CSA_FA[1].u_fa/stage_carry[13]_49[19]
    SLICE_X9Y10          LUT5 (Prop_lut5_I3_O)        0.053    15.583 r  GEN_BRAM.u_core/alu/u_mul/u_mul/GEN_ARRAY.u_mul/u_csa_row0/GEN_CSA_FA[1].u_fa/result[20]_INST_0_i_44/O
                         net (fo=3, routed)           0.384    15.967    GEN_BRAM.u_core/alu/u_mul/u_mul/GEN_ARRAY.u_mul/u_csa_row0/GEN_CSA_FA[1].u_fa/stage_carry[14]_12[20]
    SLICE_X8Y10          LUT3 (Prop_lut3_I0_O)        0.053    16.020 r  GEN_BRAM.u_core/alu/u_mul/u_mul/GEN_ARRAY.u_mul/u_csa_row0/GEN_CSA_FA[1].u_fa/result[22]_INST_0_i_52/O
                         net (fo=2, routed)           0.376    16.396    GEN_BRAM.u_core/alu/u_mul/u_mul/GEN_ARRAY.u_mul/u_csa_row0/GEN_CSA_FA[1].u_fa/stage_carry[15]_50[21]
    SLICE_X7Y10          LUT5 (Prop_lut5_I3_O)        0.053    16.449 r  GEN_BRAM.u_core/alu/u_mul/u_mul/GEN_ARRAY.u_mul/u_csa_row0/GEN_CSA_FA[1].u_fa/result[22]_INST_0_i_34/O
                         net (fo=3, routed)           0.481    16.929    GEN_BRAM.u_core/alu/u_mul/u_mul/GEN_ARRAY.u_mul/u_csa_row0/GEN_CSA_FA[1].u_fa/stage_carry[16]_14[22]
    SLICE_X6Y9           LUT3 (Prop_lut3_I0_O)        0.053    16.982 r  GEN_BRAM.u_core/alu/u_mul/u_mul/GEN_ARRAY.u_mul/u_csa_row0/GEN_CSA_FA[1].u_fa/result[24]_INST_0_i_67/O
                         net (fo=2, routed)           0.340    17.323    GEN_BRAM.u_core/alu/u_mul/u_mul/GEN_ARRAY.u_mul/u_csa_row0/GEN_CSA_FA[1].u_fa/stage_carry[17]_51[23]
    SLICE_X3Y9           LUT5 (Prop_lut5_I3_O)        0.053    17.376 r  GEN_BRAM.u_core/alu/u_mul/u_mul/GEN_ARRAY.u_mul/u_csa_row0/GEN_CSA_FA[1].u_fa/result[24]_INST_0_i_40/O
                         net (fo=3, routed)           0.433    17.809    GEN_BRAM.u_core/alu/u_mul/u_mul/GEN_ARRAY.u_mul/u_csa_row0/GEN_CSA_FA[1].u_fa/stage_sum[18]_34[23]
    SLICE_X5Y8           LUT3 (Prop_lut3_I1_O)        0.053    17.862 r  GEN_BRAM.u_core/alu/u_mul/u_mul/GEN_ARRAY.u_mul/u_csa_row0/GEN_CSA_FA[1].u_fa/result[24]_INST_0_i_47/O
                         net (fo=2, routed)           0.308    18.169    GEN_BRAM.u_core/alu/u_mul/u_mul/GEN_ARRAY.u_mul/u_csa_row0/GEN_CSA_FA[1].u_fa/stage_carry[19]_52[24]
    SLICE_X5Y8           LUT5 (Prop_lut5_I3_O)        0.053    18.222 r  GEN_BRAM.u_core/alu/u_mul/u_mul/GEN_ARRAY.u_mul/u_csa_row0/GEN_CSA_FA[1].u_fa/result[24]_INST_0_i_26/O
                         net (fo=2, routed)           0.582    18.805    GEN_BRAM.u_core/alu/u_mul/u_mul/GEN_ARRAY.u_mul/u_csa_row0/GEN_CSA_FA[1].u_fa/stage_sum[20]_33[24]
    SLICE_X8Y9           LUT3 (Prop_lut3_I1_O)        0.053    18.858 r  GEN_BRAM.u_core/alu/u_mul/u_mul/GEN_ARRAY.u_mul/u_csa_row0/GEN_CSA_FA[1].u_fa/result[26]_INST_0_i_32/O
                         net (fo=2, routed)           0.466    19.324    GEN_BRAM.u_core/alu/u_mul/u_mul/GEN_ARRAY.u_mul/u_csa_row0/GEN_CSA_FA[1].u_fa/stage_carry[21]_53[25]
    SLICE_X8Y9           LUT5 (Prop_lut5_I3_O)        0.053    19.377 r  GEN_BRAM.u_core/alu/u_mul/u_mul/GEN_ARRAY.u_mul/u_csa_row0/GEN_CSA_FA[1].u_fa/result[26]_INST_0_i_16/O
                         net (fo=2, routed)           0.479    19.855    GEN_BRAM.u_core/alu/u_mul/u_mul/GEN_ARRAY.u_mul/u_csa_row0/GEN_CSA_FA[1].u_fa/stage_carry[22]_20[26]
    SLICE_X8Y8           LUT3 (Prop_lut3_I0_O)        0.053    19.908 r  GEN_BRAM.u_core/alu/u_mul/u_mul/GEN_ARRAY.u_mul/u_csa_row0/GEN_CSA_FA[1].u_fa/result[28]_INST_0_i_42/O
                         net (fo=2, routed)           0.426    20.334    GEN_BRAM.u_core/alu/u_mul/u_mul/GEN_ARRAY.u_mul/u_csa_row0/GEN_CSA_FA[1].u_fa/stage_carry[23]_54[27]
    SLICE_X8Y7           LUT5 (Prop_lut5_I3_O)        0.053    20.387 r  GEN_BRAM.u_core/alu/u_mul/u_mul/GEN_ARRAY.u_mul/u_csa_row0/GEN_CSA_FA[1].u_fa/result[28]_INST_0_i_25/O
                         net (fo=2, routed)           0.407    20.794    GEN_BRAM.u_core/alu/u_mul/u_mul/GEN_ARRAY.u_mul/u_csa_row0/GEN_CSA_FA[1].u_fa/stage_carry[24]_22[28]
    SLICE_X11Y7          LUT3 (Prop_lut3_I0_O)        0.053    20.847 r  GEN_BRAM.u_core/alu/u_mul/u_mul/GEN_ARRAY.u_mul/u_csa_row0/GEN_CSA_FA[1].u_fa/result[28]_INST_0_i_8/O
                         net (fo=2, routed)           0.598    21.445    GEN_BRAM.u_core/alu/u_mul/u_mul/GEN_ARRAY.u_mul/u_csa_row0/GEN_CSA_FA[1].u_fa/stage_sum[25]_25[28]
    SLICE_X16Y10         LUT6 (Prop_lut6_I5_O)        0.053    21.498 r  GEN_BRAM.u_core/alu/u_mul/u_mul/GEN_ARRAY.u_mul/u_csa_row0/GEN_CSA_FA[1].u_fa/result[30]_INST_0_i_9/O
                         net (fo=2, routed)           0.424    21.922    GEN_BRAM.u_core/alu/u_mul/u_mul/GEN_ARRAY.u_mul/u_csa_row0/GEN_CSA_FA[1].u_fa/stage_carry[26]_24[29]
    SLICE_X16Y11         LUT6 (Prop_lut6_I4_O)        0.053    21.975 r  GEN_BRAM.u_core/alu/u_mul/u_mul/GEN_ARRAY.u_mul/u_csa_row0/GEN_CSA_FA[1].u_fa/result[30]_INST_0_i_4/O
                         net (fo=2, routed)           0.441    22.416    GEN_BRAM.u_core/alu/u_mul/u_mul/GEN_ARRAY.u_mul/u_csa_row0/GEN_CSA_FA[1].u_fa/stage_sum[27]_27[29]
    SLICE_X15Y11         LUT3 (Prop_lut3_I2_O)        0.056    22.472 r  GEN_BRAM.u_core/alu/u_mul/u_mul/GEN_ARRAY.u_mul/u_csa_row0/GEN_CSA_FA[1].u_fa/result[30]_INST_0_i_1/O
                         net (fo=5, routed)           0.738    23.210    GEN_BRAM.u_core/alu/u_mul/u_mul/GEN_ARRAY.u_mul/u_csa_row0/GEN_CSA_FA[1].u_fa/stage_carry[28]_26[30]
    SLICE_X15Y11         LUT5 (Prop_lut5_I1_O)        0.181    23.391 r  GEN_BRAM.u_core/alu/u_mul/u_mul/GEN_ARRAY.u_mul/u_csa_row0/GEN_CSA_FA[1].u_fa/result[1]_INST_0_i_6/O
                         net (fo=2, routed)           0.407    23.797    GEN_BRAM.u_core/alu/u_mul/u_mul/GEN_ARRAY.u_mul/u_csa_row0/GEN_CSA_FA[1].u_fa/u_final_cpa/GEN_FINAL_FA[32].u_fa/c2
    SLICE_X15Y12         LUT5 (Prop_lut5_I2_O)        0.180    23.977 r  GEN_BRAM.u_core/alu/u_mul/u_mul/GEN_ARRAY.u_mul/u_csa_row0/GEN_CSA_FA[1].u_fa/result[2]_INST_0_i_9/O
                         net (fo=2, routed)           0.448    24.426    GEN_BRAM.u_core/alu/u_mul/u_mul/GEN_ARRAY.u_mul/u_csa_row0/GEN_CSA_FA[1].u_fa/u_final_cpa/GEN_FINAL_FA[33].u_fa/c2
    SLICE_X15Y12         LUT5 (Prop_lut5_I2_O)        0.187    24.613 r  GEN_BRAM.u_core/alu/u_mul/u_mul/GEN_ARRAY.u_mul/u_csa_row0/GEN_CSA_FA[1].u_fa/result[4]_INST_0_i_14/O
                         net (fo=3, routed)           0.263    24.876    GEN_BRAM.u_core/alu/u_mul/u_mul/GEN_ARRAY.u_mul/u_csa_row0/GEN_CSA_FA[1].u_fa/u_final_cpa/c_35
    SLICE_X16Y12         LUT6 (Prop_lut6_I4_O)        0.169    25.045 r  GEN_BRAM.u_core/alu/u_mul/u_mul/GEN_ARRAY.u_mul/u_csa_row0/GEN_CSA_FA[1].u_fa/result[6]_INST_0_i_12/O
                         net (fo=3, routed)           0.326    25.371    GEN_BRAM.u_core/alu/u_mul/u_mul/GEN_ARRAY.u_mul/u_csa_row0/GEN_CSA_FA[1].u_fa/u_final_cpa/c_37
    SLICE_X16Y13         LUT6 (Prop_lut6_I4_O)        0.053    25.424 r  GEN_BRAM.u_core/alu/u_mul/u_mul/GEN_ARRAY.u_mul/u_csa_row0/GEN_CSA_FA[1].u_fa/result[8]_INST_0_i_13/O
                         net (fo=3, routed)           0.322    25.746    GEN_BRAM.u_core/alu/u_mul/u_mul/GEN_ARRAY.u_mul/u_csa_row0/GEN_CSA_FA[1].u_fa/u_final_cpa/c_39
    SLICE_X16Y14         LUT6 (Prop_lut6_I4_O)        0.053    25.799 r  GEN_BRAM.u_core/alu/u_mul/u_mul/GEN_ARRAY.u_mul/u_csa_row0/GEN_CSA_FA[1].u_fa/result[10]_INST_0_i_12/O
                         net (fo=3, routed)           0.153    25.953    GEN_BRAM.u_core/alu/u_mul/u_mul/GEN_ARRAY.u_mul/u_csa_row0/GEN_CSA_FA[1].u_fa/u_final_cpa/c_41
    SLICE_X16Y14         LUT6 (Prop_lut6_I4_O)        0.053    26.006 r  GEN_BRAM.u_core/alu/u_mul/u_mul/GEN_ARRAY.u_mul/u_csa_row0/GEN_CSA_FA[1].u_fa/result[12]_INST_0_i_13/O
                         net (fo=3, routed)           0.249    26.254    GEN_BRAM.u_core/alu/u_mul/u_mul/GEN_ARRAY.u_mul/u_csa_row0/GEN_CSA_FA[1].u_fa/u_final_cpa/c_43
    SLICE_X16Y15         LUT6 (Prop_lut6_I4_O)        0.053    26.307 r  GEN_BRAM.u_core/alu/u_mul/u_mul/GEN_ARRAY.u_mul/u_csa_row0/GEN_CSA_FA[1].u_fa/result[14]_INST_0_i_12/O
                         net (fo=3, routed)           0.298    26.606    GEN_BRAM.u_core/alu/u_mul/u_mul/GEN_ARRAY.u_mul/u_csa_row0/GEN_CSA_FA[1].u_fa/u_final_cpa/c_45
    SLICE_X17Y15         LUT6 (Prop_lut6_I4_O)        0.053    26.659 r  GEN_BRAM.u_core/alu/u_mul/u_mul/GEN_ARRAY.u_mul/u_csa_row0/GEN_CSA_FA[1].u_fa/result[16]_INST_0_i_13/O
                         net (fo=3, routed)           0.309    26.968    GEN_BRAM.u_core/alu/u_mul/u_mul/GEN_ARRAY.u_mul/u_csa_row0/GEN_CSA_FA[1].u_fa/u_final_cpa/c_47
    SLICE_X17Y16         LUT6 (Prop_lut6_I4_O)        0.053    27.021 r  GEN_BRAM.u_core/alu/u_mul/u_mul/GEN_ARRAY.u_mul/u_csa_row0/GEN_CSA_FA[1].u_fa/result[18]_INST_0_i_12/O
                         net (fo=3, routed)           0.138    27.159    GEN_BRAM.u_core/alu/u_mul/u_mul/GEN_ARRAY.u_mul/u_csa_row0/GEN_CSA_FA[1].u_fa/u_final_cpa/c_49
    SLICE_X17Y16         LUT6 (Prop_lut6_I4_O)        0.053    27.212 r  GEN_BRAM.u_core/alu/u_mul/u_mul/GEN_ARRAY.u_mul/u_csa_row0/GEN_CSA_FA[1].u_fa/result[20]_INST_0_i_13/O
                         net (fo=3, routed)           0.244    27.456    GEN_BRAM.u_core/alu/u_mul/u_mul/GEN_ARRAY.u_mul/u_csa_row0/GEN_CSA_FA[1].u_fa/u_final_cpa/c_51
    SLICE_X17Y17         LUT6 (Prop_lut6_I4_O)        0.053    27.509 r  GEN_BRAM.u_core/alu/u_mul/u_mul/GEN_ARRAY.u_mul/u_csa_row0/GEN_CSA_FA[1].u_fa/result[22]_INST_0_i_12/O
                         net (fo=3, routed)           0.138    27.647    GEN_BRAM.u_core/alu/u_mul/u_mul/GEN_ARRAY.u_mul/u_csa_row0/GEN_CSA_FA[1].u_fa/u_final_cpa/c_53
    SLICE_X17Y17         LUT6 (Prop_lut6_I4_O)        0.053    27.700 r  GEN_BRAM.u_core/alu/u_mul/u_mul/GEN_ARRAY.u_mul/u_csa_row0/GEN_CSA_FA[1].u_fa/result[24]_INST_0_i_13/O
                         net (fo=3, routed)           0.366    28.066    GEN_BRAM.u_core/alu/u_mul/u_mul/GEN_ARRAY.u_mul/u_csa_row0/GEN_CSA_FA[1].u_fa/u_final_cpa/c_55
    SLICE_X17Y18         LUT6 (Prop_lut6_I4_O)        0.053    28.119 r  GEN_BRAM.u_core/alu/u_mul/u_mul/GEN_ARRAY.u_mul/u_csa_row0/GEN_CSA_FA[1].u_fa/result[26]_INST_0_i_12/O
                         net (fo=3, routed)           0.317    28.436    GEN_BRAM.u_core/alu/u_mul/u_mul/GEN_ARRAY.u_mul/u_csa_row0/GEN_CSA_FA[1].u_fa/u_final_cpa/c_57
    SLICE_X17Y18         LUT6 (Prop_lut6_I4_O)        0.053    28.489 r  GEN_BRAM.u_core/alu/u_mul/u_mul/GEN_ARRAY.u_mul/u_csa_row0/GEN_CSA_FA[1].u_fa/result[28]_INST_0_i_13/O
                         net (fo=3, routed)           0.360    28.849    GEN_BRAM.u_core/alu/u_mul/u_mul/GEN_ARRAY.u_mul/u_csa_row0/GEN_CSA_FA[1].u_fa/u_final_cpa/c_59
    SLICE_X15Y18         LUT5 (Prop_lut5_I4_O)        0.053    28.902 r  GEN_BRAM.u_core/alu/u_mul/u_mul/GEN_ARRAY.u_mul/u_csa_row0/GEN_CSA_FA[1].u_fa/result[27]_INST_0_i_2/O
                         net (fo=2, routed)           0.000    28.902    GEN_BRAM.u_core/alu/u_mul/u_mul/GEN_ARRAY.u_mul/u_csa_row0/GEN_CSA_FA[1].u_fa/p_0_in[59]
    SLICE_X15Y18         CARRY4 (Prop_carry4_S[2]_O[2])
                                                      0.140    29.042 r  GEN_BRAM.u_core/alu/u_mul/u_mul/GEN_ARRAY.u_mul/u_csa_row0/GEN_CSA_FA[1].u_fa/result[28]_INST_0_i_4/O[2]
                         net (fo=1, routed)           0.551    29.593    GEN_BRAM.u_core/alu/u_mul/u_mul/GEN_ARRAY.u_mul/u_csa_row0/GEN_CSA_FA[1].u_fa/signed_product0[59]
    SLICE_X15Y21         LUT5 (Prop_lut5_I4_O)        0.152    29.745 r  GEN_BRAM.u_core/alu/u_mul/u_mul/GEN_ARRAY.u_mul/u_csa_row0/GEN_CSA_FA[1].u_fa/result[27]_INST_0/O
                         net (fo=1, routed)           0.194    29.939    GEN_BRAM.u_core/reg_file/result[23]
    SLICE_X15Y21         LUT6 (Prop_lut6_I2_O)        0.053    29.992 r  GEN_BRAM.u_core/reg_file/debug_alu_out_OBUF[27]_inst_i_4/O
                         net (fo=1, routed)           0.128    30.120    GEN_BRAM.u_core/reg_file/debug_alu_out_OBUF[27]_inst_i_4_n_0
    SLICE_X15Y21         LUT6 (Prop_lut6_I5_O)        0.053    30.173 r  GEN_BRAM.u_core/reg_file/debug_alu_out_OBUF[27]_inst_i_1/O
                         net (fo=3, routed)           0.283    30.457    GEN_BRAM.u_core/wb_mux/debug_alu_out_OBUF[27]
    SLICE_X17Y20         LUT6 (Prop_lut6_I0_O)        0.053    30.510 r  GEN_BRAM.u_core/wb_mux/registers_reg_r1_0_31_24_29_i_12/O
                         net (fo=1, routed)           0.298    30.808    GEN_BRAM.u_core/divider/wb_exec[27]
    SLICE_X17Y20         LUT6 (Prop_lut6_I5_O)        0.053    30.861 r  GEN_BRAM.u_core/divider/registers_reg_r1_0_31_24_29_i_3/O
                         net (fo=2, routed)           0.253    31.113    GEN_BRAM.u_core/reg_file/registers_reg_r2_0_31_24_29/DIB1
    SLICE_X16Y19         RAMD32                                       r  GEN_BRAM.u_core/reg_file/registers_reg_r2_0_31_24_29/RAMB_D1/I
  -------------------------------------------------------------------    -------------------

                         (clock sys_clk rise edge)   30.000    30.000 r  
    AD23                                              0.000    30.000 r  clk (IN)
                         net (fo=0)                   0.000    30.000    clk
    AD23                 IBUF (Prop_ibuf_I_O)         0.796    30.796 r  clk_IBUF_inst/O
                         net (fo=1, routed)           1.741    32.537    clk_IBUF
    BUFGCTRL_X0Y0        BUFG (Prop_bufg_I_O)         0.113    32.650 r  clk_IBUF_BUFG_inst/O
                         net (fo=350, routed)         1.534    34.184    GEN_BRAM.u_core/reg_file/registers_reg_r2_0_31_24_29/WCLK
    SLICE_X16Y19         RAMD32                                       r  GEN_BRAM.u_core/reg_file/registers_reg_r2_0_31_24_29/RAMB_D1/CLK
                         clock pessimism              0.256    34.441    
                         clock uncertainty           -0.035    34.405    
    SLICE_X16Y19         RAMD32 (Setup_ramd32_CLK_I)
                                                     -0.159    34.246    GEN_BRAM.u_core/reg_file/registers_reg_r2_0_31_24_29/RAMB_D1
  -------------------------------------------------------------------
                         required time                         34.246    
                         arrival time                         -31.113    
  -------------------------------------------------------------------
                         slack                                  3.133    

Slack (MET) :             3.242ns  (required time - arrival time)
  Source:                 GEN_BRAM.u_core/ir_reg[17]/C
                            (rising edge-triggered cell FDCE clocked by sys_clk  {rise@0.000ns fall@15.000ns period=30.000ns})
  Destination:            GEN_BRAM.u_core/reg_file/registers_reg_r2_0_31_24_29/RAMA_D1/I
                            (rising edge-triggered cell RAMD32 clocked by sys_clk  {rise@0.000ns fall@15.000ns period=30.000ns})
  Path Group:             sys_clk
  Path Type:              Setup (Max at Slow Process Corner)
  Requirement:            30.000ns  (sys_clk rise@30.000ns - sys_clk rise@0.000ns)
  Data Path Delay:        26.528ns  (logic 3.956ns (14.913%)  route 22.572ns (85.087%))
  Logic Levels:           54  (CARRY4=1 LUT3=14 LUT4=2 LUT5=17 LUT6=19 RAMD32=1)
  Clock Path Skew:        -0.029ns (DCD - SCD + CPR)
    Destination Clock Delay (DCD):    4.184ns = ( 34.184 - 30.000 ) 
    Source Clock Delay      (SCD):    4.470ns
    Clock Pessimism Removal (CPR):    0.256ns
  Clock Uncertainty:      0.035ns  ((TSJ^2 + TIJ^2)^1/2 + DJ) / 2 + PE
    Total System Jitter     (TSJ):    0.071ns
    Total Input Jitter      (TIJ):    0.000ns
    Discrete Jitter          (DJ):    0.000ns
    Phase Error              (PE):    0.000ns

    Location             Delay type                Incr(ns)  Path(ns)    Netlist Resource(s)
  -------------------------------------------------------------------    -------------------
                         (clock sys_clk rise edge)    0.000     0.000 r  
    AD23                                              0.000     0.000 r  clk (IN)
                         net (fo=0)                   0.000     0.000    clk
    AD23                 IBUF (Prop_ibuf_I_O)         0.873     0.873 r  clk_IBUF_inst/O
                         net (fo=1, routed)           1.830     2.703    clk_IBUF
    BUFGCTRL_X0Y0        BUFG (Prop_bufg_I_O)         0.120     2.823 r  clk_IBUF_BUFG_inst/O
                         net (fo=350, routed)         1.647     4.470    GEN_BRAM.u_core/clk_IBUF_BUFG
    SLICE_X13Y17         FDCE                                         r  GEN_BRAM.u_core/ir_reg[17]/C
  -------------------------------------------------------------------    -------------------
    SLICE_X13Y17         FDCE (Prop_fdce_C_Q)         0.269     4.739 r  GEN_BRAM.u_core/ir_reg[17]/Q
                         net (fo=97, routed)          0.894     5.633    GEN_BRAM.u_core/reg_file/registers_reg_r1_0_31_30_31__0/DPRA2
    SLICE_X14Y20         RAMD32 (Prop_ramd32_RADR2_O)
                                                      0.063     5.696 r  GEN_BRAM.u_core/reg_file/registers_reg_r1_0_31_30_31__0/DP/O
                         net (fo=11, routed)          0.758     6.454    GEN_BRAM.u_core/alu_mux_a/dataR10[31]
    SLICE_X11Y23         LUT4 (Prop_lut4_I1_O)        0.164     6.618 f  GEN_BRAM.u_core/alu_mux_a/u_adder_i_1/O
                         net (fo=96, routed)          0.579     7.196    GEN_BRAM.u_core/alu/u_mul/u_mul/GEN_ARRAY.u_mul/u_csa_row0/GEN_CSA_FA[1].u_fa/result[31]_INST_0_i_35_n_0
    SLICE_X10Y16         LUT4 (Prop_lut4_I0_O)        0.053     7.249 r  GEN_BRAM.u_core/alu/u_mul/u_mul/GEN_ARRAY.u_mul/u_csa_row0/GEN_CSA_FA[1].u_fa/result[2]_INST_0_i_3/O
                         net (fo=149, routed)         1.003     8.253    GEN_BRAM.u_core/alu/u_mul/u_mul/GEN_ARRAY.u_mul/u_csa_row0/GEN_CSA_FA[1].u_fa/result[2]_INST_0_i_3_n_0
    SLICE_X12Y14         LUT6 (Prop_lut6_I1_O)        0.053     8.306 r  GEN_BRAM.u_core/alu/u_mul/u_mul/GEN_ARRAY.u_mul/u_csa_row0/GEN_CSA_FA[1].u_fa/result[6]_INST_0_i_52/O
                         net (fo=2, routed)           0.330     8.636    GEN_BRAM.u_core/alu/u_mul/u_mul/GEN_ARRAY.u_mul/u_csa_row0/GEN_CSA_FA[1].u_fa/pp[2]_91[6]
    SLICE_X12Y14         LUT6 (Prop_lut6_I5_O)        0.053     8.689 r  GEN_BRAM.u_core/alu/u_mul/u_mul/GEN_ARRAY.u_mul/u_csa_row0/GEN_CSA_FA[1].u_fa/result[6]_INST_0_i_35/O
                         net (fo=3, routed)           0.479     9.168    GEN_BRAM.u_core/alu/u_mul/u_mul/GEN_ARRAY.u_mul/u_csa_row0/GEN_CSA_FA[1].u_fa/stage_sum[0]_28[6]
    SLICE_X12Y14         LUT3 (Prop_lut3_I1_O)        0.053     9.221 r  GEN_BRAM.u_core/alu/u_mul/u_mul/GEN_ARRAY.u_mul/u_csa_row0/GEN_CSA_FA[1].u_fa/result[8]_INST_0_i_67/O
                         net (fo=2, routed)           0.492     9.713    GEN_BRAM.u_core/alu/u_mul/u_mul/GEN_ARRAY.u_mul/u_csa_row0/GEN_CSA_FA[1].u_fa/stage_carry[1]_43[7]
    SLICE_X11Y14         LUT5 (Prop_lut5_I3_O)        0.053     9.766 r  GEN_BRAM.u_core/alu/u_mul/u_mul/GEN_ARRAY.u_mul/u_csa_row0/GEN_CSA_FA[1].u_fa/result[8]_INST_0_i_44/O
                         net (fo=3, routed)           0.306    10.072    GEN_BRAM.u_core/alu/u_mul/u_mul/GEN_ARRAY.u_mul/u_csa_row0/GEN_CSA_FA[1].u_fa/stage_carry[2]_0[8]
    SLICE_X10Y14         LUT3 (Prop_lut3_I0_O)        0.053    10.125 r  GEN_BRAM.u_core/alu/u_mul/u_mul/GEN_ARRAY.u_mul/u_csa_row0/GEN_CSA_FA[1].u_fa/result[10]_INST_0_i_52/O
                         net (fo=2, routed)           0.436    10.561    GEN_BRAM.u_core/alu/u_mul/u_mul/GEN_ARRAY.u_mul/u_csa_row0/GEN_CSA_FA[1].u_fa/stage_carry[3]_44[9]
    SLICE_X9Y14          LUT5 (Prop_lut5_I3_O)        0.053    10.614 r  GEN_BRAM.u_core/alu/u_mul/u_mul/GEN_ARRAY.u_mul/u_csa_row0/GEN_CSA_FA[1].u_fa/result[10]_INST_0_i_34/O
                         net (fo=3, routed)           0.435    11.048    GEN_BRAM.u_core/alu/u_mul/u_mul/GEN_ARRAY.u_mul/u_csa_row0/GEN_CSA_FA[1].u_fa/stage_carry[4]_2[10]
    SLICE_X7Y14          LUT3 (Prop_lut3_I0_O)        0.053    11.101 r  GEN_BRAM.u_core/alu/u_mul/u_mul/GEN_ARRAY.u_mul/u_csa_row0/GEN_CSA_FA[1].u_fa/result[12]_INST_0_i_69/O
                         net (fo=2, routed)           0.204    11.305    GEN_BRAM.u_core/alu/u_mul/u_mul/GEN_ARRAY.u_mul/u_csa_row0/GEN_CSA_FA[1].u_fa/stage_carry[5]_45[11]
    SLICE_X7Y14          LUT5 (Prop_lut5_I3_O)        0.053    11.358 r  GEN_BRAM.u_core/alu/u_mul/u_mul/GEN_ARRAY.u_mul/u_csa_row0/GEN_CSA_FA[1].u_fa/result[12]_INST_0_i_45/O
                         net (fo=3, routed)           0.687    12.045    GEN_BRAM.u_core/alu/u_mul/u_mul/GEN_ARRAY.u_mul/u_csa_row0/GEN_CSA_FA[1].u_fa/stage_carry[6]_4[12]
    SLICE_X8Y12          LUT3 (Prop_lut3_I0_O)        0.053    12.098 r  GEN_BRAM.u_core/alu/u_mul/u_mul/GEN_ARRAY.u_mul/u_csa_row0/GEN_CSA_FA[1].u_fa/result[14]_INST_0_i_52/O
                         net (fo=2, routed)           0.617    12.714    GEN_BRAM.u_core/alu/u_mul/u_mul/GEN_ARRAY.u_mul/u_csa_row0/GEN_CSA_FA[1].u_fa/stage_carry[7]_46[13]
    SLICE_X7Y11          LUT5 (Prop_lut5_I3_O)        0.053    12.767 r  GEN_BRAM.u_core/alu/u_mul/u_mul/GEN_ARRAY.u_mul/u_csa_row0/GEN_CSA_FA[1].u_fa/result[14]_INST_0_i_34/O
                         net (fo=3, routed)           0.325    13.093    GEN_BRAM.u_core/alu/u_mul/u_mul/GEN_ARRAY.u_mul/u_csa_row0/GEN_CSA_FA[1].u_fa/stage_carry[8]_6[14]
    SLICE_X7Y11          LUT3 (Prop_lut3_I0_O)        0.053    13.146 r  GEN_BRAM.u_core/alu/u_mul/u_mul/GEN_ARRAY.u_mul/u_csa_row0/GEN_CSA_FA[1].u_fa/result[16]_INST_0_i_67/O
                         net (fo=2, routed)           0.368    13.514    GEN_BRAM.u_core/alu/u_mul/u_mul/GEN_ARRAY.u_mul/u_csa_row0/GEN_CSA_FA[1].u_fa/stage_carry[9]_47[15]
    SLICE_X6Y11          LUT5 (Prop_lut5_I3_O)        0.053    13.567 r  GEN_BRAM.u_core/alu/u_mul/u_mul/GEN_ARRAY.u_mul/u_csa_row0/GEN_CSA_FA[1].u_fa/result[16]_INST_0_i_44/O
                         net (fo=3, routed)           0.347    13.914    GEN_BRAM.u_core/alu/u_mul/u_mul/GEN_ARRAY.u_mul/u_csa_row0/GEN_CSA_FA[1].u_fa/stage_carry[10]_8[16]
    SLICE_X3Y11          LUT3 (Prop_lut3_I0_O)        0.053    13.967 r  GEN_BRAM.u_core/alu/u_mul/u_mul/GEN_ARRAY.u_mul/u_csa_row0/GEN_CSA_FA[1].u_fa/result[18]_INST_0_i_52/O
                         net (fo=2, routed)           0.423    14.390    GEN_BRAM.u_core/alu/u_mul/u_mul/GEN_ARRAY.u_mul/u_csa_row0/GEN_CSA_FA[1].u_fa/stage_carry[11]_48[17]
    SLICE_X3Y13          LUT5 (Prop_lut5_I3_O)        0.053    14.443 r  GEN_BRAM.u_core/alu/u_mul/u_mul/GEN_ARRAY.u_mul/u_csa_row0/GEN_CSA_FA[1].u_fa/result[18]_INST_0_i_34/O
                         net (fo=3, routed)           0.533    14.976    GEN_BRAM.u_core/alu/u_mul/u_mul/GEN_ARRAY.u_mul/u_csa_row0/GEN_CSA_FA[1].u_fa/stage_carry[12]_10[18]
    SLICE_X7Y10          LUT3 (Prop_lut3_I0_O)        0.053    15.029 r  GEN_BRAM.u_core/alu/u_mul/u_mul/GEN_ARRAY.u_mul/u_csa_row0/GEN_CSA_FA[1].u_fa/result[20]_INST_0_i_67/O
                         net (fo=2, routed)           0.502    15.530    GEN_BRAM.u_core/alu/u_mul/u_mul/GEN_ARRAY.u_mul/u_csa_row0/GEN_CSA_FA[1].u_fa/stage_carry[13]_49[19]
    SLICE_X9Y10          LUT5 (Prop_lut5_I3_O)        0.053    15.583 r  GEN_BRAM.u_core/alu/u_mul/u_mul/GEN_ARRAY.u_mul/u_csa_row0/GEN_CSA_FA[1].u_fa/result[20]_INST_0_i_44/O
                         net (fo=3, routed)           0.384    15.967    GEN_BRAM.u_core/alu/u_mul/u_mul/GEN_ARRAY.u_mul/u_csa_row0/GEN_CSA_FA[1].u_fa/stage_carry[14]_12[20]
    SLICE_X8Y10          LUT3 (Prop_lut3_I0_O)        0.053    16.020 r  GEN_BRAM.u_core/alu/u_mul/u_mul/GEN_ARRAY.u_mul/u_csa_row0/GEN_CSA_FA[1].u_fa/result[22]_INST_0_i_52/O
                         net (fo=2, routed)           0.376    16.396    GEN_BRAM.u_core/alu/u_mul/u_mul/GEN_ARRAY.u_mul/u_csa_row0/GEN_CSA_FA[1].u_fa/stage_carry[15]_50[21]
    SLICE_X7Y10          LUT5 (Prop_lut5_I3_O)        0.053    16.449 r  GEN_BRAM.u_core/alu/u_mul/u_mul/GEN_ARRAY.u_mul/u_csa_row0/GEN_CSA_FA[1].u_fa/result[22]_INST_0_i_34/O
                         net (fo=3, routed)           0.481    16.929    GEN_BRAM.u_core/alu/u_mul/u_mul/GEN_ARRAY.u_mul/u_csa_row0/GEN_CSA_FA[1].u_fa/stage_carry[16]_14[22]
    SLICE_X6Y9           LUT3 (Prop_lut3_I0_O)        0.053    16.982 r  GEN_BRAM.u_core/alu/u_mul/u_mul/GEN_ARRAY.u_mul/u_csa_row0/GEN_CSA_FA[1].u_fa/result[24]_INST_0_i_67/O
                         net (fo=2, routed)           0.340    17.323    GEN_BRAM.u_core/alu/u_mul/u_mul/GEN_ARRAY.u_mul/u_csa_row0/GEN_CSA_FA[1].u_fa/stage_carry[17]_51[23]
    SLICE_X3Y9           LUT5 (Prop_lut5_I3_O)        0.053    17.376 r  GEN_BRAM.u_core/alu/u_mul/u_mul/GEN_ARRAY.u_mul/u_csa_row0/GEN_CSA_FA[1].u_fa/result[24]_INST_0_i_40/O
                         net (fo=3, routed)           0.433    17.809    GEN_BRAM.u_core/alu/u_mul/u_mul/GEN_ARRAY.u_mul/u_csa_row0/GEN_CSA_FA[1].u_fa/stage_sum[18]_34[23]
    SLICE_X5Y8           LUT3 (Prop_lut3_I1_O)        0.053    17.862 r  GEN_BRAM.u_core/alu/u_mul/u_mul/GEN_ARRAY.u_mul/u_csa_row0/GEN_CSA_FA[1].u_fa/result[24]_INST_0_i_47/O
                         net (fo=2, routed)           0.308    18.169    GEN_BRAM.u_core/alu/u_mul/u_mul/GEN_ARRAY.u_mul/u_csa_row0/GEN_CSA_FA[1].u_fa/stage_carry[19]_52[24]
    SLICE_X5Y8           LUT5 (Prop_lut5_I3_O)        0.053    18.222 r  GEN_BRAM.u_core/alu/u_mul/u_mul/GEN_ARRAY.u_mul/u_csa_row0/GEN_CSA_FA[1].u_fa/result[24]_INST_0_i_26/O
                         net (fo=2, routed)           0.582    18.805    GEN_BRAM.u_core/alu/u_mul/u_mul/GEN_ARRAY.u_mul/u_csa_row0/GEN_CSA_FA[1].u_fa/stage_sum[20]_33[24]
    SLICE_X8Y9           LUT3 (Prop_lut3_I1_O)        0.053    18.858 r  GEN_BRAM.u_core/alu/u_mul/u_mul/GEN_ARRAY.u_mul/u_csa_row0/GEN_CSA_FA[1].u_fa/result[26]_INST_0_i_32/O
                         net (fo=2, routed)           0.466    19.324    GEN_BRAM.u_core/alu/u_mul/u_mul/GEN_ARRAY.u_mul/u_csa_row0/GEN_CSA_FA[1].u_fa/stage_carry[21]_53[25]
    SLICE_X8Y9           LUT5 (Prop_lut5_I3_O)        0.053    19.377 r  GEN_BRAM.u_core/alu/u_mul/u_mul/GEN_ARRAY.u_mul/u_csa_row0/GEN_CSA_FA[1].u_fa/result[26]_INST_0_i_16/O
                         net (fo=2, routed)           0.479    19.855    GEN_BRAM.u_core/alu/u_mul/u_mul/GEN_ARRAY.u_mul/u_csa_row0/GEN_CSA_FA[1].u_fa/stage_carry[22]_20[26]
    SLICE_X8Y8           LUT3 (Prop_lut3_I0_O)        0.053    19.908 r  GEN_BRAM.u_core/alu/u_mul/u_mul/GEN_ARRAY.u_mul/u_csa_row0/GEN_CSA_FA[1].u_fa/result[28]_INST_0_i_42/O
                         net (fo=2, routed)           0.426    20.334    GEN_BRAM.u_core/alu/u_mul/u_mul/GEN_ARRAY.u_mul/u_csa_row0/GEN_CSA_FA[1].u_fa/stage_carry[23]_54[27]
    SLICE_X8Y7           LUT5 (Prop_lut5_I3_O)        0.053    20.387 r  GEN_BRAM.u_core/alu/u_mul/u_mul/GEN_ARRAY.u_mul/u_csa_row0/GEN_CSA_FA[1].u_fa/result[28]_INST_0_i_25/O
                         net (fo=2, routed)           0.407    20.794    GEN_BRAM.u_core/alu/u_mul/u_mul/GEN_ARRAY.u_mul/u_csa_row0/GEN_CSA_FA[1].u_fa/stage_carry[24]_22[28]
    SLICE_X11Y7          LUT3 (Prop_lut3_I0_O)        0.053    20.847 r  GEN_BRAM.u_core/alu/u_mul/u_mul/GEN_ARRAY.u_mul/u_csa_row0/GEN_CSA_FA[1].u_fa/result[28]_INST_0_i_8/O
                         net (fo=2, routed)           0.598    21.445    GEN_BRAM.u_core/alu/u_mul/u_mul/GEN_ARRAY.u_mul/u_csa_row0/GEN_CSA_FA[1].u_fa/stage_sum[25]_25[28]
    SLICE_X16Y10         LUT6 (Prop_lut6_I5_O)        0.053    21.498 r  GEN_BRAM.u_core/alu/u_mul/u_mul/GEN_ARRAY.u_mul/u_csa_row0/GEN_CSA_FA[1].u_fa/result[30]_INST_0_i_9/O
                         net (fo=2, routed)           0.424    21.922    GEN_BRAM.u_core/alu/u_mul/u_mul/GEN_ARRAY.u_mul/u_csa_row0/GEN_CSA_FA[1].u_fa/stage_carry[26]_24[29]
    SLICE_X16Y11         LUT6 (Prop_lut6_I4_O)        0.053    21.975 r  GEN_BRAM.u_core/alu/u_mul/u_mul/GEN_ARRAY.u_mul/u_csa_row0/GEN_CSA_FA[1].u_fa/result[30]_INST_0_i_4/O
                         net (fo=2, routed)           0.441    22.416    GEN_BRAM.u_core/alu/u_mul/u_mul/GEN_ARRAY.u_mul/u_csa_row0/GEN_CSA_FA[1].u_fa/stage_sum[27]_27[29]
    SLICE_X15Y11         LUT3 (Prop_lut3_I2_O)        0.056    22.472 r  GEN_BRAM.u_core/alu/u_mul/u_mul/GEN_ARRAY.u_mul/u_csa_row0/GEN_CSA_FA[1].u_fa/result[30]_INST_0_i_1/O
                         net (fo=5, routed)           0.738    23.210    GEN_BRAM.u_core/alu/u_mul/u_mul/GEN_ARRAY.u_mul/u_csa_row0/GEN_CSA_FA[1].u_fa/stage_carry[28]_26[30]
    SLICE_X15Y11         LUT5 (Prop_lut5_I1_O)        0.181    23.391 r  GEN_BRAM.u_core/alu/u_mul/u_mul/GEN_ARRAY.u_mul/u_csa_row0/GEN_CSA_FA[1].u_fa/result[1]_INST_0_i_6/O
                         net (fo=2, routed)           0.407    23.797    GEN_BRAM.u_core/alu/u_mul/u_mul/GEN_ARRAY.u_mul/u_csa_row0/GEN_CSA_FA[1].u_fa/u_final_cpa/GEN_FINAL_FA[32].u_fa/c2
    SLICE_X15Y12         LUT5 (Prop_lut5_I2_O)        0.180    23.977 r  GEN_BRAM.u_core/alu/u_mul/u_mul/GEN_ARRAY.u_mul/u_csa_row0/GEN_CSA_FA[1].u_fa/result[2]_INST_0_i_9/O
                         net (fo=2, routed)           0.448    24.426    GEN_BRAM.u_core/alu/u_mul/u_mul/GEN_ARRAY.u_mul/u_csa_row0/GEN_CSA_FA[1].u_fa/u_final_cpa/GEN_FINAL_FA[33].u_fa/c2
    SLICE_X15Y12         LUT5 (Prop_lut5_I2_O)        0.187    24.613 r  GEN_BRAM.u_core/alu/u_mul/u_mul/GEN_ARRAY.u_mul/u_csa_row0/GEN_CSA_FA[1].u_fa/result[4]_INST_0_i_14/O
                         net (fo=3, routed)           0.263    24.876    GEN_BRAM.u_core/alu/u_mul/u_mul/GEN_ARRAY.u_mul/u_csa_row0/GEN_CSA_FA[1].u_fa/u_final_cpa/c_35
    SLICE_X16Y12         LUT6 (Prop_lut6_I4_O)        0.169    25.045 r  GEN_BRAM.u_core/alu/u_mul/u_mul/GEN_ARRAY.u_mul/u_csa_row0/GEN_CSA_FA[1].u_fa/result[6]_INST_0_i_12/O
                         net (fo=3, routed)           0.326    25.371    GEN_BRAM.u_core/alu/u_mul/u_mul/GEN_ARRAY.u_mul/u_csa_row0/GEN_CSA_FA[1].u_fa/u_final_cpa/c_37
    SLICE_X16Y13         LUT6 (Prop_lut6_I4_O)        0.053    25.424 r  GEN_BRAM.u_core/alu/u_mul/u_mul/GEN_ARRAY.u_mul/u_csa_row0/GEN_CSA_FA[1].u_fa/result[8]_INST_0_i_13/O
                         net (fo=3, routed)           0.322    25.746    GEN_BRAM.u_core/alu/u_mul/u_mul/GEN_ARRAY.u_mul/u_csa_row0/GEN_CSA_FA[1].u_fa/u_final_cpa/c_39
    SLICE_X16Y14         LUT6 (Prop_lut6_I4_O)        0.053    25.799 r  GEN_BRAM.u_core/alu/u_mul/u_mul/GEN_ARRAY.u_mul/u_csa_row0/GEN_CSA_FA[1].u_fa/result[10]_INST_0_i_12/O
                         net (fo=3, routed)           0.153    25.953    GEN_BRAM.u_core/alu/u_mul/u_mul/GEN_ARRAY.u_mul/u_csa_row0/GEN_CSA_FA[1].u_fa/u_final_cpa/c_41
    SLICE_X16Y14         LUT6 (Prop_lut6_I4_O)        0.053    26.006 r  GEN_BRAM.u_core/alu/u_mul/u_mul/GEN_ARRAY.u_mul/u_csa_row0/GEN_CSA_FA[1].u_fa/result[12]_INST_0_i_13/O
                         net (fo=3, routed)           0.249    26.254    GEN_BRAM.u_core/alu/u_mul/u_mul/GEN_ARRAY.u_mul/u_csa_row0/GEN_CSA_FA[1].u_fa/u_final_cpa/c_43
    SLICE_X16Y15         LUT6 (Prop_lut6_I4_O)        0.053    26.307 r  GEN_BRAM.u_core/alu/u_mul/u_mul/GEN_ARRAY.u_mul/u_csa_row0/GEN_CSA_FA[1].u_fa/result[14]_INST_0_i_12/O
                         net (fo=3, routed)           0.298    26.606    GEN_BRAM.u_core/alu/u_mul/u_mul/GEN_ARRAY.u_mul/u_csa_row0/GEN_CSA_FA[1].u_fa/u_final_cpa/c_45
    SLICE_X17Y15         LUT6 (Prop_lut6_I4_O)        0.053    26.659 r  GEN_BRAM.u_core/alu/u_mul/u_mul/GEN_ARRAY.u_mul/u_csa_row0/GEN_CSA_FA[1].u_fa/result[16]_INST_0_i_13/O
                         net (fo=3, routed)           0.309    26.968    GEN_BRAM.u_core/alu/u_mul/u_mul/GEN_ARRAY.u_mul/u_csa_row0/GEN_CSA_FA[1].u_fa/u_final_cpa/c_47
    SLICE_X17Y16         LUT6 (Prop_lut6_I4_O)        0.053    27.021 r  GEN_BRAM.u_core/alu/u_mul/u_mul/GEN_ARRAY.u_mul/u_csa_row0/GEN_CSA_FA[1].u_fa/result[18]_INST_0_i_12/O
                         net (fo=3, routed)           0.138    27.159    GEN_BRAM.u_core/alu/u_mul/u_mul/GEN_ARRAY.u_mul/u_csa_row0/GEN_CSA_FA[1].u_fa/u_final_cpa/c_49
    SLICE_X17Y16         LUT6 (Prop_lut6_I4_O)        0.053    27.212 r  GEN_BRAM.u_core/alu/u_mul/u_mul/GEN_ARRAY.u_mul/u_csa_row0/GEN_CSA_FA[1].u_fa/result[20]_INST_0_i_13/O
                         net (fo=3, routed)           0.244    27.456    GEN_BRAM.u_core/alu/u_mul/u_mul/GEN_ARRAY.u_mul/u_csa_row0/GEN_CSA_FA[1].u_fa/u_final_cpa/c_51
    SLICE_X17Y17         LUT6 (Prop_lut6_I4_O)        0.053    27.509 r  GEN_BRAM.u_core/alu/u_mul/u_mul/GEN_ARRAY.u_mul/u_csa_row0/GEN_CSA_FA[1].u_fa/result[22]_INST_0_i_12/O
                         net (fo=3, routed)           0.138    27.647    GEN_BRAM.u_core/alu/u_mul/u_mul/GEN_ARRAY.u_mul/u_csa_row0/GEN_CSA_FA[1].u_fa/u_final_cpa/c_53
    SLICE_X17Y17         LUT6 (Prop_lut6_I4_O)        0.053    27.700 r  GEN_BRAM.u_core/alu/u_mul/u_mul/GEN_ARRAY.u_mul/u_csa_row0/GEN_CSA_FA[1].u_fa/result[24]_INST_0_i_13/O
                         net (fo=3, routed)           0.366    28.066    GEN_BRAM.u_core/alu/u_mul/u_mul/GEN_ARRAY.u_mul/u_csa_row0/GEN_CSA_FA[1].u_fa/u_final_cpa/c_55
    SLICE_X17Y18         LUT6 (Prop_lut6_I4_O)        0.053    28.119 r  GEN_BRAM.u_core/alu/u_mul/u_mul/GEN_ARRAY.u_mul/u_csa_row0/GEN_CSA_FA[1].u_fa/result[26]_INST_0_i_12/O
                         net (fo=3, routed)           0.374    28.493    GEN_BRAM.u_core/alu/u_mul/u_mul/GEN_ARRAY.u_mul/u_csa_row0/GEN_CSA_FA[1].u_fa/u_final_cpa/c_57
    SLICE_X15Y18         LUT5 (Prop_lut5_I4_O)        0.053    28.546 r  GEN_BRAM.u_core/alu/u_mul/u_mul/GEN_ARRAY.u_mul/u_csa_row0/GEN_CSA_FA[1].u_fa/result[25]_INST_0_i_2/O
                         net (fo=2, routed)           0.000    28.546    GEN_BRAM.u_core/alu/u_mul/u_mul/GEN_ARRAY.u_mul/u_csa_row0/GEN_CSA_FA[1].u_fa/p_0_in[57]
    SLICE_X15Y18         CARRY4 (Prop_carry4_S[0]_O[0])
                                                      0.147    28.693 r  GEN_BRAM.u_core/alu/u_mul/u_mul/GEN_ARRAY.u_mul/u_csa_row0/GEN_CSA_FA[1].u_fa/result[28]_INST_0_i_4/O[0]
                         net (fo=1, routed)           0.358    29.051    GEN_BRAM.u_core/alu/u_mul/u_mul/GEN_ARRAY.u_mul/u_csa_row0/GEN_CSA_FA[1].u_fa/signed_product0[57]
    SLICE_X14Y18         LUT5 (Prop_lut5_I4_O)        0.155    29.206 r  GEN_BRAM.u_core/alu/u_mul/u_mul/GEN_ARRAY.u_mul/u_csa_row0/GEN_CSA_FA[1].u_fa/result[25]_INST_0/O
                         net (fo=1, routed)           0.344    29.550    GEN_BRAM.u_core/alu_mux_b/result[2]
    SLICE_X19Y19         LUT6 (Prop_lut6_I2_O)        0.053    29.603 r  GEN_BRAM.u_core/alu_mux_b/debug_alu_out_OBUF[25]_inst_i_4/O
                         net (fo=1, routed)           0.127    29.731    GEN_BRAM.u_core/reg_file/pc_reg[25]
    SLICE_X19Y19         LUT6 (Prop_lut6_I5_O)        0.053    29.784 r  GEN_BRAM.u_core/reg_file/debug_alu_out_OBUF[25]_inst_i_1/O
                         net (fo=3, routed)           0.306    30.089    GEN_BRAM.u_core/wb_mux/debug_alu_out_OBUF[25]
    SLICE_X18Y19         LUT6 (Prop_lut6_I0_O)        0.053    30.142 r  GEN_BRAM.u_core/wb_mux/registers_reg_r1_0_31_24_29_i_8/O
                         net (fo=1, routed)           0.405    30.547    GEN_BRAM.u_core/divider/wb_exec[25]
    SLICE_X17Y19         LUT6 (Prop_lut6_I5_O)        0.053    30.600 r  GEN_BRAM.u_core/divider/registers_reg_r1_0_31_24_29_i_1/O
                         net (fo=2, routed)           0.398    30.998    GEN_BRAM.u_core/reg_file/registers_reg_r2_0_31_24_29/DIA1
    SLICE_X16Y19         RAMD32                                       r  GEN_BRAM.u_core/reg_file/registers_reg_r2_0_31_24_29/RAMA_D1/I
  -------------------------------------------------------------------    -------------------

                         (clock sys_clk rise edge)   30.000    30.000 r  
    AD23                                              0.000    30.000 r  clk (IN)
                         net (fo=0)                   0.000    30.000    clk
    AD23                 IBUF (Prop_ibuf_I_O)         0.796    30.796 r  clk_IBUF_inst/O
                         net (fo=1, routed)           1.741    32.537    clk_IBUF
    BUFGCTRL_X0Y0        BUFG (Prop_bufg_I_O)         0.113    32.650 r  clk_IBUF_BUFG_inst/O
                         net (fo=350, routed)         1.534    34.184    GEN_BRAM.u_core/reg_file/registers_reg_r2_0_31_24_29/WCLK
    SLICE_X16Y19         RAMD32                                       r  GEN_BRAM.u_core/reg_file/registers_reg_r2_0_31_24_29/RAMA_D1/CLK
                         clock pessimism              0.256    34.441    
                         clock uncertainty           -0.035    34.405    
    SLICE_X16Y19         RAMD32 (Setup_ramd32_CLK_I)
                                                     -0.166    34.239    GEN_BRAM.u_core/reg_file/registers_reg_r2_0_31_24_29/RAMA_D1
  -------------------------------------------------------------------
                         required time                         34.239    
                         arrival time                         -30.998    
  -------------------------------------------------------------------
                         slack                                  3.242    

Slack (MET) :             3.283ns  (required time - arrival time)
  Source:                 GEN_BRAM.u_core/ir_reg[17]/C
                            (rising edge-triggered cell FDCE clocked by sys_clk  {rise@0.000ns fall@15.000ns period=30.000ns})
  Destination:            GEN_BRAM.u_core/reg_file/registers_reg_r1_0_31_24_29/RAMA_D1/I
                            (rising edge-triggered cell RAMD32 clocked by sys_clk  {rise@0.000ns fall@15.000ns period=30.000ns})
  Path Group:             sys_clk
  Path Type:              Setup (Max at Slow Process Corner)
  Requirement:            30.000ns  (sys_clk rise@30.000ns - sys_clk rise@0.000ns)
  Data Path Delay:        26.488ns  (logic 3.956ns (14.935%)  route 22.532ns (85.065%))
  Logic Levels:           54  (CARRY4=1 LUT3=14 LUT4=2 LUT5=17 LUT6=19 RAMD32=1)
  Clock Path Skew:        -0.028ns (DCD - SCD + CPR)
    Destination Clock Delay (DCD):    4.185ns = ( 34.185 - 30.000 ) 
    Source Clock Delay      (SCD):    4.470ns
    Clock Pessimism Removal (CPR):    0.256ns
  Clock Uncertainty:      0.035ns  ((TSJ^2 + TIJ^2)^1/2 + DJ) / 2 + PE
    Total System Jitter     (TSJ):    0.071ns
    Total Input Jitter      (TIJ):    0.000ns
    Discrete Jitter          (DJ):    0.000ns
    Phase Error              (PE):    0.000ns

    Location             Delay type                Incr(ns)  Path(ns)    Netlist Resource(s)
  -------------------------------------------------------------------    -------------------
                         (clock sys_clk rise edge)    0.000     0.000 r  
    AD23                                              0.000     0.000 r  clk (IN)
                         net (fo=0)                   0.000     0.000    clk
    AD23                 IBUF (Prop_ibuf_I_O)         0.873     0.873 r  clk_IBUF_inst/O
                         net (fo=1, routed)           1.830     2.703    clk_IBUF
    BUFGCTRL_X0Y0        BUFG (Prop_bufg_I_O)         0.120     2.823 r  clk_IBUF_BUFG_inst/O
                         net (fo=350, routed)         1.647     4.470    GEN_BRAM.u_core/clk_IBUF_BUFG
    SLICE_X13Y17         FDCE                                         r  GEN_BRAM.u_core/ir_reg[17]/C
  -------------------------------------------------------------------    -------------------
    SLICE_X13Y17         FDCE (Prop_fdce_C_Q)         0.269     4.739 r  GEN_BRAM.u_core/ir_reg[17]/Q
                         net (fo=97, routed)          0.894     5.633    GEN_BRAM.u_core/reg_file/registers_reg_r1_0_31_30_31__0/DPRA2
    SLICE_X14Y20         RAMD32 (Prop_ramd32_RADR2_O)
                                                      0.063     5.696 r  GEN_BRAM.u_core/reg_file/registers_reg_r1_0_31_30_31__0/DP/O
                         net (fo=11, routed)          0.758     6.454    GEN_BRAM.u_core/alu_mux_a/dataR10[31]
    SLICE_X11Y23         LUT4 (Prop_lut4_I1_O)        0.164     6.618 f  GEN_BRAM.u_core/alu_mux_a/u_adder_i_1/O
                         net (fo=96, routed)          0.579     7.196    GEN_BRAM.u_core/alu/u_mul/u_mul/GEN_ARRAY.u_mul/u_csa_row0/GEN_CSA_FA[1].u_fa/result[31]_INST_0_i_35_n_0
    SLICE_X10Y16         LUT4 (Prop_lut4_I0_O)        0.053     7.249 r  GEN_BRAM.u_core/alu/u_mul/u_mul/GEN_ARRAY.u_mul/u_csa_row0/GEN_CSA_FA[1].u_fa/result[2]_INST_0_i_3/O
                         net (fo=149, routed)         1.003     8.253    GEN_BRAM.u_core/alu/u_mul/u_mul/GEN_ARRAY.u_mul/u_csa_row0/GEN_CSA_FA[1].u_fa/result[2]_INST_0_i_3_n_0
    SLICE_X12Y14         LUT6 (Prop_lut6_I1_O)        0.053     8.306 r  GEN_BRAM.u_core/alu/u_mul/u_mul/GEN_ARRAY.u_mul/u_csa_row0/GEN_CSA_FA[1].u_fa/result[6]_INST_0_i_52/O
                         net (fo=2, routed)           0.330     8.636    GEN_BRAM.u_core/alu/u_mul/u_mul/GEN_ARRAY.u_mul/u_csa_row0/GEN_CSA_FA[1].u_fa/pp[2]_91[6]
    SLICE_X12Y14         LUT6 (Prop_lut6_I5_O)        0.053     8.689 r  GEN_BRAM.u_core/alu/u_mul/u_mul/GEN_ARRAY.u_mul/u_csa_row0/GEN_CSA_FA[1].u_fa/result[6]_INST_0_i_35/O
                         net (fo=3, routed)           0.479     9.168    GEN_BRAM.u_core/alu/u_mul/u_mul/GEN_ARRAY.u_mul/u_csa_row0/GEN_CSA_FA[1].u_fa/stage_sum[0]_28[6]
    SLICE_X12Y14         LUT3 (Prop_lut3_I1_O)        0.053     9.221 r  GEN_BRAM.u_core/alu/u_mul/u_mul/GEN_ARRAY.u_mul/u_csa_row0/GEN_CSA_FA[1].u_fa/result[8]_INST_0_i_67/O
                         net (fo=2, routed)           0.492     9.713    GEN_BRAM.u_core/alu/u_mul/u_mul/GEN_ARRAY.u_mul/u_csa_row0/GEN_CSA_FA[1].u_fa/stage_carry[1]_43[7]
    SLICE_X11Y14         LUT5 (Prop_lut5_I3_O)        0.053     9.766 r  GEN_BRAM.u_core/alu/u_mul/u_mul/GEN_ARRAY.u_mul/u_csa_row0/GEN_CSA_FA[1].u_fa/result[8]_INST_0_i_44/O
                         net (fo=3, routed)           0.306    10.072    GEN_BRAM.u_core/alu/u_mul/u_mul/GEN_ARRAY.u_mul/u_csa_row0/GEN_CSA_FA[1].u_fa/stage_carry[2]_0[8]
    SLICE_X10Y14         LUT3 (Prop_lut3_I0_O)        0.053    10.125 r  GEN_BRAM.u_core/alu/u_mul/u_mul/GEN_ARRAY.u_mul/u_csa_row0/GEN_CSA_FA[1].u_fa/result[10]_INST_0_i_52/O
                         net (fo=2, routed)           0.436    10.561    GEN_BRAM.u_core/alu/u_mul/u_mul/GEN_ARRAY.u_mul/u_csa_row0/GEN_CSA_FA[1].u_fa/stage_carry[3]_44[9]
    SLICE_X9Y14          LUT5 (Prop_lut5_I3_O)        0.053    10.614 r  GEN_BRAM.u_core/alu/u_mul/u_mul/GEN_ARRAY.u_mul/u_csa_row0/GEN_CSA_FA[1].u_fa/result[10]_INST_0_i_34/O
                         net (fo=3, routed)           0.435    11.048    GEN_BRAM.u_core/alu/u_mul/u_mul/GEN_ARRAY.u_mul/u_csa_row0/GEN_CSA_FA[1].u_fa/stage_carry[4]_2[10]
    SLICE_X7Y14          LUT3 (Prop_lut3_I0_O)        0.053    11.101 r  GEN_BRAM.u_core/alu/u_mul/u_mul/GEN_ARRAY.u_mul/u_csa_row0/GEN_CSA_FA[1].u_fa/result[12]_INST_0_i_69/O
                         net (fo=2, routed)           0.204    11.305    GEN_BRAM.u_core/alu/u_mul/u_mul/GEN_ARRAY.u_mul/u_csa_row0/GEN_CSA_FA[1].u_fa/stage_carry[5]_45[11]
    SLICE_X7Y14          LUT5 (Prop_lut5_I3_O)        0.053    11.358 r  GEN_BRAM.u_core/alu/u_mul/u_mul/GEN_ARRAY.u_mul/u_csa_row0/GEN_CSA_FA[1].u_fa/result[12]_INST_0_i_45/O
                         net (fo=3, routed)           0.687    12.045    GEN_BRAM.u_core/alu/u_mul/u_mul/GEN_ARRAY.u_mul/u_csa_row0/GEN_CSA_FA[1].u_fa/stage_carry[6]_4[12]
    SLICE_X8Y12          LUT3 (Prop_lut3_I0_O)        0.053    12.098 r  GEN_BRAM.u_core/alu/u_mul/u_mul/GEN_ARRAY.u_mul/u_csa_row0/GEN_CSA_FA[1].u_fa/result[14]_INST_0_i_52/O
                         net (fo=2, routed)           0.617    12.714    GEN_BRAM.u_core/alu/u_mul/u_mul/GEN_ARRAY.u_mul/u_csa_row0/GEN_CSA_FA[1].u_fa/stage_carry[7]_46[13]
    SLICE_X7Y11          LUT5 (Prop_lut5_I3_O)        0.053    12.767 r  GEN_BRAM.u_core/alu/u_mul/u_mul/GEN_ARRAY.u_mul/u_csa_row0/GEN_CSA_FA[1].u_fa/result[14]_INST_0_i_34/O
                         net (fo=3, routed)           0.325    13.093    GEN_BRAM.u_core/alu/u_mul/u_mul/GEN_ARRAY.u_mul/u_csa_row0/GEN_CSA_FA[1].u_fa/stage_carry[8]_6[14]
    SLICE_X7Y11          LUT3 (Prop_lut3_I0_O)        0.053    13.146 r  GEN_BRAM.u_core/alu/u_mul/u_mul/GEN_ARRAY.u_mul/u_csa_row0/GEN_CSA_FA[1].u_fa/result[16]_INST_0_i_67/O
                         net (fo=2, routed)           0.368    13.514    GEN_BRAM.u_core/alu/u_mul/u_mul/GEN_ARRAY.u_mul/u_csa_row0/GEN_CSA_FA[1].u_fa/stage_carry[9]_47[15]
    SLICE_X6Y11          LUT5 (Prop_lut5_I3_O)        0.053    13.567 r  GEN_BRAM.u_core/alu/u_mul/u_mul/GEN_ARRAY.u_mul/u_csa_row0/GEN_CSA_FA[1].u_fa/result[16]_INST_0_i_44/O
                         net (fo=3, routed)           0.347    13.914    GEN_BRAM.u_core/alu/u_mul/u_mul/GEN_ARRAY.u_mul/u_csa_row0/GEN_CSA_FA[1].u_fa/stage_carry[10]_8[16]
    SLICE_X3Y11          LUT3 (Prop_lut3_I0_O)        0.053    13.967 r  GEN_BRAM.u_core/alu/u_mul/u_mul/GEN_ARRAY.u_mul/u_csa_row0/GEN_CSA_FA[1].u_fa/result[18]_INST_0_i_52/O
                         net (fo=2, routed)           0.423    14.390    GEN_BRAM.u_core/alu/u_mul/u_mul/GEN_ARRAY.u_mul/u_csa_row0/GEN_CSA_FA[1].u_fa/stage_carry[11]_48[17]
    SLICE_X3Y13          LUT5 (Prop_lut5_I3_O)        0.053    14.443 r  GEN_BRAM.u_core/alu/u_mul/u_mul/GEN_ARRAY.u_mul/u_csa_row0/GEN_CSA_FA[1].u_fa/result[18]_INST_0_i_34/O
                         net (fo=3, routed)           0.533    14.976    GEN_BRAM.u_core/alu/u_mul/u_mul/GEN_ARRAY.u_mul/u_csa_row0/GEN_CSA_FA[1].u_fa/stage_carry[12]_10[18]
    SLICE_X7Y10          LUT3 (Prop_lut3_I0_O)        0.053    15.029 r  GEN_BRAM.u_core/alu/u_mul/u_mul/GEN_ARRAY.u_mul/u_csa_row0/GEN_CSA_FA[1].u_fa/result[20]_INST_0_i_67/O
                         net (fo=2, routed)           0.502    15.530    GEN_BRAM.u_core/alu/u_mul/u_mul/GEN_ARRAY.u_mul/u_csa_row0/GEN_CSA_FA[1].u_fa/stage_carry[13]_49[19]
    SLICE_X9Y10          LUT5 (Prop_lut5_I3_O)        0.053    15.583 r  GEN_BRAM.u_core/alu/u_mul/u_mul/GEN_ARRAY.u_mul/u_csa_row0/GEN_CSA_FA[1].u_fa/result[20]_INST_0_i_44/O
                         net (fo=3, routed)           0.384    15.967    GEN_BRAM.u_core/alu/u_mul/u_mul/GEN_ARRAY.u_mul/u_csa_row0/GEN_CSA_FA[1].u_fa/stage_carry[14]_12[20]
    SLICE_X8Y10          LUT3 (Prop_lut3_I0_O)        0.053    16.020 r  GEN_BRAM.u_core/alu/u_mul/u_mul/GEN_ARRAY.u_mul/u_csa_row0/GEN_CSA_FA[1].u_fa/result[22]_INST_0_i_52/O
                         net (fo=2, routed)           0.376    16.396    GEN_BRAM.u_core/alu/u_mul/u_mul/GEN_ARRAY.u_mul/u_csa_row0/GEN_CSA_FA[1].u_fa/stage_carry[15]_50[21]
    SLICE_X7Y10          LUT5 (Prop_lut5_I3_O)        0.053    16.449 r  GEN_BRAM.u_core/alu/u_mul/u_mul/GEN_ARRAY.u_mul/u_csa_row0/GEN_CSA_FA[1].u_fa/result[22]_INST_0_i_34/O
                         net (fo=3, routed)           0.481    16.929    GEN_BRAM.u_core/alu/u_mul/u_mul/GEN_ARRAY.u_mul/u_csa_row0/GEN_CSA_FA[1].u_fa/stage_carry[16]_14[22]
    SLICE_X6Y9           LUT3 (Prop_lut3_I0_O)        0.053    16.982 r  GEN_BRAM.u_core/alu/u_mul/u_mul/GEN_ARRAY.u_mul/u_csa_row0/GEN_CSA_FA[1].u_fa/result[24]_INST_0_i_67/O
                         net (fo=2, routed)           0.340    17.323    GEN_BRAM.u_core/alu/u_mul/u_mul/GEN_ARRAY.u_mul/u_csa_row0/GEN_CSA_FA[1].u_fa/stage_carry[17]_51[23]
    SLICE_X3Y9           LUT5 (Prop_lut5_I3_O)        0.053    17.376 r  GEN_BRAM.u_core/alu/u_mul/u_mul/GEN_ARRAY.u_mul/u_csa_row0/GEN_CSA_FA[1].u_fa/result[24]_INST_0_i_40/O
                         net (fo=3, routed)           0.433    17.809    GEN_BRAM.u_core/alu/u_mul/u_mul/GEN_ARRAY.u_mul/u_csa_row0/GEN_CSA_FA[1].u_fa/stage_sum[18]_34[23]
    SLICE_X5Y8           LUT3 (Prop_lut3_I1_O)        0.053    17.862 r  GEN_BRAM.u_core/alu/u_mul/u_mul/GEN_ARRAY.u_mul/u_csa_row0/GEN_CSA_FA[1].u_fa/result[24]_INST_0_i_47/O
                         net (fo=2, routed)           0.308    18.169    GEN_BRAM.u_core/alu/u_mul/u_mul/GEN_ARRAY.u_mul/u_csa_row0/GEN_CSA_FA[1].u_fa/stage_carry[19]_52[24]
    SLICE_X5Y8           LUT5 (Prop_lut5_I3_O)        0.053    18.222 r  GEN_BRAM.u_core/alu/u_mul/u_mul/GEN_ARRAY.u_mul/u_csa_row0/GEN_CSA_FA[1].u_fa/result[24]_INST_0_i_26/O
                         net (fo=2, routed)           0.582    18.805    GEN_BRAM.u_core/alu/u_mul/u_mul/GEN_ARRAY.u_mul/u_csa_row0/GEN_CSA_FA[1].u_fa/stage_sum[20]_33[24]
    SLICE_X8Y9           LUT3 (Prop_lut3_I1_O)        0.053    18.858 r  GEN_BRAM.u_core/alu/u_mul/u_mul/GEN_ARRAY.u_mul/u_csa_row0/GEN_CSA_FA[1].u_fa/result[26]_INST_0_i_32/O
                         net (fo=2, routed)           0.466    19.324    GEN_BRAM.u_core/alu/u_mul/u_mul/GEN_ARRAY.u_mul/u_csa_row0/GEN_CSA_FA[1].u_fa/stage_carry[21]_53[25]
    SLICE_X8Y9           LUT5 (Prop_lut5_I3_O)        0.053    19.377 r  GEN_BRAM.u_core/alu/u_mul/u_mul/GEN_ARRAY.u_mul/u_csa_row0/GEN_CSA_FA[1].u_fa/result[26]_INST_0_i_16/O
                         net (fo=2, routed)           0.479    19.855    GEN_BRAM.u_core/alu/u_mul/u_mul/GEN_ARRAY.u_mul/u_csa_row0/GEN_CSA_FA[1].u_fa/stage_carry[22]_20[26]
    SLICE_X8Y8           LUT3 (Prop_lut3_I0_O)        0.053    19.908 r  GEN_BRAM.u_core/alu/u_mul/u_mul/GEN_ARRAY.u_mul/u_csa_row0/GEN_CSA_FA[1].u_fa/result[28]_INST_0_i_42/O
                         net (fo=2, routed)           0.426    20.334    GEN_BRAM.u_core/alu/u_mul/u_mul/GEN_ARRAY.u_mul/u_csa_row0/GEN_CSA_FA[1].u_fa/stage_carry[23]_54[27]
    SLICE_X8Y7           LUT5 (Prop_lut5_I3_O)        0.053    20.387 r  GEN_BRAM.u_core/alu/u_mul/u_mul/GEN_ARRAY.u_mul/u_csa_row0/GEN_CSA_FA[1].u_fa/result[28]_INST_0_i_25/O
                         net (fo=2, routed)           0.407    20.794    GEN_BRAM.u_core/alu/u_mul/u_mul/GEN_ARRAY.u_mul/u_csa_row0/GEN_CSA_FA[1].u_fa/stage_carry[24]_22[28]
    SLICE_X11Y7          LUT3 (Prop_lut3_I0_O)        0.053    20.847 r  GEN_BRAM.u_core/alu/u_mul/u_mul/GEN_ARRAY.u_mul/u_csa_row0/GEN_CSA_FA[1].u_fa/result[28]_INST_0_i_8/O
                         net (fo=2, routed)           0.598    21.445    GEN_BRAM.u_core/alu/u_mul/u_mul/GEN_ARRAY.u_mul/u_csa_row0/GEN_CSA_FA[1].u_fa/stage_sum[25]_25[28]
    SLICE_X16Y10         LUT6 (Prop_lut6_I5_O)        0.053    21.498 r  GEN_BRAM.u_core/alu/u_mul/u_mul/GEN_ARRAY.u_mul/u_csa_row0/GEN_CSA_FA[1].u_fa/result[30]_INST_0_i_9/O
                         net (fo=2, routed)           0.424    21.922    GEN_BRAM.u_core/alu/u_mul/u_mul/GEN_ARRAY.u_mul/u_csa_row0/GEN_CSA_FA[1].u_fa/stage_carry[26]_24[29]
    SLICE_X16Y11         LUT6 (Prop_lut6_I4_O)        0.053    21.975 r  GEN_BRAM.u_core/alu/u_mul/u_mul/GEN_ARRAY.u_mul/u_csa_row0/GEN_CSA_FA[1].u_fa/result[30]_INST_0_i_4/O
                         net (fo=2, routed)           0.441    22.416    GEN_BRAM.u_core/alu/u_mul/u_mul/GEN_ARRAY.u_mul/u_csa_row0/GEN_CSA_FA[1].u_fa/stage_sum[27]_27[29]
    SLICE_X15Y11         LUT3 (Prop_lut3_I2_O)        0.056    22.472 r  GEN_BRAM.u_core/alu/u_mul/u_mul/GEN_ARRAY.u_mul/u_csa_row0/GEN_CSA_FA[1].u_fa/result[30]_INST_0_i_1/O
                         net (fo=5, routed)           0.738    23.210    GEN_BRAM.u_core/alu/u_mul/u_mul/GEN_ARRAY.u_mul/u_csa_row0/GEN_CSA_FA[1].u_fa/stage_carry[28]_26[30]
    SLICE_X15Y11         LUT5 (Prop_lut5_I1_O)        0.181    23.391 r  GEN_BRAM.u_core/alu/u_mul/u_mul/GEN_ARRAY.u_mul/u_csa_row0/GEN_CSA_FA[1].u_fa/result[1]_INST_0_i_6/O
                         net (fo=2, routed)           0.407    23.797    GEN_BRAM.u_core/alu/u_mul/u_mul/GEN_ARRAY.u_mul/u_csa_row0/GEN_CSA_FA[1].u_fa/u_final_cpa/GEN_FINAL_FA[32].u_fa/c2
    SLICE_X15Y12         LUT5 (Prop_lut5_I2_O)        0.180    23.977 r  GEN_BRAM.u_core/alu/u_mul/u_mul/GEN_ARRAY.u_mul/u_csa_row0/GEN_CSA_FA[1].u_fa/result[2]_INST_0_i_9/O
                         net (fo=2, routed)           0.448    24.426    GEN_BRAM.u_core/alu/u_mul/u_mul/GEN_ARRAY.u_mul/u_csa_row0/GEN_CSA_FA[1].u_fa/u_final_cpa/GEN_FINAL_FA[33].u_fa/c2
    SLICE_X15Y12         LUT5 (Prop_lut5_I2_O)        0.187    24.613 r  GEN_BRAM.u_core/alu/u_mul/u_mul/GEN_ARRAY.u_mul/u_csa_row0/GEN_CSA_FA[1].u_fa/result[4]_INST_0_i_14/O
                         net (fo=3, routed)           0.263    24.876    GEN_BRAM.u_core/alu/u_mul/u_mul/GEN_ARRAY.u_mul/u_csa_row0/GEN_CSA_FA[1].u_fa/u_final_cpa/c_35
    SLICE_X16Y12         LUT6 (Prop_lut6_I4_O)        0.169    25.045 r  GEN_BRAM.u_core/alu/u_mul/u_mul/GEN_ARRAY.u_mul/u_csa_row0/GEN_CSA_FA[1].u_fa/result[6]_INST_0_i_12/O
                         net (fo=3, routed)           0.326    25.371    GEN_BRAM.u_core/alu/u_mul/u_mul/GEN_ARRAY.u_mul/u_csa_row0/GEN_CSA_FA[1].u_fa/u_final_cpa/c_37
    SLICE_X16Y13         LUT6 (Prop_lut6_I4_O)        0.053    25.424 r  GEN_BRAM.u_core/alu/u_mul/u_mul/GEN_ARRAY.u_mul/u_csa_row0/GEN_CSA_FA[1].u_fa/result[8]_INST_0_i_13/O
                         net (fo=3, routed)           0.322    25.746    GEN_BRAM.u_core/alu/u_mul/u_mul/GEN_ARRAY.u_mul/u_csa_row0/GEN_CSA_FA[1].u_fa/u_final_cpa/c_39
    SLICE_X16Y14         LUT6 (Prop_lut6_I4_O)        0.053    25.799 r  GEN_BRAM.u_core/alu/u_mul/u_mul/GEN_ARRAY.u_mul/u_csa_row0/GEN_CSA_FA[1].u_fa/result[10]_INST_0_i_12/O
                         net (fo=3, routed)           0.153    25.953    GEN_BRAM.u_core/alu/u_mul/u_mul/GEN_ARRAY.u_mul/u_csa_row0/GEN_CSA_FA[1].u_fa/u_final_cpa/c_41
    SLICE_X16Y14         LUT6 (Prop_lut6_I4_O)        0.053    26.006 r  GEN_BRAM.u_core/alu/u_mul/u_mul/GEN_ARRAY.u_mul/u_csa_row0/GEN_CSA_FA[1].u_fa/result[12]_INST_0_i_13/O
                         net (fo=3, routed)           0.249    26.254    GEN_BRAM.u_core/alu/u_mul/u_mul/GEN_ARRAY.u_mul/u_csa_row0/GEN_CSA_FA[1].u_fa/u_final_cpa/c_43
    SLICE_X16Y15         LUT6 (Prop_lut6_I4_O)        0.053    26.307 r  GEN_BRAM.u_core/alu/u_mul/u_mul/GEN_ARRAY.u_mul/u_csa_row0/GEN_CSA_FA[1].u_fa/result[14]_INST_0_i_12/O
                         net (fo=3, routed)           0.298    26.606    GEN_BRAM.u_core/alu/u_mul/u_mul/GEN_ARRAY.u_mul/u_csa_row0/GEN_CSA_FA[1].u_fa/u_final_cpa/c_45
    SLICE_X17Y15         LUT6 (Prop_lut6_I4_O)        0.053    26.659 r  GEN_BRAM.u_core/alu/u_mul/u_mul/GEN_ARRAY.u_mul/u_csa_row0/GEN_CSA_FA[1].u_fa/result[16]_INST_0_i_13/O
                         net (fo=3, routed)           0.309    26.968    GEN_BRAM.u_core/alu/u_mul/u_mul/GEN_ARRAY.u_mul/u_csa_row0/GEN_CSA_FA[1].u_fa/u_final_cpa/c_47
    SLICE_X17Y16         LUT6 (Prop_lut6_I4_O)        0.053    27.021 r  GEN_BRAM.u_core/alu/u_mul/u_mul/GEN_ARRAY.u_mul/u_csa_row0/GEN_CSA_FA[1].u_fa/result[18]_INST_0_i_12/O
                         net (fo=3, routed)           0.138    27.159    GEN_BRAM.u_core/alu/u_mul/u_mul/GEN_ARRAY.u_mul/u_csa_row0/GEN_CSA_FA[1].u_fa/u_final_cpa/c_49
    SLICE_X17Y16         LUT6 (Prop_lut6_I4_O)        0.053    27.212 r  GEN_BRAM.u_core/alu/u_mul/u_mul/GEN_ARRAY.u_mul/u_csa_row0/GEN_CSA_FA[1].u_fa/result[20]_INST_0_i_13/O
                         net (fo=3, routed)           0.244    27.456    GEN_BRAM.u_core/alu/u_mul/u_mul/GEN_ARRAY.u_mul/u_csa_row0/GEN_CSA_FA[1].u_fa/u_final_cpa/c_51
    SLICE_X17Y17         LUT6 (Prop_lut6_I4_O)        0.053    27.509 r  GEN_BRAM.u_core/alu/u_mul/u_mul/GEN_ARRAY.u_mul/u_csa_row0/GEN_CSA_FA[1].u_fa/result[22]_INST_0_i_12/O
                         net (fo=3, routed)           0.138    27.647    GEN_BRAM.u_core/alu/u_mul/u_mul/GEN_ARRAY.u_mul/u_csa_row0/GEN_CSA_FA[1].u_fa/u_final_cpa/c_53
    SLICE_X17Y17         LUT6 (Prop_lut6_I4_O)        0.053    27.700 r  GEN_BRAM.u_core/alu/u_mul/u_mul/GEN_ARRAY.u_mul/u_csa_row0/GEN_CSA_FA[1].u_fa/result[24]_INST_0_i_13/O
                         net (fo=3, routed)           0.366    28.066    GEN_BRAM.u_core/alu/u_mul/u_mul/GEN_ARRAY.u_mul/u_csa_row0/GEN_CSA_FA[1].u_fa/u_final_cpa/c_55
    SLICE_X17Y18         LUT6 (Prop_lut6_I4_O)        0.053    28.119 r  GEN_BRAM.u_core/alu/u_mul/u_mul/GEN_ARRAY.u_mul/u_csa_row0/GEN_CSA_FA[1].u_fa/result[26]_INST_0_i_12/O
                         net (fo=3, routed)           0.374    28.493    GEN_BRAM.u_core/alu/u_mul/u_mul/GEN_ARRAY.u_mul/u_csa_row0/GEN_CSA_FA[1].u_fa/u_final_cpa/c_57
    SLICE_X15Y18         LUT5 (Prop_lut5_I4_O)        0.053    28.546 r  GEN_BRAM.u_core/alu/u_mul/u_mul/GEN_ARRAY.u_mul/u_csa_row0/GEN_CSA_FA[1].u_fa/result[25]_INST_0_i_2/O
                         net (fo=2, routed)           0.000    28.546    GEN_BRAM.u_core/alu/u_mul/u_mul/GEN_ARRAY.u_mul/u_csa_row0/GEN_CSA_FA[1].u_fa/p_0_in[57]
    SLICE_X15Y18         CARRY4 (Prop_carry4_S[0]_O[0])
                                                      0.147    28.693 r  GEN_BRAM.u_core/alu/u_mul/u_mul/GEN_ARRAY.u_mul/u_csa_row0/GEN_CSA_FA[1].u_fa/result[28]_INST_0_i_4/O[0]
                         net (fo=1, routed)           0.358    29.051    GEN_BRAM.u_core/alu/u_mul/u_mul/GEN_ARRAY.u_mul/u_csa_row0/GEN_CSA_FA[1].u_fa/signed_product0[57]
    SLICE_X14Y18         LUT5 (Prop_lut5_I4_O)        0.155    29.206 r  GEN_BRAM.u_core/alu/u_mul/u_mul/GEN_ARRAY.u_mul/u_csa_row0/GEN_CSA_FA[1].u_fa/result[25]_INST_0/O
                         net (fo=1, routed)           0.344    29.550    GEN_BRAM.u_core/alu_mux_b/result[2]
    SLICE_X19Y19         LUT6 (Prop_lut6_I2_O)        0.053    29.603 r  GEN_BRAM.u_core/alu_mux_b/debug_alu_out_OBUF[25]_inst_i_4/O
                         net (fo=1, routed)           0.127    29.731    GEN_BRAM.u_core/reg_file/pc_reg[25]
    SLICE_X19Y19         LUT6 (Prop_lut6_I5_O)        0.053    29.784 r  GEN_BRAM.u_core/reg_file/debug_alu_out_OBUF[25]_inst_i_1/O
                         net (fo=3, routed)           0.306    30.089    GEN_BRAM.u_core/wb_mux/debug_alu_out_OBUF[25]
    SLICE_X18Y19         LUT6 (Prop_lut6_I0_O)        0.053    30.142 r  GEN_BRAM.u_core/wb_mux/registers_reg_r1_0_31_24_29_i_8/O
                         net (fo=1, routed)           0.405    30.547    GEN_BRAM.u_core/divider/wb_exec[25]
    SLICE_X17Y19         LUT6 (Prop_lut6_I5_O)        0.053    30.600 r  GEN_BRAM.u_core/divider/registers_reg_r1_0_31_24_29_i_1/O
                         net (fo=2, routed)           0.357    30.957    GEN_BRAM.u_core/reg_file/registers_reg_r1_0_31_24_29/DIA1
    SLICE_X16Y18         RAMD32                                       r  GEN_BRAM.u_core/reg_file/registers_reg_r1_0_31_24_29/RAMA_D1/I
  -------------------------------------------------------------------    -------------------

                         (clock sys_clk rise edge)   30.000    30.000 r  
    AD23                                              0.000    30.000 r  clk (IN)
                         net (fo=0)                   0.000    30.000    clk
    AD23                 IBUF (Prop_ibuf_I_O)         0.796    30.796 r  clk_IBUF_inst/O
                         net (fo=1, routed)           1.741    32.537    clk_IBUF
    BUFGCTRL_X0Y0        BUFG (Prop_bufg_I_O)         0.113    32.650 r  clk_IBUF_BUFG_inst/O
                         net (fo=350, routed)         1.535    34.185    GEN_BRAM.u_core/reg_file/registers_reg_r1_0_31_24_29/WCLK
    SLICE_X16Y18         RAMD32                                       r  GEN_BRAM.u_core/reg_file/registers_reg_r1_0_31_24_29/RAMA_D1/CLK
                         clock pessimism              0.256    34.442    
                         clock uncertainty           -0.035    34.406    
    SLICE_X16Y18         RAMD32 (Setup_ramd32_CLK_I)
                                                     -0.166    34.240    GEN_BRAM.u_core/reg_file/registers_reg_r1_0_31_24_29/RAMA_D1
  -------------------------------------------------------------------
                         required time                         34.240    
                         arrival time                         -30.957    
  -------------------------------------------------------------------
                         slack                                  3.283    

Slack (MET) :             3.447ns  (required time - arrival time)
  Source:                 GEN_BRAM.u_core/ir_reg[17]/C
                            (rising edge-triggered cell FDCE clocked by sys_clk  {rise@0.000ns fall@15.000ns period=30.000ns})
  Destination:            GEN_BRAM.u_core/pc_reg[31]/D
                            (rising edge-triggered cell FDCE clocked by sys_clk  {rise@0.000ns fall@15.000ns period=30.000ns})
  Path Group:             sys_clk
  Path Type:              Setup (Max at Slow Process Corner)
  Requirement:            30.000ns  (sys_clk rise@30.000ns - sys_clk rise@0.000ns)
  Data Path Delay:        26.566ns  (logic 4.052ns (15.252%)  route 22.514ns (84.748%))
  Logic Levels:           56  (CARRY4=1 LUT2=1 LUT3=14 LUT4=2 LUT5=15 LUT6=22 RAMD32=1)
  Clock Path Skew:        -0.023ns (DCD - SCD + CPR)
    Destination Clock Delay (DCD):    4.183ns = ( 34.183 - 30.000 ) 
    Source Clock Delay      (SCD):    4.470ns
    Clock Pessimism Removal (CPR):    0.263ns
  Clock Uncertainty:      0.035ns  ((TSJ^2 + TIJ^2)^1/2 + DJ) / 2 + PE
    Total System Jitter     (TSJ):    0.071ns
    Total Input Jitter      (TIJ):    0.000ns
    Discrete Jitter          (DJ):    0.000ns
    Phase Error              (PE):    0.000ns

    Location             Delay type                Incr(ns)  Path(ns)    Netlist Resource(s)
  -------------------------------------------------------------------    -------------------
                         (clock sys_clk rise edge)    0.000     0.000 r  
    AD23                                              0.000     0.000 r  clk (IN)
                         net (fo=0)                   0.000     0.000    clk
    AD23                 IBUF (Prop_ibuf_I_O)         0.873     0.873 r  clk_IBUF_inst/O
                         net (fo=1, routed)           1.830     2.703    clk_IBUF
    BUFGCTRL_X0Y0        BUFG (Prop_bufg_I_O)         0.120     2.823 r  clk_IBUF_BUFG_inst/O
                         net (fo=350, routed)         1.647     4.470    GEN_BRAM.u_core/clk_IBUF_BUFG
    SLICE_X13Y17         FDCE                                         r  GEN_BRAM.u_core/ir_reg[17]/C
  -------------------------------------------------------------------    -------------------
    SLICE_X13Y17         FDCE (Prop_fdce_C_Q)         0.269     4.739 r  GEN_BRAM.u_core/ir_reg[17]/Q
                         net (fo=97, routed)          0.894     5.633    GEN_BRAM.u_core/reg_file/registers_reg_r1_0_31_30_31__0/DPRA2
    SLICE_X14Y20         RAMD32 (Prop_ramd32_RADR2_O)
                                                      0.063     5.696 r  GEN_BRAM.u_core/reg_file/registers_reg_r1_0_31_30_31__0/DP/O
                         net (fo=11, routed)          0.758     6.454    GEN_BRAM.u_core/alu_mux_a/dataR10[31]
    SLICE_X11Y23         LUT4 (Prop_lut4_I1_O)        0.164     6.618 f  GEN_BRAM.u_core/alu_mux_a/u_adder_i_1/O
                         net (fo=96, routed)          0.579     7.196    GEN_BRAM.u_core/alu/u_mul/u_mul/GEN_ARRAY.u_mul/u_csa_row0/GEN_CSA_FA[1].u_fa/result[31]_INST_0_i_35_n_0
    SLICE_X10Y16         LUT4 (Prop_lut4_I0_O)        0.053     7.249 r  GEN_BRAM.u_core/alu/u_mul/u_mul/GEN_ARRAY.u_mul/u_csa_row0/GEN_CSA_FA[1].u_fa/result[2]_INST_0_i_3/O
                         net (fo=149, routed)         1.003     8.253    GEN_BRAM.u_core/alu/u_mul/u_mul/GEN_ARRAY.u_mul/u_csa_row0/GEN_CSA_FA[1].u_fa/result[2]_INST_0_i_3_n_0
    SLICE_X12Y14         LUT6 (Prop_lut6_I1_O)        0.053     8.306 r  GEN_BRAM.u_core/alu/u_mul/u_mul/GEN_ARRAY.u_mul/u_csa_row0/GEN_CSA_FA[1].u_fa/result[6]_INST_0_i_52/O
                         net (fo=2, routed)           0.330     8.636    GEN_BRAM.u_core/alu/u_mul/u_mul/GEN_ARRAY.u_mul/u_csa_row0/GEN_CSA_FA[1].u_fa/pp[2]_91[6]
    SLICE_X12Y14         LUT6 (Prop_lut6_I5_O)        0.053     8.689 r  GEN_BRAM.u_core/alu/u_mul/u_mul/GEN_ARRAY.u_mul/u_csa_row0/GEN_CSA_FA[1].u_fa/result[6]_INST_0_i_35/O
                         net (fo=3, routed)           0.479     9.168    GEN_BRAM.u_core/alu/u_mul/u_mul/GEN_ARRAY.u_mul/u_csa_row0/GEN_CSA_FA[1].u_fa/stage_sum[0]_28[6]
    SLICE_X12Y14         LUT3 (Prop_lut3_I1_O)        0.053     9.221 r  GEN_BRAM.u_core/alu/u_mul/u_mul/GEN_ARRAY.u_mul/u_csa_row0/GEN_CSA_FA[1].u_fa/result[8]_INST_0_i_67/O
                         net (fo=2, routed)           0.492     9.713    GEN_BRAM.u_core/alu/u_mul/u_mul/GEN_ARRAY.u_mul/u_csa_row0/GEN_CSA_FA[1].u_fa/stage_carry[1]_43[7]
    SLICE_X11Y14         LUT5 (Prop_lut5_I3_O)        0.053     9.766 r  GEN_BRAM.u_core/alu/u_mul/u_mul/GEN_ARRAY.u_mul/u_csa_row0/GEN_CSA_FA[1].u_fa/result[8]_INST_0_i_44/O
                         net (fo=3, routed)           0.306    10.072    GEN_BRAM.u_core/alu/u_mul/u_mul/GEN_ARRAY.u_mul/u_csa_row0/GEN_CSA_FA[1].u_fa/stage_carry[2]_0[8]
    SLICE_X10Y14         LUT3 (Prop_lut3_I0_O)        0.053    10.125 r  GEN_BRAM.u_core/alu/u_mul/u_mul/GEN_ARRAY.u_mul/u_csa_row0/GEN_CSA_FA[1].u_fa/result[10]_INST_0_i_52/O
                         net (fo=2, routed)           0.436    10.561    GEN_BRAM.u_core/alu/u_mul/u_mul/GEN_ARRAY.u_mul/u_csa_row0/GEN_CSA_FA[1].u_fa/stage_carry[3]_44[9]
    SLICE_X9Y14          LUT5 (Prop_lut5_I3_O)        0.053    10.614 r  GEN_BRAM.u_core/alu/u_mul/u_mul/GEN_ARRAY.u_mul/u_csa_row0/GEN_CSA_FA[1].u_fa/result[10]_INST_0_i_34/O
                         net (fo=3, routed)           0.435    11.048    GEN_BRAM.u_core/alu/u_mul/u_mul/GEN_ARRAY.u_mul/u_csa_row0/GEN_CSA_FA[1].u_fa/stage_carry[4]_2[10]
    SLICE_X7Y14          LUT3 (Prop_lut3_I0_O)        0.053    11.101 r  GEN_BRAM.u_core/alu/u_mul/u_mul/GEN_ARRAY.u_mul/u_csa_row0/GEN_CSA_FA[1].u_fa/result[12]_INST_0_i_69/O
                         net (fo=2, routed)           0.204    11.305    GEN_BRAM.u_core/alu/u_mul/u_mul/GEN_ARRAY.u_mul/u_csa_row0/GEN_CSA_FA[1].u_fa/stage_carry[5]_45[11]
    SLICE_X7Y14          LUT5 (Prop_lut5_I3_O)        0.053    11.358 r  GEN_BRAM.u_core/alu/u_mul/u_mul/GEN_ARRAY.u_mul/u_csa_row0/GEN_CSA_FA[1].u_fa/result[12]_INST_0_i_45/O
                         net (fo=3, routed)           0.687    12.045    GEN_BRAM.u_core/alu/u_mul/u_mul/GEN_ARRAY.u_mul/u_csa_row0/GEN_CSA_FA[1].u_fa/stage_carry[6]_4[12]
    SLICE_X8Y12          LUT3 (Prop_lut3_I0_O)        0.053    12.098 r  GEN_BRAM.u_core/alu/u_mul/u_mul/GEN_ARRAY.u_mul/u_csa_row0/GEN_CSA_FA[1].u_fa/result[14]_INST_0_i_52/O
                         net (fo=2, routed)           0.617    12.714    GEN_BRAM.u_core/alu/u_mul/u_mul/GEN_ARRAY.u_mul/u_csa_row0/GEN_CSA_FA[1].u_fa/stage_carry[7]_46[13]
    SLICE_X7Y11          LUT5 (Prop_lut5_I3_O)        0.053    12.767 r  GEN_BRAM.u_core/alu/u_mul/u_mul/GEN_ARRAY.u_mul/u_csa_row0/GEN_CSA_FA[1].u_fa/result[14]_INST_0_i_34/O
                         net (fo=3, routed)           0.325    13.093    GEN_BRAM.u_core/alu/u_mul/u_mul/GEN_ARRAY.u_mul/u_csa_row0/GEN_CSA_FA[1].u_fa/stage_carry[8]_6[14]
    SLICE_X7Y11          LUT3 (Prop_lut3_I0_O)        0.053    13.146 r  GEN_BRAM.u_core/alu/u_mul/u_mul/GEN_ARRAY.u_mul/u_csa_row0/GEN_CSA_FA[1].u_fa/result[16]_INST_0_i_67/O
                         net (fo=2, routed)           0.368    13.514    GEN_BRAM.u_core/alu/u_mul/u_mul/GEN_ARRAY.u_mul/u_csa_row0/GEN_CSA_FA[1].u_fa/stage_carry[9]_47[15]
    SLICE_X6Y11          LUT5 (Prop_lut5_I3_O)        0.053    13.567 r  GEN_BRAM.u_core/alu/u_mul/u_mul/GEN_ARRAY.u_mul/u_csa_row0/GEN_CSA_FA[1].u_fa/result[16]_INST_0_i_44/O
                         net (fo=3, routed)           0.347    13.914    GEN_BRAM.u_core/alu/u_mul/u_mul/GEN_ARRAY.u_mul/u_csa_row0/GEN_CSA_FA[1].u_fa/stage_carry[10]_8[16]
    SLICE_X3Y11          LUT3 (Prop_lut3_I0_O)        0.053    13.967 r  GEN_BRAM.u_core/alu/u_mul/u_mul/GEN_ARRAY.u_mul/u_csa_row0/GEN_CSA_FA[1].u_fa/result[18]_INST_0_i_52/O
                         net (fo=2, routed)           0.423    14.390    GEN_BRAM.u_core/alu/u_mul/u_mul/GEN_ARRAY.u_mul/u_csa_row0/GEN_CSA_FA[1].u_fa/stage_carry[11]_48[17]
    SLICE_X3Y13          LUT5 (Prop_lut5_I3_O)        0.053    14.443 r  GEN_BRAM.u_core/alu/u_mul/u_mul/GEN_ARRAY.u_mul/u_csa_row0/GEN_CSA_FA[1].u_fa/result[18]_INST_0_i_34/O
                         net (fo=3, routed)           0.533    14.976    GEN_BRAM.u_core/alu/u_mul/u_mul/GEN_ARRAY.u_mul/u_csa_row0/GEN_CSA_FA[1].u_fa/stage_carry[12]_10[18]
    SLICE_X7Y10          LUT3 (Prop_lut3_I0_O)        0.053    15.029 r  GEN_BRAM.u_core/alu/u_mul/u_mul/GEN_ARRAY.u_mul/u_csa_row0/GEN_CSA_FA[1].u_fa/result[20]_INST_0_i_67/O
                         net (fo=2, routed)           0.502    15.530    GEN_BRAM.u_core/alu/u_mul/u_mul/GEN_ARRAY.u_mul/u_csa_row0/GEN_CSA_FA[1].u_fa/stage_carry[13]_49[19]
    SLICE_X9Y10          LUT5 (Prop_lut5_I3_O)        0.053    15.583 r  GEN_BRAM.u_core/alu/u_mul/u_mul/GEN_ARRAY.u_mul/u_csa_row0/GEN_CSA_FA[1].u_fa/result[20]_INST_0_i_44/O
                         net (fo=3, routed)           0.384    15.967    GEN_BRAM.u_core/alu/u_mul/u_mul/GEN_ARRAY.u_mul/u_csa_row0/GEN_CSA_FA[1].u_fa/stage_carry[14]_12[20]
    SLICE_X8Y10          LUT3 (Prop_lut3_I0_O)        0.053    16.020 r  GEN_BRAM.u_core/alu/u_mul/u_mul/GEN_ARRAY.u_mul/u_csa_row0/GEN_CSA_FA[1].u_fa/result[22]_INST_0_i_52/O
                         net (fo=2, routed)           0.376    16.396    GEN_BRAM.u_core/alu/u_mul/u_mul/GEN_ARRAY.u_mul/u_csa_row0/GEN_CSA_FA[1].u_fa/stage_carry[15]_50[21]
    SLICE_X7Y10          LUT5 (Prop_lut5_I3_O)        0.053    16.449 r  GEN_BRAM.u_core/alu/u_mul/u_mul/GEN_ARRAY.u_mul/u_csa_row0/GEN_CSA_FA[1].u_fa/result[22]_INST_0_i_34/O
                         net (fo=3, routed)           0.481    16.929    GEN_BRAM.u_core/alu/u_mul/u_mul/GEN_ARRAY.u_mul/u_csa_row0/GEN_CSA_FA[1].u_fa/stage_carry[16]_14[22]
    SLICE_X6Y9           LUT3 (Prop_lut3_I0_O)        0.053    16.982 r  GEN_BRAM.u_core/alu/u_mul/u_mul/GEN_ARRAY.u_mul/u_csa_row0/GEN_CSA_FA[1].u_fa/result[24]_INST_0_i_67/O
                         net (fo=2, routed)           0.340    17.323    GEN_BRAM.u_core/alu/u_mul/u_mul/GEN_ARRAY.u_mul/u_csa_row0/GEN_CSA_FA[1].u_fa/stage_carry[17]_51[23]
    SLICE_X3Y9           LUT5 (Prop_lut5_I3_O)        0.053    17.376 r  GEN_BRAM.u_core/alu/u_mul/u_mul/GEN_ARRAY.u_mul/u_csa_row0/GEN_CSA_FA[1].u_fa/result[24]_INST_0_i_40/O
                         net (fo=3, routed)           0.433    17.809    GEN_BRAM.u_core/alu/u_mul/u_mul/GEN_ARRAY.u_mul/u_csa_row0/GEN_CSA_FA[1].u_fa/stage_sum[18]_34[23]
    SLICE_X5Y8           LUT3 (Prop_lut3_I1_O)        0.053    17.862 r  GEN_BRAM.u_core/alu/u_mul/u_mul/GEN_ARRAY.u_mul/u_csa_row0/GEN_CSA_FA[1].u_fa/result[24]_INST_0_i_47/O
                         net (fo=2, routed)           0.308    18.169    GEN_BRAM.u_core/alu/u_mul/u_mul/GEN_ARRAY.u_mul/u_csa_row0/GEN_CSA_FA[1].u_fa/stage_carry[19]_52[24]
    SLICE_X5Y8           LUT5 (Prop_lut5_I3_O)        0.053    18.222 r  GEN_BRAM.u_core/alu/u_mul/u_mul/GEN_ARRAY.u_mul/u_csa_row0/GEN_CSA_FA[1].u_fa/result[24]_INST_0_i_26/O
                         net (fo=2, routed)           0.582    18.805    GEN_BRAM.u_core/alu/u_mul/u_mul/GEN_ARRAY.u_mul/u_csa_row0/GEN_CSA_FA[1].u_fa/stage_sum[20]_33[24]
    SLICE_X8Y9           LUT3 (Prop_lut3_I1_O)        0.053    18.858 r  GEN_BRAM.u_core/alu/u_mul/u_mul/GEN_ARRAY.u_mul/u_csa_row0/GEN_CSA_FA[1].u_fa/result[26]_INST_0_i_32/O
                         net (fo=2, routed)           0.466    19.324    GEN_BRAM.u_core/alu/u_mul/u_mul/GEN_ARRAY.u_mul/u_csa_row0/GEN_CSA_FA[1].u_fa/stage_carry[21]_53[25]
    SLICE_X8Y9           LUT5 (Prop_lut5_I3_O)        0.053    19.377 r  GEN_BRAM.u_core/alu/u_mul/u_mul/GEN_ARRAY.u_mul/u_csa_row0/GEN_CSA_FA[1].u_fa/result[26]_INST_0_i_16/O
                         net (fo=2, routed)           0.479    19.855    GEN_BRAM.u_core/alu/u_mul/u_mul/GEN_ARRAY.u_mul/u_csa_row0/GEN_CSA_FA[1].u_fa/stage_carry[22]_20[26]
    SLICE_X8Y8           LUT3 (Prop_lut3_I0_O)        0.053    19.908 r  GEN_BRAM.u_core/alu/u_mul/u_mul/GEN_ARRAY.u_mul/u_csa_row0/GEN_CSA_FA[1].u_fa/result[28]_INST_0_i_42/O
                         net (fo=2, routed)           0.426    20.334    GEN_BRAM.u_core/alu/u_mul/u_mul/GEN_ARRAY.u_mul/u_csa_row0/GEN_CSA_FA[1].u_fa/stage_carry[23]_54[27]
    SLICE_X8Y7           LUT5 (Prop_lut5_I3_O)        0.053    20.387 r  GEN_BRAM.u_core/alu/u_mul/u_mul/GEN_ARRAY.u_mul/u_csa_row0/GEN_CSA_FA[1].u_fa/result[28]_INST_0_i_25/O
                         net (fo=2, routed)           0.407    20.794    GEN_BRAM.u_core/alu/u_mul/u_mul/GEN_ARRAY.u_mul/u_csa_row0/GEN_CSA_FA[1].u_fa/stage_carry[24]_22[28]
    SLICE_X11Y7          LUT3 (Prop_lut3_I0_O)        0.053    20.847 r  GEN_BRAM.u_core/alu/u_mul/u_mul/GEN_ARRAY.u_mul/u_csa_row0/GEN_CSA_FA[1].u_fa/result[28]_INST_0_i_8/O
                         net (fo=2, routed)           0.598    21.445    GEN_BRAM.u_core/alu/u_mul/u_mul/GEN_ARRAY.u_mul/u_csa_row0/GEN_CSA_FA[1].u_fa/stage_sum[25]_25[28]
    SLICE_X16Y10         LUT6 (Prop_lut6_I5_O)        0.053    21.498 r  GEN_BRAM.u_core/alu/u_mul/u_mul/GEN_ARRAY.u_mul/u_csa_row0/GEN_CSA_FA[1].u_fa/result[30]_INST_0_i_9/O
                         net (fo=2, routed)           0.424    21.922    GEN_BRAM.u_core/alu/u_mul/u_mul/GEN_ARRAY.u_mul/u_csa_row0/GEN_CSA_FA[1].u_fa/stage_carry[26]_24[29]
    SLICE_X16Y11         LUT6 (Prop_lut6_I4_O)        0.053    21.975 f  GEN_BRAM.u_core/alu/u_mul/u_mul/GEN_ARRAY.u_mul/u_csa_row0/GEN_CSA_FA[1].u_fa/result[30]_INST_0_i_4/O
                         net (fo=2, routed)           0.441    22.416    GEN_BRAM.u_core/alu/u_mul/u_mul/GEN_ARRAY.u_mul/u_csa_row0/GEN_CSA_FA[1].u_fa/stage_sum[27]_27[29]
    SLICE_X15Y11         LUT3 (Prop_lut3_I2_O)        0.056    22.472 f  GEN_BRAM.u_core/alu/u_mul/u_mul/GEN_ARRAY.u_mul/u_csa_row0/GEN_CSA_FA[1].u_fa/result[30]_INST_0_i_1/O
                         net (fo=5, routed)           0.738    23.210    GEN_BRAM.u_core/alu/u_mul/u_mul/GEN_ARRAY.u_mul/u_csa_row0/GEN_CSA_FA[1].u_fa/stage_carry[28]_26[30]
    SLICE_X15Y11         LUT5 (Prop_lut5_I1_O)        0.181    23.391 f  GEN_BRAM.u_core/alu/u_mul/u_mul/GEN_ARRAY.u_mul/u_csa_row0/GEN_CSA_FA[1].u_fa/result[1]_INST_0_i_6/O
                         net (fo=2, routed)           0.407    23.797    GEN_BRAM.u_core/alu/u_mul/u_mul/GEN_ARRAY.u_mul/u_csa_row0/GEN_CSA_FA[1].u_fa/u_final_cpa/GEN_FINAL_FA[32].u_fa/c2
    SLICE_X15Y12         LUT5 (Prop_lut5_I2_O)        0.180    23.977 f  GEN_BRAM.u_core/alu/u_mul/u_mul/GEN_ARRAY.u_mul/u_csa_row0/GEN_CSA_FA[1].u_fa/result[2]_INST_0_i_9/O
                         net (fo=2, routed)           0.448    24.426    GEN_BRAM.u_core/alu/u_mul/u_mul/GEN_ARRAY.u_mul/u_csa_row0/GEN_CSA_FA[1].u_fa/u_final_cpa/GEN_FINAL_FA[33].u_fa/c2
    SLICE_X15Y12         LUT5 (Prop_lut5_I2_O)        0.187    24.613 f  GEN_BRAM.u_core/alu/u_mul/u_mul/GEN_ARRAY.u_mul/u_csa_row0/GEN_CSA_FA[1].u_fa/result[4]_INST_0_i_14/O
                         net (fo=3, routed)           0.263    24.876    GEN_BRAM.u_core/alu/u_mul/u_mul/GEN_ARRAY.u_mul/u_csa_row0/GEN_CSA_FA[1].u_fa/u_final_cpa/c_35
    SLICE_X16Y12         LUT6 (Prop_lut6_I4_O)        0.169    25.045 f  GEN_BRAM.u_core/alu/u_mul/u_mul/GEN_ARRAY.u_mul/u_csa_row0/GEN_CSA_FA[1].u_fa/result[6]_INST_0_i_12/O
                         net (fo=3, routed)           0.326    25.371    GEN_BRAM.u_core/alu/u_mul/u_mul/GEN_ARRAY.u_mul/u_csa_row0/GEN_CSA_FA[1].u_fa/u_final_cpa/c_37
    SLICE_X16Y13         LUT6 (Prop_lut6_I4_O)        0.053    25.424 f  GEN_BRAM.u_core/alu/u_mul/u_mul/GEN_ARRAY.u_mul/u_csa_row0/GEN_CSA_FA[1].u_fa/result[8]_INST_0_i_13/O
                         net (fo=3, routed)           0.322    25.746    GEN_BRAM.u_core/alu/u_mul/u_mul/GEN_ARRAY.u_mul/u_csa_row0/GEN_CSA_FA[1].u_fa/u_final_cpa/c_39
    SLICE_X16Y14         LUT6 (Prop_lut6_I4_O)        0.053    25.799 f  GEN_BRAM.u_core/alu/u_mul/u_mul/GEN_ARRAY.u_mul/u_csa_row0/GEN_CSA_FA[1].u_fa/result[10]_INST_0_i_12/O
                         net (fo=3, routed)           0.153    25.953    GEN_BRAM.u_core/alu/u_mul/u_mul/GEN_ARRAY.u_mul/u_csa_row0/GEN_CSA_FA[1].u_fa/u_final_cpa/c_41
    SLICE_X16Y14         LUT6 (Prop_lut6_I4_O)        0.053    26.006 f  GEN_BRAM.u_core/alu/u_mul/u_mul/GEN_ARRAY.u_mul/u_csa_row0/GEN_CSA_FA[1].u_fa/result[12]_INST_0_i_13/O
                         net (fo=3, routed)           0.249    26.254    GEN_BRAM.u_core/alu/u_mul/u_mul/GEN_ARRAY.u_mul/u_csa_row0/GEN_CSA_FA[1].u_fa/u_final_cpa/c_43
    SLICE_X16Y15         LUT6 (Prop_lut6_I4_O)        0.053    26.307 f  GEN_BRAM.u_core/alu/u_mul/u_mul/GEN_ARRAY.u_mul/u_csa_row0/GEN_CSA_FA[1].u_fa/result[14]_INST_0_i_12/O
                         net (fo=3, routed)           0.298    26.606    GEN_BRAM.u_core/alu/u_mul/u_mul/GEN_ARRAY.u_mul/u_csa_row0/GEN_CSA_FA[1].u_fa/u_final_cpa/c_45
    SLICE_X17Y15         LUT6 (Prop_lut6_I4_O)        0.053    26.659 f  GEN_BRAM.u_core/alu/u_mul/u_mul/GEN_ARRAY.u_mul/u_csa_row0/GEN_CSA_FA[1].u_fa/result[16]_INST_0_i_13/O
                         net (fo=3, routed)           0.309    26.968    GEN_BRAM.u_core/alu/u_mul/u_mul/GEN_ARRAY.u_mul/u_csa_row0/GEN_CSA_FA[1].u_fa/u_final_cpa/c_47
    SLICE_X17Y16         LUT6 (Prop_lut6_I4_O)        0.053    27.021 f  GEN_BRAM.u_core/alu/u_mul/u_mul/GEN_ARRAY.u_mul/u_csa_row0/GEN_CSA_FA[1].u_fa/result[18]_INST_0_i_12/O
                         net (fo=3, routed)           0.138    27.159    GEN_BRAM.u_core/alu/u_mul/u_mul/GEN_ARRAY.u_mul/u_csa_row0/GEN_CSA_FA[1].u_fa/u_final_cpa/c_49
    SLICE_X17Y16         LUT6 (Prop_lut6_I4_O)        0.053    27.212 f  GEN_BRAM.u_core/alu/u_mul/u_mul/GEN_ARRAY.u_mul/u_csa_row0/GEN_CSA_FA[1].u_fa/result[20]_INST_0_i_13/O
                         net (fo=3, routed)           0.244    27.456    GEN_BRAM.u_core/alu/u_mul/u_mul/GEN_ARRAY.u_mul/u_csa_row0/GEN_CSA_FA[1].u_fa/u_final_cpa/c_51
    SLICE_X17Y17         LUT6 (Prop_lut6_I4_O)        0.053    27.509 f  GEN_BRAM.u_core/alu/u_mul/u_mul/GEN_ARRAY.u_mul/u_csa_row0/GEN_CSA_FA[1].u_fa/result[22]_INST_0_i_12/O
                         net (fo=3, routed)           0.138    27.647    GEN_BRAM.u_core/alu/u_mul/u_mul/GEN_ARRAY.u_mul/u_csa_row0/GEN_CSA_FA[1].u_fa/u_final_cpa/c_53
    SLICE_X17Y17         LUT6 (Prop_lut6_I4_O)        0.053    27.700 f  GEN_BRAM.u_core/alu/u_mul/u_mul/GEN_ARRAY.u_mul/u_csa_row0/GEN_CSA_FA[1].u_fa/result[24]_INST_0_i_13/O
                         net (fo=3, routed)           0.366    28.066    GEN_BRAM.u_core/alu/u_mul/u_mul/GEN_ARRAY.u_mul/u_csa_row0/GEN_CSA_FA[1].u_fa/u_final_cpa/c_55
    SLICE_X17Y18         LUT6 (Prop_lut6_I4_O)        0.053    28.119 f  GEN_BRAM.u_core/alu/u_mul/u_mul/GEN_ARRAY.u_mul/u_csa_row0/GEN_CSA_FA[1].u_fa/result[26]_INST_0_i_12/O
                         net (fo=3, routed)           0.317    28.436    GEN_BRAM.u_core/alu/u_mul/u_mul/GEN_ARRAY.u_mul/u_csa_row0/GEN_CSA_FA[1].u_fa/u_final_cpa/c_57
    SLICE_X17Y18         LUT6 (Prop_lut6_I4_O)        0.053    28.489 f  GEN_BRAM.u_core/alu/u_mul/u_mul/GEN_ARRAY.u_mul/u_csa_row0/GEN_CSA_FA[1].u_fa/result[28]_INST_0_i_13/O
                         net (fo=3, routed)           0.367    28.856    GEN_BRAM.u_core/alu/u_mul/u_mul/GEN_ARRAY.u_mul/u_csa_row0/GEN_CSA_FA[1].u_fa/u_final_cpa/c_59
    SLICE_X17Y19         LUT6 (Prop_lut6_I4_O)        0.053    28.909 f  GEN_BRAM.u_core/alu/u_mul/u_mul/GEN_ARRAY.u_mul/u_csa_row0/GEN_CSA_FA[1].u_fa/result[31]_INST_0_i_13/O
                         net (fo=3, routed)           0.343    29.252    GEN_BRAM.u_core/alu/u_mul/u_mul/GEN_ARRAY.u_mul/u_csa_row0/GEN_CSA_FA[1].u_fa/u_final_cpa/c_61
    SLICE_X17Y20         LUT6 (Prop_lut6_I4_O)        0.053    29.305 f  GEN_BRAM.u_core/alu/u_mul/u_mul/GEN_ARRAY.u_mul/u_csa_row0/GEN_CSA_FA[1].u_fa/result[31]_INST_0_i_4/O
                         net (fo=2, routed)           0.313    29.618    GEN_BRAM.u_core/alu/u_mul/u_mul/GEN_ARRAY.u_mul/u_csa_row0/GEN_CSA_FA[1].u_fa/u_final_cpa/GEN_FINAL_FA[62].u_fa/c2
    SLICE_X15Y19         LUT2 (Prop_lut2_I0_O)        0.053    29.671 r  GEN_BRAM.u_core/alu/u_mul/u_mul/GEN_ARRAY.u_mul/u_csa_row0/GEN_CSA_FA[1].u_fa/result[31]_INST_0_i_14/O
                         net (fo=1, routed)           0.000    29.671    GEN_BRAM.u_core/alu/u_mul/u_mul/GEN_ARRAY.u_mul/u_csa_row0/GEN_CSA_FA[1].u_fa/p_0_in[63]
    SLICE_X15Y19         CARRY4 (Prop_carry4_S[2]_O[2])
                                                      0.140    29.811 r  GEN_BRAM.u_core/alu/u_mul/u_mul/GEN_ARRAY.u_mul/u_csa_row0/GEN_CSA_FA[1].u_fa/result[31]_INST_0_i_6/O[2]
                         net (fo=1, routed)           0.334    30.145    GEN_BRAM.u_core/alu/u_mul/u_mul/GEN_ARRAY.u_mul/u_csa_row0/GEN_CSA_FA[1].u_fa/signed_product0[63]
    SLICE_X15Y20         LUT6 (Prop_lut6_I5_O)        0.152    30.297 r  GEN_BRAM.u_core/alu/u_mul/u_mul/GEN_ARRAY.u_mul/u_csa_row0/GEN_CSA_FA[1].u_fa/result[31]_INST_0/O
                         net (fo=1, routed)           0.131    30.429    GEN_BRAM.u_core/reg_file/result[27]
    SLICE_X15Y20         LUT6 (Prop_lut6_I2_O)        0.053    30.482 r  GEN_BRAM.u_core/reg_file/debug_alu_out_OBUF[31]_inst_i_7/O
                         net (fo=1, routed)           0.194    30.675    GEN_BRAM.u_core/reg_file/debug_alu_out_OBUF[31]_inst_i_7_n_0
    SLICE_X15Y20         LUT6 (Prop_lut6_I5_O)        0.053    30.728 r  GEN_BRAM.u_core/reg_file/debug_alu_out_OBUF[31]_inst_i_1/O
                         net (fo=3, routed)           0.255    30.983    GEN_BRAM.u_core/reg_file/debug_alu_out_OBUF[18]
    SLICE_X12Y20         LUT6 (Prop_lut6_I0_O)        0.053    31.036 r  GEN_BRAM.u_core/reg_file/pc[31]_i_2/O
                         net (fo=1, routed)           0.000    31.036    GEN_BRAM.u_core/pc[31]
    SLICE_X12Y20         FDCE                                         r  GEN_BRAM.u_core/pc_reg[31]/D
  -------------------------------------------------------------------    -------------------

                         (clock sys_clk rise edge)   30.000    30.000 r  
    AD23                                              0.000    30.000 r  clk (IN)
                         net (fo=0)                   0.000    30.000    clk
    AD23                 IBUF (Prop_ibuf_I_O)         0.796    30.796 r  clk_IBUF_inst/O
                         net (fo=1, routed)           1.741    32.537    clk_IBUF
    BUFGCTRL_X0Y0        BUFG (Prop_bufg_I_O)         0.113    32.650 r  clk_IBUF_BUFG_inst/O
                         net (fo=350, routed)         1.533    34.183    GEN_BRAM.u_core/clk_IBUF_BUFG
    SLICE_X12Y20         FDCE                                         r  GEN_BRAM.u_core/pc_reg[31]/C
                         clock pessimism              0.263    34.447    
                         clock uncertainty           -0.035    34.411    
    SLICE_X12Y20         FDCE (Setup_fdce_C_D)        0.072    34.483    GEN_BRAM.u_core/pc_reg[31]
  -------------------------------------------------------------------
                         required time                         34.483    
                         arrival time                         -31.036    
  -------------------------------------------------------------------
                         slack                                  3.447    

Slack (MET) :             3.466ns  (required time - arrival time)
  Source:                 GEN_BRAM.u_core/ir_reg[17]/C
                            (rising edge-triggered cell FDCE clocked by sys_clk  {rise@0.000ns fall@15.000ns period=30.000ns})
  Destination:            GEN_BRAM.u_core/pc_reg[29]/D
                            (rising edge-triggered cell FDCE clocked by sys_clk  {rise@0.000ns fall@15.000ns period=30.000ns})
  Path Group:             sys_clk
  Path Type:              Setup (Max at Slow Process Corner)
  Requirement:            30.000ns  (sys_clk rise@30.000ns - sys_clk rise@0.000ns)
  Data Path Delay:        26.511ns  (logic 4.009ns (15.122%)  route 22.502ns (84.878%))
  Logic Levels:           55  (CARRY4=1 LUT3=14 LUT4=2 LUT5=17 LUT6=20 RAMD32=1)
  Clock Path Skew:        -0.023ns (DCD - SCD + CPR)
    Destination Clock Delay (DCD):    4.183ns = ( 34.183 - 30.000 ) 
    Source Clock Delay      (SCD):    4.470ns
    Clock Pessimism Removal (CPR):    0.263ns
  Clock Uncertainty:      0.035ns  ((TSJ^2 + TIJ^2)^1/2 + DJ) / 2 + PE
    Total System Jitter     (TSJ):    0.071ns
    Total Input Jitter      (TIJ):    0.000ns
    Discrete Jitter          (DJ):    0.000ns
    Phase Error              (PE):    0.000ns

    Location             Delay type                Incr(ns)  Path(ns)    Netlist Resource(s)
  -------------------------------------------------------------------    -------------------
                         (clock sys_clk rise edge)    0.000     0.000 r  
    AD23                                              0.000     0.000 r  clk (IN)
                         net (fo=0)                   0.000     0.000    clk
    AD23                 IBUF (Prop_ibuf_I_O)         0.873     0.873 r  clk_IBUF_inst/O
                         net (fo=1, routed)           1.830     2.703    clk_IBUF
    BUFGCTRL_X0Y0        BUFG (Prop_bufg_I_O)         0.120     2.823 r  clk_IBUF_BUFG_inst/O
                         net (fo=350, routed)         1.647     4.470    GEN_BRAM.u_core/clk_IBUF_BUFG
    SLICE_X13Y17         FDCE                                         r  GEN_BRAM.u_core/ir_reg[17]/C
  -------------------------------------------------------------------    -------------------
    SLICE_X13Y17         FDCE (Prop_fdce_C_Q)         0.269     4.739 r  GEN_BRAM.u_core/ir_reg[17]/Q
                         net (fo=97, routed)          0.894     5.633    GEN_BRAM.u_core/reg_file/registers_reg_r1_0_31_30_31__0/DPRA2
    SLICE_X14Y20         RAMD32 (Prop_ramd32_RADR2_O)
                                                      0.063     5.696 r  GEN_BRAM.u_core/reg_file/registers_reg_r1_0_31_30_31__0/DP/O
                         net (fo=11, routed)          0.758     6.454    GEN_BRAM.u_core/alu_mux_a/dataR10[31]
    SLICE_X11Y23         LUT4 (Prop_lut4_I1_O)        0.164     6.618 f  GEN_BRAM.u_core/alu_mux_a/u_adder_i_1/O
                         net (fo=96, routed)          0.579     7.196    GEN_BRAM.u_core/alu/u_mul/u_mul/GEN_ARRAY.u_mul/u_csa_row0/GEN_CSA_FA[1].u_fa/result[31]_INST_0_i_35_n_0
    SLICE_X10Y16         LUT4 (Prop_lut4_I0_O)        0.053     7.249 r  GEN_BRAM.u_core/alu/u_mul/u_mul/GEN_ARRAY.u_mul/u_csa_row0/GEN_CSA_FA[1].u_fa/result[2]_INST_0_i_3/O
                         net (fo=149, routed)         1.003     8.253    GEN_BRAM.u_core/alu/u_mul/u_mul/GEN_ARRAY.u_mul/u_csa_row0/GEN_CSA_FA[1].u_fa/result[2]_INST_0_i_3_n_0
    SLICE_X12Y14         LUT6 (Prop_lut6_I1_O)        0.053     8.306 r  GEN_BRAM.u_core/alu/u_mul/u_mul/GEN_ARRAY.u_mul/u_csa_row0/GEN_CSA_FA[1].u_fa/result[6]_INST_0_i_52/O
                         net (fo=2, routed)           0.330     8.636    GEN_BRAM.u_core/alu/u_mul/u_mul/GEN_ARRAY.u_mul/u_csa_row0/GEN_CSA_FA[1].u_fa/pp[2]_91[6]
    SLICE_X12Y14         LUT6 (Prop_lut6_I5_O)        0.053     8.689 r  GEN_BRAM.u_core/alu/u_mul/u_mul/GEN_ARRAY.u_mul/u_csa_row0/GEN_CSA_FA[1].u_fa/result[6]_INST_0_i_35/O
                         net (fo=3, routed)           0.479     9.168    GEN_BRAM.u_core/alu/u_mul/u_mul/GEN_ARRAY.u_mul/u_csa_row0/GEN_CSA_FA[1].u_fa/stage_sum[0]_28[6]
    SLICE_X12Y14         LUT3 (Prop_lut3_I1_O)        0.053     9.221 r  GEN_BRAM.u_core/alu/u_mul/u_mul/GEN_ARRAY.u_mul/u_csa_row0/GEN_CSA_FA[1].u_fa/result[8]_INST_0_i_67/O
                         net (fo=2, routed)           0.492     9.713    GEN_BRAM.u_core/alu/u_mul/u_mul/GEN_ARRAY.u_mul/u_csa_row0/GEN_CSA_FA[1].u_fa/stage_carry[1]_43[7]
    SLICE_X11Y14         LUT5 (Prop_lut5_I3_O)        0.053     9.766 r  GEN_BRAM.u_core/alu/u_mul/u_mul/GEN_ARRAY.u_mul/u_csa_row0/GEN_CSA_FA[1].u_fa/result[8]_INST_0_i_44/O
                         net (fo=3, routed)           0.306    10.072    GEN_BRAM.u_core/alu/u_mul/u_mul/GEN_ARRAY.u_mul/u_csa_row0/GEN_CSA_FA[1].u_fa/stage_carry[2]_0[8]
    SLICE_X10Y14         LUT3 (Prop_lut3_I0_O)        0.053    10.125 r  GEN_BRAM.u_core/alu/u_mul/u_mul/GEN_ARRAY.u_mul/u_csa_row0/GEN_CSA_FA[1].u_fa/result[10]_INST_0_i_52/O
                         net (fo=2, routed)           0.436    10.561    GEN_BRAM.u_core/alu/u_mul/u_mul/GEN_ARRAY.u_mul/u_csa_row0/GEN_CSA_FA[1].u_fa/stage_carry[3]_44[9]
    SLICE_X9Y14          LUT5 (Prop_lut5_I3_O)        0.053    10.614 r  GEN_BRAM.u_core/alu/u_mul/u_mul/GEN_ARRAY.u_mul/u_csa_row0/GEN_CSA_FA[1].u_fa/result[10]_INST_0_i_34/O
                         net (fo=3, routed)           0.435    11.048    GEN_BRAM.u_core/alu/u_mul/u_mul/GEN_ARRAY.u_mul/u_csa_row0/GEN_CSA_FA[1].u_fa/stage_carry[4]_2[10]
    SLICE_X7Y14          LUT3 (Prop_lut3_I0_O)        0.053    11.101 r  GEN_BRAM.u_core/alu/u_mul/u_mul/GEN_ARRAY.u_mul/u_csa_row0/GEN_CSA_FA[1].u_fa/result[12]_INST_0_i_69/O
                         net (fo=2, routed)           0.204    11.305    GEN_BRAM.u_core/alu/u_mul/u_mul/GEN_ARRAY.u_mul/u_csa_row0/GEN_CSA_FA[1].u_fa/stage_carry[5]_45[11]
    SLICE_X7Y14          LUT5 (Prop_lut5_I3_O)        0.053    11.358 r  GEN_BRAM.u_core/alu/u_mul/u_mul/GEN_ARRAY.u_mul/u_csa_row0/GEN_CSA_FA[1].u_fa/result[12]_INST_0_i_45/O
                         net (fo=3, routed)           0.687    12.045    GEN_BRAM.u_core/alu/u_mul/u_mul/GEN_ARRAY.u_mul/u_csa_row0/GEN_CSA_FA[1].u_fa/stage_carry[6]_4[12]
    SLICE_X8Y12          LUT3 (Prop_lut3_I0_O)        0.053    12.098 r  GEN_BRAM.u_core/alu/u_mul/u_mul/GEN_ARRAY.u_mul/u_csa_row0/GEN_CSA_FA[1].u_fa/result[14]_INST_0_i_52/O
                         net (fo=2, routed)           0.617    12.714    GEN_BRAM.u_core/alu/u_mul/u_mul/GEN_ARRAY.u_mul/u_csa_row0/GEN_CSA_FA[1].u_fa/stage_carry[7]_46[13]
    SLICE_X7Y11          LUT5 (Prop_lut5_I3_O)        0.053    12.767 r  GEN_BRAM.u_core/alu/u_mul/u_mul/GEN_ARRAY.u_mul/u_csa_row0/GEN_CSA_FA[1].u_fa/result[14]_INST_0_i_34/O
                         net (fo=3, routed)           0.325    13.093    GEN_BRAM.u_core/alu/u_mul/u_mul/GEN_ARRAY.u_mul/u_csa_row0/GEN_CSA_FA[1].u_fa/stage_carry[8]_6[14]
    SLICE_X7Y11          LUT3 (Prop_lut3_I0_O)        0.053    13.146 r  GEN_BRAM.u_core/alu/u_mul/u_mul/GEN_ARRAY.u_mul/u_csa_row0/GEN_CSA_FA[1].u_fa/result[16]_INST_0_i_67/O
                         net (fo=2, routed)           0.368    13.514    GEN_BRAM.u_core/alu/u_mul/u_mul/GEN_ARRAY.u_mul/u_csa_row0/GEN_CSA_FA[1].u_fa/stage_carry[9]_47[15]
    SLICE_X6Y11          LUT5 (Prop_lut5_I3_O)        0.053    13.567 r  GEN_BRAM.u_core/alu/u_mul/u_mul/GEN_ARRAY.u_mul/u_csa_row0/GEN_CSA_FA[1].u_fa/result[16]_INST_0_i_44/O
                         net (fo=3, routed)           0.347    13.914    GEN_BRAM.u_core/alu/u_mul/u_mul/GEN_ARRAY.u_mul/u_csa_row0/GEN_CSA_FA[1].u_fa/stage_carry[10]_8[16]
    SLICE_X3Y11          LUT3 (Prop_lut3_I0_O)        0.053    13.967 r  GEN_BRAM.u_core/alu/u_mul/u_mul/GEN_ARRAY.u_mul/u_csa_row0/GEN_CSA_FA[1].u_fa/result[18]_INST_0_i_52/O
                         net (fo=2, routed)           0.423    14.390    GEN_BRAM.u_core/alu/u_mul/u_mul/GEN_ARRAY.u_mul/u_csa_row0/GEN_CSA_FA[1].u_fa/stage_carry[11]_48[17]
    SLICE_X3Y13          LUT5 (Prop_lut5_I3_O)        0.053    14.443 r  GEN_BRAM.u_core/alu/u_mul/u_mul/GEN_ARRAY.u_mul/u_csa_row0/GEN_CSA_FA[1].u_fa/result[18]_INST_0_i_34/O
                         net (fo=3, routed)           0.533    14.976    GEN_BRAM.u_core/alu/u_mul/u_mul/GEN_ARRAY.u_mul/u_csa_row0/GEN_CSA_FA[1].u_fa/stage_carry[12]_10[18]
    SLICE_X7Y10          LUT3 (Prop_lut3_I0_O)        0.053    15.029 r  GEN_BRAM.u_core/alu/u_mul/u_mul/GEN_ARRAY.u_mul/u_csa_row0/GEN_CSA_FA[1].u_fa/result[20]_INST_0_i_67/O
                         net (fo=2, routed)           0.502    15.530    GEN_BRAM.u_core/alu/u_mul/u_mul/GEN_ARRAY.u_mul/u_csa_row0/GEN_CSA_FA[1].u_fa/stage_carry[13]_49[19]
    SLICE_X9Y10          LUT5 (Prop_lut5_I3_O)        0.053    15.583 r  GEN_BRAM.u_core/alu/u_mul/u_mul/GEN_ARRAY.u_mul/u_csa_row0/GEN_CSA_FA[1].u_fa/result[20]_INST_0_i_44/O
                         net (fo=3, routed)           0.384    15.967    GEN_BRAM.u_core/alu/u_mul/u_mul/GEN_ARRAY.u_mul/u_csa_row0/GEN_CSA_FA[1].u_fa/stage_carry[14]_12[20]
    SLICE_X8Y10          LUT3 (Prop_lut3_I0_O)        0.053    16.020 r  GEN_BRAM.u_core/alu/u_mul/u_mul/GEN_ARRAY.u_mul/u_csa_row0/GEN_CSA_FA[1].u_fa/result[22]_INST_0_i_52/O
                         net (fo=2, routed)           0.376    16.396    GEN_BRAM.u_core/alu/u_mul/u_mul/GEN_ARRAY.u_mul/u_csa_row0/GEN_CSA_FA[1].u_fa/stage_carry[15]_50[21]
    SLICE_X7Y10          LUT5 (Prop_lut5_I3_O)        0.053    16.449 r  GEN_BRAM.u_core/alu/u_mul/u_mul/GEN_ARRAY.u_mul/u_csa_row0/GEN_CSA_FA[1].u_fa/result[22]_INST_0_i_34/O
                         net (fo=3, routed)           0.481    16.929    GEN_BRAM.u_core/alu/u_mul/u_mul/GEN_ARRAY.u_mul/u_csa_row0/GEN_CSA_FA[1].u_fa/stage_carry[16]_14[22]
    SLICE_X6Y9           LUT3 (Prop_lut3_I0_O)        0.053    16.982 r  GEN_BRAM.u_core/alu/u_mul/u_mul/GEN_ARRAY.u_mul/u_csa_row0/GEN_CSA_FA[1].u_fa/result[24]_INST_0_i_67/O
                         net (fo=2, routed)           0.340    17.323    GEN_BRAM.u_core/alu/u_mul/u_mul/GEN_ARRAY.u_mul/u_csa_row0/GEN_CSA_FA[1].u_fa/stage_carry[17]_51[23]
    SLICE_X3Y9           LUT5 (Prop_lut5_I3_O)        0.053    17.376 r  GEN_BRAM.u_core/alu/u_mul/u_mul/GEN_ARRAY.u_mul/u_csa_row0/GEN_CSA_FA[1].u_fa/result[24]_INST_0_i_40/O
                         net (fo=3, routed)           0.433    17.809    GEN_BRAM.u_core/alu/u_mul/u_mul/GEN_ARRAY.u_mul/u_csa_row0/GEN_CSA_FA[1].u_fa/stage_sum[18]_34[23]
    SLICE_X5Y8           LUT3 (Prop_lut3_I1_O)        0.053    17.862 r  GEN_BRAM.u_core/alu/u_mul/u_mul/GEN_ARRAY.u_mul/u_csa_row0/GEN_CSA_FA[1].u_fa/result[24]_INST_0_i_47/O
                         net (fo=2, routed)           0.308    18.169    GEN_BRAM.u_core/alu/u_mul/u_mul/GEN_ARRAY.u_mul/u_csa_row0/GEN_CSA_FA[1].u_fa/stage_carry[19]_52[24]
    SLICE_X5Y8           LUT5 (Prop_lut5_I3_O)        0.053    18.222 r  GEN_BRAM.u_core/alu/u_mul/u_mul/GEN_ARRAY.u_mul/u_csa_row0/GEN_CSA_FA[1].u_fa/result[24]_INST_0_i_26/O
                         net (fo=2, routed)           0.582    18.805    GEN_BRAM.u_core/alu/u_mul/u_mul/GEN_ARRAY.u_mul/u_csa_row0/GEN_CSA_FA[1].u_fa/stage_sum[20]_33[24]
    SLICE_X8Y9           LUT3 (Prop_lut3_I1_O)        0.053    18.858 r  GEN_BRAM.u_core/alu/u_mul/u_mul/GEN_ARRAY.u_mul/u_csa_row0/GEN_CSA_FA[1].u_fa/result[26]_INST_0_i_32/O
                         net (fo=2, routed)           0.466    19.324    GEN_BRAM.u_core/alu/u_mul/u_mul/GEN_ARRAY.u_mul/u_csa_row0/GEN_CSA_FA[1].u_fa/stage_carry[21]_53[25]
    SLICE_X8Y9           LUT5 (Prop_lut5_I3_O)        0.053    19.377 r  GEN_BRAM.u_core/alu/u_mul/u_mul/GEN_ARRAY.u_mul/u_csa_row0/GEN_CSA_FA[1].u_fa/result[26]_INST_0_i_16/O
                         net (fo=2, routed)           0.479    19.855    GEN_BRAM.u_core/alu/u_mul/u_mul/GEN_ARRAY.u_mul/u_csa_row0/GEN_CSA_FA[1].u_fa/stage_carry[22]_20[26]
    SLICE_X8Y8           LUT3 (Prop_lut3_I0_O)        0.053    19.908 r  GEN_BRAM.u_core/alu/u_mul/u_mul/GEN_ARRAY.u_mul/u_csa_row0/GEN_CSA_FA[1].u_fa/result[28]_INST_0_i_42/O
                         net (fo=2, routed)           0.426    20.334    GEN_BRAM.u_core/alu/u_mul/u_mul/GEN_ARRAY.u_mul/u_csa_row0/GEN_CSA_FA[1].u_fa/stage_carry[23]_54[27]
    SLICE_X8Y7           LUT5 (Prop_lut5_I3_O)        0.053    20.387 r  GEN_BRAM.u_core/alu/u_mul/u_mul/GEN_ARRAY.u_mul/u_csa_row0/GEN_CSA_FA[1].u_fa/result[28]_INST_0_i_25/O
                         net (fo=2, routed)           0.407    20.794    GEN_BRAM.u_core/alu/u_mul/u_mul/GEN_ARRAY.u_mul/u_csa_row0/GEN_CSA_FA[1].u_fa/stage_carry[24]_22[28]
    SLICE_X11Y7          LUT3 (Prop_lut3_I0_O)        0.053    20.847 r  GEN_BRAM.u_core/alu/u_mul/u_mul/GEN_ARRAY.u_mul/u_csa_row0/GEN_CSA_FA[1].u_fa/result[28]_INST_0_i_8/O
                         net (fo=2, routed)           0.598    21.445    GEN_BRAM.u_core/alu/u_mul/u_mul/GEN_ARRAY.u_mul/u_csa_row0/GEN_CSA_FA[1].u_fa/stage_sum[25]_25[28]
    SLICE_X16Y10         LUT6 (Prop_lut6_I5_O)        0.053    21.498 r  GEN_BRAM.u_core/alu/u_mul/u_mul/GEN_ARRAY.u_mul/u_csa_row0/GEN_CSA_FA[1].u_fa/result[30]_INST_0_i_9/O
                         net (fo=2, routed)           0.424    21.922    GEN_BRAM.u_core/alu/u_mul/u_mul/GEN_ARRAY.u_mul/u_csa_row0/GEN_CSA_FA[1].u_fa/stage_carry[26]_24[29]
    SLICE_X16Y11         LUT6 (Prop_lut6_I4_O)        0.053    21.975 r  GEN_BRAM.u_core/alu/u_mul/u_mul/GEN_ARRAY.u_mul/u_csa_row0/GEN_CSA_FA[1].u_fa/result[30]_INST_0_i_4/O
                         net (fo=2, routed)           0.441    22.416    GEN_BRAM.u_core/alu/u_mul/u_mul/GEN_ARRAY.u_mul/u_csa_row0/GEN_CSA_FA[1].u_fa/stage_sum[27]_27[29]
    SLICE_X15Y11         LUT3 (Prop_lut3_I2_O)        0.056    22.472 r  GEN_BRAM.u_core/alu/u_mul/u_mul/GEN_ARRAY.u_mul/u_csa_row0/GEN_CSA_FA[1].u_fa/result[30]_INST_0_i_1/O
                         net (fo=5, routed)           0.738    23.210    GEN_BRAM.u_core/alu/u_mul/u_mul/GEN_ARRAY.u_mul/u_csa_row0/GEN_CSA_FA[1].u_fa/stage_carry[28]_26[30]
    SLICE_X15Y11         LUT5 (Prop_lut5_I1_O)        0.181    23.391 r  GEN_BRAM.u_core/alu/u_mul/u_mul/GEN_ARRAY.u_mul/u_csa_row0/GEN_CSA_FA[1].u_fa/result[1]_INST_0_i_6/O
                         net (fo=2, routed)           0.407    23.797    GEN_BRAM.u_core/alu/u_mul/u_mul/GEN_ARRAY.u_mul/u_csa_row0/GEN_CSA_FA[1].u_fa/u_final_cpa/GEN_FINAL_FA[32].u_fa/c2
    SLICE_X15Y12         LUT5 (Prop_lut5_I2_O)        0.180    23.977 r  GEN_BRAM.u_core/alu/u_mul/u_mul/GEN_ARRAY.u_mul/u_csa_row0/GEN_CSA_FA[1].u_fa/result[2]_INST_0_i_9/O
                         net (fo=2, routed)           0.448    24.426    GEN_BRAM.u_core/alu/u_mul/u_mul/GEN_ARRAY.u_mul/u_csa_row0/GEN_CSA_FA[1].u_fa/u_final_cpa/GEN_FINAL_FA[33].u_fa/c2
    SLICE_X15Y12         LUT5 (Prop_lut5_I2_O)        0.187    24.613 r  GEN_BRAM.u_core/alu/u_mul/u_mul/GEN_ARRAY.u_mul/u_csa_row0/GEN_CSA_FA[1].u_fa/result[4]_INST_0_i_14/O
                         net (fo=3, routed)           0.263    24.876    GEN_BRAM.u_core/alu/u_mul/u_mul/GEN_ARRAY.u_mul/u_csa_row0/GEN_CSA_FA[1].u_fa/u_final_cpa/c_35
    SLICE_X16Y12         LUT6 (Prop_lut6_I4_O)        0.169    25.045 r  GEN_BRAM.u_core/alu/u_mul/u_mul/GEN_ARRAY.u_mul/u_csa_row0/GEN_CSA_FA[1].u_fa/result[6]_INST_0_i_12/O
                         net (fo=3, routed)           0.326    25.371    GEN_BRAM.u_core/alu/u_mul/u_mul/GEN_ARRAY.u_mul/u_csa_row0/GEN_CSA_FA[1].u_fa/u_final_cpa/c_37
    SLICE_X16Y13         LUT6 (Prop_lut6_I4_O)        0.053    25.424 r  GEN_BRAM.u_core/alu/u_mul/u_mul/GEN_ARRAY.u_mul/u_csa_row0/GEN_CSA_FA[1].u_fa/result[8]_INST_0_i_13/O
                         net (fo=3, routed)           0.322    25.746    GEN_BRAM.u_core/alu/u_mul/u_mul/GEN_ARRAY.u_mul/u_csa_row0/GEN_CSA_FA[1].u_fa/u_final_cpa/c_39
    SLICE_X16Y14         LUT6 (Prop_lut6_I4_O)        0.053    25.799 r  GEN_BRAM.u_core/alu/u_mul/u_mul/GEN_ARRAY.u_mul/u_csa_row0/GEN_CSA_FA[1].u_fa/result[10]_INST_0_i_12/O
                         net (fo=3, routed)           0.153    25.953    GEN_BRAM.u_core/alu/u_mul/u_mul/GEN_ARRAY.u_mul/u_csa_row0/GEN_CSA_FA[1].u_fa/u_final_cpa/c_41
    SLICE_X16Y14         LUT6 (Prop_lut6_I4_O)        0.053    26.006 r  GEN_BRAM.u_core/alu/u_mul/u_mul/GEN_ARRAY.u_mul/u_csa_row0/GEN_CSA_FA[1].u_fa/result[12]_INST_0_i_13/O
                         net (fo=3, routed)           0.249    26.254    GEN_BRAM.u_core/alu/u_mul/u_mul/GEN_ARRAY.u_mul/u_csa_row0/GEN_CSA_FA[1].u_fa/u_final_cpa/c_43
    SLICE_X16Y15         LUT6 (Prop_lut6_I4_O)        0.053    26.307 r  GEN_BRAM.u_core/alu/u_mul/u_mul/GEN_ARRAY.u_mul/u_csa_row0/GEN_CSA_FA[1].u_fa/result[14]_INST_0_i_12/O
                         net (fo=3, routed)           0.298    26.606    GEN_BRAM.u_core/alu/u_mul/u_mul/GEN_ARRAY.u_mul/u_csa_row0/GEN_CSA_FA[1].u_fa/u_final_cpa/c_45
    SLICE_X17Y15         LUT6 (Prop_lut6_I4_O)        0.053    26.659 r  GEN_BRAM.u_core/alu/u_mul/u_mul/GEN_ARRAY.u_mul/u_csa_row0/GEN_CSA_FA[1].u_fa/result[16]_INST_0_i_13/O
                         net (fo=3, routed)           0.309    26.968    GEN_BRAM.u_core/alu/u_mul/u_mul/GEN_ARRAY.u_mul/u_csa_row0/GEN_CSA_FA[1].u_fa/u_final_cpa/c_47
    SLICE_X17Y16         LUT6 (Prop_lut6_I4_O)        0.053    27.021 r  GEN_BRAM.u_core/alu/u_mul/u_mul/GEN_ARRAY.u_mul/u_csa_row0/GEN_CSA_FA[1].u_fa/result[18]_INST_0_i_12/O
                         net (fo=3, routed)           0.138    27.159    GEN_BRAM.u_core/alu/u_mul/u_mul/GEN_ARRAY.u_mul/u_csa_row0/GEN_CSA_FA[1].u_fa/u_final_cpa/c_49
    SLICE_X17Y16         LUT6 (Prop_lut6_I4_O)        0.053    27.212 r  GEN_BRAM.u_core/alu/u_mul/u_mul/GEN_ARRAY.u_mul/u_csa_row0/GEN_CSA_FA[1].u_fa/result[20]_INST_0_i_13/O
                         net (fo=3, routed)           0.244    27.456    GEN_BRAM.u_core/alu/u_mul/u_mul/GEN_ARRAY.u_mul/u_csa_row0/GEN_CSA_FA[1].u_fa/u_final_cpa/c_51
    SLICE_X17Y17         LUT6 (Prop_lut6_I4_O)        0.053    27.509 r  GEN_BRAM.u_core/alu/u_mul/u_mul/GEN_ARRAY.u_mul/u_csa_row0/GEN_CSA_FA[1].u_fa/result[22]_INST_0_i_12/O
                         net (fo=3, routed)           0.138    27.647    GEN_BRAM.u_core/alu/u_mul/u_mul/GEN_ARRAY.u_mul/u_csa_row0/GEN_CSA_FA[1].u_fa/u_final_cpa/c_53
    SLICE_X17Y17         LUT6 (Prop_lut6_I4_O)        0.053    27.700 r  GEN_BRAM.u_core/alu/u_mul/u_mul/GEN_ARRAY.u_mul/u_csa_row0/GEN_CSA_FA[1].u_fa/result[24]_INST_0_i_13/O
                         net (fo=3, routed)           0.366    28.066    GEN_BRAM.u_core/alu/u_mul/u_mul/GEN_ARRAY.u_mul/u_csa_row0/GEN_CSA_FA[1].u_fa/u_final_cpa/c_55
    SLICE_X17Y18         LUT6 (Prop_lut6_I4_O)        0.053    28.119 r  GEN_BRAM.u_core/alu/u_mul/u_mul/GEN_ARRAY.u_mul/u_csa_row0/GEN_CSA_FA[1].u_fa/result[26]_INST_0_i_12/O
                         net (fo=3, routed)           0.317    28.436    GEN_BRAM.u_core/alu/u_mul/u_mul/GEN_ARRAY.u_mul/u_csa_row0/GEN_CSA_FA[1].u_fa/u_final_cpa/c_57
    SLICE_X17Y18         LUT6 (Prop_lut6_I4_O)        0.053    28.489 r  GEN_BRAM.u_core/alu/u_mul/u_mul/GEN_ARRAY.u_mul/u_csa_row0/GEN_CSA_FA[1].u_fa/result[28]_INST_0_i_13/O
                         net (fo=3, routed)           0.367    28.856    GEN_BRAM.u_core/alu/u_mul/u_mul/GEN_ARRAY.u_mul/u_csa_row0/GEN_CSA_FA[1].u_fa/u_final_cpa/c_59
    SLICE_X17Y19         LUT6 (Prop_lut6_I4_O)        0.053    28.909 r  GEN_BRAM.u_core/alu/u_mul/u_mul/GEN_ARRAY.u_mul/u_csa_row0/GEN_CSA_FA[1].u_fa/result[31]_INST_0_i_13/O
                         net (fo=3, routed)           0.259    29.168    GEN_BRAM.u_core/alu/u_mul/u_mul/GEN_ARRAY.u_mul/u_csa_row0/GEN_CSA_FA[1].u_fa/u_final_cpa/c_61
    SLICE_X15Y19         LUT5 (Prop_lut5_I4_O)        0.053    29.221 r  GEN_BRAM.u_core/alu/u_mul/u_mul/GEN_ARRAY.u_mul/u_csa_row0/GEN_CSA_FA[1].u_fa/result[29]_INST_0_i_2/O
                         net (fo=2, routed)           0.000    29.221    GEN_BRAM.u_core/alu/u_mul/u_mul/GEN_ARRAY.u_mul/u_csa_row0/GEN_CSA_FA[1].u_fa/p_0_in[61]
    SLICE_X15Y19         CARRY4 (Prop_carry4_S[0]_O[0])
                                                      0.147    29.368 r  GEN_BRAM.u_core/alu/u_mul/u_mul/GEN_ARRAY.u_mul/u_csa_row0/GEN_CSA_FA[1].u_fa/result[31]_INST_0_i_6/O[0]
                         net (fo=1, routed)           0.293    29.662    GEN_BRAM.u_core/alu/u_mul/u_mul/GEN_ARRAY.u_mul/u_csa_row0/GEN_CSA_FA[1].u_fa/signed_product0[61]
    SLICE_X13Y19         LUT5 (Prop_lut5_I4_O)        0.155    29.817 r  GEN_BRAM.u_core/alu/u_mul/u_mul/GEN_ARRAY.u_mul/u_csa_row0/GEN_CSA_FA[1].u_fa/result[29]_INST_0/O
                         net (fo=1, routed)           0.298    30.115    GEN_BRAM.u_core/reg_file/result[25]
    SLICE_X13Y19         LUT6 (Prop_lut6_I2_O)        0.053    30.168 r  GEN_BRAM.u_core/reg_file/debug_alu_out_OBUF[29]_inst_i_4/O
                         net (fo=1, routed)           0.393    30.561    GEN_BRAM.u_core/reg_file/debug_alu_out_OBUF[29]_inst_i_4_n_0
    SLICE_X13Y20         LUT6 (Prop_lut6_I5_O)        0.053    30.614 r  GEN_BRAM.u_core/reg_file/debug_alu_out_OBUF[29]_inst_i_1/O
                         net (fo=3, routed)           0.313    30.927    GEN_BRAM.u_core/reg_file/debug_alu_out_OBUF[16]
    SLICE_X13Y20         LUT6 (Prop_lut6_I0_O)        0.053    30.980 r  GEN_BRAM.u_core/reg_file/pc[29]_i_1/O
                         net (fo=1, routed)           0.000    30.980    GEN_BRAM.u_core/pc[29]
    SLICE_X13Y20         FDCE                                         r  GEN_BRAM.u_core/pc_reg[29]/D
  -------------------------------------------------------------------    -------------------

                         (clock sys_clk rise edge)   30.000    30.000 r  
    AD23                                              0.000    30.000 r  clk (IN)
                         net (fo=0)                   0.000    30.000    clk
    AD23                 IBUF (Prop_ibuf_I_O)         0.796    30.796 r  clk_IBUF_inst/O
                         net (fo=1, routed)           1.741    32.537    clk_IBUF
    BUFGCTRL_X0Y0        BUFG (Prop_bufg_I_O)         0.113    32.650 r  clk_IBUF_BUFG_inst/O
                         net (fo=350, routed)         1.533    34.183    GEN_BRAM.u_core/clk_IBUF_BUFG
    SLICE_X13Y20         FDCE                                         r  GEN_BRAM.u_core/pc_reg[29]/C
                         clock pessimism              0.263    34.447    
                         clock uncertainty           -0.035    34.411    
    SLICE_X13Y20         FDCE (Setup_fdce_C_D)        0.035    34.446    GEN_BRAM.u_core/pc_reg[29]
  -------------------------------------------------------------------
                         required time                         34.446    
                         arrival time                         -30.980    
  -------------------------------------------------------------------
                         slack                                  3.466    





Pulse Width Checks
--------------------------------------------------------------------------------------
Clock Name:         sys_clk
Waveform(ns):       { 0.000 15.000 }
Period(ns):         30.000
Sources:            { clk }

Check Type        Corner  Lib Pin             Reference Pin  Required(ns)  Actual(ns)  Slack(ns)  Location       Pin
Min Period        n/a     RAMB36E1/CLKARDCLK  n/a            2.495         30.000      27.505     RAMB36_X0Y4    GEN_BRAM.u_core/dmem/mem_reg_0/CLKARDCLK
Min Period        n/a     RAMB36E1/CLKARDCLK  n/a            2.495         30.000      27.505     RAMB36_X0Y6    GEN_BRAM.u_core/dmem/mem_reg_1/CLKARDCLK
Min Period        n/a     RAMB36E1/CLKBWRCLK  n/a            2.183         30.000      27.817     RAMB36_X0Y4    GEN_BRAM.u_core/dmem/mem_reg_0/CLKBWRCLK
Min Period        n/a     RAMB36E1/CLKBWRCLK  n/a            2.183         30.000      27.817     RAMB36_X0Y6    GEN_BRAM.u_core/dmem/mem_reg_1/CLKBWRCLK
Min Period        n/a     RAMB36E1/CLKARDCLK  n/a            2.183         30.000      27.817     RAMB36_X0Y3    GEN_BRAM.u_core/imem/data_out_reg_0/CLKARDCLK
Min Period        n/a     RAMB36E1/CLKARDCLK  n/a            2.183         30.000      27.817     RAMB36_X0Y2    GEN_BRAM.u_core/imem/data_out_reg_1/CLKARDCLK
Min Period        n/a     BUFG/I              n/a            1.600         30.000      28.400     BUFGCTRL_X0Y0  clk_IBUF_BUFG_inst/I
Min Period        n/a     FDCE/C              n/a            0.750         30.000      29.250     SLICE_X13Y17   GEN_BRAM.u_core/ir_reg[19]/C
Min Period        n/a     FDCE/C              n/a            0.750         30.000      29.250     SLICE_X8Y16    GEN_BRAM.u_core/ir_reg[9]/C
Min Period        n/a     FDCE/C              n/a            0.750         30.000      29.250     SLICE_X3Y39    GEN_BRAM.u_core/divider/count_reg[1]/C
Min Period        n/a     FDCE/C              n/a            0.750         30.000      29.250     SLICE_X2Y39    GEN_BRAM.u_core/divider/count_reg[3]/C
Min Period        n/a     FDCE/C              n/a            0.750         30.000      29.250     SLICE_X3Y33    GEN_BRAM.u_core/divider/done_reg/C
Min Period        n/a     FDCE/C              n/a            0.750         30.000      29.250     SLICE_X4Y20    GEN_BRAM.u_core/divider/remainder_work_reg[13]/C
Min Period        n/a     FDCE/C              n/a            0.750         30.000      29.250     SLICE_X7Y20    GEN_BRAM.u_core/divider/remainder_work_reg[15]/C
Min Period        n/a     FDCE/C              n/a            0.750         30.000      29.250     SLICE_X4Y20    GEN_BRAM.u_core/divider/remainder_work_reg[17]/C
Min Period        n/a     FDCE/C              n/a            0.750         30.000      29.250     SLICE_X1Y21    GEN_BRAM.u_core/divider/remainder_work_reg[19]/C
Min Period        n/a     FDCE/C              n/a            0.750         30.000      29.250     SLICE_X4Y21    GEN_BRAM.u_core/divider/remainder_work_reg[21]/C
Min Period        n/a     FDCE/C              n/a            0.750         30.000      29.250     SLICE_X8Y23    GEN_BRAM.u_core/divider/remainder_work_reg[23]/C
Min Period        n/a     FDCE/C              n/a            0.750         30.000      29.250     SLICE_X1Y23    GEN_BRAM.u_core/divider/remainder_work_reg[25]/C
Min Period        n/a     FDCE/C              n/a            0.750         30.000      29.250     SLICE_X2Y24    GEN_BRAM.u_core/divider/remainder_work_reg[27]/C
Low Pulse Width   Slow    RAMD32/CLK          n/a            0.910         15.000      14.090     SLICE_X12Y17   GEN_BRAM.u_core/reg_file/registers_reg_r1_0_31_0_5/RAMA/CLK
Low Pulse Width   Fast    RAMD32/CLK          n/a            0.910         15.000      14.090     SLICE_X12Y17   GEN_BRAM.u_core/reg_file/registers_reg_r1_0_31_0_5/RAMA/CLK
Low Pulse Width   Slow    RAMD32/CLK          n/a            0.910         15.000      14.090     SLICE_X12Y17   GEN_BRAM.u_core/reg_file/registers_reg_r1_0_31_0_5/RAMA_D1/CLK
Low Pulse Width   Fast    RAMD32/CLK          n/a            0.910         15.000      14.090     SLICE_X12Y17   GEN_BRAM.u_core/reg_file/registers_reg_r1_0_31_0_5/RAMA_D1/CLK
Low Pulse Width   Slow    RAMD32/CLK          n/a            0.910         15.000      14.090     SLICE_X12Y17   GEN_BRAM.u_core/reg_file/registers_reg_r1_0_31_0_5/RAMB/CLK
Low Pulse Width   Fast    RAMD32/CLK          n/a            0.910         15.000      14.090     SLICE_X12Y17   GEN_BRAM.u_core/reg_file/registers_reg_r1_0_31_0_5/RAMB/CLK
Low Pulse Width   Slow    RAMD32/CLK          n/a            0.910         15.000      14.090     SLICE_X12Y17   GEN_BRAM.u_core/reg_file/registers_reg_r1_0_31_0_5/RAMB_D1/CLK
Low Pulse Width   Fast    RAMD32/CLK          n/a            0.910         15.000      14.090     SLICE_X12Y17   GEN_BRAM.u_core/reg_file/registers_reg_r1_0_31_0_5/RAMB_D1/CLK
Low Pulse Width   Slow    RAMD32/CLK          n/a            0.910         15.000      14.090     SLICE_X12Y17   GEN_BRAM.u_core/reg_file/registers_reg_r1_0_31_0_5/RAMC/CLK
Low Pulse Width   Fast    RAMD32/CLK          n/a            0.910         15.000      14.090     SLICE_X12Y17   GEN_BRAM.u_core/reg_file/registers_reg_r1_0_31_0_5/RAMC/CLK
Low Pulse Width   Slow    RAMD32/CLK          n/a            0.910         15.000      14.090     SLICE_X12Y17   GEN_BRAM.u_core/reg_file/registers_reg_r1_0_31_0_5/RAMC_D1/CLK
Low Pulse Width   Fast    RAMD32/CLK          n/a            0.910         15.000      14.090     SLICE_X12Y17   GEN_BRAM.u_core/reg_file/registers_reg_r1_0_31_0_5/RAMC_D1/CLK
Low Pulse Width   Slow    RAMS32/CLK          n/a            0.910         15.000      14.090     SLICE_X12Y17   GEN_BRAM.u_core/reg_file/registers_reg_r1_0_31_0_5/RAMD/CLK
Low Pulse Width   Fast    RAMS32/CLK          n/a            0.910         15.000      14.090     SLICE_X12Y17   GEN_BRAM.u_core/reg_file/registers_reg_r1_0_31_0_5/RAMD/CLK
Low Pulse Width   Slow    RAMS32/CLK          n/a            0.910         15.000      14.090     SLICE_X12Y17   GEN_BRAM.u_core/reg_file/registers_reg_r1_0_31_0_5/RAMD_D1/CLK
Low Pulse Width   Fast    RAMS32/CLK          n/a            0.910         15.000      14.090     SLICE_X12Y17   GEN_BRAM.u_core/reg_file/registers_reg_r1_0_31_0_5/RAMD_D1/CLK
Low Pulse Width   Slow    RAMD32/CLK          n/a            0.910         15.000      14.090     SLICE_X14Y22   GEN_BRAM.u_core/reg_file/registers_reg_r1_0_31_12_17/RAMA/CLK
Low Pulse Width   Fast    RAMD32/CLK          n/a            0.910         15.000      14.090     SLICE_X14Y22   GEN_BRAM.u_core/reg_file/registers_reg_r1_0_31_12_17/RAMA/CLK
Low Pulse Width   Slow    RAMD32/CLK          n/a            0.910         15.000      14.090     SLICE_X14Y22   GEN_BRAM.u_core/reg_file/registers_reg_r1_0_31_12_17/RAMA_D1/CLK
Low Pulse Width   Fast    RAMD32/CLK          n/a            0.910         15.000      14.090     SLICE_X14Y22   GEN_BRAM.u_core/reg_file/registers_reg_r1_0_31_12_17/RAMA_D1/CLK
High Pulse Width  Slow    RAMD32/CLK          n/a            0.910         15.000      14.090     SLICE_X12Y17   GEN_BRAM.u_core/reg_file/registers_reg_r1_0_31_0_5/RAMA/CLK
High Pulse Width  Fast    RAMD32/CLK          n/a            0.910         15.000      14.090     SLICE_X12Y17   GEN_BRAM.u_core/reg_file/registers_reg_r1_0_31_0_5/RAMA/CLK
High Pulse Width  Slow    RAMD32/CLK          n/a            0.910         15.000      14.090     SLICE_X12Y17   GEN_BRAM.u_core/reg_file/registers_reg_r1_0_31_0_5/RAMA_D1/CLK
High Pulse Width  Fast    RAMD32/CLK          n/a            0.910         15.000      14.090     SLICE_X12Y17   GEN_BRAM.u_core/reg_file/registers_reg_r1_0_31_0_5/RAMA_D1/CLK
High Pulse Width  Slow    RAMD32/CLK          n/a            0.910         15.000      14.090     SLICE_X12Y17   GEN_BRAM.u_core/reg_file/registers_reg_r1_0_31_0_5/RAMB/CLK
High Pulse Width  Fast    RAMD32/CLK          n/a            0.910         15.000      14.090     SLICE_X12Y17   GEN_BRAM.u_core/reg_file/registers_reg_r1_0_31_0_5/RAMB/CLK
High Pulse Width  Slow    RAMD32/CLK          n/a            0.910         15.000      14.090     SLICE_X12Y17   GEN_BRAM.u_core/reg_file/registers_reg_r1_0_31_0_5/RAMB_D1/CLK
High Pulse Width  Fast    RAMD32/CLK          n/a            0.910         15.000      14.090     SLICE_X12Y17   GEN_BRAM.u_core/reg_file/registers_reg_r1_0_31_0_5/RAMB_D1/CLK
High Pulse Width  Slow    RAMD32/CLK          n/a            0.910         15.000      14.090     SLICE_X12Y17   GEN_BRAM.u_core/reg_file/registers_reg_r1_0_31_0_5/RAMC/CLK
High Pulse Width  Fast    RAMD32/CLK          n/a            0.910         15.000      14.090     SLICE_X12Y17   GEN_BRAM.u_core/reg_file/registers_reg_r1_0_31_0_5/RAMC/CLK
High Pulse Width  Slow    RAMD32/CLK          n/a            0.910         15.000      14.090     SLICE_X12Y17   GEN_BRAM.u_core/reg_file/registers_reg_r1_0_31_0_5/RAMC_D1/CLK
High Pulse Width  Fast    RAMD32/CLK          n/a            0.910         15.000      14.090     SLICE_X12Y17   GEN_BRAM.u_core/reg_file/registers_reg_r1_0_31_0_5/RAMC_D1/CLK
High Pulse Width  Slow    RAMS32/CLK          n/a            0.910         15.000      14.090     SLICE_X12Y17   GEN_BRAM.u_core/reg_file/registers_reg_r1_0_31_0_5/RAMD/CLK
High Pulse Width  Fast    RAMS32/CLK          n/a            0.910         15.000      14.090     SLICE_X12Y17   GEN_BRAM.u_core/reg_file/registers_reg_r1_0_31_0_5/RAMD/CLK
High Pulse Width  Slow    RAMS32/CLK          n/a            0.910         15.000      14.090     SLICE_X12Y17   GEN_BRAM.u_core/reg_file/registers_reg_r1_0_31_0_5/RAMD_D1/CLK
High Pulse Width  Fast    RAMS32/CLK          n/a            0.910         15.000      14.090     SLICE_X12Y17   GEN_BRAM.u_core/reg_file/registers_reg_r1_0_31_0_5/RAMD_D1/CLK
High Pulse Width  Slow    RAMD32/CLK          n/a            0.910         15.000      14.090     SLICE_X14Y22   GEN_BRAM.u_core/reg_file/registers_reg_r1_0_31_12_17/RAMA/CLK
High Pulse Width  Fast    RAMD32/CLK          n/a            0.910         15.000      14.090     SLICE_X14Y22   GEN_BRAM.u_core/reg_file/registers_reg_r1_0_31_12_17/RAMA/CLK
High Pulse Width  Slow    RAMD32/CLK          n/a            0.910         15.000      14.090     SLICE_X14Y22   GEN_BRAM.u_core/reg_file/registers_reg_r1_0_31_12_17/RAMA_D1/CLK
High Pulse Width  Fast    RAMD32/CLK          n/a            0.910         15.000      14.090     SLICE_X14Y22   GEN_BRAM.u_core/reg_file/registers_reg_r1_0_31_12_17/RAMA_D1/CLK



