Copyright 1986-2022 Xilinx, Inc. All Rights Reserved. Copyright 2022-2025 Advanced Micro Devices, Inc. All Rights Reserved.
---------------------------------------------------------------------------------------------------------------------------------------------
| Tool Version : Vivado v.2025.2 (win64) Build 6299465 Fri Nov 14 19:35:11 GMT 2025
| Date         : Sun Aug  9 14:58:14 2026
| Host         : LAPTOP_Truong running 64-bit major release  (build 9200)
| Command      : report_timing_summary -delay_type max -max_paths 20 -file ./results_9config_mem1/KSA_WALLACE_timing.rpt
| Design       : cpu_top
| Device       : 7z030-ffg676
| Speed File   : -1  PRODUCTION 1.12 2019-11-22
| Design State : Routed
---------------------------------------------------------------------------------------------------------------------------------------------

Timing Summary Report

------------------------------------------------------------------------------------------------
| Timer Settings
| --------------
------------------------------------------------------------------------------------------------

  Enable Multi Corner Analysis               :  Yes
  Enable Pessimism Removal                   :  Yes
  Pessimism Removal Resolution               :  Nearest Common Node
  Enable Input Delay Default Clock           :  No
  Enable Preset / Clear Arcs                 :  No
  Disable Flight Delays                      :  No
  Ignore I/O Paths                           :  No
  Timing Early Launch at Borrowing Latches   :  No
  Borrow Time for Max Delay Exceptions       :  Yes
  Merge Timing Exceptions                    :  Yes
  Inter-SLR Compensation                     :  Conservative

  Corner  Analyze    Analyze    
  Name    Max Paths  Min Paths  
  ------  ---------  ---------  
  Slow    Yes        Yes        
  Fast    Yes        Yes        


------------------------------------------------------------------------------------------------
| Report Methodology
| ------------------
------------------------------------------------------------------------------------------------

Rule       Severity  Description                                 Violations  
---------  --------  ------------------------------------------  ----------  
SYNTH-6    Warning   Timing of a RAM block might be sub-optimal  4           
TIMING-18  Warning   Missing input or output delay               101         
SYNTH-6    Warning   Timing of a RAM block might be sub-optimal  4           
TIMING-18  Warning   Missing input or output delay               101         
SYNTH-6    Warning   Timing of a RAM block might be sub-optimal  4           
TIMING-18  Warning   Missing input or output delay               101         
SYNTH-6    Warning   Timing of a RAM block might be sub-optimal  4           
TIMING-18  Warning   Missing input or output delay               101         
SYNTH-6    Warning   Timing of a RAM block might be sub-optimal  4           
TIMING-18  Warning   Missing input or output delay               101         
SYNTH-6    Warning   Timing of a RAM block might be sub-optimal  4           
TIMING-18  Warning   Missing input or output delay               101         
SYNTH-6    Warning   Timing of a RAM block might be sub-optimal  4           
TIMING-18  Warning   Missing input or output delay               101         

Note: This report is based on the most recent report_methodology run and may not be up-to-date. Run report_methodology on the current design for the latest report.



check_timing report

Table of Contents
-----------------
1. checking no_clock (0)
2. checking constant_clock (0)
3. checking pulse_width_clock (0)
4. checking unconstrained_internal_endpoints (0)
5. checking no_input_delay (1)
6. checking no_output_delay (101)
7. checking multiple_clock (0)
8. checking generated_clocks (0)
9. checking loops (0)
10. checking partial_input_delay (0)
11. checking partial_output_delay (0)
12. checking latch_loops (0)

1. checking no_clock (0)
------------------------
 There are 0 register/latch pins with no clock.


2. checking constant_clock (0)
------------------------------
 There are 0 register/latch pins with constant_clock.


3. checking pulse_width_clock (0)
---------------------------------
 There are 0 register/latch pins which need pulse_width check


4. checking unconstrained_internal_endpoints (0)
------------------------------------------------
 There are 0 pins that are not constrained for maximum delay.

 There are 0 pins that are not constrained for maximum delay due to constant clock.


5. checking no_input_delay (1)
------------------------------
 There are 0 input ports with no input delay specified.

 There is 1 input port with no input delay but user has a false path constraint. (MEDIUM)


6. checking no_output_delay (101)
---------------------------------
 There are 101 ports with no output delay specified. (HIGH)

 There are 0 ports with no output delay but user has a false path constraint

 There are 0 ports with no output delay but with a timing clock defined on it or propagating through it


7. checking multiple_clock (0)
------------------------------
 There are 0 register/latch pins with multiple clocks.


8. checking generated_clocks (0)
--------------------------------
 There are 0 generated clocks that are not connected to a clock source.


9. checking loops (0)
---------------------
 There are 0 combinational loops in the design.


10. checking partial_input_delay (0)
------------------------------------
 There are 0 input ports with partial input delay specified.


11. checking partial_output_delay (0)
-------------------------------------
 There are 0 ports with partial output delay specified.


12. checking latch_loops (0)
----------------------------
 There are 0 combinational latch loops in the design through latch input



------------------------------------------------------------------------------------------------
| Design Timing Summary
| ---------------------
------------------------------------------------------------------------------------------------

    WNS(ns)      TNS(ns)  TNS Failing Endpoints  TNS Total Endpoints     WPWS(ns)     TPWS(ns)  TPWS Failing Endpoints  TPWS Total Endpoints  
    -------      -------  ---------------------  -------------------     --------     --------  ----------------------  --------------------  
     11.237        0.000                      0                 1212       14.090        0.000                       0                   351  


All user specified timing constraints are met.


------------------------------------------------------------------------------------------------
| Clock Summary
| -------------
------------------------------------------------------------------------------------------------

Clock    Waveform(ns)       Period(ns)      Frequency(MHz)
-----    ------------       ----------      --------------
sys_clk  {0.000 15.000}     30.000          33.333          


------------------------------------------------------------------------------------------------
| Intra Clock Table
| -----------------
------------------------------------------------------------------------------------------------

Clock             WNS(ns)      TNS(ns)  TNS Failing Endpoints  TNS Total Endpoints     WPWS(ns)     TPWS(ns)  TPWS Failing Endpoints  TPWS Total Endpoints  
-----             -------      -------  ---------------------  -------------------     --------     --------  ----------------------  --------------------  
sys_clk            11.237        0.000                      0                 1212       14.090        0.000                       0                   351  


------------------------------------------------------------------------------------------------
| Inter Clock Table
| -----------------
------------------------------------------------------------------------------------------------

From Clock    To Clock          WNS(ns)      TNS(ns)  TNS Failing Endpoints  TNS Total Endpoints  
----------    --------          -------      -------  ---------------------  -------------------  


------------------------------------------------------------------------------------------------
| Other Path Groups Table
| -----------------------
------------------------------------------------------------------------------------------------

Path Group    From Clock    To Clock          WNS(ns)      TNS(ns)  TNS Failing Endpoints  TNS Total Endpoints  
----------    ----------    --------          -------      -------  ---------------------  -------------------  


------------------------------------------------------------------------------------------------
| Timing Details
| --------------
------------------------------------------------------------------------------------------------


---------------------------------------------------------------------------------------------------
From Clock:  sys_clk
  To Clock:  sys_clk

Setup :            0  Failing Endpoints,  Worst Slack       11.237ns,  Total Violation        0.000ns
Hold  :           NA  Failing Endpoints,  Worst Slack           NA  ,  Total Violation           NA
PW    :            0  Failing Endpoints,  Worst Slack       14.090ns,  Total Violation        0.000ns
---------------------------------------------------------------------------------------------------


Max Delay Paths
--------------------------------------------------------------------------------------
Slack (MET) :             11.237ns  (required time - arrival time)
  Source:                 GEN_BRAM.u_core/ir_reg[15]/C
                            (rising edge-triggered cell FDCE clocked by sys_clk  {rise@0.000ns fall@15.000ns period=30.000ns})
  Destination:            GEN_BRAM.u_core/reg_file/registers_reg_r1_0_31_6_11/RAMA/I
                            (rising edge-triggered cell RAMD32 clocked by sys_clk  {rise@0.000ns fall@15.000ns period=30.000ns})
  Path Group:             sys_clk
  Path Type:              Setup (Max at Slow Process Corner)
  Requirement:            30.000ns  (sys_clk rise@30.000ns - sys_clk rise@0.000ns)
  Data Path Delay:        18.588ns  (logic 3.769ns (20.276%)  route 14.819ns (79.724%))
  Logic Levels:           26  (CARRY4=7 LUT1=1 LUT2=2 LUT3=2 LUT4=1 LUT5=4 LUT6=7 MUXF7=1 RAMD32=1)
  Clock Path Skew:        -0.026ns (DCD - SCD + CPR)
    Destination Clock Delay (DCD):    4.188ns = ( 34.188 - 30.000 ) 
    Source Clock Delay      (SCD):    4.478ns
    Clock Pessimism Removal (CPR):    0.263ns
  Clock Uncertainty:      0.035ns  ((TSJ^2 + TIJ^2)^1/2 + DJ) / 2 + PE
    Total System Jitter     (TSJ):    0.071ns
    Total Input Jitter      (TIJ):    0.000ns
    Discrete Jitter          (DJ):    0.000ns
    Phase Error              (PE):    0.000ns

    Location             Delay type                Incr(ns)  Path(ns)    Netlist Resource(s)
  -------------------------------------------------------------------    -------------------
                         (clock sys_clk rise edge)    0.000     0.000 r  
    AD23                                              0.000     0.000 r  clk (IN)
                         net (fo=0)                   0.000     0.000    clk
    AD23                 IBUF (Prop_ibuf_I_O)         0.873     0.873 r  clk_IBUF_inst/O
                         net (fo=1, routed)           1.830     2.703    clk_IBUF
    BUFGCTRL_X0Y0        BUFG (Prop_bufg_I_O)         0.120     2.823 r  clk_IBUF_BUFG_inst/O
                         net (fo=350, routed)         1.655     4.478    GEN_BRAM.u_core/clk_IBUF_BUFG
    SLICE_X10Y10         FDCE                                         r  GEN_BRAM.u_core/ir_reg[15]/C
  -------------------------------------------------------------------    -------------------
    SLICE_X10Y10         FDCE (Prop_fdce_C_Q)         0.308     4.786 r  GEN_BRAM.u_core/ir_reg[15]/Q
                         net (fo=97, routed)          1.051     5.836    GEN_BRAM.u_core/reg_file/registers_reg_r1_0_31_0_5/ADDRA0
    SLICE_X8Y14          RAMD32 (Prop_ramd32_RADR0_O)
                                                      0.066     5.902 f  GEN_BRAM.u_core/reg_file/registers_reg_r1_0_31_0_5/RAMA/O
                         net (fo=10, routed)          1.056     6.959    GEN_BRAM.u_core/alu_mux_a/dataR10[0]
    SLICE_X14Y25         LUT4 (Prop_lut4_I1_O)        0.168     7.127 r  GEN_BRAM.u_core/alu_mux_a/u_adder_i_32/O
                         net (fo=119, routed)         0.554     7.681    GEN_BRAM.u_core/alu/u_mul/u_mul/GEN_WALLACE.u_mul/result[2]_INST_0_i_7_n_0
    SLICE_X15Y17         CARRY4 (Prop_carry4_CYINIT_CO[3])
                                                      0.346     8.027 r  GEN_BRAM.u_core/alu/u_mul/u_mul/GEN_WALLACE.u_mul/result[2]_INST_0_i_6/CO[3]
                         net (fo=1, routed)           0.000     8.027    GEN_BRAM.u_core/alu/u_mul/u_mul/GEN_WALLACE.u_mul/result[2]_INST_0_i_6_n_0
    SLICE_X15Y18         CARRY4 (Prop_carry4_CI_CO[3])
                                                      0.058     8.085 r  GEN_BRAM.u_core/alu/u_mul/u_mul/GEN_WALLACE.u_mul/result[8]_INST_0_i_117/CO[3]
                         net (fo=1, routed)           0.000     8.085    GEN_BRAM.u_core/alu/u_mul/u_mul/GEN_WALLACE.u_mul/result[8]_INST_0_i_117_n_0
    SLICE_X15Y19         CARRY4 (Prop_carry4_CI_O[3])
                                                      0.179     8.264 r  GEN_BRAM.u_core/alu/u_mul/u_mul/GEN_WALLACE.u_mul/result[12]_INST_0_i_87/O[3]
                         net (fo=3, routed)           0.564     8.828    GEN_BRAM.u_core/alu/u_mul/u_mul/GEN_WALLACE.u_mul/mag_a0[12]
    SLICE_X19Y14         LUT6 (Prop_lut6_I0_O)        0.142     8.970 r  GEN_BRAM.u_core/alu/u_mul/u_mul/GEN_WALLACE.u_mul/result[16]_INST_0_i_211/O
                         net (fo=64, routed)          2.065    11.035    GEN_BRAM.u_core/alu/u_mul/u_mul/GEN_WALLACE.u_mul/mag_a[12]
    SLICE_X35Y5          LUT6 (Prop_lut6_I0_O)        0.053    11.088 r  GEN_BRAM.u_core/alu/u_mul/u_mul/GEN_WALLACE.u_mul/result[28]_INST_0_i_252/O
                         net (fo=2, routed)           0.456    11.543    GEN_BRAM.u_core/alu/u_mul/u_mul/GEN_WALLACE.u_mul/l1[7]_33[22]
    SLICE_X35Y5          LUT3 (Prop_lut3_I0_O)        0.063    11.606 r  GEN_BRAM.u_core/alu/u_mul/u_mul/GEN_WALLACE.u_mul/result[28]_INST_0_i_191/O
                         net (fo=2, routed)           0.692    12.298    GEN_BRAM.u_core/alu/u_mul/u_mul/GEN_WALLACE.u_mul/l2[4]_50[22]
    SLICE_X31Y5          LUT5 (Prop_lut5_I3_O)        0.170    12.468 r  GEN_BRAM.u_core/alu/u_mul/u_mul/GEN_WALLACE.u_mul/result[28]_INST_0_i_219/O
                         net (fo=2, routed)           0.412    12.881    GEN_BRAM.u_core/alu/u_mul/u_mul/GEN_WALLACE.u_mul/l3[2]_3[22]
    SLICE_X28Y5          LUT5 (Prop_lut5_I4_O)        0.053    12.934 r  GEN_BRAM.u_core/alu/u_mul/u_mul/GEN_WALLACE.u_mul/result[24]_INST_0_i_63/O
                         net (fo=3, routed)           0.822    13.756    GEN_BRAM.u_core/alu/u_mul/u_mul/GEN_WALLACE.u_mul/l4[0]_5[22]
    SLICE_X23Y5          LUT5 (Prop_lut5_I2_O)        0.063    13.819 r  GEN_BRAM.u_core/alu/u_mul/u_mul/GEN_WALLACE.u_mul/result[24]_INST_0_i_35/O
                         net (fo=3, routed)           0.519    14.338    GEN_BRAM.u_core/alu/u_mul/u_mul/GEN_WALLACE.u_mul/l6[0]_23[22]
    SLICE_X23Y7          LUT3 (Prop_lut3_I0_O)        0.170    14.508 r  GEN_BRAM.u_core/alu/u_mul/u_mul/GEN_WALLACE.u_mul/result[24]_INST_0_i_25/O
                         net (fo=2, routed)           0.937    15.445    GEN_BRAM.u_core/alu/u_mul/u_mul/GEN_WALLACE.u_mul/l7[1]_25[23]
    SLICE_X26Y7          LUT2 (Prop_lut2_I0_O)        0.065    15.510 r  GEN_BRAM.u_core/alu/u_mul/u_mul/GEN_WALLACE.u_mul/result[24]_INST_0_i_5/O
                         net (fo=1, routed)           0.422    15.932    GEN_BRAM.u_core/alu/u_mul/u_mul/GEN_WALLACE.u_mul/final_a[23]
    SLICE_X25Y7          CARRY4 (Prop_carry4_DI[2]_CO[3])
                                                      0.354    16.286 r  GEN_BRAM.u_core/alu/u_mul/u_mul/GEN_WALLACE.u_mul/result[24]_INST_0_i_1/CO[3]
                         net (fo=1, routed)           0.000    16.286    GEN_BRAM.u_core/alu/u_mul/u_mul/GEN_WALLACE.u_mul/result[24]_INST_0_i_1_n_0
    SLICE_X25Y8          CARRY4 (Prop_carry4_CI_O[2])
                                                      0.136    16.422 f  GEN_BRAM.u_core/alu/u_mul/u_mul/GEN_WALLACE.u_mul/result[28]_INST_0_i_1/O[2]
                         net (fo=2, routed)           0.464    16.886    GEN_BRAM.u_core/alu/u_mul/u_mul/GEN_WALLACE.u_mul/unsigned_product[27]
    SLICE_X24Y8          LUT1 (Prop_lut1_I0_O)        0.152    17.038 r  GEN_BRAM.u_core/alu/u_mul/u_mul/GEN_WALLACE.u_mul/result[0]_INST_0_i_9/O
                         net (fo=1, routed)           0.000    17.038    GEN_BRAM.u_core/alu/u_mul/u_mul/GEN_WALLACE.u_mul/p_0_in[27]
    SLICE_X24Y8          CARRY4 (Prop_carry4_S[2]_CO[3])
                                                      0.235    17.273 r  GEN_BRAM.u_core/alu/u_mul/u_mul/GEN_WALLACE.u_mul/result[0]_INST_0_i_2/CO[3]
                         net (fo=1, routed)           0.000    17.273    GEN_BRAM.u_core/alu/u_mul/u_mul/GEN_WALLACE.u_mul/result[0]_INST_0_i_2_n_0
    SLICE_X24Y9          CARRY4 (Prop_carry4_CI_O[3])
                                                      0.179    17.452 f  GEN_BRAM.u_core/alu/u_mul/u_mul/GEN_WALLACE.u_mul/result[0]_INST_0_i_1/O[3]
                         net (fo=1, routed)           0.383    17.834    GEN_BRAM.u_core/alu/u_mul/u_mul/GEN_WALLACE.u_mul/signed_product0[32]
    SLICE_X22Y10         LUT6 (Prop_lut6_I5_O)        0.142    17.976 f  GEN_BRAM.u_core/alu/u_mul/u_mul/GEN_WALLACE.u_mul/result[0]_INST_0/O
                         net (fo=1, routed)           0.730    18.707    GEN_BRAM.u_core/alu/mul_result[0]
    SLICE_X21Y24         LUT6 (Prop_lut6_I0_O)        0.053    18.760 f  GEN_BRAM.u_core/alu/debug_alu_out_OBUF[0]_inst_i_11/O
                         net (fo=1, routed)           0.000    18.760    GEN_BRAM.u_core/alu/debug_alu_out_OBUF[0]_inst_i_11_n_0
    SLICE_X21Y24         MUXF7 (Prop_muxf7_I1_O)      0.129    18.889 f  GEN_BRAM.u_core/alu/debug_alu_out_OBUF[0]_inst_i_4/O
                         net (fo=1, routed)           0.384    19.272    GEN_BRAM.u_core/alu/debug_alu_out_OBUF[0]_inst_i_4_n_0
    SLICE_X16Y25         LUT6 (Prop_lut6_I5_O)        0.153    19.425 f  GEN_BRAM.u_core/alu/debug_alu_out_OBUF[0]_inst_i_1/O
                         net (fo=11, routed)          0.910    20.335    GEN_BRAM.u_core/alu/D[0]
    SLICE_X11Y12         LUT2 (Prop_lut2_I1_O)        0.053    20.388 r  GEN_BRAM.u_core/alu/mem_reg_0_i_37/O
                         net (fo=26, routed)          0.894    21.282    GEN_BRAM.u_core/dmem/registers_reg_r1_0_31_6_11_i_10
    SLICE_X3Y20          LUT5 (Prop_lut5_I4_O)        0.056    21.338 r  GEN_BRAM.u_core/dmem/registers_reg_r1_0_31_6_11_i_24/O
                         net (fo=1, routed)           0.610    21.948    GEN_BRAM.u_core/wb_mux/registers_reg_r1_0_31_6_11_i_2_0
    SLICE_X3Y13          LUT6 (Prop_lut6_I5_O)        0.170    22.118 r  GEN_BRAM.u_core/wb_mux/registers_reg_r1_0_31_6_11_i_10/O
                         net (fo=1, routed)           0.359    22.477    GEN_BRAM.u_core/divider/wb_exec[6]
    SLICE_X4Y13          LUT6 (Prop_lut6_I5_O)        0.053    22.530 r  GEN_BRAM.u_core/divider/registers_reg_r1_0_31_6_11_i_2/O
                         net (fo=2, routed)           0.536    23.066    GEN_BRAM.u_core/reg_file/registers_reg_r1_0_31_6_11/DIA0
    SLICE_X10Y16         RAMD32                                       r  GEN_BRAM.u_core/reg_file/registers_reg_r1_0_31_6_11/RAMA/I
  -------------------------------------------------------------------    -------------------

                         (clock sys_clk rise edge)   30.000    30.000 r  
    AD23                                              0.000    30.000 r  clk (IN)
                         net (fo=0)                   0.000    30.000    clk
    AD23                 IBUF (Prop_ibuf_I_O)         0.796    30.796 r  clk_IBUF_inst/O
                         net (fo=1, routed)           1.741    32.537    clk_IBUF
    BUFGCTRL_X0Y0        BUFG (Prop_bufg_I_O)         0.113    32.650 r  clk_IBUF_BUFG_inst/O
                         net (fo=350, routed)         1.538    34.188    GEN_BRAM.u_core/reg_file/registers_reg_r1_0_31_6_11/WCLK
    SLICE_X10Y16         RAMD32                                       r  GEN_BRAM.u_core/reg_file/registers_reg_r1_0_31_6_11/RAMA/CLK
                         clock pessimism              0.263    34.452    
                         clock uncertainty           -0.035    34.416    
    SLICE_X10Y16         RAMD32 (Setup_ramd32_CLK_I)
                                                     -0.113    34.303    GEN_BRAM.u_core/reg_file/registers_reg_r1_0_31_6_11/RAMA
  -------------------------------------------------------------------
                         required time                         34.303    
                         arrival time                         -23.066    
  -------------------------------------------------------------------
                         slack                                 11.237    

Slack (MET) :             11.303ns  (required time - arrival time)
  Source:                 GEN_BRAM.u_core/ir_reg[15]/C
                            (rising edge-triggered cell FDCE clocked by sys_clk  {rise@0.000ns fall@15.000ns period=30.000ns})
  Destination:            GEN_BRAM.u_core/reg_file/registers_reg_r1_0_31_0_5/RAMB_D1/I
                            (rising edge-triggered cell RAMD32 clocked by sys_clk  {rise@0.000ns fall@15.000ns period=30.000ns})
  Path Group:             sys_clk
  Path Type:              Setup (Max at Slow Process Corner)
  Requirement:            30.000ns  (sys_clk rise@30.000ns - sys_clk rise@0.000ns)
  Data Path Delay:        18.471ns  (logic 3.649ns (19.755%)  route 14.822ns (80.245%))
  Logic Levels:           26  (CARRY4=7 LUT1=1 LUT2=2 LUT3=2 LUT4=1 LUT5=4 LUT6=7 MUXF7=1 RAMD32=1)
  Clock Path Skew:        -0.032ns (DCD - SCD + CPR)
    Destination Clock Delay (DCD):    4.189ns = ( 34.189 - 30.000 ) 
    Source Clock Delay      (SCD):    4.478ns
    Clock Pessimism Removal (CPR):    0.256ns
  Clock Uncertainty:      0.035ns  ((TSJ^2 + TIJ^2)^1/2 + DJ) / 2 + PE
    Total System Jitter     (TSJ):    0.071ns
    Total Input Jitter      (TIJ):    0.000ns
    Discrete Jitter          (DJ):    0.000ns
    Phase Error              (PE):    0.000ns

    Location             Delay type                Incr(ns)  Path(ns)    Netlist Resource(s)
  -------------------------------------------------------------------    -------------------
                         (clock sys_clk rise edge)    0.000     0.000 r  
    AD23                                              0.000     0.000 r  clk (IN)
                         net (fo=0)                   0.000     0.000    clk
    AD23                 IBUF (Prop_ibuf_I_O)         0.873     0.873 r  clk_IBUF_inst/O
                         net (fo=1, routed)           1.830     2.703    clk_IBUF
    BUFGCTRL_X0Y0        BUFG (Prop_bufg_I_O)         0.120     2.823 r  clk_IBUF_BUFG_inst/O
                         net (fo=350, routed)         1.655     4.478    GEN_BRAM.u_core/clk_IBUF_BUFG
    SLICE_X10Y10         FDCE                                         r  GEN_BRAM.u_core/ir_reg[15]/C
  -------------------------------------------------------------------    -------------------
    SLICE_X10Y10         FDCE (Prop_fdce_C_Q)         0.308     4.786 r  GEN_BRAM.u_core/ir_reg[15]/Q
                         net (fo=97, routed)          1.051     5.836    GEN_BRAM.u_core/reg_file/registers_reg_r1_0_31_0_5/ADDRA0
    SLICE_X8Y14          RAMD32 (Prop_ramd32_RADR0_O)
                                                      0.066     5.902 f  GEN_BRAM.u_core/reg_file/registers_reg_r1_0_31_0_5/RAMA/O
                         net (fo=10, routed)          1.056     6.959    GEN_BRAM.u_core/alu_mux_a/dataR10[0]
    SLICE_X14Y25         LUT4 (Prop_lut4_I1_O)        0.168     7.127 r  GEN_BRAM.u_core/alu_mux_a/u_adder_i_32/O
                         net (fo=119, routed)         0.554     7.681    GEN_BRAM.u_core/alu/u_mul/u_mul/GEN_WALLACE.u_mul/result[2]_INST_0_i_7_n_0
    SLICE_X15Y17         CARRY4 (Prop_carry4_CYINIT_CO[3])
                                                      0.346     8.027 r  GEN_BRAM.u_core/alu/u_mul/u_mul/GEN_WALLACE.u_mul/result[2]_INST_0_i_6/CO[3]
                         net (fo=1, routed)           0.000     8.027    GEN_BRAM.u_core/alu/u_mul/u_mul/GEN_WALLACE.u_mul/result[2]_INST_0_i_6_n_0
    SLICE_X15Y18         CARRY4 (Prop_carry4_CI_CO[3])
                                                      0.058     8.085 r  GEN_BRAM.u_core/alu/u_mul/u_mul/GEN_WALLACE.u_mul/result[8]_INST_0_i_117/CO[3]
                         net (fo=1, routed)           0.000     8.085    GEN_BRAM.u_core/alu/u_mul/u_mul/GEN_WALLACE.u_mul/result[8]_INST_0_i_117_n_0
    SLICE_X15Y19         CARRY4 (Prop_carry4_CI_O[3])
                                                      0.179     8.264 r  GEN_BRAM.u_core/alu/u_mul/u_mul/GEN_WALLACE.u_mul/result[12]_INST_0_i_87/O[3]
                         net (fo=3, routed)           0.564     8.828    GEN_BRAM.u_core/alu/u_mul/u_mul/GEN_WALLACE.u_mul/mag_a0[12]
    SLICE_X19Y14         LUT6 (Prop_lut6_I0_O)        0.142     8.970 r  GEN_BRAM.u_core/alu/u_mul/u_mul/GEN_WALLACE.u_mul/result[16]_INST_0_i_211/O
                         net (fo=64, routed)          2.065    11.035    GEN_BRAM.u_core/alu/u_mul/u_mul/GEN_WALLACE.u_mul/mag_a[12]
    SLICE_X35Y5          LUT6 (Prop_lut6_I0_O)        0.053    11.088 r  GEN_BRAM.u_core/alu/u_mul/u_mul/GEN_WALLACE.u_mul/result[28]_INST_0_i_252/O
                         net (fo=2, routed)           0.456    11.543    GEN_BRAM.u_core/alu/u_mul/u_mul/GEN_WALLACE.u_mul/l1[7]_33[22]
    SLICE_X35Y5          LUT3 (Prop_lut3_I0_O)        0.063    11.606 r  GEN_BRAM.u_core/alu/u_mul/u_mul/GEN_WALLACE.u_mul/result[28]_INST_0_i_191/O
                         net (fo=2, routed)           0.692    12.298    GEN_BRAM.u_core/alu/u_mul/u_mul/GEN_WALLACE.u_mul/l2[4]_50[22]
    SLICE_X31Y5          LUT5 (Prop_lut5_I3_O)        0.170    12.468 r  GEN_BRAM.u_core/alu/u_mul/u_mul/GEN_WALLACE.u_mul/result[28]_INST_0_i_219/O
                         net (fo=2, routed)           0.412    12.881    GEN_BRAM.u_core/alu/u_mul/u_mul/GEN_WALLACE.u_mul/l3[2]_3[22]
    SLICE_X28Y5          LUT5 (Prop_lut5_I4_O)        0.053    12.934 r  GEN_BRAM.u_core/alu/u_mul/u_mul/GEN_WALLACE.u_mul/result[24]_INST_0_i_63/O
                         net (fo=3, routed)           0.822    13.756    GEN_BRAM.u_core/alu/u_mul/u_mul/GEN_WALLACE.u_mul/l4[0]_5[22]
    SLICE_X23Y5          LUT5 (Prop_lut5_I2_O)        0.063    13.819 r  GEN_BRAM.u_core/alu/u_mul/u_mul/GEN_WALLACE.u_mul/result[24]_INST_0_i_35/O
                         net (fo=3, routed)           0.519    14.338    GEN_BRAM.u_core/alu/u_mul/u_mul/GEN_WALLACE.u_mul/l6[0]_23[22]
    SLICE_X23Y7          LUT3 (Prop_lut3_I0_O)        0.170    14.508 r  GEN_BRAM.u_core/alu/u_mul/u_mul/GEN_WALLACE.u_mul/result[24]_INST_0_i_25/O
                         net (fo=2, routed)           0.937    15.445    GEN_BRAM.u_core/alu/u_mul/u_mul/GEN_WALLACE.u_mul/l7[1]_25[23]
    SLICE_X26Y7          LUT2 (Prop_lut2_I0_O)        0.065    15.510 r  GEN_BRAM.u_core/alu/u_mul/u_mul/GEN_WALLACE.u_mul/result[24]_INST_0_i_5/O
                         net (fo=1, routed)           0.422    15.932    GEN_BRAM.u_core/alu/u_mul/u_mul/GEN_WALLACE.u_mul/final_a[23]
    SLICE_X25Y7          CARRY4 (Prop_carry4_DI[2]_CO[3])
                                                      0.354    16.286 r  GEN_BRAM.u_core/alu/u_mul/u_mul/GEN_WALLACE.u_mul/result[24]_INST_0_i_1/CO[3]
                         net (fo=1, routed)           0.000    16.286    GEN_BRAM.u_core/alu/u_mul/u_mul/GEN_WALLACE.u_mul/result[24]_INST_0_i_1_n_0
    SLICE_X25Y8          CARRY4 (Prop_carry4_CI_O[2])
                                                      0.136    16.422 f  GEN_BRAM.u_core/alu/u_mul/u_mul/GEN_WALLACE.u_mul/result[28]_INST_0_i_1/O[2]
                         net (fo=2, routed)           0.464    16.886    GEN_BRAM.u_core/alu/u_mul/u_mul/GEN_WALLACE.u_mul/unsigned_product[27]
    SLICE_X24Y8          LUT1 (Prop_lut1_I0_O)        0.152    17.038 r  GEN_BRAM.u_core/alu/u_mul/u_mul/GEN_WALLACE.u_mul/result[0]_INST_0_i_9/O
                         net (fo=1, routed)           0.000    17.038    GEN_BRAM.u_core/alu/u_mul/u_mul/GEN_WALLACE.u_mul/p_0_in[27]
    SLICE_X24Y8          CARRY4 (Prop_carry4_S[2]_CO[3])
                                                      0.235    17.273 r  GEN_BRAM.u_core/alu/u_mul/u_mul/GEN_WALLACE.u_mul/result[0]_INST_0_i_2/CO[3]
                         net (fo=1, routed)           0.000    17.273    GEN_BRAM.u_core/alu/u_mul/u_mul/GEN_WALLACE.u_mul/result[0]_INST_0_i_2_n_0
    SLICE_X24Y9          CARRY4 (Prop_carry4_CI_O[3])
                                                      0.179    17.452 f  GEN_BRAM.u_core/alu/u_mul/u_mul/GEN_WALLACE.u_mul/result[0]_INST_0_i_1/O[3]
                         net (fo=1, routed)           0.383    17.834    GEN_BRAM.u_core/alu/u_mul/u_mul/GEN_WALLACE.u_mul/signed_product0[32]
    SLICE_X22Y10         LUT6 (Prop_lut6_I5_O)        0.142    17.976 f  GEN_BRAM.u_core/alu/u_mul/u_mul/GEN_WALLACE.u_mul/result[0]_INST_0/O
                         net (fo=1, routed)           0.730    18.707    GEN_BRAM.u_core/alu/mul_result[0]
    SLICE_X21Y24         LUT6 (Prop_lut6_I0_O)        0.053    18.760 f  GEN_BRAM.u_core/alu/debug_alu_out_OBUF[0]_inst_i_11/O
                         net (fo=1, routed)           0.000    18.760    GEN_BRAM.u_core/alu/debug_alu_out_OBUF[0]_inst_i_11_n_0
    SLICE_X21Y24         MUXF7 (Prop_muxf7_I1_O)      0.129    18.889 f  GEN_BRAM.u_core/alu/debug_alu_out_OBUF[0]_inst_i_4/O
                         net (fo=1, routed)           0.384    19.272    GEN_BRAM.u_core/alu/debug_alu_out_OBUF[0]_inst_i_4_n_0
    SLICE_X16Y25         LUT6 (Prop_lut6_I5_O)        0.153    19.425 f  GEN_BRAM.u_core/alu/debug_alu_out_OBUF[0]_inst_i_1/O
                         net (fo=11, routed)          0.910    20.335    GEN_BRAM.u_core/alu/D[0]
    SLICE_X11Y12         LUT2 (Prop_lut2_I1_O)        0.053    20.388 r  GEN_BRAM.u_core/alu/mem_reg_0_i_37/O
                         net (fo=26, routed)          0.926    21.315    GEN_BRAM.u_core/dmem/registers_reg_r1_0_31_6_11_i_10
    SLICE_X1Y20          LUT5 (Prop_lut5_I4_O)        0.053    21.368 r  GEN_BRAM.u_core/dmem/registers_reg_r1_0_31_0_5_i_34/O
                         net (fo=1, routed)           0.529    21.897    GEN_BRAM.u_core/wb_mux/registers_reg_r1_0_31_0_5_i_4_0
    SLICE_X1Y14          LUT6 (Prop_lut6_I5_O)        0.053    21.950 r  GEN_BRAM.u_core/wb_mux/registers_reg_r1_0_31_0_5_i_15/O
                         net (fo=1, routed)           0.426    22.376    GEN_BRAM.u_core/divider/wb_exec[3]
    SLICE_X4Y14          LUT6 (Prop_lut6_I5_O)        0.053    22.429 r  GEN_BRAM.u_core/divider/registers_reg_r1_0_31_0_5_i_4/O
                         net (fo=2, routed)           0.520    22.949    GEN_BRAM.u_core/reg_file/registers_reg_r1_0_31_0_5/DIB1
    SLICE_X8Y14          RAMD32                                       r  GEN_BRAM.u_core/reg_file/registers_reg_r1_0_31_0_5/RAMB_D1/I
  -------------------------------------------------------------------    -------------------

                         (clock sys_clk rise edge)   30.000    30.000 r  
    AD23                                              0.000    30.000 r  clk (IN)
                         net (fo=0)                   0.000    30.000    clk
    AD23                 IBUF (Prop_ibuf_I_O)         0.796    30.796 r  clk_IBUF_inst/O
                         net (fo=1, routed)           1.741    32.537    clk_IBUF
    BUFGCTRL_X0Y0        BUFG (Prop_bufg_I_O)         0.113    32.650 r  clk_IBUF_BUFG_inst/O
                         net (fo=350, routed)         1.539    34.189    GEN_BRAM.u_core/reg_file/registers_reg_r1_0_31_0_5/WCLK
    SLICE_X8Y14          RAMD32                                       r  GEN_BRAM.u_core/reg_file/registers_reg_r1_0_31_0_5/RAMB_D1/CLK
                         clock pessimism              0.256    34.446    
                         clock uncertainty           -0.035    34.410    
    SLICE_X8Y14          RAMD32 (Setup_ramd32_CLK_I)
                                                     -0.159    34.251    GEN_BRAM.u_core/reg_file/registers_reg_r1_0_31_0_5/RAMB_D1
  -------------------------------------------------------------------
                         required time                         34.251    
                         arrival time                         -22.949    
  -------------------------------------------------------------------
                         slack                                 11.303    

Slack (MET) :             11.342ns  (required time - arrival time)
  Source:                 GEN_BRAM.u_core/ir_reg[15]/C
                            (rising edge-triggered cell FDCE clocked by sys_clk  {rise@0.000ns fall@15.000ns period=30.000ns})
  Destination:            GEN_BRAM.u_core/reg_file/registers_reg_r2_0_31_6_11/RAMA/I
                            (rising edge-triggered cell RAMD32 clocked by sys_clk  {rise@0.000ns fall@15.000ns period=30.000ns})
  Path Group:             sys_clk
  Path Type:              Setup (Max at Slow Process Corner)
  Requirement:            30.000ns  (sys_clk rise@30.000ns - sys_clk rise@0.000ns)
  Data Path Delay:        18.485ns  (logic 3.769ns (20.389%)  route 14.716ns (79.611%))
  Logic Levels:           26  (CARRY4=7 LUT1=1 LUT2=2 LUT3=2 LUT4=1 LUT5=4 LUT6=7 MUXF7=1 RAMD32=1)
  Clock Path Skew:        -0.025ns (DCD - SCD + CPR)
    Destination Clock Delay (DCD):    4.189ns = ( 34.189 - 30.000 ) 
    Source Clock Delay      (SCD):    4.478ns
    Clock Pessimism Removal (CPR):    0.263ns
  Clock Uncertainty:      0.035ns  ((TSJ^2 + TIJ^2)^1/2 + DJ) / 2 + PE
    Total System Jitter     (TSJ):    0.071ns
    Total Input Jitter      (TIJ):    0.000ns
    Discrete Jitter          (DJ):    0.000ns
    Phase Error              (PE):    0.000ns

    Location             Delay type                Incr(ns)  Path(ns)    Netlist Resource(s)
  -------------------------------------------------------------------    -------------------
                         (clock sys_clk rise edge)    0.000     0.000 r  
    AD23                                              0.000     0.000 r  clk (IN)
                         net (fo=0)                   0.000     0.000    clk
    AD23                 IBUF (Prop_ibuf_I_O)         0.873     0.873 r  clk_IBUF_inst/O
                         net (fo=1, routed)           1.830     2.703    clk_IBUF
    BUFGCTRL_X0Y0        BUFG (Prop_bufg_I_O)         0.120     2.823 r  clk_IBUF_BUFG_inst/O
                         net (fo=350, routed)         1.655     4.478    GEN_BRAM.u_core/clk_IBUF_BUFG
    SLICE_X10Y10         FDCE                                         r  GEN_BRAM.u_core/ir_reg[15]/C
  -------------------------------------------------------------------    -------------------
    SLICE_X10Y10         FDCE (Prop_fdce_C_Q)         0.308     4.786 r  GEN_BRAM.u_core/ir_reg[15]/Q
                         net (fo=97, routed)          1.051     5.836    GEN_BRAM.u_core/reg_file/registers_reg_r1_0_31_0_5/ADDRA0
    SLICE_X8Y14          RAMD32 (Prop_ramd32_RADR0_O)
                                                      0.066     5.902 f  GEN_BRAM.u_core/reg_file/registers_reg_r1_0_31_0_5/RAMA/O
                         net (fo=10, routed)          1.056     6.959    GEN_BRAM.u_core/alu_mux_a/dataR10[0]
    SLICE_X14Y25         LUT4 (Prop_lut4_I1_O)        0.168     7.127 r  GEN_BRAM.u_core/alu_mux_a/u_adder_i_32/O
                         net (fo=119, routed)         0.554     7.681    GEN_BRAM.u_core/alu/u_mul/u_mul/GEN_WALLACE.u_mul/result[2]_INST_0_i_7_n_0
    SLICE_X15Y17         CARRY4 (Prop_carry4_CYINIT_CO[3])
                                                      0.346     8.027 r  GEN_BRAM.u_core/alu/u_mul/u_mul/GEN_WALLACE.u_mul/result[2]_INST_0_i_6/CO[3]
                         net (fo=1, routed)           0.000     8.027    GEN_BRAM.u_core/alu/u_mul/u_mul/GEN_WALLACE.u_mul/result[2]_INST_0_i_6_n_0
    SLICE_X15Y18         CARRY4 (Prop_carry4_CI_CO[3])
                                                      0.058     8.085 r  GEN_BRAM.u_core/alu/u_mul/u_mul/GEN_WALLACE.u_mul/result[8]_INST_0_i_117/CO[3]
                         net (fo=1, routed)           0.000     8.085    GEN_BRAM.u_core/alu/u_mul/u_mul/GEN_WALLACE.u_mul/result[8]_INST_0_i_117_n_0
    SLICE_X15Y19         CARRY4 (Prop_carry4_CI_O[3])
                                                      0.179     8.264 r  GEN_BRAM.u_core/alu/u_mul/u_mul/GEN_WALLACE.u_mul/result[12]_INST_0_i_87/O[3]
                         net (fo=3, routed)           0.564     8.828    GEN_BRAM.u_core/alu/u_mul/u_mul/GEN_WALLACE.u_mul/mag_a0[12]
    SLICE_X19Y14         LUT6 (Prop_lut6_I0_O)        0.142     8.970 r  GEN_BRAM.u_core/alu/u_mul/u_mul/GEN_WALLACE.u_mul/result[16]_INST_0_i_211/O
                         net (fo=64, routed)          2.065    11.035    GEN_BRAM.u_core/alu/u_mul/u_mul/GEN_WALLACE.u_mul/mag_a[12]
    SLICE_X35Y5          LUT6 (Prop_lut6_I0_O)        0.053    11.088 r  GEN_BRAM.u_core/alu/u_mul/u_mul/GEN_WALLACE.u_mul/result[28]_INST_0_i_252/O
                         net (fo=2, routed)           0.456    11.543    GEN_BRAM.u_core/alu/u_mul/u_mul/GEN_WALLACE.u_mul/l1[7]_33[22]
    SLICE_X35Y5          LUT3 (Prop_lut3_I0_O)        0.063    11.606 r  GEN_BRAM.u_core/alu/u_mul/u_mul/GEN_WALLACE.u_mul/result[28]_INST_0_i_191/O
                         net (fo=2, routed)           0.692    12.298    GEN_BRAM.u_core/alu/u_mul/u_mul/GEN_WALLACE.u_mul/l2[4]_50[22]
    SLICE_X31Y5          LUT5 (Prop_lut5_I3_O)        0.170    12.468 r  GEN_BRAM.u_core/alu/u_mul/u_mul/GEN_WALLACE.u_mul/result[28]_INST_0_i_219/O
                         net (fo=2, routed)           0.412    12.881    GEN_BRAM.u_core/alu/u_mul/u_mul/GEN_WALLACE.u_mul/l3[2]_3[22]
    SLICE_X28Y5          LUT5 (Prop_lut5_I4_O)        0.053    12.934 r  GEN_BRAM.u_core/alu/u_mul/u_mul/GEN_WALLACE.u_mul/result[24]_INST_0_i_63/O
                         net (fo=3, routed)           0.822    13.756    GEN_BRAM.u_core/alu/u_mul/u_mul/GEN_WALLACE.u_mul/l4[0]_5[22]
    SLICE_X23Y5          LUT5 (Prop_lut5_I2_O)        0.063    13.819 r  GEN_BRAM.u_core/alu/u_mul/u_mul/GEN_WALLACE.u_mul/result[24]_INST_0_i_35/O
                         net (fo=3, routed)           0.519    14.338    GEN_BRAM.u_core/alu/u_mul/u_mul/GEN_WALLACE.u_mul/l6[0]_23[22]
    SLICE_X23Y7          LUT3 (Prop_lut3_I0_O)        0.170    14.508 r  GEN_BRAM.u_core/alu/u_mul/u_mul/GEN_WALLACE.u_mul/result[24]_INST_0_i_25/O
                         net (fo=2, routed)           0.937    15.445    GEN_BRAM.u_core/alu/u_mul/u_mul/GEN_WALLACE.u_mul/l7[1]_25[23]
    SLICE_X26Y7          LUT2 (Prop_lut2_I0_O)        0.065    15.510 r  GEN_BRAM.u_core/alu/u_mul/u_mul/GEN_WALLACE.u_mul/result[24]_INST_0_i_5/O
                         net (fo=1, routed)           0.422    15.932    GEN_BRAM.u_core/alu/u_mul/u_mul/GEN_WALLACE.u_mul/final_a[23]
    SLICE_X25Y7          CARRY4 (Prop_carry4_DI[2]_CO[3])
                                                      0.354    16.286 r  GEN_BRAM.u_core/alu/u_mul/u_mul/GEN_WALLACE.u_mul/result[24]_INST_0_i_1/CO[3]
                         net (fo=1, routed)           0.000    16.286    GEN_BRAM.u_core/alu/u_mul/u_mul/GEN_WALLACE.u_mul/result[24]_INST_0_i_1_n_0
    SLICE_X25Y8          CARRY4 (Prop_carry4_CI_O[2])
                                                      0.136    16.422 f  GEN_BRAM.u_core/alu/u_mul/u_mul/GEN_WALLACE.u_mul/result[28]_INST_0_i_1/O[2]
                         net (fo=2, routed)           0.464    16.886    GEN_BRAM.u_core/alu/u_mul/u_mul/GEN_WALLACE.u_mul/unsigned_product[27]
    SLICE_X24Y8          LUT1 (Prop_lut1_I0_O)        0.152    17.038 r  GEN_BRAM.u_core/alu/u_mul/u_mul/GEN_WALLACE.u_mul/result[0]_INST_0_i_9/O
                         net (fo=1, routed)           0.000    17.038    GEN_BRAM.u_core/alu/u_mul/u_mul/GEN_WALLACE.u_mul/p_0_in[27]
    SLICE_X24Y8          CARRY4 (Prop_carry4_S[2]_CO[3])
                                                      0.235    17.273 r  GEN_BRAM.u_core/alu/u_mul/u_mul/GEN_WALLACE.u_mul/result[0]_INST_0_i_2/CO[3]
                         net (fo=1, routed)           0.000    17.273    GEN_BRAM.u_core/alu/u_mul/u_mul/GEN_WALLACE.u_mul/result[0]_INST_0_i_2_n_0
    SLICE_X24Y9          CARRY4 (Prop_carry4_CI_O[3])
                                                      0.179    17.452 f  GEN_BRAM.u_core/alu/u_mul/u_mul/GEN_WALLACE.u_mul/result[0]_INST_0_i_1/O[3]
                         net (fo=1, routed)           0.383    17.834    GEN_BRAM.u_core/alu/u_mul/u_mul/GEN_WALLACE.u_mul/signed_product0[32]
    SLICE_X22Y10         LUT6 (Prop_lut6_I5_O)        0.142    17.976 f  GEN_BRAM.u_core/alu/u_mul/u_mul/GEN_WALLACE.u_mul/result[0]_INST_0/O
                         net (fo=1, routed)           0.730    18.707    GEN_BRAM.u_core/alu/mul_result[0]
    SLICE_X21Y24         LUT6 (Prop_lut6_I0_O)        0.053    18.760 f  GEN_BRAM.u_core/alu/debug_alu_out_OBUF[0]_inst_i_11/O
                         net (fo=1, routed)           0.000    18.760    GEN_BRAM.u_core/alu/debug_alu_out_OBUF[0]_inst_i_11_n_0
    SLICE_X21Y24         MUXF7 (Prop_muxf7_I1_O)      0.129    18.889 f  GEN_BRAM.u_core/alu/debug_alu_out_OBUF[0]_inst_i_4/O
                         net (fo=1, routed)           0.384    19.272    GEN_BRAM.u_core/alu/debug_alu_out_OBUF[0]_inst_i_4_n_0
    SLICE_X16Y25         LUT6 (Prop_lut6_I5_O)        0.153    19.425 f  GEN_BRAM.u_core/alu/debug_alu_out_OBUF[0]_inst_i_1/O
                         net (fo=11, routed)          0.910    20.335    GEN_BRAM.u_core/alu/D[0]
    SLICE_X11Y12         LUT2 (Prop_lut2_I1_O)        0.053    20.388 r  GEN_BRAM.u_core/alu/mem_reg_0_i_37/O
                         net (fo=26, routed)          0.894    21.282    GEN_BRAM.u_core/dmem/registers_reg_r1_0_31_6_11_i_10
    SLICE_X3Y20          LUT5 (Prop_lut5_I4_O)        0.056    21.338 r  GEN_BRAM.u_core/dmem/registers_reg_r1_0_31_6_11_i_24/O
                         net (fo=1, routed)           0.610    21.948    GEN_BRAM.u_core/wb_mux/registers_reg_r1_0_31_6_11_i_2_0
    SLICE_X3Y13          LUT6 (Prop_lut6_I5_O)        0.170    22.118 r  GEN_BRAM.u_core/wb_mux/registers_reg_r1_0_31_6_11_i_10/O
                         net (fo=1, routed)           0.359    22.477    GEN_BRAM.u_core/divider/wb_exec[6]
    SLICE_X4Y13          LUT6 (Prop_lut6_I5_O)        0.053    22.530 r  GEN_BRAM.u_core/divider/registers_reg_r1_0_31_6_11_i_2/O
                         net (fo=2, routed)           0.433    22.963    GEN_BRAM.u_core/reg_file/registers_reg_r2_0_31_6_11/DIA0
    SLICE_X10Y15         RAMD32                                       r  GEN_BRAM.u_core/reg_file/registers_reg_r2_0_31_6_11/RAMA/I
  -------------------------------------------------------------------    -------------------

                         (clock sys_clk rise edge)   30.000    30.000 r  
    AD23                                              0.000    30.000 r  clk (IN)
                         net (fo=0)                   0.000    30.000    clk
    AD23                 IBUF (Prop_ibuf_I_O)         0.796    30.796 r  clk_IBUF_inst/O
                         net (fo=1, routed)           1.741    32.537    clk_IBUF
    BUFGCTRL_X0Y0        BUFG (Prop_bufg_I_O)         0.113    32.650 r  clk_IBUF_BUFG_inst/O
                         net (fo=350, routed)         1.539    34.189    GEN_BRAM.u_core/reg_file/registers_reg_r2_0_31_6_11/WCLK
    SLICE_X10Y15         RAMD32                                       r  GEN_BRAM.u_core/reg_file/registers_reg_r2_0_31_6_11/RAMA/CLK
                         clock pessimism              0.263    34.453    
                         clock uncertainty           -0.035    34.417    
    SLICE_X10Y15         RAMD32 (Setup_ramd32_CLK_I)
                                                     -0.113    34.304    GEN_BRAM.u_core/reg_file/registers_reg_r2_0_31_6_11/RAMA
  -------------------------------------------------------------------
                         required time                         34.304    
                         arrival time                         -22.963    
  -------------------------------------------------------------------
                         slack                                 11.342    

Slack (MET) :             11.354ns  (required time - arrival time)
  Source:                 GEN_BRAM.u_core/ir_reg[15]/C
                            (rising edge-triggered cell FDCE clocked by sys_clk  {rise@0.000ns fall@15.000ns period=30.000ns})
  Destination:            GEN_BRAM.u_core/reg_file/registers_reg_r1_0_31_0_5/RAMC/I
                            (rising edge-triggered cell RAMD32 clocked by sys_clk  {rise@0.000ns fall@15.000ns period=30.000ns})
  Path Group:             sys_clk
  Path Type:              Setup (Max at Slow Process Corner)
  Requirement:            30.000ns  (sys_clk rise@30.000ns - sys_clk rise@0.000ns)
  Data Path Delay:        18.447ns  (logic 3.649ns (19.781%)  route 14.798ns (80.219%))
  Logic Levels:           26  (CARRY4=7 LUT1=1 LUT2=2 LUT3=2 LUT4=1 LUT5=4 LUT6=7 MUXF7=1 RAMD32=1)
  Clock Path Skew:        -0.032ns (DCD - SCD + CPR)
    Destination Clock Delay (DCD):    4.189ns = ( 34.189 - 30.000 ) 
    Source Clock Delay      (SCD):    4.478ns
    Clock Pessimism Removal (CPR):    0.256ns
  Clock Uncertainty:      0.035ns  ((TSJ^2 + TIJ^2)^1/2 + DJ) / 2 + PE
    Total System Jitter     (TSJ):    0.071ns
    Total Input Jitter      (TIJ):    0.000ns
    Discrete Jitter          (DJ):    0.000ns
    Phase Error              (PE):    0.000ns

    Location             Delay type                Incr(ns)  Path(ns)    Netlist Resource(s)
  -------------------------------------------------------------------    -------------------
                         (clock sys_clk rise edge)    0.000     0.000 r  
    AD23                                              0.000     0.000 r  clk (IN)
                         net (fo=0)                   0.000     0.000    clk
    AD23                 IBUF (Prop_ibuf_I_O)         0.873     0.873 r  clk_IBUF_inst/O
                         net (fo=1, routed)           1.830     2.703    clk_IBUF
    BUFGCTRL_X0Y0        BUFG (Prop_bufg_I_O)         0.120     2.823 r  clk_IBUF_BUFG_inst/O
                         net (fo=350, routed)         1.655     4.478    GEN_BRAM.u_core/clk_IBUF_BUFG
    SLICE_X10Y10         FDCE                                         r  GEN_BRAM.u_core/ir_reg[15]/C
  -------------------------------------------------------------------    -------------------
    SLICE_X10Y10         FDCE (Prop_fdce_C_Q)         0.308     4.786 r  GEN_BRAM.u_core/ir_reg[15]/Q
                         net (fo=97, routed)          1.051     5.836    GEN_BRAM.u_core/reg_file/registers_reg_r1_0_31_0_5/ADDRA0
    SLICE_X8Y14          RAMD32 (Prop_ramd32_RADR0_O)
                                                      0.066     5.902 f  GEN_BRAM.u_core/reg_file/registers_reg_r1_0_31_0_5/RAMA/O
                         net (fo=10, routed)          1.056     6.959    GEN_BRAM.u_core/alu_mux_a/dataR10[0]
    SLICE_X14Y25         LUT4 (Prop_lut4_I1_O)        0.168     7.127 r  GEN_BRAM.u_core/alu_mux_a/u_adder_i_32/O
                         net (fo=119, routed)         0.554     7.681    GEN_BRAM.u_core/alu/u_mul/u_mul/GEN_WALLACE.u_mul/result[2]_INST_0_i_7_n_0
    SLICE_X15Y17         CARRY4 (Prop_carry4_CYINIT_CO[3])
                                                      0.346     8.027 r  GEN_BRAM.u_core/alu/u_mul/u_mul/GEN_WALLACE.u_mul/result[2]_INST_0_i_6/CO[3]
                         net (fo=1, routed)           0.000     8.027    GEN_BRAM.u_core/alu/u_mul/u_mul/GEN_WALLACE.u_mul/result[2]_INST_0_i_6_n_0
    SLICE_X15Y18         CARRY4 (Prop_carry4_CI_CO[3])
                                                      0.058     8.085 r  GEN_BRAM.u_core/alu/u_mul/u_mul/GEN_WALLACE.u_mul/result[8]_INST_0_i_117/CO[3]
                         net (fo=1, routed)           0.000     8.085    GEN_BRAM.u_core/alu/u_mul/u_mul/GEN_WALLACE.u_mul/result[8]_INST_0_i_117_n_0
    SLICE_X15Y19         CARRY4 (Prop_carry4_CI_O[3])
                                                      0.179     8.264 r  GEN_BRAM.u_core/alu/u_mul/u_mul/GEN_WALLACE.u_mul/result[12]_INST_0_i_87/O[3]
                         net (fo=3, routed)           0.564     8.828    GEN_BRAM.u_core/alu/u_mul/u_mul/GEN_WALLACE.u_mul/mag_a0[12]
    SLICE_X19Y14         LUT6 (Prop_lut6_I0_O)        0.142     8.970 r  GEN_BRAM.u_core/alu/u_mul/u_mul/GEN_WALLACE.u_mul/result[16]_INST_0_i_211/O
                         net (fo=64, routed)          2.065    11.035    GEN_BRAM.u_core/alu/u_mul/u_mul/GEN_WALLACE.u_mul/mag_a[12]
    SLICE_X35Y5          LUT6 (Prop_lut6_I0_O)        0.053    11.088 r  GEN_BRAM.u_core/alu/u_mul/u_mul/GEN_WALLACE.u_mul/result[28]_INST_0_i_252/O
                         net (fo=2, routed)           0.456    11.543    GEN_BRAM.u_core/alu/u_mul/u_mul/GEN_WALLACE.u_mul/l1[7]_33[22]
    SLICE_X35Y5          LUT3 (Prop_lut3_I0_O)        0.063    11.606 r  GEN_BRAM.u_core/alu/u_mul/u_mul/GEN_WALLACE.u_mul/result[28]_INST_0_i_191/O
                         net (fo=2, routed)           0.692    12.298    GEN_BRAM.u_core/alu/u_mul/u_mul/GEN_WALLACE.u_mul/l2[4]_50[22]
    SLICE_X31Y5          LUT5 (Prop_lut5_I3_O)        0.170    12.468 r  GEN_BRAM.u_core/alu/u_mul/u_mul/GEN_WALLACE.u_mul/result[28]_INST_0_i_219/O
                         net (fo=2, routed)           0.412    12.881    GEN_BRAM.u_core/alu/u_mul/u_mul/GEN_WALLACE.u_mul/l3[2]_3[22]
    SLICE_X28Y5          LUT5 (Prop_lut5_I4_O)        0.053    12.934 r  GEN_BRAM.u_core/alu/u_mul/u_mul/GEN_WALLACE.u_mul/result[24]_INST_0_i_63/O
                         net (fo=3, routed)           0.822    13.756    GEN_BRAM.u_core/alu/u_mul/u_mul/GEN_WALLACE.u_mul/l4[0]_5[22]
    SLICE_X23Y5          LUT5 (Prop_lut5_I2_O)        0.063    13.819 r  GEN_BRAM.u_core/alu/u_mul/u_mul/GEN_WALLACE.u_mul/result[24]_INST_0_i_35/O
                         net (fo=3, routed)           0.519    14.338    GEN_BRAM.u_core/alu/u_mul/u_mul/GEN_WALLACE.u_mul/l6[0]_23[22]
    SLICE_X23Y7          LUT3 (Prop_lut3_I0_O)        0.170    14.508 r  GEN_BRAM.u_core/alu/u_mul/u_mul/GEN_WALLACE.u_mul/result[24]_INST_0_i_25/O
                         net (fo=2, routed)           0.937    15.445    GEN_BRAM.u_core/alu/u_mul/u_mul/GEN_WALLACE.u_mul/l7[1]_25[23]
    SLICE_X26Y7          LUT2 (Prop_lut2_I0_O)        0.065    15.510 r  GEN_BRAM.u_core/alu/u_mul/u_mul/GEN_WALLACE.u_mul/result[24]_INST_0_i_5/O
                         net (fo=1, routed)           0.422    15.932    GEN_BRAM.u_core/alu/u_mul/u_mul/GEN_WALLACE.u_mul/final_a[23]
    SLICE_X25Y7          CARRY4 (Prop_carry4_DI[2]_CO[3])
                                                      0.354    16.286 r  GEN_BRAM.u_core/alu/u_mul/u_mul/GEN_WALLACE.u_mul/result[24]_INST_0_i_1/CO[3]
                         net (fo=1, routed)           0.000    16.286    GEN_BRAM.u_core/alu/u_mul/u_mul/GEN_WALLACE.u_mul/result[24]_INST_0_i_1_n_0
    SLICE_X25Y8          CARRY4 (Prop_carry4_CI_O[2])
                                                      0.136    16.422 f  GEN_BRAM.u_core/alu/u_mul/u_mul/GEN_WALLACE.u_mul/result[28]_INST_0_i_1/O[2]
                         net (fo=2, routed)           0.464    16.886    GEN_BRAM.u_core/alu/u_mul/u_mul/GEN_WALLACE.u_mul/unsigned_product[27]
    SLICE_X24Y8          LUT1 (Prop_lut1_I0_O)        0.152    17.038 r  GEN_BRAM.u_core/alu/u_mul/u_mul/GEN_WALLACE.u_mul/result[0]_INST_0_i_9/O
                         net (fo=1, routed)           0.000    17.038    GEN_BRAM.u_core/alu/u_mul/u_mul/GEN_WALLACE.u_mul/p_0_in[27]
    SLICE_X24Y8          CARRY4 (Prop_carry4_S[2]_CO[3])
                                                      0.235    17.273 r  GEN_BRAM.u_core/alu/u_mul/u_mul/GEN_WALLACE.u_mul/result[0]_INST_0_i_2/CO[3]
                         net (fo=1, routed)           0.000    17.273    GEN_BRAM.u_core/alu/u_mul/u_mul/GEN_WALLACE.u_mul/result[0]_INST_0_i_2_n_0
    SLICE_X24Y9          CARRY4 (Prop_carry4_CI_O[3])
                                                      0.179    17.452 f  GEN_BRAM.u_core/alu/u_mul/u_mul/GEN_WALLACE.u_mul/result[0]_INST_0_i_1/O[3]
                         net (fo=1, routed)           0.383    17.834    GEN_BRAM.u_core/alu/u_mul/u_mul/GEN_WALLACE.u_mul/signed_product0[32]
    SLICE_X22Y10         LUT6 (Prop_lut6_I5_O)        0.142    17.976 f  GEN_BRAM.u_core/alu/u_mul/u_mul/GEN_WALLACE.u_mul/result[0]_INST_0/O
                         net (fo=1, routed)           0.730    18.707    GEN_BRAM.u_core/alu/mul_result[0]
    SLICE_X21Y24         LUT6 (Prop_lut6_I0_O)        0.053    18.760 f  GEN_BRAM.u_core/alu/debug_alu_out_OBUF[0]_inst_i_11/O
                         net (fo=1, routed)           0.000    18.760    GEN_BRAM.u_core/alu/debug_alu_out_OBUF[0]_inst_i_11_n_0
    SLICE_X21Y24         MUXF7 (Prop_muxf7_I1_O)      0.129    18.889 f  GEN_BRAM.u_core/alu/debug_alu_out_OBUF[0]_inst_i_4/O
                         net (fo=1, routed)           0.384    19.272    GEN_BRAM.u_core/alu/debug_alu_out_OBUF[0]_inst_i_4_n_0
    SLICE_X16Y25         LUT6 (Prop_lut6_I5_O)        0.153    19.425 f  GEN_BRAM.u_core/alu/debug_alu_out_OBUF[0]_inst_i_1/O
                         net (fo=11, routed)          0.910    20.335    GEN_BRAM.u_core/alu/D[0]
    SLICE_X11Y12         LUT2 (Prop_lut2_I1_O)        0.053    20.388 r  GEN_BRAM.u_core/alu/mem_reg_0_i_37/O
                         net (fo=26, routed)          0.944    21.332    GEN_BRAM.u_core/dmem/registers_reg_r1_0_31_6_11_i_10
    SLICE_X2Y20          LUT5 (Prop_lut5_I4_O)        0.053    21.385 r  GEN_BRAM.u_core/dmem/registers_reg_r1_0_31_0_5_i_43/O
                         net (fo=1, routed)           0.601    21.986    GEN_BRAM.u_core/wb_mux/registers_reg_r1_0_31_0_5_i_7_0
    SLICE_X3Y13          LUT6 (Prop_lut6_I5_O)        0.053    22.039 r  GEN_BRAM.u_core/wb_mux/registers_reg_r1_0_31_0_5_i_21/O
                         net (fo=1, routed)           0.309    22.348    GEN_BRAM.u_core/divider/wb_exec[4]
    SLICE_X3Y15          LUT6 (Prop_lut6_I5_O)        0.053    22.401 r  GEN_BRAM.u_core/divider/registers_reg_r1_0_31_0_5_i_7/O
                         net (fo=2, routed)           0.524    22.925    GEN_BRAM.u_core/reg_file/registers_reg_r1_0_31_0_5/DIC0
    SLICE_X8Y14          RAMD32                                       r  GEN_BRAM.u_core/reg_file/registers_reg_r1_0_31_0_5/RAMC/I
  -------------------------------------------------------------------    -------------------

                         (clock sys_clk rise edge)   30.000    30.000 r  
    AD23                                              0.000    30.000 r  clk (IN)
                         net (fo=0)                   0.000    30.000    clk
    AD23                 IBUF (Prop_ibuf_I_O)         0.796    30.796 r  clk_IBUF_inst/O
                         net (fo=1, routed)           1.741    32.537    clk_IBUF
    BUFGCTRL_X0Y0        BUFG (Prop_bufg_I_O)         0.113    32.650 r  clk_IBUF_BUFG_inst/O
                         net (fo=350, routed)         1.539    34.189    GEN_BRAM.u_core/reg_file/registers_reg_r1_0_31_0_5/WCLK
    SLICE_X8Y14          RAMD32                                       r  GEN_BRAM.u_core/reg_file/registers_reg_r1_0_31_0_5/RAMC/CLK
                         clock pessimism              0.256    34.446    
                         clock uncertainty           -0.035    34.410    
    SLICE_X8Y14          RAMD32 (Setup_ramd32_CLK_I)
                                                     -0.132    34.278    GEN_BRAM.u_core/reg_file/registers_reg_r1_0_31_0_5/RAMC
  -------------------------------------------------------------------
                         required time                         34.278    
                         arrival time                         -22.925    
  -------------------------------------------------------------------
                         slack                                 11.354    

Slack (MET) :             11.354ns  (required time - arrival time)
  Source:                 GEN_BRAM.u_core/ir_reg[15]/C
                            (rising edge-triggered cell FDCE clocked by sys_clk  {rise@0.000ns fall@15.000ns period=30.000ns})
  Destination:            GEN_BRAM.u_core/reg_file/registers_reg_r2_0_31_0_5/RAMC/I
                            (rising edge-triggered cell RAMD32 clocked by sys_clk  {rise@0.000ns fall@15.000ns period=30.000ns})
  Path Group:             sys_clk
  Path Type:              Setup (Max at Slow Process Corner)
  Requirement:            30.000ns  (sys_clk rise@30.000ns - sys_clk rise@0.000ns)
  Data Path Delay:        18.454ns  (logic 3.649ns (19.773%)  route 14.805ns (80.227%))
  Logic Levels:           26  (CARRY4=7 LUT1=1 LUT2=2 LUT3=2 LUT4=1 LUT5=4 LUT6=7 MUXF7=1 RAMD32=1)
  Clock Path Skew:        -0.024ns (DCD - SCD + CPR)
    Destination Clock Delay (DCD):    4.190ns = ( 34.190 - 30.000 ) 
    Source Clock Delay      (SCD):    4.478ns
    Clock Pessimism Removal (CPR):    0.263ns
  Clock Uncertainty:      0.035ns  ((TSJ^2 + TIJ^2)^1/2 + DJ) / 2 + PE
    Total System Jitter     (TSJ):    0.071ns
    Total Input Jitter      (TIJ):    0.000ns
    Discrete Jitter          (DJ):    0.000ns
    Phase Error              (PE):    0.000ns

    Location             Delay type                Incr(ns)  Path(ns)    Netlist Resource(s)
  -------------------------------------------------------------------    -------------------
                         (clock sys_clk rise edge)    0.000     0.000 r  
    AD23                                              0.000     0.000 r  clk (IN)
                         net (fo=0)                   0.000     0.000    clk
    AD23                 IBUF (Prop_ibuf_I_O)         0.873     0.873 r  clk_IBUF_inst/O
                         net (fo=1, routed)           1.830     2.703    clk_IBUF
    BUFGCTRL_X0Y0        BUFG (Prop_bufg_I_O)         0.120     2.823 r  clk_IBUF_BUFG_inst/O
                         net (fo=350, routed)         1.655     4.478    GEN_BRAM.u_core/clk_IBUF_BUFG
    SLICE_X10Y10         FDCE                                         r  GEN_BRAM.u_core/ir_reg[15]/C
  -------------------------------------------------------------------    -------------------
    SLICE_X10Y10         FDCE (Prop_fdce_C_Q)         0.308     4.786 r  GEN_BRAM.u_core/ir_reg[15]/Q
                         net (fo=97, routed)          1.051     5.836    GEN_BRAM.u_core/reg_file/registers_reg_r1_0_31_0_5/ADDRA0
    SLICE_X8Y14          RAMD32 (Prop_ramd32_RADR0_O)
                                                      0.066     5.902 f  GEN_BRAM.u_core/reg_file/registers_reg_r1_0_31_0_5/RAMA/O
                         net (fo=10, routed)          1.056     6.959    GEN_BRAM.u_core/alu_mux_a/dataR10[0]
    SLICE_X14Y25         LUT4 (Prop_lut4_I1_O)        0.168     7.127 r  GEN_BRAM.u_core/alu_mux_a/u_adder_i_32/O
                         net (fo=119, routed)         0.554     7.681    GEN_BRAM.u_core/alu/u_mul/u_mul/GEN_WALLACE.u_mul/result[2]_INST_0_i_7_n_0
    SLICE_X15Y17         CARRY4 (Prop_carry4_CYINIT_CO[3])
                                                      0.346     8.027 r  GEN_BRAM.u_core/alu/u_mul/u_mul/GEN_WALLACE.u_mul/result[2]_INST_0_i_6/CO[3]
                         net (fo=1, routed)           0.000     8.027    GEN_BRAM.u_core/alu/u_mul/u_mul/GEN_WALLACE.u_mul/result[2]_INST_0_i_6_n_0
    SLICE_X15Y18         CARRY4 (Prop_carry4_CI_CO[3])
                                                      0.058     8.085 r  GEN_BRAM.u_core/alu/u_mul/u_mul/GEN_WALLACE.u_mul/result[8]_INST_0_i_117/CO[3]
                         net (fo=1, routed)           0.000     8.085    GEN_BRAM.u_core/alu/u_mul/u_mul/GEN_WALLACE.u_mul/result[8]_INST_0_i_117_n_0
    SLICE_X15Y19         CARRY4 (Prop_carry4_CI_O[3])
                                                      0.179     8.264 r  GEN_BRAM.u_core/alu/u_mul/u_mul/GEN_WALLACE.u_mul/result[12]_INST_0_i_87/O[3]
                         net (fo=3, routed)           0.564     8.828    GEN_BRAM.u_core/alu/u_mul/u_mul/GEN_WALLACE.u_mul/mag_a0[12]
    SLICE_X19Y14         LUT6 (Prop_lut6_I0_O)        0.142     8.970 r  GEN_BRAM.u_core/alu/u_mul/u_mul/GEN_WALLACE.u_mul/result[16]_INST_0_i_211/O
                         net (fo=64, routed)          2.065    11.035    GEN_BRAM.u_core/alu/u_mul/u_mul/GEN_WALLACE.u_mul/mag_a[12]
    SLICE_X35Y5          LUT6 (Prop_lut6_I0_O)        0.053    11.088 r  GEN_BRAM.u_core/alu/u_mul/u_mul/GEN_WALLACE.u_mul/result[28]_INST_0_i_252/O
                         net (fo=2, routed)           0.456    11.543    GEN_BRAM.u_core/alu/u_mul/u_mul/GEN_WALLACE.u_mul/l1[7]_33[22]
    SLICE_X35Y5          LUT3 (Prop_lut3_I0_O)        0.063    11.606 r  GEN_BRAM.u_core/alu/u_mul/u_mul/GEN_WALLACE.u_mul/result[28]_INST_0_i_191/O
                         net (fo=2, routed)           0.692    12.298    GEN_BRAM.u_core/alu/u_mul/u_mul/GEN_WALLACE.u_mul/l2[4]_50[22]
    SLICE_X31Y5          LUT5 (Prop_lut5_I3_O)        0.170    12.468 r  GEN_BRAM.u_core/alu/u_mul/u_mul/GEN_WALLACE.u_mul/result[28]_INST_0_i_219/O
                         net (fo=2, routed)           0.412    12.881    GEN_BRAM.u_core/alu/u_mul/u_mul/GEN_WALLACE.u_mul/l3[2]_3[22]
    SLICE_X28Y5          LUT5 (Prop_lut5_I4_O)        0.053    12.934 r  GEN_BRAM.u_core/alu/u_mul/u_mul/GEN_WALLACE.u_mul/result[24]_INST_0_i_63/O
                         net (fo=3, routed)           0.822    13.756    GEN_BRAM.u_core/alu/u_mul/u_mul/GEN_WALLACE.u_mul/l4[0]_5[22]
    SLICE_X23Y5          LUT5 (Prop_lut5_I2_O)        0.063    13.819 r  GEN_BRAM.u_core/alu/u_mul/u_mul/GEN_WALLACE.u_mul/result[24]_INST_0_i_35/O
                         net (fo=3, routed)           0.519    14.338    GEN_BRAM.u_core/alu/u_mul/u_mul/GEN_WALLACE.u_mul/l6[0]_23[22]
    SLICE_X23Y7          LUT3 (Prop_lut3_I0_O)        0.170    14.508 r  GEN_BRAM.u_core/alu/u_mul/u_mul/GEN_WALLACE.u_mul/result[24]_INST_0_i_25/O
                         net (fo=2, routed)           0.937    15.445    GEN_BRAM.u_core/alu/u_mul/u_mul/GEN_WALLACE.u_mul/l7[1]_25[23]
    SLICE_X26Y7          LUT2 (Prop_lut2_I0_O)        0.065    15.510 r  GEN_BRAM.u_core/alu/u_mul/u_mul/GEN_WALLACE.u_mul/result[24]_INST_0_i_5/O
                         net (fo=1, routed)           0.422    15.932    GEN_BRAM.u_core/alu/u_mul/u_mul/GEN_WALLACE.u_mul/final_a[23]
    SLICE_X25Y7          CARRY4 (Prop_carry4_DI[2]_CO[3])
                                                      0.354    16.286 r  GEN_BRAM.u_core/alu/u_mul/u_mul/GEN_WALLACE.u_mul/result[24]_INST_0_i_1/CO[3]
                         net (fo=1, routed)           0.000    16.286    GEN_BRAM.u_core/alu/u_mul/u_mul/GEN_WALLACE.u_mul/result[24]_INST_0_i_1_n_0
    SLICE_X25Y8          CARRY4 (Prop_carry4_CI_O[2])
                                                      0.136    16.422 f  GEN_BRAM.u_core/alu/u_mul/u_mul/GEN_WALLACE.u_mul/result[28]_INST_0_i_1/O[2]
                         net (fo=2, routed)           0.464    16.886    GEN_BRAM.u_core/alu/u_mul/u_mul/GEN_WALLACE.u_mul/unsigned_product[27]
    SLICE_X24Y8          LUT1 (Prop_lut1_I0_O)        0.152    17.038 r  GEN_BRAM.u_core/alu/u_mul/u_mul/GEN_WALLACE.u_mul/result[0]_INST_0_i_9/O
                         net (fo=1, routed)           0.000    17.038    GEN_BRAM.u_core/alu/u_mul/u_mul/GEN_WALLACE.u_mul/p_0_in[27]
    SLICE_X24Y8          CARRY4 (Prop_carry4_S[2]_CO[3])
                                                      0.235    17.273 r  GEN_BRAM.u_core/alu/u_mul/u_mul/GEN_WALLACE.u_mul/result[0]_INST_0_i_2/CO[3]
                         net (fo=1, routed)           0.000    17.273    GEN_BRAM.u_core/alu/u_mul/u_mul/GEN_WALLACE.u_mul/result[0]_INST_0_i_2_n_0
    SLICE_X24Y9          CARRY4 (Prop_carry4_CI_O[3])
                                                      0.179    17.452 f  GEN_BRAM.u_core/alu/u_mul/u_mul/GEN_WALLACE.u_mul/result[0]_INST_0_i_1/O[3]
                         net (fo=1, routed)           0.383    17.834    GEN_BRAM.u_core/alu/u_mul/u_mul/GEN_WALLACE.u_mul/signed_product0[32]
    SLICE_X22Y10         LUT6 (Prop_lut6_I5_O)        0.142    17.976 f  GEN_BRAM.u_core/alu/u_mul/u_mul/GEN_WALLACE.u_mul/result[0]_INST_0/O
                         net (fo=1, routed)           0.730    18.707    GEN_BRAM.u_core/alu/mul_result[0]
    SLICE_X21Y24         LUT6 (Prop_lut6_I0_O)        0.053    18.760 f  GEN_BRAM.u_core/alu/debug_alu_out_OBUF[0]_inst_i_11/O
                         net (fo=1, routed)           0.000    18.760    GEN_BRAM.u_core/alu/debug_alu_out_OBUF[0]_inst_i_11_n_0
    SLICE_X21Y24         MUXF7 (Prop_muxf7_I1_O)      0.129    18.889 f  GEN_BRAM.u_core/alu/debug_alu_out_OBUF[0]_inst_i_4/O
                         net (fo=1, routed)           0.384    19.272    GEN_BRAM.u_core/alu/debug_alu_out_OBUF[0]_inst_i_4_n_0
    SLICE_X16Y25         LUT6 (Prop_lut6_I5_O)        0.153    19.425 f  GEN_BRAM.u_core/alu/debug_alu_out_OBUF[0]_inst_i_1/O
                         net (fo=11, routed)          0.910    20.335    GEN_BRAM.u_core/alu/D[0]
    SLICE_X11Y12         LUT2 (Prop_lut2_I1_O)        0.053    20.388 r  GEN_BRAM.u_core/alu/mem_reg_0_i_37/O
                         net (fo=26, routed)          0.944    21.332    GEN_BRAM.u_core/dmem/registers_reg_r1_0_31_6_11_i_10
    SLICE_X2Y20          LUT5 (Prop_lut5_I4_O)        0.053    21.385 r  GEN_BRAM.u_core/dmem/registers_reg_r1_0_31_0_5_i_43/O
                         net (fo=1, routed)           0.601    21.986    GEN_BRAM.u_core/wb_mux/registers_reg_r1_0_31_0_5_i_7_0
    SLICE_X3Y13          LUT6 (Prop_lut6_I5_O)        0.053    22.039 r  GEN_BRAM.u_core/wb_mux/registers_reg_r1_0_31_0_5_i_21/O
                         net (fo=1, routed)           0.309    22.348    GEN_BRAM.u_core/divider/wb_exec[4]
    SLICE_X3Y15          LUT6 (Prop_lut6_I5_O)        0.053    22.401 r  GEN_BRAM.u_core/divider/registers_reg_r1_0_31_0_5_i_7/O
                         net (fo=2, routed)           0.531    22.932    GEN_BRAM.u_core/reg_file/registers_reg_r2_0_31_0_5/DIC0
    SLICE_X10Y14         RAMD32                                       r  GEN_BRAM.u_core/reg_file/registers_reg_r2_0_31_0_5/RAMC/I
  -------------------------------------------------------------------    -------------------

                         (clock sys_clk rise edge)   30.000    30.000 r  
    AD23                                              0.000    30.000 r  clk (IN)
                         net (fo=0)                   0.000    30.000    clk
    AD23                 IBUF (Prop_ibuf_I_O)         0.796    30.796 r  clk_IBUF_inst/O
                         net (fo=1, routed)           1.741    32.537    clk_IBUF
    BUFGCTRL_X0Y0        BUFG (Prop_bufg_I_O)         0.113    32.650 r  clk_IBUF_BUFG_inst/O
                         net (fo=350, routed)         1.540    34.190    GEN_BRAM.u_core/reg_file/registers_reg_r2_0_31_0_5/WCLK
    SLICE_X10Y14         RAMD32                                       r  GEN_BRAM.u_core/reg_file/registers_reg_r2_0_31_0_5/RAMC/CLK
                         clock pessimism              0.263    34.454    
                         clock uncertainty           -0.035    34.418    
    SLICE_X10Y14         RAMD32 (Setup_ramd32_CLK_I)
                                                     -0.132    34.286    GEN_BRAM.u_core/reg_file/registers_reg_r2_0_31_0_5/RAMC
  -------------------------------------------------------------------
                         required time                         34.286    
                         arrival time                         -22.932    
  -------------------------------------------------------------------
                         slack                                 11.354    

Slack (MET) :             11.429ns  (required time - arrival time)
  Source:                 GEN_BRAM.u_core/ir_reg[15]/C
                            (rising edge-triggered cell FDCE clocked by sys_clk  {rise@0.000ns fall@15.000ns period=30.000ns})
  Destination:            GEN_BRAM.u_core/reg_file/registers_reg_r2_0_31_0_5/RAMB_D1/I
                            (rising edge-triggered cell RAMD32 clocked by sys_clk  {rise@0.000ns fall@15.000ns period=30.000ns})
  Path Group:             sys_clk
  Path Type:              Setup (Max at Slow Process Corner)
  Requirement:            30.000ns  (sys_clk rise@30.000ns - sys_clk rise@0.000ns)
  Data Path Delay:        18.353ns  (logic 3.649ns (19.882%)  route 14.704ns (80.118%))
  Logic Levels:           26  (CARRY4=7 LUT1=1 LUT2=2 LUT3=2 LUT4=1 LUT5=4 LUT6=7 MUXF7=1 RAMD32=1)
  Clock Path Skew:        -0.024ns (DCD - SCD + CPR)
    Destination Clock Delay (DCD):    4.190ns = ( 34.190 - 30.000 ) 
    Source Clock Delay      (SCD):    4.478ns
    Clock Pessimism Removal (CPR):    0.263ns
  Clock Uncertainty:      0.035ns  ((TSJ^2 + TIJ^2)^1/2 + DJ) / 2 + PE
    Total System Jitter     (TSJ):    0.071ns
    Total Input Jitter      (TIJ):    0.000ns
    Discrete Jitter          (DJ):    0.000ns
    Phase Error              (PE):    0.000ns

    Location             Delay type                Incr(ns)  Path(ns)    Netlist Resource(s)
  -------------------------------------------------------------------    -------------------
                         (clock sys_clk rise edge)    0.000     0.000 r  
    AD23                                              0.000     0.000 r  clk (IN)
                         net (fo=0)                   0.000     0.000    clk
    AD23                 IBUF (Prop_ibuf_I_O)         0.873     0.873 r  clk_IBUF_inst/O
                         net (fo=1, routed)           1.830     2.703    clk_IBUF
    BUFGCTRL_X0Y0        BUFG (Prop_bufg_I_O)         0.120     2.823 r  clk_IBUF_BUFG_inst/O
                         net (fo=350, routed)         1.655     4.478    GEN_BRAM.u_core/clk_IBUF_BUFG
    SLICE_X10Y10         FDCE                                         r  GEN_BRAM.u_core/ir_reg[15]/C
  -------------------------------------------------------------------    -------------------
    SLICE_X10Y10         FDCE (Prop_fdce_C_Q)         0.308     4.786 r  GEN_BRAM.u_core/ir_reg[15]/Q
                         net (fo=97, routed)          1.051     5.836    GEN_BRAM.u_core/reg_file/registers_reg_r1_0_31_0_5/ADDRA0
    SLICE_X8Y14          RAMD32 (Prop_ramd32_RADR0_O)
                                                      0.066     5.902 f  GEN_BRAM.u_core/reg_file/registers_reg_r1_0_31_0_5/RAMA/O
                         net (fo=10, routed)          1.056     6.959    GEN_BRAM.u_core/alu_mux_a/dataR10[0]
    SLICE_X14Y25         LUT4 (Prop_lut4_I1_O)        0.168     7.127 r  GEN_BRAM.u_core/alu_mux_a/u_adder_i_32/O
                         net (fo=119, routed)         0.554     7.681    GEN_BRAM.u_core/alu/u_mul/u_mul/GEN_WALLACE.u_mul/result[2]_INST_0_i_7_n_0
    SLICE_X15Y17         CARRY4 (Prop_carry4_CYINIT_CO[3])
                                                      0.346     8.027 r  GEN_BRAM.u_core/alu/u_mul/u_mul/GEN_WALLACE.u_mul/result[2]_INST_0_i_6/CO[3]
                         net (fo=1, routed)           0.000     8.027    GEN_BRAM.u_core/alu/u_mul/u_mul/GEN_WALLACE.u_mul/result[2]_INST_0_i_6_n_0
    SLICE_X15Y18         CARRY4 (Prop_carry4_CI_CO[3])
                                                      0.058     8.085 r  GEN_BRAM.u_core/alu/u_mul/u_mul/GEN_WALLACE.u_mul/result[8]_INST_0_i_117/CO[3]
                         net (fo=1, routed)           0.000     8.085    GEN_BRAM.u_core/alu/u_mul/u_mul/GEN_WALLACE.u_mul/result[8]_INST_0_i_117_n_0
    SLICE_X15Y19         CARRY4 (Prop_carry4_CI_O[3])
                                                      0.179     8.264 r  GEN_BRAM.u_core/alu/u_mul/u_mul/GEN_WALLACE.u_mul/result[12]_INST_0_i_87/O[3]
                         net (fo=3, routed)           0.564     8.828    GEN_BRAM.u_core/alu/u_mul/u_mul/GEN_WALLACE.u_mul/mag_a0[12]
    SLICE_X19Y14         LUT6 (Prop_lut6_I0_O)        0.142     8.970 r  GEN_BRAM.u_core/alu/u_mul/u_mul/GEN_WALLACE.u_mul/result[16]_INST_0_i_211/O
                         net (fo=64, routed)          2.065    11.035    GEN_BRAM.u_core/alu/u_mul/u_mul/GEN_WALLACE.u_mul/mag_a[12]
    SLICE_X35Y5          LUT6 (Prop_lut6_I0_O)        0.053    11.088 r  GEN_BRAM.u_core/alu/u_mul/u_mul/GEN_WALLACE.u_mul/result[28]_INST_0_i_252/O
                         net (fo=2, routed)           0.456    11.543    GEN_BRAM.u_core/alu/u_mul/u_mul/GEN_WALLACE.u_mul/l1[7]_33[22]
    SLICE_X35Y5          LUT3 (Prop_lut3_I0_O)        0.063    11.606 r  GEN_BRAM.u_core/alu/u_mul/u_mul/GEN_WALLACE.u_mul/result[28]_INST_0_i_191/O
                         net (fo=2, routed)           0.692    12.298    GEN_BRAM.u_core/alu/u_mul/u_mul/GEN_WALLACE.u_mul/l2[4]_50[22]
    SLICE_X31Y5          LUT5 (Prop_lut5_I3_O)        0.170    12.468 r  GEN_BRAM.u_core/alu/u_mul/u_mul/GEN_WALLACE.u_mul/result[28]_INST_0_i_219/O
                         net (fo=2, routed)           0.412    12.881    GEN_BRAM.u_core/alu/u_mul/u_mul/GEN_WALLACE.u_mul/l3[2]_3[22]
    SLICE_X28Y5          LUT5 (Prop_lut5_I4_O)        0.053    12.934 r  GEN_BRAM.u_core/alu/u_mul/u_mul/GEN_WALLACE.u_mul/result[24]_INST_0_i_63/O
                         net (fo=3, routed)           0.822    13.756    GEN_BRAM.u_core/alu/u_mul/u_mul/GEN_WALLACE.u_mul/l4[0]_5[22]
    SLICE_X23Y5          LUT5 (Prop_lut5_I2_O)        0.063    13.819 r  GEN_BRAM.u_core/alu/u_mul/u_mul/GEN_WALLACE.u_mul/result[24]_INST_0_i_35/O
                         net (fo=3, routed)           0.519    14.338    GEN_BRAM.u_core/alu/u_mul/u_mul/GEN_WALLACE.u_mul/l6[0]_23[22]
    SLICE_X23Y7          LUT3 (Prop_lut3_I0_O)        0.170    14.508 r  GEN_BRAM.u_core/alu/u_mul/u_mul/GEN_WALLACE.u_mul/result[24]_INST_0_i_25/O
                         net (fo=2, routed)           0.937    15.445    GEN_BRAM.u_core/alu/u_mul/u_mul/GEN_WALLACE.u_mul/l7[1]_25[23]
    SLICE_X26Y7          LUT2 (Prop_lut2_I0_O)        0.065    15.510 r  GEN_BRAM.u_core/alu/u_mul/u_mul/GEN_WALLACE.u_mul/result[24]_INST_0_i_5/O
                         net (fo=1, routed)           0.422    15.932    GEN_BRAM.u_core/alu/u_mul/u_mul/GEN_WALLACE.u_mul/final_a[23]
    SLICE_X25Y7          CARRY4 (Prop_carry4_DI[2]_CO[3])
                                                      0.354    16.286 r  GEN_BRAM.u_core/alu/u_mul/u_mul/GEN_WALLACE.u_mul/result[24]_INST_0_i_1/CO[3]
                         net (fo=1, routed)           0.000    16.286    GEN_BRAM.u_core/alu/u_mul/u_mul/GEN_WALLACE.u_mul/result[24]_INST_0_i_1_n_0
    SLICE_X25Y8          CARRY4 (Prop_carry4_CI_O[2])
                                                      0.136    16.422 f  GEN_BRAM.u_core/alu/u_mul/u_mul/GEN_WALLACE.u_mul/result[28]_INST_0_i_1/O[2]
                         net (fo=2, routed)           0.464    16.886    GEN_BRAM.u_core/alu/u_mul/u_mul/GEN_WALLACE.u_mul/unsigned_product[27]
    SLICE_X24Y8          LUT1 (Prop_lut1_I0_O)        0.152    17.038 r  GEN_BRAM.u_core/alu/u_mul/u_mul/GEN_WALLACE.u_mul/result[0]_INST_0_i_9/O
                         net (fo=1, routed)           0.000    17.038    GEN_BRAM.u_core/alu/u_mul/u_mul/GEN_WALLACE.u_mul/p_0_in[27]
    SLICE_X24Y8          CARRY4 (Prop_carry4_S[2]_CO[3])
                                                      0.235    17.273 r  GEN_BRAM.u_core/alu/u_mul/u_mul/GEN_WALLACE.u_mul/result[0]_INST_0_i_2/CO[3]
                         net (fo=1, routed)           0.000    17.273    GEN_BRAM.u_core/alu/u_mul/u_mul/GEN_WALLACE.u_mul/result[0]_INST_0_i_2_n_0
    SLICE_X24Y9          CARRY4 (Prop_carry4_CI_O[3])
                                                      0.179    17.452 f  GEN_BRAM.u_core/alu/u_mul/u_mul/GEN_WALLACE.u_mul/result[0]_INST_0_i_1/O[3]
                         net (fo=1, routed)           0.383    17.834    GEN_BRAM.u_core/alu/u_mul/u_mul/GEN_WALLACE.u_mul/signed_product0[32]
    SLICE_X22Y10         LUT6 (Prop_lut6_I5_O)        0.142    17.976 f  GEN_BRAM.u_core/alu/u_mul/u_mul/GEN_WALLACE.u_mul/result[0]_INST_0/O
                         net (fo=1, routed)           0.730    18.707    GEN_BRAM.u_core/alu/mul_result[0]
    SLICE_X21Y24         LUT6 (Prop_lut6_I0_O)        0.053    18.760 f  GEN_BRAM.u_core/alu/debug_alu_out_OBUF[0]_inst_i_11/O
                         net (fo=1, routed)           0.000    18.760    GEN_BRAM.u_core/alu/debug_alu_out_OBUF[0]_inst_i_11_n_0
    SLICE_X21Y24         MUXF7 (Prop_muxf7_I1_O)      0.129    18.889 f  GEN_BRAM.u_core/alu/debug_alu_out_OBUF[0]_inst_i_4/O
                         net (fo=1, routed)           0.384    19.272    GEN_BRAM.u_core/alu/debug_alu_out_OBUF[0]_inst_i_4_n_0
    SLICE_X16Y25         LUT6 (Prop_lut6_I5_O)        0.153    19.425 f  GEN_BRAM.u_core/alu/debug_alu_out_OBUF[0]_inst_i_1/O
                         net (fo=11, routed)          0.910    20.335    GEN_BRAM.u_core/alu/D[0]
    SLICE_X11Y12         LUT2 (Prop_lut2_I1_O)        0.053    20.388 r  GEN_BRAM.u_core/alu/mem_reg_0_i_37/O
                         net (fo=26, routed)          0.926    21.315    GEN_BRAM.u_core/dmem/registers_reg_r1_0_31_6_11_i_10
    SLICE_X1Y20          LUT5 (Prop_lut5_I4_O)        0.053    21.368 r  GEN_BRAM.u_core/dmem/registers_reg_r1_0_31_0_5_i_34/O
                         net (fo=1, routed)           0.529    21.897    GEN_BRAM.u_core/wb_mux/registers_reg_r1_0_31_0_5_i_4_0
    SLICE_X1Y14          LUT6 (Prop_lut6_I5_O)        0.053    21.950 r  GEN_BRAM.u_core/wb_mux/registers_reg_r1_0_31_0_5_i_15/O
                         net (fo=1, routed)           0.426    22.376    GEN_BRAM.u_core/divider/wb_exec[3]
    SLICE_X4Y14          LUT6 (Prop_lut6_I5_O)        0.053    22.429 r  GEN_BRAM.u_core/divider/registers_reg_r1_0_31_0_5_i_4/O
                         net (fo=2, routed)           0.402    22.831    GEN_BRAM.u_core/reg_file/registers_reg_r2_0_31_0_5/DIB1
    SLICE_X10Y14         RAMD32                                       r  GEN_BRAM.u_core/reg_file/registers_reg_r2_0_31_0_5/RAMB_D1/I
  -------------------------------------------------------------------    -------------------

                         (clock sys_clk rise edge)   30.000    30.000 r  
    AD23                                              0.000    30.000 r  clk (IN)
                         net (fo=0)                   0.000    30.000    clk
    AD23                 IBUF (Prop_ibuf_I_O)         0.796    30.796 r  clk_IBUF_inst/O
                         net (fo=1, routed)           1.741    32.537    clk_IBUF
    BUFGCTRL_X0Y0        BUFG (Prop_bufg_I_O)         0.113    32.650 r  clk_IBUF_BUFG_inst/O
                         net (fo=350, routed)         1.540    34.190    GEN_BRAM.u_core/reg_file/registers_reg_r2_0_31_0_5/WCLK
    SLICE_X10Y14         RAMD32                                       r  GEN_BRAM.u_core/reg_file/registers_reg_r2_0_31_0_5/RAMB_D1/CLK
                         clock pessimism              0.263    34.454    
                         clock uncertainty           -0.035    34.418    
    SLICE_X10Y14         RAMD32 (Setup_ramd32_CLK_I)
                                                     -0.159    34.259    GEN_BRAM.u_core/reg_file/registers_reg_r2_0_31_0_5/RAMB_D1
  -------------------------------------------------------------------
                         required time                         34.259    
                         arrival time                         -22.831    
  -------------------------------------------------------------------
                         slack                                 11.429    

Slack (MET) :             11.501ns  (required time - arrival time)
  Source:                 GEN_BRAM.u_core/ir_reg[15]/C
                            (rising edge-triggered cell FDCE clocked by sys_clk  {rise@0.000ns fall@15.000ns period=30.000ns})
  Destination:            GEN_BRAM.u_core/reg_file/registers_reg_r2_0_31_0_5/RAMA/I
                            (rising edge-triggered cell RAMD32 clocked by sys_clk  {rise@0.000ns fall@15.000ns period=30.000ns})
  Path Group:             sys_clk
  Path Type:              Setup (Max at Slow Process Corner)
  Requirement:            30.000ns  (sys_clk rise@30.000ns - sys_clk rise@0.000ns)
  Data Path Delay:        18.327ns  (logic 3.649ns (19.911%)  route 14.678ns (80.089%))
  Logic Levels:           26  (CARRY4=7 LUT1=1 LUT2=2 LUT3=2 LUT4=1 LUT5=4 LUT6=7 MUXF7=1 RAMD32=1)
  Clock Path Skew:        -0.024ns (DCD - SCD + CPR)
    Destination Clock Delay (DCD):    4.190ns = ( 34.190 - 30.000 ) 
    Source Clock Delay      (SCD):    4.478ns
    Clock Pessimism Removal (CPR):    0.263ns
  Clock Uncertainty:      0.035ns  ((TSJ^2 + TIJ^2)^1/2 + DJ) / 2 + PE
    Total System Jitter     (TSJ):    0.071ns
    Total Input Jitter      (TIJ):    0.000ns
    Discrete Jitter          (DJ):    0.000ns
    Phase Error              (PE):    0.000ns

    Location             Delay type                Incr(ns)  Path(ns)    Netlist Resource(s)
  -------------------------------------------------------------------    -------------------
                         (clock sys_clk rise edge)    0.000     0.000 r  
    AD23                                              0.000     0.000 r  clk (IN)
                         net (fo=0)                   0.000     0.000    clk
    AD23                 IBUF (Prop_ibuf_I_O)         0.873     0.873 r  clk_IBUF_inst/O
                         net (fo=1, routed)           1.830     2.703    clk_IBUF
    BUFGCTRL_X0Y0        BUFG (Prop_bufg_I_O)         0.120     2.823 r  clk_IBUF_BUFG_inst/O
                         net (fo=350, routed)         1.655     4.478    GEN_BRAM.u_core/clk_IBUF_BUFG
    SLICE_X10Y10         FDCE                                         r  GEN_BRAM.u_core/ir_reg[15]/C
  -------------------------------------------------------------------    -------------------
    SLICE_X10Y10         FDCE (Prop_fdce_C_Q)         0.308     4.786 r  GEN_BRAM.u_core/ir_reg[15]/Q
                         net (fo=97, routed)          1.051     5.836    GEN_BRAM.u_core/reg_file/registers_reg_r1_0_31_0_5/ADDRA0
    SLICE_X8Y14          RAMD32 (Prop_ramd32_RADR0_O)
                                                      0.066     5.902 f  GEN_BRAM.u_core/reg_file/registers_reg_r1_0_31_0_5/RAMA/O
                         net (fo=10, routed)          1.056     6.959    GEN_BRAM.u_core/alu_mux_a/dataR10[0]
    SLICE_X14Y25         LUT4 (Prop_lut4_I1_O)        0.168     7.127 r  GEN_BRAM.u_core/alu_mux_a/u_adder_i_32/O
                         net (fo=119, routed)         0.554     7.681    GEN_BRAM.u_core/alu/u_mul/u_mul/GEN_WALLACE.u_mul/result[2]_INST_0_i_7_n_0
    SLICE_X15Y17         CARRY4 (Prop_carry4_CYINIT_CO[3])
                                                      0.346     8.027 r  GEN_BRAM.u_core/alu/u_mul/u_mul/GEN_WALLACE.u_mul/result[2]_INST_0_i_6/CO[3]
                         net (fo=1, routed)           0.000     8.027    GEN_BRAM.u_core/alu/u_mul/u_mul/GEN_WALLACE.u_mul/result[2]_INST_0_i_6_n_0
    SLICE_X15Y18         CARRY4 (Prop_carry4_CI_CO[3])
                                                      0.058     8.085 r  GEN_BRAM.u_core/alu/u_mul/u_mul/GEN_WALLACE.u_mul/result[8]_INST_0_i_117/CO[3]
                         net (fo=1, routed)           0.000     8.085    GEN_BRAM.u_core/alu/u_mul/u_mul/GEN_WALLACE.u_mul/result[8]_INST_0_i_117_n_0
    SLICE_X15Y19         CARRY4 (Prop_carry4_CI_O[3])
                                                      0.179     8.264 r  GEN_BRAM.u_core/alu/u_mul/u_mul/GEN_WALLACE.u_mul/result[12]_INST_0_i_87/O[3]
                         net (fo=3, routed)           0.564     8.828    GEN_BRAM.u_core/alu/u_mul/u_mul/GEN_WALLACE.u_mul/mag_a0[12]
    SLICE_X19Y14         LUT6 (Prop_lut6_I0_O)        0.142     8.970 r  GEN_BRAM.u_core/alu/u_mul/u_mul/GEN_WALLACE.u_mul/result[16]_INST_0_i_211/O
                         net (fo=64, routed)          2.065    11.035    GEN_BRAM.u_core/alu/u_mul/u_mul/GEN_WALLACE.u_mul/mag_a[12]
    SLICE_X35Y5          LUT6 (Prop_lut6_I0_O)        0.053    11.088 r  GEN_BRAM.u_core/alu/u_mul/u_mul/GEN_WALLACE.u_mul/result[28]_INST_0_i_252/O
                         net (fo=2, routed)           0.456    11.543    GEN_BRAM.u_core/alu/u_mul/u_mul/GEN_WALLACE.u_mul/l1[7]_33[22]
    SLICE_X35Y5          LUT3 (Prop_lut3_I0_O)        0.063    11.606 r  GEN_BRAM.u_core/alu/u_mul/u_mul/GEN_WALLACE.u_mul/result[28]_INST_0_i_191/O
                         net (fo=2, routed)           0.692    12.298    GEN_BRAM.u_core/alu/u_mul/u_mul/GEN_WALLACE.u_mul/l2[4]_50[22]
    SLICE_X31Y5          LUT5 (Prop_lut5_I3_O)        0.170    12.468 r  GEN_BRAM.u_core/alu/u_mul/u_mul/GEN_WALLACE.u_mul/result[28]_INST_0_i_219/O
                         net (fo=2, routed)           0.412    12.881    GEN_BRAM.u_core/alu/u_mul/u_mul/GEN_WALLACE.u_mul/l3[2]_3[22]
    SLICE_X28Y5          LUT5 (Prop_lut5_I4_O)        0.053    12.934 r  GEN_BRAM.u_core/alu/u_mul/u_mul/GEN_WALLACE.u_mul/result[24]_INST_0_i_63/O
                         net (fo=3, routed)           0.822    13.756    GEN_BRAM.u_core/alu/u_mul/u_mul/GEN_WALLACE.u_mul/l4[0]_5[22]
    SLICE_X23Y5          LUT5 (Prop_lut5_I2_O)        0.063    13.819 r  GEN_BRAM.u_core/alu/u_mul/u_mul/GEN_WALLACE.u_mul/result[24]_INST_0_i_35/O
                         net (fo=3, routed)           0.519    14.338    GEN_BRAM.u_core/alu/u_mul/u_mul/GEN_WALLACE.u_mul/l6[0]_23[22]
    SLICE_X23Y7          LUT3 (Prop_lut3_I0_O)        0.170    14.508 r  GEN_BRAM.u_core/alu/u_mul/u_mul/GEN_WALLACE.u_mul/result[24]_INST_0_i_25/O
                         net (fo=2, routed)           0.937    15.445    GEN_BRAM.u_core/alu/u_mul/u_mul/GEN_WALLACE.u_mul/l7[1]_25[23]
    SLICE_X26Y7          LUT2 (Prop_lut2_I0_O)        0.065    15.510 r  GEN_BRAM.u_core/alu/u_mul/u_mul/GEN_WALLACE.u_mul/result[24]_INST_0_i_5/O
                         net (fo=1, routed)           0.422    15.932    GEN_BRAM.u_core/alu/u_mul/u_mul/GEN_WALLACE.u_mul/final_a[23]
    SLICE_X25Y7          CARRY4 (Prop_carry4_DI[2]_CO[3])
                                                      0.354    16.286 r  GEN_BRAM.u_core/alu/u_mul/u_mul/GEN_WALLACE.u_mul/result[24]_INST_0_i_1/CO[3]
                         net (fo=1, routed)           0.000    16.286    GEN_BRAM.u_core/alu/u_mul/u_mul/GEN_WALLACE.u_mul/result[24]_INST_0_i_1_n_0
    SLICE_X25Y8          CARRY4 (Prop_carry4_CI_O[2])
                                                      0.136    16.422 f  GEN_BRAM.u_core/alu/u_mul/u_mul/GEN_WALLACE.u_mul/result[28]_INST_0_i_1/O[2]
                         net (fo=2, routed)           0.464    16.886    GEN_BRAM.u_core/alu/u_mul/u_mul/GEN_WALLACE.u_mul/unsigned_product[27]
    SLICE_X24Y8          LUT1 (Prop_lut1_I0_O)        0.152    17.038 r  GEN_BRAM.u_core/alu/u_mul/u_mul/GEN_WALLACE.u_mul/result[0]_INST_0_i_9/O
                         net (fo=1, routed)           0.000    17.038    GEN_BRAM.u_core/alu/u_mul/u_mul/GEN_WALLACE.u_mul/p_0_in[27]
    SLICE_X24Y8          CARRY4 (Prop_carry4_S[2]_CO[3])
                                                      0.235    17.273 r  GEN_BRAM.u_core/alu/u_mul/u_mul/GEN_WALLACE.u_mul/result[0]_INST_0_i_2/CO[3]
                         net (fo=1, routed)           0.000    17.273    GEN_BRAM.u_core/alu/u_mul/u_mul/GEN_WALLACE.u_mul/result[0]_INST_0_i_2_n_0
    SLICE_X24Y9          CARRY4 (Prop_carry4_CI_O[3])
                                                      0.179    17.452 f  GEN_BRAM.u_core/alu/u_mul/u_mul/GEN_WALLACE.u_mul/result[0]_INST_0_i_1/O[3]
                         net (fo=1, routed)           0.383    17.834    GEN_BRAM.u_core/alu/u_mul/u_mul/GEN_WALLACE.u_mul/signed_product0[32]
    SLICE_X22Y10         LUT6 (Prop_lut6_I5_O)        0.142    17.976 f  GEN_BRAM.u_core/alu/u_mul/u_mul/GEN_WALLACE.u_mul/result[0]_INST_0/O
                         net (fo=1, routed)           0.730    18.707    GEN_BRAM.u_core/alu/mul_result[0]
    SLICE_X21Y24         LUT6 (Prop_lut6_I0_O)        0.053    18.760 f  GEN_BRAM.u_core/alu/debug_alu_out_OBUF[0]_inst_i_11/O
                         net (fo=1, routed)           0.000    18.760    GEN_BRAM.u_core/alu/debug_alu_out_OBUF[0]_inst_i_11_n_0
    SLICE_X21Y24         MUXF7 (Prop_muxf7_I1_O)      0.129    18.889 f  GEN_BRAM.u_core/alu/debug_alu_out_OBUF[0]_inst_i_4/O
                         net (fo=1, routed)           0.384    19.272    GEN_BRAM.u_core/alu/debug_alu_out_OBUF[0]_inst_i_4_n_0
    SLICE_X16Y25         LUT6 (Prop_lut6_I5_O)        0.153    19.425 f  GEN_BRAM.u_core/alu/debug_alu_out_OBUF[0]_inst_i_1/O
                         net (fo=11, routed)          0.910    20.335    GEN_BRAM.u_core/alu/D[0]
    SLICE_X11Y12         LUT2 (Prop_lut2_I1_O)        0.053    20.388 r  GEN_BRAM.u_core/alu/mem_reg_0_i_37/O
                         net (fo=26, routed)          0.742    21.130    GEN_BRAM.u_core/dmem/registers_reg_r1_0_31_6_11_i_10
    SLICE_X2Y19          LUT5 (Prop_lut5_I4_O)        0.053    21.183 r  GEN_BRAM.u_core/dmem/registers_reg_r1_0_31_0_5_i_30/O
                         net (fo=1, routed)           0.403    21.586    GEN_BRAM.u_core/wb_mux/registers_reg_r1_0_31_0_5_i_3_1
    SLICE_X2Y14          LUT6 (Prop_lut6_I5_O)        0.053    21.639 r  GEN_BRAM.u_core/wb_mux/registers_reg_r1_0_31_0_5_i_13/O
                         net (fo=1, routed)           0.459    22.098    GEN_BRAM.u_core/divider/wb_exec[0]
    SLICE_X2Y14          LUT6 (Prop_lut6_I5_O)        0.053    22.151 r  GEN_BRAM.u_core/divider/registers_reg_r1_0_31_0_5_i_3/O
                         net (fo=2, routed)           0.653    22.804    GEN_BRAM.u_core/reg_file/registers_reg_r2_0_31_0_5/DIA0
    SLICE_X10Y14         RAMD32                                       r  GEN_BRAM.u_core/reg_file/registers_reg_r2_0_31_0_5/RAMA/I
  -------------------------------------------------------------------    -------------------

                         (clock sys_clk rise edge)   30.000    30.000 r  
    AD23                                              0.000    30.000 r  clk (IN)
                         net (fo=0)                   0.000    30.000    clk
    AD23                 IBUF (Prop_ibuf_I_O)         0.796    30.796 r  clk_IBUF_inst/O
                         net (fo=1, routed)           1.741    32.537    clk_IBUF
    BUFGCTRL_X0Y0        BUFG (Prop_bufg_I_O)         0.113    32.650 r  clk_IBUF_BUFG_inst/O
                         net (fo=350, routed)         1.540    34.190    GEN_BRAM.u_core/reg_file/registers_reg_r2_0_31_0_5/WCLK
    SLICE_X10Y14         RAMD32                                       r  GEN_BRAM.u_core/reg_file/registers_reg_r2_0_31_0_5/RAMA/CLK
                         clock pessimism              0.263    34.454    
                         clock uncertainty           -0.035    34.418    
    SLICE_X10Y14         RAMD32 (Setup_ramd32_CLK_I)
                                                     -0.113    34.305    GEN_BRAM.u_core/reg_file/registers_reg_r2_0_31_0_5/RAMA
  -------------------------------------------------------------------
                         required time                         34.305    
                         arrival time                         -22.804    
  -------------------------------------------------------------------
                         slack                                 11.501    

Slack (MET) :             11.533ns  (required time - arrival time)
  Source:                 GEN_BRAM.u_core/ir_reg[15]/C
                            (rising edge-triggered cell FDCE clocked by sys_clk  {rise@0.000ns fall@15.000ns period=30.000ns})
  Destination:            GEN_BRAM.u_core/reg_file/registers_reg_r2_0_31_6_11/RAMB/I
                            (rising edge-triggered cell RAMD32 clocked by sys_clk  {rise@0.000ns fall@15.000ns period=30.000ns})
  Path Group:             sys_clk
  Path Type:              Setup (Max at Slow Process Corner)
  Requirement:            30.000ns  (sys_clk rise@30.000ns - sys_clk rise@0.000ns)
  Data Path Delay:        18.278ns  (logic 3.917ns (21.430%)  route 14.361ns (78.570%))
  Logic Levels:           26  (CARRY4=8 LUT1=1 LUT2=1 LUT3=2 LUT4=2 LUT5=4 LUT6=5 MUXF7=2 RAMD32=1)
  Clock Path Skew:        -0.025ns (DCD - SCD + CPR)
    Destination Clock Delay (DCD):    4.189ns = ( 34.189 - 30.000 ) 
    Source Clock Delay      (SCD):    4.478ns
    Clock Pessimism Removal (CPR):    0.263ns
  Clock Uncertainty:      0.035ns  ((TSJ^2 + TIJ^2)^1/2 + DJ) / 2 + PE
    Total System Jitter     (TSJ):    0.071ns
    Total Input Jitter      (TIJ):    0.000ns
    Discrete Jitter          (DJ):    0.000ns
    Phase Error              (PE):    0.000ns

    Location             Delay type                Incr(ns)  Path(ns)    Netlist Resource(s)
  -------------------------------------------------------------------    -------------------
                         (clock sys_clk rise edge)    0.000     0.000 r  
    AD23                                              0.000     0.000 r  clk (IN)
                         net (fo=0)                   0.000     0.000    clk
    AD23                 IBUF (Prop_ibuf_I_O)         0.873     0.873 r  clk_IBUF_inst/O
                         net (fo=1, routed)           1.830     2.703    clk_IBUF
    BUFGCTRL_X0Y0        BUFG (Prop_bufg_I_O)         0.120     2.823 r  clk_IBUF_BUFG_inst/O
                         net (fo=350, routed)         1.655     4.478    GEN_BRAM.u_core/clk_IBUF_BUFG
    SLICE_X10Y10         FDCE                                         r  GEN_BRAM.u_core/ir_reg[15]/C
  -------------------------------------------------------------------    -------------------
    SLICE_X10Y10         FDCE (Prop_fdce_C_Q)         0.308     4.786 r  GEN_BRAM.u_core/ir_reg[15]/Q
                         net (fo=97, routed)          1.051     5.836    GEN_BRAM.u_core/reg_file/registers_reg_r1_0_31_0_5/ADDRA0
    SLICE_X8Y14          RAMD32 (Prop_ramd32_RADR0_O)
                                                      0.066     5.902 f  GEN_BRAM.u_core/reg_file/registers_reg_r1_0_31_0_5/RAMA/O
                         net (fo=10, routed)          1.056     6.959    GEN_BRAM.u_core/alu_mux_a/dataR10[0]
    SLICE_X14Y25         LUT4 (Prop_lut4_I1_O)        0.168     7.127 r  GEN_BRAM.u_core/alu_mux_a/u_adder_i_32/O
                         net (fo=119, routed)         0.554     7.681    GEN_BRAM.u_core/alu/u_mul/u_mul/GEN_WALLACE.u_mul/result[2]_INST_0_i_7_n_0
    SLICE_X15Y17         CARRY4 (Prop_carry4_CYINIT_CO[3])
                                                      0.346     8.027 r  GEN_BRAM.u_core/alu/u_mul/u_mul/GEN_WALLACE.u_mul/result[2]_INST_0_i_6/CO[3]
                         net (fo=1, routed)           0.000     8.027    GEN_BRAM.u_core/alu/u_mul/u_mul/GEN_WALLACE.u_mul/result[2]_INST_0_i_6_n_0
    SLICE_X15Y18         CARRY4 (Prop_carry4_CI_CO[3])
                                                      0.058     8.085 r  GEN_BRAM.u_core/alu/u_mul/u_mul/GEN_WALLACE.u_mul/result[8]_INST_0_i_117/CO[3]
                         net (fo=1, routed)           0.000     8.085    GEN_BRAM.u_core/alu/u_mul/u_mul/GEN_WALLACE.u_mul/result[8]_INST_0_i_117_n_0
    SLICE_X15Y19         CARRY4 (Prop_carry4_CI_O[3])
                                                      0.179     8.264 r  GEN_BRAM.u_core/alu/u_mul/u_mul/GEN_WALLACE.u_mul/result[12]_INST_0_i_87/O[3]
                         net (fo=3, routed)           0.564     8.828    GEN_BRAM.u_core/alu/u_mul/u_mul/GEN_WALLACE.u_mul/mag_a0[12]
    SLICE_X19Y14         LUT6 (Prop_lut6_I0_O)        0.142     8.970 r  GEN_BRAM.u_core/alu/u_mul/u_mul/GEN_WALLACE.u_mul/result[16]_INST_0_i_211/O
                         net (fo=64, routed)          2.065    11.035    GEN_BRAM.u_core/alu/u_mul/u_mul/GEN_WALLACE.u_mul/mag_a[12]
    SLICE_X35Y5          LUT6 (Prop_lut6_I0_O)        0.053    11.088 r  GEN_BRAM.u_core/alu/u_mul/u_mul/GEN_WALLACE.u_mul/result[28]_INST_0_i_252/O
                         net (fo=2, routed)           0.456    11.543    GEN_BRAM.u_core/alu/u_mul/u_mul/GEN_WALLACE.u_mul/l1[7]_33[22]
    SLICE_X35Y5          LUT3 (Prop_lut3_I0_O)        0.063    11.606 r  GEN_BRAM.u_core/alu/u_mul/u_mul/GEN_WALLACE.u_mul/result[28]_INST_0_i_191/O
                         net (fo=2, routed)           0.692    12.298    GEN_BRAM.u_core/alu/u_mul/u_mul/GEN_WALLACE.u_mul/l2[4]_50[22]
    SLICE_X31Y5          LUT5 (Prop_lut5_I3_O)        0.170    12.468 r  GEN_BRAM.u_core/alu/u_mul/u_mul/GEN_WALLACE.u_mul/result[28]_INST_0_i_219/O
                         net (fo=2, routed)           0.412    12.881    GEN_BRAM.u_core/alu/u_mul/u_mul/GEN_WALLACE.u_mul/l3[2]_3[22]
    SLICE_X28Y5          LUT5 (Prop_lut5_I4_O)        0.053    12.934 r  GEN_BRAM.u_core/alu/u_mul/u_mul/GEN_WALLACE.u_mul/result[24]_INST_0_i_63/O
                         net (fo=3, routed)           0.822    13.756    GEN_BRAM.u_core/alu/u_mul/u_mul/GEN_WALLACE.u_mul/l4[0]_5[22]
    SLICE_X23Y5          LUT5 (Prop_lut5_I2_O)        0.063    13.819 r  GEN_BRAM.u_core/alu/u_mul/u_mul/GEN_WALLACE.u_mul/result[24]_INST_0_i_35/O
                         net (fo=3, routed)           0.519    14.338    GEN_BRAM.u_core/alu/u_mul/u_mul/GEN_WALLACE.u_mul/l6[0]_23[22]
    SLICE_X23Y7          LUT3 (Prop_lut3_I0_O)        0.170    14.508 r  GEN_BRAM.u_core/alu/u_mul/u_mul/GEN_WALLACE.u_mul/result[24]_INST_0_i_25/O
                         net (fo=2, routed)           0.937    15.445    GEN_BRAM.u_core/alu/u_mul/u_mul/GEN_WALLACE.u_mul/l7[1]_25[23]
    SLICE_X26Y7          LUT2 (Prop_lut2_I0_O)        0.065    15.510 r  GEN_BRAM.u_core/alu/u_mul/u_mul/GEN_WALLACE.u_mul/result[24]_INST_0_i_5/O
                         net (fo=1, routed)           0.422    15.932    GEN_BRAM.u_core/alu/u_mul/u_mul/GEN_WALLACE.u_mul/final_a[23]
    SLICE_X25Y7          CARRY4 (Prop_carry4_DI[2]_CO[3])
                                                      0.354    16.286 r  GEN_BRAM.u_core/alu/u_mul/u_mul/GEN_WALLACE.u_mul/result[24]_INST_0_i_1/CO[3]
                         net (fo=1, routed)           0.000    16.286    GEN_BRAM.u_core/alu/u_mul/u_mul/GEN_WALLACE.u_mul/result[24]_INST_0_i_1_n_0
    SLICE_X25Y8          CARRY4 (Prop_carry4_CI_O[2])
                                                      0.136    16.422 f  GEN_BRAM.u_core/alu/u_mul/u_mul/GEN_WALLACE.u_mul/result[28]_INST_0_i_1/O[2]
                         net (fo=2, routed)           0.464    16.886    GEN_BRAM.u_core/alu/u_mul/u_mul/GEN_WALLACE.u_mul/unsigned_product[27]
    SLICE_X24Y8          LUT1 (Prop_lut1_I0_O)        0.152    17.038 r  GEN_BRAM.u_core/alu/u_mul/u_mul/GEN_WALLACE.u_mul/result[0]_INST_0_i_9/O
                         net (fo=1, routed)           0.000    17.038    GEN_BRAM.u_core/alu/u_mul/u_mul/GEN_WALLACE.u_mul/p_0_in[27]
    SLICE_X24Y8          CARRY4 (Prop_carry4_S[2]_CO[3])
                                                      0.235    17.273 r  GEN_BRAM.u_core/alu/u_mul/u_mul/GEN_WALLACE.u_mul/result[0]_INST_0_i_2/CO[3]
                         net (fo=1, routed)           0.000    17.273    GEN_BRAM.u_core/alu/u_mul/u_mul/GEN_WALLACE.u_mul/result[0]_INST_0_i_2_n_0
    SLICE_X24Y9          CARRY4 (Prop_carry4_CI_CO[3])
                                                      0.058    17.331 r  GEN_BRAM.u_core/alu/u_mul/u_mul/GEN_WALLACE.u_mul/result[0]_INST_0_i_1/CO[3]
                         net (fo=1, routed)           0.000    17.331    GEN_BRAM.u_core/alu/u_mul/u_mul/GEN_WALLACE.u_mul/result[0]_INST_0_i_1_n_0
    SLICE_X24Y10         CARRY4 (Prop_carry4_CI_O[0])
                                                      0.139    17.470 f  GEN_BRAM.u_core/alu/u_mul/u_mul/GEN_WALLACE.u_mul/result[4]_INST_0_i_3/O[0]
                         net (fo=1, routed)           0.369    17.839    GEN_BRAM.u_core/alu/u_mul/u_mul/GEN_WALLACE.u_mul/signed_product0[33]
    SLICE_X22Y10         LUT5 (Prop_lut5_I4_O)        0.155    17.994 f  GEN_BRAM.u_core/alu/u_mul/u_mul/GEN_WALLACE.u_mul/result[1]_INST_0/O
                         net (fo=2, routed)           1.087    19.081    GEN_BRAM.u_core/reg_file/result[0]
    SLICE_X8Y27          LUT6 (Prop_lut6_I2_O)        0.053    19.134 f  GEN_BRAM.u_core/reg_file/debug_alu_out_OBUF[1]_inst_i_2/O
                         net (fo=2, routed)           0.000    19.134    GEN_BRAM.u_core/alu_mux_b/load_addr_hold_reg[1]
    SLICE_X8Y27          MUXF7 (Prop_muxf7_I0_O)      0.121    19.255 f  GEN_BRAM.u_core/alu_mux_b/debug_alu_out_OBUF[1]_inst_i_1/O
                         net (fo=43, routed)          1.049    20.304    GEN_BRAM.u_core/alu_mux_b/D[0]
    SLICE_X8Y12          LUT4 (Prop_lut4_I2_O)        0.162    20.466 r  GEN_BRAM.u_core/alu_mux_b/registers_reg_r1_0_31_6_11_i_44/O
                         net (fo=1, routed)           0.566    21.032    GEN_BRAM.u_core/wb_mux/registers_reg_r1_0_31_6_11_i_14_2
    SLICE_X9Y25          LUT6 (Prop_lut6_I4_O)        0.168    21.200 r  GEN_BRAM.u_core/wb_mux/registers_reg_r1_0_31_6_11_i_29/O
                         net (fo=1, routed)           0.000    21.200    GEN_BRAM.u_core/wb_mux/registers_reg_r1_0_31_6_11_i_29_n_0
    SLICE_X9Y25          MUXF7 (Prop_muxf7_I0_O)      0.127    21.327 r  GEN_BRAM.u_core/wb_mux/registers_reg_r1_0_31_6_11_i_14/O
                         net (fo=1, routed)           0.779    22.106    GEN_BRAM.u_core/divider/wb_exec[8]
    SLICE_X7Y16          LUT6 (Prop_lut6_I5_O)        0.153    22.259 r  GEN_BRAM.u_core/divider/registers_reg_r1_0_31_6_11_i_4/O
                         net (fo=2, routed)           0.497    22.756    GEN_BRAM.u_core/reg_file/registers_reg_r2_0_31_6_11/DIB0
    SLICE_X10Y15         RAMD32                                       r  GEN_BRAM.u_core/reg_file/registers_reg_r2_0_31_6_11/RAMB/I
  -------------------------------------------------------------------    -------------------

                         (clock sys_clk rise edge)   30.000    30.000 r  
    AD23                                              0.000    30.000 r  clk (IN)
                         net (fo=0)                   0.000    30.000    clk
    AD23                 IBUF (Prop_ibuf_I_O)         0.796    30.796 r  clk_IBUF_inst/O
                         net (fo=1, routed)           1.741    32.537    clk_IBUF
    BUFGCTRL_X0Y0        BUFG (Prop_bufg_I_O)         0.113    32.650 r  clk_IBUF_BUFG_inst/O
                         net (fo=350, routed)         1.539    34.189    GEN_BRAM.u_core/reg_file/registers_reg_r2_0_31_6_11/WCLK
    SLICE_X10Y15         RAMD32                                       r  GEN_BRAM.u_core/reg_file/registers_reg_r2_0_31_6_11/RAMB/CLK
                         clock pessimism              0.263    34.453    
                         clock uncertainty           -0.035    34.417    
    SLICE_X10Y15         RAMD32 (Setup_ramd32_CLK_I)
                                                     -0.129    34.288    GEN_BRAM.u_core/reg_file/registers_reg_r2_0_31_6_11/RAMB
  -------------------------------------------------------------------
                         required time                         34.288    
                         arrival time                         -22.756    
  -------------------------------------------------------------------
                         slack                                 11.533    

Slack (MET) :             11.607ns  (required time - arrival time)
  Source:                 GEN_BRAM.u_core/ir_reg[15]/C
                            (rising edge-triggered cell FDCE clocked by sys_clk  {rise@0.000ns fall@15.000ns period=30.000ns})
  Destination:            GEN_BRAM.u_core/reg_file/registers_reg_r2_0_31_0_5/RAMA_D1/I
                            (rising edge-triggered cell RAMD32 clocked by sys_clk  {rise@0.000ns fall@15.000ns period=30.000ns})
  Path Group:             sys_clk
  Path Type:              Setup (Max at Slow Process Corner)
  Requirement:            30.000ns  (sys_clk rise@30.000ns - sys_clk rise@0.000ns)
  Data Path Delay:        18.167ns  (logic 3.649ns (20.086%)  route 14.518ns (79.914%))
  Logic Levels:           26  (CARRY4=7 LUT1=1 LUT2=2 LUT3=2 LUT4=1 LUT5=4 LUT6=7 MUXF7=1 RAMD32=1)
  Clock Path Skew:        -0.024ns (DCD - SCD + CPR)
    Destination Clock Delay (DCD):    4.190ns = ( 34.190 - 30.000 ) 
    Source Clock Delay      (SCD):    4.478ns
    Clock Pessimism Removal (CPR):    0.263ns
  Clock Uncertainty:      0.035ns  ((TSJ^2 + TIJ^2)^1/2 + DJ) / 2 + PE
    Total System Jitter     (TSJ):    0.071ns
    Total Input Jitter      (TIJ):    0.000ns
    Discrete Jitter          (DJ):    0.000ns
    Phase Error              (PE):    0.000ns

    Location             Delay type                Incr(ns)  Path(ns)    Netlist Resource(s)
  -------------------------------------------------------------------    -------------------
                         (clock sys_clk rise edge)    0.000     0.000 r  
    AD23                                              0.000     0.000 r  clk (IN)
                         net (fo=0)                   0.000     0.000    clk
    AD23                 IBUF (Prop_ibuf_I_O)         0.873     0.873 r  clk_IBUF_inst/O
                         net (fo=1, routed)           1.830     2.703    clk_IBUF
    BUFGCTRL_X0Y0        BUFG (Prop_bufg_I_O)         0.120     2.823 r  clk_IBUF_BUFG_inst/O
                         net (fo=350, routed)         1.655     4.478    GEN_BRAM.u_core/clk_IBUF_BUFG
    SLICE_X10Y10         FDCE                                         r  GEN_BRAM.u_core/ir_reg[15]/C
  -------------------------------------------------------------------    -------------------
    SLICE_X10Y10         FDCE (Prop_fdce_C_Q)         0.308     4.786 r  GEN_BRAM.u_core/ir_reg[15]/Q
                         net (fo=97, routed)          1.051     5.836    GEN_BRAM.u_core/reg_file/registers_reg_r1_0_31_0_5/ADDRA0
    SLICE_X8Y14          RAMD32 (Prop_ramd32_RADR0_O)
                                                      0.066     5.902 f  GEN_BRAM.u_core/reg_file/registers_reg_r1_0_31_0_5/RAMA/O
                         net (fo=10, routed)          1.056     6.959    GEN_BRAM.u_core/alu_mux_a/dataR10[0]
    SLICE_X14Y25         LUT4 (Prop_lut4_I1_O)        0.168     7.127 r  GEN_BRAM.u_core/alu_mux_a/u_adder_i_32/O
                         net (fo=119, routed)         0.554     7.681    GEN_BRAM.u_core/alu/u_mul/u_mul/GEN_WALLACE.u_mul/result[2]_INST_0_i_7_n_0
    SLICE_X15Y17         CARRY4 (Prop_carry4_CYINIT_CO[3])
                                                      0.346     8.027 r  GEN_BRAM.u_core/alu/u_mul/u_mul/GEN_WALLACE.u_mul/result[2]_INST_0_i_6/CO[3]
                         net (fo=1, routed)           0.000     8.027    GEN_BRAM.u_core/alu/u_mul/u_mul/GEN_WALLACE.u_mul/result[2]_INST_0_i_6_n_0
    SLICE_X15Y18         CARRY4 (Prop_carry4_CI_CO[3])
                                                      0.058     8.085 r  GEN_BRAM.u_core/alu/u_mul/u_mul/GEN_WALLACE.u_mul/result[8]_INST_0_i_117/CO[3]
                         net (fo=1, routed)           0.000     8.085    GEN_BRAM.u_core/alu/u_mul/u_mul/GEN_WALLACE.u_mul/result[8]_INST_0_i_117_n_0
    SLICE_X15Y19         CARRY4 (Prop_carry4_CI_O[3])
                                                      0.179     8.264 r  GEN_BRAM.u_core/alu/u_mul/u_mul/GEN_WALLACE.u_mul/result[12]_INST_0_i_87/O[3]
                         net (fo=3, routed)           0.564     8.828    GEN_BRAM.u_core/alu/u_mul/u_mul/GEN_WALLACE.u_mul/mag_a0[12]
    SLICE_X19Y14         LUT6 (Prop_lut6_I0_O)        0.142     8.970 r  GEN_BRAM.u_core/alu/u_mul/u_mul/GEN_WALLACE.u_mul/result[16]_INST_0_i_211/O
                         net (fo=64, routed)          2.065    11.035    GEN_BRAM.u_core/alu/u_mul/u_mul/GEN_WALLACE.u_mul/mag_a[12]
    SLICE_X35Y5          LUT6 (Prop_lut6_I0_O)        0.053    11.088 r  GEN_BRAM.u_core/alu/u_mul/u_mul/GEN_WALLACE.u_mul/result[28]_INST_0_i_252/O
                         net (fo=2, routed)           0.456    11.543    GEN_BRAM.u_core/alu/u_mul/u_mul/GEN_WALLACE.u_mul/l1[7]_33[22]
    SLICE_X35Y5          LUT3 (Prop_lut3_I0_O)        0.063    11.606 r  GEN_BRAM.u_core/alu/u_mul/u_mul/GEN_WALLACE.u_mul/result[28]_INST_0_i_191/O
                         net (fo=2, routed)           0.692    12.298    GEN_BRAM.u_core/alu/u_mul/u_mul/GEN_WALLACE.u_mul/l2[4]_50[22]
    SLICE_X31Y5          LUT5 (Prop_lut5_I3_O)        0.170    12.468 r  GEN_BRAM.u_core/alu/u_mul/u_mul/GEN_WALLACE.u_mul/result[28]_INST_0_i_219/O
                         net (fo=2, routed)           0.412    12.881    GEN_BRAM.u_core/alu/u_mul/u_mul/GEN_WALLACE.u_mul/l3[2]_3[22]
    SLICE_X28Y5          LUT5 (Prop_lut5_I4_O)        0.053    12.934 r  GEN_BRAM.u_core/alu/u_mul/u_mul/GEN_WALLACE.u_mul/result[24]_INST_0_i_63/O
                         net (fo=3, routed)           0.822    13.756    GEN_BRAM.u_core/alu/u_mul/u_mul/GEN_WALLACE.u_mul/l4[0]_5[22]
    SLICE_X23Y5          LUT5 (Prop_lut5_I2_O)        0.063    13.819 r  GEN_BRAM.u_core/alu/u_mul/u_mul/GEN_WALLACE.u_mul/result[24]_INST_0_i_35/O
                         net (fo=3, routed)           0.519    14.338    GEN_BRAM.u_core/alu/u_mul/u_mul/GEN_WALLACE.u_mul/l6[0]_23[22]
    SLICE_X23Y7          LUT3 (Prop_lut3_I0_O)        0.170    14.508 r  GEN_BRAM.u_core/alu/u_mul/u_mul/GEN_WALLACE.u_mul/result[24]_INST_0_i_25/O
                         net (fo=2, routed)           0.937    15.445    GEN_BRAM.u_core/alu/u_mul/u_mul/GEN_WALLACE.u_mul/l7[1]_25[23]
    SLICE_X26Y7          LUT2 (Prop_lut2_I0_O)        0.065    15.510 r  GEN_BRAM.u_core/alu/u_mul/u_mul/GEN_WALLACE.u_mul/result[24]_INST_0_i_5/O
                         net (fo=1, routed)           0.422    15.932    GEN_BRAM.u_core/alu/u_mul/u_mul/GEN_WALLACE.u_mul/final_a[23]
    SLICE_X25Y7          CARRY4 (Prop_carry4_DI[2]_CO[3])
                                                      0.354    16.286 r  GEN_BRAM.u_core/alu/u_mul/u_mul/GEN_WALLACE.u_mul/result[24]_INST_0_i_1/CO[3]
                         net (fo=1, routed)           0.000    16.286    GEN_BRAM.u_core/alu/u_mul/u_mul/GEN_WALLACE.u_mul/result[24]_INST_0_i_1_n_0
    SLICE_X25Y8          CARRY4 (Prop_carry4_CI_O[2])
                                                      0.136    16.422 f  GEN_BRAM.u_core/alu/u_mul/u_mul/GEN_WALLACE.u_mul/result[28]_INST_0_i_1/O[2]
                         net (fo=2, routed)           0.464    16.886    GEN_BRAM.u_core/alu/u_mul/u_mul/GEN_WALLACE.u_mul/unsigned_product[27]
    SLICE_X24Y8          LUT1 (Prop_lut1_I0_O)        0.152    17.038 r  GEN_BRAM.u_core/alu/u_mul/u_mul/GEN_WALLACE.u_mul/result[0]_INST_0_i_9/O
                         net (fo=1, routed)           0.000    17.038    GEN_BRAM.u_core/alu/u_mul/u_mul/GEN_WALLACE.u_mul/p_0_in[27]
    SLICE_X24Y8          CARRY4 (Prop_carry4_S[2]_CO[3])
                                                      0.235    17.273 r  GEN_BRAM.u_core/alu/u_mul/u_mul/GEN_WALLACE.u_mul/result[0]_INST_0_i_2/CO[3]
                         net (fo=1, routed)           0.000    17.273    GEN_BRAM.u_core/alu/u_mul/u_mul/GEN_WALLACE.u_mul/result[0]_INST_0_i_2_n_0
    SLICE_X24Y9          CARRY4 (Prop_carry4_CI_O[3])
                                                      0.179    17.452 f  GEN_BRAM.u_core/alu/u_mul/u_mul/GEN_WALLACE.u_mul/result[0]_INST_0_i_1/O[3]
                         net (fo=1, routed)           0.383    17.834    GEN_BRAM.u_core/alu/u_mul/u_mul/GEN_WALLACE.u_mul/signed_product0[32]
    SLICE_X22Y10         LUT6 (Prop_lut6_I5_O)        0.142    17.976 f  GEN_BRAM.u_core/alu/u_mul/u_mul/GEN_WALLACE.u_mul/result[0]_INST_0/O
                         net (fo=1, routed)           0.730    18.707    GEN_BRAM.u_core/alu/mul_result[0]
    SLICE_X21Y24         LUT6 (Prop_lut6_I0_O)        0.053    18.760 f  GEN_BRAM.u_core/alu/debug_alu_out_OBUF[0]_inst_i_11/O
                         net (fo=1, routed)           0.000    18.760    GEN_BRAM.u_core/alu/debug_alu_out_OBUF[0]_inst_i_11_n_0
    SLICE_X21Y24         MUXF7 (Prop_muxf7_I1_O)      0.129    18.889 f  GEN_BRAM.u_core/alu/debug_alu_out_OBUF[0]_inst_i_4/O
                         net (fo=1, routed)           0.384    19.272    GEN_BRAM.u_core/alu/debug_alu_out_OBUF[0]_inst_i_4_n_0
    SLICE_X16Y25         LUT6 (Prop_lut6_I5_O)        0.153    19.425 f  GEN_BRAM.u_core/alu/debug_alu_out_OBUF[0]_inst_i_1/O
                         net (fo=11, routed)          0.910    20.335    GEN_BRAM.u_core/alu/D[0]
    SLICE_X11Y12         LUT2 (Prop_lut2_I1_O)        0.053    20.388 r  GEN_BRAM.u_core/alu/mem_reg_0_i_37/O
                         net (fo=26, routed)          0.737    21.125    GEN_BRAM.u_core/dmem/registers_reg_r1_0_31_6_11_i_10
    SLICE_X2Y19          LUT5 (Prop_lut5_I4_O)        0.053    21.178 r  GEN_BRAM.u_core/dmem/registers_reg_r1_0_31_0_5_i_27/O
                         net (fo=1, routed)           0.529    21.708    GEN_BRAM.u_core/wb_mux/registers_reg_r1_0_31_0_5_i_2_0
    SLICE_X1Y15          LUT6 (Prop_lut6_I5_O)        0.053    21.761 r  GEN_BRAM.u_core/wb_mux/registers_reg_r1_0_31_0_5_i_11/O
                         net (fo=1, routed)           0.302    22.063    GEN_BRAM.u_core/divider/wb_exec[1]
    SLICE_X1Y15          LUT6 (Prop_lut6_I5_O)        0.053    22.116 r  GEN_BRAM.u_core/divider/registers_reg_r1_0_31_0_5_i_2/O
                         net (fo=2, routed)           0.529    22.645    GEN_BRAM.u_core/reg_file/registers_reg_r2_0_31_0_5/DIA1
    SLICE_X10Y14         RAMD32                                       r  GEN_BRAM.u_core/reg_file/registers_reg_r2_0_31_0_5/RAMA_D1/I
  -------------------------------------------------------------------    -------------------

                         (clock sys_clk rise edge)   30.000    30.000 r  
    AD23                                              0.000    30.000 r  clk (IN)
                         net (fo=0)                   0.000    30.000    clk
    AD23                 IBUF (Prop_ibuf_I_O)         0.796    30.796 r  clk_IBUF_inst/O
                         net (fo=1, routed)           1.741    32.537    clk_IBUF
    BUFGCTRL_X0Y0        BUFG (Prop_bufg_I_O)         0.113    32.650 r  clk_IBUF_BUFG_inst/O
                         net (fo=350, routed)         1.540    34.190    GEN_BRAM.u_core/reg_file/registers_reg_r2_0_31_0_5/WCLK
    SLICE_X10Y14         RAMD32                                       r  GEN_BRAM.u_core/reg_file/registers_reg_r2_0_31_0_5/RAMA_D1/CLK
                         clock pessimism              0.263    34.454    
                         clock uncertainty           -0.035    34.418    
    SLICE_X10Y14         RAMD32 (Setup_ramd32_CLK_I)
                                                     -0.166    34.252    GEN_BRAM.u_core/reg_file/registers_reg_r2_0_31_0_5/RAMA_D1
  -------------------------------------------------------------------
                         required time                         34.252    
                         arrival time                         -22.645    
  -------------------------------------------------------------------
                         slack                                 11.607    

Slack (MET) :             11.631ns  (required time - arrival time)
  Source:                 GEN_BRAM.u_core/ir_reg[15]/C
                            (rising edge-triggered cell FDCE clocked by sys_clk  {rise@0.000ns fall@15.000ns period=30.000ns})
  Destination:            GEN_BRAM.u_core/reg_file/registers_reg_r1_0_31_6_11/RAMB/I
                            (rising edge-triggered cell RAMD32 clocked by sys_clk  {rise@0.000ns fall@15.000ns period=30.000ns})
  Path Group:             sys_clk
  Path Type:              Setup (Max at Slow Process Corner)
  Requirement:            30.000ns  (sys_clk rise@30.000ns - sys_clk rise@0.000ns)
  Data Path Delay:        18.179ns  (logic 3.917ns (21.547%)  route 14.262ns (78.453%))
  Logic Levels:           26  (CARRY4=8 LUT1=1 LUT2=1 LUT3=2 LUT4=2 LUT5=4 LUT6=5 MUXF7=2 RAMD32=1)
  Clock Path Skew:        -0.026ns (DCD - SCD + CPR)
    Destination Clock Delay (DCD):    4.188ns = ( 34.188 - 30.000 ) 
    Source Clock Delay      (SCD):    4.478ns
    Clock Pessimism Removal (CPR):    0.263ns
  Clock Uncertainty:      0.035ns  ((TSJ^2 + TIJ^2)^1/2 + DJ) / 2 + PE
    Total System Jitter     (TSJ):    0.071ns
    Total Input Jitter      (TIJ):    0.000ns
    Discrete Jitter          (DJ):    0.000ns
    Phase Error              (PE):    0.000ns

    Location             Delay type                Incr(ns)  Path(ns)    Netlist Resource(s)
  -------------------------------------------------------------------    -------------------
                         (clock sys_clk rise edge)    0.000     0.000 r  
    AD23                                              0.000     0.000 r  clk (IN)
                         net (fo=0)                   0.000     0.000    clk
    AD23                 IBUF (Prop_ibuf_I_O)         0.873     0.873 r  clk_IBUF_inst/O
                         net (fo=1, routed)           1.830     2.703    clk_IBUF
    BUFGCTRL_X0Y0        BUFG (Prop_bufg_I_O)         0.120     2.823 r  clk_IBUF_BUFG_inst/O
                         net (fo=350, routed)         1.655     4.478    GEN_BRAM.u_core/clk_IBUF_BUFG
    SLICE_X10Y10         FDCE                                         r  GEN_BRAM.u_core/ir_reg[15]/C
  -------------------------------------------------------------------    -------------------
    SLICE_X10Y10         FDCE (Prop_fdce_C_Q)         0.308     4.786 r  GEN_BRAM.u_core/ir_reg[15]/Q
                         net (fo=97, routed)          1.051     5.836    GEN_BRAM.u_core/reg_file/registers_reg_r1_0_31_0_5/ADDRA0
    SLICE_X8Y14          RAMD32 (Prop_ramd32_RADR0_O)
                                                      0.066     5.902 f  GEN_BRAM.u_core/reg_file/registers_reg_r1_0_31_0_5/RAMA/O
                         net (fo=10, routed)          1.056     6.959    GEN_BRAM.u_core/alu_mux_a/dataR10[0]
    SLICE_X14Y25         LUT4 (Prop_lut4_I1_O)        0.168     7.127 r  GEN_BRAM.u_core/alu_mux_a/u_adder_i_32/O
                         net (fo=119, routed)         0.554     7.681    GEN_BRAM.u_core/alu/u_mul/u_mul/GEN_WALLACE.u_mul/result[2]_INST_0_i_7_n_0
    SLICE_X15Y17         CARRY4 (Prop_carry4_CYINIT_CO[3])
                                                      0.346     8.027 r  GEN_BRAM.u_core/alu/u_mul/u_mul/GEN_WALLACE.u_mul/result[2]_INST_0_i_6/CO[3]
                         net (fo=1, routed)           0.000     8.027    GEN_BRAM.u_core/alu/u_mul/u_mul/GEN_WALLACE.u_mul/result[2]_INST_0_i_6_n_0
    SLICE_X15Y18         CARRY4 (Prop_carry4_CI_CO[3])
                                                      0.058     8.085 r  GEN_BRAM.u_core/alu/u_mul/u_mul/GEN_WALLACE.u_mul/result[8]_INST_0_i_117/CO[3]
                         net (fo=1, routed)           0.000     8.085    GEN_BRAM.u_core/alu/u_mul/u_mul/GEN_WALLACE.u_mul/result[8]_INST_0_i_117_n_0
    SLICE_X15Y19         CARRY4 (Prop_carry4_CI_O[3])
                                                      0.179     8.264 r  GEN_BRAM.u_core/alu/u_mul/u_mul/GEN_WALLACE.u_mul/result[12]_INST_0_i_87/O[3]
                         net (fo=3, routed)           0.564     8.828    GEN_BRAM.u_core/alu/u_mul/u_mul/GEN_WALLACE.u_mul/mag_a0[12]
    SLICE_X19Y14         LUT6 (Prop_lut6_I0_O)        0.142     8.970 r  GEN_BRAM.u_core/alu/u_mul/u_mul/GEN_WALLACE.u_mul/result[16]_INST_0_i_211/O
                         net (fo=64, routed)          2.065    11.035    GEN_BRAM.u_core/alu/u_mul/u_mul/GEN_WALLACE.u_mul/mag_a[12]
    SLICE_X35Y5          LUT6 (Prop_lut6_I0_O)        0.053    11.088 r  GEN_BRAM.u_core/alu/u_mul/u_mul/GEN_WALLACE.u_mul/result[28]_INST_0_i_252/O
                         net (fo=2, routed)           0.456    11.543    GEN_BRAM.u_core/alu/u_mul/u_mul/GEN_WALLACE.u_mul/l1[7]_33[22]
    SLICE_X35Y5          LUT3 (Prop_lut3_I0_O)        0.063    11.606 r  GEN_BRAM.u_core/alu/u_mul/u_mul/GEN_WALLACE.u_mul/result[28]_INST_0_i_191/O
                         net (fo=2, routed)           0.692    12.298    GEN_BRAM.u_core/alu/u_mul/u_mul/GEN_WALLACE.u_mul/l2[4]_50[22]
    SLICE_X31Y5          LUT5 (Prop_lut5_I3_O)        0.170    12.468 r  GEN_BRAM.u_core/alu/u_mul/u_mul/GEN_WALLACE.u_mul/result[28]_INST_0_i_219/O
                         net (fo=2, routed)           0.412    12.881    GEN_BRAM.u_core/alu/u_mul/u_mul/GEN_WALLACE.u_mul/l3[2]_3[22]
    SLICE_X28Y5          LUT5 (Prop_lut5_I4_O)        0.053    12.934 r  GEN_BRAM.u_core/alu/u_mul/u_mul/GEN_WALLACE.u_mul/result[24]_INST_0_i_63/O
                         net (fo=3, routed)           0.822    13.756    GEN_BRAM.u_core/alu/u_mul/u_mul/GEN_WALLACE.u_mul/l4[0]_5[22]
    SLICE_X23Y5          LUT5 (Prop_lut5_I2_O)        0.063    13.819 r  GEN_BRAM.u_core/alu/u_mul/u_mul/GEN_WALLACE.u_mul/result[24]_INST_0_i_35/O
                         net (fo=3, routed)           0.519    14.338    GEN_BRAM.u_core/alu/u_mul/u_mul/GEN_WALLACE.u_mul/l6[0]_23[22]
    SLICE_X23Y7          LUT3 (Prop_lut3_I0_O)        0.170    14.508 r  GEN_BRAM.u_core/alu/u_mul/u_mul/GEN_WALLACE.u_mul/result[24]_INST_0_i_25/O
                         net (fo=2, routed)           0.937    15.445    GEN_BRAM.u_core/alu/u_mul/u_mul/GEN_WALLACE.u_mul/l7[1]_25[23]
    SLICE_X26Y7          LUT2 (Prop_lut2_I0_O)        0.065    15.510 r  GEN_BRAM.u_core/alu/u_mul/u_mul/GEN_WALLACE.u_mul/result[24]_INST_0_i_5/O
                         net (fo=1, routed)           0.422    15.932    GEN_BRAM.u_core/alu/u_mul/u_mul/GEN_WALLACE.u_mul/final_a[23]
    SLICE_X25Y7          CARRY4 (Prop_carry4_DI[2]_CO[3])
                                                      0.354    16.286 r  GEN_BRAM.u_core/alu/u_mul/u_mul/GEN_WALLACE.u_mul/result[24]_INST_0_i_1/CO[3]
                         net (fo=1, routed)           0.000    16.286    GEN_BRAM.u_core/alu/u_mul/u_mul/GEN_WALLACE.u_mul/result[24]_INST_0_i_1_n_0
    SLICE_X25Y8          CARRY4 (Prop_carry4_CI_O[2])
                                                      0.136    16.422 f  GEN_BRAM.u_core/alu/u_mul/u_mul/GEN_WALLACE.u_mul/result[28]_INST_0_i_1/O[2]
                         net (fo=2, routed)           0.464    16.886    GEN_BRAM.u_core/alu/u_mul/u_mul/GEN_WALLACE.u_mul/unsigned_product[27]
    SLICE_X24Y8          LUT1 (Prop_lut1_I0_O)        0.152    17.038 r  GEN_BRAM.u_core/alu/u_mul/u_mul/GEN_WALLACE.u_mul/result[0]_INST_0_i_9/O
                         net (fo=1, routed)           0.000    17.038    GEN_BRAM.u_core/alu/u_mul/u_mul/GEN_WALLACE.u_mul/p_0_in[27]
    SLICE_X24Y8          CARRY4 (Prop_carry4_S[2]_CO[3])
                                                      0.235    17.273 r  GEN_BRAM.u_core/alu/u_mul/u_mul/GEN_WALLACE.u_mul/result[0]_INST_0_i_2/CO[3]
                         net (fo=1, routed)           0.000    17.273    GEN_BRAM.u_core/alu/u_mul/u_mul/GEN_WALLACE.u_mul/result[0]_INST_0_i_2_n_0
    SLICE_X24Y9          CARRY4 (Prop_carry4_CI_CO[3])
                                                      0.058    17.331 r  GEN_BRAM.u_core/alu/u_mul/u_mul/GEN_WALLACE.u_mul/result[0]_INST_0_i_1/CO[3]
                         net (fo=1, routed)           0.000    17.331    GEN_BRAM.u_core/alu/u_mul/u_mul/GEN_WALLACE.u_mul/result[0]_INST_0_i_1_n_0
    SLICE_X24Y10         CARRY4 (Prop_carry4_CI_O[0])
                                                      0.139    17.470 f  GEN_BRAM.u_core/alu/u_mul/u_mul/GEN_WALLACE.u_mul/result[4]_INST_0_i_3/O[0]
                         net (fo=1, routed)           0.369    17.839    GEN_BRAM.u_core/alu/u_mul/u_mul/GEN_WALLACE.u_mul/signed_product0[33]
    SLICE_X22Y10         LUT5 (Prop_lut5_I4_O)        0.155    17.994 f  GEN_BRAM.u_core/alu/u_mul/u_mul/GEN_WALLACE.u_mul/result[1]_INST_0/O
                         net (fo=2, routed)           1.087    19.081    GEN_BRAM.u_core/reg_file/result[0]
    SLICE_X8Y27          LUT6 (Prop_lut6_I2_O)        0.053    19.134 f  GEN_BRAM.u_core/reg_file/debug_alu_out_OBUF[1]_inst_i_2/O
                         net (fo=2, routed)           0.000    19.134    GEN_BRAM.u_core/alu_mux_b/load_addr_hold_reg[1]
    SLICE_X8Y27          MUXF7 (Prop_muxf7_I0_O)      0.121    19.255 f  GEN_BRAM.u_core/alu_mux_b/debug_alu_out_OBUF[1]_inst_i_1/O
                         net (fo=43, routed)          1.049    20.304    GEN_BRAM.u_core/alu_mux_b/D[0]
    SLICE_X8Y12          LUT4 (Prop_lut4_I2_O)        0.162    20.466 r  GEN_BRAM.u_core/alu_mux_b/registers_reg_r1_0_31_6_11_i_44/O
                         net (fo=1, routed)           0.566    21.032    GEN_BRAM.u_core/wb_mux/registers_reg_r1_0_31_6_11_i_14_2
    SLICE_X9Y25          LUT6 (Prop_lut6_I4_O)        0.168    21.200 r  GEN_BRAM.u_core/wb_mux/registers_reg_r1_0_31_6_11_i_29/O
                         net (fo=1, routed)           0.000    21.200    GEN_BRAM.u_core/wb_mux/registers_reg_r1_0_31_6_11_i_29_n_0
    SLICE_X9Y25          MUXF7 (Prop_muxf7_I0_O)      0.127    21.327 r  GEN_BRAM.u_core/wb_mux/registers_reg_r1_0_31_6_11_i_14/O
                         net (fo=1, routed)           0.779    22.106    GEN_BRAM.u_core/divider/wb_exec[8]
    SLICE_X7Y16          LUT6 (Prop_lut6_I5_O)        0.153    22.259 r  GEN_BRAM.u_core/divider/registers_reg_r1_0_31_6_11_i_4/O
                         net (fo=2, routed)           0.398    22.656    GEN_BRAM.u_core/reg_file/registers_reg_r1_0_31_6_11/DIB0
    SLICE_X10Y16         RAMD32                                       r  GEN_BRAM.u_core/reg_file/registers_reg_r1_0_31_6_11/RAMB/I
  -------------------------------------------------------------------    -------------------

                         (clock sys_clk rise edge)   30.000    30.000 r  
    AD23                                              0.000    30.000 r  clk (IN)
                         net (fo=0)                   0.000    30.000    clk
    AD23                 IBUF (Prop_ibuf_I_O)         0.796    30.796 r  clk_IBUF_inst/O
                         net (fo=1, routed)           1.741    32.537    clk_IBUF
    BUFGCTRL_X0Y0        BUFG (Prop_bufg_I_O)         0.113    32.650 r  clk_IBUF_BUFG_inst/O
                         net (fo=350, routed)         1.538    34.188    GEN_BRAM.u_core/reg_file/registers_reg_r1_0_31_6_11/WCLK
    SLICE_X10Y16         RAMD32                                       r  GEN_BRAM.u_core/reg_file/registers_reg_r1_0_31_6_11/RAMB/CLK
                         clock pessimism              0.263    34.452    
                         clock uncertainty           -0.035    34.416    
    SLICE_X10Y16         RAMD32 (Setup_ramd32_CLK_I)
                                                     -0.129    34.287    GEN_BRAM.u_core/reg_file/registers_reg_r1_0_31_6_11/RAMB
  -------------------------------------------------------------------
                         required time                         34.287    
                         arrival time                         -22.656    
  -------------------------------------------------------------------
                         slack                                 11.631    

Slack (MET) :             11.639ns  (required time - arrival time)
  Source:                 GEN_BRAM.u_core/ir_reg[15]/C
                            (rising edge-triggered cell FDCE clocked by sys_clk  {rise@0.000ns fall@15.000ns period=30.000ns})
  Destination:            GEN_BRAM.u_core/dmem/mem_reg_1/DIADI[9]
                            (rising edge-triggered cell RAMB36E1 clocked by sys_clk  {rise@0.000ns fall@15.000ns period=30.000ns})
  Path Group:             sys_clk
  Path Type:              Setup (Max at Slow Process Corner)
  Requirement:            30.000ns  (sys_clk rise@30.000ns - sys_clk rise@0.000ns)
  Data Path Delay:        18.119ns  (logic 3.723ns (20.548%)  route 14.396ns (79.452%))
  Logic Levels:           25  (CARRY4=7 LUT1=1 LUT2=3 LUT3=2 LUT4=1 LUT5=3 LUT6=6 MUXF7=1 RAMD32=1)
  Clock Path Skew:        -0.002ns (DCD - SCD + CPR)
    Destination Clock Delay (DCD):    4.219ns = ( 34.219 - 30.000 ) 
    Source Clock Delay      (SCD):    4.478ns
    Clock Pessimism Removal (CPR):    0.256ns
  Clock Uncertainty:      0.035ns  ((TSJ^2 + TIJ^2)^1/2 + DJ) / 2 + PE
    Total System Jitter     (TSJ):    0.071ns
    Total Input Jitter      (TIJ):    0.000ns
    Discrete Jitter          (DJ):    0.000ns
    Phase Error              (PE):    0.000ns

    Location             Delay type                Incr(ns)  Path(ns)    Netlist Resource(s)
  -------------------------------------------------------------------    -------------------
                         (clock sys_clk rise edge)    0.000     0.000 r  
    AD23                                              0.000     0.000 r  clk (IN)
                         net (fo=0)                   0.000     0.000    clk
    AD23                 IBUF (Prop_ibuf_I_O)         0.873     0.873 r  clk_IBUF_inst/O
                         net (fo=1, routed)           1.830     2.703    clk_IBUF
    BUFGCTRL_X0Y0        BUFG (Prop_bufg_I_O)         0.120     2.823 r  clk_IBUF_BUFG_inst/O
                         net (fo=350, routed)         1.655     4.478    GEN_BRAM.u_core/clk_IBUF_BUFG
    SLICE_X10Y10         FDCE                                         r  GEN_BRAM.u_core/ir_reg[15]/C
  -------------------------------------------------------------------    -------------------
    SLICE_X10Y10         FDCE (Prop_fdce_C_Q)         0.308     4.786 r  GEN_BRAM.u_core/ir_reg[15]/Q
                         net (fo=97, routed)          1.051     5.836    GEN_BRAM.u_core/reg_file/registers_reg_r1_0_31_0_5/ADDRA0
    SLICE_X8Y14          RAMD32 (Prop_ramd32_RADR0_O)
                                                      0.066     5.902 f  GEN_BRAM.u_core/reg_file/registers_reg_r1_0_31_0_5/RAMA/O
                         net (fo=10, routed)          1.056     6.959    GEN_BRAM.u_core/alu_mux_a/dataR10[0]
    SLICE_X14Y25         LUT4 (Prop_lut4_I1_O)        0.168     7.127 r  GEN_BRAM.u_core/alu_mux_a/u_adder_i_32/O
                         net (fo=119, routed)         0.554     7.681    GEN_BRAM.u_core/alu/u_mul/u_mul/GEN_WALLACE.u_mul/result[2]_INST_0_i_7_n_0
    SLICE_X15Y17         CARRY4 (Prop_carry4_CYINIT_CO[3])
                                                      0.346     8.027 r  GEN_BRAM.u_core/alu/u_mul/u_mul/GEN_WALLACE.u_mul/result[2]_INST_0_i_6/CO[3]
                         net (fo=1, routed)           0.000     8.027    GEN_BRAM.u_core/alu/u_mul/u_mul/GEN_WALLACE.u_mul/result[2]_INST_0_i_6_n_0
    SLICE_X15Y18         CARRY4 (Prop_carry4_CI_CO[3])
                                                      0.058     8.085 r  GEN_BRAM.u_core/alu/u_mul/u_mul/GEN_WALLACE.u_mul/result[8]_INST_0_i_117/CO[3]
                         net (fo=1, routed)           0.000     8.085    GEN_BRAM.u_core/alu/u_mul/u_mul/GEN_WALLACE.u_mul/result[8]_INST_0_i_117_n_0
    SLICE_X15Y19         CARRY4 (Prop_carry4_CI_O[3])
                                                      0.179     8.264 r  GEN_BRAM.u_core/alu/u_mul/u_mul/GEN_WALLACE.u_mul/result[12]_INST_0_i_87/O[3]
                         net (fo=3, routed)           0.564     8.828    GEN_BRAM.u_core/alu/u_mul/u_mul/GEN_WALLACE.u_mul/mag_a0[12]
    SLICE_X19Y14         LUT6 (Prop_lut6_I0_O)        0.142     8.970 r  GEN_BRAM.u_core/alu/u_mul/u_mul/GEN_WALLACE.u_mul/result[16]_INST_0_i_211/O
                         net (fo=64, routed)          2.065    11.035    GEN_BRAM.u_core/alu/u_mul/u_mul/GEN_WALLACE.u_mul/mag_a[12]
    SLICE_X35Y5          LUT6 (Prop_lut6_I0_O)        0.053    11.088 r  GEN_BRAM.u_core/alu/u_mul/u_mul/GEN_WALLACE.u_mul/result[28]_INST_0_i_252/O
                         net (fo=2, routed)           0.456    11.543    GEN_BRAM.u_core/alu/u_mul/u_mul/GEN_WALLACE.u_mul/l1[7]_33[22]
    SLICE_X35Y5          LUT3 (Prop_lut3_I0_O)        0.063    11.606 r  GEN_BRAM.u_core/alu/u_mul/u_mul/GEN_WALLACE.u_mul/result[28]_INST_0_i_191/O
                         net (fo=2, routed)           0.692    12.298    GEN_BRAM.u_core/alu/u_mul/u_mul/GEN_WALLACE.u_mul/l2[4]_50[22]
    SLICE_X31Y5          LUT5 (Prop_lut5_I3_O)        0.170    12.468 r  GEN_BRAM.u_core/alu/u_mul/u_mul/GEN_WALLACE.u_mul/result[28]_INST_0_i_219/O
                         net (fo=2, routed)           0.412    12.881    GEN_BRAM.u_core/alu/u_mul/u_mul/GEN_WALLACE.u_mul/l3[2]_3[22]
    SLICE_X28Y5          LUT5 (Prop_lut5_I4_O)        0.053    12.934 r  GEN_BRAM.u_core/alu/u_mul/u_mul/GEN_WALLACE.u_mul/result[24]_INST_0_i_63/O
                         net (fo=3, routed)           0.822    13.756    GEN_BRAM.u_core/alu/u_mul/u_mul/GEN_WALLACE.u_mul/l4[0]_5[22]
    SLICE_X23Y5          LUT5 (Prop_lut5_I2_O)        0.063    13.819 r  GEN_BRAM.u_core/alu/u_mul/u_mul/GEN_WALLACE.u_mul/result[24]_INST_0_i_35/O
                         net (fo=3, routed)           0.519    14.338    GEN_BRAM.u_core/alu/u_mul/u_mul/GEN_WALLACE.u_mul/l6[0]_23[22]
    SLICE_X23Y7          LUT3 (Prop_lut3_I0_O)        0.170    14.508 r  GEN_BRAM.u_core/alu/u_mul/u_mul/GEN_WALLACE.u_mul/result[24]_INST_0_i_25/O
                         net (fo=2, routed)           0.937    15.445    GEN_BRAM.u_core/alu/u_mul/u_mul/GEN_WALLACE.u_mul/l7[1]_25[23]
    SLICE_X26Y7          LUT2 (Prop_lut2_I0_O)        0.065    15.510 r  GEN_BRAM.u_core/alu/u_mul/u_mul/GEN_WALLACE.u_mul/result[24]_INST_0_i_5/O
                         net (fo=1, routed)           0.422    15.932    GEN_BRAM.u_core/alu/u_mul/u_mul/GEN_WALLACE.u_mul/final_a[23]
    SLICE_X25Y7          CARRY4 (Prop_carry4_DI[2]_CO[3])
                                                      0.354    16.286 r  GEN_BRAM.u_core/alu/u_mul/u_mul/GEN_WALLACE.u_mul/result[24]_INST_0_i_1/CO[3]
                         net (fo=1, routed)           0.000    16.286    GEN_BRAM.u_core/alu/u_mul/u_mul/GEN_WALLACE.u_mul/result[24]_INST_0_i_1_n_0
    SLICE_X25Y8          CARRY4 (Prop_carry4_CI_O[2])
                                                      0.136    16.422 f  GEN_BRAM.u_core/alu/u_mul/u_mul/GEN_WALLACE.u_mul/result[28]_INST_0_i_1/O[2]
                         net (fo=2, routed)           0.464    16.886    GEN_BRAM.u_core/alu/u_mul/u_mul/GEN_WALLACE.u_mul/unsigned_product[27]
    SLICE_X24Y8          LUT1 (Prop_lut1_I0_O)        0.152    17.038 r  GEN_BRAM.u_core/alu/u_mul/u_mul/GEN_WALLACE.u_mul/result[0]_INST_0_i_9/O
                         net (fo=1, routed)           0.000    17.038    GEN_BRAM.u_core/alu/u_mul/u_mul/GEN_WALLACE.u_mul/p_0_in[27]
    SLICE_X24Y8          CARRY4 (Prop_carry4_S[2]_CO[3])
                                                      0.235    17.273 r  GEN_BRAM.u_core/alu/u_mul/u_mul/GEN_WALLACE.u_mul/result[0]_INST_0_i_2/CO[3]
                         net (fo=1, routed)           0.000    17.273    GEN_BRAM.u_core/alu/u_mul/u_mul/GEN_WALLACE.u_mul/result[0]_INST_0_i_2_n_0
    SLICE_X24Y9          CARRY4 (Prop_carry4_CI_O[3])
                                                      0.179    17.452 r  GEN_BRAM.u_core/alu/u_mul/u_mul/GEN_WALLACE.u_mul/result[0]_INST_0_i_1/O[3]
                         net (fo=1, routed)           0.383    17.834    GEN_BRAM.u_core/alu/u_mul/u_mul/GEN_WALLACE.u_mul/signed_product0[32]
    SLICE_X22Y10         LUT6 (Prop_lut6_I5_O)        0.142    17.976 r  GEN_BRAM.u_core/alu/u_mul/u_mul/GEN_WALLACE.u_mul/result[0]_INST_0/O
                         net (fo=1, routed)           0.730    18.707    GEN_BRAM.u_core/alu/mul_result[0]
    SLICE_X21Y24         LUT6 (Prop_lut6_I0_O)        0.053    18.760 r  GEN_BRAM.u_core/alu/debug_alu_out_OBUF[0]_inst_i_11/O
                         net (fo=1, routed)           0.000    18.760    GEN_BRAM.u_core/alu/debug_alu_out_OBUF[0]_inst_i_11_n_0
    SLICE_X21Y24         MUXF7 (Prop_muxf7_I1_O)      0.129    18.889 r  GEN_BRAM.u_core/alu/debug_alu_out_OBUF[0]_inst_i_4/O
                         net (fo=1, routed)           0.384    19.272    GEN_BRAM.u_core/alu/debug_alu_out_OBUF[0]_inst_i_4_n_0
    SLICE_X16Y25         LUT6 (Prop_lut6_I5_O)        0.153    19.425 r  GEN_BRAM.u_core/alu/debug_alu_out_OBUF[0]_inst_i_1/O
                         net (fo=11, routed)          0.910    20.335    GEN_BRAM.u_core/alu/D[0]
    SLICE_X11Y12         LUT2 (Prop_lut2_I1_O)        0.053    20.388 f  GEN_BRAM.u_core/alu/mem_reg_0_i_37/O
                         net (fo=26, routed)          0.916    21.304    GEN_BRAM.u_core/alu_mux_b/mem_reg_1_0
    SLICE_X14Y16         LUT2 (Prop_lut2_I1_O)        0.065    21.369 r  GEN_BRAM.u_core/alu_mux_b/mem_reg_1_i_21/O
                         net (fo=8, routed)           0.472    21.841    GEN_BRAM.u_core/reg_file/mem_reg_1_3
    SLICE_X17Y17         LUT6 (Prop_lut6_I2_O)        0.168    22.009 r  GEN_BRAM.u_core/reg_file/mem_reg_1_i_7/O
                         net (fo=1, routed)           0.587    22.596    GEN_BRAM.u_core/dmem/wdata[25]
    RAMB36_X0Y3          RAMB36E1                                     r  GEN_BRAM.u_core/dmem/mem_reg_1/DIADI[9]
  -------------------------------------------------------------------    -------------------

                         (clock sys_clk rise edge)   30.000    30.000 r  
    AD23                                              0.000    30.000 r  clk (IN)
                         net (fo=0)                   0.000    30.000    clk
    AD23                 IBUF (Prop_ibuf_I_O)         0.796    30.796 r  clk_IBUF_inst/O
                         net (fo=1, routed)           1.741    32.537    clk_IBUF
    BUFGCTRL_X0Y0        BUFG (Prop_bufg_I_O)         0.113    32.650 r  clk_IBUF_BUFG_inst/O
                         net (fo=350, routed)         1.569    34.219    GEN_BRAM.u_core/dmem/clk_IBUF_BUFG
    RAMB36_X0Y3          RAMB36E1                                     r  GEN_BRAM.u_core/dmem/mem_reg_1/CLKARDCLK
                         clock pessimism              0.256    34.475    
                         clock uncertainty           -0.035    34.440    
    RAMB36_X0Y3          RAMB36E1 (Setup_ramb36e1_CLKARDCLK_DIADI[9])
                                                     -0.204    34.236    GEN_BRAM.u_core/dmem/mem_reg_1
  -------------------------------------------------------------------
                         required time                         34.236    
                         arrival time                         -22.596    
  -------------------------------------------------------------------
                         slack                                 11.639    

Slack (MET) :             11.685ns  (required time - arrival time)
  Source:                 GEN_BRAM.u_core/ir_reg[15]/C
                            (rising edge-triggered cell FDCE clocked by sys_clk  {rise@0.000ns fall@15.000ns period=30.000ns})
  Destination:            GEN_BRAM.u_core/dmem/mem_reg_1/DIADI[12]
                            (rising edge-triggered cell RAMB36E1 clocked by sys_clk  {rise@0.000ns fall@15.000ns period=30.000ns})
  Path Group:             sys_clk
  Path Type:              Setup (Max at Slow Process Corner)
  Requirement:            30.000ns  (sys_clk rise@30.000ns - sys_clk rise@0.000ns)
  Data Path Delay:        18.073ns  (logic 3.723ns (20.600%)  route 14.350ns (79.400%))
  Logic Levels:           25  (CARRY4=7 LUT1=1 LUT2=3 LUT3=2 LUT4=1 LUT5=3 LUT6=6 MUXF7=1 RAMD32=1)
  Clock Path Skew:        -0.002ns (DCD - SCD + CPR)
    Destination Clock Delay (DCD):    4.219ns = ( 34.219 - 30.000 ) 
    Source Clock Delay      (SCD):    4.478ns
    Clock Pessimism Removal (CPR):    0.256ns
  Clock Uncertainty:      0.035ns  ((TSJ^2 + TIJ^2)^1/2 + DJ) / 2 + PE
    Total System Jitter     (TSJ):    0.071ns
    Total Input Jitter      (TIJ):    0.000ns
    Discrete Jitter          (DJ):    0.000ns
    Phase Error              (PE):    0.000ns

    Location             Delay type                Incr(ns)  Path(ns)    Netlist Resource(s)
  -------------------------------------------------------------------    -------------------
                         (clock sys_clk rise edge)    0.000     0.000 r  
    AD23                                              0.000     0.000 r  clk (IN)
                         net (fo=0)                   0.000     0.000    clk
    AD23                 IBUF (Prop_ibuf_I_O)         0.873     0.873 r  clk_IBUF_inst/O
                         net (fo=1, routed)           1.830     2.703    clk_IBUF
    BUFGCTRL_X0Y0        BUFG (Prop_bufg_I_O)         0.120     2.823 r  clk_IBUF_BUFG_inst/O
                         net (fo=350, routed)         1.655     4.478    GEN_BRAM.u_core/clk_IBUF_BUFG
    SLICE_X10Y10         FDCE                                         r  GEN_BRAM.u_core/ir_reg[15]/C
  -------------------------------------------------------------------    -------------------
    SLICE_X10Y10         FDCE (Prop_fdce_C_Q)         0.308     4.786 r  GEN_BRAM.u_core/ir_reg[15]/Q
                         net (fo=97, routed)          1.051     5.836    GEN_BRAM.u_core/reg_file/registers_reg_r1_0_31_0_5/ADDRA0
    SLICE_X8Y14          RAMD32 (Prop_ramd32_RADR0_O)
                                                      0.066     5.902 f  GEN_BRAM.u_core/reg_file/registers_reg_r1_0_31_0_5/RAMA/O
                         net (fo=10, routed)          1.056     6.959    GEN_BRAM.u_core/alu_mux_a/dataR10[0]
    SLICE_X14Y25         LUT4 (Prop_lut4_I1_O)        0.168     7.127 r  GEN_BRAM.u_core/alu_mux_a/u_adder_i_32/O
                         net (fo=119, routed)         0.554     7.681    GEN_BRAM.u_core/alu/u_mul/u_mul/GEN_WALLACE.u_mul/result[2]_INST_0_i_7_n_0
    SLICE_X15Y17         CARRY4 (Prop_carry4_CYINIT_CO[3])
                                                      0.346     8.027 r  GEN_BRAM.u_core/alu/u_mul/u_mul/GEN_WALLACE.u_mul/result[2]_INST_0_i_6/CO[3]
                         net (fo=1, routed)           0.000     8.027    GEN_BRAM.u_core/alu/u_mul/u_mul/GEN_WALLACE.u_mul/result[2]_INST_0_i_6_n_0
    SLICE_X15Y18         CARRY4 (Prop_carry4_CI_CO[3])
                                                      0.058     8.085 r  GEN_BRAM.u_core/alu/u_mul/u_mul/GEN_WALLACE.u_mul/result[8]_INST_0_i_117/CO[3]
                         net (fo=1, routed)           0.000     8.085    GEN_BRAM.u_core/alu/u_mul/u_mul/GEN_WALLACE.u_mul/result[8]_INST_0_i_117_n_0
    SLICE_X15Y19         CARRY4 (Prop_carry4_CI_O[3])
                                                      0.179     8.264 r  GEN_BRAM.u_core/alu/u_mul/u_mul/GEN_WALLACE.u_mul/result[12]_INST_0_i_87/O[3]
                         net (fo=3, routed)           0.564     8.828    GEN_BRAM.u_core/alu/u_mul/u_mul/GEN_WALLACE.u_mul/mag_a0[12]
    SLICE_X19Y14         LUT6 (Prop_lut6_I0_O)        0.142     8.970 r  GEN_BRAM.u_core/alu/u_mul/u_mul/GEN_WALLACE.u_mul/result[16]_INST_0_i_211/O
                         net (fo=64, routed)          2.065    11.035    GEN_BRAM.u_core/alu/u_mul/u_mul/GEN_WALLACE.u_mul/mag_a[12]
    SLICE_X35Y5          LUT6 (Prop_lut6_I0_O)        0.053    11.088 r  GEN_BRAM.u_core/alu/u_mul/u_mul/GEN_WALLACE.u_mul/result[28]_INST_0_i_252/O
                         net (fo=2, routed)           0.456    11.543    GEN_BRAM.u_core/alu/u_mul/u_mul/GEN_WALLACE.u_mul/l1[7]_33[22]
    SLICE_X35Y5          LUT3 (Prop_lut3_I0_O)        0.063    11.606 r  GEN_BRAM.u_core/alu/u_mul/u_mul/GEN_WALLACE.u_mul/result[28]_INST_0_i_191/O
                         net (fo=2, routed)           0.692    12.298    GEN_BRAM.u_core/alu/u_mul/u_mul/GEN_WALLACE.u_mul/l2[4]_50[22]
    SLICE_X31Y5          LUT5 (Prop_lut5_I3_O)        0.170    12.468 r  GEN_BRAM.u_core/alu/u_mul/u_mul/GEN_WALLACE.u_mul/result[28]_INST_0_i_219/O
                         net (fo=2, routed)           0.412    12.881    GEN_BRAM.u_core/alu/u_mul/u_mul/GEN_WALLACE.u_mul/l3[2]_3[22]
    SLICE_X28Y5          LUT5 (Prop_lut5_I4_O)        0.053    12.934 r  GEN_BRAM.u_core/alu/u_mul/u_mul/GEN_WALLACE.u_mul/result[24]_INST_0_i_63/O
                         net (fo=3, routed)           0.822    13.756    GEN_BRAM.u_core/alu/u_mul/u_mul/GEN_WALLACE.u_mul/l4[0]_5[22]
    SLICE_X23Y5          LUT5 (Prop_lut5_I2_O)        0.063    13.819 r  GEN_BRAM.u_core/alu/u_mul/u_mul/GEN_WALLACE.u_mul/result[24]_INST_0_i_35/O
                         net (fo=3, routed)           0.519    14.338    GEN_BRAM.u_core/alu/u_mul/u_mul/GEN_WALLACE.u_mul/l6[0]_23[22]
    SLICE_X23Y7          LUT3 (Prop_lut3_I0_O)        0.170    14.508 r  GEN_BRAM.u_core/alu/u_mul/u_mul/GEN_WALLACE.u_mul/result[24]_INST_0_i_25/O
                         net (fo=2, routed)           0.937    15.445    GEN_BRAM.u_core/alu/u_mul/u_mul/GEN_WALLACE.u_mul/l7[1]_25[23]
    SLICE_X26Y7          LUT2 (Prop_lut2_I0_O)        0.065    15.510 r  GEN_BRAM.u_core/alu/u_mul/u_mul/GEN_WALLACE.u_mul/result[24]_INST_0_i_5/O
                         net (fo=1, routed)           0.422    15.932    GEN_BRAM.u_core/alu/u_mul/u_mul/GEN_WALLACE.u_mul/final_a[23]
    SLICE_X25Y7          CARRY4 (Prop_carry4_DI[2]_CO[3])
                                                      0.354    16.286 r  GEN_BRAM.u_core/alu/u_mul/u_mul/GEN_WALLACE.u_mul/result[24]_INST_0_i_1/CO[3]
                         net (fo=1, routed)           0.000    16.286    GEN_BRAM.u_core/alu/u_mul/u_mul/GEN_WALLACE.u_mul/result[24]_INST_0_i_1_n_0
    SLICE_X25Y8          CARRY4 (Prop_carry4_CI_O[2])
                                                      0.136    16.422 f  GEN_BRAM.u_core/alu/u_mul/u_mul/GEN_WALLACE.u_mul/result[28]_INST_0_i_1/O[2]
                         net (fo=2, routed)           0.464    16.886    GEN_BRAM.u_core/alu/u_mul/u_mul/GEN_WALLACE.u_mul/unsigned_product[27]
    SLICE_X24Y8          LUT1 (Prop_lut1_I0_O)        0.152    17.038 r  GEN_BRAM.u_core/alu/u_mul/u_mul/GEN_WALLACE.u_mul/result[0]_INST_0_i_9/O
                         net (fo=1, routed)           0.000    17.038    GEN_BRAM.u_core/alu/u_mul/u_mul/GEN_WALLACE.u_mul/p_0_in[27]
    SLICE_X24Y8          CARRY4 (Prop_carry4_S[2]_CO[3])
                                                      0.235    17.273 r  GEN_BRAM.u_core/alu/u_mul/u_mul/GEN_WALLACE.u_mul/result[0]_INST_0_i_2/CO[3]
                         net (fo=1, routed)           0.000    17.273    GEN_BRAM.u_core/alu/u_mul/u_mul/GEN_WALLACE.u_mul/result[0]_INST_0_i_2_n_0
    SLICE_X24Y9          CARRY4 (Prop_carry4_CI_O[3])
                                                      0.179    17.452 r  GEN_BRAM.u_core/alu/u_mul/u_mul/GEN_WALLACE.u_mul/result[0]_INST_0_i_1/O[3]
                         net (fo=1, routed)           0.383    17.834    GEN_BRAM.u_core/alu/u_mul/u_mul/GEN_WALLACE.u_mul/signed_product0[32]
    SLICE_X22Y10         LUT6 (Prop_lut6_I5_O)        0.142    17.976 r  GEN_BRAM.u_core/alu/u_mul/u_mul/GEN_WALLACE.u_mul/result[0]_INST_0/O
                         net (fo=1, routed)           0.730    18.707    GEN_BRAM.u_core/alu/mul_result[0]
    SLICE_X21Y24         LUT6 (Prop_lut6_I0_O)        0.053    18.760 r  GEN_BRAM.u_core/alu/debug_alu_out_OBUF[0]_inst_i_11/O
                         net (fo=1, routed)           0.000    18.760    GEN_BRAM.u_core/alu/debug_alu_out_OBUF[0]_inst_i_11_n_0
    SLICE_X21Y24         MUXF7 (Prop_muxf7_I1_O)      0.129    18.889 r  GEN_BRAM.u_core/alu/debug_alu_out_OBUF[0]_inst_i_4/O
                         net (fo=1, routed)           0.384    19.272    GEN_BRAM.u_core/alu/debug_alu_out_OBUF[0]_inst_i_4_n_0
    SLICE_X16Y25         LUT6 (Prop_lut6_I5_O)        0.153    19.425 r  GEN_BRAM.u_core/alu/debug_alu_out_OBUF[0]_inst_i_1/O
                         net (fo=11, routed)          0.910    20.335    GEN_BRAM.u_core/alu/D[0]
    SLICE_X11Y12         LUT2 (Prop_lut2_I1_O)        0.053    20.388 f  GEN_BRAM.u_core/alu/mem_reg_0_i_37/O
                         net (fo=26, routed)          0.916    21.304    GEN_BRAM.u_core/alu_mux_b/mem_reg_1_0
    SLICE_X14Y16         LUT2 (Prop_lut2_I1_O)        0.065    21.369 r  GEN_BRAM.u_core/alu_mux_b/mem_reg_1_i_21/O
                         net (fo=8, routed)           0.410    21.779    GEN_BRAM.u_core/reg_file/mem_reg_1_3
    SLICE_X16Y16         LUT6 (Prop_lut6_I2_O)        0.168    21.947 r  GEN_BRAM.u_core/reg_file/mem_reg_1_i_4/O
                         net (fo=1, routed)           0.604    22.551    GEN_BRAM.u_core/dmem/wdata[28]
    RAMB36_X0Y3          RAMB36E1                                     r  GEN_BRAM.u_core/dmem/mem_reg_1/DIADI[12]
  -------------------------------------------------------------------    -------------------

                         (clock sys_clk rise edge)   30.000    30.000 r  
    AD23                                              0.000    30.000 r  clk (IN)
                         net (fo=0)                   0.000    30.000    clk
    AD23                 IBUF (Prop_ibuf_I_O)         0.796    30.796 r  clk_IBUF_inst/O
                         net (fo=1, routed)           1.741    32.537    clk_IBUF
    BUFGCTRL_X0Y0        BUFG (Prop_bufg_I_O)         0.113    32.650 r  clk_IBUF_BUFG_inst/O
                         net (fo=350, routed)         1.569    34.219    GEN_BRAM.u_core/dmem/clk_IBUF_BUFG
    RAMB36_X0Y3          RAMB36E1                                     r  GEN_BRAM.u_core/dmem/mem_reg_1/CLKARDCLK
                         clock pessimism              0.256    34.475    
                         clock uncertainty           -0.035    34.440    
    RAMB36_X0Y3          RAMB36E1 (Setup_ramb36e1_CLKARDCLK_DIADI[12])
                                                     -0.204    34.236    GEN_BRAM.u_core/dmem/mem_reg_1
  -------------------------------------------------------------------
                         required time                         34.236    
                         arrival time                         -22.551    
  -------------------------------------------------------------------
                         slack                                 11.685    

Slack (MET) :             11.685ns  (required time - arrival time)
  Source:                 GEN_BRAM.u_core/ir_reg[15]/C
                            (rising edge-triggered cell FDCE clocked by sys_clk  {rise@0.000ns fall@15.000ns period=30.000ns})
  Destination:            GEN_BRAM.u_core/reg_file/registers_reg_r1_0_31_0_5/RAMA_D1/I
                            (rising edge-triggered cell RAMD32 clocked by sys_clk  {rise@0.000ns fall@15.000ns period=30.000ns})
  Path Group:             sys_clk
  Path Type:              Setup (Max at Slow Process Corner)
  Requirement:            30.000ns  (sys_clk rise@30.000ns - sys_clk rise@0.000ns)
  Data Path Delay:        18.081ns  (logic 3.649ns (20.181%)  route 14.432ns (79.819%))
  Logic Levels:           26  (CARRY4=7 LUT1=1 LUT2=2 LUT3=2 LUT4=1 LUT5=4 LUT6=7 MUXF7=1 RAMD32=1)
  Clock Path Skew:        -0.032ns (DCD - SCD + CPR)
    Destination Clock Delay (DCD):    4.189ns = ( 34.189 - 30.000 ) 
    Source Clock Delay      (SCD):    4.478ns
    Clock Pessimism Removal (CPR):    0.256ns
  Clock Uncertainty:      0.035ns  ((TSJ^2 + TIJ^2)^1/2 + DJ) / 2 + PE
    Total System Jitter     (TSJ):    0.071ns
    Total Input Jitter      (TIJ):    0.000ns
    Discrete Jitter          (DJ):    0.000ns
    Phase Error              (PE):    0.000ns

    Location             Delay type                Incr(ns)  Path(ns)    Netlist Resource(s)
  -------------------------------------------------------------------    -------------------
                         (clock sys_clk rise edge)    0.000     0.000 r  
    AD23                                              0.000     0.000 r  clk (IN)
                         net (fo=0)                   0.000     0.000    clk
    AD23                 IBUF (Prop_ibuf_I_O)         0.873     0.873 r  clk_IBUF_inst/O
                         net (fo=1, routed)           1.830     2.703    clk_IBUF
    BUFGCTRL_X0Y0        BUFG (Prop_bufg_I_O)         0.120     2.823 r  clk_IBUF_BUFG_inst/O
                         net (fo=350, routed)         1.655     4.478    GEN_BRAM.u_core/clk_IBUF_BUFG
    SLICE_X10Y10         FDCE                                         r  GEN_BRAM.u_core/ir_reg[15]/C
  -------------------------------------------------------------------    -------------------
    SLICE_X10Y10         FDCE (Prop_fdce_C_Q)         0.308     4.786 r  GEN_BRAM.u_core/ir_reg[15]/Q
                         net (fo=97, routed)          1.051     5.836    GEN_BRAM.u_core/reg_file/registers_reg_r1_0_31_0_5/ADDRA0
    SLICE_X8Y14          RAMD32 (Prop_ramd32_RADR0_O)
                                                      0.066     5.902 f  GEN_BRAM.u_core/reg_file/registers_reg_r1_0_31_0_5/RAMA/O
                         net (fo=10, routed)          1.056     6.959    GEN_BRAM.u_core/alu_mux_a/dataR10[0]
    SLICE_X14Y25         LUT4 (Prop_lut4_I1_O)        0.168     7.127 r  GEN_BRAM.u_core/alu_mux_a/u_adder_i_32/O
                         net (fo=119, routed)         0.554     7.681    GEN_BRAM.u_core/alu/u_mul/u_mul/GEN_WALLACE.u_mul/result[2]_INST_0_i_7_n_0
    SLICE_X15Y17         CARRY4 (Prop_carry4_CYINIT_CO[3])
                                                      0.346     8.027 r  GEN_BRAM.u_core/alu/u_mul/u_mul/GEN_WALLACE.u_mul/result[2]_INST_0_i_6/CO[3]
                         net (fo=1, routed)           0.000     8.027    GEN_BRAM.u_core/alu/u_mul/u_mul/GEN_WALLACE.u_mul/result[2]_INST_0_i_6_n_0
    SLICE_X15Y18         CARRY4 (Prop_carry4_CI_CO[3])
                                                      0.058     8.085 r  GEN_BRAM.u_core/alu/u_mul/u_mul/GEN_WALLACE.u_mul/result[8]_INST_0_i_117/CO[3]
                         net (fo=1, routed)           0.000     8.085    GEN_BRAM.u_core/alu/u_mul/u_mul/GEN_WALLACE.u_mul/result[8]_INST_0_i_117_n_0
    SLICE_X15Y19         CARRY4 (Prop_carry4_CI_O[3])
                                                      0.179     8.264 r  GEN_BRAM.u_core/alu/u_mul/u_mul/GEN_WALLACE.u_mul/result[12]_INST_0_i_87/O[3]
                         net (fo=3, routed)           0.564     8.828    GEN_BRAM.u_core/alu/u_mul/u_mul/GEN_WALLACE.u_mul/mag_a0[12]
    SLICE_X19Y14         LUT6 (Prop_lut6_I0_O)        0.142     8.970 r  GEN_BRAM.u_core/alu/u_mul/u_mul/GEN_WALLACE.u_mul/result[16]_INST_0_i_211/O
                         net (fo=64, routed)          2.065    11.035    GEN_BRAM.u_core/alu/u_mul/u_mul/GEN_WALLACE.u_mul/mag_a[12]
    SLICE_X35Y5          LUT6 (Prop_lut6_I0_O)        0.053    11.088 r  GEN_BRAM.u_core/alu/u_mul/u_mul/GEN_WALLACE.u_mul/result[28]_INST_0_i_252/O
                         net (fo=2, routed)           0.456    11.543    GEN_BRAM.u_core/alu/u_mul/u_mul/GEN_WALLACE.u_mul/l1[7]_33[22]
    SLICE_X35Y5          LUT3 (Prop_lut3_I0_O)        0.063    11.606 r  GEN_BRAM.u_core/alu/u_mul/u_mul/GEN_WALLACE.u_mul/result[28]_INST_0_i_191/O
                         net (fo=2, routed)           0.692    12.298    GEN_BRAM.u_core/alu/u_mul/u_mul/GEN_WALLACE.u_mul/l2[4]_50[22]
    SLICE_X31Y5          LUT5 (Prop_lut5_I3_O)        0.170    12.468 r  GEN_BRAM.u_core/alu/u_mul/u_mul/GEN_WALLACE.u_mul/result[28]_INST_0_i_219/O
                         net (fo=2, routed)           0.412    12.881    GEN_BRAM.u_core/alu/u_mul/u_mul/GEN_WALLACE.u_mul/l3[2]_3[22]
    SLICE_X28Y5          LUT5 (Prop_lut5_I4_O)        0.053    12.934 r  GEN_BRAM.u_core/alu/u_mul/u_mul/GEN_WALLACE.u_mul/result[24]_INST_0_i_63/O
                         net (fo=3, routed)           0.822    13.756    GEN_BRAM.u_core/alu/u_mul/u_mul/GEN_WALLACE.u_mul/l4[0]_5[22]
    SLICE_X23Y5          LUT5 (Prop_lut5_I2_O)        0.063    13.819 r  GEN_BRAM.u_core/alu/u_mul/u_mul/GEN_WALLACE.u_mul/result[24]_INST_0_i_35/O
                         net (fo=3, routed)           0.519    14.338    GEN_BRAM.u_core/alu/u_mul/u_mul/GEN_WALLACE.u_mul/l6[0]_23[22]
    SLICE_X23Y7          LUT3 (Prop_lut3_I0_O)        0.170    14.508 r  GEN_BRAM.u_core/alu/u_mul/u_mul/GEN_WALLACE.u_mul/result[24]_INST_0_i_25/O
                         net (fo=2, routed)           0.937    15.445    GEN_BRAM.u_core/alu/u_mul/u_mul/GEN_WALLACE.u_mul/l7[1]_25[23]
    SLICE_X26Y7          LUT2 (Prop_lut2_I0_O)        0.065    15.510 r  GEN_BRAM.u_core/alu/u_mul/u_mul/GEN_WALLACE.u_mul/result[24]_INST_0_i_5/O
                         net (fo=1, routed)           0.422    15.932    GEN_BRAM.u_core/alu/u_mul/u_mul/GEN_WALLACE.u_mul/final_a[23]
    SLICE_X25Y7          CARRY4 (Prop_carry4_DI[2]_CO[3])
                                                      0.354    16.286 r  GEN_BRAM.u_core/alu/u_mul/u_mul/GEN_WALLACE.u_mul/result[24]_INST_0_i_1/CO[3]
                         net (fo=1, routed)           0.000    16.286    GEN_BRAM.u_core/alu/u_mul/u_mul/GEN_WALLACE.u_mul/result[24]_INST_0_i_1_n_0
    SLICE_X25Y8          CARRY4 (Prop_carry4_CI_O[2])
                                                      0.136    16.422 f  GEN_BRAM.u_core/alu/u_mul/u_mul/GEN_WALLACE.u_mul/result[28]_INST_0_i_1/O[2]
                         net (fo=2, routed)           0.464    16.886    GEN_BRAM.u_core/alu/u_mul/u_mul/GEN_WALLACE.u_mul/unsigned_product[27]
    SLICE_X24Y8          LUT1 (Prop_lut1_I0_O)        0.152    17.038 r  GEN_BRAM.u_core/alu/u_mul/u_mul/GEN_WALLACE.u_mul/result[0]_INST_0_i_9/O
                         net (fo=1, routed)           0.000    17.038    GEN_BRAM.u_core/alu/u_mul/u_mul/GEN_WALLACE.u_mul/p_0_in[27]
    SLICE_X24Y8          CARRY4 (Prop_carry4_S[2]_CO[3])
                                                      0.235    17.273 r  GEN_BRAM.u_core/alu/u_mul/u_mul/GEN_WALLACE.u_mul/result[0]_INST_0_i_2/CO[3]
                         net (fo=1, routed)           0.000    17.273    GEN_BRAM.u_core/alu/u_mul/u_mul/GEN_WALLACE.u_mul/result[0]_INST_0_i_2_n_0
    SLICE_X24Y9          CARRY4 (Prop_carry4_CI_O[3])
                                                      0.179    17.452 f  GEN_BRAM.u_core/alu/u_mul/u_mul/GEN_WALLACE.u_mul/result[0]_INST_0_i_1/O[3]
                         net (fo=1, routed)           0.383    17.834    GEN_BRAM.u_core/alu/u_mul/u_mul/GEN_WALLACE.u_mul/signed_product0[32]
    SLICE_X22Y10         LUT6 (Prop_lut6_I5_O)        0.142    17.976 f  GEN_BRAM.u_core/alu/u_mul/u_mul/GEN_WALLACE.u_mul/result[0]_INST_0/O
                         net (fo=1, routed)           0.730    18.707    GEN_BRAM.u_core/alu/mul_result[0]
    SLICE_X21Y24         LUT6 (Prop_lut6_I0_O)        0.053    18.760 f  GEN_BRAM.u_core/alu/debug_alu_out_OBUF[0]_inst_i_11/O
                         net (fo=1, routed)           0.000    18.760    GEN_BRAM.u_core/alu/debug_alu_out_OBUF[0]_inst_i_11_n_0
    SLICE_X21Y24         MUXF7 (Prop_muxf7_I1_O)      0.129    18.889 f  GEN_BRAM.u_core/alu/debug_alu_out_OBUF[0]_inst_i_4/O
                         net (fo=1, routed)           0.384    19.272    GEN_BRAM.u_core/alu/debug_alu_out_OBUF[0]_inst_i_4_n_0
    SLICE_X16Y25         LUT6 (Prop_lut6_I5_O)        0.153    19.425 f  GEN_BRAM.u_core/alu/debug_alu_out_OBUF[0]_inst_i_1/O
                         net (fo=11, routed)          0.910    20.335    GEN_BRAM.u_core/alu/D[0]
    SLICE_X11Y12         LUT2 (Prop_lut2_I1_O)        0.053    20.388 r  GEN_BRAM.u_core/alu/mem_reg_0_i_37/O
                         net (fo=26, routed)          0.737    21.125    GEN_BRAM.u_core/dmem/registers_reg_r1_0_31_6_11_i_10
    SLICE_X2Y19          LUT5 (Prop_lut5_I4_O)        0.053    21.178 r  GEN_BRAM.u_core/dmem/registers_reg_r1_0_31_0_5_i_27/O
                         net (fo=1, routed)           0.529    21.708    GEN_BRAM.u_core/wb_mux/registers_reg_r1_0_31_0_5_i_2_0
    SLICE_X1Y15          LUT6 (Prop_lut6_I5_O)        0.053    21.761 r  GEN_BRAM.u_core/wb_mux/registers_reg_r1_0_31_0_5_i_11/O
                         net (fo=1, routed)           0.302    22.063    GEN_BRAM.u_core/divider/wb_exec[1]
    SLICE_X1Y15          LUT6 (Prop_lut6_I5_O)        0.053    22.116 r  GEN_BRAM.u_core/divider/registers_reg_r1_0_31_0_5_i_2/O
                         net (fo=2, routed)           0.443    22.559    GEN_BRAM.u_core/reg_file/registers_reg_r1_0_31_0_5/DIA1
    SLICE_X8Y14          RAMD32                                       r  GEN_BRAM.u_core/reg_file/registers_reg_r1_0_31_0_5/RAMA_D1/I
  -------------------------------------------------------------------    -------------------

                         (clock sys_clk rise edge)   30.000    30.000 r  
    AD23                                              0.000    30.000 r  clk (IN)
                         net (fo=0)                   0.000    30.000    clk
    AD23                 IBUF (Prop_ibuf_I_O)         0.796    30.796 r  clk_IBUF_inst/O
                         net (fo=1, routed)           1.741    32.537    clk_IBUF
    BUFGCTRL_X0Y0        BUFG (Prop_bufg_I_O)         0.113    32.650 r  clk_IBUF_BUFG_inst/O
                         net (fo=350, routed)         1.539    34.189    GEN_BRAM.u_core/reg_file/registers_reg_r1_0_31_0_5/WCLK
    SLICE_X8Y14          RAMD32                                       r  GEN_BRAM.u_core/reg_file/registers_reg_r1_0_31_0_5/RAMA_D1/CLK
                         clock pessimism              0.256    34.446    
                         clock uncertainty           -0.035    34.410    
    SLICE_X8Y14          RAMD32 (Setup_ramd32_CLK_I)
                                                     -0.166    34.244    GEN_BRAM.u_core/reg_file/registers_reg_r1_0_31_0_5/RAMA_D1
  -------------------------------------------------------------------
                         required time                         34.244    
                         arrival time                         -22.559    
  -------------------------------------------------------------------
                         slack                                 11.685    

Slack (MET) :             11.703ns  (required time - arrival time)
  Source:                 GEN_BRAM.u_core/ir_reg[15]/C
                            (rising edge-triggered cell FDCE clocked by sys_clk  {rise@0.000ns fall@15.000ns period=30.000ns})
  Destination:            GEN_BRAM.u_core/dmem/mem_reg_1/DIADI[15]
                            (rising edge-triggered cell RAMB36E1 clocked by sys_clk  {rise@0.000ns fall@15.000ns period=30.000ns})
  Path Group:             sys_clk
  Path Type:              Setup (Max at Slow Process Corner)
  Requirement:            30.000ns  (sys_clk rise@30.000ns - sys_clk rise@0.000ns)
  Data Path Delay:        18.056ns  (logic 3.723ns (20.620%)  route 14.333ns (79.380%))
  Logic Levels:           25  (CARRY4=7 LUT1=1 LUT2=3 LUT3=2 LUT4=1 LUT5=3 LUT6=6 MUXF7=1 RAMD32=1)
  Clock Path Skew:        -0.002ns (DCD - SCD + CPR)
    Destination Clock Delay (DCD):    4.219ns = ( 34.219 - 30.000 ) 
    Source Clock Delay      (SCD):    4.478ns
    Clock Pessimism Removal (CPR):    0.256ns
  Clock Uncertainty:      0.035ns  ((TSJ^2 + TIJ^2)^1/2 + DJ) / 2 + PE
    Total System Jitter     (TSJ):    0.071ns
    Total Input Jitter      (TIJ):    0.000ns
    Discrete Jitter          (DJ):    0.000ns
    Phase Error              (PE):    0.000ns

    Location             Delay type                Incr(ns)  Path(ns)    Netlist Resource(s)
  -------------------------------------------------------------------    -------------------
                         (clock sys_clk rise edge)    0.000     0.000 r  
    AD23                                              0.000     0.000 r  clk (IN)
                         net (fo=0)                   0.000     0.000    clk
    AD23                 IBUF (Prop_ibuf_I_O)         0.873     0.873 r  clk_IBUF_inst/O
                         net (fo=1, routed)           1.830     2.703    clk_IBUF
    BUFGCTRL_X0Y0        BUFG (Prop_bufg_I_O)         0.120     2.823 r  clk_IBUF_BUFG_inst/O
                         net (fo=350, routed)         1.655     4.478    GEN_BRAM.u_core/clk_IBUF_BUFG
    SLICE_X10Y10         FDCE                                         r  GEN_BRAM.u_core/ir_reg[15]/C
  -------------------------------------------------------------------    -------------------
    SLICE_X10Y10         FDCE (Prop_fdce_C_Q)         0.308     4.786 r  GEN_BRAM.u_core/ir_reg[15]/Q
                         net (fo=97, routed)          1.051     5.836    GEN_BRAM.u_core/reg_file/registers_reg_r1_0_31_0_5/ADDRA0
    SLICE_X8Y14          RAMD32 (Prop_ramd32_RADR0_O)
                                                      0.066     5.902 f  GEN_BRAM.u_core/reg_file/registers_reg_r1_0_31_0_5/RAMA/O
                         net (fo=10, routed)          1.056     6.959    GEN_BRAM.u_core/alu_mux_a/dataR10[0]
    SLICE_X14Y25         LUT4 (Prop_lut4_I1_O)        0.168     7.127 r  GEN_BRAM.u_core/alu_mux_a/u_adder_i_32/O
                         net (fo=119, routed)         0.554     7.681    GEN_BRAM.u_core/alu/u_mul/u_mul/GEN_WALLACE.u_mul/result[2]_INST_0_i_7_n_0
    SLICE_X15Y17         CARRY4 (Prop_carry4_CYINIT_CO[3])
                                                      0.346     8.027 r  GEN_BRAM.u_core/alu/u_mul/u_mul/GEN_WALLACE.u_mul/result[2]_INST_0_i_6/CO[3]
                         net (fo=1, routed)           0.000     8.027    GEN_BRAM.u_core/alu/u_mul/u_mul/GEN_WALLACE.u_mul/result[2]_INST_0_i_6_n_0
    SLICE_X15Y18         CARRY4 (Prop_carry4_CI_CO[3])
                                                      0.058     8.085 r  GEN_BRAM.u_core/alu/u_mul/u_mul/GEN_WALLACE.u_mul/result[8]_INST_0_i_117/CO[3]
                         net (fo=1, routed)           0.000     8.085    GEN_BRAM.u_core/alu/u_mul/u_mul/GEN_WALLACE.u_mul/result[8]_INST_0_i_117_n_0
    SLICE_X15Y19         CARRY4 (Prop_carry4_CI_O[3])
                                                      0.179     8.264 r  GEN_BRAM.u_core/alu/u_mul/u_mul/GEN_WALLACE.u_mul/result[12]_INST_0_i_87/O[3]
                         net (fo=3, routed)           0.564     8.828    GEN_BRAM.u_core/alu/u_mul/u_mul/GEN_WALLACE.u_mul/mag_a0[12]
    SLICE_X19Y14         LUT6 (Prop_lut6_I0_O)        0.142     8.970 r  GEN_BRAM.u_core/alu/u_mul/u_mul/GEN_WALLACE.u_mul/result[16]_INST_0_i_211/O
                         net (fo=64, routed)          2.065    11.035    GEN_BRAM.u_core/alu/u_mul/u_mul/GEN_WALLACE.u_mul/mag_a[12]
    SLICE_X35Y5          LUT6 (Prop_lut6_I0_O)        0.053    11.088 r  GEN_BRAM.u_core/alu/u_mul/u_mul/GEN_WALLACE.u_mul/result[28]_INST_0_i_252/O
                         net (fo=2, routed)           0.456    11.543    GEN_BRAM.u_core/alu/u_mul/u_mul/GEN_WALLACE.u_mul/l1[7]_33[22]
    SLICE_X35Y5          LUT3 (Prop_lut3_I0_O)        0.063    11.606 r  GEN_BRAM.u_core/alu/u_mul/u_mul/GEN_WALLACE.u_mul/result[28]_INST_0_i_191/O
                         net (fo=2, routed)           0.692    12.298    GEN_BRAM.u_core/alu/u_mul/u_mul/GEN_WALLACE.u_mul/l2[4]_50[22]
    SLICE_X31Y5          LUT5 (Prop_lut5_I3_O)        0.170    12.468 r  GEN_BRAM.u_core/alu/u_mul/u_mul/GEN_WALLACE.u_mul/result[28]_INST_0_i_219/O
                         net (fo=2, routed)           0.412    12.881    GEN_BRAM.u_core/alu/u_mul/u_mul/GEN_WALLACE.u_mul/l3[2]_3[22]
    SLICE_X28Y5          LUT5 (Prop_lut5_I4_O)        0.053    12.934 r  GEN_BRAM.u_core/alu/u_mul/u_mul/GEN_WALLACE.u_mul/result[24]_INST_0_i_63/O
                         net (fo=3, routed)           0.822    13.756    GEN_BRAM.u_core/alu/u_mul/u_mul/GEN_WALLACE.u_mul/l4[0]_5[22]
    SLICE_X23Y5          LUT5 (Prop_lut5_I2_O)        0.063    13.819 r  GEN_BRAM.u_core/alu/u_mul/u_mul/GEN_WALLACE.u_mul/result[24]_INST_0_i_35/O
                         net (fo=3, routed)           0.519    14.338    GEN_BRAM.u_core/alu/u_mul/u_mul/GEN_WALLACE.u_mul/l6[0]_23[22]
    SLICE_X23Y7          LUT3 (Prop_lut3_I0_O)        0.170    14.508 r  GEN_BRAM.u_core/alu/u_mul/u_mul/GEN_WALLACE.u_mul/result[24]_INST_0_i_25/O
                         net (fo=2, routed)           0.937    15.445    GEN_BRAM.u_core/alu/u_mul/u_mul/GEN_WALLACE.u_mul/l7[1]_25[23]
    SLICE_X26Y7          LUT2 (Prop_lut2_I0_O)        0.065    15.510 r  GEN_BRAM.u_core/alu/u_mul/u_mul/GEN_WALLACE.u_mul/result[24]_INST_0_i_5/O
                         net (fo=1, routed)           0.422    15.932    GEN_BRAM.u_core/alu/u_mul/u_mul/GEN_WALLACE.u_mul/final_a[23]
    SLICE_X25Y7          CARRY4 (Prop_carry4_DI[2]_CO[3])
                                                      0.354    16.286 r  GEN_BRAM.u_core/alu/u_mul/u_mul/GEN_WALLACE.u_mul/result[24]_INST_0_i_1/CO[3]
                         net (fo=1, routed)           0.000    16.286    GEN_BRAM.u_core/alu/u_mul/u_mul/GEN_WALLACE.u_mul/result[24]_INST_0_i_1_n_0
    SLICE_X25Y8          CARRY4 (Prop_carry4_CI_O[2])
                                                      0.136    16.422 f  GEN_BRAM.u_core/alu/u_mul/u_mul/GEN_WALLACE.u_mul/result[28]_INST_0_i_1/O[2]
                         net (fo=2, routed)           0.464    16.886    GEN_BRAM.u_core/alu/u_mul/u_mul/GEN_WALLACE.u_mul/unsigned_product[27]
    SLICE_X24Y8          LUT1 (Prop_lut1_I0_O)        0.152    17.038 r  GEN_BRAM.u_core/alu/u_mul/u_mul/GEN_WALLACE.u_mul/result[0]_INST_0_i_9/O
                         net (fo=1, routed)           0.000    17.038    GEN_BRAM.u_core/alu/u_mul/u_mul/GEN_WALLACE.u_mul/p_0_in[27]
    SLICE_X24Y8          CARRY4 (Prop_carry4_S[2]_CO[3])
                                                      0.235    17.273 r  GEN_BRAM.u_core/alu/u_mul/u_mul/GEN_WALLACE.u_mul/result[0]_INST_0_i_2/CO[3]
                         net (fo=1, routed)           0.000    17.273    GEN_BRAM.u_core/alu/u_mul/u_mul/GEN_WALLACE.u_mul/result[0]_INST_0_i_2_n_0
    SLICE_X24Y9          CARRY4 (Prop_carry4_CI_O[3])
                                                      0.179    17.452 r  GEN_BRAM.u_core/alu/u_mul/u_mul/GEN_WALLACE.u_mul/result[0]_INST_0_i_1/O[3]
                         net (fo=1, routed)           0.383    17.834    GEN_BRAM.u_core/alu/u_mul/u_mul/GEN_WALLACE.u_mul/signed_product0[32]
    SLICE_X22Y10         LUT6 (Prop_lut6_I5_O)        0.142    17.976 r  GEN_BRAM.u_core/alu/u_mul/u_mul/GEN_WALLACE.u_mul/result[0]_INST_0/O
                         net (fo=1, routed)           0.730    18.707    GEN_BRAM.u_core/alu/mul_result[0]
    SLICE_X21Y24         LUT6 (Prop_lut6_I0_O)        0.053    18.760 r  GEN_BRAM.u_core/alu/debug_alu_out_OBUF[0]_inst_i_11/O
                         net (fo=1, routed)           0.000    18.760    GEN_BRAM.u_core/alu/debug_alu_out_OBUF[0]_inst_i_11_n_0
    SLICE_X21Y24         MUXF7 (Prop_muxf7_I1_O)      0.129    18.889 r  GEN_BRAM.u_core/alu/debug_alu_out_OBUF[0]_inst_i_4/O
                         net (fo=1, routed)           0.384    19.272    GEN_BRAM.u_core/alu/debug_alu_out_OBUF[0]_inst_i_4_n_0
    SLICE_X16Y25         LUT6 (Prop_lut6_I5_O)        0.153    19.425 r  GEN_BRAM.u_core/alu/debug_alu_out_OBUF[0]_inst_i_1/O
                         net (fo=11, routed)          0.910    20.335    GEN_BRAM.u_core/alu/D[0]
    SLICE_X11Y12         LUT2 (Prop_lut2_I1_O)        0.053    20.388 f  GEN_BRAM.u_core/alu/mem_reg_0_i_37/O
                         net (fo=26, routed)          0.916    21.304    GEN_BRAM.u_core/alu_mux_b/mem_reg_1_0
    SLICE_X14Y16         LUT2 (Prop_lut2_I1_O)        0.065    21.369 r  GEN_BRAM.u_core/alu_mux_b/mem_reg_1_i_21/O
                         net (fo=8, routed)           0.400    21.769    GEN_BRAM.u_core/reg_file/mem_reg_1_3
    SLICE_X16Y18         LUT6 (Prop_lut6_I2_O)        0.168    21.937 r  GEN_BRAM.u_core/reg_file/mem_reg_1_i_1/O
                         net (fo=1, routed)           0.596    22.533    GEN_BRAM.u_core/dmem/wdata[31]
    RAMB36_X0Y3          RAMB36E1                                     r  GEN_BRAM.u_core/dmem/mem_reg_1/DIADI[15]
  -------------------------------------------------------------------    -------------------

                         (clock sys_clk rise edge)   30.000    30.000 r  
    AD23                                              0.000    30.000 r  clk (IN)
                         net (fo=0)                   0.000    30.000    clk
    AD23                 IBUF (Prop_ibuf_I_O)         0.796    30.796 r  clk_IBUF_inst/O
                         net (fo=1, routed)           1.741    32.537    clk_IBUF
    BUFGCTRL_X0Y0        BUFG (Prop_bufg_I_O)         0.113    32.650 r  clk_IBUF_BUFG_inst/O
                         net (fo=350, routed)         1.569    34.219    GEN_BRAM.u_core/dmem/clk_IBUF_BUFG
    RAMB36_X0Y3          RAMB36E1                                     r  GEN_BRAM.u_core/dmem/mem_reg_1/CLKARDCLK
                         clock pessimism              0.256    34.475    
                         clock uncertainty           -0.035    34.440    
    RAMB36_X0Y3          RAMB36E1 (Setup_ramb36e1_CLKARDCLK_DIADI[15])
                                                     -0.204    34.236    GEN_BRAM.u_core/dmem/mem_reg_1
  -------------------------------------------------------------------
                         required time                         34.236    
                         arrival time                         -22.533    
  -------------------------------------------------------------------
                         slack                                 11.703    

Slack (MET) :             11.746ns  (required time - arrival time)
  Source:                 GEN_BRAM.u_core/ir_reg[15]/C
                            (rising edge-triggered cell FDCE clocked by sys_clk  {rise@0.000ns fall@15.000ns period=30.000ns})
  Destination:            GEN_BRAM.u_core/reg_file/registers_reg_r1_0_31_0_5/RAMA/I
                            (rising edge-triggered cell RAMD32 clocked by sys_clk  {rise@0.000ns fall@15.000ns period=30.000ns})
  Path Group:             sys_clk
  Path Type:              Setup (Max at Slow Process Corner)
  Requirement:            30.000ns  (sys_clk rise@30.000ns - sys_clk rise@0.000ns)
  Data Path Delay:        18.073ns  (logic 3.649ns (20.190%)  route 14.424ns (79.810%))
  Logic Levels:           26  (CARRY4=7 LUT1=1 LUT2=2 LUT3=2 LUT4=1 LUT5=4 LUT6=7 MUXF7=1 RAMD32=1)
  Clock Path Skew:        -0.032ns (DCD - SCD + CPR)
    Destination Clock Delay (DCD):    4.189ns = ( 34.189 - 30.000 ) 
    Source Clock Delay      (SCD):    4.478ns
    Clock Pessimism Removal (CPR):    0.256ns
  Clock Uncertainty:      0.035ns  ((TSJ^2 + TIJ^2)^1/2 + DJ) / 2 + PE
    Total System Jitter     (TSJ):    0.071ns
    Total Input Jitter      (TIJ):    0.000ns
    Discrete Jitter          (DJ):    0.000ns
    Phase Error              (PE):    0.000ns

    Location             Delay type                Incr(ns)  Path(ns)    Netlist Resource(s)
  -------------------------------------------------------------------    -------------------
                         (clock sys_clk rise edge)    0.000     0.000 r  
    AD23                                              0.000     0.000 r  clk (IN)
                         net (fo=0)                   0.000     0.000    clk
    AD23                 IBUF (Prop_ibuf_I_O)         0.873     0.873 r  clk_IBUF_inst/O
                         net (fo=1, routed)           1.830     2.703    clk_IBUF
    BUFGCTRL_X0Y0        BUFG (Prop_bufg_I_O)         0.120     2.823 r  clk_IBUF_BUFG_inst/O
                         net (fo=350, routed)         1.655     4.478    GEN_BRAM.u_core/clk_IBUF_BUFG
    SLICE_X10Y10         FDCE                                         r  GEN_BRAM.u_core/ir_reg[15]/C
  -------------------------------------------------------------------    -------------------
    SLICE_X10Y10         FDCE (Prop_fdce_C_Q)         0.308     4.786 r  GEN_BRAM.u_core/ir_reg[15]/Q
                         net (fo=97, routed)          1.051     5.836    GEN_BRAM.u_core/reg_file/registers_reg_r1_0_31_0_5/ADDRA0
    SLICE_X8Y14          RAMD32 (Prop_ramd32_RADR0_O)
                                                      0.066     5.902 f  GEN_BRAM.u_core/reg_file/registers_reg_r1_0_31_0_5/RAMA/O
                         net (fo=10, routed)          1.056     6.959    GEN_BRAM.u_core/alu_mux_a/dataR10[0]
    SLICE_X14Y25         LUT4 (Prop_lut4_I1_O)        0.168     7.127 r  GEN_BRAM.u_core/alu_mux_a/u_adder_i_32/O
                         net (fo=119, routed)         0.554     7.681    GEN_BRAM.u_core/alu/u_mul/u_mul/GEN_WALLACE.u_mul/result[2]_INST_0_i_7_n_0
    SLICE_X15Y17         CARRY4 (Prop_carry4_CYINIT_CO[3])
                                                      0.346     8.027 r  GEN_BRAM.u_core/alu/u_mul/u_mul/GEN_WALLACE.u_mul/result[2]_INST_0_i_6/CO[3]
                         net (fo=1, routed)           0.000     8.027    GEN_BRAM.u_core/alu/u_mul/u_mul/GEN_WALLACE.u_mul/result[2]_INST_0_i_6_n_0
    SLICE_X15Y18         CARRY4 (Prop_carry4_CI_CO[3])
                                                      0.058     8.085 r  GEN_BRAM.u_core/alu/u_mul/u_mul/GEN_WALLACE.u_mul/result[8]_INST_0_i_117/CO[3]
                         net (fo=1, routed)           0.000     8.085    GEN_BRAM.u_core/alu/u_mul/u_mul/GEN_WALLACE.u_mul/result[8]_INST_0_i_117_n_0
    SLICE_X15Y19         CARRY4 (Prop_carry4_CI_O[3])
                                                      0.179     8.264 r  GEN_BRAM.u_core/alu/u_mul/u_mul/GEN_WALLACE.u_mul/result[12]_INST_0_i_87/O[3]
                         net (fo=3, routed)           0.564     8.828    GEN_BRAM.u_core/alu/u_mul/u_mul/GEN_WALLACE.u_mul/mag_a0[12]
    SLICE_X19Y14         LUT6 (Prop_lut6_I0_O)        0.142     8.970 r  GEN_BRAM.u_core/alu/u_mul/u_mul/GEN_WALLACE.u_mul/result[16]_INST_0_i_211/O
                         net (fo=64, routed)          2.065    11.035    GEN_BRAM.u_core/alu/u_mul/u_mul/GEN_WALLACE.u_mul/mag_a[12]
    SLICE_X35Y5          LUT6 (Prop_lut6_I0_O)        0.053    11.088 r  GEN_BRAM.u_core/alu/u_mul/u_mul/GEN_WALLACE.u_mul/result[28]_INST_0_i_252/O
                         net (fo=2, routed)           0.456    11.543    GEN_BRAM.u_core/alu/u_mul/u_mul/GEN_WALLACE.u_mul/l1[7]_33[22]
    SLICE_X35Y5          LUT3 (Prop_lut3_I0_O)        0.063    11.606 r  GEN_BRAM.u_core/alu/u_mul/u_mul/GEN_WALLACE.u_mul/result[28]_INST_0_i_191/O
                         net (fo=2, routed)           0.692    12.298    GEN_BRAM.u_core/alu/u_mul/u_mul/GEN_WALLACE.u_mul/l2[4]_50[22]
    SLICE_X31Y5          LUT5 (Prop_lut5_I3_O)        0.170    12.468 r  GEN_BRAM.u_core/alu/u_mul/u_mul/GEN_WALLACE.u_mul/result[28]_INST_0_i_219/O
                         net (fo=2, routed)           0.412    12.881    GEN_BRAM.u_core/alu/u_mul/u_mul/GEN_WALLACE.u_mul/l3[2]_3[22]
    SLICE_X28Y5          LUT5 (Prop_lut5_I4_O)        0.053    12.934 r  GEN_BRAM.u_core/alu/u_mul/u_mul/GEN_WALLACE.u_mul/result[24]_INST_0_i_63/O
                         net (fo=3, routed)           0.822    13.756    GEN_BRAM.u_core/alu/u_mul/u_mul/GEN_WALLACE.u_mul/l4[0]_5[22]
    SLICE_X23Y5          LUT5 (Prop_lut5_I2_O)        0.063    13.819 r  GEN_BRAM.u_core/alu/u_mul/u_mul/GEN_WALLACE.u_mul/result[24]_INST_0_i_35/O
                         net (fo=3, routed)           0.519    14.338    GEN_BRAM.u_core/alu/u_mul/u_mul/GEN_WALLACE.u_mul/l6[0]_23[22]
    SLICE_X23Y7          LUT3 (Prop_lut3_I0_O)        0.170    14.508 r  GEN_BRAM.u_core/alu/u_mul/u_mul/GEN_WALLACE.u_mul/result[24]_INST_0_i_25/O
                         net (fo=2, routed)           0.937    15.445    GEN_BRAM.u_core/alu/u_mul/u_mul/GEN_WALLACE.u_mul/l7[1]_25[23]
    SLICE_X26Y7          LUT2 (Prop_lut2_I0_O)        0.065    15.510 r  GEN_BRAM.u_core/alu/u_mul/u_mul/GEN_WALLACE.u_mul/result[24]_INST_0_i_5/O
                         net (fo=1, routed)           0.422    15.932    GEN_BRAM.u_core/alu/u_mul/u_mul/GEN_WALLACE.u_mul/final_a[23]
    SLICE_X25Y7          CARRY4 (Prop_carry4_DI[2]_CO[3])
                                                      0.354    16.286 r  GEN_BRAM.u_core/alu/u_mul/u_mul/GEN_WALLACE.u_mul/result[24]_INST_0_i_1/CO[3]
                         net (fo=1, routed)           0.000    16.286    GEN_BRAM.u_core/alu/u_mul/u_mul/GEN_WALLACE.u_mul/result[24]_INST_0_i_1_n_0
    SLICE_X25Y8          CARRY4 (Prop_carry4_CI_O[2])
                                                      0.136    16.422 f  GEN_BRAM.u_core/alu/u_mul/u_mul/GEN_WALLACE.u_mul/result[28]_INST_0_i_1/O[2]
                         net (fo=2, routed)           0.464    16.886    GEN_BRAM.u_core/alu/u_mul/u_mul/GEN_WALLACE.u_mul/unsigned_product[27]
    SLICE_X24Y8          LUT1 (Prop_lut1_I0_O)        0.152    17.038 r  GEN_BRAM.u_core/alu/u_mul/u_mul/GEN_WALLACE.u_mul/result[0]_INST_0_i_9/O
                         net (fo=1, routed)           0.000    17.038    GEN_BRAM.u_core/alu/u_mul/u_mul/GEN_WALLACE.u_mul/p_0_in[27]
    SLICE_X24Y8          CARRY4 (Prop_carry4_S[2]_CO[3])
                                                      0.235    17.273 r  GEN_BRAM.u_core/alu/u_mul/u_mul/GEN_WALLACE.u_mul/result[0]_INST_0_i_2/CO[3]
                         net (fo=1, routed)           0.000    17.273    GEN_BRAM.u_core/alu/u_mul/u_mul/GEN_WALLACE.u_mul/result[0]_INST_0_i_2_n_0
    SLICE_X24Y9          CARRY4 (Prop_carry4_CI_O[3])
                                                      0.179    17.452 f  GEN_BRAM.u_core/alu/u_mul/u_mul/GEN_WALLACE.u_mul/result[0]_INST_0_i_1/O[3]
                         net (fo=1, routed)           0.383    17.834    GEN_BRAM.u_core/alu/u_mul/u_mul/GEN_WALLACE.u_mul/signed_product0[32]
    SLICE_X22Y10         LUT6 (Prop_lut6_I5_O)        0.142    17.976 f  GEN_BRAM.u_core/alu/u_mul/u_mul/GEN_WALLACE.u_mul/result[0]_INST_0/O
                         net (fo=1, routed)           0.730    18.707    GEN_BRAM.u_core/alu/mul_result[0]
    SLICE_X21Y24         LUT6 (Prop_lut6_I0_O)        0.053    18.760 f  GEN_BRAM.u_core/alu/debug_alu_out_OBUF[0]_inst_i_11/O
                         net (fo=1, routed)           0.000    18.760    GEN_BRAM.u_core/alu/debug_alu_out_OBUF[0]_inst_i_11_n_0
    SLICE_X21Y24         MUXF7 (Prop_muxf7_I1_O)      0.129    18.889 f  GEN_BRAM.u_core/alu/debug_alu_out_OBUF[0]_inst_i_4/O
                         net (fo=1, routed)           0.384    19.272    GEN_BRAM.u_core/alu/debug_alu_out_OBUF[0]_inst_i_4_n_0
    SLICE_X16Y25         LUT6 (Prop_lut6_I5_O)        0.153    19.425 f  GEN_BRAM.u_core/alu/debug_alu_out_OBUF[0]_inst_i_1/O
                         net (fo=11, routed)          0.910    20.335    GEN_BRAM.u_core/alu/D[0]
    SLICE_X11Y12         LUT2 (Prop_lut2_I1_O)        0.053    20.388 r  GEN_BRAM.u_core/alu/mem_reg_0_i_37/O
                         net (fo=26, routed)          0.742    21.130    GEN_BRAM.u_core/dmem/registers_reg_r1_0_31_6_11_i_10
    SLICE_X2Y19          LUT5 (Prop_lut5_I4_O)        0.053    21.183 r  GEN_BRAM.u_core/dmem/registers_reg_r1_0_31_0_5_i_30/O
                         net (fo=1, routed)           0.403    21.586    GEN_BRAM.u_core/wb_mux/registers_reg_r1_0_31_0_5_i_3_1
    SLICE_X2Y14          LUT6 (Prop_lut6_I5_O)        0.053    21.639 r  GEN_BRAM.u_core/wb_mux/registers_reg_r1_0_31_0_5_i_13/O
                         net (fo=1, routed)           0.459    22.098    GEN_BRAM.u_core/divider/wb_exec[0]
    SLICE_X2Y14          LUT6 (Prop_lut6_I5_O)        0.053    22.151 r  GEN_BRAM.u_core/divider/registers_reg_r1_0_31_0_5_i_3/O
                         net (fo=2, routed)           0.400    22.551    GEN_BRAM.u_core/reg_file/registers_reg_r1_0_31_0_5/DIA0
    SLICE_X8Y14          RAMD32                                       r  GEN_BRAM.u_core/reg_file/registers_reg_r1_0_31_0_5/RAMA/I
  -------------------------------------------------------------------    -------------------

                         (clock sys_clk rise edge)   30.000    30.000 r  
    AD23                                              0.000    30.000 r  clk (IN)
                         net (fo=0)                   0.000    30.000    clk
    AD23                 IBUF (Prop_ibuf_I_O)         0.796    30.796 r  clk_IBUF_inst/O
                         net (fo=1, routed)           1.741    32.537    clk_IBUF
    BUFGCTRL_X0Y0        BUFG (Prop_bufg_I_O)         0.113    32.650 r  clk_IBUF_BUFG_inst/O
                         net (fo=350, routed)         1.539    34.189    GEN_BRAM.u_core/reg_file/registers_reg_r1_0_31_0_5/WCLK
    SLICE_X8Y14          RAMD32                                       r  GEN_BRAM.u_core/reg_file/registers_reg_r1_0_31_0_5/RAMA/CLK
                         clock pessimism              0.256    34.446    
                         clock uncertainty           -0.035    34.410    
    SLICE_X8Y14          RAMD32 (Setup_ramd32_CLK_I)
                                                     -0.113    34.297    GEN_BRAM.u_core/reg_file/registers_reg_r1_0_31_0_5/RAMA
  -------------------------------------------------------------------
                         required time                         34.297    
                         arrival time                         -22.551    
  -------------------------------------------------------------------
                         slack                                 11.746    

Slack (MET) :             11.800ns  (required time - arrival time)
  Source:                 GEN_BRAM.u_core/ir_reg[15]/C
                            (rising edge-triggered cell FDCE clocked by sys_clk  {rise@0.000ns fall@15.000ns period=30.000ns})
  Destination:            GEN_BRAM.u_core/dmem/mem_reg_1/DIADI[13]
                            (rising edge-triggered cell RAMB36E1 clocked by sys_clk  {rise@0.000ns fall@15.000ns period=30.000ns})
  Path Group:             sys_clk
  Path Type:              Setup (Max at Slow Process Corner)
  Requirement:            30.000ns  (sys_clk rise@30.000ns - sys_clk rise@0.000ns)
  Data Path Delay:        17.959ns  (logic 3.723ns (20.731%)  route 14.236ns (79.269%))
  Logic Levels:           25  (CARRY4=7 LUT1=1 LUT2=3 LUT3=2 LUT4=1 LUT5=3 LUT6=6 MUXF7=1 RAMD32=1)
  Clock Path Skew:        -0.002ns (DCD - SCD + CPR)
    Destination Clock Delay (DCD):    4.219ns = ( 34.219 - 30.000 ) 
    Source Clock Delay      (SCD):    4.478ns
    Clock Pessimism Removal (CPR):    0.256ns
  Clock Uncertainty:      0.035ns  ((TSJ^2 + TIJ^2)^1/2 + DJ) / 2 + PE
    Total System Jitter     (TSJ):    0.071ns
    Total Input Jitter      (TIJ):    0.000ns
    Discrete Jitter          (DJ):    0.000ns
    Phase Error              (PE):    0.000ns

    Location             Delay type                Incr(ns)  Path(ns)    Netlist Resource(s)
  -------------------------------------------------------------------    -------------------
                         (clock sys_clk rise edge)    0.000     0.000 r  
    AD23                                              0.000     0.000 r  clk (IN)
                         net (fo=0)                   0.000     0.000    clk
    AD23                 IBUF (Prop_ibuf_I_O)         0.873     0.873 r  clk_IBUF_inst/O
                         net (fo=1, routed)           1.830     2.703    clk_IBUF
    BUFGCTRL_X0Y0        BUFG (Prop_bufg_I_O)         0.120     2.823 r  clk_IBUF_BUFG_inst/O
                         net (fo=350, routed)         1.655     4.478    GEN_BRAM.u_core/clk_IBUF_BUFG
    SLICE_X10Y10         FDCE                                         r  GEN_BRAM.u_core/ir_reg[15]/C
  -------------------------------------------------------------------    -------------------
    SLICE_X10Y10         FDCE (Prop_fdce_C_Q)         0.308     4.786 r  GEN_BRAM.u_core/ir_reg[15]/Q
                         net (fo=97, routed)          1.051     5.836    GEN_BRAM.u_core/reg_file/registers_reg_r1_0_31_0_5/ADDRA0
    SLICE_X8Y14          RAMD32 (Prop_ramd32_RADR0_O)
                                                      0.066     5.902 f  GEN_BRAM.u_core/reg_file/registers_reg_r1_0_31_0_5/RAMA/O
                         net (fo=10, routed)          1.056     6.959    GEN_BRAM.u_core/alu_mux_a/dataR10[0]
    SLICE_X14Y25         LUT4 (Prop_lut4_I1_O)        0.168     7.127 r  GEN_BRAM.u_core/alu_mux_a/u_adder_i_32/O
                         net (fo=119, routed)         0.554     7.681    GEN_BRAM.u_core/alu/u_mul/u_mul/GEN_WALLACE.u_mul/result[2]_INST_0_i_7_n_0
    SLICE_X15Y17         CARRY4 (Prop_carry4_CYINIT_CO[3])
                                                      0.346     8.027 r  GEN_BRAM.u_core/alu/u_mul/u_mul/GEN_WALLACE.u_mul/result[2]_INST_0_i_6/CO[3]
                         net (fo=1, routed)           0.000     8.027    GEN_BRAM.u_core/alu/u_mul/u_mul/GEN_WALLACE.u_mul/result[2]_INST_0_i_6_n_0
    SLICE_X15Y18         CARRY4 (Prop_carry4_CI_CO[3])
                                                      0.058     8.085 r  GEN_BRAM.u_core/alu/u_mul/u_mul/GEN_WALLACE.u_mul/result[8]_INST_0_i_117/CO[3]
                         net (fo=1, routed)           0.000     8.085    GEN_BRAM.u_core/alu/u_mul/u_mul/GEN_WALLACE.u_mul/result[8]_INST_0_i_117_n_0
    SLICE_X15Y19         CARRY4 (Prop_carry4_CI_O[3])
                                                      0.179     8.264 r  GEN_BRAM.u_core/alu/u_mul/u_mul/GEN_WALLACE.u_mul/result[12]_INST_0_i_87/O[3]
                         net (fo=3, routed)           0.564     8.828    GEN_BRAM.u_core/alu/u_mul/u_mul/GEN_WALLACE.u_mul/mag_a0[12]
    SLICE_X19Y14         LUT6 (Prop_lut6_I0_O)        0.142     8.970 r  GEN_BRAM.u_core/alu/u_mul/u_mul/GEN_WALLACE.u_mul/result[16]_INST_0_i_211/O
                         net (fo=64, routed)          2.065    11.035    GEN_BRAM.u_core/alu/u_mul/u_mul/GEN_WALLACE.u_mul/mag_a[12]
    SLICE_X35Y5          LUT6 (Prop_lut6_I0_O)        0.053    11.088 r  GEN_BRAM.u_core/alu/u_mul/u_mul/GEN_WALLACE.u_mul/result[28]_INST_0_i_252/O
                         net (fo=2, routed)           0.456    11.543    GEN_BRAM.u_core/alu/u_mul/u_mul/GEN_WALLACE.u_mul/l1[7]_33[22]
    SLICE_X35Y5          LUT3 (Prop_lut3_I0_O)        0.063    11.606 r  GEN_BRAM.u_core/alu/u_mul/u_mul/GEN_WALLACE.u_mul/result[28]_INST_0_i_191/O
                         net (fo=2, routed)           0.692    12.298    GEN_BRAM.u_core/alu/u_mul/u_mul/GEN_WALLACE.u_mul/l2[4]_50[22]
    SLICE_X31Y5          LUT5 (Prop_lut5_I3_O)        0.170    12.468 r  GEN_BRAM.u_core/alu/u_mul/u_mul/GEN_WALLACE.u_mul/result[28]_INST_0_i_219/O
                         net (fo=2, routed)           0.412    12.881    GEN_BRAM.u_core/alu/u_mul/u_mul/GEN_WALLACE.u_mul/l3[2]_3[22]
    SLICE_X28Y5          LUT5 (Prop_lut5_I4_O)        0.053    12.934 r  GEN_BRAM.u_core/alu/u_mul/u_mul/GEN_WALLACE.u_mul/result[24]_INST_0_i_63/O
                         net (fo=3, routed)           0.822    13.756    GEN_BRAM.u_core/alu/u_mul/u_mul/GEN_WALLACE.u_mul/l4[0]_5[22]
    SLICE_X23Y5          LUT5 (Prop_lut5_I2_O)        0.063    13.819 r  GEN_BRAM.u_core/alu/u_mul/u_mul/GEN_WALLACE.u_mul/result[24]_INST_0_i_35/O
                         net (fo=3, routed)           0.519    14.338    GEN_BRAM.u_core/alu/u_mul/u_mul/GEN_WALLACE.u_mul/l6[0]_23[22]
    SLICE_X23Y7          LUT3 (Prop_lut3_I0_O)        0.170    14.508 r  GEN_BRAM.u_core/alu/u_mul/u_mul/GEN_WALLACE.u_mul/result[24]_INST_0_i_25/O
                         net (fo=2, routed)           0.937    15.445    GEN_BRAM.u_core/alu/u_mul/u_mul/GEN_WALLACE.u_mul/l7[1]_25[23]
    SLICE_X26Y7          LUT2 (Prop_lut2_I0_O)        0.065    15.510 r  GEN_BRAM.u_core/alu/u_mul/u_mul/GEN_WALLACE.u_mul/result[24]_INST_0_i_5/O
                         net (fo=1, routed)           0.422    15.932    GEN_BRAM.u_core/alu/u_mul/u_mul/GEN_WALLACE.u_mul/final_a[23]
    SLICE_X25Y7          CARRY4 (Prop_carry4_DI[2]_CO[3])
                                                      0.354    16.286 r  GEN_BRAM.u_core/alu/u_mul/u_mul/GEN_WALLACE.u_mul/result[24]_INST_0_i_1/CO[3]
                         net (fo=1, routed)           0.000    16.286    GEN_BRAM.u_core/alu/u_mul/u_mul/GEN_WALLACE.u_mul/result[24]_INST_0_i_1_n_0
    SLICE_X25Y8          CARRY4 (Prop_carry4_CI_O[2])
                                                      0.136    16.422 f  GEN_BRAM.u_core/alu/u_mul/u_mul/GEN_WALLACE.u_mul/result[28]_INST_0_i_1/O[2]
                         net (fo=2, routed)           0.464    16.886    GEN_BRAM.u_core/alu/u_mul/u_mul/GEN_WALLACE.u_mul/unsigned_product[27]
    SLICE_X24Y8          LUT1 (Prop_lut1_I0_O)        0.152    17.038 r  GEN_BRAM.u_core/alu/u_mul/u_mul/GEN_WALLACE.u_mul/result[0]_INST_0_i_9/O
                         net (fo=1, routed)           0.000    17.038    GEN_BRAM.u_core/alu/u_mul/u_mul/GEN_WALLACE.u_mul/p_0_in[27]
    SLICE_X24Y8          CARRY4 (Prop_carry4_S[2]_CO[3])
                                                      0.235    17.273 r  GEN_BRAM.u_core/alu/u_mul/u_mul/GEN_WALLACE.u_mul/result[0]_INST_0_i_2/CO[3]
                         net (fo=1, routed)           0.000    17.273    GEN_BRAM.u_core/alu/u_mul/u_mul/GEN_WALLACE.u_mul/result[0]_INST_0_i_2_n_0
    SLICE_X24Y9          CARRY4 (Prop_carry4_CI_O[3])
                                                      0.179    17.452 r  GEN_BRAM.u_core/alu/u_mul/u_mul/GEN_WALLACE.u_mul/result[0]_INST_0_i_1/O[3]
                         net (fo=1, routed)           0.383    17.834    GEN_BRAM.u_core/alu/u_mul/u_mul/GEN_WALLACE.u_mul/signed_product0[32]
    SLICE_X22Y10         LUT6 (Prop_lut6_I5_O)        0.142    17.976 r  GEN_BRAM.u_core/alu/u_mul/u_mul/GEN_WALLACE.u_mul/result[0]_INST_0/O
                         net (fo=1, routed)           0.730    18.707    GEN_BRAM.u_core/alu/mul_result[0]
    SLICE_X21Y24         LUT6 (Prop_lut6_I0_O)        0.053    18.760 r  GEN_BRAM.u_core/alu/debug_alu_out_OBUF[0]_inst_i_11/O
                         net (fo=1, routed)           0.000    18.760    GEN_BRAM.u_core/alu/debug_alu_out_OBUF[0]_inst_i_11_n_0
    SLICE_X21Y24         MUXF7 (Prop_muxf7_I1_O)      0.129    18.889 r  GEN_BRAM.u_core/alu/debug_alu_out_OBUF[0]_inst_i_4/O
                         net (fo=1, routed)           0.384    19.272    GEN_BRAM.u_core/alu/debug_alu_out_OBUF[0]_inst_i_4_n_0
    SLICE_X16Y25         LUT6 (Prop_lut6_I5_O)        0.153    19.425 r  GEN_BRAM.u_core/alu/debug_alu_out_OBUF[0]_inst_i_1/O
                         net (fo=11, routed)          0.910    20.335    GEN_BRAM.u_core/alu/D[0]
    SLICE_X11Y12         LUT2 (Prop_lut2_I1_O)        0.053    20.388 f  GEN_BRAM.u_core/alu/mem_reg_0_i_37/O
                         net (fo=26, routed)          0.916    21.304    GEN_BRAM.u_core/alu_mux_b/mem_reg_1_0
    SLICE_X14Y16         LUT2 (Prop_lut2_I1_O)        0.065    21.369 r  GEN_BRAM.u_core/alu_mux_b/mem_reg_1_i_21/O
                         net (fo=8, routed)           0.406    21.775    GEN_BRAM.u_core/reg_file/mem_reg_1_3
    SLICE_X16Y18         LUT6 (Prop_lut6_I2_O)        0.168    21.943 r  GEN_BRAM.u_core/reg_file/mem_reg_1_i_3/O
                         net (fo=1, routed)           0.493    22.436    GEN_BRAM.u_core/dmem/wdata[29]
    RAMB36_X0Y3          RAMB36E1                                     r  GEN_BRAM.u_core/dmem/mem_reg_1/DIADI[13]
  -------------------------------------------------------------------    -------------------

                         (clock sys_clk rise edge)   30.000    30.000 r  
    AD23                                              0.000    30.000 r  clk (IN)
                         net (fo=0)                   0.000    30.000    clk
    AD23                 IBUF (Prop_ibuf_I_O)         0.796    30.796 r  clk_IBUF_inst/O
                         net (fo=1, routed)           1.741    32.537    clk_IBUF
    BUFGCTRL_X0Y0        BUFG (Prop_bufg_I_O)         0.113    32.650 r  clk_IBUF_BUFG_inst/O
                         net (fo=350, routed)         1.569    34.219    GEN_BRAM.u_core/dmem/clk_IBUF_BUFG
    RAMB36_X0Y3          RAMB36E1                                     r  GEN_BRAM.u_core/dmem/mem_reg_1/CLKARDCLK
                         clock pessimism              0.256    34.475    
                         clock uncertainty           -0.035    34.440    
    RAMB36_X0Y3          RAMB36E1 (Setup_ramb36e1_CLKARDCLK_DIADI[13])
                                                     -0.204    34.236    GEN_BRAM.u_core/dmem/mem_reg_1
  -------------------------------------------------------------------
                         required time                         34.236    
                         arrival time                         -22.436    
  -------------------------------------------------------------------
                         slack                                 11.800    

Slack (MET) :             11.829ns  (required time - arrival time)
  Source:                 GEN_BRAM.u_core/ir_reg[15]/C
                            (rising edge-triggered cell FDCE clocked by sys_clk  {rise@0.000ns fall@15.000ns period=30.000ns})
  Destination:            GEN_BRAM.u_core/reg_file/registers_reg_r1_0_31_0_5/RAMC_D1/I
                            (rising edge-triggered cell RAMD32 clocked by sys_clk  {rise@0.000ns fall@15.000ns period=30.000ns})
  Path Group:             sys_clk
  Path Type:              Setup (Max at Slow Process Corner)
  Requirement:            30.000ns  (sys_clk rise@30.000ns - sys_clk rise@0.000ns)
  Data Path Delay:        17.929ns  (logic 3.649ns (20.352%)  route 14.280ns (79.648%))
  Logic Levels:           26  (CARRY4=7 LUT1=1 LUT2=2 LUT3=2 LUT4=1 LUT5=4 LUT6=7 MUXF7=1 RAMD32=1)
  Clock Path Skew:        -0.032ns (DCD - SCD + CPR)
    Destination Clock Delay (DCD):    4.189ns = ( 34.189 - 30.000 ) 
    Source Clock Delay      (SCD):    4.478ns
    Clock Pessimism Removal (CPR):    0.256ns
  Clock Uncertainty:      0.035ns  ((TSJ^2 + TIJ^2)^1/2 + DJ) / 2 + PE
    Total System Jitter     (TSJ):    0.071ns
    Total Input Jitter      (TIJ):    0.000ns
    Discrete Jitter          (DJ):    0.000ns
    Phase Error              (PE):    0.000ns

    Location             Delay type                Incr(ns)  Path(ns)    Netlist Resource(s)
  -------------------------------------------------------------------    -------------------
                         (clock sys_clk rise edge)    0.000     0.000 r  
    AD23                                              0.000     0.000 r  clk (IN)
                         net (fo=0)                   0.000     0.000    clk
    AD23                 IBUF (Prop_ibuf_I_O)         0.873     0.873 r  clk_IBUF_inst/O
                         net (fo=1, routed)           1.830     2.703    clk_IBUF
    BUFGCTRL_X0Y0        BUFG (Prop_bufg_I_O)         0.120     2.823 r  clk_IBUF_BUFG_inst/O
                         net (fo=350, routed)         1.655     4.478    GEN_BRAM.u_core/clk_IBUF_BUFG
    SLICE_X10Y10         FDCE                                         r  GEN_BRAM.u_core/ir_reg[15]/C
  -------------------------------------------------------------------    -------------------
    SLICE_X10Y10         FDCE (Prop_fdce_C_Q)         0.308     4.786 r  GEN_BRAM.u_core/ir_reg[15]/Q
                         net (fo=97, routed)          1.051     5.836    GEN_BRAM.u_core/reg_file/registers_reg_r1_0_31_0_5/ADDRA0
    SLICE_X8Y14          RAMD32 (Prop_ramd32_RADR0_O)
                                                      0.066     5.902 f  GEN_BRAM.u_core/reg_file/registers_reg_r1_0_31_0_5/RAMA/O
                         net (fo=10, routed)          1.056     6.959    GEN_BRAM.u_core/alu_mux_a/dataR10[0]
    SLICE_X14Y25         LUT4 (Prop_lut4_I1_O)        0.168     7.127 r  GEN_BRAM.u_core/alu_mux_a/u_adder_i_32/O
                         net (fo=119, routed)         0.554     7.681    GEN_BRAM.u_core/alu/u_mul/u_mul/GEN_WALLACE.u_mul/result[2]_INST_0_i_7_n_0
    SLICE_X15Y17         CARRY4 (Prop_carry4_CYINIT_CO[3])
                                                      0.346     8.027 r  GEN_BRAM.u_core/alu/u_mul/u_mul/GEN_WALLACE.u_mul/result[2]_INST_0_i_6/CO[3]
                         net (fo=1, routed)           0.000     8.027    GEN_BRAM.u_core/alu/u_mul/u_mul/GEN_WALLACE.u_mul/result[2]_INST_0_i_6_n_0
    SLICE_X15Y18         CARRY4 (Prop_carry4_CI_CO[3])
                                                      0.058     8.085 r  GEN_BRAM.u_core/alu/u_mul/u_mul/GEN_WALLACE.u_mul/result[8]_INST_0_i_117/CO[3]
                         net (fo=1, routed)           0.000     8.085    GEN_BRAM.u_core/alu/u_mul/u_mul/GEN_WALLACE.u_mul/result[8]_INST_0_i_117_n_0
    SLICE_X15Y19         CARRY4 (Prop_carry4_CI_O[3])
                                                      0.179     8.264 r  GEN_BRAM.u_core/alu/u_mul/u_mul/GEN_WALLACE.u_mul/result[12]_INST_0_i_87/O[3]
                         net (fo=3, routed)           0.564     8.828    GEN_BRAM.u_core/alu/u_mul/u_mul/GEN_WALLACE.u_mul/mag_a0[12]
    SLICE_X19Y14         LUT6 (Prop_lut6_I0_O)        0.142     8.970 r  GEN_BRAM.u_core/alu/u_mul/u_mul/GEN_WALLACE.u_mul/result[16]_INST_0_i_211/O
                         net (fo=64, routed)          2.065    11.035    GEN_BRAM.u_core/alu/u_mul/u_mul/GEN_WALLACE.u_mul/mag_a[12]
    SLICE_X35Y5          LUT6 (Prop_lut6_I0_O)        0.053    11.088 r  GEN_BRAM.u_core/alu/u_mul/u_mul/GEN_WALLACE.u_mul/result[28]_INST_0_i_252/O
                         net (fo=2, routed)           0.456    11.543    GEN_BRAM.u_core/alu/u_mul/u_mul/GEN_WALLACE.u_mul/l1[7]_33[22]
    SLICE_X35Y5          LUT3 (Prop_lut3_I0_O)        0.063    11.606 r  GEN_BRAM.u_core/alu/u_mul/u_mul/GEN_WALLACE.u_mul/result[28]_INST_0_i_191/O
                         net (fo=2, routed)           0.692    12.298    GEN_BRAM.u_core/alu/u_mul/u_mul/GEN_WALLACE.u_mul/l2[4]_50[22]
    SLICE_X31Y5          LUT5 (Prop_lut5_I3_O)        0.170    12.468 r  GEN_BRAM.u_core/alu/u_mul/u_mul/GEN_WALLACE.u_mul/result[28]_INST_0_i_219/O
                         net (fo=2, routed)           0.412    12.881    GEN_BRAM.u_core/alu/u_mul/u_mul/GEN_WALLACE.u_mul/l3[2]_3[22]
    SLICE_X28Y5          LUT5 (Prop_lut5_I4_O)        0.053    12.934 r  GEN_BRAM.u_core/alu/u_mul/u_mul/GEN_WALLACE.u_mul/result[24]_INST_0_i_63/O
                         net (fo=3, routed)           0.822    13.756    GEN_BRAM.u_core/alu/u_mul/u_mul/GEN_WALLACE.u_mul/l4[0]_5[22]
    SLICE_X23Y5          LUT5 (Prop_lut5_I2_O)        0.063    13.819 r  GEN_BRAM.u_core/alu/u_mul/u_mul/GEN_WALLACE.u_mul/result[24]_INST_0_i_35/O
                         net (fo=3, routed)           0.519    14.338    GEN_BRAM.u_core/alu/u_mul/u_mul/GEN_WALLACE.u_mul/l6[0]_23[22]
    SLICE_X23Y7          LUT3 (Prop_lut3_I0_O)        0.170    14.508 r  GEN_BRAM.u_core/alu/u_mul/u_mul/GEN_WALLACE.u_mul/result[24]_INST_0_i_25/O
                         net (fo=2, routed)           0.937    15.445    GEN_BRAM.u_core/alu/u_mul/u_mul/GEN_WALLACE.u_mul/l7[1]_25[23]
    SLICE_X26Y7          LUT2 (Prop_lut2_I0_O)        0.065    15.510 r  GEN_BRAM.u_core/alu/u_mul/u_mul/GEN_WALLACE.u_mul/result[24]_INST_0_i_5/O
                         net (fo=1, routed)           0.422    15.932    GEN_BRAM.u_core/alu/u_mul/u_mul/GEN_WALLACE.u_mul/final_a[23]
    SLICE_X25Y7          CARRY4 (Prop_carry4_DI[2]_CO[3])
                                                      0.354    16.286 r  GEN_BRAM.u_core/alu/u_mul/u_mul/GEN_WALLACE.u_mul/result[24]_INST_0_i_1/CO[3]
                         net (fo=1, routed)           0.000    16.286    GEN_BRAM.u_core/alu/u_mul/u_mul/GEN_WALLACE.u_mul/result[24]_INST_0_i_1_n_0
    SLICE_X25Y8          CARRY4 (Prop_carry4_CI_O[2])
                                                      0.136    16.422 f  GEN_BRAM.u_core/alu/u_mul/u_mul/GEN_WALLACE.u_mul/result[28]_INST_0_i_1/O[2]
                         net (fo=2, routed)           0.464    16.886    GEN_BRAM.u_core/alu/u_mul/u_mul/GEN_WALLACE.u_mul/unsigned_product[27]
    SLICE_X24Y8          LUT1 (Prop_lut1_I0_O)        0.152    17.038 r  GEN_BRAM.u_core/alu/u_mul/u_mul/GEN_WALLACE.u_mul/result[0]_INST_0_i_9/O
                         net (fo=1, routed)           0.000    17.038    GEN_BRAM.u_core/alu/u_mul/u_mul/GEN_WALLACE.u_mul/p_0_in[27]
    SLICE_X24Y8          CARRY4 (Prop_carry4_S[2]_CO[3])
                                                      0.235    17.273 r  GEN_BRAM.u_core/alu/u_mul/u_mul/GEN_WALLACE.u_mul/result[0]_INST_0_i_2/CO[3]
                         net (fo=1, routed)           0.000    17.273    GEN_BRAM.u_core/alu/u_mul/u_mul/GEN_WALLACE.u_mul/result[0]_INST_0_i_2_n_0
    SLICE_X24Y9          CARRY4 (Prop_carry4_CI_O[3])
                                                      0.179    17.452 f  GEN_BRAM.u_core/alu/u_mul/u_mul/GEN_WALLACE.u_mul/result[0]_INST_0_i_1/O[3]
                         net (fo=1, routed)           0.383    17.834    GEN_BRAM.u_core/alu/u_mul/u_mul/GEN_WALLACE.u_mul/signed_product0[32]
    SLICE_X22Y10         LUT6 (Prop_lut6_I5_O)        0.142    17.976 f  GEN_BRAM.u_core/alu/u_mul/u_mul/GEN_WALLACE.u_mul/result[0]_INST_0/O
                         net (fo=1, routed)           0.730    18.707    GEN_BRAM.u_core/alu/mul_result[0]
    SLICE_X21Y24         LUT6 (Prop_lut6_I0_O)        0.053    18.760 f  GEN_BRAM.u_core/alu/debug_alu_out_OBUF[0]_inst_i_11/O
                         net (fo=1, routed)           0.000    18.760    GEN_BRAM.u_core/alu/debug_alu_out_OBUF[0]_inst_i_11_n_0
    SLICE_X21Y24         MUXF7 (Prop_muxf7_I1_O)      0.129    18.889 f  GEN_BRAM.u_core/alu/debug_alu_out_OBUF[0]_inst_i_4/O
                         net (fo=1, routed)           0.384    19.272    GEN_BRAM.u_core/alu/debug_alu_out_OBUF[0]_inst_i_4_n_0
    SLICE_X16Y25         LUT6 (Prop_lut6_I5_O)        0.153    19.425 f  GEN_BRAM.u_core/alu/debug_alu_out_OBUF[0]_inst_i_1/O
                         net (fo=11, routed)          0.910    20.335    GEN_BRAM.u_core/alu/D[0]
    SLICE_X11Y12         LUT2 (Prop_lut2_I1_O)        0.053    20.388 r  GEN_BRAM.u_core/alu/mem_reg_0_i_37/O
                         net (fo=26, routed)          0.679    21.067    GEN_BRAM.u_core/dmem/registers_reg_r1_0_31_6_11_i_10
    SLICE_X3Y17          LUT5 (Prop_lut5_I4_O)        0.053    21.120 r  GEN_BRAM.u_core/dmem/registers_reg_r1_0_31_0_5_i_40/O
                         net (fo=1, routed)           0.344    21.464    GEN_BRAM.u_core/wb_mux/registers_reg_r1_0_31_0_5_i_6_0
    SLICE_X3Y14          LUT6 (Prop_lut6_I5_O)        0.053    21.517 r  GEN_BRAM.u_core/wb_mux/registers_reg_r1_0_31_0_5_i_19/O
                         net (fo=1, routed)           0.323    21.840    GEN_BRAM.u_core/divider/wb_exec[5]
    SLICE_X4Y14          LUT6 (Prop_lut6_I5_O)        0.053    21.893 r  GEN_BRAM.u_core/divider/registers_reg_r1_0_31_0_5_i_6/O
                         net (fo=2, routed)           0.514    22.407    GEN_BRAM.u_core/reg_file/registers_reg_r1_0_31_0_5/DIC1
    SLICE_X8Y14          RAMD32                                       r  GEN_BRAM.u_core/reg_file/registers_reg_r1_0_31_0_5/RAMC_D1/I
  -------------------------------------------------------------------    -------------------

                         (clock sys_clk rise edge)   30.000    30.000 r  
    AD23                                              0.000    30.000 r  clk (IN)
                         net (fo=0)                   0.000    30.000    clk
    AD23                 IBUF (Prop_ibuf_I_O)         0.796    30.796 r  clk_IBUF_inst/O
                         net (fo=1, routed)           1.741    32.537    clk_IBUF
    BUFGCTRL_X0Y0        BUFG (Prop_bufg_I_O)         0.113    32.650 r  clk_IBUF_BUFG_inst/O
                         net (fo=350, routed)         1.539    34.189    GEN_BRAM.u_core/reg_file/registers_reg_r1_0_31_0_5/WCLK
    SLICE_X8Y14          RAMD32                                       r  GEN_BRAM.u_core/reg_file/registers_reg_r1_0_31_0_5/RAMC_D1/CLK
                         clock pessimism              0.256    34.446    
                         clock uncertainty           -0.035    34.410    
    SLICE_X8Y14          RAMD32 (Setup_ramd32_CLK_I)
                                                     -0.174    34.236    GEN_BRAM.u_core/reg_file/registers_reg_r1_0_31_0_5/RAMC_D1
  -------------------------------------------------------------------
                         required time                         34.236    
                         arrival time                         -22.407    
  -------------------------------------------------------------------
                         slack                                 11.829    

Slack (MET) :             11.885ns  (required time - arrival time)
  Source:                 GEN_BRAM.u_core/ir_reg[15]/C
                            (rising edge-triggered cell FDCE clocked by sys_clk  {rise@0.000ns fall@15.000ns period=30.000ns})
  Destination:            GEN_BRAM.u_core/reg_file/registers_reg_r2_0_31_12_17/RAMB_D1/I
                            (rising edge-triggered cell RAMD32 clocked by sys_clk  {rise@0.000ns fall@15.000ns period=30.000ns})
  Path Group:             sys_clk
  Path Type:              Setup (Max at Slow Process Corner)
  Requirement:            30.000ns  (sys_clk rise@30.000ns - sys_clk rise@0.000ns)
  Data Path Delay:        17.892ns  (logic 3.932ns (21.977%)  route 13.960ns (78.023%))
  Logic Levels:           26  (CARRY4=8 LUT1=1 LUT2=1 LUT3=2 LUT4=2 LUT5=4 LUT6=5 MUXF7=2 RAMD32=1)
  Clock Path Skew:        -0.029ns (DCD - SCD + CPR)
    Destination Clock Delay (DCD):    4.185ns = ( 34.185 - 30.000 ) 
    Source Clock Delay      (SCD):    4.478ns
    Clock Pessimism Removal (CPR):    0.263ns
  Clock Uncertainty:      0.035ns  ((TSJ^2 + TIJ^2)^1/2 + DJ) / 2 + PE
    Total System Jitter     (TSJ):    0.071ns
    Total Input Jitter      (TIJ):    0.000ns
    Discrete Jitter          (DJ):    0.000ns
    Phase Error              (PE):    0.000ns

    Location             Delay type                Incr(ns)  Path(ns)    Netlist Resource(s)
  -------------------------------------------------------------------    -------------------
                         (clock sys_clk rise edge)    0.000     0.000 r  
    AD23                                              0.000     0.000 r  clk (IN)
                         net (fo=0)                   0.000     0.000    clk
    AD23                 IBUF (Prop_ibuf_I_O)         0.873     0.873 r  clk_IBUF_inst/O
                         net (fo=1, routed)           1.830     2.703    clk_IBUF
    BUFGCTRL_X0Y0        BUFG (Prop_bufg_I_O)         0.120     2.823 r  clk_IBUF_BUFG_inst/O
                         net (fo=350, routed)         1.655     4.478    GEN_BRAM.u_core/clk_IBUF_BUFG
    SLICE_X10Y10         FDCE                                         r  GEN_BRAM.u_core/ir_reg[15]/C
  -------------------------------------------------------------------    -------------------
    SLICE_X10Y10         FDCE (Prop_fdce_C_Q)         0.308     4.786 r  GEN_BRAM.u_core/ir_reg[15]/Q
                         net (fo=97, routed)          1.051     5.836    GEN_BRAM.u_core/reg_file/registers_reg_r1_0_31_0_5/ADDRA0
    SLICE_X8Y14          RAMD32 (Prop_ramd32_RADR0_O)
                                                      0.066     5.902 f  GEN_BRAM.u_core/reg_file/registers_reg_r1_0_31_0_5/RAMA/O
                         net (fo=10, routed)          1.056     6.959    GEN_BRAM.u_core/alu_mux_a/dataR10[0]
    SLICE_X14Y25         LUT4 (Prop_lut4_I1_O)        0.168     7.127 r  GEN_BRAM.u_core/alu_mux_a/u_adder_i_32/O
                         net (fo=119, routed)         0.554     7.681    GEN_BRAM.u_core/alu/u_mul/u_mul/GEN_WALLACE.u_mul/result[2]_INST_0_i_7_n_0
    SLICE_X15Y17         CARRY4 (Prop_carry4_CYINIT_CO[3])
                                                      0.346     8.027 r  GEN_BRAM.u_core/alu/u_mul/u_mul/GEN_WALLACE.u_mul/result[2]_INST_0_i_6/CO[3]
                         net (fo=1, routed)           0.000     8.027    GEN_BRAM.u_core/alu/u_mul/u_mul/GEN_WALLACE.u_mul/result[2]_INST_0_i_6_n_0
    SLICE_X15Y18         CARRY4 (Prop_carry4_CI_CO[3])
                                                      0.058     8.085 r  GEN_BRAM.u_core/alu/u_mul/u_mul/GEN_WALLACE.u_mul/result[8]_INST_0_i_117/CO[3]
                         net (fo=1, routed)           0.000     8.085    GEN_BRAM.u_core/alu/u_mul/u_mul/GEN_WALLACE.u_mul/result[8]_INST_0_i_117_n_0
    SLICE_X15Y19         CARRY4 (Prop_carry4_CI_O[3])
                                                      0.179     8.264 r  GEN_BRAM.u_core/alu/u_mul/u_mul/GEN_WALLACE.u_mul/result[12]_INST_0_i_87/O[3]
                         net (fo=3, routed)           0.564     8.828    GEN_BRAM.u_core/alu/u_mul/u_mul/GEN_WALLACE.u_mul/mag_a0[12]
    SLICE_X19Y14         LUT6 (Prop_lut6_I0_O)        0.142     8.970 r  GEN_BRAM.u_core/alu/u_mul/u_mul/GEN_WALLACE.u_mul/result[16]_INST_0_i_211/O
                         net (fo=64, routed)          2.065    11.035    GEN_BRAM.u_core/alu/u_mul/u_mul/GEN_WALLACE.u_mul/mag_a[12]
    SLICE_X35Y5          LUT6 (Prop_lut6_I0_O)        0.053    11.088 r  GEN_BRAM.u_core/alu/u_mul/u_mul/GEN_WALLACE.u_mul/result[28]_INST_0_i_252/O
                         net (fo=2, routed)           0.456    11.543    GEN_BRAM.u_core/alu/u_mul/u_mul/GEN_WALLACE.u_mul/l1[7]_33[22]
    SLICE_X35Y5          LUT3 (Prop_lut3_I0_O)        0.063    11.606 r  GEN_BRAM.u_core/alu/u_mul/u_mul/GEN_WALLACE.u_mul/result[28]_INST_0_i_191/O
                         net (fo=2, routed)           0.692    12.298    GEN_BRAM.u_core/alu/u_mul/u_mul/GEN_WALLACE.u_mul/l2[4]_50[22]
    SLICE_X31Y5          LUT5 (Prop_lut5_I3_O)        0.170    12.468 r  GEN_BRAM.u_core/alu/u_mul/u_mul/GEN_WALLACE.u_mul/result[28]_INST_0_i_219/O
                         net (fo=2, routed)           0.412    12.881    GEN_BRAM.u_core/alu/u_mul/u_mul/GEN_WALLACE.u_mul/l3[2]_3[22]
    SLICE_X28Y5          LUT5 (Prop_lut5_I4_O)        0.053    12.934 r  GEN_BRAM.u_core/alu/u_mul/u_mul/GEN_WALLACE.u_mul/result[24]_INST_0_i_63/O
                         net (fo=3, routed)           0.822    13.756    GEN_BRAM.u_core/alu/u_mul/u_mul/GEN_WALLACE.u_mul/l4[0]_5[22]
    SLICE_X23Y5          LUT5 (Prop_lut5_I2_O)        0.063    13.819 r  GEN_BRAM.u_core/alu/u_mul/u_mul/GEN_WALLACE.u_mul/result[24]_INST_0_i_35/O
                         net (fo=3, routed)           0.519    14.338    GEN_BRAM.u_core/alu/u_mul/u_mul/GEN_WALLACE.u_mul/l6[0]_23[22]
    SLICE_X23Y7          LUT3 (Prop_lut3_I0_O)        0.170    14.508 r  GEN_BRAM.u_core/alu/u_mul/u_mul/GEN_WALLACE.u_mul/result[24]_INST_0_i_25/O
                         net (fo=2, routed)           0.937    15.445    GEN_BRAM.u_core/alu/u_mul/u_mul/GEN_WALLACE.u_mul/l7[1]_25[23]
    SLICE_X26Y7          LUT2 (Prop_lut2_I0_O)        0.065    15.510 r  GEN_BRAM.u_core/alu/u_mul/u_mul/GEN_WALLACE.u_mul/result[24]_INST_0_i_5/O
                         net (fo=1, routed)           0.422    15.932    GEN_BRAM.u_core/alu/u_mul/u_mul/GEN_WALLACE.u_mul/final_a[23]
    SLICE_X25Y7          CARRY4 (Prop_carry4_DI[2]_CO[3])
                                                      0.354    16.286 r  GEN_BRAM.u_core/alu/u_mul/u_mul/GEN_WALLACE.u_mul/result[24]_INST_0_i_1/CO[3]
                         net (fo=1, routed)           0.000    16.286    GEN_BRAM.u_core/alu/u_mul/u_mul/GEN_WALLACE.u_mul/result[24]_INST_0_i_1_n_0
    SLICE_X25Y8          CARRY4 (Prop_carry4_CI_O[2])
                                                      0.136    16.422 f  GEN_BRAM.u_core/alu/u_mul/u_mul/GEN_WALLACE.u_mul/result[28]_INST_0_i_1/O[2]
                         net (fo=2, routed)           0.464    16.886    GEN_BRAM.u_core/alu/u_mul/u_mul/GEN_WALLACE.u_mul/unsigned_product[27]
    SLICE_X24Y8          LUT1 (Prop_lut1_I0_O)        0.152    17.038 r  GEN_BRAM.u_core/alu/u_mul/u_mul/GEN_WALLACE.u_mul/result[0]_INST_0_i_9/O
                         net (fo=1, routed)           0.000    17.038    GEN_BRAM.u_core/alu/u_mul/u_mul/GEN_WALLACE.u_mul/p_0_in[27]
    SLICE_X24Y8          CARRY4 (Prop_carry4_S[2]_CO[3])
                                                      0.235    17.273 r  GEN_BRAM.u_core/alu/u_mul/u_mul/GEN_WALLACE.u_mul/result[0]_INST_0_i_2/CO[3]
                         net (fo=1, routed)           0.000    17.273    GEN_BRAM.u_core/alu/u_mul/u_mul/GEN_WALLACE.u_mul/result[0]_INST_0_i_2_n_0
    SLICE_X24Y9          CARRY4 (Prop_carry4_CI_CO[3])
                                                      0.058    17.331 r  GEN_BRAM.u_core/alu/u_mul/u_mul/GEN_WALLACE.u_mul/result[0]_INST_0_i_1/CO[3]
                         net (fo=1, routed)           0.000    17.331    GEN_BRAM.u_core/alu/u_mul/u_mul/GEN_WALLACE.u_mul/result[0]_INST_0_i_1_n_0
    SLICE_X24Y10         CARRY4 (Prop_carry4_CI_O[0])
                                                      0.139    17.470 r  GEN_BRAM.u_core/alu/u_mul/u_mul/GEN_WALLACE.u_mul/result[4]_INST_0_i_3/O[0]
                         net (fo=1, routed)           0.369    17.839    GEN_BRAM.u_core/alu/u_mul/u_mul/GEN_WALLACE.u_mul/signed_product0[33]
    SLICE_X22Y10         LUT5 (Prop_lut5_I4_O)        0.155    17.994 r  GEN_BRAM.u_core/alu/u_mul/u_mul/GEN_WALLACE.u_mul/result[1]_INST_0/O
                         net (fo=2, routed)           1.087    19.081    GEN_BRAM.u_core/reg_file/result[0]
    SLICE_X8Y27          LUT6 (Prop_lut6_I2_O)        0.053    19.134 r  GEN_BRAM.u_core/reg_file/debug_alu_out_OBUF[1]_inst_i_2/O
                         net (fo=2, routed)           0.000    19.134    GEN_BRAM.u_core/alu_mux_b/load_addr_hold_reg[1]
    SLICE_X8Y27          MUXF7 (Prop_muxf7_I0_O)      0.121    19.255 r  GEN_BRAM.u_core/alu_mux_b/debug_alu_out_OBUF[1]_inst_i_1/O
                         net (fo=43, routed)          0.971    20.225    GEN_BRAM.u_core/alu_mux_b/D[0]
    SLICE_X8Y21          LUT4 (Prop_lut4_I0_O)        0.163    20.388 r  GEN_BRAM.u_core/alu_mux_b/registers_reg_r1_0_31_12_17_i_44/O
                         net (fo=1, routed)           0.472    20.860    GEN_BRAM.u_core/wb_mux/registers_reg_r1_0_31_12_17_i_12_1
    SLICE_X9Y26          LUT6 (Prop_lut6_I5_O)        0.168    21.028 r  GEN_BRAM.u_core/wb_mux/registers_reg_r1_0_31_12_17_i_26/O
                         net (fo=1, routed)           0.000    21.028    GEN_BRAM.u_core/wb_mux/registers_reg_r1_0_31_12_17_i_26_n_0
    SLICE_X9Y26          MUXF7 (Prop_muxf7_I0_O)      0.143    21.171 r  GEN_BRAM.u_core/wb_mux/registers_reg_r1_0_31_12_17_i_12/O
                         net (fo=1, routed)           0.581    21.752    GEN_BRAM.u_core/divider/wb_exec[15]
    SLICE_X8Y20          LUT6 (Prop_lut6_I5_O)        0.151    21.903 r  GEN_BRAM.u_core/divider/registers_reg_r1_0_31_12_17_i_3/O
                         net (fo=2, routed)           0.466    22.369    GEN_BRAM.u_core/reg_file/registers_reg_r2_0_31_12_17/DIB1
    SLICE_X10Y19         RAMD32                                       r  GEN_BRAM.u_core/reg_file/registers_reg_r2_0_31_12_17/RAMB_D1/I
  -------------------------------------------------------------------    -------------------

                         (clock sys_clk rise edge)   30.000    30.000 r  
    AD23                                              0.000    30.000 r  clk (IN)
                         net (fo=0)                   0.000    30.000    clk
    AD23                 IBUF (Prop_ibuf_I_O)         0.796    30.796 r  clk_IBUF_inst/O
                         net (fo=1, routed)           1.741    32.537    clk_IBUF
    BUFGCTRL_X0Y0        BUFG (Prop_bufg_I_O)         0.113    32.650 r  clk_IBUF_BUFG_inst/O
                         net (fo=350, routed)         1.535    34.185    GEN_BRAM.u_core/reg_file/registers_reg_r2_0_31_12_17/WCLK
    SLICE_X10Y19         RAMD32                                       r  GEN_BRAM.u_core/reg_file/registers_reg_r2_0_31_12_17/RAMB_D1/CLK
                         clock pessimism              0.263    34.449    
                         clock uncertainty           -0.035    34.413    
    SLICE_X10Y19         RAMD32 (Setup_ramd32_CLK_I)
                                                     -0.159    34.254    GEN_BRAM.u_core/reg_file/registers_reg_r2_0_31_12_17/RAMB_D1
  -------------------------------------------------------------------
                         required time                         34.254    
                         arrival time                         -22.369    
  -------------------------------------------------------------------
                         slack                                 11.885    

Slack (MET) :             11.892ns  (required time - arrival time)
  Source:                 GEN_BRAM.u_core/ir_reg[15]/C
                            (rising edge-triggered cell FDCE clocked by sys_clk  {rise@0.000ns fall@15.000ns period=30.000ns})
  Destination:            GEN_BRAM.u_core/dmem/mem_reg_1/DIADI[11]
                            (rising edge-triggered cell RAMB36E1 clocked by sys_clk  {rise@0.000ns fall@15.000ns period=30.000ns})
  Path Group:             sys_clk
  Path Type:              Setup (Max at Slow Process Corner)
  Requirement:            30.000ns  (sys_clk rise@30.000ns - sys_clk rise@0.000ns)
  Data Path Delay:        17.866ns  (logic 3.723ns (20.839%)  route 14.143ns (79.161%))
  Logic Levels:           25  (CARRY4=7 LUT1=1 LUT2=3 LUT3=2 LUT4=1 LUT5=3 LUT6=6 MUXF7=1 RAMD32=1)
  Clock Path Skew:        -0.002ns (DCD - SCD + CPR)
    Destination Clock Delay (DCD):    4.219ns = ( 34.219 - 30.000 ) 
    Source Clock Delay      (SCD):    4.478ns
    Clock Pessimism Removal (CPR):    0.256ns
  Clock Uncertainty:      0.035ns  ((TSJ^2 + TIJ^2)^1/2 + DJ) / 2 + PE
    Total System Jitter     (TSJ):    0.071ns
    Total Input Jitter      (TIJ):    0.000ns
    Discrete Jitter          (DJ):    0.000ns
    Phase Error              (PE):    0.000ns

    Location             Delay type                Incr(ns)  Path(ns)    Netlist Resource(s)
  -------------------------------------------------------------------    -------------------
                         (clock sys_clk rise edge)    0.000     0.000 r  
    AD23                                              0.000     0.000 r  clk (IN)
                         net (fo=0)                   0.000     0.000    clk
    AD23                 IBUF (Prop_ibuf_I_O)         0.873     0.873 r  clk_IBUF_inst/O
                         net (fo=1, routed)           1.830     2.703    clk_IBUF
    BUFGCTRL_X0Y0        BUFG (Prop_bufg_I_O)         0.120     2.823 r  clk_IBUF_BUFG_inst/O
                         net (fo=350, routed)         1.655     4.478    GEN_BRAM.u_core/clk_IBUF_BUFG
    SLICE_X10Y10         FDCE                                         r  GEN_BRAM.u_core/ir_reg[15]/C
  -------------------------------------------------------------------    -------------------
    SLICE_X10Y10         FDCE (Prop_fdce_C_Q)         0.308     4.786 r  GEN_BRAM.u_core/ir_reg[15]/Q
                         net (fo=97, routed)          1.051     5.836    GEN_BRAM.u_core/reg_file/registers_reg_r1_0_31_0_5/ADDRA0
    SLICE_X8Y14          RAMD32 (Prop_ramd32_RADR0_O)
                                                      0.066     5.902 f  GEN_BRAM.u_core/reg_file/registers_reg_r1_0_31_0_5/RAMA/O
                         net (fo=10, routed)          1.056     6.959    GEN_BRAM.u_core/alu_mux_a/dataR10[0]
    SLICE_X14Y25         LUT4 (Prop_lut4_I1_O)        0.168     7.127 r  GEN_BRAM.u_core/alu_mux_a/u_adder_i_32/O
                         net (fo=119, routed)         0.554     7.681    GEN_BRAM.u_core/alu/u_mul/u_mul/GEN_WALLACE.u_mul/result[2]_INST_0_i_7_n_0
    SLICE_X15Y17         CARRY4 (Prop_carry4_CYINIT_CO[3])
                                                      0.346     8.027 r  GEN_BRAM.u_core/alu/u_mul/u_mul/GEN_WALLACE.u_mul/result[2]_INST_0_i_6/CO[3]
                         net (fo=1, routed)           0.000     8.027    GEN_BRAM.u_core/alu/u_mul/u_mul/GEN_WALLACE.u_mul/result[2]_INST_0_i_6_n_0
    SLICE_X15Y18         CARRY4 (Prop_carry4_CI_CO[3])
                                                      0.058     8.085 r  GEN_BRAM.u_core/alu/u_mul/u_mul/GEN_WALLACE.u_mul/result[8]_INST_0_i_117/CO[3]
                         net (fo=1, routed)           0.000     8.085    GEN_BRAM.u_core/alu/u_mul/u_mul/GEN_WALLACE.u_mul/result[8]_INST_0_i_117_n_0
    SLICE_X15Y19         CARRY4 (Prop_carry4_CI_O[3])
                                                      0.179     8.264 r  GEN_BRAM.u_core/alu/u_mul/u_mul/GEN_WALLACE.u_mul/result[12]_INST_0_i_87/O[3]
                         net (fo=3, routed)           0.564     8.828    GEN_BRAM.u_core/alu/u_mul/u_mul/GEN_WALLACE.u_mul/mag_a0[12]
    SLICE_X19Y14         LUT6 (Prop_lut6_I0_O)        0.142     8.970 r  GEN_BRAM.u_core/alu/u_mul/u_mul/GEN_WALLACE.u_mul/result[16]_INST_0_i_211/O
                         net (fo=64, routed)          2.065    11.035    GEN_BRAM.u_core/alu/u_mul/u_mul/GEN_WALLACE.u_mul/mag_a[12]
    SLICE_X35Y5          LUT6 (Prop_lut6_I0_O)        0.053    11.088 r  GEN_BRAM.u_core/alu/u_mul/u_mul/GEN_WALLACE.u_mul/result[28]_INST_0_i_252/O
                         net (fo=2, routed)           0.456    11.543    GEN_BRAM.u_core/alu/u_mul/u_mul/GEN_WALLACE.u_mul/l1[7]_33[22]
    SLICE_X35Y5          LUT3 (Prop_lut3_I0_O)        0.063    11.606 r  GEN_BRAM.u_core/alu/u_mul/u_mul/GEN_WALLACE.u_mul/result[28]_INST_0_i_191/O
                         net (fo=2, routed)           0.692    12.298    GEN_BRAM.u_core/alu/u_mul/u_mul/GEN_WALLACE.u_mul/l2[4]_50[22]
    SLICE_X31Y5          LUT5 (Prop_lut5_I3_O)        0.170    12.468 r  GEN_BRAM.u_core/alu/u_mul/u_mul/GEN_WALLACE.u_mul/result[28]_INST_0_i_219/O
                         net (fo=2, routed)           0.412    12.881    GEN_BRAM.u_core/alu/u_mul/u_mul/GEN_WALLACE.u_mul/l3[2]_3[22]
    SLICE_X28Y5          LUT5 (Prop_lut5_I4_O)        0.053    12.934 r  GEN_BRAM.u_core/alu/u_mul/u_mul/GEN_WALLACE.u_mul/result[24]_INST_0_i_63/O
                         net (fo=3, routed)           0.822    13.756    GEN_BRAM.u_core/alu/u_mul/u_mul/GEN_WALLACE.u_mul/l4[0]_5[22]
    SLICE_X23Y5          LUT5 (Prop_lut5_I2_O)        0.063    13.819 r  GEN_BRAM.u_core/alu/u_mul/u_mul/GEN_WALLACE.u_mul/result[24]_INST_0_i_35/O
                         net (fo=3, routed)           0.519    14.338    GEN_BRAM.u_core/alu/u_mul/u_mul/GEN_WALLACE.u_mul/l6[0]_23[22]
    SLICE_X23Y7          LUT3 (Prop_lut3_I0_O)        0.170    14.508 r  GEN_BRAM.u_core/alu/u_mul/u_mul/GEN_WALLACE.u_mul/result[24]_INST_0_i_25/O
                         net (fo=2, routed)           0.937    15.445    GEN_BRAM.u_core/alu/u_mul/u_mul/GEN_WALLACE.u_mul/l7[1]_25[23]
    SLICE_X26Y7          LUT2 (Prop_lut2_I0_O)        0.065    15.510 r  GEN_BRAM.u_core/alu/u_mul/u_mul/GEN_WALLACE.u_mul/result[24]_INST_0_i_5/O
                         net (fo=1, routed)           0.422    15.932    GEN_BRAM.u_core/alu/u_mul/u_mul/GEN_WALLACE.u_mul/final_a[23]
    SLICE_X25Y7          CARRY4 (Prop_carry4_DI[2]_CO[3])
                                                      0.354    16.286 r  GEN_BRAM.u_core/alu/u_mul/u_mul/GEN_WALLACE.u_mul/result[24]_INST_0_i_1/CO[3]
                         net (fo=1, routed)           0.000    16.286    GEN_BRAM.u_core/alu/u_mul/u_mul/GEN_WALLACE.u_mul/result[24]_INST_0_i_1_n_0
    SLICE_X25Y8          CARRY4 (Prop_carry4_CI_O[2])
                                                      0.136    16.422 f  GEN_BRAM.u_core/alu/u_mul/u_mul/GEN_WALLACE.u_mul/result[28]_INST_0_i_1/O[2]
                         net (fo=2, routed)           0.464    16.886    GEN_BRAM.u_core/alu/u_mul/u_mul/GEN_WALLACE.u_mul/unsigned_product[27]
    SLICE_X24Y8          LUT1 (Prop_lut1_I0_O)        0.152    17.038 r  GEN_BRAM.u_core/alu/u_mul/u_mul/GEN_WALLACE.u_mul/result[0]_INST_0_i_9/O
                         net (fo=1, routed)           0.000    17.038    GEN_BRAM.u_core/alu/u_mul/u_mul/GEN_WALLACE.u_mul/p_0_in[27]
    SLICE_X24Y8          CARRY4 (Prop_carry4_S[2]_CO[3])
                                                      0.235    17.273 r  GEN_BRAM.u_core/alu/u_mul/u_mul/GEN_WALLACE.u_mul/result[0]_INST_0_i_2/CO[3]
                         net (fo=1, routed)           0.000    17.273    GEN_BRAM.u_core/alu/u_mul/u_mul/GEN_WALLACE.u_mul/result[0]_INST_0_i_2_n_0
    SLICE_X24Y9          CARRY4 (Prop_carry4_CI_O[3])
                                                      0.179    17.452 r  GEN_BRAM.u_core/alu/u_mul/u_mul/GEN_WALLACE.u_mul/result[0]_INST_0_i_1/O[3]
                         net (fo=1, routed)           0.383    17.834    GEN_BRAM.u_core/alu/u_mul/u_mul/GEN_WALLACE.u_mul/signed_product0[32]
    SLICE_X22Y10         LUT6 (Prop_lut6_I5_O)        0.142    17.976 r  GEN_BRAM.u_core/alu/u_mul/u_mul/GEN_WALLACE.u_mul/result[0]_INST_0/O
                         net (fo=1, routed)           0.730    18.707    GEN_BRAM.u_core/alu/mul_result[0]
    SLICE_X21Y24         LUT6 (Prop_lut6_I0_O)        0.053    18.760 r  GEN_BRAM.u_core/alu/debug_alu_out_OBUF[0]_inst_i_11/O
                         net (fo=1, routed)           0.000    18.760    GEN_BRAM.u_core/alu/debug_alu_out_OBUF[0]_inst_i_11_n_0
    SLICE_X21Y24         MUXF7 (Prop_muxf7_I1_O)      0.129    18.889 r  GEN_BRAM.u_core/alu/debug_alu_out_OBUF[0]_inst_i_4/O
                         net (fo=1, routed)           0.384    19.272    GEN_BRAM.u_core/alu/debug_alu_out_OBUF[0]_inst_i_4_n_0
    SLICE_X16Y25         LUT6 (Prop_lut6_I5_O)        0.153    19.425 r  GEN_BRAM.u_core/alu/debug_alu_out_OBUF[0]_inst_i_1/O
                         net (fo=11, routed)          0.910    20.335    GEN_BRAM.u_core/alu/D[0]
    SLICE_X11Y12         LUT2 (Prop_lut2_I1_O)        0.053    20.388 f  GEN_BRAM.u_core/alu/mem_reg_0_i_37/O
                         net (fo=26, routed)          0.916    21.304    GEN_BRAM.u_core/alu_mux_b/mem_reg_1_0
    SLICE_X14Y16         LUT2 (Prop_lut2_I1_O)        0.065    21.369 r  GEN_BRAM.u_core/alu_mux_b/mem_reg_1_i_21/O
                         net (fo=8, routed)           0.297    21.666    GEN_BRAM.u_core/reg_file/mem_reg_1_3
    SLICE_X17Y17         LUT6 (Prop_lut6_I2_O)        0.168    21.834 r  GEN_BRAM.u_core/reg_file/mem_reg_1_i_5/O
                         net (fo=1, routed)           0.509    22.344    GEN_BRAM.u_core/dmem/wdata[27]
    RAMB36_X0Y3          RAMB36E1                                     r  GEN_BRAM.u_core/dmem/mem_reg_1/DIADI[11]
  -------------------------------------------------------------------    -------------------

                         (clock sys_clk rise edge)   30.000    30.000 r  
    AD23                                              0.000    30.000 r  clk (IN)
                         net (fo=0)                   0.000    30.000    clk
    AD23                 IBUF (Prop_ibuf_I_O)         0.796    30.796 r  clk_IBUF_inst/O
                         net (fo=1, routed)           1.741    32.537    clk_IBUF
    BUFGCTRL_X0Y0        BUFG (Prop_bufg_I_O)         0.113    32.650 r  clk_IBUF_BUFG_inst/O
                         net (fo=350, routed)         1.569    34.219    GEN_BRAM.u_core/dmem/clk_IBUF_BUFG
    RAMB36_X0Y3          RAMB36E1                                     r  GEN_BRAM.u_core/dmem/mem_reg_1/CLKARDCLK
                         clock pessimism              0.256    34.475    
                         clock uncertainty           -0.035    34.440    
    RAMB36_X0Y3          RAMB36E1 (Setup_ramb36e1_CLKARDCLK_DIADI[11])
                                                     -0.204    34.236    GEN_BRAM.u_core/dmem/mem_reg_1
  -------------------------------------------------------------------
                         required time                         34.236    
                         arrival time                         -22.344    
  -------------------------------------------------------------------
                         slack                                 11.892    

Slack (MET) :             11.902ns  (required time - arrival time)
  Source:                 GEN_BRAM.u_core/ir_reg[15]/C
                            (rising edge-triggered cell FDCE clocked by sys_clk  {rise@0.000ns fall@15.000ns period=30.000ns})
  Destination:            GEN_BRAM.u_core/dmem/mem_reg_1/DIADI[8]
                            (rising edge-triggered cell RAMB36E1 clocked by sys_clk  {rise@0.000ns fall@15.000ns period=30.000ns})
  Path Group:             sys_clk
  Path Type:              Setup (Max at Slow Process Corner)
  Requirement:            30.000ns  (sys_clk rise@30.000ns - sys_clk rise@0.000ns)
  Data Path Delay:        17.856ns  (logic 3.723ns (20.850%)  route 14.133ns (79.150%))
  Logic Levels:           25  (CARRY4=7 LUT1=1 LUT2=3 LUT3=2 LUT4=1 LUT5=3 LUT6=6 MUXF7=1 RAMD32=1)
  Clock Path Skew:        -0.002ns (DCD - SCD + CPR)
    Destination Clock Delay (DCD):    4.219ns = ( 34.219 - 30.000 ) 
    Source Clock Delay      (SCD):    4.478ns
    Clock Pessimism Removal (CPR):    0.256ns
  Clock Uncertainty:      0.035ns  ((TSJ^2 + TIJ^2)^1/2 + DJ) / 2 + PE
    Total System Jitter     (TSJ):    0.071ns
    Total Input Jitter      (TIJ):    0.000ns
    Discrete Jitter          (DJ):    0.000ns
    Phase Error              (PE):    0.000ns

    Location             Delay type                Incr(ns)  Path(ns)    Netlist Resource(s)
  -------------------------------------------------------------------    -------------------
                         (clock sys_clk rise edge)    0.000     0.000 r  
    AD23                                              0.000     0.000 r  clk (IN)
                         net (fo=0)                   0.000     0.000    clk
    AD23                 IBUF (Prop_ibuf_I_O)         0.873     0.873 r  clk_IBUF_inst/O
                         net (fo=1, routed)           1.830     2.703    clk_IBUF
    BUFGCTRL_X0Y0        BUFG (Prop_bufg_I_O)         0.120     2.823 r  clk_IBUF_BUFG_inst/O
                         net (fo=350, routed)         1.655     4.478    GEN_BRAM.u_core/clk_IBUF_BUFG
    SLICE_X10Y10         FDCE                                         r  GEN_BRAM.u_core/ir_reg[15]/C
  -------------------------------------------------------------------    -------------------
    SLICE_X10Y10         FDCE (Prop_fdce_C_Q)         0.308     4.786 r  GEN_BRAM.u_core/ir_reg[15]/Q
                         net (fo=97, routed)          1.051     5.836    GEN_BRAM.u_core/reg_file/registers_reg_r1_0_31_0_5/ADDRA0
    SLICE_X8Y14          RAMD32 (Prop_ramd32_RADR0_O)
                                                      0.066     5.902 f  GEN_BRAM.u_core/reg_file/registers_reg_r1_0_31_0_5/RAMA/O
                         net (fo=10, routed)          1.056     6.959    GEN_BRAM.u_core/alu_mux_a/dataR10[0]
    SLICE_X14Y25         LUT4 (Prop_lut4_I1_O)        0.168     7.127 r  GEN_BRAM.u_core/alu_mux_a/u_adder_i_32/O
                         net (fo=119, routed)         0.554     7.681    GEN_BRAM.u_core/alu/u_mul/u_mul/GEN_WALLACE.u_mul/result[2]_INST_0_i_7_n_0
    SLICE_X15Y17         CARRY4 (Prop_carry4_CYINIT_CO[3])
                                                      0.346     8.027 r  GEN_BRAM.u_core/alu/u_mul/u_mul/GEN_WALLACE.u_mul/result[2]_INST_0_i_6/CO[3]
                         net (fo=1, routed)           0.000     8.027    GEN_BRAM.u_core/alu/u_mul/u_mul/GEN_WALLACE.u_mul/result[2]_INST_0_i_6_n_0
    SLICE_X15Y18         CARRY4 (Prop_carry4_CI_CO[3])
                                                      0.058     8.085 r  GEN_BRAM.u_core/alu/u_mul/u_mul/GEN_WALLACE.u_mul/result[8]_INST_0_i_117/CO[3]
                         net (fo=1, routed)           0.000     8.085    GEN_BRAM.u_core/alu/u_mul/u_mul/GEN_WALLACE.u_mul/result[8]_INST_0_i_117_n_0
    SLICE_X15Y19         CARRY4 (Prop_carry4_CI_O[3])
                                                      0.179     8.264 r  GEN_BRAM.u_core/alu/u_mul/u_mul/GEN_WALLACE.u_mul/result[12]_INST_0_i_87/O[3]
                         net (fo=3, routed)           0.564     8.828    GEN_BRAM.u_core/alu/u_mul/u_mul/GEN_WALLACE.u_mul/mag_a0[12]
    SLICE_X19Y14         LUT6 (Prop_lut6_I0_O)        0.142     8.970 r  GEN_BRAM.u_core/alu/u_mul/u_mul/GEN_WALLACE.u_mul/result[16]_INST_0_i_211/O
                         net (fo=64, routed)          2.065    11.035    GEN_BRAM.u_core/alu/u_mul/u_mul/GEN_WALLACE.u_mul/mag_a[12]
    SLICE_X35Y5          LUT6 (Prop_lut6_I0_O)        0.053    11.088 r  GEN_BRAM.u_core/alu/u_mul/u_mul/GEN_WALLACE.u_mul/result[28]_INST_0_i_252/O
                         net (fo=2, routed)           0.456    11.543    GEN_BRAM.u_core/alu/u_mul/u_mul/GEN_WALLACE.u_mul/l1[7]_33[22]
    SLICE_X35Y5          LUT3 (Prop_lut3_I0_O)        0.063    11.606 r  GEN_BRAM.u_core/alu/u_mul/u_mul/GEN_WALLACE.u_mul/result[28]_INST_0_i_191/O
                         net (fo=2, routed)           0.692    12.298    GEN_BRAM.u_core/alu/u_mul/u_mul/GEN_WALLACE.u_mul/l2[4]_50[22]
    SLICE_X31Y5          LUT5 (Prop_lut5_I3_O)        0.170    12.468 r  GEN_BRAM.u_core/alu/u_mul/u_mul/GEN_WALLACE.u_mul/result[28]_INST_0_i_219/O
                         net (fo=2, routed)           0.412    12.881    GEN_BRAM.u_core/alu/u_mul/u_mul/GEN_WALLACE.u_mul/l3[2]_3[22]
    SLICE_X28Y5          LUT5 (Prop_lut5_I4_O)        0.053    12.934 r  GEN_BRAM.u_core/alu/u_mul/u_mul/GEN_WALLACE.u_mul/result[24]_INST_0_i_63/O
                         net (fo=3, routed)           0.822    13.756    GEN_BRAM.u_core/alu/u_mul/u_mul/GEN_WALLACE.u_mul/l4[0]_5[22]
    SLICE_X23Y5          LUT5 (Prop_lut5_I2_O)        0.063    13.819 r  GEN_BRAM.u_core/alu/u_mul/u_mul/GEN_WALLACE.u_mul/result[24]_INST_0_i_35/O
                         net (fo=3, routed)           0.519    14.338    GEN_BRAM.u_core/alu/u_mul/u_mul/GEN_WALLACE.u_mul/l6[0]_23[22]
    SLICE_X23Y7          LUT3 (Prop_lut3_I0_O)        0.170    14.508 r  GEN_BRAM.u_core/alu/u_mul/u_mul/GEN_WALLACE.u_mul/result[24]_INST_0_i_25/O
                         net (fo=2, routed)           0.937    15.445    GEN_BRAM.u_core/alu/u_mul/u_mul/GEN_WALLACE.u_mul/l7[1]_25[23]
    SLICE_X26Y7          LUT2 (Prop_lut2_I0_O)        0.065    15.510 r  GEN_BRAM.u_core/alu/u_mul/u_mul/GEN_WALLACE.u_mul/result[24]_INST_0_i_5/O
                         net (fo=1, routed)           0.422    15.932    GEN_BRAM.u_core/alu/u_mul/u_mul/GEN_WALLACE.u_mul/final_a[23]
    SLICE_X25Y7          CARRY4 (Prop_carry4_DI[2]_CO[3])
                                                      0.354    16.286 r  GEN_BRAM.u_core/alu/u_mul/u_mul/GEN_WALLACE.u_mul/result[24]_INST_0_i_1/CO[3]
                         net (fo=1, routed)           0.000    16.286    GEN_BRAM.u_core/alu/u_mul/u_mul/GEN_WALLACE.u_mul/result[24]_INST_0_i_1_n_0
    SLICE_X25Y8          CARRY4 (Prop_carry4_CI_O[2])
                                                      0.136    16.422 f  GEN_BRAM.u_core/alu/u_mul/u_mul/GEN_WALLACE.u_mul/result[28]_INST_0_i_1/O[2]
                         net (fo=2, routed)           0.464    16.886    GEN_BRAM.u_core/alu/u_mul/u_mul/GEN_WALLACE.u_mul/unsigned_product[27]
    SLICE_X24Y8          LUT1 (Prop_lut1_I0_O)        0.152    17.038 r  GEN_BRAM.u_core/alu/u_mul/u_mul/GEN_WALLACE.u_mul/result[0]_INST_0_i_9/O
                         net (fo=1, routed)           0.000    17.038    GEN_BRAM.u_core/alu/u_mul/u_mul/GEN_WALLACE.u_mul/p_0_in[27]
    SLICE_X24Y8          CARRY4 (Prop_carry4_S[2]_CO[3])
                                                      0.235    17.273 r  GEN_BRAM.u_core/alu/u_mul/u_mul/GEN_WALLACE.u_mul/result[0]_INST_0_i_2/CO[3]
                         net (fo=1, routed)           0.000    17.273    GEN_BRAM.u_core/alu/u_mul/u_mul/GEN_WALLACE.u_mul/result[0]_INST_0_i_2_n_0
    SLICE_X24Y9          CARRY4 (Prop_carry4_CI_O[3])
                                                      0.179    17.452 r  GEN_BRAM.u_core/alu/u_mul/u_mul/GEN_WALLACE.u_mul/result[0]_INST_0_i_1/O[3]
                         net (fo=1, routed)           0.383    17.834    GEN_BRAM.u_core/alu/u_mul/u_mul/GEN_WALLACE.u_mul/signed_product0[32]
    SLICE_X22Y10         LUT6 (Prop_lut6_I5_O)        0.142    17.976 r  GEN_BRAM.u_core/alu/u_mul/u_mul/GEN_WALLACE.u_mul/result[0]_INST_0/O
                         net (fo=1, routed)           0.730    18.707    GEN_BRAM.u_core/alu/mul_result[0]
    SLICE_X21Y24         LUT6 (Prop_lut6_I0_O)        0.053    18.760 r  GEN_BRAM.u_core/alu/debug_alu_out_OBUF[0]_inst_i_11/O
                         net (fo=1, routed)           0.000    18.760    GEN_BRAM.u_core/alu/debug_alu_out_OBUF[0]_inst_i_11_n_0
    SLICE_X21Y24         MUXF7 (Prop_muxf7_I1_O)      0.129    18.889 r  GEN_BRAM.u_core/alu/debug_alu_out_OBUF[0]_inst_i_4/O
                         net (fo=1, routed)           0.384    19.272    GEN_BRAM.u_core/alu/debug_alu_out_OBUF[0]_inst_i_4_n_0
    SLICE_X16Y25         LUT6 (Prop_lut6_I5_O)        0.153    19.425 r  GEN_BRAM.u_core/alu/debug_alu_out_OBUF[0]_inst_i_1/O
                         net (fo=11, routed)          0.910    20.335    GEN_BRAM.u_core/alu/D[0]
    SLICE_X11Y12         LUT2 (Prop_lut2_I1_O)        0.053    20.388 f  GEN_BRAM.u_core/alu/mem_reg_0_i_37/O
                         net (fo=26, routed)          0.916    21.304    GEN_BRAM.u_core/alu_mux_b/mem_reg_1_0
    SLICE_X14Y16         LUT2 (Prop_lut2_I1_O)        0.065    21.369 r  GEN_BRAM.u_core/alu_mux_b/mem_reg_1_i_21/O
                         net (fo=8, routed)           0.403    21.772    GEN_BRAM.u_core/reg_file/mem_reg_1_3
    SLICE_X17Y16         LUT6 (Prop_lut6_I2_O)        0.168    21.940 r  GEN_BRAM.u_core/reg_file/mem_reg_1_i_8/O
                         net (fo=1, routed)           0.394    22.334    GEN_BRAM.u_core/dmem/wdata[24]
    RAMB36_X0Y3          RAMB36E1                                     r  GEN_BRAM.u_core/dmem/mem_reg_1/DIADI[8]
  -------------------------------------------------------------------    -------------------

                         (clock sys_clk rise edge)   30.000    30.000 r  
    AD23                                              0.000    30.000 r  clk (IN)
                         net (fo=0)                   0.000    30.000    clk
    AD23                 IBUF (Prop_ibuf_I_O)         0.796    30.796 r  clk_IBUF_inst/O
                         net (fo=1, routed)           1.741    32.537    clk_IBUF
    BUFGCTRL_X0Y0        BUFG (Prop_bufg_I_O)         0.113    32.650 r  clk_IBUF_BUFG_inst/O
                         net (fo=350, routed)         1.569    34.219    GEN_BRAM.u_core/dmem/clk_IBUF_BUFG
    RAMB36_X0Y3          RAMB36E1                                     r  GEN_BRAM.u_core/dmem/mem_reg_1/CLKARDCLK
                         clock pessimism              0.256    34.475    
                         clock uncertainty           -0.035    34.440    
    RAMB36_X0Y3          RAMB36E1 (Setup_ramb36e1_CLKARDCLK_DIADI[8])
                                                     -0.204    34.236    GEN_BRAM.u_core/dmem/mem_reg_1
  -------------------------------------------------------------------
                         required time                         34.236    
                         arrival time                         -22.334    
  -------------------------------------------------------------------
                         slack                                 11.902    





Pulse Width Checks
--------------------------------------------------------------------------------------
Clock Name:         sys_clk
Waveform(ns):       { 0.000 15.000 }
Period(ns):         30.000
Sources:            { clk }

Check Type        Corner  Lib Pin             Reference Pin  Required(ns)  Actual(ns)  Slack(ns)  Location       Pin
Min Period        n/a     RAMB36E1/CLKARDCLK  n/a            2.495         30.000      27.505     RAMB36_X0Y2    GEN_BRAM.u_core/dmem/mem_reg_0/CLKARDCLK
Min Period        n/a     RAMB36E1/CLKARDCLK  n/a            2.495         30.000      27.505     RAMB36_X0Y3    GEN_BRAM.u_core/dmem/mem_reg_1/CLKARDCLK
Min Period        n/a     RAMB36E1/CLKBWRCLK  n/a            2.183         30.000      27.817     RAMB36_X0Y2    GEN_BRAM.u_core/dmem/mem_reg_0/CLKBWRCLK
Min Period        n/a     RAMB36E1/CLKBWRCLK  n/a            2.183         30.000      27.817     RAMB36_X0Y3    GEN_BRAM.u_core/dmem/mem_reg_1/CLKBWRCLK
Min Period        n/a     RAMB36E1/CLKARDCLK  n/a            2.183         30.000      27.817     RAMB36_X0Y1    GEN_BRAM.u_core/imem/data_out_reg_0/CLKARDCLK
Min Period        n/a     RAMB36E1/CLKARDCLK  n/a            2.183         30.000      27.817     RAMB36_X0Y0    GEN_BRAM.u_core/imem/data_out_reg_1/CLKARDCLK
Min Period        n/a     BUFG/I              n/a            1.600         30.000      28.400     BUFGCTRL_X0Y0  clk_IBUF_BUFG_inst/I
Min Period        n/a     FDPE/C              n/a            0.750         30.000      29.250     SLICE_X9Y9     GEN_BRAM.u_core/ir_reg[1]/C
Min Period        n/a     FDPE/C              n/a            0.750         30.000      29.250     SLICE_X9Y9     GEN_BRAM.u_core/ir_reg[1]_lopt_replica/C
Min Period        n/a     FDPE/C              n/a            0.750         30.000      29.250     SLICE_X9Y9     GEN_BRAM.u_core/ir_reg[1]_lopt_replica_2/C
Min Period        n/a     FDCE/C              n/a            0.750         30.000      29.250     SLICE_X11Y10   GEN_BRAM.u_core/ir_reg[20]/C
Min Period        n/a     FDCE/C              n/a            0.750         30.000      29.250     SLICE_X11Y10   GEN_BRAM.u_core/ir_reg[20]_lopt_replica/C
Min Period        n/a     FDCE/C              n/a            0.750         30.000      29.250     SLICE_X10Y11   GEN_BRAM.u_core/ir_reg[24]/C
Min Period        n/a     FDCE/C              n/a            0.750         30.000      29.250     SLICE_X10Y11   GEN_BRAM.u_core/ir_reg[24]_lopt_replica/C
Min Period        n/a     FDCE/C              n/a            0.750         30.000      29.250     SLICE_X10Y10   GEN_BRAM.u_core/ir_reg[30]/C
Min Period        n/a     FDCE/C              n/a            0.750         30.000      29.250     SLICE_X10Y10   GEN_BRAM.u_core/ir_reg[30]_lopt_replica/C
Min Period        n/a     FDCE/C              n/a            0.750         30.000      29.250     SLICE_X10Y10   GEN_BRAM.u_core/ir_reg[3]/C
Min Period        n/a     FDCE/C              n/a            0.750         30.000      29.250     SLICE_X10Y10   GEN_BRAM.u_core/ir_reg[3]_lopt_replica/C
Min Period        n/a     FDCE/C              n/a            0.750         30.000      29.250     SLICE_X8Y9     GEN_BRAM.u_core/ir_reg[5]/C
Min Period        n/a     FDCE/C              n/a            0.750         30.000      29.250     SLICE_X8Y9     GEN_BRAM.u_core/ir_reg[5]_lopt_replica/C
Low Pulse Width   Slow    RAMD32/CLK          n/a            0.910         15.000      14.090     SLICE_X8Y14    GEN_BRAM.u_core/reg_file/registers_reg_r1_0_31_0_5/RAMA/CLK
Low Pulse Width   Fast    RAMD32/CLK          n/a            0.910         15.000      14.090     SLICE_X8Y14    GEN_BRAM.u_core/reg_file/registers_reg_r1_0_31_0_5/RAMA/CLK
Low Pulse Width   Slow    RAMD32/CLK          n/a            0.910         15.000      14.090     SLICE_X8Y14    GEN_BRAM.u_core/reg_file/registers_reg_r1_0_31_0_5/RAMA_D1/CLK
Low Pulse Width   Fast    RAMD32/CLK          n/a            0.910         15.000      14.090     SLICE_X8Y14    GEN_BRAM.u_core/reg_file/registers_reg_r1_0_31_0_5/RAMA_D1/CLK
Low Pulse Width   Slow    RAMD32/CLK          n/a            0.910         15.000      14.090     SLICE_X8Y14    GEN_BRAM.u_core/reg_file/registers_reg_r1_0_31_0_5/RAMB/CLK
Low Pulse Width   Fast    RAMD32/CLK          n/a            0.910         15.000      14.090     SLICE_X8Y14    GEN_BRAM.u_core/reg_file/registers_reg_r1_0_31_0_5/RAMB/CLK
Low Pulse Width   Slow    RAMD32/CLK          n/a            0.910         15.000      14.090     SLICE_X8Y14    GEN_BRAM.u_core/reg_file/registers_reg_r1_0_31_0_5/RAMB_D1/CLK
Low Pulse Width   Fast    RAMD32/CLK          n/a            0.910         15.000      14.090     SLICE_X8Y14    GEN_BRAM.u_core/reg_file/registers_reg_r1_0_31_0_5/RAMB_D1/CLK
Low Pulse Width   Slow    RAMD32/CLK          n/a            0.910         15.000      14.090     SLICE_X8Y14    GEN_BRAM.u_core/reg_file/registers_reg_r1_0_31_0_5/RAMC/CLK
Low Pulse Width   Fast    RAMD32/CLK          n/a            0.910         15.000      14.090     SLICE_X8Y14    GEN_BRAM.u_core/reg_file/registers_reg_r1_0_31_0_5/RAMC/CLK
Low Pulse Width   Slow    RAMD32/CLK          n/a            0.910         15.000      14.090     SLICE_X8Y14    GEN_BRAM.u_core/reg_file/registers_reg_r1_0_31_0_5/RAMC_D1/CLK
Low Pulse Width   Fast    RAMD32/CLK          n/a            0.910         15.000      14.090     SLICE_X8Y14    GEN_BRAM.u_core/reg_file/registers_reg_r1_0_31_0_5/RAMC_D1/CLK
Low Pulse Width   Slow    RAMS32/CLK          n/a            0.910         15.000      14.090     SLICE_X8Y14    GEN_BRAM.u_core/reg_file/registers_reg_r1_0_31_0_5/RAMD/CLK
Low Pulse Width   Fast    RAMS32/CLK          n/a            0.910         15.000      14.090     SLICE_X8Y14    GEN_BRAM.u_core/reg_file/registers_reg_r1_0_31_0_5/RAMD/CLK
Low Pulse Width   Slow    RAMS32/CLK          n/a            0.910         15.000      14.090     SLICE_X8Y14    GEN_BRAM.u_core/reg_file/registers_reg_r1_0_31_0_5/RAMD_D1/CLK
Low Pulse Width   Fast    RAMS32/CLK          n/a            0.910         15.000      14.090     SLICE_X8Y14    GEN_BRAM.u_core/reg_file/registers_reg_r1_0_31_0_5/RAMD_D1/CLK
Low Pulse Width   Slow    RAMD32/CLK          n/a            0.910         15.000      14.090     SLICE_X10Y20   GEN_BRAM.u_core/reg_file/registers_reg_r1_0_31_12_17/RAMA/CLK
Low Pulse Width   Fast    RAMD32/CLK          n/a            0.910         15.000      14.090     SLICE_X10Y20   GEN_BRAM.u_core/reg_file/registers_reg_r1_0_31_12_17/RAMA/CLK
Low Pulse Width   Slow    RAMD32/CLK          n/a            0.910         15.000      14.090     SLICE_X10Y20   GEN_BRAM.u_core/reg_file/registers_reg_r1_0_31_12_17/RAMA_D1/CLK
Low Pulse Width   Fast    RAMD32/CLK          n/a            0.910         15.000      14.090     SLICE_X10Y20   GEN_BRAM.u_core/reg_file/registers_reg_r1_0_31_12_17/RAMA_D1/CLK
High Pulse Width  Slow    RAMD32/CLK          n/a            0.910         15.000      14.090     SLICE_X8Y14    GEN_BRAM.u_core/reg_file/registers_reg_r1_0_31_0_5/RAMA/CLK
High Pulse Width  Fast    RAMD32/CLK          n/a            0.910         15.000      14.090     SLICE_X8Y14    GEN_BRAM.u_core/reg_file/registers_reg_r1_0_31_0_5/RAMA/CLK
High Pulse Width  Slow    RAMD32/CLK          n/a            0.910         15.000      14.090     SLICE_X8Y14    GEN_BRAM.u_core/reg_file/registers_reg_r1_0_31_0_5/RAMA_D1/CLK
High Pulse Width  Fast    RAMD32/CLK          n/a            0.910         15.000      14.090     SLICE_X8Y14    GEN_BRAM.u_core/reg_file/registers_reg_r1_0_31_0_5/RAMA_D1/CLK
High Pulse Width  Slow    RAMD32/CLK          n/a            0.910         15.000      14.090     SLICE_X8Y14    GEN_BRAM.u_core/reg_file/registers_reg_r1_0_31_0_5/RAMB/CLK
High Pulse Width  Fast    RAMD32/CLK          n/a            0.910         15.000      14.090     SLICE_X8Y14    GEN_BRAM.u_core/reg_file/registers_reg_r1_0_31_0_5/RAMB/CLK
High Pulse Width  Slow    RAMD32/CLK          n/a            0.910         15.000      14.090     SLICE_X8Y14    GEN_BRAM.u_core/reg_file/registers_reg_r1_0_31_0_5/RAMB_D1/CLK
High Pulse Width  Fast    RAMD32/CLK          n/a            0.910         15.000      14.090     SLICE_X8Y14    GEN_BRAM.u_core/reg_file/registers_reg_r1_0_31_0_5/RAMB_D1/CLK
High Pulse Width  Slow    RAMD32/CLK          n/a            0.910         15.000      14.090     SLICE_X8Y14    GEN_BRAM.u_core/reg_file/registers_reg_r1_0_31_0_5/RAMC/CLK
High Pulse Width  Fast    RAMD32/CLK          n/a            0.910         15.000      14.090     SLICE_X8Y14    GEN_BRAM.u_core/reg_file/registers_reg_r1_0_31_0_5/RAMC/CLK
High Pulse Width  Slow    RAMD32/CLK          n/a            0.910         15.000      14.090     SLICE_X8Y14    GEN_BRAM.u_core/reg_file/registers_reg_r1_0_31_0_5/RAMC_D1/CLK
High Pulse Width  Fast    RAMD32/CLK          n/a            0.910         15.000      14.090     SLICE_X8Y14    GEN_BRAM.u_core/reg_file/registers_reg_r1_0_31_0_5/RAMC_D1/CLK
High Pulse Width  Slow    RAMS32/CLK          n/a            0.910         15.000      14.090     SLICE_X8Y14    GEN_BRAM.u_core/reg_file/registers_reg_r1_0_31_0_5/RAMD/CLK
High Pulse Width  Fast    RAMS32/CLK          n/a            0.910         15.000      14.090     SLICE_X8Y14    GEN_BRAM.u_core/reg_file/registers_reg_r1_0_31_0_5/RAMD/CLK
High Pulse Width  Slow    RAMS32/CLK          n/a            0.910         15.000      14.090     SLICE_X8Y14    GEN_BRAM.u_core/reg_file/registers_reg_r1_0_31_0_5/RAMD_D1/CLK
High Pulse Width  Fast    RAMS32/CLK          n/a            0.910         15.000      14.090     SLICE_X8Y14    GEN_BRAM.u_core/reg_file/registers_reg_r1_0_31_0_5/RAMD_D1/CLK
High Pulse Width  Slow    RAMD32/CLK          n/a            0.910         15.000      14.090     SLICE_X10Y20   GEN_BRAM.u_core/reg_file/registers_reg_r1_0_31_12_17/RAMA/CLK
High Pulse Width  Fast    RAMD32/CLK          n/a            0.910         15.000      14.090     SLICE_X10Y20   GEN_BRAM.u_core/reg_file/registers_reg_r1_0_31_12_17/RAMA/CLK
High Pulse Width  Slow    RAMD32/CLK          n/a            0.910         15.000      14.090     SLICE_X10Y20   GEN_BRAM.u_core/reg_file/registers_reg_r1_0_31_12_17/RAMA_D1/CLK
High Pulse Width  Fast    RAMD32/CLK          n/a            0.910         15.000      14.090     SLICE_X10Y20   GEN_BRAM.u_core/reg_file/registers_reg_r1_0_31_12_17/RAMA_D1/CLK



